open_time,datetime,open,high,low,close,volume,close_time,quote_volume,trades,taker_buy_base,taker_buy_quote
1722038400000,2024-07-27 00:00:00,580.90000000,592.80000000,572.60000000,581.60000000,184468.85500000,1722124799999,107622930.32550000,229095,90689.81400000,52929207.66310000
1722124800000,2024-07-28 00:00:00,581.60000000,584.90000000,574.50000000,583.90000000,92606.64200000,1722211199999,53762708.78600000,131654,45934.88200000,26669496.37250000
1722211200000,2024-07-29 00:00:00,583.90000000,598.00000000,572.20000000,574.30000000,213824.08900000,1722297599999,125254349.94330000,303558,104271.08500000,61157594.76120000
1722297600000,2024-07-30 00:00:00,574.30000000,588.30000000,566.60000000,588.20000000,165024.41300000,1722383999999,94752452.14390000,288160,82571.95200000,47456719.21000000
1722384000000,2024-07-31 00:00:00,588.10000000,592.90000000,574.70000000,576.50000000,194701.72300000,1722470399999,113838698.84110000,297654,93988.40700000,54989504.62380000
1722470400000,2024-08-01 00:00:00,576.50000000,578.00000000,553.70000000,575.10000000,280418.86500000,1722556799999,158920157.63530000,463264,129509.12200000,73374507.30180000
1722556800000,2024-08-02 00:00:00,575.20000000,577.60000000,540.20000000,542.90000000,283605.00100000,1722643199999,158973647.91000000,431920,128684.10700000,72122137.08590000
1722643200000,2024-08-03 00:00:00,542.90000000,545.30000000,521.30000000,529.60000000,245777.52500000,1722729599999,131076763.63820000,376792,113448.99700000,60513581.02460000
1722729600000,2024-08-04 00:00:00,529.70000000,532.20000000,486.50000000,496.90000000,390238.28500000,1722815999999,198331072.87140000,521749,180912.74200000,91921638.99260000
1722816000000,2024-08-05 00:00:00,496.90000000,499.90000000,400.00000000,464.20000000,2114679.75000000,1722902399999,936709946.27170000,1999683,991325.44300000,439439578.56400000
1722902400000,2024-08-06 00:00:00,464.30000000,494.40000000,463.50000000,484.80000000,458815.00700000,1722988799999,221910821.61030000,588215,228954.24400000,110735193.22770000
1722988800000,2024-08-07 00:00:00,484.90000000,497.70000000,468.10000000,475.00000000,322182.48700000,1723075199999,155878721.24770000,490829,155038.70900000,75075556.43660000
1723075200000,2024-08-08 00:00:00,475.00000000,521.70000000,467.50000000,517.10000000,286744.60800000,1723161599999,142644959.03290000,396134,153399.82400000,76408441.51650000
1723161600000,2024-08-09 00:00:00,517.20000000,518.40000000,498.70000000,508.70000000,195125.10600000,1723247999999,99252951.01510000,300036,87638.31600000,44592603.03840000
1723248000000,2024-08-10 00:00:00,508.70000000,525.40000000,507.20000000,523.10000000,126212.23800000,1723334399999,65106264.40610000,188096,69339.07400000,35767820.31780000
1723334400000,2024-08-11 00:00:00,523.20000000,535.80000000,502.30000000,503.40000000,206038.71400000,1723420799999,107396614.40000000,327297,98236.25100000,51266008.83940000
1723420800000,2024-08-12 00:00:00,503.50000000,524.00000000,499.20000000,518.20000000,285951.34700000,1723507199999,146276671.41020000,434495,146689.81700000,75094982.75240000
1723507200000,2024-08-13 00:00:00,518.30000000,527.00000000,513.10000000,524.20000000,255029.49700000,1723593599999,132679939.59350000,350436,134962.11900000,70235963.36600000
1723593600000,2024-08-14 00:00:00,524.20000000,531.90000000,515.40000000,523.40000000,220850.01100000,1723679999999,115904285.29380000,379215,112167.63100000,58880894.10840000
1723680000000,2024-08-15 00:00:00,523.40000000,533.90000000,510.00000000,519.20000000,229628.30600000,1723766399999,119729441.44650000,405281,115831.87700000,60442003.22240000
1723766400000,2024-08-16 00:00:00,519.20000000,524.50000000,509.90000000,519.70000000,174036.14100000,1723852799999,90234466.81960000,351806,86807.48700000,45026778.64940000
1723852800000,2024-08-17 00:00:00,519.70000000,547.70000000,518.30000000,541.60000000,196365.58600000,1723939199999,104648859.65980000,304316,101830.01600000,54272526.58870000
1723939200000,2024-08-18 00:00:00,541.70000000,542.60000000,530.80000000,531.20000000,148890.01800000,1724025599999,80080999.48610000,279357,76081.30800000,40936215.38850000
1724025600000,2024-08-19 00:00:00,531.30000000,560.70000000,529.10000000,558.40000000,233275.35200000,1724111999999,126752012.14470000,369716,119969.84700000,65225669.19250000
1724112000000,2024-08-20 00:00:00,558.50000000,574.90000000,558.20000000,569.40000000,422053.69300000,1724198399999,239532350.76050000,605130,211329.27000000,119969051.79130000
1724198400000,2024-08-21 00:00:00,569.40000000,575.10000000,546.10000000,570.10000000,345601.77000000,1724284799999,194150513.28760000,460388,164997.58700000,92723372.39400000
1724284800000,2024-08-22 00:00:00,570.20000000,590.00000000,559.70000000,582.90000000,365020.28400000,1724371199999,211506200.42280000,618404,185013.46400000,107195458.08550000
1724371200000,2024-08-23 00:00:00,583.00000000,600.60000000,574.30000000,591.70000000,387772.66300000,1724457599999,226667831.47600000,587037,204719.79400000,119771913.91100000
1724457600000,2024-08-24 00:00:00,591.70000000,592.40000000,574.60000000,580.50000000,325168.89700000,1724543999999,189230078.10680000,604105,148297.54600000,86348526.95890000
1724544000000,2024-08-25 00:00:00,580.50000000,583.90000000,569.00000000,573.90000000,195984.55900000,1724630399999,112871783.18750000,381566,95831.38300000,55206448.06260000
1724630400000,2024-08-26 00:00:00,573.90000000,575.60000000,546.70000000,548.20000000,280985.57600000,1724716799999,157546934.30900000,560769,128590.02100000,72136958.76170000
1724716800000,2024-08-27 00:00:00,548.30000000,558.30000000,520.50000000,533.30000000,298073.97400000,1724803199999,162636857.13070000,597897,147268.46900000,80417440.27920000
1724803200000,2024-08-28 00:00:00,533.30000000,546.80000000,522.40000000,537.00000000,269794.77700000,1724889599999,144652361.63580000,558357,129669.71800000,69542603.27420000
1724889600000,2024-08-29 00:00:00,537.00000000,545.50000000,530.90000000,536.40000000,166187.11300000,1724975999999,89803592.12430000,462298,77052.59800000,41641444.60540000
1724976000000,2024-08-30 00:00:00,536.40000000,543.40000000,522.00000000,535.20000000,197825.89500000,1725062399999,105438037.18510000,457496,97274.24000000,51843427.48080000
1725062400000,2024-08-31 00:00:00,535.20000000,541.50000000,531.10000000,532.90000000,95954.07200000,1725148799999,51436756.33390000,235799,48390.07800000,25944121.37700000
1725148800000,2024-09-01 00:00:00,532.90000000,533.20000000,507.70000000,512.40000000,203698.86700000,1725235199999,105736484.88960000,499073,97996.31800000,50875125.98210000
1725235200000,2024-09-02 00:00:00,512.30000000,530.20000000,501.50000000,526.30000000,262984.42600000,1725321599999,135310263.71920000,517693,122427.64500000,63115913.27270000
1725321600000,2024-09-03 00:00:00,526.40000000,538.40000000,517.90000000,518.70000000,224481.65000000,1725407999999,118957795.67900000,491809,109995.69600000,58332590.41770000
1725408000000,2024-09-04 00:00:00,518.80000000,523.70000000,495.80000000,507.60000000,435892.30600000,1725494399999,220932561.90790000,813796,211512.05200000,107250257.91600000
1725494400000,2024-09-05 00:00:00,507.60000000,512.90000000,496.70000000,502.40000000,177237.32000000,1725580799999,89376836.94900000,499358,86738.56900000,43744933.78590000
1725580800000,2024-09-06 00:00:00,502.40000000,509.90000000,471.30000000,487.20000000,357704.72700000,1725667199999,176434177.24640000,786352,172277.42700000,85029143.58380000
1725667200000,2024-09-07 00:00:00,487.30000000,499.50000000,482.90000000,493.50000000,140367.31200000,1725753599999,69061059.85940000,355628,69462.50800000,34197391.85690000
1725753600000,2024-09-08 00:00:00,493.60000000,506.90000000,490.70000000,503.10000000,135677.17300000,1725839999999,67747241.96830000,363517,65943.96500000,32934866.09500000
1725840000000,2024-09-09 00:00:00,503.20000000,525.70000000,501.70000000,518.70000000,207528.54000000,1725926399999,106181387.99370000,510008,104448.20700000,53463562.17510000
1725926400000,2024-09-10 00:00:00,518.70000000,524.30000000,509.20000000,517.00000000,161417.81200000,1726012799999,83683310.82780000,390632,76377.95600000,39607041.63980000
1726012800000,2024-09-11 00:00:00,517.00000000,535.40000000,506.50000000,530.10000000,204079.60200000,1726099199999,106177105.33790000,568921,104929.49500000,54622625.40370000
1726099200000,2024-09-12 00:00:00,530.20000000,548.70000000,530.00000000,544.50000000,273877.80000000,1726185599999,148485556.56680000,596092,144631.25200000,78413199.55730000
1726185600000,2024-09-13 00:00:00,544.60000000,559.70000000,538.70000000,556.40000000,276743.27300000,1726271999999,151886434.19940000,558805,150764.06800000,82776453.64520000
1726272000000,2024-09-14 00:00:00,556.40000000,559.20000000,547.50000000,553.30000000,138432.96400000,1726358399999,76552118.09140000,259051,68935.46400000,38125941.41740000
1726358400000,2024-09-15 00:00:00,553.40000000,561.90000000,546.00000000,553.40000000,205254.79000000,1726444799999,114158887.18050000,413854,108382.04000000,60299565.06700000
1726444800000,2024-09-16 00:00:00,553.40000000,555.20000000,527.00000000,533.70000000,267953.69000000,1726531199999,145272204.95420000,581589,122959.27500000,66684496.95390000
1726531200000,2024-09-17 00:00:00,533.70000000,552.70000000,529.00000000,546.20000000,195288.36000000,1726617599999,106087089.09300000,449287,98806.94800000,53670562.88640000
1726617600000,2024-09-18 00:00:00,546.20000000,559.70000000,536.80000000,559.50000000,201182.98500000,1726703999999,109823535.94590000,510408,104124.67700000,56878897.80020000
1726704000000,2024-09-19 00:00:00,559.50000000,572.20000000,553.00000000,567.00000000,308427.74200000,1726790399999,173555626.41650000,558489,159138.29000000,89525211.65460000
1726790400000,2024-09-20 00:00:00,566.90000000,577.10000000,555.00000000,569.00000000,257077.70900000,1726876799999,146299260.29600000,568811,128566.99400000,73190922.82870000
1726876800000,2024-09-21 00:00:00,569.10000000,590.00000000,566.40000000,588.60000000,208752.23000000,1726963199999,121144029.98500000,399532,117387.89300000,68095101.49920000
1726963200000,2024-09-22 00:00:00,588.70000000,594.60000000,576.40000000,588.70000000,202978.79100000,1727049599999,118527723.48240000,418231,106161.36800000,62017516.57210000
1727049600000,2024-09-23 00:00:00,588.70000000,616.00000000,583.40000000,604.50000000,376010.20700000,1727135999999,225838917.18620000,659028,207878.54600000,124862780.75770000
1727136000000,2024-09-24 00:00:00,604.50000000,613.40000000,598.50000000,605.90000000,261622.13100000,1727222399999,158406716.97440000,565904,128330.00300000,77746137.64570000
1727222400000,2024-09-25 00:00:00,605.80000000,608.30000000,584.20000000,587.40000000,220793.94800000,1727308799999,131577137.98820000,447562,103334.17200000,61610721.07740000
1727308800000,2024-09-26 00:00:00,587.50000000,609.00000000,580.80000000,596.30000000,334337.47400000,1727395199999,199000531.35560000,646729,164202.41900000,97755734.67610000
1727395200000,2024-09-27 00:00:00,596.30000000,614.70000000,596.00000000,606.80000000,356901.64000000,1727481599999,216600653.36910000,639779,183915.11900000,111611796.73230000
1727481600000,2024-09-28 00:00:00,606.90000000,618.60000000,594.50000000,601.10000000,262593.38100000,1727567999999,159074265.46120000,469042,126538.93000000,76720055.72310000
1727568000000,2024-09-29 00:00:00,601.10000000,602.80000000,592.40000000,595.60000000,160103.08400000,1727654399999,95653191.06340000,328313,80456.12000000,48073936.19640000
1727654400000,2024-09-30 00:00:00,595.60000000,595.80000000,563.50000000,567.40000000,324086.73700000,1727740799999,187098291.11320000,704335,161689.32100000,93395442.38850000
1727740800000,2024-10-01 00:00:00,567.40000000,583.10000000,536.80000000,547.30000000,476372.94500000,1727827199999,266084992.26320000,1024113,226523.52800000,126778022.92450000
1727827200000,2024-10-02 00:00:00,547.20000000,558.30000000,535.40000000,542.50000000,282193.66300000,1727913599999,154229595.05610000,567076,138035.90200000,75550263.68990000
1727913600000,2024-10-03 00:00:00,542.50000000,550.80000000,534.30000000,544.80000000,220702.34200000,1727999999999,119668355.74840000,609573,108719.14500000,58982532.72940000
1728000000000,2024-10-04 00:00:00,544.80000000,557.80000000,541.80000000,555.30000000,186169.62800000,1728086399999,102741705.88210000,484523,102959.10900000,56839978.94690000
1728086400000,2024-10-05 00:00:00,555.30000000,565.20000000,551.60000000,563.00000000,124906.38200000,1728172799999,70050933.41910000,328254,60761.26600000,34078593.00210000
1728172800000,2024-10-06 00:00:00,563.00000000,571.90000000,561.10000000,570.30000000,106787.34000000,1728259199999,60348493.10960000,289826,55204.84600000,31211053.10980000
1728259200000,2024-10-07 00:00:00,570.40000000,581.80000000,563.50000000,564.30000000,213046.67600000,1728345599999,122157732.78520000,603464,105010.10500000,60250453.02340000
1728345600000,2024-10-08 00:00:00,564.40000000,586.80000000,559.50000000,580.80000000,286276.17700000,1728431999999,164556094.65750000,687832,145094.70600000,83413211.81470000
1728432000000,2024-10-09 00:00:00,580.80000000,586.00000000,566.20000000,570.70000000,324396.05400000,1728518399999,187764600.04060000,706841,154596.09500000,89492357.72990000
1728518400000,2024-10-10 00:00:00,570.80000000,572.90000000,551.50000000,563.90000000,178198.30900000,1728604799999,100625398.37540000,627366,83662.16400000,47242329.77080000
1728604800000,2024-10-11 00:00:00,563.80000000,577.50000000,560.10000000,573.60000000,185095.35800000,1728691199999,105075683.88370000,494403,93541.93000000,53121267.58700000
1728691200000,2024-10-12 00:00:00,573.70000000,579.20000000,573.60000000,576.60000000,135773.95900000,1728777599999,78315432.78740000,350037,69184.05100000,39905229.82230000
1728777600000,2024-10-13 00:00:00,576.60000000,578.50000000,564.90000000,572.20000000,118779.97600000,1728863999999,67955148.44160000,349095,55469.55900000,31738308.19180000
1728864000000,2024-10-14 00:00:00,572.30000000,592.30000000,558.90000000,589.10000000,252803.17600000,1728950399999,147353933.53770000,622130,130768.05500000,76269272.01600000
1728950400000,2024-10-15 00:00:00,589.00000000,599.90000000,577.70000000,594.50000000,324305.89700000,1729036799999,191193163.47130000,935703,163870.92600000,96649890.77330000
1729036800000,2024-10-16 00:00:00,594.60000000,605.50000000,589.70000000,600.90000000,259951.12900000,1729123199999,155177541.69390000,732070,140185.65200000,83719054.95340000
1729123200000,2024-10-17 00:00:00,601.00000000,606.30000000,585.10000000,592.90000000,194199.41600000,1729209599999,115638450.58710000,574860,93570.26500000,55747742.55720000
1729209600000,2024-10-18 00:00:00,592.90000000,602.40000000,591.80000000,599.20000000,136743.66900000,1729295999999,81756722.03320000,421335,70549.63000000,42179490.17900000
1729296000000,2024-10-19 00:00:00,599.30000000,601.40000000,595.40000000,597.70000000,78940.23900000,1729382399999,47206621.57690000,208927,39529.22500000,23642332.86710000
1729382400000,2024-10-20 00:00:00,597.80000000,607.30000000,593.10000000,605.90000000,123572.05700000,1729468799999,74016985.85700000,306415,66012.89400000,39554372.68990000
1729468800000,2024-10-21 00:00:00,605.90000000,611.80000000,591.50000000,598.80000000,275880.77800000,1729555199999,166472429.79900000,627019,142994.75000000,86318025.85850000
1729555200000,2024-10-22 00:00:00,598.80000000,609.00000000,587.00000000,593.80000000,203756.93400000,1729641599999,121183814.78580000,418879,101024.42000000,60105547.32110000
1729641600000,2024-10-23 00:00:00,593.80000000,595.00000000,573.00000000,584.90000000,225698.46500000,1729727999999,131627008.02640000,572617,102668.32100000,59858983.54290000
1729728000000,2024-10-24 00:00:00,584.90000000,598.00000000,583.30000000,594.50000000,145781.53700000,1729814399999,86192860.02540000,463329,75688.05300000,44752330.67080000
1729814400000,2024-10-25 00:00:00,594.50000000,597.60000000,565.80000000,575.30000000,254214.69300000,1729900799999,148562012.60020000,783030,123137.12900000,71922679.15200000
1729900800000,2024-10-26 00:00:00,575.30000000,587.10000000,571.60000000,583.40000000,119987.43700000,1729987199999,69636988.27440000,422862,63340.99600000,36756986.01520000
1729987200000,2024-10-27 00:00:00,583.40000000,591.00000000,581.70000000,589.20000000,94455.09900000,1730073599999,55358950.43060000,270337,49282.81100000,28883808.91920000
1730073600000,2024-10-28 00:00:00,589.30000000,604.60000000,585.50000000,601.10000000,189815.88200000,1730159999999,112841110.98410000,592169,99008.20800000,58878740.22810000
1730160000000,2024-10-29 00:00:00,601.10000000,612.20000000,599.90000000,606.30000000,301555.35700000,1730246399999,183028445.44590000,684113,152630.66800000,92661284.69180000
1730246400000,2024-10-30 00:00:00,606.30000000,606.70000000,594.10000000,595.60000000,186706.28100000,1730332799999,111921261.72470000,532438,84981.26100000,50946899.79610000
1730332800000,2024-10-31 00:00:00,595.50000000,596.50000000,571.10000000,576.60000000,279156.17500000,1730419199999,162569407.17430000,570966,129369.02600000,75304570.02170000
1730419200000,2024-11-01 00:00:00,576.50000000,585.50000000,567.70000000,573.10000000,242255.18400000,1730505599999,139653646.53760000,699407,113435.93300000,65396861.97030000
1730505600000,2024-11-02 00:00:00,573.10000000,577.20000000,562.40000000,568.60000000,143716.60300000,1730591999999,81923716.47340000,368434,66975.21900000,38194128.53690000
1730592000000,2024-11-03 00:00:00,568.60000000,569.30000000,547.00000000,557.70000000,217508.46800000,1730678399999,121252911.93940000,701156,91016.78800000,50727921.69290000
1730678400000,2024-11-04 00:00:00,557.70000000,564.80000000,543.60000000,552.50000000,264951.83300000,1730764799999,147460854.17364000,773496,122080.26400000,67955779.67501000
1730764800000,2024-11-05 00:00:00,552.51000000,572.80000000,551.22000000,563.21000000,211437.75300000,1730851199999,118914324.13832000,803821,106907.21200000,60146719.16516000
1730851200000,2024-11-06 00:00:00,563.21000000,595.00000000,563.00000000,592.22000000,535934.92700000,1730937599999,312142762.64576000,1406733,267207.46900000,155681528.97180000
1730937600000,2024-11-07 00:00:00,592.22000000,611.20000000,587.01000000,598.26000000,377600.50600000,1731023999999,226127478.91521000,957275,187894.31400000,112588476.23204000
1731024000000,2024-11-08 00:00:00,598.27000000,605.90000000,588.10000000,597.82000000,318752.71800000,1731110399999,190252650.44896000,840005,150398.01200000,89805835.67393000
1731110400000,2024-11-09 00:00:00,597.82000000,638.00000000,597.51000000,624.66000000,772172.65500000,1731196799999,481873005.65544000,1360388,393130.43300000,245155471.87992000
1731196800000,2024-11-10 00:00:00,624.67000000,644.20000000,611.62000000,627.33000000,812783.74700000,1731283199999,513661217.73232000,1433530,405539.87100000,256363759.66709000
1731283200000,2024-11-11 00:00:00,627.34000000,665.54000000,613.00000000,659.63000000,1006384.73800000,1731369599999,635276133.39284000,1851229,505902.41100000,319874186.99025000
1731369600000,2024-11-12 00:00:00,659.63000000,667.40000000,610.00000000,625.33000000,1166459.01300000,1731455999999,743633998.73705000,2169201,542848.44000000,346378141.73403000
1731456000000,2024-11-13 00:00:00,625.42000000,638.06000000,598.60000000,620.68000000,1034672.11400000,1731542399999,638914920.75909000,1679578,480284.30000000,296893774.81949000
1731542400000,2024-11-14 00:00:00,620.68000000,660.40000000,610.50000000,622.30000000,1060649.70000000,1731628799999,673257806.86197000,2073886,519531.97900000,329976993.20338000
1731628800000,2024-11-15 00:00:00,622.30000000,628.30000000,603.40000000,619.37000000,654908.22100000,1731715199999,403836027.70154000,1675202,324324.27000000,200060279.65834000
1731715200000,2024-11-16 00:00:00,619.37000000,633.70000000,617.50000000,622.69000000,447887.92300000,1731801599999,279947693.94271000,1380269,221546.11400000,138498321.05379000
1731801600000,2024-11-17 00:00:00,622.69000000,647.60000000,605.20000000,618.90000000,595820.37600000,1731887999999,373035601.88046000,1620884,288897.06300000,180940155.29964000
1731888000000,2024-11-18 00:00:00,618.93000000,630.91000000,612.10000000,618.93000000,483382.13600000,1731974399999,300412598.77804000,1390991,234583.25000000,145827909.52436000
1731974400000,2024-11-19 00:00:00,618.93000000,621.41000000,605.21000000,615.50000000,420441.21000000,1732060799999,258923024.56484000,1223765,186002.96500000,114554397.07854000
1732060800000,2024-11-20 00:00:00,615.49000000,620.78000000,600.00000000,605.39000000,411142.62800000,1732147199999,251205966.08475000,1233524,187375.33200000,114598586.84172000
1732147200000,2024-11-21 00:00:00,605.39000000,629.37000000,593.05000000,621.86000000,647295.15800000,1732233599999,397863790.46244000,1655881,320718.29900000,197260778.45904000
1732233600000,2024-11-22 00:00:00,621.86000000,639.64000000,615.05000000,633.00000000,582665.92300000,1732319999999,366036815.39355000,1632171,285301.91700000,179275565.00500000
1732320000000,2024-11-23 00:00:00,633.00000000,680.00000000,631.10000000,650.42000000,1071184.97200000,1732406399999,704006630.96840000,2402894,545730.22600000,358584310.38748000
1732406400000,2024-11-24 00:00:00,650.42000000,687.75000000,637.08000000,659.65000000,914571.36800000,1732492799999,603815106.11156000,1960144,456675.81000000,301687205.83291000
1732492800000,2024-11-25 00:00:00,659.65000000,676.79000000,626.43000000,636.20000000,783511.29000000,1732579199999,511818189.88482000,1737341,359913.34400000,235289862.43321000
1732579200000,2024-11-26 00:00:00,636.16000000,645.57000000,600.02000000,613.51000000,814621.93800000,1732665599999,506683169.58735000,1691253,394958.02100000,245607153.06301000
1732665600000,2024-11-27 00:00:00,613.50000000,646.75000000,607.79000000,644.14000000,629623.88500000,1732751999999,395138256.51757000,1463772,315840.02800000,198260274.58520000
1732752000000,2024-11-28 00:00:00,644.15000000,664.68000000,639.79000000,653.83000000,684789.62800000,1732838399999,447310382.25311000,1584912,325572.21300000,212721133.31880000
1732838400000,2024-11-29 00:00:00,653.84000000,663.80000000,648.42000000,654.67000000,429893.73000000,1732924799999,281863687.62204000,1180985,204696.95500000,134234843.73461000
1732924800000,2024-11-30 00:00:00,654.67000000,677.20000000,648.00000000,653.43000000,545812.56900000,1733011199999,360781212.65124000,1370197,263584.84100000,174291002.50955000
1733011200000,2024-12-01 00:00:00,653.44000000,664.17000000,645.16000000,655.99000000,434417.25300000,1733097599999,284736496.31933000,1206704,195821.47200000,128387762.39500000
1733097600000,2024-12-02 00:00:00,656.00000000,667.20000000,627.99000000,647.82000000,771630.19200000,1733183999999,496814257.59973000,1857659,363671.59900000,234274750.57894000
1733184000000,2024-12-03 00:00:00,647.83000000,750.01000000,622.85000000,734.64000000,1575647.79800000,1733270399999,1065360654.90280100,2481338,813609.78990000,551323768.54200700
1733270400000,2024-12-04 00:00:00,734.64000000,793.86000000,720.00000000,739.53000000,2092976.42800000,1733356799999,1585363383.63889780,3385203,1051263.01570000,796586187.56915180
1733356800000,2024-12-05 00:00:00,739.54000000,739.90000000,690.00000000,717.10000000,1159099.38800000,1733443199999,833940195.14058000,2206192,583465.14700000,420106905.27894000
1733443200000,2024-12-06 00:00:00,717.10000000,745.93000000,705.06000000,730.22000000,747138.47500000,1733529599999,543354617.64708000,1495972,355694.72700000,258817011.76313000
1733529600000,2024-12-07 00:00:00,730.22000000,761.00000000,729.69000000,749.72000000,445276.17300000,1733615999999,332521641.55229000,1244934,224356.29300000,167564901.52504000
1733616000000,2024-12-08 00:00:00,749.71000000,757.26000000,727.47000000,742.00000000,343120.56400000,1733702399999,254746861.56089000,1046084,164748.55600000,122380952.30374000
1733702400000,2024-12-09 00:00:00,742.00000000,742.50000000,642.00000000,689.19000000,1068109.72400000,1733788799999,750478040.89311000,2260664,474036.51400000,333554568.83544000
1733788800000,2024-12-10 00:00:00,689.20000000,704.92000000,649.13000000,676.80000000,984801.75000000,1733875199999,668829820.38149000,2146483,479352.54900000,325795018.51865000
1733875200000,2024-12-11 00:00:00,676.80000000,713.00000000,658.54000000,711.21000000,526819.30200000,1733961599999,363578391.09084000,1217954,278015.74000000,191999589.39284000
1733961600000,2024-12-12 00:00:00,711.20000000,725.61000000,699.36000000,705.77000000,576876.96500000,1734047999999,412636064.68138000,1423605,296442.69400000,212129080.62271000
1734048000000,2024-12-13 00:00:00,705.77000000,729.88000000,696.80000000,725.72000000,548598.29400000,1734134399999,392046785.60903000,1149982,299496.89500000,214113892.33372000
1734134400000,2024-12-14 00:00:00,725.73000000,732.11000000,705.01000000,715.79000000,341929.14500000,1734220799999,246341704.54359000,1010826,172172.59900000,124078459.28453000
1734220800000,2024-12-15 00:00:00,715.80000000,724.08000000,702.66000000,718.87000000,282457.79500000,1734307199999,201977197.65233000,1024397,128732.12300000,92056168.28860000
1734307200000,2024-12-16 00:00:00,718.87000000,730.00000000,704.16000000,720.58000000,483844.55300000,1734393599999,346826686.35011000,1382058,244520.14200000,175289935.07308000
1734393600000,2024-12-17 00:00:00,720.58000000,737.37000000,712.24000000,717.69000000,502868.87200000,1734479999999,364062746.70020000,1442171,255819.81300000,185253993.06500000
1734480000000,2024-12-18 00:00:00,717.70000000,722.00000000,681.00000000,686.38000000,726576.02200000,1734566399999,513577858.41071000,1405247,356090.64100000,251864338.68310000
1734566400000,2024-12-19 00:00:00,686.39000000,705.57000000,648.63000000,665.62000000,840266.48000000,1734652799999,570986179.25140000,1697188,398098.96400000,270872593.92203000
1734652800000,2024-12-20 00:00:00,665.61000000,680.58000000,618.69000000,678.60000000,982349.40600000,1734739199999,641954913.39672000,1975278,466892.49200000,305587748.98379000
1734739200000,2024-12-21 00:00:00,678.60000000,693.39000000,652.00000000,663.49000000,529437.78900000,1734825599999,356262914.98044000,1047124,253611.57500000,170754688.10540000
1734825600000,2024-12-22 00:00:00,663.50000000,669.71000000,639.37000000,649.77000000,333704.37600000,1734911999999,219106651.60070000,818883,164511.43600000,108044083.47998000
1734912000000,2024-12-23 00:00:00,649.77000000,698.50000000,638.10000000,694.16000000,606364.09100000,1734998399999,407676502.73876000,1250928,302806.23300000,203690336.82751000
1734998400000,2024-12-24 00:00:00,694.16000000,699.00000000,682.68000000,696.90000000,386936.21700000,1735084799999,267684126.68790000,801176,190475.37700000,131820617.59587000
1735084800000,2024-12-25 00:00:00,696.89000000,713.28000000,695.94000000,702.72000000,232510.25000000,1735171199999,163663370.11294000,619252,118137.78900000,83167971.71496000
1735171200000,2024-12-26 00:00:00,702.71000000,719.99000000,683.00000000,689.40000000,381100.00200000,1735257599999,266171547.70220000,983804,182600.07900000,127585679.34142000
1735257600000,2024-12-27 00:00:00,689.40000000,718.88000000,685.73000000,691.85000000,347156.04300000,1735343999999,241387898.60907000,994784,165844.93800000,115403423.51757000
1735344000000,2024-12-28 00:00:00,691.86000000,731.24000000,691.30000000,722.13000000,344251.86100000,1735430399999,246552528.75129000,873546,188079.92000000,134796278.57620000
1735430400000,2024-12-29 00:00:00,722.13000000,724.70000000,690.00000000,694.71000000,241528.14400000,1735516799999,170580495.58564000,611981,120436.01200000,85026437.36164000
1735516800000,2024-12-30 00:00:00,694.71000000,712.20000000,687.75000000,705.36000000,297267.10300000,1735603199999,207719498.60121000,862172,147887.07700000,103363994.49342000
1735603200000,2024-12-31 00:00:00,705.35000000,714.99000000,698.48000000,702.30000000,235464.83200000,1735689599999,166146690.59762000,685689,116968.61000000,82555416.37537000
1735689600000,2025-01-01 00:00:00,702.31000000,711.50000000,700.30000000,707.84000000,135703.33900000,1735775999999,95912659.04516000,450993,71288.59600000,50393053.58082000
1735776000000,2025-01-02 00:00:00,707.84000000,715.80000000,698.04000000,706.25000000,292533.81100000,1735862399999,206642127.74701000,715222,148984.46100000,105250999.91415000
1735862400000,2025-01-03 00:00:00,706.24000000,715.69000000,697.03000000,714.88000000,291701.67500000,1735948799999,206214578.80261000,703090,159091.00600000,112481688.30507000
1735948800000,2025-01-04 00:00:00,714.87000000,721.84000000,707.82000000,713.41000000,167274.26200000,1736035199999,119663318.91078000,477042,86559.12800000,61934765.70646000
1736035200000,2025-01-05 00:00:00,713.41000000,713.93000000,702.51000000,709.29000000,115144.34500000,1736121599999,81589551.09740000,357365,58981.29800000,41793844.90639000
1736121600000,2025-01-06 00:00:00,709.29000000,745.29000000,705.91000000,729.42000000,357347.85900000,1736207999999,259202689.33863000,797928,184530.50600000,133801847.42062000
1736208000000,2025-01-07 00:00:00,729.42000000,733.33000000,691.20000000,698.01000000,436096.68200000,1736294399999,311205654.41287000,1160929,209418.60400000,149719600.52280000
1736294400000,2025-01-08 00:00:00,698.00000000,707.46000000,674.72000000,696.03000000,427277.95700000,1736380799999,295988402.30722000,1190705,207307.09000000,143686573.49684000
1736380800000,2025-01-09 00:00:00,696.03000000,701.72000000,675.12000000,685.48000000,331906.57800000,1736467199999,229395154.56301000,939316,162954.00400000,112702855.91574000
1736467200000,2025-01-10 00:00:00,685.47000000,700.69000000,683.18000000,693.21000000,234590.48700000,1736553599999,162476464.70200000,738587,126493.74600000,87614375.51518000
1736553600000,2025-01-11 00:00:00,693.21000000,701.47000000,690.39000000,696.70000000,87734.79000000,1736639999999,61027521.95983000,334776,47204.38100000,32838208.15294000
1736640000000,2025-01-12 00:00:00,696.71000000,698.63000000,689.80000000,693.34000000,78211.29500000,1736726399999,54271115.40096000,300207,40615.25800000,28184055.63100000
1736726400000,2025-01-13 00:00:00,693.35000000,700.00000000,660.00000000,688.64000000,386629.94300000,1736812799999,260749933.34469000,1119948,172285.45600000,116338970.72958000
1736812800000,2025-01-14 00:00:00,688.64000000,699.97000000,686.30000000,698.89000000,159723.60900000,1736899199999,110907862.84401000,486074,87445.14100000,60736371.70723000
1736899200000,2025-01-15 00:00:00,698.89000000,715.00000000,688.45000000,714.59000000,282718.75200000,1736985599999,198505959.43022000,792835,154387.94000000,108432389.39035000
1736985600000,2025-01-16 00:00:00,714.59000000,717.50000000,700.50000000,708.10000000,268104.72600000,1737071999999,190449199.40963000,799246,139424.47500000,99040945.60188000
1737072000000,2025-01-17 00:00:00,708.10000000,729.97000000,708.10000000,721.76000000,289751.27800000,1737158399999,208863892.21405000,802129,151672.49900000,109373336.98918000
1737158400000,2025-01-18 00:00:00,721.76000000,723.32000000,695.00000000,709.52000000,370480.45600000,1737244799999,261042036.22393000,837865,176895.96000000,124655335.76936000
1737244800000,2025-01-19 00:00:00,709.52000000,714.60000000,676.00000000,683.19000000,712985.29800000,1737331199999,494826558.77689000,1623738,336374.46500000,233420915.57247000
1737331200000,2025-01-20 00:00:00,683.20000000,709.38000000,671.00000000,682.51000000,668236.48700000,1737417599999,460253770.23451000,2049759,335402.82100000,231130283.09146000
1737417600000,2025-01-21 00:00:00,682.51000000,697.00000000,675.01000000,692.21000000,294203.47100000,1737503999999,201877994.17057000,1220430,151859.77100000,104214564.66133000
1737504000000,2025-01-22 00:00:00,692.21000000,704.13000000,689.93000000,695.52000000,218410.23300000,1737590399999,152163801.08273000,778968,110909.47200000,77263294.85262000
1737590400000,2025-01-23 00:00:00,695.52000000,697.65000000,680.26000000,689.74000000,331191.45600000,1737676799999,227449444.31795000,1136767,172713.45700000,118625872.17482000
1737676800000,2025-01-24 00:00:00,689.73000000,691.31000000,678.75000000,680.45000000,280584.30500000,1737763199999,192311060.58876000,722265,140230.18000000,96140355.31464000
1737763200000,2025-01-25 00:00:00,680.45000000,689.56000000,677.68000000,686.40000000,140203.27600000,1737849599999,96002980.74890000,398257,75622.00700000,51781308.20444000
1737849600000,2025-01-26 00:00:00,686.40000000,690.82000000,664.64000000,667.37000000,195887.16800000,1737935999999,133335964.38517000,468081,88543.09800000,60403895.56732000
1737936000000,2025-01-27 00:00:00,667.36000000,680.53000000,637.79000000,679.74000000,486667.79500000,1738022399999,319943135.41218000,1736427,226266.42900000,149018305.19618000
1738022400000,2025-01-28 00:00:00,679.75000000,682.88000000,659.40000000,661.29000000,202591.47400000,1738108799999,136320412.20259000,698982,89814.28000000,60466034.76642000
1738108800000,2025-01-29 00:00:00,661.28000000,680.01000000,659.37000000,667.97000000,255536.13800000,1738195199999,171429451.13217000,829325,114764.85400000,76940439.04410000
1738195200000,2025-01-30 00:00:00,667.97000000,682.99000000,666.00000000,677.53000000,145419.42100000,1738281599999,98572665.66848000,458024,76496.60000000,51850998.53154000
1738281600000,2025-01-31 00:00:00,677.53000000,689.44000000,673.50000000,677.47000000,190707.86100000,1738367999999,129837529.78904000,578966,99029.15900000,67426140.07513000
1738368000000,2025-02-01 00:00:00,677.48000000,681.56000000,650.73000000,652.94000000,177371.37200000,1738454399999,118479169.50354000,572608,86308.99700000,57699722.53868000
1738454400000,2025-02-02 00:00:00,652.94000000,663.22000000,600.00000000,617.80000000,506728.60300000,1738540799999,319686544.33016000,2193785,229809.49000000,145092458.96521000
1738540800000,2025-02-03 00:00:00,617.80000000,619.19000000,500.00000000,617.21000000,1340856.88500000,1738627199999,761429704.70862000,4325820,636341.47300000,361857690.74544000
1738627200000,2025-02-04 00:00:00,617.21000000,619.24000000,557.88000000,572.69000000,549571.47300000,1738713599999,320290589.18650000,1769343,269099.03100000,156835668.31843000
1738713600000,2025-02-05 00:00:00,572.69000000,580.00000000,561.22000000,569.55000000,227055.22500000,1738799999999,129716884.83023000,925294,113084.94900000,64633093.80792000
1738800000000,2025-02-06 00:00:00,569.55000000,589.99000000,568.87000000,571.72000000,334342.95300000,1738886399999,193969742.34818000,1102386,169914.16500000,98604723.94882000
1738886400000,2025-02-07 00:00:00,571.71000000,589.90000000,570.58000000,577.71000000,222673.88000000,1738972799999,129451341.96099000,857222,110350.64600000,64202024.93827000
1738972800000,2025-02-08 00:00:00,577.70000000,633.73000000,573.62000000,612.39000000,490805.54600000,1739059199999,297489199.61406000,1061209,252755.30800000,153206110.80392000
1739059200000,2025-02-09 00:00:00,612.39000000,648.13000000,602.40000000,615.81000000,774091.07100000,1739145599999,486494461.58509000,1655609,387923.38700000,243583255.93883000
1739145600000,2025-02-10 00:00:00,615.81000000,622.42000000,596.24000000,618.65000000,360129.03800000,1739231999999,218954195.88323000,1383830,181866.32600000,110643924.08079000
1739232000000,2025-02-11 00:00:00,618.65000000,646.94000000,615.08000000,642.11000000,488539.29100000,1739318399999,310084181.73871000,1641560,257131.66400000,163284133.28169000
1739318400000,2025-02-12 00:00:00,642.12000000,705.48000000,626.88000000,696.93000000,822216.62300000,1739404799999,547344272.16887000,2332162,457236.55100000,305075608.56680000
1739404800000,2025-02-13 00:00:00,696.92000000,732.00000000,658.28000000,664.72000000,1766921.69500000,1739491199999,1235503153.47365000,4414763,913886.03900000,639994821.09695000
1739491200000,2025-02-14 00:00:00,664.73000000,684.86000000,652.00000000,659.71000000,650460.87500000,1739577599999,435455485.36749000,1781548,330709.76200000,221466576.10648000
1739577600000,2025-02-15 00:00:00,659.72000000,671.43000000,653.46000000,662.21000000,255950.89700000,1739663999999,169188074.94996000,994231,126083.90400000,83327781.69396000
1739664000000,2025-02-16 00:00:00,662.21000000,686.04000000,653.11000000,673.10000000,362205.96300000,1739750399999,242885041.45402000,1291598,181474.26400000,121707666.57568000
1739750400000,2025-02-17 00:00:00,673.10000000,682.29000000,657.99000000,667.51000000,323350.27600000,1739836799999,217073600.40769000,1237030,165338.55300000,111023518.19536000
1739836800000,2025-02-18 00:00:00,667.52000000,668.30000000,629.65000000,648.18000000,366356.98800000,1739923199999,237605531.27277000,1391692,177257.30900000,115012941.00804000
1739923200000,2025-02-19 00:00:00,648.19000000,664.44000000,636.99000000,653.38000000,352798.24300000,1740009599999,230093608.31893000,1191211,193133.81900000,125969321.17783000
1740009600000,2025-02-20 00:00:00,653.38000000,659.03000000,645.88000000,656.36000000,215894.36800000,1740095999999,140683645.98812000,881876,106050.77300000,69114738.66123000
1740096000000,2025-02-21 00:00:00,656.36000000,668.50000000,635.00000000,647.47000000,317327.15500000,1740182399999,207737127.35011000,1188753,147783.35700000,96718918.23002000
1740182400000,2025-02-22 00:00:00,647.47000000,679.90000000,645.21000000,668.57000000,297923.18400000,1740268799999,197901565.80744000,943929,155840.86900000,103524783.65619000
1740268800000,2025-02-23 00:00:00,668.57000000,671.10000000,648.49000000,658.42000000,166658.01300000,1740355199999,110014935.59318000,575895,84848.02600000,56019771.32977000
1740355200000,2025-02-24 00:00:00,658.41000000,659.56000000,610.60000000,614.20000000,360147.15300000,1740441599999,228275603.70987000,1455350,166933.09400000,105832570.00856000
1740441600000,2025-02-25 00:00:00,614.19000000,628.70000000,586.00000000,623.49000000,647434.61200000,1740527999999,393335861.56722000,2577232,318885.08900000,193882659.92564000
1740528000000,2025-02-26 00:00:00,623.49000000,632.14000000,594.07000000,611.57000000,428035.43100000,1740614399999,263292239.55094000,1692118,219184.86200000,134818476.50110000
1740614400000,2025-02-27 00:00:00,611.57000000,619.77000000,595.84000000,605.41000000,295518.11600000,1740700799999,180214548.10665000,1226636,148033.75300000,90303218.43496000
1740700800000,2025-02-28 00:00:00,605.41000000,606.33000000,559.71000000,588.07000000,600999.31900000,1740787199999,348100030.61127000,2432030,290649.36000000,168356328.27580000
1740787200000,2025-03-01 00:00:00,588.07000000,609.48000000,586.40000000,607.93000000,292254.35600000,1740873599999,174627265.35593000,907408,138923.86500000,83069359.86372000
1740873600000,2025-03-02 00:00:00,607.94000000,635.01000000,601.50000000,623.94000000,469069.23000000,1740959999999,290922261.43101000,1562454,245101.10000000,152067918.41563000
1740960000000,2025-03-03 00:00:00,623.94000000,624.36000000,567.50000000,576.10000000,497949.87900000,1741046399999,296931073.33352000,1973288,241553.66600000,144072117.41662000
1741046400000,2025-03-04 00:00:00,576.09000000,588.75000000,546.83000000,584.01000000,488869.85100000,1741132799999,277254366.05704000,2272449,239364.91600000,135969624.60744000
1741132800000,2025-03-05 00:00:00,584.01000000,606.06000000,580.57000000,598.24000000,206205.98800000,1741219199999,122536170.87545000,1100570,109983.89800000,65363592.43801000
1741219200000,2025-03-06 00:00:00,598.25000000,612.90000000,589.20000000,596.50000000,223701.39000000,1741305599999,134753375.22754000,988783,115838.98600000,69810960.69956000
1741305600000,2025-03-07 00:00:00,596.49000000,610.20000000,577.23000000,594.77000000,289363.93300000,1741391999999,172750428.92419000,1444209,139088.37700000,83079063.06782000
1741392000000,2025-03-08 00:00:00,594.77000000,602.77000000,590.11000000,593.10000000,117220.63100000,1741478399999,69991200.96482000,584699,61572.32600000,36775210.39153000
1741478400000,2025-03-09 00:00:00,593.10000000,593.10000000,550.20000000,554.65000000,246382.90400000,1741564799999,140015234.56134000,1116177,114473.66400000,65068828.59632000
1741564800000,2025-03-10 00:00:00,554.65000000,573.40000000,523.01000000,531.49000000,410154.62000000,1741651199999,225187261.71934000,1870843,180204.62800000,99065035.02858000
1741651200000,2025-03-11 00:00:00,531.49000000,566.00000000,507.00000000,551.61000000,691870.52100000,1741737599999,377448189.68830000,2542958,356080.30600000,194509409.31414000
1741737600000,2025-03-12 00:00:00,551.61000000,574.95000000,544.63000000,569.87000000,367224.21100000,1741823999999,205368085.28517000,1256293,193847.46800000,108461303.66392000
1741824000000,2025-03-13 00:00:00,569.87000000,613.71000000,567.99000000,579.80000000,647497.02800000,1741910399999,379822302.22007000,1747273,334188.04600000,196105919.06673000
1741910400000,2025-03-14 00:00:00,579.80000000,589.81000000,576.61000000,587.76000000,213012.08200000,1741996799999,124194131.58567000,762657,119668.70400000,69802426.57050000
1741996800000,2025-03-15 00:00:00,587.76000000,619.96000000,587.49000000,619.83000000,254324.00900000,1742083199999,153638521.26638000,782849,145822.96900000,88061716.82361000
1742083200000,2025-03-16 00:00:00,619.82000000,622.80000000,593.06000000,602.20000000,255774.31600000,1742169599999,154620391.15023000,894863,128315.11600000,77571862.18962000
1742169600000,2025-03-17 00:00:00,602.21000000,643.72000000,602.04000000,631.69000000,591668.18400000,1742255999999,372213621.75484000,1356953,315023.62700000,198094659.14582000
1742256000000,2025-03-18 00:00:00,631.68000000,643.33000000,620.28000000,627.81000000,443437.83300000,1742342399999,280327124.87383000,1122369,234818.22600000,148510772.63949000
1742342400000,2025-03-19 00:00:00,627.81000000,628.20000000,604.36000000,618.70000000,399993.64500000,1742428799999,246061914.58732000,1063862,198921.71200000,122395842.79462000
1742428800000,2025-03-20 00:00:00,618.71000000,637.75000000,616.55000000,630.47000000,578472.12500000,1742515199999,363283126.57964000,1595124,303161.49900000,190477016.38663000
1742515200000,2025-03-21 00:00:00,630.47000000,637.80000000,624.92000000,635.17000000,262205.56900000,1742601599999,165876355.89652000,898550,142825.78700000,90374452.49758000
1742601600000,2025-03-22 00:00:00,635.16000000,636.10000000,623.79000000,627.01000000,140206.08300000,1742687999999,88175594.70204000,553359,72429.09600000,45550910.32958000
1742688000000,2025-03-23 00:00:00,627.01000000,629.14000000,619.50000000,623.79000000,155602.57800000,1742774399999,96944430.59188000,554919,74107.91100000,46168947.43786000
1742774400000,2025-03-24 00:00:00,623.80000000,639.50000000,618.00000000,637.08000000,307575.99100000,1742860799999,193512028.36247000,946889,159195.81300000,100185500.46030000
1742860800000,2025-03-25 00:00:00,637.08000000,644.88000000,627.05000000,629.82000000,554571.55700000,1742947199999,353137599.65513000,1145565,279526.62400000,178017544.75809000
1742947200000,2025-03-26 00:00:00,629.82000000,634.01000000,615.30000000,617.99000000,222093.83500000,1743033599999,139017120.22607000,598142,107003.36100000,67014650.57561000
1743033600000,2025-03-27 00:00:00,618.00000000,642.50000000,617.20000000,637.36000000,743401.84700000,1743119999999,471692258.54266000,1409175,404853.99100000,257031844.97872000
1743120000000,2025-03-28 00:00:00,637.36000000,637.51000000,616.00000000,619.81000000,317817.16000000,1743206399999,199721001.67967000,815115,162209.95400000,102012816.82467000
1743206400000,2025-03-29 00:00:00,619.81000000,623.84000000,596.97000000,602.99000000,254422.26100000,1743292799999,154421898.07789000,821221,117317.84800000,71147891.75337000
1743292800000,2025-03-30 00:00:00,603.00000000,613.37000000,593.58000000,602.20000000,195649.40500000,1743379199999,118304368.03307000,645314,94617.90500000,57226801.24544000
1743379200000,2025-03-31 00:00:00,602.20000000,608.89000000,587.26000000,604.81000000,254764.26900000,1743465599999,152922764.81958000,884465,124962.91100000,75032301.51448000
1743465600000,2025-04-01 00:00:00,604.81000000,618.54000000,604.46000000,611.13000000,565603.06900000,1743551999999,346421089.82224000,1089355,290668.75200000,178031689.04563000
1743552000000,2025-04-02 00:00:00,611.12000000,614.00000000,584.85000000,590.68000000,399507.95700000,1743638399999,240612013.95480000,1295784,193292.74000000,116485587.68892000
1743638400000,2025-04-03 00:00:00,590.67000000,610.58000000,578.46000000,592.67000000,507928.51400000,1743724799999,303406596.77059000,1371430,249191.24500000,148930615.97128000
1743724800000,2025-04-04 00:00:00,592.68000000,600.00000000,585.00000000,597.71000000,177145.40500000,1743811199999,105181815.22505000,810433,90706.29300000,53859108.42922000
1743811200000,2025-04-05 00:00:00,597.71000000,599.00000000,588.71000000,593.13000000,85938.07900000,1743897599999,51106827.24289000,380314,42255.81700000,25136751.77900000
1743897600000,2025-04-06 00:00:00,593.13000000,593.78000000,544.17000000,555.54000000,332256.26500000,1743983999999,189035699.70554000,1118055,158081.26800000,89897358.89043000
1743984000000,2025-04-07 00:00:00,555.55000000,567.60000000,520.00000000,554.60000000,727293.86000000,1744070399999,397028708.94978000,2220788,359672.82400000,196528892.59089000
1744070400000,2025-04-08 00:00:00,554.60000000,566.00000000,547.64000000,553.72000000,212191.86000000,1744156799999,118512835.45122000,1049822,108115.70400000,60396930.94729000
1744156800000,2025-04-09 00:00:00,553.72000000,585.97000000,534.30000000,582.32000000,378370.12700000,1744243199999,213004910.74643000,1609476,193982.12800000,109219970.26040000
1744243200000,2025-04-10 00:00:00,582.32000000,583.58000000,566.17000000,578.03000000,369219.86300000,1744329599999,212832786.45699000,1138171,186081.31000000,107293864.22683000
1744329600000,2025-04-11 00:00:00,578.03000000,590.36000000,575.70000000,585.93000000,174700.72000000,1744415999999,101866043.54306000,606797,96173.41800000,56083928.04283000
1744416000000,2025-04-12 00:00:00,585.93000000,600.48000000,584.00000000,597.29000000,151268.70800000,1744502399999,89655284.51600000,557934,86887.10300000,51515080.10647000
1744502400000,2025-04-13 00:00:00,597.30000000,598.67000000,580.32000000,584.28000000,144896.28500000,1744588799999,85200185.56801000,690159,76113.35200000,44756998.96640000
1744588800000,2025-04-14 00:00:00,584.29000000,593.10000000,583.14000000,584.54000000,153827.79500000,1744675199999,90513576.06251000,734997,80178.54900000,47177512.21977000
1744675200000,2025-04-15 00:00:00,584.53000000,590.84000000,579.38000000,579.52000000,141640.57900000,1744761599999,83039414.12500000,536522,73221.63900000,42939464.38349000
1744761600000,2025-04-16 00:00:00,579.52000000,587.00000000,576.00000000,582.80000000,174537.94800000,1744847999999,101484755.50647000,657295,86959.90400000,50570922.85495000
1744848000000,2025-04-17 00:00:00,582.80000000,592.97000000,581.00000000,590.49000000,151848.25900000,1744934399999,89134723.84238000,484906,80958.21300000,47523386.93926000
1744934400000,2025-04-18 00:00:00,590.50000000,596.08000000,587.08000000,591.71000000,191575.74800000,1745020799999,113223034.09646000,437839,103011.45300000,60878054.09290000
1745020800000,2025-04-19 00:00:00,591.70000000,594.49000000,587.70000000,591.73000000,96609.00300000,1745107199999,57098589.67930000,302829,47094.89300000,27841129.52672000
1745107200000,2025-04-20 00:00:00,591.74000000,595.23000000,587.50000000,592.77000000,115343.59800000,1745193599999,68276647.28278000,355346,61438.77200000,36373336.59498000
1745193600000,2025-04-21 00:00:00,592.77000000,608.52000000,592.53000000,597.34000000,171926.42200000,1745279999999,103304762.56314000,606843,96639.43100000,58078847.87047000
1745280000000,2025-04-22 00:00:00,597.32000000,619.90000000,595.00000000,618.51000000,285468.16400000,1745366399999,173308242.97900000,720292,143772.38700000,87320127.76024000
1745366400000,2025-04-23 00:00:00,618.50000000,619.99000000,601.38000000,605.71000000,314125.44800000,1745452799999,191839028.68921000,931184,154607.70900000,94425950.10554000
1745452800000,2025-04-24 00:00:00,605.72000000,606.78000000,592.59000000,601.55000000,204214.28000000,1745539199999,122518204.22908000,688342,100792.48900000,60468356.25663000
1745539200000,2025-04-25 00:00:00,601.56000000,610.35000000,597.20000000,599.91000000,257426.55400000,1745625599999,155796837.88555000,804129,125451.26300000,75941840.30518000
1745625600000,2025-04-26 00:00:00,599.90000000,609.25000000,599.34000000,607.23000000,137533.14200000,1745711999999,83138818.02772000,496928,67820.80700000,40997359.68962000
1745712000000,2025-04-27 00:00:00,607.23000000,608.68000000,597.00000000,603.46000000,121784.47600000,1745798399999,73282794.69697000,445823,59758.16600000,35960993.53884000
1745798400000,2025-04-28 00:00:00,603.46000000,608.27000000,598.20000000,606.16000000,143778.00800000,1745884799999,86833971.50822000,558813,76423.69500000,46165668.28541000
1745884800000,2025-04-29 00:00:00,606.16000000,610.75000000,598.10000000,601.00000000,236809.99700000,1745971199999,143146651.13683000,618674,115028.19800000,69546774.25076000
1745971200000,2025-04-30 00:00:00,601.00000000,604.44000000,591.42000000,599.88000000,210580.66400000,1746057599999,126352033.11528000,579043,102515.52200000,61516465.80972000
1746057600000,2025-05-01 00:00:00,599.88000000,605.28000000,598.14000000,599.63000000,156229.22900000,1746143999999,94008927.36652000,462918,76624.75400000,46106226.36805000
1746144000000,2025-05-02 00:00:00,599.64000000,603.61000000,595.12000000,600.69000000,141344.86500000,1746230399999,84772654.30253000,400361,75828.99400000,45473472.17316000
1746230400000,2025-05-03 00:00:00,600.69000000,601.20000000,595.23000000,599.36000000,100770.29400000,1746316799999,60296742.70511000,302618,47275.80500000,28287838.71476000
1746316800000,2025-05-04 00:00:00,599.36000000,600.49000000,584.70000000,586.03000000,143960.83500000,1746403199999,85298964.66439000,425251,56633.17600000,33528296.63366000
1746403200000,2025-05-05 00:00:00,586.02000000,599.98000000,583.55000000,597.61000000,201100.58900000,1746489599999,119371782.25071000,493859,121764.42700000,72279230.42811000
1746489600000,2025-05-06 00:00:00,597.61000000,603.18000000,593.23000000,602.57000000,214613.10700000,1746575999999,128368850.19364000,557571,110867.17400000,66320706.46383000
1746576000000,2025-05-07 00:00:00,602.57000000,609.07000000,597.89000000,602.70000000,194088.59100000,1746662399999,117132375.09366000,519932,95123.86100000,57386101.54186000
1746662400000,2025-05-08 00:00:00,602.70000000,629.33000000,600.80000000,629.17000000,384267.52500000,1746748799999,236647691.95012000,939619,213749.38700000,131672616.58335000
1746748800000,2025-05-09 00:00:00,629.17000000,671.15000000,623.12000000,666.29000000,480734.86900000,1746835199999,306980185.05931000,1362546,267177.72100000,170693063.01934000
1746835200000,2025-05-10 00:00:00,666.29000000,678.95000000,648.83000000,663.90000000,444595.43000000,1746921599999,294150052.77147000,1321115,205655.43400000,136104919.11429000
1746921600000,2025-05-11 00:00:00,663.90000000,668.49000000,647.83000000,651.15000000,319998.95900000,1747007999999,210577921.77225000,965437,161132.05800000,106081184.90481000
1747008000000,2025-05-12 00:00:00,651.15000000,693.00000000,647.31000000,660.07000000,586386.94500000,1747094399999,392542282.91301000,1658320,295553.82500000,197899426.73381000
1747094400000,2025-05-13 00:00:00,660.08000000,672.00000000,640.66000000,664.13000000,416309.75000000,1747180799999,272901658.76016000,1236144,202178.27300000,132530521.21480000
1747180800000,2025-05-14 00:00:00,664.12000000,667.33000000,647.15000000,652.47000000,290029.99400000,1747267199999,190546608.72786000,986450,132285.55500000,86895899.86184000
1747267200000,2025-05-15 00:00:00,652.47000000,661.00000000,642.29000000,651.88000000,313560.81300000,1747353599999,204057655.69996000,1164772,155958.47100000,101509971.87388000
1747353600000,2025-05-16 00:00:00,651.88000000,659.97000000,644.00000000,646.76000000,200793.60700000,1747439999999,131210358.66972000,766260,99557.40600000,65094079.11230000
1747440000000,2025-05-17 00:00:00,646.76000000,646.90000000,635.05000000,639.51000000,141777.71100000,1747526399999,90893253.25120000,656073,65178.49000000,41795523.47777000
1747526400000,2025-05-18 00:00:00,639.50000000,655.19000000,634.39000000,651.53000000,189475.29600000,1747612799999,122348372.20883000,690151,96290.23700000,62221467.19990000
1747612800000,2025-05-19 00:00:00,651.54000000,653.53000000,633.51000000,649.62000000,210901.52000000,1747699199999,135603856.35643000,806175,106737.21200000,68647027.87929000
1747699200000,2025-05-20 00:00:00,649.62000000,653.75000000,640.14000000,650.00000000,169584.29100000,1747785599999,109772099.60261000,632029,85465.73000000,55334610.84733000
1747785600000,2025-05-21 00:00:00,650.00000000,678.00000000,648.49000000,673.31000000,470531.89500000,1747871999999,311660393.95119000,1133569,250336.21500000,165844964.38723000
1747872000000,2025-05-22 00:00:00,673.31000000,690.02000000,673.00000000,686.57000000,390007.99600000,1747958399999,266404901.15309000,992245,218945.11200000,149577785.12489000
1747958400000,2025-05-23 00:00:00,686.57000000,691.35000000,652.19000000,656.98000000,343668.70700000,1748044799999,231427488.36750000,1142401,158745.45500000,107053575.69443000
1748044800000,2025-05-24 00:00:00,656.99000000,677.47000000,655.40000000,668.01000000,165142.03900000,1748131199999,110606139.47037000,627945,86453.28100000,57901683.06552000
1748131200000,2025-05-25 00:00:00,668.00000000,671.67000000,657.10000000,669.44000000,169208.32200000,1748217599999,112315213.63574000,606622,79479.26300000,52774960.16916000
1748217600000,2025-05-26 00:00:00,669.45000000,678.33000000,668.22000000,674.29000000,180148.25200000,1748303999999,121339916.24473000,575205,93070.04100000,62697205.16877000
1748304000000,2025-05-27 00:00:00,674.30000000,697.73000000,666.56000000,686.91000000,326163.49100000,1748390399999,223248228.18154000,914236,172052.34700000,117719891.80567000
1748390400000,2025-05-28 00:00:00,686.90000000,689.22000000,680.04000000,686.89000000,211875.74300000,1748476799999,145022738.54658000,713128,101541.22800000,69514686.82641000
1748476800000,2025-05-29 00:00:00,686.89000000,691.24000000,673.33000000,675.02000000,260985.13600000,1748563199999,178247626.81514000,844624,127245.77200000,86956236.96873000
1748563200000,2025-05-30 00:00:00,675.02000000,678.50000000,653.22000000,655.36000000,218723.50900000,1748649599999,146064088.43998000,990495,103160.77300000,68918403.86070000
1748649600000,2025-05-31 00:00:00,655.36000000,661.42000000,645.04000000,658.01000000,158379.39000000,1748735999999,103495185.93207000,770569,79462.08300000,51951227.40387000
1748736000000,2025-06-01 00:00:00,658.01000000,662.48000000,647.58000000,660.77000000,131807.44800000,1748822399999,86198532.12636000,571836,65702.62800000,42976218.78148000
1748822400000,2025-06-02 00:00:00,660.77000000,667.00000000,650.05000000,665.93000000,143785.60500000,1748908799999,94585715.45310000,676770,76180.34800000,50141238.09459000
1748908800000,2025-06-03 00:00:00,665.93000000,673.43000000,657.11000000,661.59000000,158377.45900000,1748995199999,105542302.93054000,615491,80831.24100000,53866672.02690000
1748995200000,2025-06-04 00:00:00,661.60000000,671.76000000,660.84000000,663.23000000,124473.80200000,1749081599999,83119492.09170000,514423,63265.70800000,42246496.19477000
1749081600000,2025-06-05 00:00:00,663.24000000,670.92000000,625.44000000,633.32000000,271543.14900000,1749167999999,176686621.86037000,1013492,123287.94400000,80275011.91504000
1749168000000,2025-06-06 00:00:00,633.33000000,651.51000000,629.38000000,642.70000000,169535.95700000,1749254399999,108901056.43203000,625128,83399.45300000,53596316.79005000
1749254400000,2025-06-07 00:00:00,642.71000000,653.81000000,639.69000000,650.82000000,90666.37000000,1749340799999,58781736.18277000,329816,49907.57400000,32350539.12435000
1749340800000,2025-06-08 00:00:00,650.82000000,656.39000000,646.49000000,652.00000000,72300.31400000,1749427199999,47052170.18367000,304842,36504.74300000,23761407.73510000
1749427200000,2025-06-09 00:00:00,652.00000000,667.74000000,648.01000000,665.58000000,127272.15800000,1749513599999,83644611.37634000,508179,71132.30400000,46751967.88595000
1749513600000,2025-06-10 00:00:00,665.58000000,674.00000000,657.26000000,673.51000000,176645.05600000,1749599999999,117408553.72931000,713456,94622.16800000,62906912.08037000
1749600000000,2025-06-11 00:00:00,673.51000000,674.80000000,662.20000000,667.43000000,177934.08500000,1749686399999,119080780.42267000,642930,93709.30400000,62726358.54729000
1749686400000,2025-06-12 00:00:00,667.42000000,669.93000000,651.91000000,654.75000000,152793.97500000,1749772799999,101339742.77840000,651576,78906.50200000,52350087.72165000
1749772800000,2025-06-13 00:00:00,654.76000000,659.42000000,639.01000000,655.35000000,223303.91700000,1749859199999,145072177.30440000,954080,109433.38500000,71125227.61460000
1749859200000,2025-06-14 00:00:00,655.35000000,655.36000000,639.00000000,645.61000000,93690.14300000,1749945599999,60587334.88062000,370153,43548.35400000,28172901.36118000
1749945600000,2025-06-15 00:00:00,645.61000000,652.00000000,642.77000000,648.19000000,79324.64600000,1750031999999,51386018.57671000,346804,43002.47700000,27862311.42077000
1750032000000,2025-06-16 00:00:00,648.19000000,659.46000000,646.26000000,650.74000000,124203.78700000,1750118399999,81319264.39316000,476014,66639.21000000,43639278.63302000
1750118400000,2025-06-17 00:00:00,650.74000000,659.00000000,640.11000000,648.08000000,182982.26300000,1750204799999,119391370.60418000,708532,93305.68000000,60896545.51886000
1750204800000,2025-06-18 00:00:00,648.09000000,654.31000000,637.35000000,644.77000000,143725.67400000,1750291199999,92747657.02993000,604528,68928.37800000,44521329.66059000
1750291200000,2025-06-19 00:00:00,644.77000000,646.50000000,638.66000000,644.65000000,80404.98500000,1750377599999,51715724.58785000,340969,41891.75800000,26943480.56684000
1750377600000,2025-06-20 00:00:00,644.65000000,651.02000000,638.00000000,641.61000000,143279.62200000,1750463999999,92391446.73424000,479084,73593.98100000,47472329.10628000
1750464000000,2025-06-21 00:00:00,641.61000000,644.84000000,621.94000000,628.97000000,143508.11600000,1750550399999,91039970.44005000,502284,63032.84600000,40017461.26449000
1750550400000,2025-06-22 00:00:00,628.98000000,635.51000000,601.25000000,615.81000000,243515.03300000,1750636799999,150461464.40226000,908458,122960.51200000,76010086.43996000
1750636800000,2025-06-23 00:00:00,615.81000000,642.79000000,615.05000000,640.49000000,219674.32900000,1750723199999,137434002.16861000,824397,124908.76700000,78171326.59485000
1750723200000,2025-06-24 00:00:00,640.50000000,644.09000000,636.17000000,643.53000000,131607.23100000,1750809599999,84247712.66687000,495451,70736.20700000,45289926.30111000
1750809600000,2025-06-25 00:00:00,643.53000000,652.64000000,641.85000000,646.07000000,169433.15400000,1750895999999,109446216.98338000,588673,88789.13900000,57364110.64727000
1750896000000,2025-06-26 00:00:00,646.06000000,650.00000000,641.12000000,642.30000000,103057.28600000,1750982399999,66552033.67641000,455413,52458.67900000,33883609.08383000
1750982400000,2025-06-27 00:00:00,642.30000000,648.44000000,639.16000000,645.71000000,81302.95500000,1751068799999,52434499.65195000,393437,42624.89500000,27493903.09161000
1751068800000,2025-06-28 00:00:00,645.72000000,649.18000000,644.25000000,648.60000000,57714.96500000,1751155199999,37311567.00110000,219864,33296.17000000,21525993.96798000
1751155200000,2025-06-29 00:00:00,648.61000000,656.00000000,646.72000000,654.90000000,73235.79600000,1751241599999,47617946.51691000,274297,41366.50700000,26905582.17645000
1751241600000,2025-06-30 00:00:00,654.90000000,660.00000000,651.17000000,656.90000000,110702.19600000,1751327999999,72511068.06305000,424941,61584.05400000,40347533.51983000
1751328000000,2025-07-01 00:00:00,656.90000000,659.10000000,644.00000000,646.33000000,85803.05500000,1751414399999,55853408.99266000,381179,43354.55800000,28218323.51521000
1751414400000,2025-07-02 00:00:00,646.34000000,664.85000000,643.71000000,659.71000000,112807.95500000,1751500799999,74257373.93229000,413737,60680.48800000,39942211.09364000
1751500800000,2025-07-03 00:00:00,659.70000000,664.57000000,656.70000000,663.59000000,99001.43600000,1751587199999,65465622.82548000,401632,53387.41900000,35307661.39323000
1751587200000,2025-07-04 00:00:00,663.58000000,664.17000000,650.21000000,653.60000000,89027.41200000,1751673599999,58469301.05020000,377665,45990.38600000,30213865.09146000
1751673600000,2025-07-05 00:00:00,653.60000000,656.75000000,652.00000000,656.16000000,51648.28900000,1751759999999,33813242.68712000,217046,27125.56000000,17759606.18324000
1751760000000,2025-07-06 00:00:00,656.17000000,664.99000000,653.54000000,663.13000000,82399.11900000,1751846399999,54387999.31117000,299084,43769.74900000,28891139.34737000
1751846400000,2025-07-07 00:00:00,663.13000000,663.50000000,656.77000000,661.06000000,83232.98400000,1751932799999,55019317.81961000,316562,46158.13400000,30512777.27437000
1751932800000,2025-07-08 00:00:00,661.06000000,662.60000000,657.36000000,660.63000000,86374.04200000,1752019199999,57014603.70360000,333828,45563.48800000,30079117.88889000
1752019200000,2025-07-09 00:00:00,660.63000000,671.50000000,659.05000000,668.68000000,123551.59500000,1752105599999,82087015.33234000,421990,68125.23600000,45265314.99711000
1752105600000,2025-07-10 00:00:00,668.69000000,687.70000000,667.25000000,685.80000000,214967.53600000,1752191999999,145245124.55052000,623891,122022.41600000,82421428.01374000
1752192000000,2025-07-11 00:00:00,685.80000000,697.24000000,682.83000000,689.99000000,268353.90400000,1752278399999,185244954.90644000,951072,139119.03800000,96075578.59943000
1752278400000,2025-07-12 00:00:00,689.98000000,697.00000000,679.63000000,685.86000000,134785.18500000,1752364799999,92906122.92625000,632277,65050.92800000,44843700.45464000
1752364800000,2025-07-13 00:00:00,685.86000000,694.12000000,685.12000000,692.00000000,84925.72300000,1752451199999,58641223.00475000,420139,46825.28100000,32334806.12707000
1752451200000,2025-07-14 00:00:00,692.01000000,707.54000000,686.05000000,689.12000000,253634.99600000,1752537599999,177173266.82730000,916315,134377.94200000,93874042.34544000
1752537600000,2025-07-15 00:00:00,689.13000000,693.21000000,675.30000000,689.92000000,188962.49100000,1752623999999,129048003.51493000,862340,89996.59200000,61473697.73873000
1752624000000,2025-07-16 00:00:00,689.93000000,715.56000000,685.20000000,708.61000000,238334.93800000,1752710399999,167032328.53935000,890354,133975.78200000,93916445.27647000
1752710400000,2025-07-17 00:00:00,708.61000000,727.85000000,706.14000000,720.65000000,409572.67500000,1752796799999,294063734.31481000,1476504,214098.34100000,153742987.20536000
1752796800000,2025-07-18 00:00:00,720.64000000,765.56000000,718.73000000,729.92000000,556430.08500000,1752883199999,412241488.29112000,1898312,288947.06900000,214026467.44160000
1752883200000,2025-07-19 00:00:00,729.92000000,742.50000000,718.76000000,733.20000000,188095.81000000,1752969599999,137599574.21818000,852649,97498.01400000,71328905.63282000
1752969600000,2025-07-20 00:00:00,733.20000000,761.29000000,731.50000000,756.82000000,253255.20300000,1753055999999,189589685.25925000,1009318,136482.48500000,102190298.31837000
1753056000000,2025-07-21 00:00:00,756.82000000,781.99000000,746.06000000,766.22000000,338419.95200000,1753142399999,259224085.92258000,1384348,175311.77600000,134309474.71688000
1753142400000,2025-07-22 00:00:00,766.22000000,788.35000000,745.00000000,786.68000000,359074.05600000,1753228799999,274410540.66907000,1533013,189051.43200000,144596434.92893000
1753228800000,2025-07-23 00:00:00,786.69000000,809.84000000,752.47000000,776.74000000,709087.15660000,1753315199999,558758062.20970900,2200934,363308.68930000,286636589.35211900
1753315200000,2025-07-24 00:00:00,776.74000000,786.16000000,742.62000000,770.74000000,363436.73700000,1753401599999,279037336.76837000,1671053,177916.13300000,136701763.84530000
1753401600000,2025-07-25 00:00:00,770.74000000,786.00000000,752.22000000,785.45000000,284068.12100000,1753487999999,218078862.99362000,1384684,143185.40400000,109985208.90641000
1753488000000,2025-07-26 00:00:00,785.44000000,798.00000000,778.28000000,793.29000000,128764.39100000,1753574399999,101212044.16622000,550872,67212.86500000,52833457.76380000
1753574400000,2025-07-27 00:00:00,793.30000000,847.12000000,791.04000000,844.00000000,397296.25550000,1753660799999,324733711.47652630,1227811,223367.12950000,182603893.10905630
1753660800000,2025-07-28 00:00:00,844.00000000,861.10000000,820.64000000,824.07000000,517734.69120000,1753747199999,436930876.44892700,1777923,270394.32980000,228409553.04859700
1753747200000,2025-07-29 00:00:00,824.07000000,835.06000000,800.12000000,805.10000000,427366.13200000,1753833599999,349478646.03652000,1731840,200895.06000000,164406656.81907000
1753833600000,2025-07-30 00:00:00,805.11000000,811.64000000,766.21000000,793.51000000,369598.73600000,1753919999999,292598414.78571000,1494587,185037.99600000,146591446.45198000
1753920000000,2025-07-31 00:00:00,793.51000000,814.80000000,781.38000000,783.14000000,335026.14500000,1754006399999,268061917.80243000,1282644,170066.86200000,136035312.43748000
1754006400000,2025-08-01 00:00:00,783.13000000,795.40000000,744.69000000,757.08000000,393831.55800000,1754092799999,303104688.78998000,1865479,182408.19600000,140519509.09347000
1754092800000,2025-08-02 00:00:00,757.08000000,770.11000000,732.36000000,736.42000000,209282.99200000,1754179199999,157038728.09590000,1112572,99390.66600000,74658809.81908000
1754179200000,2025-08-03 00:00:00,736.43000000,755.53000000,730.01000000,751.21000000,142700.96500000,1754265599999,106592055.52365000,668939,67936.62100000,50736940.57058000
1754265600000,2025-08-04 00:00:00,751.21000000,770.00000000,750.47000000,768.63000000,171505.40600000,1754351999999,130422799.09016000,719115,85212.82400000,64806460.40334000
1754352000000,2025-08-05 00:00:00,768.62000000,769.79000000,745.11000000,755.13000000,179458.96000000,1754438399999,135631922.09486000,978941,90442.15700000,68318390.94219000
1754438400000,2025-08-06 00:00:00,755.13000000,774.84000000,746.26000000,769.55000000,163684.71000000,1754524799999,124894215.68082000,768132,90487.24200000,69129781.73795000
1754524800000,2025-08-07 00:00:00,769.55000000,788.68000000,764.17000000,788.67000000,188106.80200000,1754611199999,145543031.21357000,691791,95229.39000000,73741019.20331000
1754611200000,2025-08-08 00:00:00,788.67000000,798.50000000,780.74000000,793.50000000,195309.71800000,1754697599999,154082425.69663000,900983,102280.52300000,80686328.59771000
1754697600000,2025-08-09 00:00:00,793.50000000,819.44000000,792.81000000,798.83000000,202384.75300000,1754783999999,163260549.46883000,747875,106002.52500000,85496702.02823000
1754784000000,2025-08-10 00:00:00,798.83000000,815.50000000,793.68000000,807.22000000,162735.30300000,1754870399999,130869121.44240000,744916,84194.25500000,67729891.56969000
1754870400000,2025-08-11 00:00:00,807.22000000,827.59000000,792.00000000,805.09000000,316220.57200000,1754956799999,255934175.20574000,1304619,159105.54000000,128905517.82569000
1754956800000,2025-08-12 00:00:00,805.09000000,839.90000000,797.73000000,832.47000000,268762.25900000,1755043199999,219773129.75768000,1077867,136756.86300000,111921691.07628000
1755043200000,2025-08-13 00:00:00,832.48000000,858.89000000,828.23000000,848.01000000,395861.31300000,1755129599999,334799833.79984000,1373115,213368.70000000,180437594.27409000
1755129600000,2025-08-14 00:00:00,848.02000000,869.40000000,820.60000000,840.42000000,592656.97930000,1755215999999,502655557.96402900,2131970,307421.76930000,260924537.57460900
1755216000000,2025-08-15 00:00:00,840.42000000,853.53000000,812.57000000,827.81000000,252091.10800000,1755302399999,210411186.81867000,1250650,125371.35700000,104746279.14708000
1755302400000,2025-08-16 00:00:00,827.80000000,839.79000000,825.06000000,838.71000000,114512.10000000,1755388799999,95367308.35974000,558186,57741.78900000,48092809.98405000
1755388800000,2025-08-17 00:00:00,838.71000000,864.00000000,838.04000000,855.38000000,164953.85600000,1755475199999,140814256.94088000,711532,85941.17800000,73361835.19066000
1755475200000,2025-08-18 00:00:00,855.38000000,858.51000000,825.00000000,846.99000000,233741.60300000,1755561599999,196010871.99911000,1162125,112962.37800000,94741227.49797000
1755561600000,2025-08-19 00:00:00,847.00000000,851.95000000,823.00000000,824.11000000,211802.02600000,1755647999999,177598520.77224000,1210799,101328.61300000,85012948.38965000
1755648000000,2025-08-20 00:00:00,824.10000000,881.02000000,818.57000000,869.05000000,392159.86150000,1755734399999,332759264.45614560,1503538,229884.37250000,195163841.01130560
1755734400000,2025-08-21 00:00:00,869.05000000,883.86000000,833.46000000,839.49000000,277889.67600000,1755820799999,237896920.48474400,1224435,134901.03400000,115559615.09143400
1755820800000,2025-08-22 00:00:00,839.49000000,900.71000000,839.23000000,900.21000000,430842.53170000,1755907199999,375716244.24275500,1822909,229741.10650000,200771625.31315500
1755907200000,2025-08-23 00:00:00,900.20000000,900.21000000,875.55000000,880.42000000,209279.87200000,1755993599999,185676260.62180000,1034502,103983.50700000,92276333.96207000
1755993600000,2025-08-24 00:00:00,880.42000000,886.66000000,859.34000000,876.51000000,289492.31700000,1756079999999,252241190.91150000,1153575,140966.98400000,122826473.16471000
1756080000000,2025-08-25 00:00:00,876.51000000,880.75000000,832.76000000,839.32000000,320570.15500000,1756166399999,275451434.76334000,1681385,150312.58700000,129269289.85963000
1756166400000,2025-08-26 00:00:00,839.32000000,868.00000000,829.59000000,863.70000000,194882.08900000,1756252799999,164870874.54430000,1093286,100778.36600000,85259956.41962000
1756252800000,2025-08-27 00:00:00,863.70000000,867.10000000,852.90000000,855.18000000,135243.45700000,1756339199999,116374619.66615000,889218,67510.65600000,58101264.69142000
1756339200000,2025-08-28 00:00:00,855.18000000,881.36000000,850.85000000,873.47000000,232414.92200000,1756425599999,202249121.93069000,1156281,119041.24400000,103607827.66997000
1756425600000,2025-08-29 00:00:00,873.48000000,878.00000000,850.19000000,862.30000000,180524.21900000,1756511999999,155483294.41144000,1018319,89373.10800000,76991374.71728000
1756512000000,2025-08-30 00:00:00,862.30000000,864.00000000,851.61000000,862.00000000,101039.98100000,1756598399999,86722431.33024000,565600,50717.43600000,43534276.98140000
1756598400000,2025-08-31 00:00:00,862.00000000,867.70000000,857.00000000,857.65000000,94241.19300000,1756684799999,81214520.85845000,556584,46655.06500000,40207234.55687000
1756684800000,2025-09-01 00:00:00,857.66000000,869.15000000,840.00000000,845.68000000,254185.71500000,1756771199999,217105498.75903000,1222034,122408.21100000,104558867.42947000
1756771200000,2025-09-02 00:00:00,845.68000000,856.68000000,840.71000000,851.80000000,164333.16900000,1756857599999,139702195.82979000,786975,83243.64000000,70781670.94246000
1756857600000,2025-09-03 00:00:00,851.80000000,864.06000000,848.91000000,854.76000000,116453.02200000,1756943999999,99662265.22545000,518178,58595.21600000,50147647.78493000
1756944000000,2025-09-04 00:00:00,854.76000000,856.72000000,841.10000000,843.63000000,108195.90200000,1757030399999,91679289.64725000,512461,52506.21200000,44499283.92529000
1757030400000,2025-09-05 00:00:00,843.62000000,857.73000000,842.22000000,850.14000000,120856.95100000,1757116799999,102670054.02438000,515156,61679.72800000,52394158.76185000
1757116800000,2025-09-06 00:00:00,850.14000000,865.00000000,849.55000000,860.85000000,144234.05400000,1757203199999,123901879.62194000,468263,79139.51100000,67983868.76774000
1757203200000,2025-09-07 00:00:00,860.86000000,884.05000000,860.55000000,880.05000000,136538.05800000,1757289599999,118996279.84708000,463226,78818.68400000,68690117.28428000
1757289600000,2025-09-08 00:00:00,880.05000000,885.85000000,870.01000000,878.08000000,177574.78100000,1757375999999,156027069.01887000,604041,88857.79900000,78090749.53226000
1757376000000,2025-09-09 00:00:00,878.08000000,884.83000000,871.38000000,880.01000000,150610.03000000,1757462399999,132237315.63281000,534537,77396.47500000,67956595.57889000
1757462400000,2025-09-10 00:00:00,880.00000000,907.38000000,877.04000000,893.77000000,306830.17800000,1757548799999,274181538.83569200,870907,167609.24200000,149803130.19170200
1757548800000,2025-09-11 00:00:00,893.77000000,904.53000000,888.38000000,902.77000000,179913.18200000,1757635199999,161378078.80814000,594895,97118.25100000,87126782.63552000
1757635200000,2025-09-12 00:00:00,902.77000000,929.90000000,901.41000000,924.80000000,240267.93720000,1757721599999,219285340.43978610,864607,137603.56020000,125603906.36915610
1757721600000,2025-09-13 00:00:00,924.81000000,943.86000000,922.11000000,933.68000000,251751.23240000,1757807999999,234836986.25964120,951149,136074.67840000,126943924.07524120
1757808000000,2025-09-14 00:00:00,933.68000000,944.95000000,921.91000000,926.51000000,159814.97500000,1757894399999,149043322.80995000,733414,78121.95800000,72879175.20157000
1757894400000,2025-09-15 00:00:00,926.51000000,935.72000000,910.64000000,919.68000000,175249.08700000,1757980799999,161428141.25427000,887020,83975.30300000,77357811.00672000
1757980800000,2025-09-16 00:00:00,919.68000000,959.00000000,916.66000000,955.65000000,284918.83850000,1758067199999,267637447.74703920,1095803,155360.56850000,146006363.52833920
1758067200000,2025-09-17 00:00:00,955.65000000,995.44000000,946.10000000,989.98000000,362193.19580000,1758153599999,348652678.69459790,1312915,193355.21280000,186224816.39194790
1758153600000,2025-09-18 00:00:00,989.97000000,1006.88000000,979.48000000,981.04000000,402672.56170000,1758239999999,400199947.42999750,1191548,210970.11080000,209746900.34663850
1758240000000,2025-09-19 00:00:00,981.05000000,1002.99000000,973.90000000,984.10000000,333582.76100000,1758326399999,329790921.50354000,1203920,161324.09000000,159544427.46312000
1758326400000,2025-09-20 00:00:00,984.10000000,1048.00000000,982.90000000,1043.77000000,380966.07660000,1758412799999,385737171.31240270,1387842,204009.31260000,206539358.82707270
1758412800000,2025-09-21 00:00:00,1043.77000000,1083.47000000,1039.20000000,1047.80000000,464411.28230000,1758499199999,492520656.67600100,1957353,234433.91030000,248564632.99905300
1758499200000,2025-09-22 00:00:00,1047.80000000,1050.55000000,976.89000000,992.90000000,588730.39600000,1758585599999,596953882.44591000,2238187,302464.67300000,306745884.65365000
1758585600000,2025-09-23 00:00:00,992.90000000,1027.37000000,962.38000000,1015.98000000,420071.07000000,1758671999999,421467277.89249000,1841480,206907.38300000,207590168.43541000
1758672000000,2025-09-24 00:00:00,1015.98000000,1034.50000000,991.46000000,1018.49000000,363049.88200000,1758758399999,369092358.89094000,1604582,175023.36100000,177929332.39975000
1758758400000,2025-09-25 00:00:00,1018.49000000,1019.90000000,939.55000000,945.90000000,635121.25400000,1758844799999,621318167.97413000,2137489,341635.07700000,333745502.85461000
1758844800000,2025-09-26 00:00:00,945.90000000,966.23000000,932.01000000,960.80000000,384757.51400000,1758931199999,364408611.11634000,1633419,188127.47400000,178247962.08749000
1758931200000,2025-09-27 00:00:00,960.81000000,985.79000000,955.56000000,968.45000000,245246.41500000,1759017599999,238037235.70271000,1042251,129612.97600000,125820005.85085000
1759017600000,2025-09-28 00:00:00,968.46000000,993.65000000,962.68000000,993.01000000,188486.48000000,1759103999999,183624760.07743000,890962,97493.14300000,95003694.12573000
1759104000000,2025-09-29 00:00:00,993.01000000,1036.00000000,991.12000000,1029.79000000,291982.50000000,1759190399999,295253054.46815000,1569259,152387.58700000,154108704.62624000
1759190400000,2025-09-30 00:00:00,1029.79000000,1034.01000000,992.93000000,1008.51000000,258830.97100000,1759276799999,261981911.10553000,1437959,125550.31400000,127115998.78195000
1759276800000,2025-10-01 00:00:00,1008.51000000,1036.20000000,1003.35000000,1026.50000000,269007.81100000,1759363199999,274516783.81454000,1361838,134619.18100000,137409284.13043000
1759363200000,2025-10-02 00:00:00,1026.50000000,1099.22000000,1022.01000000,1090.22000000,380679.44500000,1759449599999,401900249.30658000,1876448,206307.66000000,217870288.54631000
1759449600000,2025-10-03 00:00:00,1090.22000000,1192.42000000,1083.84000000,1189.40000000,744996.72060000,1759535999999,842965061.36155700,3184974,382953.09060000,433406447.50935700
1759536000000,2025-10-04 00:00:00,1189.40000000,1190.47000000,1134.93000000,1150.75000000,337438.50900000,1759622399999,390930674.94389000,1735291,168230.68000000,194923733.44062000
1759622400000,2025-10-05 00:00:00,1150.75000000,1189.00000000,1143.14000000,1167.38000000,306730.17800000,1759708799999,357420641.03322000,1748354,156620.12400000,182505689.04852000
1759708800000,2025-10-06 00:00:00,1167.38000000,1239.94000000,1161.85000000,1223.19000000,587477.56010000,1759795199999,711781233.38062700,2594739,322533.08910000,390607090.40283700
1759795200000,2025-10-07 00:00:00,1223.17000000,1349.99000000,1204.61000000,1304.43000000,1351678.48870000,1759881599999,1737403256.53866800,5035273,692309.39670000,889580569.55324800
1759881600000,2025-10-08 00:00:00,1304.43000000,1334.19000000,1264.32000000,1307.40000000,826555.12300000,1759967999999,1076913281.89229000,3491480,400565.31600000,522191363.78719000
1759968000000,2025-10-09 00:00:00,1307.40000000,1320.00000000,1224.38000000,1255.35000000,925627.60400000,1760054399999,1178510754.12517000,3147403,461892.51800000,588360855.32562000
1760054400000,2025-10-10 00:00:00,1255.35000000,1278.52000000,860.11000000,1102.47000000,1505025.67300000,1760140799999,1738588911.96338000,4860775,711133.82200000,823393500.64635000
1760140800000,2025-10-11 00:00:00,1102.57000000,1182.76000000,1073.00000000,1135.07000000,1050905.24500000,1760227199999,1181376420.04246000,4839241,519123.14000000,583886221.52459000
1760227200000,2025-10-12 00:00:00,1135.07000000,1319.80000000,1107.43000000,1302.65000000,1205248.01600000,1760313599999,1490023746.48351000,5001950,639014.77800000,790166542.34603000
1760313600000,2025-10-13 00:00:00,1302.65000000,1375.11000000,1251.28000000,1294.55000000,1483076.97190000,1760399999999,1944702007.14038000,5971974,736421.54890000,966457857.04594000
1760400000000,2025-10-14 00:00:00,1294.54000000,1318.26000000,1143.01000000,1208.52000000,1398659.78200000,1760486399999,1691229151.13683000,6244627,704859.51500000,851941399.37234000
1760486400000,2025-10-15 00:00:00,1208.55000000,1222.76000000,1148.92000000,1162.57000000,707327.74700000,1760572799999,836699442.94997000,3590517,345787.78000000,408999532.86020000
1760572800000,2025-10-16 00:00:00,1162.57000000,1195.00000000,1122.31000000,1144.83000000,716826.49700000,1760659199999,835695242.85643000,3898793,365700.31200000,426479644.71843000
1760659200000,2025-10-17 00:00:00,1144.83000000,1156.30000000,1021.00000000,1071.15000000,1066221.77100000,1760745599999,1143128765.33737000,5122105,517215.23900000,553985769.84914000
1760745600000,2025-10-18 00:00:00,1071.15000000,1131.05000000,1069.41000000,1092.43000000,419996.51700000,1760831999999,462124290.22768000,2270208,211480.18200000,232741879.61023000
1760832000000,2025-10-19 00:00:00,1092.42000000,1133.76000000,1068.04000000,1109.88000000,409987.57200000,1760918399999,451830662.14455000,2153017,200360.57100000,220873346.28155000
1760918400000,2025-10-20 00:00:00,1109.88000000,1143.20000000,1088.19000000,1100.19000000,481311.05500000,1761004799999,535214259.16311000,2579921,240131.89900000,267060352.48514000
1761004800000,2025-10-21 00:00:00,1100.20000000,1114.53000000,1052.46000000,1057.16000000,541524.50100000,1761091199999,586956054.55562000,2763340,274216.39800000,297231090.64000000
1761091200000,2025-10-22 00:00:00,1057.16000000,1083.80000000,1053.25000000,1071.82000000,397249.06200000,1761177599999,424924796.09075000,2326963,199920.66000000,213900404.13212000
1761177600000,2025-10-23 00:00:00,1071.83000000,1161.90000000,1071.83000000,1126.72000000,774946.71800000,1761263999999,864047274.96687000,3416697,404035.95400000,450611405.94940000
1761264000000,2025-10-24 00:00:00,1126.71000000,1144.17000000,1097.39000000,1109.01000000,342712.64200000,1761350399999,385108586.81592000,1924437,163399.02700000,183665207.63432000
1761350400000,2025-10-25 00:00:00,1109.00000000,1120.89000000,1100.96000000,1116.53000000,162716.58300000,1761436799999,181193804.95172000,845838,83427.02400000,92946786.86058000
1761436800000,2025-10-26 00:00:00,1116.53000000,1143.35000000,1114.48000000,1138.19000000,240939.54500000,1761523199999,272038928.29650000,1275693,126021.89900000,142331655.24916000
1761523200000,2025-10-27 00:00:00,1138.19000000,1182.60000000,1131.44000000,1138.88000000,494467.69500000,1761609599999,569610822.72901000,2424722,244914.98900000,282359009.87450000
1761609600000,2025-10-28 00:00:00,1138.88000000,1148.94000000,1074.00000000,1103.45000000,351579.17000000,1761695999999,395192652.33630000,2071891,166518.04900000,187396501.34634000
1761696000000,2025-10-29 00:00:00,1103.45000000,1121.35000000,1082.59000000,1107.70000000,459713.49600000,1761782399999,510072430.34674000,2344960,239150.86500000,265443635.42243000
1761782400000,2025-10-30 00:00:00,1107.70000000,1129.55000000,1043.48000000,1079.05000000,508291.65700000,1761868799999,554615753.48928000,2818780,235298.16000000,257309667.96140000
1761868800000,2025-10-31 00:00:00,1079.06000000,1104.93000000,1071.43000000,1088.90000000,537669.64600000,1761955199999,584994779.09792000,2726472,274414.77300000,298625330.04871000
1761955200000,2025-11-01 00:00:00,1088.90000000,1096.93000000,1081.80000000,1094.53000000,163493.54800000,1762041599999,178160836.27944000,851250,83188.16600000,90662232.28008000
1762041600000,2025-11-02 00:00:00,1094.54000000,1094.92000000,1071.74000000,1083.25000000,132402.54800000,1762127999999,143615965.50532000,808562,62500.15300000,67818669.70905000
1762128000000,2025-11-03 00:00:00,1083.25000000,1087.24000000,960.18000000,993.54000000,685198.88500000,1762214399999,695307374.09516000,3297405,309069.79300000,313383637.02508000
1762214400000,2025-11-04 00:00:00,993.54000000,1002.12000000,880.80000000,936.77000000,985275.51800000,1762300799999,924046511.24224000,4907198,470001.86900000,441064484.81879000
1762300800000,2025-11-05 00:00:00,936.79000000,969.27000000,900.39000000,959.33000000,526144.02700000,1762387199999,497402208.36976000,2910960,260609.72100000,246595929.00892000
1762387200000,2025-11-06 00:00:00,959.32000000,965.23000000,925.07000000,950.40000000,312622.42500000,1762473599999,295927015.25126000,1985255,145839.98800000,138115238.75317000
1762473600000,2025-11-07 00:00:00,950.40000000,995.60000000,925.70000000,991.15000000,452713.50400000,1762559999999,434871852.02567000,2719761,229360.69600000,220497299.67699000
1762560000000,2025-11-08 00:00:00,991.14000000,1007.41000000,980.05000000,991.03000000,301705.68900000,1762646399999,300155965.29685000,1766264,157480.25300000,156707937.67593000
1762646400000,2025-11-09 00:00:00,991.01000000,1007.16000000,975.84000000,996.63000000,256660.74800000,1762732799999,254503411.11084000,1363066,127015.17400000,126001516.43329000
1762732800000,2025-11-10 00:00:00,996.63000000,1019.56000000,976.22000000,991.98000000,281128.79600000,1762819199999,280689673.13887000,1713723,142152.53600000,142012713.98966000
1762819200000,2025-11-11 00:00:00,991.99000000,1008.60000000,956.08000000,958.08000000,283951.86900000,1762905599999,278122345.76054000,1791482,137190.32400000,134393641.90685000
1762905600000,2025-11-12 00:00:00,958.08000000,978.61000000,937.90000000,952.86000000,216987.11600000,1762991999999,207895272.16893000,1541836,103578.75700000,99314240.33867000
1762992000000,2025-11-13 00:00:00,952.87000000,972.20000000,905.72000000,927.15000000,334345.07800000,1763078399999,314259121.50930000,2155736,157981.14200000,148567800.50126000
1763078400000,2025-11-14 00:00:00,927.15000000,934.04000000,887.88000000,915.25000000,438193.00800000,1763164799999,401204627.31223000,2900970,212559.62700000,194718210.24603000
1763164800000,2025-11-15 00:00:00,915.26000000,945.22000000,914.91000000,932.28000000,161984.70500000,1763251199999,151171632.97185000,1147540,83545.16200000,77975615.54439000
1763251200000,2025-11-16 00:00:00,932.27000000,949.77000000,908.16000000,926.56000000,252157.87700000,1763337599999,233987143.94290000,1826002,123974.10300000,115036406.07924000
1763337600000,2025-11-17 00:00:00,926.59000000,939.55000000,891.72000000,907.36000000,332891.85600000,1763423999999,305134278.30436000,2543671,164328.16200000,150687378.48676000
1763424000000,2025-11-18 00:00:00,907.36000000,939.99000000,884.40000000,932.79000000,357275.45800000,1763510399999,326663851.75577000,2340875,174818.15100000,160001834.86441000
1763510400000,2025-11-19 00:00:00,932.79000000,941.06000000,872.38000000,897.77000000,296358.27400000,1763596799999,268307936.85822000,2057310,140186.73400000,127014889.22146000
1763596800000,2025-11-20 00:00:00,897.78000000,917.00000000,865.57000000,866.51000000,301802.98100000,1763683199999,269032673.70796000,2087055,145347.84200000,129622654.84345000
1763683200000,2025-11-21 00:00:00,866.51000000,877.33000000,790.79000000,830.46000000,654486.04900000,1763769599999,542979217.98351000,3636424,295511.99200000,244915626.95955000
1763769600000,2025-11-22 00:00:00,830.47000000,842.93000000,813.77000000,833.78000000,167225.62000000,1763855999999,138427266.23421000,1454706,85229.79600000,70577104.07508000
1763856000000,2025-11-23 00:00:00,833.78000000,855.46000000,833.28000000,843.60000000,167524.17700000,1763942399999,141704290.78926000,1017588,85621.41500000,72427378.55116000
1763942400000,2025-11-24 00:00:00,843.60000000,876.30000000,830.01000000,864.92000000,248464.80200000,1764028799999,211511619.02536000,1555651,122761.45300000,104595413.37978000
1764028800000,2025-11-25 00:00:00,864.90000000,867.66000000,837.47000000,862.57000000,158750.85900000,1764115199999,135823380.71101000,1086897,81815.91400000,70017508.58130000
1764115200000,2025-11-26 00:00:00,862.58000000,897.25000000,851.72000000,891.78000000,159649.39200000,1764201599999,139460353.89772000,1047100,85460.97500000,74679484.24214000
1764201600000,2025-11-27 00:00:00,891.77000000,904.86000000,883.80000000,895.74000000,141249.08400000,1764287999999,126273074.47225000,811084,70142.17400000,62702913.74777000
1764288000000,2025-11-28 00:00:00,895.75000000,906.50000000,876.15000000,887.19000000,174843.67700000,1764374399999,155822041.55361000,1120706,86675.71300000,77279996.72268000
1764374400000,2025-11-29 00:00:00,887.20000000,889.00000000,868.25000000,872.90000000,80059.93200000,1764460799999,70344820.67889000,540333,40731.39800000,35789496.16716000
1764460800000,2025-11-30 00:00:00,872.90000000,899.75000000,869.56000000,875.31000000,106230.58700000,1764547199999,94178228.95986000,654131,49757.22300000,44105291.16189000
1764547200000,2025-12-01 00:00:00,875.30000000,877.12000000,801.70000000,826.61000000,342746.38500000,1764633599999,283999640.03460000,1933181,163235.52600000,135225010.56878000
1764633600000,2025-12-02 00:00:00,826.60000000,885.00000000,820.46000000,876.61000000,233149.68000000,1764719999999,199034705.02779000,1487908,114697.36900000,97959855.65734000
1764720000000,2025-12-03 00:00:00,876.60000000,922.63000000,873.60000000,920.76000000,227309.92900000,1764806399999,204499249.05121000,1408052,119458.34500000,107497858.30637000
1764806400000,2025-12-04 00:00:00,920.77000000,928.24000000,886.79000000,899.92000000,165779.56300000,1764892799999,150836824.66394000,1257410,77610.01800000,70634698.06641000
1764892800000,2025-12-05 00:00:00,899.92000000,907.92000000,870.18000000,883.57000000,137493.99900000,1764979199999,122346994.84129000,1186200,66251.00800000,58961517.16322000
1764979200000,2025-12-06 00:00:00,883.57000000,897.90000000,878.01000000,890.38000000,81289.98100000,1765065599999,72211284.20858000,708493,41775.59800000,37113496.91795000
1765065600000,2025-12-07 00:00:00,890.38000000,906.00000000,870.23000000,894.37000000,131888.81400000,1765151999999,117366943.71489000,1094327,63160.20600000,56211422.09879000
1765152000000,2025-12-08 00:00:00,894.38000000,913.29000000,888.93000000,897.12000000,121354.06000000,1765238399999,109535418.55455000,1140074,60892.30400000,54967902.64749000
1765238400000,2025-12-09 00:00:00,897.13000000,928.00000000,881.78000000,897.30000000,209645.57300000,1765324799999,189336040.76546000,1384532,106836.52100000,96534270.99141000
1765324800000,2025-12-10 00:00:00,897.30000000,915.00000000,884.27000000,893.43000000,186333.02100000,1765411199999,166693561.34981000,1320366,91267.13100000,81682306.99892000
1765411200000,2025-12-11 00:00:00,893.43000000,894.70000000,859.54000000,885.91000000,182476.86400000,1765497599999,159114587.16925000,1436206,89551.25100000,78087246.61168000
1765497600000,2025-12-12 00:00:00,885.92000000,896.07000000,870.58000000,881.58000000,110640.46600000,1765583999999,97852155.11364000,973955,55359.36900000,48960825.04721000
1765584000000,2025-12-13 00:00:00,881.59000000,904.22000000,880.32000000,896.82000000,92401.05400000,1765670399999,82431393.00693000,650049,45648.03400000,40719760.75081000
1765670400000,2025-12-14 00:00:00,896.82000000,899.50000000,870.11000000,877.27000000,110914.02800000,1765756799999,98442378.82563000,858682,53288.16400000,47297859.89274000
1765756800000,2025-12-15 00:00:00,877.27000000,895.42000000,840.75000000,858.60000000,210867.87100000,1765843199999,182971113.85925000,1586386,102082.21200000,88569487.21228000
1765843200000,2025-12-16 00:00:00,858.61000000,878.44000000,847.00000000,875.63000000,240835.33600000,1765929599999,208552022.88205000,1573030,120674.01200000,104517730.37088000
1765929600000,2025-12-17 00:00:00,875.64000000,876.16000000,833.39000000,843.07000000,378073.20900000,1766015999999,324665474.75020000,2026373,186513.85400000,160271429.96388000
1766016000000,2025-12-18 00:00:00,843.07000000,853.49000000,818.39000000,830.07000000,432024.87800000,1766102399999,361452776.18740000,2203650,212515.73400000,177839240.82406000
1766102400000,2025-12-19 00:00:00,830.08000000,862.33000000,822.38000000,856.17000000,1227346.95700000,1766188799999,1035735760.17278000,2543581,611085.35900000,515719442.03958000
1766188800000,2025-12-20 00:00:00,856.17000000,859.70000000,850.90000000,854.17000000,57015.13200000,1766275199999,48685094.40048000,389041,26548.82800000,22671232.73591000
1766275200000,2025-12-21 00:00:00,854.17000000,859.91000000,845.50000000,858.64000000,69986.81700000,1766361599999,59650811.23645000,577502,36114.11100000,30794152.84500000
1766361600000,2025-12-22 00:00:00,858.63000000,871.00000000,850.85000000,858.66000000,147275.98800000,1766447999999,127026489.46550000,994531,73524.19000000,63422387.81425000
1766448000000,2025-12-23 00:00:00,858.67000000,861.46000000,838.24000000,844.30000000,103894.87400000,1766534399999,88114840.52677000,770380,49716.20000000,42169275.33845000
1766534400000,2025-12-24 00:00:00,844.30000000,850.00000000,835.21000000,846.58000000,84917.78100000,1766620799999,71413872.14449000,769130,38828.17000000,32662728.83526000
1766620800000,2025-12-25 00:00:00,846.57000000,847.99000000,826.81000000,829.64000000,72777.08700000,1766707199999,61067016.30325000,602493,32470.97700000,27255146.58131000
1766707200000,2025-12-26 00:00:00,829.63000000,847.16000000,821.21000000,834.72000000,120232.78600000,1766793599999,100443874.53481000,1020709,58978.15800000,49269471.08936000
1766793600000,2025-12-27 00:00:00,834.72000000,846.54000000,834.00000000,845.04000000,89882.36600000,1766879999999,75505665.25729000,602676,44539.63900000,37414508.36878000
1766880000000,2025-12-28 00:00:00,845.05000000,867.22000000,839.20000000,859.32000000,91601.98600000,1766966399999,78245545.48423000,640033,49261.81300000,42081221.77039000
1766966400000,2025-12-29 00:00:00,859.32000000,872.12000000,846.00000000,852.46000000,127151.44700000,1767052799999,109137090.48325000,901806,67983.02000000,58347935.33990000
1767052800000,2025-12-30 00:00:00,852.46000000,864.05000000,848.70000000,861.65000000,73233.04700000,1767139199999,62791986.89210000,583039,36371.56000000,31187458.21071000
1767139200000,2025-12-31 00:00:00,861.66000000,877.29000000,857.69000000,864.30000000,149994.61800000,1767225599999,129779137.07024000,803509,76703.12000000,66376872.20347000
1767225600000,2026-01-01 00:00:00,864.31000000,874.51000000,856.14000000,864.39000000,80713.66200000,1767311999999,69705177.29618000,492045,38671.27400000,33399332.81613000
1767312000000,2026-01-02 00:00:00,864.40000000,891.14000000,859.64000000,881.25000000,129071.74200000,1767398399999,112918887.64463000,855739,65998.24800000,57744814.80021000
1767398400000,2026-01-03 00:00:00,881.25000000,884.24000000,868.65000000,878.63000000,79965.20500000,1767484799999,70042659.04160000,496690,40425.96800000,35412887.44276000
1767484800000,2026-01-04 00:00:00,878.64000000,902.85000000,878.47000000,895.43000000,118687.10700000,1767571199999,105626153.85529000,679228,61488.12400000,54729999.20338000
1767571200000,2026-01-05 00:00:00,895.43000000,916.55000000,890.59000000,910.31000000,140352.78500000,1767657599999,126791973.03969000,902286,76401.10700000,69035346.07709000
1767657600000,2026-01-06 00:00:00,910.31000000,923.93000000,891.66000000,917.64000000,166897.18900000,1767743999999,152112813.16727000,980125,85118.88600000,77620429.52403000
1767744000000,2026-01-07 00:00:00,917.64000000,920.27000000,892.64000000,900.30000000,148651.79000000,1767830399999,135043755.77855000,945321,77070.01600000,70047482.07327000
1767830400000,2026-01-08 00:00:00,900.31000000,905.00000000,875.10000000,892.26000000,134522.75500000,1767916799999,119360812.46211000,864836,67296.32200000,59719521.70349000
1767916800000,2026-01-09 00:00:00,892.27000000,901.06000000,885.28000000,896.86000000,81581.36700000,1768003199999,72871176.25689000,626159,44058.99800000,39362730.00733000
1768003200000,2026-01-10 00:00:00,896.87000000,915.91000000,896.81000000,907.93000000,124912.49300000,1768089599999,113143829.40285000,720398,60489.08600000,54780867.73386000
1768089600000,2026-01-11 00:00:00,907.93000000,917.33000000,898.75000000,904.32000000,98621.08100000,1768175999999,89755695.35323000,551818,48956.10200000,44564691.69234000
1768176000000,2026-01-12 00:00:00,904.32000000,910.81000000,894.00000000,905.78000000,108522.17300000,1768262399999,98140526.01559000,729122,58438.71200000,52870006.46245000
1768262400000,2026-01-13 00:00:00,905.79000000,952.96000000,902.25000000,943.73000000,311914.99700000,1768348799999,287537661.49460000,1182451,171151.84000000,157938319.61699000
1768348800000,2026-01-14 00:00:00,943.73000000,954.68000000,928.50000000,948.47000000,183208.69800000,1768435199999,172676671.03025000,1013997,93058.32400000,87776302.34324000
1768435200000,2026-01-15 00:00:00,948.48000000,948.85000000,924.05000000,931.20000000,131201.46800000,1768521599999,122818352.97477000,838980,64545.32300000,60443814.79394000
1768521600000,2026-01-16 00:00:00,931.21000000,939.43000000,923.69000000,938.16000000,77470.38300000,1768607999999,72238110.19100000,542202,39861.23500000,37172331.41307000
1768608000000,2026-01-17 00:00:00,938.17000000,959.52000000,935.50000000,947.12000000,86187.33100000,1768694399999,81544127.02514000,486259,47898.47600000,45314044.36417000
1768694400000,2026-01-18 00:00:00,947.11000000,953.33000000,931.70000000,932.51000000,76848.25000000,1768780799999,72695033.76926000,500379,38693.92200000,36627876.08985000
1768780800000,2026-01-19 00:00:00,932.51000000,932.51000000,901.00000000,923.60000000,209440.56000000,1768867199999,193182830.06014000,1093909,106777.17200000,98514086.74366000
1768867200000,2026-01-20 00:00:00,923.60000000,933.13000000,884.00000000,884.20000000,163760.22900000,1768953599999,148812503.80793000,1078653,80329.91100000,73067904.95212000
1768953600000,2026-01-21 00:00:00,884.19000000,893.69000000,864.54000000,883.36000000,201618.22100000,1769039999999,177017116.38232000,1266425,95725.14000000,84080128.93753000
1769040000000,2026-01-22 00:00:00,883.35000000,897.58000000,878.18000000,888.06000000,98786.47200000,1769126399999,87897354.20676000,652610,48146.36600000,42831815.33447000
1769126400000,2026-01-23 00:00:00,888.06000000,904.99000000,883.10000000,891.63000000,96135.61000000,1769212799999,85731004.65856000,744307,49308.35800000,43971852.13853000
1769212800000,2026-01-24 00:00:00,891.62000000,894.24000000,886.53000000,887.17000000,51272.56300000,1769299199999,45676993.99040000,323050,24974.23200000,22249623.64456000
1769299200000,2026-01-25 00:00:00,887.18000000,887.75000000,856.00000000,866.02000000,120780.22600000,1769385599999,105238816.20596000,741112,57269.77500000,49889322.25928000
1769385600000,2026-01-26 00:00:00,866.02000000,881.44000000,864.91000000,879.41000000,102700.70400000,1769471999999,89665450.66266000,629068,50373.11200000,43985430.34772000
1769472000000,2026-01-27 00:00:00,879.41000000,901.22000000,876.20000000,898.36000000,138529.63900000,1769558399999,122795528.32960000,712731,58333.25200000,51753928.57541000
1769558400000,2026-01-28 00:00:00,898.35000000,909.43000000,894.41000000,902.91000000,110273.24000000,1769644799999,99488384.44138000,638568,52283.92200000,47172863.83388000
1769644800000,2026-01-29 00:00:00,902.92000000,906.67000000,852.81000000,868.69000000,270228.68600000,1769731199999,238573056.22689000,1294083,137421.51900000,121392282.76294000
1769731200000,2026-01-30 00:00:00,868.69000000,869.77000000,831.83000000,858.81000000,295951.35400000,1769817599999,250705099.01046000,1700475,142775.00400000,120939279.88237000
1769817600000,2026-01-31 00:00:00,858.81000000,860.85000000,750.00000000,781.38000000,407306.15100000,1769903999999,325750149.78876000,2051467,187865.87600000,150274368.06224000
1769904000000,2026-02-01 00:00:00,781.39000000,789.72000000,739.63000000,758.54000000,259125.52000000,1769990399999,197918631.20065000,1778205,129427.89300000,98914837.09684000
1769990400000,2026-02-02 00:00:00,758.54000000,781.58000000,728.44000000,773.94000000,306663.48400000,1770076799999,231808183.90377000,2070386,148561.58800000,112412565.06347000
1770076800000,2026-02-03 00:00:00,773.94000000,783.57000000,736.08000000,754.78000000,243948.82300000,1770163199999,186179880.26269000,2021233,114966.79200000,87854784.81936000
1770163200000,2026-02-04 00:00:00,754.78000000,765.33000000,687.30000000,697.27000000,424472.16700000,1770249599999,307855228.98581000,2681978,189408.59800000,137616590.73430000
1770249600000,2026-02-05 00:00:00,697.27000000,703.00000000,602.17000000,608.30000000,799178.67000000,1770335999999,522394593.78958000,3847910,359020.40900000,234284590.32864000
1770336000000,2026-02-06 00:00:00,608.30000000,669.65000000,570.06000000,657.21000000,593322.59300000,1770422399999,372108743.10323000,3501250,297410.54200000,186921669.41100000
1770422400000,2026-02-07 00:00:00,657.21000000,663.88000000,630.83000000,647.00000000,217520.60100000,1770508799999,140501322.95354000,1196386,109075.41100000,70477301.57061000
1770508800000,2026-02-08 00:00:00,647.01000000,653.00000000,632.30000000,639.93000000,124172.09200000,1770595199999,79946063.82796000,868821,63666.14600000,40999988.64180000
1770595200000,2026-02-09 00:00:00,639.93000000,646.15000000,616.01000000,636.39000000,148751.24100000,1770681599999,94018464.11116000,1033241,78085.95900000,49352728.60872000
1770681600000,2026-02-10 00:00:00,636.38000000,642.00000000,613.80000000,619.85000000,153549.27000000,1770767999999,96192842.47380000,931193,77740.16900000,48700880.80463000
1770768000000,2026-02-11 00:00:00,619.85000000,624.14000000,587.14000000,608.11000000,236351.53900000,1770854399999,141941652.44398000,1068249,114159.87100000,68578559.51766000
1770854400000,2026-02-12 00:00:00,608.11000000,620.87000000,600.60000000,614.29000000,121298.45700000,1770940799999,74239627.08287000,792593,64829.55900000,39695942.72187000
1770940800000,2026-02-13 00:00:00,614.29000000,622.81000000,592.49000000,618.94000000,211419.81400000,1771027199999,128466424.29734000,992789,108867.45200000,66171421.44980000
1771027200000,2026-02-14 00:00:00,618.93000000,637.24000000,615.70000000,632.77000000,113845.92400000,1771113599999,71434358.34732000,625588,61221.91500000,38421104.00124000
1771113600000,2026-02-15 00:00:00,632.77000000,642.49000000,608.82000000,615.16000000,132426.59100000,1771199999999,82705229.27905000,756921,65706.85400000,41092268.67469000
1771200000000,2026-02-16 00:00:00,615.17000000,631.24000000,604.49000000,627.19000000,105660.88300000,1771286399999,65167083.27991000,836758,55988.25900000,34538802.00807000
1771286400000,2026-02-17 00:00:00,627.19000000,631.86000000,609.30000000,617.74000000,91934.08400000,1771372799999,57071374.85841000,770283,48525.95700000,30160097.78351000
1771372800000,2026-02-18 00:00:00,617.76000000,626.57000000,601.30000000,604.80000000,97256.01000000,1771459199999,59649032.64721000,862456,47484.44500000,29130528.63074000
1771459200000,2026-02-19 00:00:00,604.80000000,614.80000000,596.00000000,607.83000000,109354.36300000,1771545599999,66119479.69708000,824023,51640.43600000,31216282.37697000
1771545600000,2026-02-20 00:00:00,607.82000000,629.74000000,601.23000000,625.91000000,159590.80600000,1771631999999,98064976.15346000,985248,75778.13800000,46615647.40158000
1771632000000,2026-02-21 00:00:00,625.90000000,634.80000000,624.00000000,625.61000000,81656.56500000,1771718399999,51308152.44786000,503212,43774.73800000,27514880.68335000
1771718400000,2026-02-22 00:00:00,625.61000000,626.87000000,610.02000000,614.80000000,68568.87900000,1771804799999,42391475.19087000,466567,31889.43400000,19719586.75707000
1771804800000,2026-02-23 00:00:00,614.80000000,616.00000000,583.13000000,596.41000000,245062.96100000,1771891199999,146545469.16557000,1469415,114413.03700000,68417536.89703000
1771891200000,2026-02-24 00:00:00,596.40000000,602.90000000,577.06000000,583.60000000,168285.85000000,1771977599999,98873700.15517000,1203900,78272.84600000,46052177.21092000
1771977600000,2026-02-25 00:00:00,583.61000000,640.55000000,581.51000000,629.42000000,221645.31000000,1772063999999,136172252.02719000,1359372,124716.09900000,76678293.53571000
1772064000000,2026-02-26 00:00:00,629.42000000,633.83000000,614.20000000,625.74000000,126675.34400000,1772150399999,79116947.84255000,1008924,64688.18100000,40421758.98041000
1772150400000,2026-02-27 00:00:00,625.74000000,633.65000000,605.25000000,614.03000000,128167.72000000,1772236799999,79378256.08238000,886221,63885.77900000,39558362.21918000
1772236800000,2026-02-28 00:00:00,614.03000000,621.49000000,588.64000000,617.14000000,172105.10000000,1772323199999,103755874.89134000,1145377,82383.07500000,49732121.22371000
1772323200000,2026-03-01 00:00:00,617.14000000,632.16000000,610.89000000,617.96000000,169960.92700000,1772409599999,105952441.96004000,1101195,87315.21100000,54443759.01198000
1772409600000,2026-03-02 00:00:00,617.96000000,652.87000000,612.96000000,637.79000000,202581.15000000,1772495999999,128306008.70904000,1277251,105311.69800000,66713094.88404000
1772496000000,2026-03-03 00:00:00,637.79000000,643.29000000,621.00000000,633.56000000,150191.05600000,1772582399999,94808877.57976000,1181455,78791.27400000,49749845.71896000
1772582400000,2026-03-04 00:00:00,633.57000000,666.16000000,626.20000000,657.99000000,199919.68300000,1772668799999,130078197.81306000,1379237,106214.82900000,69131342.60862000
1772668800000,2026-03-05 00:00:00,658.00000000,665.42000000,646.14000000,647.85000000,128037.62400000,1772755199999,83739149.22326000,954090,61449.19400000,40204681.79691000
1772755200000,2026-03-06 00:00:00,647.85000000,651.62000000,624.77000000,627.31000000,115031.73600000,1772841599999,73307014.99299000,903096,57903.71900000,36897628.61791000
1772841600000,2026-03-07 00:00:00,627.31000000,630.19000000,617.80000000,620.26000000,63118.81400000,1772927999999,39462409.22281000,456293,31244.93600000,19539378.11573000
1772928000000,2026-03-08 00:00:00,620.27000000,624.27000000,607.86000000,611.98000000,81939.55400000,1773014399999,50532305.76370000,657174,41554.10700000,25632345.58437000
1773014400000,2026-03-09 00:00:00,611.99000000,643.00000000,611.01000000,634.64000000,121341.37600000,1773100799999,76493957.24374000,1099006,59072.78900000,37234896.23416000
1773100800000,2026-03-10 00:00:00,634.64000000,652.36000000,634.38000000,642.00000000,100783.44600000,1773187199999,64968408.80016000,971812,53258.32800000,34329214.18758000
1773187200000,2026-03-11 00:00:00,642.01000000,656.29000000,635.02000000,651.46000000,120145.81400000,1773273599999,77493770.03519000,1000059,62833.49000000,40545197.08850000
1773273600000,2026-03-12 00:00:00,651.47000000,657.70000000,641.63000000,651.72000000,101534.05600000,1773359999999,65966807.13229000,787034,53538.81300000,34784828.93979000
1773360000000,2026-03-13 00:00:00,651.72000000,679.00000000,650.34000000,655.73000000,231981.00000000,1773446399999,153973279.25295000,1473573,116308.57600000,77197706.62064000
1773446400000,2026-03-14 00:00:00,655.72000000,658.27000000,650.11000000,657.70000000,55240.26500000,1773532799999,36131084.10072000,457430,30084.50700000,19678036.25633000
1773532800000,2026-03-15 00:00:00,657.70000000,679.00000000,654.46000000,673.77000000,92999.09400000,1773619199999,61797092.11362000,790417,44476.91300000,29538546.62711000
1773619200000,2026-03-16 00:00:00,673.77000000,687.82000000,670.13000000,679.71000000,226915.25600000,1773705599999,153962533.22807000,1802402,110443.52000000,74943136.37934000
1773705600000,2026-03-17 00:00:00,679.70000000,686.53000000,663.40000000,668.61000000,147117.03300000,1773791999999,99192451.22816000,1289121,68853.62000000,46425270.15593000
1773792000000,2026-03-18 00:00:00,668.62000000,676.47000000,644.43000000,652.27000000,144505.18600000,1773878399999,95190668.30481000,1183940,70992.68100000,46830093.30900000
1773878400000,2026-03-19 00:00:00,652.28000000,656.40000000,633.32000000,639.15000000,117679.65800000,1773964799999,75669936.48842000,953730,56869.09100000,36574968.07780000
1773964800000,2026-03-20 00:00:00,639.16000000,647.65000000,636.38000000,642.11000000,96688.00200000,1774051199999,62031631.98012000,844392,52552.96800000,33721028.04522000
1774051200000,2026-03-21 00:00:00,642.11000000,646.38000000,627.76000000,630.70000000,54236.69900000,1774137599999,34733011.09930000,443462,25162.09800000,16127699.75214000
1774137600000,2026-03-22 00:00:00,630.70000000,637.70000000,622.16000000,626.41000000,102353.57900000,1774223999999,64477538.30602000,887185,50973.12000000,32113262.95012000
1774224000000,2026-03-23 00:00:00,626.41000000,650.85000000,620.33000000,639.11000000,257556.87400000,1774310399999,164379521.08965000,1612426,142531.88500000,91004577.00664000
1774310400000,2026-03-24 00:00:00,639.12000000,640.17000000,626.99000000,638.30000000,101174.29900000,1774396799999,64099145.50250000,888237,49362.18400000,31276892.84959000
1774396800000,2026-03-25 00:00:00,638.31000000,652.80000000,637.50000000,647.66000000,117518.94000000,1774483199999,75925439.33003000,837175,57922.91200000,37427284.64707000
1774483200000,2026-03-26 00:00:00,647.67000000,648.47000000,623.01000000,628.86000000,94718.07300000,1774569599999,59890896.60571000,817433,44468.83200000,28123235.10860000
1774569600000,2026-03-27 00:00:00,628.86000000,631.87000000,605.86000000,613.95000000,131734.63000000,1774655999999,81092767.48620000,886722,62179.08100000,38256554.18599000
1774656000000,2026-03-28 00:00:00,613.95000000,619.00000000,609.90000000,611.08000000,70087.88200000,1774742399999,43031613.67827000,442352,34968.11200000,21470993.65479000
1774742400000,2026-03-29 00:00:00,611.08000000,615.30000000,596.42000000,606.09000000,83411.71900000,1774828799999,50783703.52176000,565759,34998.23400000,21336298.40136000
1774828800000,2026-03-30 00:00:00,606.09000000,621.40000000,605.09000000,609.29000000,122880.08300000,1774915199999,75659973.45205000,816091,55878.60700000,34405822.37683000
1774915200000,2026-03-31 00:00:00,609.29000000,619.77000000,598.82000000,617.43000000,139130.61500000,1775001599999,84997108.68721000,949176,63421.95400000,38752299.77295000
1775001600000,2026-04-01 00:00:00,617.42000000,621.90000000,609.58000000,610.81000000,126557.56500000,1775087999999,77893570.08412000,890781,55813.27400000,34364028.55033000
1775088000000,2026-04-02 00:00:00,610.81000000,613.60000000,570.31000000,583.52000000,297618.31900000,1775174399999,174048190.49806000,1538408,133822.68600000,78138129.91235000
1775174400000,2026-04-03 00:00:00,583.52000000,590.31000000,581.93000000,588.31000000,76506.37500000,1775260799999,44847916.33419000,560310,38956.59600000,22840686.46553000
1775260800000,2026-04-04 00:00:00,588.32000000,596.58000000,587.10000000,593.36000000,59665.43400000,1775347199999,35254615.99161000,382321,28404.05700000,16782739.80976000
1775347200000,2026-04-05 00:00:00,593.36000000,604.06000000,587.13000000,601.50000000,78031.95000000,1775433599999,46287970.03219000,541348,39306.64500000,23325424.70699000
1775433600000,2026-04-06 00:00:00,601.50000000,610.29000000,596.25000000,600.11000000,104959.54900000,1775519999999,63421393.58738000,747798,51296.03600000,31002971.15877000
1775520000000,2026-04-07 00:00:00,600.10000000,624.85000000,592.20000000,620.10000000,163526.89200000,1775606399999,99075907.03912000,974587,88247.53200000,53449631.06406000
1775606400000,2026-04-08 00:00:00,620.11000000,621.46000000,599.45000000,601.16000000,162114.68600000,1775692799999,99086250.75171000,845088,69478.16400000,42474264.91138000
1775692800000,2026-04-09 00:00:00,601.15000000,612.10000000,596.94000000,603.03000000,107305.17600000,1775779199999,64745254.92078000,730222,55195.16600000,33317019.82364000
1775779200000,2026-04-10 00:00:00,603.03000000,610.34000000,597.40000000,605.54000000,104265.93200000,1775865599999,62943869.04619000,660899,54252.34600000,32751877.63507000
1775865600000,2026-04-11 00:00:00,605.54000000,614.12000000,603.40000000,607.05000000,94267.47000000,1775951999999,57229812.41951000,494689,48349.28800000,29350668.00813000
1775952000000,2026-04-12 00:00:00,607.06000000,607.44000000,589.10000000,592.19000000,103774.25100000,1776038399999,61708268.21820000,661063,50032.69800000,29741520.92888000
1776038400000,2026-04-13 00:00:00,592.19000000,617.97000000,591.60000000,614.71000000,138504.50000000,1776124799999,83667752.56120000,862725,74123.11700000,44772042.48729000
1776124800000,2026-04-14 00:00:00,614.71000000,625.38000000,610.86000000,613.75000000,173382.03100000,1776211199999,107004230.66104000,839311,94033.74400000,58046539.84419000
1776211200000,2026-04-15 00:00:00,613.75000000,627.64000000,610.45000000,622.59000000,114943.22000000,1776297599999,71047431.25430000,677788,62429.29900000,38594429.73078000
1776297600000,2026-04-16 00:00:00,622.58000000,637.40000000,614.89000000,635.77000000,131546.70100000,1776383999999,82305644.42310000,929913,67822.95100000,42456690.71190000
1776384000000,2026-04-17 00:00:00,635.77000000,645.67000000,626.66000000,643.12000000,153486.83800000,1776470399999,97715237.01149000,991499,78515.79700000,49997443.09312000
1776470400000,2026-04-18 00:00:00,643.12000000,648.79000000,628.03000000,629.90000000,119665.35900000,1776556799999,76422904.87484000,773964,59656.02900000,38098062.98558000
1776556800000,2026-04-19 00:00:00,629.90000000,630.43000000,615.00000000,616.06000000,100590.74200000,1776643199999,62599268.67886000,717165,50238.86900000,31264205.92837000
1776643200000,2026-04-20 00:00:00,616.07000000,632.08000000,615.97000000,629.26000000,92147.71100000,1776729599999,57634537.69358000,760489,47261.46400000,29558099.73428000
1776729600000,2026-04-21 00:00:00,629.26000000,640.70000000,625.00000000,631.72000000,105373.23900000,1776815999999,66708621.66780000,755473,54895.33800000,34756110.27668000
1776816000000,2026-04-22 00:00:00,631.73000000,654.19000000,631.19000000,637.47000000,134986.33900000,1776902399999,86905991.32744000,795265,67928.79900000,43741167.07420000
1776902400000,2026-04-23 00:00:00,637.47000000,640.38000000,631.00000000,638.54000000,98409.25600000,1776988799999,62573305.06496000,672282,50962.22200000,32404682.25374000
1776988800000,2026-04-24 00:00:00,638.55000000,640.49000000,632.04000000,636.21000000,70625.81800000,1777075199999,44968429.27877000,553287,38832.86100000,24728495.95456000
1777075200000,2026-04-25 00:00:00,636.21000000,638.50000000,627.15000000,628.53000000,58918.33700000,1777161599999,37311178.08933000,380618,28281.16500000,17920809.02659000
1777161600000,2026-04-26 00:00:00,628.52000000,638.06000000,627.00000000,635.76000000,54446.34000000,1777247999999,34415048.81529000,380170,28451.80200000,17985093.63523000
1777248000000,2026-04-27 00:00:00,635.77000000,639.81000000,618.38000000,626.83000000,103945.48800000,1777334399999,65310537.06297000,666672,50604.53200000,31791999.84822000
1777334400000,2026-04-28 00:00:00,626.83000000,627.58000000,619.00000000,624.55000000,62347.74200000,1777420799999,38868567.20818000,437927,29553.39100000,18423247.83405000
1777420800000,2026-04-29 00:00:00,624.56000000,629.61000000,610.26000000,617.39000000,101813.17200000,1777507199999,63262853.78308000,659343,45018.48500000,27970923.54228000
1777507200000,2026-04-30 00:00:00,617.39000000,620.53000000,613.47000000,615.38000000,78612.44500000,1777593599999,48478985.45592000,506354,31494.10600000,19424042.46485000
1777593600000,2026-05-01 00:00:00,615.38000000,622.84000000,613.79000000,615.34000000,88053.74000000,1777679999999,54465481.58650000,489616,39133.50000000,24203654.94770000
1777680000000,2026-05-02 00:00:00,615.34000000,621.81000000,614.15000000,618.03000000,51973.99400000,1777766399999,32066556.01918000,301097,24154.73000000,14904571.89852000
1777766400000,2026-05-03 00:00:00,618.03000000,622.27000000,615.09000000,617.27000000,72850.13000000,1777852799999,45057448.71424000,374245,35963.14200000,22248372.90865000
1777852800000,2026-05-04 00:00:00,617.28000000,639.00000000,615.61000000,622.63000000,206649.00100000,1777939199999,129546423.00309000,1028643,90387.02700000,56666359.07604000
1777939200000,2026-05-05 00:00:00,622.64000000,635.00000000,622.58000000,630.42000000,147021.79500000,1778025599999,92527196.40466000,707735,69968.01400000,44040964.13446000
1778025600000,2026-05-06 00:00:00,630.41000000,664.26000000,628.97000000,647.74000000,241695.25600000,1778111999999,156387243.87649000,1073411,132512.25400000,85747925.15590000
1778112000000,2026-05-07 00:00:00,647.74000000,653.49000000,633.68000000,637.02000000,144173.80900000,1778198399999,92876311.73249000,858520,69672.72200000,44899309.18288000
1778198400000,2026-05-08 00:00:00,637.02000000,651.53000000,634.76000000,649.36000000,107752.67600000,1778284799999,69043114.76978000,679524,54448.01900000,34902301.96770000
1778284800000,2026-05-09 00:00:00,649.37000000,656.00000000,646.23000000,649.75000000,98352.89200000,1778371199999,64050089.11391000,518538,47033.01900000,30638342.89282000
1778371200000,2026-05-10 00:00:00,649.76000000,666.66000000,644.84000000,663.55000000,119277.21700000,1778457599999,78052969.18864000,675636,61683.28700000,40384036.93212000
1778457600000,2026-05-11 00:00:00,663.56000000,673.00000000,649.46000000,670.60000000,183665.24500000,1778543999999,120891525.79175000,970415,96170.51600000,63351368.94178000
1778544000000,2026-05-12 00:00:00,670.60000000,671.47000000,650.49000000,664.95000000,161617.08900000,1778630399999,106821223.52236000,970952,81095.92600000,53611690.64284000
1778630400000,2026-05-13 00:00:00,664.95000000,685.68000000,663.77000000,671.68000000,226062.76800000,1778716799999,152664824.09562000,1254124,128613.91600000,86894139.01075000
1778716800000,2026-05-14 00:00:00,671.68000000,687.66000000,665.42000000,678.27000000,159800.03000000,1778803199999,108004625.97265000,1052466,88331.57800000,59709247.23393000
1778803200000,2026-05-15 00:00:00,678.28000000,689.98000000,669.16000000,672.38000000,166504.37100000,1778889599999,113246350.97474000,1067843,82737.48800000,56313792.13385000
1778889600000,2026-05-16 00:00:00,672.37000000,674.92000000,650.70000000,656.20000000,129778.33600000,1778975999999,85527861.87184000,826379,60876.38100000,40112374.58884000
1778976000000,2026-05-17 00:00:00,656.20000000,657.60000000,640.01000000,649.48000000,95811.95200000,1779062399999,62475461.32270000,560711,41853.51700000,27300658.28242000
1779062400000,2026-05-18 00:00:00,649.48000000,649.70000000,634.30000000,643.53000000,126181.22000000,1779148799999,80930592.70051000,813577,60126.18000000,38568593.51076000
1779148800000,2026-05-19 00:00:00,643.53000000,647.19000000,636.10000000,640.02000000,80953.93700000,1779235199999,51927107.78688000,564331,38490.98500000,24694397.56920000
1779235200000,2026-05-20 00:00:00,640.03000000,651.77000000,637.52000000,649.50000000,82942.65300000,1779321599999,53508039.16784000,548397,40948.37300000,26421837.27199000
1779321600000,2026-05-21 00:00:00,649.50000000,659.82000000,646.33000000,658.58000000,103055.67800000,1779407999999,67332314.04883000,616029,54064.17600000,35332500.35925000
1779408000000,2026-05-22 00:00:00,658.58000000,664.20000000,648.31000000,650.44000000,123907.62000000,1779494399999,81467709.91507000,660506,60678.79200000,39906354.04290000
1779494400000,2026-05-23 00:00:00,650.45000000,663.93000000,635.29000000,656.26000000,113009.63800000,1779580799999,73178744.49039000,651522,56032.76300000,36313912.45471000
1779580800000,2026-05-24 00:00:00,656.26000000,662.60000000,649.68000000,656.57000000,73668.17700000,1779667199999,48408849.31362000,490374,34711.50200000,22808495.49380000
1779667200000,2026-05-25 00:00:00,656.58000000,673.07000000,655.76000000,663.15000000,114244.75300000,1779753599999,75917224.40367000,631699,56871.58000000,37779123.32695000
1779753600000,2026-05-26 00:00:00,663.15000000,668.01000000,653.45000000,656.43000000,122333.28200000,1779839999999,80704734.83881000,830144,57957.19200000,38242076.46198000
1779840000000,2026-05-27 00:00:00,656.43000000,659.90000000,646.57000000,648.84000000,101737.59400000,1779926399999,66485960.09763000,665191,46798.28600000,30595516.75825000
1779926400000,2026-05-28 00:00:00,648.83000000,649.38000000,628.22000000,638.24000000,145257.68500000,1780012799999,92468552.20480000,854477,64425.45800000,41022521.82160000
1780012800000,2026-05-29 00:00:00,638.23000000,645.00000000,630.86000000,643.10000000,115255.26300000,1780099199999,73622215.81009000,702285,52149.47400000,33305489.32917000
1780099200000,2026-05-30 00:00:00,643.11000000,729.00000000,642.66000000,718.74000000,566380.96600000,1780185599999,394144069.03446000,1943687,284374.04000000,197589621.74853000
1780185600000,2026-05-31 00:00:00,718.74000000,745.74000000,703.00000000,710.55000000,380165.73200000,1780271999999,275776613.37884000,1939172,184157.90200000,133647220.41295000
1780272000000,2026-06-01 00:00:00,710.54000000,729.57000000,674.07000000,693.10000000,533342.52600000,1780358399999,372540495.34028000,2485041,264272.40300000,184601810.78221000
1780358400000,2026-06-02 00:00:00,693.10000000,695.51000000,642.47000000,650.69000000,310137.34000000,1780444799999,208057216.11828000,1717553,142739.01100000,95811945.33483000
1780444800000,2026-06-03 00:00:00,650.70000000,657.51000000,616.21000000,620.63000000,300913.44300000,1780531199999,191310282.31226000,1444090,139990.70000000,89189732.60919000
1780531200000,2026-06-04 00:00:00,620.63000000,624.57000000,588.10000000,604.53000000,401431.76500000,1780617599999,242449840.94780000,1936141,209289.56300000,126439597.14550000
1780617600000,2026-06-05 00:00:00,604.50000000,608.00000000,556.46000000,572.22000000,534838.03500000,1780703999999,310532272.74298000,2256688,260811.75600000,151612664.72072000
1780704000000,2026-06-06 00:00:00,572.17000000,584.43000000,559.68000000,574.53000000,226190.52300000,1780790399999,129951323.11359000,1039286,117225.05100000,67394406.90438000
1780790400000,2026-06-07 00:00:00,574.54000000,610.54000000,573.60000000,604.44000000,192844.36200000,1780876799999,113738381.38438000,792564,116273.04800000,68545700.70984000
1780876800000,2026-06-08 00:00:00,604.44000000,610.44000000,591.55000000,601.86000000,121475.50600000,1780963199999,73050784.51563000,689316,58962.00900000,35473278.43519000
1780963200000,2026-06-09 00:00:00,601.86000000,605.68000000,583.84000000,593.44000000,134636.72500000,1781049599999,80170071.45039000,819473,62863.35200000,37450080.30287000
1781049600000,2026-06-10 00:00:00,593.44000000,598.52000000,580.68000000,586.53000000,114846.00200000,1781135999999,67590250.38691000,710105,55887.89200000,32907999.84811000
1781136000000,2026-06-11 00:00:00,586.51000000,607.33000000,586.51000000,605.76000000,115805.92900000,1781222399999,69397543.62643000,594193,63411.62100000,37996712.57560000
1781222400000,2026-06-12 00:00:00,605.77000000,613.39000000,596.58000000,603.83000000,105336.32700000,1781308799999,63775900.54681000,565770,53463.30700000,32388952.18095000
1781308800000,2026-06-13 00:00:00,603.84000000,612.33000000,599.33000000,609.65000000,73491.15300000,1781395199999,44483001.45498000,409326,35465.44200000,21478409.33641000
1781395200000,2026-06-14 00:00:00,609.66000000,617.24000000,602.79000000,616.79000000,122027.61100000,1781481599999,74470618.61585000,525593,59185.17600000,36158667.88970000
1781481600000,2026-06-15 00:00:00,616.79000000,632.90000000,612.66000000,617.87000000,170537.64200000,1781567999999,106139404.52675000,881134,76812.98900000,47798822.82169000
1781568000000,2026-06-16 00:00:00,617.87000000,619.50000000,601.33000000,604.94000000,192189.41700000,1781654399999,117462205.57618000,910311,69153.08100000,42280743.47530000
1781654400000,2026-06-17 00:00:00,604.94000000,612.50000000,595.11000000,601.63000000,169384.18900000,1781740799999,102465922.67711000,855552,79499.32400000,48092798.98859000
1781740800000,2026-06-18 00:00:00,601.63000000,604.31000000,573.00000000,578.48000000,151568.81200000,1781827199999,88839231.28714000,746589,67017.44100000,39255027.42018000
1781827200000,2026-06-19 00:00:00,578.48000000,583.29000000,570.82000000,581.42000000,94343.19100000,1781913599999,54389487.24823000,532125,45325.43400000,26157783.76099000
1781913600000,2026-06-20 00:00:00,581.41000000,589.43000000,580.12000000,588.03000000,84540.17000000,1781999999999,49421855.34596000,406266,50270.79900000,29380070.65670000
1782000000000,2026-06-21 00:00:00,588.03000000,592.56000000,583.60000000,584.23000000,63361.25200000,1782086399999,37301627.22691000,394756,32491.15100000,19128818.53294000
1782086400000,2026-06-22 00:00:00,584.23000000,602.31000000,584.07000000,590.15000000,105431.63000000,1782172799999,62673001.34260000,604551,52889.80700000,31430681.32554000
1782172800000,2026-06-23 00:00:00,590.14000000,592.83000000,570.57000000,578.08000000,108854.88200000,1782259199999,62890190.27858000,712745,50661.43400000,29271043.21049000
1782259200000,2026-06-24 00:00:00,578.09000000,582.21000000,546.60000000,564.67000000,160907.99800000,1782345599999,90778322.86100000,895885,69189.07800000,39076247.11239000
1782345600000,2026-06-25 00:00:00,564.66000000,572.72000000,540.60000000,560.62000000,156267.91600000,1782431999999,87344228.77500000,912777,76762.41300000,42937739.15922000
1782432000000,2026-06-26 00:00:00,560.63000000,570.34000000,550.37000000,567.64000000,186203.40700000,1782518399999,104713816.98439000,984078,94011.16200000,52885696.13992000
1782518400000,2026-06-27 00:00:00,567.65000000,568.66000000,554.53000000,557.20000000,81411.91000000,1782604799999,45904086.81035000,503344,35802.54300000,20192817.17554000
1782604800000,2026-06-28 00:00:00,557.19000000,558.89000000,545.62000000,551.07000000,76867.85700000,1782691199999,42564591.74599000,534457,34941.12400000,19351914.81404000
1782691200000,2026-06-29 00:00:00,551.07000000,563.16000000,546.17000000,559.52000000,105794.12400000,1782777599999,58670866.41269000,646953,51072.09900000,28331348.98271000
1782777600000,2026-06-30 00:00:00,559.51000000,560.40000000,543.68000000,546.52000000,106315.52000000,1782863999999,58376211.53132000,587187,48835.49000000,26820427.78565000
1782864000000,2026-07-01 00:00:00,546.52000000,559.55000000,537.25000000,550.44000000,162073.17200000,1782950399999,88883129.92751000,712373,78233.56400000,42943205.10801000
1782950400000,2026-07-02 00:00:00,550.45000000,567.17000000,546.21000000,558.96000000,152316.81400000,1783036799999,85009822.49729000,677623,82450.01600000,46026957.14756000
1783036800000,2026-07-03 00:00:00,558.95000000,575.21000000,556.99000000,573.81000000,104658.99100000,1783123199999,59201149.53531000,566044,47217.93700000,26711058.40679000
1783123200000,2026-07-04 00:00:00,573.81000000,578.82000000,568.70000000,575.37000000,96714.13400000,1783209599999,55482575.89718000,520837,45983.65700000,26383752.97492000
1783209600000,2026-07-05 00:00:00,575.38000000,593.47000000,568.19000000,589.87000000,132836.83400000,1783295999999,77257707.18526000,705859,65788.32700000,38273409.23680000
1783296000000,2026-07-06 00:00:00,589.88000000,593.10000000,570.12000000,586.01000000,140805.49500000,1783382399999,81931809.83170000,771174,68129.52400000,39646756.46361000
1783382400000,2026-07-07 00:00:00,586.02000000,587.92000000,575.28000000,576.82000000,93068.48900000,1783468799999,54068491.67432000,584287,43387.48200000,25212296.90965000
1783468800000,2026-07-08 00:00:00,576.83000000,579.00000000,560.40000000,568.66000000,99416.98800000,1783555199999,56346330.68462000,626174,44461.59100000,25189657.14382000
1783555200000,2026-07-09 00:00:00,568.66000000,577.15000000,565.48000000,568.72000000,85621.60900000,1783641599999,48898339.44846000,514072,38109.95100000,21761165.85743000
1783641600000,2026-07-10 00:00:00,568.73000000,578.31000000,568.02000000,575.43000000,87506.37400000,1783727999999,50344709.82249000,466361,43442.14000000,24994045.30182000
1783728000000,2026-07-11 00:00:00,575.44000000,583.01000000,573.06000000,574.65000000,65716.33900000,1783814399999,37993351.16803000,348621,32321.58200000,18687541.90415000
1783814400000,2026-07-12 00:00:00,574.65000000,584.63000000,570.13000000,573.91000000,81716.05200000,1783900799999,47128670.03892000,406979,36089.59000000,20811015.86024000
1783900800000,2026-07-13 00:00:00,573.91000000,579.89000000,562.37000000,567.49000000,76725.12300000,1783987199999,43668448.05344000,484442,33226.47500000,18915502.59132000
1783987200000,2026-07-14 00:00:00,567.50000000,584.64000000,566.74000000,581.87000000,123235.18600000,1784073599999,71075369.20261000,524670,56330.95800000,32468471.21980000
1784073600000,2026-07-15 00:00:00,581.88000000,585.30000000,575.80000000,580.55000000,112895.85700000,1784159999999,65498064.68784000,531945,48502.17900000,28143264.57247000
1784160000000,2026-07-16 00:00:00,580.56000000,585.87000000,571.69000000,572.45000000,86349.24300000,1784246399999,49947464.31045000,456659,35246.31700000,20398829.05431000
1784246400000,2026-07-17 00:00:00,572.45000000,574.84000000,555.59000000,568.09000000,142665.19100000,1784332799999,80666143.31847000,578505,61589.70500000,34824938.36900000
1784332800000,2026-07-18 00:00:00,568.09000000,572.75000000,566.25000000,570.65000000,62539.54300000,1784419199999,35589831.41197000,299646,31402.33900000,17870312.23994000
1784419200000,2026-07-19 00:00:00,570.66000000,572.61000000,566.33000000,571.06000000,55097.20300000,1784505599999,31357803.77329000,327920,26017.50100000,14808238.65779000
1784505600000,2026-07-20 00:00:00,571.06000000,575.91000000,562.97000000,571.27000000,102746.80700000,1784591999999,58551909.45761000,599879,46908.80700000,26751561.64255000
1784592000000,2026-07-21 00:00:00,571.28000000,579.79000000,570.75000000,573.95000000,102980.46400000,1784678399999,59272898.35526000,488251,45578.75700000,26237681.07338000
1784678400000,2026-07-22 00:00:00,573.96000000,575.63000000,566.89000000,571.08000000,84883.99600000,1784764799999,48521751.61668000,448459,38564.76900000,22047135.63167000
1784764800000,2026-07-23 00:00:00,571.09000000,572.24000000,563.71000000,567.41000000,70606.24500000,1784851199999,40150079.92467000,400007,30272.71500000,17211219.64873000
1784851200000,2026-07-24 00:00:00,567.41000000,571.31000000,556.00000000,564.90000000,92488.87300000,1784937599999,52160522.57542000,490964,42578.83800000,24008806.02743000
1784937600000,2026-07-25 00:00:00,564.91000000,570.00000000,563.90000000,568.94000000,53397.27500000,1785023999999,30244911.54715000,229555,26033.00500000,14747762.79754000
1785024000000,2026-07-26 00:00:00,568.94000000,574.75000000,568.94000000,572.89000000,52026.21300000,1785110399999,29732893.10270000,208807,28103.73200000,16062598.65116000
