open_time,datetime,open,high,low,close,volume,close_time,quote_volume,trades,taker_buy_base,taker_buy_quote
1753560000000,2025-07-26 20:00:00,784.88000000,798.00000000,783.61000000,793.29000000,46446.83500000,1753574399999,36819850.16997000,157883,24644.43300000,19533546.93426000
1753574400000,2025-07-27 00:00:00,793.30000000,799.25000000,791.04000000,794.28000000,35659.24400000,1753588799999,28399309.06115000,129397,17795.49100000,14174749.43031000
1753588800000,2025-07-27 04:00:00,794.29000000,799.00000000,793.44000000,796.41000000,24698.69100000,1753603199999,19661512.43990000,86912,14493.91900000,11539458.69687000
1753603200000,2025-07-27 08:00:00,796.41000000,799.40000000,792.12000000,796.70000000,23996.80300000,1753617599999,19115688.28882000,100485,11113.09100000,8854301.07617000
1753617600000,2025-07-27 12:00:00,796.71000000,816.60000000,793.40000000,814.98000000,70007.25390000,1753631999999,56256367.79326630,209405,43854.30790000,35264212.55062630
1753632000000,2025-07-27 16:00:00,814.98000000,831.00000000,812.55000000,830.35000000,134506.17520000,1753646399999,110612723.57568000,413648,78740.28220000,64767896.52270000
1753646400000,2025-07-27 20:00:00,830.35000000,847.12000000,820.11000000,844.00000000,108428.08840000,1753660799999,90688110.31771000,287964,57370.03840000,48003274.83238000
1753660800000,2025-07-28 00:00:00,844.00000000,855.01000000,839.74000000,841.67000000,115260.34050000,1753675199999,97491312.76554000,324719,62772.03510000,53125465.18157000
1753675200000,2025-07-28 04:00:00,841.67000000,860.00000000,839.93000000,855.77000000,97304.56170000,1753689599999,82752296.61894300,268678,57244.77770000,48683358.04568300
1753689600000,2025-07-28 08:00:00,855.77000000,861.10000000,845.00000000,850.59000000,88625.10100000,1753703999999,75642218.28291400,290486,45487.12000000,38840505.93599400
1753704000000,2025-07-28 12:00:00,850.59000000,857.50000000,830.74000000,836.18000000,103112.25900000,1753718399999,86926966.66418000,403054,50722.82500000,42792235.67935000
1753718400000,2025-07-28 16:00:00,836.18000000,841.10000000,825.61000000,831.74000000,61123.50900000,1753732799999,50934489.16746000,267435,30854.02800000,25718889.99749000
1753732800000,2025-07-28 20:00:00,831.73000000,832.45000000,820.64000000,824.07000000,52308.92000000,1753747199999,43183592.94989000,223551,23313.54400000,19249098.20851000
1753747200000,2025-07-29 00:00:00,824.07000000,835.06000000,815.00000000,829.09000000,77086.88900000,1753761599999,63597998.85856000,350855,36771.59000000,30345969.52191000
1753761600000,2025-07-29 04:00:00,829.08000000,834.14000000,825.07000000,825.30000000,55793.13600000,1753775999999,46284331.08511000,216400,31372.42100000,26028518.39717000
1753776000000,2025-07-29 08:00:00,825.29000000,833.81000000,821.00000000,826.30000000,64923.52000000,1753790399999,53752643.78787000,285208,30613.67500000,25353346.51063000
1753790400000,2025-07-29 12:00:00,826.30000000,830.30000000,801.91000000,805.28000000,90877.60400000,1753804799999,73957912.56257000,390712,36942.94200000,30063346.41436000
1753804800000,2025-07-29 16:00:00,805.28000000,815.80000000,800.33000000,803.61000000,98887.72300000,1753819199999,79894342.84334000,314250,50094.23900000,40474420.31234000
1753819200000,2025-07-29 20:00:00,803.61000000,809.26000000,800.12000000,805.10000000,39797.26000000,1753833599999,31991416.89907000,174415,15100.19300000,12141055.66266000
1753833600000,2025-07-30 00:00:00,805.11000000,811.64000000,796.10000000,804.60000000,41718.11000000,1753847999999,33562842.05177000,189757,20547.61300000,16540065.45080000
1753848000000,2025-07-30 04:00:00,804.61000000,806.81000000,795.81000000,800.44000000,43043.17400000,1753862399999,34534279.25360000,172919,22370.04200000,17953769.91209000
1753862400000,2025-07-30 08:00:00,800.45000000,807.34000000,786.23000000,788.52000000,96589.25000000,1753876799999,76952091.60816000,299445,50110.00900000,39926033.02126000
1753876800000,2025-07-30 12:00:00,788.52000000,795.83000000,779.01000000,790.80000000,79983.27600000,1753891199999,62830892.19745000,333379,40407.99700000,31758839.75280000
1753891200000,2025-07-30 16:00:00,790.80000000,794.75000000,766.21000000,785.31000000,82282.94500000,1753905599999,64257411.11142000,359911,36949.88700000,28873212.58038000
1753905600000,2025-07-30 20:00:00,785.30000000,793.68000000,783.01000000,793.51000000,25981.98100000,1753919999999,20460898.56331000,139176,14652.44800000,11539525.73465000
1753920000000,2025-07-31 00:00:00,793.51000000,800.00000000,791.14000000,798.90000000,37510.28900000,1753934399999,29837880.27328000,112417,22749.93500000,18090687.66904000
1753934400000,2025-07-31 04:00:00,798.89000000,805.28000000,796.86000000,803.69000000,30236.50200000,1753948799999,24237549.69303000,112485,17057.24300000,13673102.63182000
1753948800000,2025-07-31 08:00:00,803.69000000,814.80000000,799.15000000,800.59000000,66157.41100000,1753963199999,53465927.54090000,196010,29197.07500000,23612356.08388000
1753963200000,2025-07-31 12:00:00,800.59000000,801.27000000,787.40000000,799.79000000,63317.21400000,1753977599999,50361690.13889000,282910,31384.85800000,24978721.40722000
1753977600000,2025-07-31 16:00:00,799.79000000,814.00000000,793.75000000,796.18000000,83973.17500000,1753991999999,67652353.79799000,314652,41826.93800000,33698476.82288000
1753992000000,2025-07-31 20:00:00,796.18000000,798.76000000,781.38000000,783.14000000,53831.55400000,1754006399999,42506516.35834000,264170,27850.81300000,21981967.82264000
1754006400000,2025-08-01 00:00:00,783.13000000,795.40000000,774.68000000,783.88000000,81974.22400000,1754020799999,64428172.93869000,377195,39970.34400000,31417127.40254000
1754020800000,2025-08-01 04:00:00,783.88000000,784.18000000,770.16000000,773.60000000,61571.13200000,1754035199999,47758576.98076000,284848,28043.34500000,21752117.87999000
1754035200000,2025-08-01 08:00:00,773.59000000,773.59000000,762.84000000,771.55000000,75334.82200000,1754049599999,57781503.00436000,269879,34806.24800000,26697437.92911000
1754049600000,2025-08-01 12:00:00,771.54000000,775.98000000,756.00000000,763.96000000,77296.96100000,1754063999999,59286071.34624000,378866,36158.60900000,27779143.64670000
1754064000000,2025-08-01 16:00:00,763.95000000,767.90000000,754.00000000,761.25000000,45458.52300000,1754078399999,34573513.88169000,299048,21645.56300000,16468559.69847000
1754078400000,2025-08-01 20:00:00,761.26000000,762.73000000,744.69000000,757.08000000,52195.89600000,1754092799999,39276850.63824000,255643,21784.08700000,16405122.53666000
1754092800000,2025-08-02 00:00:00,757.08000000,768.64000000,755.47000000,764.29000000,26648.20000000,1754107199999,20339895.78657000,133489,14327.87600000,10937273.79120000
1754107200000,2025-08-02 04:00:00,764.30000000,770.11000000,750.00000000,758.93000000,49019.09400000,1754121599999,37261521.70237000,165187,24049.72400000,18299542.16063000
1754121600000,2025-08-02 08:00:00,758.93000000,759.34000000,750.75000000,756.29000000,23230.08400000,1754135999999,17532379.02983000,150210,11384.05800000,8593413.53628000
1754136000000,2025-08-02 12:00:00,756.28000000,756.28000000,741.30000000,743.22000000,27764.26000000,1754150399999,20800268.64410000,187379,12159.96700000,9115457.12083000
1754150400000,2025-08-02 16:00:00,743.21000000,750.04000000,734.25000000,737.31000000,58115.91400000,1754164799999,43022488.57471000,282431,25683.62400000,19016190.71974000
1754164800000,2025-08-02 20:00:00,737.31000000,745.23000000,732.36000000,736.42000000,24505.44000000,1754179199999,18082174.35832000,193876,11785.41700000,8696932.49040000
1754179200000,2025-08-03 00:00:00,736.43000000,744.71000000,730.01000000,744.09000000,34762.88000000,1754193599999,25701978.04835000,185556,18184.79800000,13452779.33711000
1754193600000,2025-08-03 04:00:00,744.09000000,749.09000000,741.37000000,748.06000000,18629.34000000,1754207999999,13882871.23621000,87355,8656.64700000,6451249.71588000
1754208000000,2025-08-03 08:00:00,748.07000000,753.71000000,746.41000000,748.44000000,26335.98700000,1754222399999,19736150.46119000,103177,13184.49400000,9879530.31795000
1754222400000,2025-08-03 12:00:00,748.44000000,751.33000000,745.57000000,748.62000000,22704.07100000,1754236799999,16998122.81620000,115752,10469.34200000,7838436.73790000
1754236800000,2025-08-03 16:00:00,748.62000000,755.53000000,747.20000000,752.80000000,24476.50400000,1754251199999,18391234.85361000,100860,11402.30200000,8570902.02176000
1754251200000,2025-08-03 20:00:00,752.79000000,754.60000000,750.37000000,751.21000000,15792.18300000,1754265599999,11881698.10809000,76239,6039.03800000,4544042.43998000
1754265600000,2025-08-04 00:00:00,751.21000000,759.01000000,750.47000000,754.04000000,27924.27800000,1754279999999,21083264.64914000,120328,14143.87400000,10679797.53936000
1754280000000,2025-08-04 04:00:00,754.04000000,758.06000000,752.10000000,757.11000000,16312.21900000,1754294399999,12302617.02146000,81082,8999.74700000,6787829.20038000
1754294400000,2025-08-04 08:00:00,757.11000000,760.25000000,754.65000000,755.36000000,25852.58000000,1754308799999,19592977.62522000,99354,12344.95600000,9356248.63313000
1754308800000,2025-08-04 12:00:00,755.36000000,765.84000000,755.06000000,760.44000000,50891.01400000,1754323199999,38743383.65109000,182527,23425.61900000,17833900.23120000
1754323200000,2025-08-04 16:00:00,760.44000000,769.70000000,760.00000000,760.99000000,29395.44200000,1754337599999,22504646.45055000,143531,14929.15600000,11432619.17972000
1754337600000,2025-08-04 20:00:00,761.00000000,770.00000000,760.20000000,768.63000000,21129.87300000,1754351999999,16195909.69270000,92293,11369.47200000,8716065.61955000
1754352000000,2025-08-05 00:00:00,768.62000000,769.79000000,760.35000000,760.77000000,19067.16800000,1754366399999,14591896.30273000,105009,8381.96900000,6415721.69769000
1754366400000,2025-08-05 04:00:00,760.78000000,767.06000000,755.15000000,757.44000000,25607.95200000,1754380799999,19500528.72815000,143145,11582.95300000,8821751.43897000
1754380800000,2025-08-05 08:00:00,757.43000000,766.23000000,755.56000000,765.21000000,25971.33600000,1754395199999,19773128.96264000,123307,13432.42200000,10227402.39955000
1754395200000,2025-08-05 12:00:00,765.20000000,765.57000000,746.15000000,748.96000000,54303.86400000,1754409599999,40862053.15849000,291078,26318.65500000,19797965.68457000
1754409600000,2025-08-05 16:00:00,748.96000000,754.19000000,747.21000000,748.36000000,31375.97900000,1754423999999,23550486.75788000,172393,17619.30500000,13226133.50679000
1754424000000,2025-08-05 20:00:00,748.35000000,756.27000000,745.11000000,755.13000000,23132.66100000,1754438399999,17353828.18497000,144009,13106.85300000,9829416.21462000
1754438400000,2025-08-06 00:00:00,755.13000000,756.03000000,746.26000000,748.65000000,20541.88700000,1754452799999,15412722.69651000,146190,9753.81200000,7320171.71887000
1754452800000,2025-08-06 04:00:00,748.65000000,763.43000000,747.33000000,763.10000000,29448.36600000,1754467199999,22270982.21640000,140296,14667.19500000,11104464.74985000
1754467200000,2025-08-06 08:00:00,763.10000000,764.90000000,758.82000000,762.11000000,25845.88800000,1754481599999,19710869.93854000,118898,12640.63900000,9639548.33167000
1754481600000,2025-08-06 12:00:00,762.12000000,769.67000000,757.74000000,769.22000000,36888.44300000,1754495999999,28220079.04138000,181814,22695.91600000,17375513.04629000
1754496000000,2025-08-06 16:00:00,769.22000000,774.84000000,765.75000000,773.20000000,32829.67200000,1754510399999,25313891.44334000,123423,21483.03400000,16566690.34046000
1754510400000,2025-08-06 20:00:00,773.20000000,773.34000000,767.84000000,769.55000000,18130.45400000,1754524799999,13965670.34465000,57511,9246.64600000,7123393.55081000
1754524800000,2025-08-07 00:00:00,769.55000000,774.60000000,765.86000000,766.48000000,18736.66500000,1754539199999,14429684.11935000,68921,9177.26400000,7069783.57043000
1754539200000,2025-08-07 04:00:00,766.47000000,769.51000000,765.00000000,768.05000000,33447.52900000,1754553599999,25656325.58945000,108233,15139.56100000,11614705.42101000
1754553600000,2025-08-07 08:00:00,768.05000000,779.67000000,764.17000000,776.95000000,47216.67600000,1754567999999,36430976.04303000,148737,23955.07700000,18498285.96117000
1754568000000,2025-08-07 12:00:00,776.96000000,777.90000000,770.38000000,775.66000000,31634.60600000,1754582399999,24494406.38880000,149162,15760.52600000,12205302.43543000
1754582400000,2025-08-07 16:00:00,775.65000000,780.75000000,768.02000000,780.66000000,23980.13900000,1754596799999,18597834.94692000,109923,12944.71600000,10043574.43508000
1754596800000,2025-08-07 20:00:00,780.66000000,788.68000000,780.20000000,788.67000000,33091.18700000,1754611199999,25933804.12602000,106815,18252.24600000,14309367.38019000
1754611200000,2025-08-08 00:00:00,788.67000000,793.00000000,780.74000000,786.48000000,55057.78300000,1754625599999,43290844.69154000,265622,29008.92800000,22811751.86901000
1754625600000,2025-08-08 04:00:00,786.48000000,791.67000000,784.08000000,789.67000000,22564.02900000,1754639999999,17778066.88673000,104664,11512.12000000,9070459.77457000
1754640000000,2025-08-08 08:00:00,789.66000000,790.81000000,784.03000000,789.22000000,25610.53600000,1754654399999,20171945.54311000,99305,15596.17100000,12285492.08713000
1754654400000,2025-08-08 12:00:00,789.23000000,796.77000000,781.70000000,784.96000000,44579.19300000,1754668799999,35172437.70008000,220854,23212.46200000,18318609.04660000
1754668800000,2025-08-08 16:00:00,784.96000000,796.48000000,784.54000000,795.46000000,27311.64800000,1754683199999,21613171.31605000,131283,13820.32200000,10934582.83964000
1754683200000,2025-08-08 20:00:00,795.47000000,798.50000000,791.90000000,793.50000000,20186.52900000,1754697599999,16055959.55912000,79255,9130.52000000,7265432.98076000
1754697600000,2025-08-09 00:00:00,793.50000000,797.60000000,792.81000000,797.11000000,16944.75500000,1754711999999,13482525.52040000,65581,8231.23800000,6549425.41425000
1754712000000,2025-08-09 04:00:00,797.12000000,810.00000000,796.82000000,809.50000000,49398.51600000,1754726399999,39783427.77174000,152394,28108.81300000,22627339.05835000
1754726400000,2025-08-09 08:00:00,809.51000000,819.44000000,805.91000000,811.59000000,47969.21700000,1754740799999,39002201.29148000,157901,25471.46000000,20707397.93383000
1754740800000,2025-08-09 12:00:00,811.60000000,815.50000000,804.79000000,806.47000000,33806.54200000,1754755199999,27373544.72095000,140803,16139.51200000,13066261.17235000
1754755200000,2025-08-09 16:00:00,806.48000000,809.15000000,802.88000000,804.73000000,25089.41500000,1754769599999,20208953.02170000,115786,12006.23900000,9672197.78172000
1754769600000,2025-08-09 20:00:00,804.72000000,807.72000000,797.90000000,798.83000000,29176.30800000,1754783999999,23409897.14256000,115410,16045.26300000,12874080.66773000
1754784000000,2025-08-10 00:00:00,798.83000000,813.11000000,798.83000000,811.21000000,36944.01500000,1754798399999,29843103.39659000,141628,22240.92400000,17966570.71592000
1754798400000,2025-08-10 04:00:00,811.21000000,815.50000000,798.25000000,799.29000000,35262.07600000,1754812799999,28499138.00645000,163715,15693.83000000,12689666.59619000
1754812800000,2025-08-10 08:00:00,799.30000000,804.69000000,793.68000000,798.98000000,27870.34900000,1754827199999,22288222.48938000,146422,12924.81700000,10339396.85359000
1754827200000,2025-08-10 12:00:00,798.97000000,803.79000000,795.33000000,802.09000000,24782.18000000,1754841599999,19842716.57921000,133129,13537.63800000,10843117.35677000
1754841600000,2025-08-10 16:00:00,802.08000000,805.22000000,800.38000000,803.00000000,15260.01300000,1754855999999,12245542.15075000,73058,7918.98300000,6355303.77879000
1754856000000,2025-08-10 20:00:00,803.00000000,807.33000000,799.20000000,807.22000000,22616.67000000,1754870399999,18150398.82002000,86964,11878.06300000,9535836.26843000
1754870400000,2025-08-11 00:00:00,807.22000000,827.59000000,806.12000000,821.19000000,73482.70100000,1754884799999,60069440.39607000,292922,43051.89800000,35195555.50073000
1754884800000,2025-08-11 04:00:00,821.19000000,824.57000000,809.77000000,811.82000000,49936.33100000,1754899199999,40905670.79693000,155484,24285.13400000,19906772.34482000
1754899200000,2025-08-11 08:00:00,811.81000000,816.59000000,794.00000000,796.23000000,50574.44200000,1754913599999,40745736.04265000,214171,22566.40200000,18191472.14187000
1754913600000,2025-08-11 12:00:00,796.22000000,807.50000000,792.00000000,807.43000000,65626.45700000,1754927999999,52471416.88671000,292483,31285.14300000,25034215.38803000
1754928000000,2025-08-11 16:00:00,807.42000000,812.41000000,801.14000000,806.32000000,45623.16900000,1754942399999,36845566.70967000,205373,24608.93400000,19876349.28959000
1754942400000,2025-08-11 20:00:00,806.32000000,810.99000000,797.56000000,805.09000000,30977.47200000,1754956799999,24896344.37371000,144186,13308.02900000,10701153.16065000
1754956800000,2025-08-12 00:00:00,805.09000000,815.00000000,803.79000000,808.38000000,28422.35100000,1754971199999,23053517.98955000,135646,14185.17300000,11505757.88464000
1754971200000,2025-08-12 04:00:00,808.38000000,813.38000000,803.22000000,807.89000000,25185.47000000,1754985599999,20351738.75479000,111308,11680.93400000,9438740.04493000
1754985600000,2025-08-12 08:00:00,807.90000000,809.01000000,797.73000000,803.19000000,33020.56900000,1754999999999,26501514.21988000,141542,14628.32500000,11739804.09125000
1755000000000,2025-08-12 12:00:00,803.19000000,820.78000000,800.00000000,820.68000000,75872.14300000,1755014399999,61596868.19253000,279372,38138.06500000,30976381.86030000
1755014400000,2025-08-12 16:00:00,820.69000000,832.76000000,820.68000000,831.76000000,60361.38900000,1755028799999,49929717.76662000,236055,36450.71300000,30153055.59555000
1755028800000,2025-08-12 20:00:00,831.76000000,839.90000000,830.60000000,832.47000000,45900.33700000,1755043199999,38339772.83431000,173944,21673.65300000,18107951.59961000
1755043200000,2025-08-13 00:00:00,832.48000000,840.79000000,828.23000000,836.30000000,46002.94800000,1755057599999,38393190.18886000,169584,24131.67400000,20145838.82809000
1755057600000,2025-08-13 04:00:00,836.31000000,854.44000000,831.75000000,846.74000000,119088.76900000,1755071999999,100485411.29945000,309313,70689.57600000,59630327.65613000
1755072000000,2025-08-13 08:00:00,846.73000000,858.48000000,844.52000000,854.89000000,79824.16100000,1755086399999,68043397.94092000,267786,42995.37500000,36652931.04450000
1755086400000,2025-08-13 12:00:00,854.89000000,858.89000000,838.72000000,841.44000000,89164.98900000,1755100799999,75713565.02173000,331233,43442.05000000,36891813.36864000
1755100800000,2025-08-13 16:00:00,841.44000000,848.61000000,837.56000000,845.21000000,33960.86600000,1755115199999,28642808.16816000,171968,16657.99300000,14051656.22717000
1755115200000,2025-08-13 20:00:00,845.21000000,850.00000000,840.00000000,848.01000000,27819.58000000,1755129599999,23521461.18072000,123231,15452.03200000,13065027.14956000
1755129600000,2025-08-14 00:00:00,848.02000000,857.00000000,843.57000000,855.11000000,54935.18600000,1755143999999,46714484.28639000,172834,34586.05500000,29412279.39374000
1755144000000,2025-08-14 04:00:00,855.11000000,865.68000000,850.00000000,858.01000000,119205.74730000,1755158399999,102352502.64086000,347798,69656.66230000,59825446.32097000
1755158400000,2025-08-14 08:00:00,858.01000000,869.40000000,855.71000000,862.23000000,88374.44900000,1755172799999,76198021.96003900,346325,44910.88700000,38738794.46114900
1755172800000,2025-08-14 12:00:00,862.23000000,865.50000000,820.60000000,846.97000000,216344.85700000,1755187199999,182181269.99438000,782328,103529.45400000,87151833.48349000
1755187200000,2025-08-14 16:00:00,846.97000000,848.06000000,828.00000000,838.12000000,78081.93200000,1755201599999,65426488.59181000,315110,37933.81700000,31781931.58856000
1755201600000,2025-08-14 20:00:00,838.11000000,842.94000000,824.80000000,840.42000000,35714.80800000,1755215999999,29782790.49055000,167575,16804.89400000,14014252.32670000
1755216000000,2025-08-15 00:00:00,840.42000000,849.30000000,833.60000000,848.59000000,38734.40300000,1755230399999,32606739.68999000,179224,21781.76000000,18337976.42055000
1755230400000,2025-08-15 04:00:00,848.58000000,853.53000000,845.22000000,848.07000000,34340.05200000,1755244799999,29185873.82136000,181932,18807.16400000,15985119.97439000
1755244800000,2025-08-15 08:00:00,848.06000000,852.64000000,841.26000000,843.73000000,28626.79300000,1755259199999,24248052.17587000,150709,14724.91200000,12475654.16802000
1755259200000,2025-08-15 12:00:00,843.72000000,847.56000000,815.52000000,818.65000000,89314.34800000,1755273599999,74156015.17984000,412082,40335.36400000,33504574.49180000
1755273600000,2025-08-15 16:00:00,818.65000000,826.00000000,812.57000000,820.71000000,36839.29100000,1755287999999,30182979.82844000,224184,17546.87700000,14377196.76213000
1755288000000,2025-08-15 20:00:00,820.71000000,832.00000000,819.20000000,827.81000000,24236.22100000,1755302399999,20031526.12317000,102519,12175.28000000,10065757.33019000
1755302400000,2025-08-16 00:00:00,827.80000000,836.72000000,826.00000000,831.80000000,26501.16800000,1755316799999,22072657.66329000,105095,13667.39800000,11383251.32553000
1755316800000,2025-08-16 04:00:00,831.80000000,837.00000000,830.26000000,835.40000000,19022.63100000,1755331199999,15866043.44376000,86597,9119.77600000,7606330.41975000
1755331200000,2025-08-16 08:00:00,835.40000000,836.29000000,826.23000000,826.45000000,25883.23000000,1755345599999,21509464.09849000,128423,12647.69000000,10510386.31385000
1755345600000,2025-08-16 12:00:00,826.46000000,835.48000000,825.06000000,831.67000000,20405.89200000,1755359999999,16961642.02620000,116584,10159.80200000,8445304.29141000
1755360000000,2025-08-16 16:00:00,831.68000000,836.32000000,831.20000000,834.41000000,11114.29300000,1755374399999,9269154.40997000,72710,5596.44800000,4667698.38557000
1755374400000,2025-08-16 20:00:00,834.41000000,839.79000000,833.50000000,838.71000000,11584.88600000,1755388799999,9688346.71803000,48777,6550.67500000,5479839.24794000
1755388800000,2025-08-17 00:00:00,838.71000000,851.41000000,838.04000000,844.57000000,36824.37500000,1755403199999,31147928.34177000,167568,18770.93900000,15877066.51429000
1755403200000,2025-08-17 04:00:00,844.56000000,855.68000000,844.51000000,854.22000000,27836.60800000,1755417599999,23663920.56070000,101844,15748.24600000,13387960.68336000
1755417600000,2025-08-17 08:00:00,854.21000000,864.00000000,851.65000000,861.55000000,37805.39000000,1755431999999,32496434.40610000,150023,20590.95300000,17695800.70294000
1755432000000,2025-08-17 12:00:00,861.56000000,862.16000000,855.20000000,860.03000000,23814.40100000,1755446399999,20448281.73379000,97247,11673.85900000,10024058.55513000
1755446400000,2025-08-17 16:00:00,860.03000000,861.34000000,848.46000000,851.12000000,23325.04400000,1755460799999,19935457.55930000,114655,10336.54700000,8836214.26999000
1755460800000,2025-08-17 20:00:00,851.13000000,858.94000000,850.59000000,855.38000000,15348.03800000,1755475199999,13122234.33922000,80195,8820.63400000,7540734.46495000
1755475200000,2025-08-18 00:00:00,855.38000000,858.51000000,831.70000000,835.71000000,67472.90600000,1755489599999,56950112.60093000,323872,31589.88200000,26668823.13330000
1755489600000,2025-08-18 04:00:00,835.70000000,839.92000000,825.00000000,830.22000000,47143.95500000,1755503999999,39218794.17218000,205990,21483.51900000,17877971.36469000
1755504000000,2025-08-18 08:00:00,830.21000000,837.51000000,828.50000000,831.55000000,44770.02200000,1755518399999,37264291.54232000,174351,21508.57400000,17899816.72189000
1755518400000,2025-08-18 12:00:00,831.54000000,842.39000000,830.57000000,841.85000000,38747.17700000,1755532799999,32430718.62987000,216767,20327.23100000,17013327.06732000
1755532800000,2025-08-18 16:00:00,841.84000000,848.11000000,838.35000000,844.90000000,18123.88700000,1755547199999,15290055.59516000,129190,9270.86000000,7821187.67436000
1755547200000,2025-08-18 20:00:00,844.91000000,855.84000000,842.62000000,846.99000000,17483.65600000,1755561599999,14856899.45865000,111955,8782.31200000,7460101.53641000
1755561600000,2025-08-19 00:00:00,847.00000000,851.95000000,840.06000000,842.01000000,37771.24800000,1755575999999,31969302.41013000,234417,19124.37900000,16187319.06184000
1755576000000,2025-08-19 04:00:00,842.00000000,849.82000000,834.98000000,838.34000000,39912.14900000,1755590399999,33613600.58346000,210949,18706.31700000,15762629.08243000
1755590400000,2025-08-19 08:00:00,838.35000000,848.38000000,835.90000000,846.46000000,22285.20100000,1755604799999,18792390.76935000,157447,12407.33600000,10463139.85549000
1755604800000,2025-08-19 12:00:00,846.46000000,847.85000000,829.55000000,832.19000000,55132.41800000,1755619199999,46144182.04732000,261923,24914.41400000,20859523.64281000
1755619200000,2025-08-19 16:00:00,832.20000000,835.23000000,825.01000000,832.88000000,31133.21100000,1755633599999,25840875.46316000,206254,14314.68100000,11883821.73228000
1755633600000,2025-08-19 20:00:00,832.89000000,837.11000000,823.00000000,824.11000000,25567.79900000,1755647999999,21238169.49882000,139809,11861.48600000,9856515.01480000
1755648000000,2025-08-20 00:00:00,824.10000000,837.11000000,818.57000000,836.55000000,46073.27100000,1755662399999,38130841.70605000,219610,24007.58500000,19875973.34098000
1755662400000,2025-08-20 04:00:00,836.55000000,837.32000000,832.42000000,834.35000000,23243.21100000,1755676799999,19429368.78128000,102719,14085.47800000,11778507.56141000
1755676800000,2025-08-20 08:00:00,834.36000000,834.79000000,826.18000000,831.03000000,52321.66800000,1755691199999,43582133.45712000,148015,32714.98600000,27258522.66755000
1755691200000,2025-08-20 12:00:00,831.03000000,837.32000000,818.88000000,832.83000000,60435.49800000,1755705599999,50220357.88033000,282701,35200.31400000,29280089.83594000
1755705600000,2025-08-20 16:00:00,832.84000000,869.99000000,832.84000000,869.11000000,114362.23800000,1755719999999,97737470.04667000,468297,66489.21900000,56818327.92628000
1755720000000,2025-08-20 20:00:00,869.11000000,881.02000000,866.60000000,869.05000000,95723.97550000,1755734399999,83659092.58469560,282196,57386.79050000,50152419.67914560
1755734400000,2025-08-21 00:00:00,869.05000000,883.86000000,866.11000000,866.21000000,60780.07000000,1755748799999,53088127.37857400,244026,31494.50700000,27512651.51340400
1755748800000,2025-08-21 04:00:00,866.21000000,866.59000000,858.03000000,862.48000000,43401.21200000,1755763199999,37433467.27164000,176104,22754.59600000,19625413.02349000
1755763200000,2025-08-21 08:00:00,862.48000000,864.34000000,849.02000000,851.24000000,73781.07200000,1755777599999,62970281.21838000,232976,32276.95100000,27568433.30536000
1755777600000,2025-08-21 12:00:00,851.24000000,856.88000000,841.10000000,841.85000000,51684.42600000,1755791999999,43923774.85099000,279119,23846.83000000,20269450.85760000
1755792000000,2025-08-21 16:00:00,841.84000000,844.68000000,834.52000000,836.40000000,28044.73900000,1755806399999,23540164.92070000,166010,14143.17900000,11871731.78696000
1755806400000,2025-08-21 20:00:00,836.40000000,842.83000000,833.46000000,839.49000000,20198.15700000,1755820799999,16941104.84446000,126200,10384.97100000,8711934.60462000
1755820800000,2025-08-22 00:00:00,839.49000000,853.34000000,839.23000000,845.69000000,35016.98900000,1755835199999,29666628.15937000,166734,18508.58400000,15673224.26750000
1755835200000,2025-08-22 04:00:00,845.70000000,854.45000000,845.66000000,851.02000000,28211.27600000,1755849599999,23992603.28243000,160637,12014.61000000,10217198.92486000
1755849600000,2025-08-22 08:00:00,851.02000000,855.18000000,844.24000000,848.99000000,41734.98000000,1755863999999,35427435.32028000,183043,17133.85300000,14546701.70862000
1755864000000,2025-08-22 12:00:00,849.00000000,882.00000000,842.70000000,876.22000000,158096.84500000,1755878399999,136832922.79071000,685246,83904.09100000,72673006.90377000
1755878400000,2025-08-22 16:00:00,876.22000000,898.54000000,876.22000000,894.60000000,108556.48990000,1755892799999,96635619.67320200,437166,65328.62070000,58159924.63619200
1755892800000,2025-08-22 20:00:00,894.60000000,900.71000000,892.66000000,900.21000000,59225.95180000,1755907199999,53161035.01676300,190083,32851.34780000,29501568.87221300
1755907200000,2025-08-23 00:00:00,900.20000000,900.21000000,875.71000000,882.78000000,52437.47900000,1755921599999,46482509.57522000,234920,22263.56400000,19716974.00128000
1755921600000,2025-08-23 04:00:00,882.77000000,893.23000000,882.57000000,887.32000000,32995.13800000,1755935999999,29326382.23556000,143516,18145.29500000,16125303.59472000
1755936000000,2025-08-23 08:00:00,887.33000000,897.11000000,884.30000000,888.41000000,46528.81900000,1755950399999,41445760.35583000,261636,25689.21900000,22886605.83275000
1755950400000,2025-08-23 12:00:00,888.42000000,894.12000000,885.32000000,888.64000000,28201.23600000,1755964799999,25101881.53011000,175677,14903.84900000,13268482.49291000
1755964800000,2025-08-23 16:00:00,888.64000000,889.77000000,879.10000000,883.38000000,23433.28700000,1755979199999,20702288.37174000,135702,12240.24200000,10814043.42919000
1755979200000,2025-08-23 20:00:00,883.37000000,883.93000000,875.55000000,880.42000000,25683.91300000,1755993599999,22617438.55334000,83051,10741.33800000,9464924.61122000
1755993600000,2025-08-24 00:00:00,880.42000000,886.66000000,874.51000000,878.64000000,43485.11900000,1756007999999,38285262.66211000,123800,20855.86500000,18364105.26981000
1756008000000,2025-08-24 04:00:00,878.64000000,882.22000000,870.24000000,870.36000000,35675.95800000,1756022399999,31239219.04013000,128512,13631.11500000,11935827.54586000
1756022400000,2025-08-24 08:00:00,870.36000000,872.06000000,860.49000000,861.50000000,45819.78300000,1756036799999,39683870.25755000,159159,19139.47200000,16571384.72421000
1756036800000,2025-08-24 12:00:00,861.49000000,872.37000000,860.00000000,867.43000000,43458.46600000,1756051199999,37618451.49523000,157100,23318.14500000,20186629.61617000
1756051200000,2025-08-24 16:00:00,867.43000000,883.46000000,859.34000000,869.52000000,76461.48700000,1756065599999,66566429.76473000,328927,39484.33100000,34390661.96672000
1756065600000,2025-08-24 20:00:00,869.51000000,880.24000000,860.35000000,876.51000000,44591.50400000,1756079999999,38847957.69175000,256077,24538.05600000,21377864.04194000
1756080000000,2025-08-25 00:00:00,876.51000000,880.75000000,865.73000000,876.20000000,38047.32900000,1756094399999,33297527.04720000,205856,18599.38000000,16278844.43917000
1756094400000,2025-08-25 04:00:00,876.20000000,880.00000000,857.00000000,858.54000000,57331.14100000,1756108799999,49867936.01824000,255074,26581.55600000,23130151.53838000
1756108800000,2025-08-25 08:00:00,858.53000000,864.00000000,850.58000000,854.52000000,45646.37200000,1756123199999,39089361.95793000,244957,22022.69400000,18856504.15910000
1756123200000,2025-08-25 12:00:00,854.53000000,871.72000000,854.00000000,863.52000000,55229.03900000,1756137599999,47659423.45668000,285015,30097.08000000,25966174.98536000
1756137600000,2025-08-25 16:00:00,863.52000000,870.25000000,853.08000000,853.88000000,37173.18700000,1756151999999,32086566.20321000,264358,17472.87600000,15089838.08486000
1756152000000,2025-08-25 20:00:00,853.88000000,857.50000000,832.76000000,839.32000000,87143.08700000,1756166399999,73450620.08008000,426125,35539.00100000,29947776.65276000
1756166400000,2025-08-26 00:00:00,839.32000000,849.71000000,829.59000000,844.58000000,61840.22000000,1756180799999,51878273.98990000,271081,32492.23100000,27239566.37334000
1756180800000,2025-08-26 04:00:00,844.58000000,847.70000000,839.16000000,842.73000000,26455.29800000,1756195199999,22325810.92167000,146831,13446.12200000,11345118.22217000
1756195200000,2025-08-26 08:00:00,842.72000000,845.10000000,839.39000000,841.70000000,18556.74400000,1756209599999,15640394.08037000,116033,8310.79500000,7004459.14344000
1756209600000,2025-08-26 12:00:00,841.70000000,853.84000000,839.00000000,849.67000000,48355.71700000,1756223999999,40970069.46458000,298716,24638.53300000,20880308.15291000
1756224000000,2025-08-26 16:00:00,849.67000000,861.13000000,849.25000000,860.72000000,22227.76100000,1756238399999,18991983.30314000,146370,12844.70100000,10977603.70893000
1756238400000,2025-08-26 20:00:00,860.72000000,868.00000000,859.83000000,863.70000000,17446.34900000,1756252799999,15064342.78464000,114255,9045.98400000,7812900.81883000
1756252800000,2025-08-27 00:00:00,863.70000000,864.50000000,857.35000000,862.13000000,21207.32500000,1756267199999,18257056.17058000,128315,9964.81700000,8580187.48372000
1756267200000,2025-08-27 04:00:00,862.14000000,866.84000000,856.40000000,857.32000000,18630.44900000,1756281599999,16054798.60659000,119212,8800.79800000,7584789.77820000
1756281600000,2025-08-27 08:00:00,857.33000000,860.00000000,852.90000000,859.31000000,19487.75300000,1756295999999,16697373.54499000,116944,9563.99100000,8195772.47194000
1756296000000,2025-08-27 12:00:00,859.31000000,866.00000000,856.08000000,864.83000000,29052.43900000,1756310399999,25019959.12016000,198236,15021.78800000,12937467.72759000
1756310400000,2025-08-27 16:00:00,864.83000000,867.10000000,858.50000000,860.71000000,16237.62700000,1756324799999,14023732.29899000,113462,8590.69800000,7421154.99512000
1756324800000,2025-08-27 20:00:00,860.71000000,865.86000000,854.02000000,855.18000000,30627.86400000,1756339199999,26321699.92484000,213049,15568.56400000,13381892.23485000
1756339200000,2025-08-28 00:00:00,855.18000000,865.00000000,850.85000000,864.32000000,36674.10400000,1756353599999,31461127.76012000,183774,16875.04800000,14470873.61498000
1756353600000,2025-08-28 04:00:00,864.32000000,872.81000000,862.91000000,869.25000000,31544.02100000,1756367999999,27415660.77717000,170244,17531.15200000,15237188.10274000
1756368000000,2025-08-28 08:00:00,869.25000000,874.37000000,865.25000000,874.27000000,26776.63300000,1756382399999,23292099.75536000,112912,15212.04900000,13234470.41642000
1756382400000,2025-08-28 12:00:00,874.27000000,879.32000000,866.56000000,869.67000000,67114.63600000,1756396799999,58632068.41112000,320087,33648.30100000,29396347.03330000
1756396800000,2025-08-28 16:00:00,869.66000000,881.36000000,863.48000000,868.69000000,56841.69500000,1756411199999,49691599.25241000,282267,29080.84100000,25425093.62714000
1756411200000,2025-08-28 20:00:00,868.69000000,877.15000000,868.00000000,873.47000000,13463.83300000,1756425599999,11756565.97451000,86997,6693.85300000,5843854.87539000
1756425600000,2025-08-29 00:00:00,873.48000000,878.00000000,872.03000000,873.25000000,22714.03500000,1756439999999,19863286.78646000,119680,12117.03100000,10597214.50971000
1756440000000,2025-08-29 04:00:00,873.25000000,873.77000000,856.00000000,857.20000000,35868.33300000,1756454399999,31020178.68348000,166782,15930.74400000,13777373.20619000
1756454400000,2025-08-29 08:00:00,857.19000000,860.61000000,850.19000000,854.61000000,31235.98100000,1756468799999,26733445.33196000,174483,14211.19900000,12166210.60577000
1756468800000,2025-08-29 12:00:00,854.62000000,865.32000000,852.13000000,858.32000000,50236.91900000,1756483199999,43179071.89912000,296646,25773.30800000,22157604.87784000
1756483200000,2025-08-29 16:00:00,858.32000000,861.03000000,852.86000000,858.27000000,26234.61000000,1756497599999,22469841.52159000,164414,13748.26000000,11776395.34975000
1756497600000,2025-08-29 20:00:00,858.27000000,864.00000000,853.28000000,862.30000000,14234.34100000,1756511999999,12217470.18883000,96314,7592.56600000,6516576.16802000
1756512000000,2025-08-30 00:00:00,862.30000000,862.32000000,852.27000000,860.48000000,24175.28600000,1756526399999,20748740.17876000,120369,11379.87800000,9765290.76048000
1756526400000,2025-08-30 04:00:00,860.48000000,862.36000000,857.14000000,860.35000000,15472.16200000,1756540799999,13303572.39746000,70320,7677.68900000,6602170.83563000
1756540800000,2025-08-30 08:00:00,860.36000000,861.36000000,858.15000000,860.30000000,11506.28100000,1756555199999,9895038.26677000,61637,6497.08400000,5587411.62397000
1756555200000,2025-08-30 12:00:00,860.30000000,860.37000000,851.61000000,859.20000000,24383.64500000,1756569599999,20860964.29182000,145481,11512.71400000,9850523.70409000
1756569600000,2025-08-30 16:00:00,859.20000000,859.29000000,856.25000000,858.95000000,13423.06100000,1756583999999,11517619.39035000,93480,7472.07000000,6411379.49176000
1756584000000,2025-08-30 20:00:00,858.95000000,864.00000000,857.06000000,862.00000000,12079.54600000,1756598399999,10396496.80508000,74313,6178.00100000,5317500.56547000
1756598400000,2025-08-31 00:00:00,862.00000000,864.50000000,859.39000000,863.12000000,16840.40000000,1756612799999,14524935.11883000,95643,8163.29300000,7040913.84038000
1756612800000,2025-08-31 04:00:00,863.11000000,863.31000000,857.91000000,858.60000000,15400.10800000,1756627199999,13241235.81145000,87337,8111.57900000,6974724.66956000
1756627200000,2025-08-31 08:00:00,858.60000000,861.40000000,857.00000000,860.07000000,15982.63700000,1756641599999,13737024.58896000,95070,7791.61100000,6697695.03138000
1756641600000,2025-08-31 12:00:00,860.06000000,862.12000000,859.11000000,861.91000000,13222.73700000,1756655999999,11377307.40047000,86729,7031.79300000,6050681.66624000
1756656000000,2025-08-31 16:00:00,861.91000000,867.19000000,861.20000000,864.77000000,18948.32400000,1756670399999,16388359.87876000,106606,9434.81300000,8160318.04297000
1756670400000,2025-08-31 20:00:00,864.78000000,867.70000000,857.26000000,857.65000000,13846.98700000,1756684799999,11945658.05998000,85199,6121.97600000,5282901.30634000
1756684800000,2025-09-01 00:00:00,857.66000000,866.01000000,853.77000000,856.58000000,38495.02800000,1756699199999,33053816.16788000,201632,19539.98700000,16780665.16133000
1756699200000,2025-09-01 04:00:00,856.57000000,867.24000000,849.37000000,865.56000000,44378.48300000,1756713599999,37987367.46803000,231027,21249.19700000,18200721.92852000
1756713600000,2025-09-01 08:00:00,865.57000000,869.15000000,851.00000000,852.20000000,68695.14500000,1756727999999,59106464.17764000,285183,31950.57500000,27497391.93810000
1756728000000,2025-09-01 12:00:00,852.20000000,855.18000000,844.22000000,847.20000000,43584.89400000,1756742399999,37095061.61573000,187738,19704.81200000,16768327.39827000
1756742400000,2025-09-01 16:00:00,847.19000000,849.40000000,843.82000000,849.38000000,19938.33500000,1756756799999,16877541.85853000,139470,9938.40100000,8414477.11712000
1756756800000,2025-09-01 20:00:00,849.39000000,849.44000000,840.00000000,845.68000000,39093.83000000,1756771199999,32985247.47122000,176984,20025.23900000,16897283.88613000
1756771200000,2025-09-02 00:00:00,845.68000000,854.28000000,843.29000000,852.40000000,24955.49800000,1756785599999,21177377.89903000,105598,11661.27400000,9899732.21786000
1756785600000,2025-09-02 04:00:00,852.41000000,855.81000000,850.61000000,855.20000000,22297.79000000,1756799999999,19030304.69007000,106270,11908.04500000,10164484.79764000
1756800000000,2025-09-02 08:00:00,855.20000000,856.68000000,846.72000000,847.71000000,41697.82700000,1756814399999,35549215.07456000,150705,20404.24700000,17400536.39018000
1756814400000,2025-09-02 12:00:00,847.70000000,852.58000000,840.71000000,846.84000000,46499.76600000,1756828799999,39388356.26462000,248829,23768.29700000,20135934.70377000
1756828800000,2025-09-02 16:00:00,846.84000000,851.35000000,845.72000000,849.84000000,17232.70300000,1756843199999,14631063.25917000,100895,9312.51600000,7906971.65008000
1756843200000,2025-09-02 20:00:00,849.84000000,853.96000000,849.40000000,851.80000000,11649.58500000,1756857599999,9925878.64234000,74678,6189.26100000,5274011.18293000
1756857600000,2025-09-03 00:00:00,851.80000000,854.00000000,848.91000000,851.57000000,14919.13400000,1756871999999,12707551.96779000,65523,7763.36500000,6613765.72400000
1756872000000,2025-09-03 04:00:00,851.56000000,854.69000000,849.45000000,854.65000000,12887.19100000,1756886399999,10979704.80490000,74516,7358.70400000,6270100.05959000
1756886400000,2025-09-03 08:00:00,854.64000000,855.21000000,852.07000000,854.01000000,15085.42600000,1756900799999,12882024.12546000,72228,7820.74800000,6678536.03314000
1756900800000,2025-09-03 12:00:00,854.01000000,864.06000000,852.10000000,860.31000000,36894.03000000,1756915199999,31658393.24695000,136863,19183.38900000,16466950.42205000
1756915200000,2025-09-03 16:00:00,860.30000000,862.36000000,856.62000000,857.01000000,19420.18500000,1756929599999,16694622.02336000,92101,8679.00600000,7461076.19306000
1756929600000,2025-09-03 20:00:00,857.01000000,857.22000000,852.40000000,854.76000000,17247.05600000,1756943999999,14739969.05699000,76947,7790.00400000,6657219.35309000
1756944000000,2025-09-04 00:00:00,854.76000000,856.72000000,848.01000000,848.68000000,16267.38800000,1756958399999,13864087.45319000,69508,7933.03300000,6763308.04716000
1756958400000,2025-09-04 04:00:00,848.68000000,849.74000000,844.36000000,847.71000000,22738.72000000,1756972799999,19261998.57695000,100941,10124.67700000,8577372.25220000
1756972800000,2025-09-04 08:00:00,847.70000000,849.84000000,847.00000000,847.78000000,17385.74800000,1756987199999,14747583.29512000,75293,8851.50600000,7508609.57158000
1756987200000,2025-09-04 12:00:00,847.78000000,849.79000000,842.81000000,844.26000000,23756.21900000,1757001599999,20107479.63206000,118182,11609.27300000,9828150.51243000
1757001600000,2025-09-04 16:00:00,844.25000000,846.75000000,841.10000000,843.53000000,17805.21400000,1757015999999,15028657.87553000,89579,8498.83100000,7175774.84011000
1757016000000,2025-09-04 20:00:00,843.54000000,849.73000000,843.24000000,843.63000000,10242.61300000,1757030399999,8669482.81440000,58958,5488.89200000,4646068.70181000
1757030400000,2025-09-05 00:00:00,843.62000000,847.75000000,842.22000000,845.78000000,11226.78800000,1757044799999,9491271.86992000,52975,6125.39300000,5179085.55665000
1757044800000,2025-09-05 04:00:00,845.78000000,851.17000000,843.61000000,850.68000000,17778.89400000,1757059199999,15071367.55831000,68312,9403.25600000,7970086.24167000
1757059200000,2025-09-05 08:00:00,850.67000000,851.00000000,847.53000000,850.90000000,14546.80600000,1757073599999,12355441.29079000,68252,7894.86000000,6706010.99774000
1757073600000,2025-09-05 12:00:00,850.89000000,857.73000000,844.71000000,848.81000000,56495.04000000,1757087999999,48059663.11564000,224739,27301.28700000,23225011.78284000
1757088000000,2025-09-05 16:00:00,848.81000000,851.65000000,848.44000000,850.96000000,10870.62000000,1757102399999,9237304.43166000,52318,5663.46000000,4811928.88600000
1757102400000,2025-09-05 20:00:00,850.96000000,852.53000000,848.50000000,850.14000000,9938.80300000,1757116799999,8455005.75806000,48560,5291.47200000,4502035.29695000
1757116800000,2025-09-06 00:00:00,850.14000000,859.61000000,849.55000000,858.20000000,23494.70500000,1757131199999,20092980.87365000,61313,13759.57300000,11766797.14262000
1757131200000,2025-09-06 04:00:00,858.20000000,859.96000000,855.99000000,859.42000000,23905.05700000,1757145599999,20514790.33599000,72774,13025.99700000,11179357.54203000
1757145600000,2025-09-06 08:00:00,859.42000000,862.00000000,856.43000000,861.07000000,38325.03000000,1757159999999,32924925.75245000,116136,20253.75100000,17401108.68432000
1757160000000,2025-09-06 12:00:00,861.07000000,865.00000000,858.95000000,859.51000000,29272.65900000,1757174399999,25238561.31551000,102131,16570.45200000,14287709.06668000
1757174400000,2025-09-06 16:00:00,859.52000000,861.74000000,857.49000000,857.79000000,19560.87200000,1757188799999,16811771.29758000,66129,10398.22100000,8936683.28799000
1757188800000,2025-09-06 20:00:00,857.80000000,863.29000000,856.59000000,860.85000000,9675.73100000,1757203199999,8318850.04676000,49780,5131.51700000,4412213.04410000
1757203200000,2025-09-07 00:00:00,860.86000000,868.25000000,860.55000000,866.12000000,24826.77000000,1757217599999,21470234.66587000,72393,14602.48700000,12628592.28476000
1757217600000,2025-09-07 04:00:00,866.12000000,868.00000000,864.65000000,867.64000000,17443.77300000,1757231999999,15116873.70790000,62612,11075.28900000,9598925.00201000
1757232000000,2025-09-07 08:00:00,867.64000000,874.44000000,867.31000000,873.64000000,29272.41200000,1757246399999,25516000.41784000,92574,17287.77900000,15068776.80956000
1757246400000,2025-09-07 12:00:00,873.63000000,875.48000000,869.51000000,874.68000000,23820.62400000,1757260799999,20783694.07061000,81904,11960.89400000,10439158.35290000
1757260800000,2025-09-07 16:00:00,874.68000000,876.60000000,872.40000000,875.28000000,17571.46800000,1757275199999,15366783.81590000,64041,9907.95500000,8665689.76068000
1757275200000,2025-09-07 20:00:00,875.28000000,884.05000000,873.30000000,880.05000000,23603.01100000,1757289599999,20742693.16896000,89702,13984.28000000,12288975.07437000
1757289600000,2025-09-08 00:00:00,880.05000000,885.85000000,877.77000000,882.14000000,42393.99700000,1757303999999,37389858.26311000,130890,21559.53600000,19014448.12419000
1757304000000,2025-09-08 04:00:00,882.15000000,882.40000000,871.66000000,874.18000000,33371.49600000,1757318399999,29232519.56001000,96782,14466.70500000,12668119.59668000
1757318400000,2025-09-08 08:00:00,874.19000000,879.37000000,870.01000000,878.72000000,34297.07000000,1757332799999,30013860.64780000,118517,16057.27400000,14056277.58123000
1757332800000,2025-09-08 12:00:00,878.72000000,882.92000000,877.20000000,880.18000000,32999.65300000,1757347199999,29045887.64764000,117510,18558.91600000,16335239.99270000
1757347200000,2025-09-08 16:00:00,880.18000000,882.16000000,876.10000000,877.63000000,20135.37600000,1757361599999,17700219.89381000,80789,10101.29400000,8880210.92354000
1757361600000,2025-09-08 20:00:00,877.64000000,882.56000000,877.03000000,878.08000000,14377.18900000,1757375999999,12644723.00650000,59553,8114.07400000,7136453.31392000
1757376000000,2025-09-09 00:00:00,878.08000000,879.98000000,872.00000000,875.14000000,23660.53800000,1757390399999,20696835.40628000,82406,12291.22400000,10751809.17770000
1757390400000,2025-09-09 04:00:00,875.13000000,884.45000000,874.10000000,881.12000000,27888.29800000,1757404799999,24534909.79956000,92417,15772.34300000,13876820.87202000
1757404800000,2025-09-09 08:00:00,881.13000000,884.83000000,880.21000000,880.22000000,20438.59300000,1757419199999,18037225.67666000,76899,10675.30800000,9420276.68964000
1757419200000,2025-09-09 12:00:00,880.22000000,882.29000000,871.38000000,873.35000000,39431.19700000,1757433599999,34546602.56790000,144371,19841.45500000,17388001.27795000
1757433600000,2025-09-09 16:00:00,873.35000000,877.43000000,872.73000000,877.10000000,16043.94300000,1757447999999,14033822.89011000,62258,8389.49100000,7339008.19256000
1757448000000,2025-09-09 20:00:00,877.11000000,883.53000000,874.55000000,880.01000000,23147.46100000,1757462399999,20387919.29230000,76186,10426.65400000,9180679.36902000
1757462400000,2025-09-10 00:00:00,880.00000000,882.60000000,877.04000000,880.40000000,20113.73500000,1757476799999,17697408.26949000,74564,8905.43400000,7834982.21364000
1757476800000,2025-09-10 04:00:00,880.40000000,885.76000000,878.82000000,883.43000000,29681.20300000,1757491199999,26209180.24863000,90918,17513.61700000,15467053.89052000
1757491200000,2025-09-10 08:00:00,883.43000000,885.20000000,881.06000000,884.68000000,25531.52100000,1757505599999,22547263.82265000,83772,13691.88800000,12092641.12419000
1757505600000,2025-09-10 12:00:00,884.67000000,907.38000000,884.36000000,895.50000000,163317.70800000,1757519999999,146772619.50512200,384770,93524.83200000,84025088.69852200
1757520000000,2025-09-10 16:00:00,895.50000000,899.55000000,888.66000000,890.79000000,44603.92900000,1757534399999,39919747.26907000,146153,22222.68300000,19900305.95555000
1757534400000,2025-09-10 20:00:00,890.79000000,895.24000000,888.33000000,893.77000000,23582.08200000,1757548799999,21035319.72073000,90730,11750.78800000,10483058.30928000
1757548800000,2025-09-11 00:00:00,893.77000000,895.16000000,888.38000000,894.55000000,23770.00500000,1757563199999,21199236.59220000,71084,12298.46100000,10969671.77516000
1757563200000,2025-09-11 04:00:00,894.55000000,898.56000000,892.60000000,896.58000000,24245.21900000,1757577599999,21713425.12323000,78020,12914.35600000,11566824.47795000
1757577600000,2025-09-11 08:00:00,896.57000000,902.37000000,894.89000000,899.07000000,33249.07800000,1757591999999,29886933.12209000,98122,19311.30200000,17359920.29322000
1757592000000,2025-09-11 12:00:00,899.08000000,904.53000000,891.27000000,893.31000000,64251.90600000,1757606399999,57682624.70216000,205712,33877.39200000,30419390.32085000
1757606400000,2025-09-11 16:00:00,893.31000000,897.92000000,893.30000000,896.81000000,14304.57600000,1757620799999,12811640.80072000,71580,7671.95000000,6870985.62674000
1757620800000,2025-09-11 20:00:00,896.81000000,903.67000000,895.33000000,902.77000000,20092.39800000,1757635199999,18084218.46774000,70377,11044.79000000,9939990.14160000
1757635200000,2025-09-12 00:00:00,902.77000000,908.93000000,901.41000000,904.70000000,31513.71400000,1757649599999,28507546.57032000,135029,17936.26100000,16227565.07568000
1757649600000,2025-09-12 04:00:00,904.69000000,909.69000000,903.14000000,903.45000000,38243.54500000,1757663999999,34698099.18147000,131485,21025.56000000,19077951.68838000
1757664000000,2025-09-12 08:00:00,903.45000000,909.51000000,902.34000000,905.44000000,35782.13800000,1757678399999,32440774.11026000,111044,19432.28500000,17618547.07180000
1757678400000,2025-09-12 12:00:00,905.45000000,909.88000000,904.00000000,907.01000000,28142.87300000,1757692799999,25546588.36574000,124876,16008.73500000,14531597.12278000
1757692800000,2025-09-12 16:00:00,907.01000000,925.78000000,906.96000000,924.20000000,72437.68470000,1757707199999,66510197.34169610,237811,44179.63070000,40555840.99260610
1757707200000,2025-09-12 20:00:00,924.19000000,929.90000000,922.16000000,924.80000000,34147.98250000,1757721599999,31582134.87030000,124362,19021.08850000,17592404.41791000
1757721600000,2025-09-13 00:00:00,924.81000000,929.33000000,923.64000000,927.73000000,32172.49600000,1757735999999,29829973.23174000,113865,18106.27500000,16788816.75852000
1757736000000,2025-09-13 04:00:00,927.72000000,927.98000000,924.00000000,925.29000000,22070.10700000,1757750399999,20428548.45621000,76938,11783.63100000,10906862.99560000
1757750400000,2025-09-13 08:00:00,925.29000000,943.46000000,924.27000000,941.16000000,71804.30440000,1757764799999,67223881.96790120,243556,43216.44240000,40450552.97098120
1757764800000,2025-09-13 12:00:00,941.16000000,943.86000000,931.60000000,936.59000000,54943.38300000,1757779199999,51565180.81227000,217904,27788.30800000,26084261.06119000
1757779200000,2025-09-13 16:00:00,936.60000000,937.98000000,922.11000000,930.14000000,53094.68100000,1757793599999,49324667.11315000,220204,25179.90800000,23392347.81897000
1757793600000,2025-09-13 20:00:00,930.14000000,934.35000000,928.56000000,933.68000000,17666.26100000,1757807999999,16464734.67837000,78682,10000.11400000,9321082.46998000
1757808000000,2025-09-14 00:00:00,933.68000000,938.12000000,929.34000000,931.06000000,25395.77100000,1757822399999,23728273.86548000,123999,12776.17800000,11937242.07672000
1757822400000,2025-09-14 04:00:00,931.05000000,944.95000000,927.80000000,937.47000000,36397.91500000,1757836799999,34136228.25137000,144163,19781.17300000,18554686.30510000
1757836800000,2025-09-14 08:00:00,937.48000000,941.39000000,930.99000000,931.64000000,22162.80600000,1757851199999,20767814.82911000,98344,9899.64800000,9279536.59954000
1757851200000,2025-09-14 12:00:00,931.65000000,936.68000000,921.91000000,924.30000000,41906.10900000,1757865599999,38906497.37922000,192120,18178.14900000,16881627.47360000
1757865600000,2025-09-14 16:00:00,924.31000000,929.05000000,923.10000000,927.59000000,19817.79700000,1757879999999,18355607.81246000,99092,10370.50100000,9606021.63261000
1757880000000,2025-09-14 20:00:00,927.58000000,934.19000000,925.24000000,926.51000000,14134.57700000,1757894399999,13148900.67231000,75696,7116.30900000,6620061.11400000
1757894400000,2025-09-15 00:00:00,926.51000000,932.95000000,922.00000000,932.31000000,26678.76600000,1757908799999,24739688.97124000,131510,12903.88700000,11966258.16795000
1757908800000,2025-09-15 04:00:00,932.31000000,935.72000000,922.28000000,923.43000000,31089.25900000,1757923199999,28876055.23541000,139083,14542.50700000,13508147.65481000
1757923200000,2025-09-15 08:00:00,923.42000000,923.42000000,910.64000000,920.12000000,52159.52800000,1757937599999,47839473.93669000,234919,23465.96300000,21519458.14479000
1757937600000,2025-09-15 12:00:00,920.11000000,923.16000000,912.27000000,916.50000000,42106.25700000,1757951999999,38650112.57248000,217202,20524.20900000,18844090.82191000
1757952000000,2025-09-15 16:00:00,916.51000000,922.08000000,912.73000000,919.50000000,15446.20100000,1757966399999,14173445.56531000,110561,8180.95100000,7509264.90214000
1757966400000,2025-09-15 20:00:00,919.50000000,922.40000000,918.24000000,919.68000000,7769.07600000,1757980799999,7149364.97314000,53745,4357.78600000,4010591.31512000
1757980800000,2025-09-16 00:00:00,919.68000000,922.68000000,916.66000000,921.16000000,14974.10100000,1757995199999,13781471.31241000,78100,8476.08800000,7801234.56975000
1757995200000,2025-09-16 04:00:00,921.15000000,932.36000000,916.77000000,930.89000000,46290.78600000,1758009599999,42927652.12601000,158471,22866.24500000,21198750.89847000
1758009600000,2025-09-16 08:00:00,930.90000000,933.55000000,924.81000000,927.48000000,26409.80100000,1758023999999,24531892.66151000,124349,14188.08700000,13179927.92626000
1758024000000,2025-09-16 12:00:00,927.49000000,937.89000000,921.94000000,937.64000000,53458.32000000,1758038399999,49660207.53188000,240191,29188.99900000,27126928.69894000
1758038400000,2025-09-16 16:00:00,937.64000000,957.17000000,932.49000000,954.66000000,106691.25450000,1758052799999,101269851.12093920,379744,60624.47450000,57559308.43128920
1758052800000,2025-09-16 20:00:00,954.65000000,959.00000000,953.28000000,955.65000000,37094.57600000,1758067199999,35466372.99429000,114948,20016.67500000,19140213.00363000
1758067200000,2025-09-17 00:00:00,955.65000000,963.00000000,954.31000000,957.00000000,55393.42750000,1758081599999,53136047.00889000,187953,29049.96850000,27866217.30931000
1758081600000,2025-09-17 04:00:00,957.00000000,959.28000000,946.69000000,954.70000000,48216.69800000,1758095999999,45927725.77476000,178819,24408.57200000,23255880.71256000
1758096000000,2025-09-17 08:00:00,954.70000000,957.19000000,951.16000000,953.24000000,32488.46000000,1758110399999,31000352.92759000,130561,14471.58000000,13809811.88400000
1758110400000,2025-09-17 12:00:00,953.25000000,954.81000000,947.11000000,951.15000000,32893.53000000,1758124799999,31283476.64023000,150474,18304.97200000,17410297.01046000
1758124800000,2025-09-17 16:00:00,951.14000000,962.68000000,946.10000000,956.46000000,71349.01800000,1758139199999,68039598.19164000,324843,37738.38400000,35991021.43425000
1758139200000,2025-09-17 20:00:00,956.46000000,995.44000000,951.70000000,989.98000000,121852.06230000,1758153599999,119265478.15148790,340265,69381.73630000,67891588.04136790
1758153600000,2025-09-18 00:00:00,989.97000000,997.00000000,982.75000000,995.52000000,71209.24100000,1758167999999,70454177.09755000,221581,37113.92600000,36730861.37271000
1758168000000,2025-09-18 04:00:00,995.52000000,999.72000000,987.14000000,998.22000000,69176.96600000,1758182399999,68784361.04462960,206244,39857.38100000,39636305.65344960
1758182400000,2025-09-18 08:00:00,998.23000000,1006.88000000,990.48000000,991.71000000,137415.40470000,1758196799999,137246285.24385790,340857,71979.53280000,71917524.92446890
1758196800000,2025-09-18 12:00:00,991.72000000,998.89000000,990.80000000,993.45000000,50020.89300000,1758211199999,49756348.91278000,195829,27379.93400000,27235337.46281000
1758211200000,2025-09-18 16:00:00,993.44000000,995.48000000,985.60000000,988.01000000,42804.84200000,1758225599999,42424016.03674000,143400,19338.26700000,19167045.91153000
1758225600000,2025-09-18 20:00:00,988.00000000,989.03000000,979.48000000,981.04000000,32045.21500000,1758239999999,31534759.09444000,83637,15301.07000000,15059825.02167000
1758240000000,2025-09-19 00:00:00,981.05000000,988.67000000,980.70000000,984.96000000,40855.71200000,1758254399999,40249608.34430000,127367,20158.08900000,19862155.59986000
1758254400000,2025-09-19 04:00:00,984.96000000,997.70000000,982.12000000,994.76000000,84339.99600000,1758268799999,83706834.39363000,275354,42699.98400000,42384487.40738000
1758268800000,2025-09-19 08:00:00,994.75000000,1002.99000000,984.64000000,985.75000000,89119.71800000,1758283199999,88582745.53292000,286038,42329.17500000,42097013.25428000
1758283200000,2025-09-19 12:00:00,985.74000000,992.41000000,973.90000000,982.64000000,65298.09000000,1758297599999,64297312.40911000,273572,29835.84500000,29389618.13966000
1758297600000,2025-09-19 16:00:00,982.63000000,985.20000000,975.00000000,978.30000000,31629.68500000,1758311999999,31018311.22188000,149515,15699.76200000,15400165.83765000
1758312000000,2025-09-19 20:00:00,978.30000000,985.45000000,977.15000000,984.10000000,22339.56000000,1758326399999,21936109.60170000,92074,10601.23500000,10410987.22429000
1758326400000,2025-09-20 00:00:00,984.10000000,993.11000000,982.90000000,991.61000000,35618.36200000,1758340799999,35178389.46138000,144903,18986.05000000,18748701.63053000
1758340800000,2025-09-20 04:00:00,991.61000000,1001.65000000,990.79000000,999.46000000,38784.86500000,1758355199999,38667968.19040000,164587,21684.97800000,21620312.82280000
1758355200000,2025-09-20 08:00:00,999.48000000,1005.32000000,993.79000000,1001.77000000,63509.07900000,1758369599999,63476004.30752000,212927,34810.54300000,34803662.79296000
1758369600000,2025-09-20 12:00:00,1001.77000000,1028.01000000,998.51000000,1021.10000000,102856.86660000,1758383999999,104119870.76672270,357935,56474.38760000,57186699.49163270
1758384000000,2025-09-20 16:00:00,1021.09000000,1029.12000000,1017.00000000,1019.16000000,68296.10900000,1758398399999,69846449.57580000,240614,32988.84000000,33753918.12556000
1758398400000,2025-09-20 20:00:00,1019.15000000,1048.00000000,1018.23000000,1043.77000000,71900.79500000,1758412799999,74448489.01058000,266876,39064.51400000,40426063.96359000
1758412800000,2025-09-21 00:00:00,1043.77000000,1083.47000000,1039.41000000,1069.46000000,169396.93730000,1758427199999,180473124.56819100,660730,88618.16930000,94311687.91682300
1758427200000,2025-09-21 04:00:00,1069.46000000,1080.79000000,1058.91000000,1073.73000000,74833.26700000,1758441599999,80104762.03310000,327000,38674.68600000,41402708.01175000
1758441600000,2025-09-21 08:00:00,1073.73000000,1075.25000000,1050.32000000,1051.11000000,77528.05800000,1758455999999,82335049.36655000,349626,34679.55600000,36843525.04830000
1758456000000,2025-09-21 12:00:00,1051.12000000,1057.97000000,1044.00000000,1056.31000000,54942.03700000,1758470399999,57775852.61405000,281551,27625.47700000,29055205.16368000
1758470400000,2025-09-21 16:00:00,1056.32000000,1058.00000000,1039.20000000,1047.85000000,52106.52300000,1758484799999,54505476.50065000,206375,24833.88700000,25979726.22437000
1758484800000,2025-09-21 20:00:00,1047.85000000,1054.99000000,1040.98000000,1047.80000000,35604.46000000,1758499199999,37326391.59346000,132071,20002.13500000,20971780.63413000
1758499200000,2025-09-22 00:00:00,1047.80000000,1050.55000000,1024.86000000,1029.95000000,106198.08400000,1758513599999,109730146.91947000,524852,55831.40400000,57676604.75952000
1758513600000,2025-09-22 04:00:00,1029.94000000,1038.37000000,993.31000000,1023.76000000,166170.30600000,1758527999999,169264496.13555000,571820,87130.23800000,88710777.97570000
1758528000000,2025-09-22 08:00:00,1023.75000000,1035.81000000,1012.52000000,1018.36000000,76916.75600000,1758542399999,78774469.83323000,349589,38987.52400000,39934082.10267000
1758542400000,2025-09-22 12:00:00,1018.36000000,1027.82000000,993.90000000,997.61000000,106609.25800000,1758556799999,107823717.47769000,361568,52502.40500000,53143137.45096000
1758556800000,2025-09-22 16:00:00,997.61000000,998.30000000,976.89000000,981.04000000,96553.51100000,1758571199999,95473892.99247000,307847,47710.06400000,47193878.00886000
1758571200000,2025-09-22 20:00:00,981.03000000,997.68000000,978.60000000,992.90000000,36282.48100000,1758585599999,35887159.08750000,122511,20303.03800000,20087404.35594000
1758585600000,2025-09-23 00:00:00,992.90000000,997.40000000,962.38000000,982.49000000,78563.24700000,1758599999999,76893936.38550000,285959,39025.98300000,38212240.03103000
1758600000000,2025-09-23 04:00:00,982.49000000,1007.67000000,976.48000000,1001.69000000,86768.97900000,1758614399999,86317690.99306000,315385,45766.13700000,45524203.12764000
1758614400000,2025-09-23 08:00:00,1001.70000000,1020.00000000,997.00000000,1010.75000000,74614.55400000,1758628799999,75049666.84260000,319303,33663.03000000,33876383.05226000
1758628800000,2025-09-23 12:00:00,1010.74000000,1026.47000000,1008.87000000,1022.67000000,101516.67300000,1758643199999,103326160.14944000,476939,49539.09100000,50421064.70854000
1758643200000,2025-09-23 16:00:00,1022.68000000,1027.37000000,1006.11000000,1009.25000000,55433.72400000,1758657599999,56346074.85771000,291780,26752.13400000,27204852.48801000
1758657600000,2025-09-23 20:00:00,1009.25000000,1021.00000000,1008.32000000,1015.98000000,23173.89300000,1758671999999,23533748.66418000,152114,12161.00800000,12351425.02793000
1758672000000,2025-09-24 00:00:00,1015.98000000,1026.79000000,1002.01000000,1002.56000000,64226.84900000,1758686399999,65269893.99844000,332885,29257.32700000,29743004.22845000
1758686400000,2025-09-24 04:00:00,1002.56000000,1019.10000000,991.46000000,1018.08000000,67852.55900000,1758700799999,68506703.82090000,325331,37199.95800000,37583764.96590000
1758700800000,2025-09-24 08:00:00,1018.09000000,1034.50000000,1012.50000000,1015.99000000,103521.23000000,1758715199999,105947694.96309000,401500,47187.45000000,48296436.59670000
1758715200000,2025-09-24 12:00:00,1016.00000000,1021.17000000,1003.35000000,1009.20000000,70584.06300000,1758729599999,71613369.11690000,290622,33020.63900000,33499196.45649000
1758729600000,2025-09-24 16:00:00,1009.20000000,1019.63000000,1007.93000000,1015.65000000,33864.30100000,1758743999999,34356427.41888000,147284,15614.74500000,15842577.54729000
1758744000000,2025-09-24 20:00:00,1015.64000000,1019.85000000,1012.00000000,1018.49000000,23000.88000000,1758758399999,23398269.57273000,106960,12743.24200000,12964352.60492000
1758758400000,2025-09-25 00:00:00,1018.49000000,1019.90000000,995.14000000,999.41000000,79262.96700000,1758772799999,79826792.12862000,286087,38624.74000000,38897697.84113000
1758772800000,2025-09-25 04:00:00,999.41000000,1000.00000000,985.60000000,992.00000000,73838.49300000,1758787199999,73295475.89843000,309916,34525.31900000,34276384.87168000
1758787200000,2025-09-25 08:00:00,991.99000000,996.34000000,981.03000000,986.09000000,46118.65700000,1758801599999,45582701.16079000,241110,22772.17900000,22510630.87156000
1758801600000,2025-09-25 12:00:00,986.09000000,1000.39000000,980.00000000,995.30000000,90665.50900000,1758815999999,89888411.14659000,400755,46074.06600000,45679780.01949000
1758816000000,2025-09-25 16:00:00,995.29000000,997.26000000,949.00000000,958.65000000,272918.64700000,1758830399999,264014829.71092000,619512,165907.93100000,160319737.18122000
1758830400000,2025-09-25 20:00:00,958.65000000,961.12000000,939.55000000,945.90000000,72316.98100000,1758844799999,68709957.92878000,280109,33730.84200000,32061272.06953000
1758844800000,2025-09-26 00:00:00,945.90000000,959.00000000,941.03000000,945.61000000,76189.93500000,1758859199999,72307967.49444000,322894,36345.35400000,34499706.21226000
1758859200000,2025-09-26 04:00:00,945.60000000,949.98000000,936.00000000,949.46000000,59032.29200000,1758873599999,55648061.09514000,247610,26750.80300000,25225461.34572000
1758873600000,2025-09-26 08:00:00,949.46000000,951.12000000,932.04000000,937.29000000,76377.26200000,1758887999999,71866346.68591000,264615,35306.60400000,33245060.71765000
1758888000000,2025-09-26 12:00:00,937.30000000,951.87000000,932.01000000,942.42000000,82011.85200000,1758902399999,77373393.29401000,403147,43426.20400000,40982922.59065000
1758902400000,2025-09-26 16:00:00,942.42000000,966.23000000,941.41000000,954.81000000,67389.84100000,1758916799999,64506954.21928000,278645,33509.54100000,32072167.61277000
1758916800000,2025-09-26 20:00:00,954.81000000,960.85000000,951.52000000,960.80000000,23756.33200000,1758931199999,22705888.32756000,116508,12788.96800000,12222643.60844000
1758931200000,2025-09-27 00:00:00,960.81000000,967.47000000,955.56000000,966.41000000,33563.66300000,1758945599999,32257754.71266000,168545,16441.44000000,15807433.98485000
1758945600000,2025-09-27 04:00:00,966.40000000,974.01000000,965.23000000,972.29000000,48622.32900000,1758959999999,47147588.50977000,190788,24643.43300000,23896092.11255000
1758960000000,2025-09-27 08:00:00,972.28000000,975.13000000,964.95000000,970.41000000,42953.59600000,1758974399999,41642384.39135000,168885,24970.79000000,24212511.58514000
1758974400000,2025-09-27 12:00:00,970.41000000,985.79000000,968.39000000,976.23000000,54658.08100000,1758988799999,53430874.77057000,197482,30842.74700000,30130203.24097000
1758988800000,2025-09-27 16:00:00,976.23000000,976.98000000,965.00000000,969.61000000,27722.96700000,1759003199999,26902600.25950000,154300,13203.54800000,12812698.15920000
1759003200000,2025-09-27 20:00:00,969.60000000,978.00000000,967.20000000,968.45000000,37725.77900000,1759017599999,36656033.05886000,162251,19511.01800000,18961066.76814000
1759017600000,2025-09-28 00:00:00,968.46000000,974.93000000,965.38000000,974.25000000,35713.35500000,1759031999999,34648263.71151000,167933,18180.94800000,17636090.82858000
1759032000000,2025-09-28 04:00:00,974.25000000,975.26000000,968.60000000,969.50000000,21753.80700000,1759046399999,21135804.49093000,114979,9566.14000000,9293969.85106000
1759046400000,2025-09-28 08:00:00,969.49000000,973.23000000,962.68000000,973.22000000,39881.41500000,1759060799999,38580101.84378000,173065,20820.84600000,20145630.38559000
1759060800000,2025-09-28 12:00:00,973.23000000,979.26000000,966.31000000,976.00000000,36095.46300000,1759075199999,35144985.27782000,166735,18623.47900000,18134495.19974000
1759075200000,2025-09-28 16:00:00,976.00000000,980.55000000,975.53000000,978.22000000,22129.60800000,1759089599999,21640436.56589000,107370,11810.27900000,11548340.66554000
1759089600000,2025-09-28 20:00:00,978.23000000,993.65000000,977.80000000,993.01000000,32912.83200000,1759103999999,32475168.18750000,160880,18491.45100000,18245167.19522000
1759104000000,2025-09-29 00:00:00,993.01000000,1011.41000000,991.12000000,1010.26000000,45752.51300000,1759118399999,45734909.98242000,255970,25962.15400000,25960127.03759000
1759118400000,2025-09-29 04:00:00,1010.26000000,1013.73000000,1005.44000000,1009.87000000,35406.56800000,1759132799999,35736724.79198000,236337,18827.45000000,19004335.55586000
1759132800000,2025-09-29 08:00:00,1009.86000000,1012.75000000,1002.11000000,1004.94000000,51138.30400000,1759147199999,51501885.31140000,244099,24251.49400000,24428247.24578000
1759147200000,2025-09-29 12:00:00,1004.94000000,1023.16000000,1000.00000000,1011.08000000,80902.15000000,1759161599999,81876260.26405000,379134,39726.79800000,40193220.41389000
1759161600000,2025-09-29 16:00:00,1011.07000000,1021.31000000,1003.53000000,1020.23000000,39148.10200000,1759175999999,39609578.37736000,205336,21691.23100000,21955669.26649000
1759176000000,2025-09-29 20:00:00,1020.23000000,1036.00000000,1019.02000000,1029.79000000,39634.86300000,1759190399999,40793695.74094000,248383,21928.46000000,22567105.10663000
1759190400000,2025-09-30 00:00:00,1029.79000000,1034.01000000,1020.87000000,1023.20000000,35681.85100000,1759204799999,36628673.70513000,233816,18356.78200000,18843740.74723000
1759204800000,2025-09-30 04:00:00,1023.19000000,1027.98000000,1016.76000000,1020.13000000,38610.65500000,1759219199999,39503052.08541000,232457,19970.78900000,20435397.95826000
1759219200000,2025-09-30 08:00:00,1020.12000000,1021.65000000,1003.13000000,1014.36000000,75809.64700000,1759233599999,76722471.23388000,294830,33297.18800000,33712287.18689000
1759233600000,2025-09-30 12:00:00,1014.36000000,1014.66000000,992.93000000,998.19000000,58527.45300000,1759247999999,58754507.60377000,325425,27411.95800000,27517636.04644000
1759248000000,2025-09-30 16:00:00,998.20000000,1009.49000000,996.78000000,1007.29000000,30285.09800000,1759262399999,30347238.25969000,207485,16439.08800000,16474906.43260000
1759262400000,2025-09-30 20:00:00,1007.29000000,1010.50000000,1001.30000000,1008.51000000,19916.26700000,1759276799999,20025968.21765000,143946,10074.50900000,10132030.41053000
1759276800000,2025-10-01 00:00:00,1008.51000000,1016.00000000,1003.35000000,1004.81000000,33219.80200000,1759291199999,33560344.03429000,182636,16974.18400000,17151672.27430000
1759291200000,2025-10-01 04:00:00,1004.80000000,1013.32000000,1004.54000000,1010.03000000,26583.99300000,1759305599999,26861198.53245000,160701,12558.18800000,12686724.13735000
1759305600000,2025-10-01 08:00:00,1010.03000000,1036.20000000,1009.50000000,1023.42000000,85163.79900000,1759319999999,87376354.14049000,388517,44669.28000000,45833056.31069000
1759320000000,2025-10-01 12:00:00,1023.42000000,1028.60000000,1015.24000000,1019.31000000,64011.55500000,1759334399999,65424690.27565000,289509,29338.16800000,30000709.44637000
1759334400000,2025-10-01 16:00:00,1019.32000000,1025.36000000,1016.49000000,1019.70000000,34979.88900000,1759348799999,35700195.94022000,208379,18264.59300000,18640128.86822000
1759348800000,2025-10-01 20:00:00,1019.71000000,1026.59000000,1017.46000000,1026.50000000,25048.77300000,1759363199999,25594000.89144000,132096,12814.76800000,13096993.09350000
1759363200000,2025-10-02 00:00:00,1026.50000000,1037.60000000,1022.01000000,1031.04000000,57301.51300000,1759377599999,59063193.91316000,294943,28456.89900000,29336506.30614000
1759377600000,2025-10-02 04:00:00,1031.04000000,1041.18000000,1026.93000000,1036.10000000,41695.27000000,1759391999999,43140248.82323000,231363,23866.15200000,24700603.63367000
1759392000000,2025-10-02 08:00:00,1036.11000000,1050.00000000,1033.61000000,1047.81000000,43389.38300000,1759406399999,45212406.58743000,253500,23950.65600000,24965892.19669000
1759406400000,2025-10-02 12:00:00,1047.81000000,1063.45000000,1041.09000000,1055.68000000,94596.81700000,1759420799999,99662677.88929000,463999,52061.64200000,54864734.42528000
1759420800000,2025-10-02 16:00:00,1055.68000000,1076.71000000,1054.96000000,1073.81000000,54374.44200000,1759435199999,57835465.53443000,287659,30735.17800000,32699426.61299000
1759435200000,2025-10-02 20:00:00,1073.82000000,1099.22000000,1073.01000000,1090.22000000,89322.02000000,1759449599999,96986256.55904000,344984,47237.13300000,51303125.37154000
1759449600000,2025-10-03 00:00:00,1090.22000000,1112.57000000,1084.02000000,1108.00000000,108032.25940000,1759463999999,118742056.62648900,394390,61027.00940000,67088484.16489900
1759464000000,2025-10-03 04:00:00,1107.99000000,1112.68000000,1084.66000000,1086.24000000,88059.09400000,1759478399999,96558262.68863000,393741,36373.56400000,39918184.17793000
1759478400000,2025-10-03 08:00:00,1086.25000000,1114.95000000,1083.84000000,1106.39000000,78824.28100000,1759492799999,86910208.93795000,357993,43660.28000000,48156667.40916000
1759492800000,2025-10-03 12:00:00,1106.40000000,1168.00000000,1102.48000000,1165.30000000,204171.52530000,1759507199999,231656148.40874400,845057,113156.87330000,128486846.68004400
1759507200000,2025-10-03 16:00:00,1165.30000000,1178.65000000,1120.10000000,1170.39000000,172839.55830000,1759521599999,199322580.21872000,819085,82293.99130000,94975987.61850000
1759521600000,2025-10-03 20:00:00,1170.39000000,1192.42000000,1164.82000000,1189.40000000,93070.00260000,1759535999999,109775804.48102400,374708,46441.37260000,54780277.45882400
1759536000000,2025-10-04 00:00:00,1189.40000000,1190.47000000,1164.00000000,1170.39000000,75136.16500000,1759550399999,88266220.61246000,386859,35314.51700000,41489495.51444000
1759550400000,2025-10-04 04:00:00,1170.39000000,1182.39000000,1165.15000000,1166.82000000,48231.61200000,1759564799999,56602224.71854000,291536,24522.71700000,28787350.25698000
1759564800000,2025-10-04 08:00:00,1166.82000000,1168.86000000,1145.00000000,1151.69000000,62960.97100000,1759579199999,72777753.82220000,346637,32118.13200000,37140549.95868000
1759579200000,2025-10-04 12:00:00,1151.69000000,1154.18000000,1139.77000000,1144.44000000,56232.37700000,1759593599999,64516001.32199000,338526,26939.71800000,30916739.43219000
1759593600000,2025-10-04 16:00:00,1144.42000000,1158.52000000,1134.93000000,1146.99000000,58361.66500000,1759607999999,66764712.10875000,249343,28564.30000000,32694199.43956000
1759608000000,2025-10-04 20:00:00,1146.98000000,1156.35000000,1144.44000000,1150.75000000,36515.71900000,1759622399999,42003762.35995000,122390,20771.29600000,23895398.83877000
1759622400000,2025-10-05 00:00:00,1150.75000000,1169.55000000,1143.14000000,1163.22000000,61516.80600000,1759636799999,71233074.28563000,279731,34055.42200000,39445910.03305000
1759636800000,2025-10-05 04:00:00,1163.23000000,1189.00000000,1163.09000000,1178.03000000,82710.94700000,1759651199999,97381718.59519000,429447,43063.31300000,50697040.20456000
1759651200000,2025-10-05 08:00:00,1178.02000000,1180.17000000,1153.84000000,1167.85000000,62843.65800000,1759665599999,73145116.41317000,369804,28154.24800000,32772791.50288000
1759665600000,2025-10-05 12:00:00,1167.85000000,1171.20000000,1156.99000000,1158.57000000,38162.86700000,1759679999999,44418015.34074000,280003,18306.05400000,21309715.68572000
1759680000000,2025-10-05 16:00:00,1158.57000000,1169.73000000,1148.25000000,1149.82000000,34864.24400000,1759694399999,40415928.52659000,243767,17158.60200000,19897704.59217000
1759694400000,2025-10-05 20:00:00,1149.82000000,1167.38000000,1147.84000000,1167.38000000,26631.65600000,1759708799999,30826787.87190000,145602,15882.48500000,18382527.03014000
1759708800000,2025-10-06 00:00:00,1167.38000000,1183.99000000,1161.85000000,1182.33000000,64919.48300000,1759723199999,76264438.22571000,370441,35568.59700000,41785990.86723000
1759723200000,2025-10-06 04:00:00,1182.32000000,1223.90000000,1178.51000000,1198.26000000,158776.31620000,1759737599999,191077640.64963700,630528,92240.71320000,110947392.79074700
1759737600000,2025-10-06 08:00:00,1198.26000000,1222.71000000,1198.26000000,1222.19000000,82124.58800000,1759751999999,99687494.77463000,398418,44822.14600000,54411080.83562000
1759752000000,2025-10-06 12:00:00,1222.19000000,1239.94000000,1209.22000000,1221.50000000,152394.07990000,1759766399999,186798881.53014000,657144,74446.39090000,91245966.45346000
1759766400000,2025-10-06 16:00:00,1221.49000000,1227.85000000,1213.91000000,1225.53000000,82318.28000000,1759780799999,100495043.37816000,317989,52176.09100000,63713973.41270000
1759780800000,2025-10-06 20:00:00,1225.52000000,1230.44000000,1218.01000000,1223.19000000,46944.81300000,1759795199999,57457734.82235000,220219,23279.15100000,28502686.04308000
1759795200000,2025-10-07 00:00:00,1223.17000000,1229.56000000,1204.61000000,1223.34000000,70710.70100000,1759809599999,86248174.52928000,333664,35953.23500000,43878020.27403000
1759809600000,2025-10-07 04:00:00,1223.35000000,1263.99000000,1220.43000000,1250.04000000,174258.43730000,1759823999999,217162872.79389100,676621,99258.08230000,123654866.87945100
1759824000000,2025-10-07 08:00:00,1250.04000000,1317.45000000,1232.72000000,1313.15000000,274708.53090000,1759838399999,351555084.46158700,979698,149055.17890000,190918012.02059700
1759838400000,2025-10-07 12:00:00,1313.14000000,1349.99000000,1260.68000000,1280.97000000,512769.61550000,1759852799999,668350395.67308000,1718684,246712.59850000,321817732.69208000
1759852800000,2025-10-07 16:00:00,1280.96000000,1303.00000000,1265.40000000,1296.99000000,181510.93300000,1759867199999,233254053.25013000,787294,92150.69700000,118462411.54205000
1759867200000,2025-10-07 20:00:00,1296.98000000,1328.20000000,1295.50000000,1304.43000000,137720.27100000,1759881599999,180832675.83070000,539312,69179.60500000,90849526.14504000
1759881600000,2025-10-08 00:00:00,1304.43000000,1334.19000000,1271.04000000,1276.22000000,222864.96800000,1759895999999,289815099.25380000,776091,99723.74300000,129858725.05861000
1759896000000,2025-10-08 04:00:00,1276.22000000,1313.83000000,1264.32000000,1312.47000000,162548.11900000,1759910399999,209709896.07406000,752709,85149.45800000,109854813.46733000
1759910400000,2025-10-08 08:00:00,1312.47000000,1327.74000000,1302.56000000,1313.37000000,130370.49200000,1759924799999,171501476.58149000,631468,65321.55300000,85951247.43365000
1759924800000,2025-10-08 12:00:00,1313.37000000,1320.00000000,1285.00000000,1293.96000000,140909.05000000,1759939199999,183660680.58480000,677947,65437.06300000,85319979.43538000
1759939200000,2025-10-08 16:00:00,1293.96000000,1322.79000000,1289.00000000,1315.71000000,90690.22400000,1759953599999,118768488.84147000,415045,49885.66300000,65365674.44926000
1759953600000,2025-10-08 20:00:00,1315.71000000,1324.74000000,1295.00000000,1307.40000000,79172.27000000,1759967999999,103457640.55667000,238220,35047.83600000,45840923.94296000
1759968000000,2025-10-09 00:00:00,1307.40000000,1318.24000000,1252.92000000,1278.88000000,184507.71100000,1759982399999,236545684.63417000,489927,89332.14000000,114342607.05242000
1759982400000,2025-10-09 04:00:00,1278.88000000,1320.00000000,1272.31000000,1309.90000000,187386.52300000,1759996799999,244031711.51338000,551762,101213.33500000,131870808.96717000
1759996800000,2025-10-09 08:00:00,1309.89000000,1310.49000000,1267.67000000,1281.23000000,175999.44000000,1760011199999,226122934.14584000,632804,89120.00400000,114488115.90430000
1760011200000,2025-10-09 12:00:00,1281.22000000,1290.89000000,1227.32000000,1239.64000000,238890.70800000,1760025599999,299450723.82013000,861061,109014.99200000,136711603.20389000
1760025600000,2025-10-09 16:00:00,1239.65000000,1247.43000000,1224.38000000,1241.46000000,92773.40000000,1760039999999,114655925.26566000,402630,46399.64300000,57364551.38455000
1760040000000,2025-10-09 20:00:00,1241.47000000,1260.64000000,1239.97000000,1255.35000000,46069.82200000,1760054399999,57703774.74599000,209219,26812.40400000,33583168.81329000
1760054400000,2025-10-10 00:00:00,1255.35000000,1269.19000000,1244.10000000,1259.62000000,79559.49100000,1760068799999,99966163.64935000,381094,41313.16700000,51927393.68161000
1760068800000,2025-10-10 04:00:00,1259.62000000,1278.52000000,1258.04000000,1263.75000000,85038.53300000,1760083199999,107887751.38885000,478480,42133.31300000,53463215.56850000
1760083200000,2025-10-10 08:00:00,1263.76000000,1273.67000000,1245.81000000,1270.71000000,87016.80600000,1760097599999,109663256.58912000,404201,44538.17800000,56179116.33335000
1760097600000,2025-10-10 12:00:00,1270.72000000,1274.16000000,1205.23000000,1215.49000000,222145.96800000,1760111999999,274802579.70191000,721541,102164.82900000,126341928.59131000
1760112000000,2025-10-10 16:00:00,1215.49000000,1247.04000000,1210.06000000,1235.58000000,152593.86200000,1760126399999,187273036.78269000,649184,75129.07000000,92223948.20450000
1760126400000,2025-10-10 20:00:00,1235.58000000,1243.42000000,860.11000000,1102.47000000,878671.01300000,1760140799999,958996123.85146000,2226275,405855.26500000,443257898.26708000
1760140800000,2025-10-11 00:00:00,1102.57000000,1143.33000000,1073.00000000,1128.42000000,346186.06600000,1760155199999,384573919.64795000,1335093,169263.76700000,188089118.81740000
1760155200000,2025-10-11 04:00:00,1128.36000000,1140.00000000,1084.47000000,1094.02000000,179384.26000000,1760169599999,199025415.39416000,823204,82731.06200000,91788851.45925000
1760169600000,2025-10-11 08:00:00,1094.03000000,1140.11000000,1090.00000000,1129.79000000,147321.80800000,1760183999999,165284332.09933000,707298,79733.19800000,89487355.83053000
1760184000000,2025-10-11 12:00:00,1129.78000000,1158.28000000,1115.02000000,1142.71000000,119311.11800000,1760198399999,135406218.02847000,654189,59862.72200000,67960633.48375000
1760198400000,2025-10-11 16:00:00,1142.71000000,1182.76000000,1135.32000000,1141.14000000,147647.12600000,1760212799999,171454440.99716000,690655,74864.53900000,86961148.15069000
1760212800000,2025-10-11 20:00:00,1141.14000000,1147.64000000,1106.24000000,1135.07000000,111054.86700000,1760227199999,125632093.87539000,628802,52667.85200000,59599113.78297000
1760227200000,2025-10-12 00:00:00,1135.07000000,1137.97000000,1107.43000000,1121.30000000,99493.49400000,1760241599999,111357046.40454000,657660,51610.04300000,57794212.01934000
1760241600000,2025-10-12 04:00:00,1121.30000000,1170.39000000,1117.58000000,1160.83000000,99947.40700000,1760255999999,114692583.53411000,580840,56123.33600000,64403635.53900000
1760256000000,2025-10-12 08:00:00,1160.82000000,1231.00000000,1154.73000000,1230.12000000,253058.10000000,1760270399999,303673023.21527000,953598,136876.59100000,164398403.81937000
1760270400000,2025-10-12 12:00:00,1230.11000000,1307.98000000,1220.00000000,1302.29000000,375150.83500000,1760284799999,471412823.39040000,1362287,192007.79300000,241421584.90950000
1760284800000,2025-10-12 16:00:00,1302.29000000,1312.31000000,1272.11000000,1296.19000000,234970.33600000,1760299199999,304060530.77044000,827561,127720.28600000,165274053.12956000
1760299200000,2025-10-12 20:00:00,1296.23000000,1319.80000000,1276.24000000,1302.65000000,142627.84400000,1760313599999,184827739.16875000,620004,74676.72900000,96874652.92926000
1760313600000,2025-10-13 00:00:00,1302.65000000,1322.00000000,1292.02000000,1296.29000000,151908.59100000,1760327999999,198581824.97294000,746733,73265.25700000,95863223.23609000
1760328000000,2025-10-13 04:00:00,1296.30000000,1353.55000000,1283.44000000,1343.95000000,275326.48200000,1760342399999,365137759.64083000,1202732,156664.30100000,207880682.18976000
1760342400000,2025-10-13 08:00:00,1343.95000000,1375.11000000,1266.00000000,1294.20000000,564374.47890000,1760356799999,751292777.28373000,1948354,264671.58990000,352835635.27373000
1760356800000,2025-10-13 12:00:00,1294.20000000,1304.98000000,1251.28000000,1274.15000000,297319.01000000,1760371199999,381097918.26607000,1091028,144667.81700000,185457952.24116000
1760371200000,2025-10-13 16:00:00,1274.15000000,1288.92000000,1261.61000000,1271.56000000,125665.68800000,1760385599999,160383912.15679000,637035,62484.47800000,79763785.69552000
1760385600000,2025-10-13 20:00:00,1271.56000000,1299.00000000,1271.46000000,1294.55000000,68482.72200000,1760399999999,88207814.82002000,346092,34668.10600000,44656578.40968000
1760400000000,2025-10-14 00:00:00,1294.54000000,1318.26000000,1271.28000000,1278.14000000,116224.34200000,1760414399999,150154402.51308000,664791,57051.83000000,73739352.50139000
1760414400000,2025-10-14 04:00:00,1278.14000000,1280.16000000,1179.40000000,1195.36000000,319672.23600000,1760428799999,390755663.52970000,1320803,140341.74400000,171434331.46559000
1760428800000,2025-10-14 08:00:00,1195.35000000,1213.03000000,1164.60000000,1170.35000000,246725.85800000,1760443199999,293090335.51979000,1256201,129313.29600000,153565901.09474000
1760443200000,2025-10-14 12:00:00,1170.35000000,1216.47000000,1143.01000000,1213.75000000,354133.66900000,1760457599999,416522098.99985000,1531766,183381.50900000,216003626.55250000
1760457600000,2025-10-14 16:00:00,1213.76000000,1250.65000000,1191.66000000,1206.54000000,249098.11000000,1760471999999,303723387.74675000,1073262,120809.89100000,147382868.36782000
1760472000000,2025-10-14 20:00:00,1206.55000000,1222.71000000,1203.45000000,1208.52000000,112805.56700000,1760486399999,136983262.82766000,397804,73961.24500000,89815319.39030000
1760486400000,2025-10-15 00:00:00,1208.55000000,1222.76000000,1199.79000000,1206.66000000,81399.73200000,1760500799999,98433521.59228000,489987,39319.64400000,47575468.30931000
1760500800000,2025-10-15 04:00:00,1206.66000000,1216.36000000,1176.14000000,1189.77000000,133311.33700000,1760515199999,158799135.85219000,696446,57601.75300000,68628791.44800000
1760515200000,2025-10-15 08:00:00,1189.76000000,1215.24000000,1177.14000000,1185.02000000,127909.68100000,1760529599999,152816920.33999000,666092,59652.85900000,71316656.62911000
1760529600000,2025-10-15 12:00:00,1185.01000000,1191.29000000,1164.50000000,1168.53000000,167214.15200000,1760543999999,196589257.85112000,808317,88917.30000000,104563660.71344000
1760544000000,2025-10-15 16:00:00,1168.54000000,1187.88000000,1156.13000000,1164.30000000,117871.20600000,1760558399999,137895194.95589000,554449,61040.65100000,71452068.94601000
1760558400000,2025-10-15 20:00:00,1164.30000000,1170.40000000,1148.92000000,1162.57000000,79621.63900000,1760572799999,92165412.35850000,375226,39255.57300000,45462886.81433000
1760572800000,2025-10-16 00:00:00,1162.57000000,1195.00000000,1158.69000000,1183.82000000,93924.65100000,1760587199999,111015901.81105000,482029,53773.06200000,63550015.89448000
1760587200000,2025-10-16 04:00:00,1183.83000000,1192.37000000,1173.87000000,1184.47000000,88770.42100000,1760601599999,105080538.09786000,460501,42527.54900000,50351592.75292000
1760601600000,2025-10-16 08:00:00,1184.48000000,1194.21000000,1170.11000000,1181.67000000,136912.26900000,1760615999999,161922731.02283000,689182,68538.42800000,81099797.43330000
1760616000000,2025-10-16 12:00:00,1181.68000000,1191.27000000,1132.36000000,1135.20000000,152233.15500000,1760630399999,177521245.98503000,813012,71070.14100000,82978186.77019000
1760630400000,2025-10-16 16:00:00,1135.20000000,1156.53000000,1122.31000000,1145.30000000,183547.63900000,1760644799999,209415513.66511000,1094194,99433.41700000,113524983.29136000
1760644800000,2025-10-16 20:00:00,1145.31000000,1164.62000000,1141.29000000,1144.83000000,61438.36200000,1760659199999,70739312.27455000,359875,30357.71500000,34975068.57618000
1760659200000,2025-10-17 00:00:00,1144.83000000,1156.30000000,1137.42000000,1150.54000000,60190.92900000,1760673599999,69095317.50162000,367602,30994.18700000,35591380.76341000
1760673600000,2025-10-17 04:00:00,1150.54000000,1154.09000000,1059.53000000,1062.67000000,247556.48600000,1760687999999,271859896.95754000,1031536,95513.03500000,104805765.36197000
1760688000000,2025-10-17 08:00:00,1062.68000000,1080.00000000,1021.00000000,1072.28000000,412436.78500000,1760702399999,431610413.38295000,1677563,207871.97000000,217640332.04966000
1760702400000,2025-10-17 12:00:00,1072.28000000,1077.31000000,1046.99000000,1074.01000000,178906.17700000,1760716799999,190348534.19436000,1127213,90954.17600000,96831241.43327000
1760716800000,2025-10-17 16:00:00,1074.01000000,1093.00000000,1063.21000000,1066.84000000,118370.01600000,1760731199999,127586705.46898000,657150,65644.66100000,70796648.76777000
1760731200000,2025-10-17 20:00:00,1066.85000000,1090.36000000,1064.56000000,1071.15000000,48761.37800000,1760745599999,52627897.83192000,261041,26237.21000000,28320401.47306000
1760745600000,2025-10-18 00:00:00,1071.15000000,1094.80000000,1069.41000000,1090.19000000,64988.88200000,1760759999999,70514215.82547000,356267,35096.10300000,38074447.43755000
1760760000000,2025-10-18 04:00:00,1090.18000000,1131.05000000,1080.08000000,1119.34000000,120645.62300000,1760774399999,133890433.80027000,586074,65853.04000000,73049643.64800000
1760774400000,2025-10-18 08:00:00,1119.33000000,1125.50000000,1096.48000000,1103.58000000,90196.17100000,1760788799999,100106237.28397000,464246,44293.62300000,49177326.78182000
1760788800000,2025-10-18 12:00:00,1103.59000000,1105.80000000,1082.70000000,1091.24000000,63752.63400000,1760803199999,69677692.92950000,413164,29570.91400000,32321706.16709000
1760803200000,2025-10-18 16:00:00,1091.24000000,1103.84000000,1081.67000000,1103.09000000,41039.02400000,1760817599999,44856764.65070000,243140,21925.12400000,23980024.17115000
1760817600000,2025-10-18 20:00:00,1103.08000000,1105.38000000,1083.80000000,1092.43000000,39374.18300000,1760831999999,43078945.73777000,207317,14741.37800000,16138731.40462000
1760832000000,2025-10-19 00:00:00,1092.42000000,1094.18000000,1077.00000000,1091.71000000,35912.74400000,1760846399999,38964308.76807000,220530,17137.19100000,18603231.11928000
1760846400000,2025-10-19 04:00:00,1091.72000000,1097.50000000,1081.92000000,1084.38000000,37769.69200000,1760860799999,41125317.17191000,216057,17956.89300000,19556546.34557000
1760860800000,2025-10-19 08:00:00,1084.39000000,1110.00000000,1068.04000000,1100.55000000,134768.66100000,1760875199999,146962485.61132000,716223,66908.08900000,72989530.76083000
1760875200000,2025-10-19 12:00:00,1100.55000000,1122.98000000,1091.27000000,1118.94000000,113855.83300000,1760889599999,126456314.70749000,502090,57028.78300000,63351195.63753000
1760889600000,2025-10-19 16:00:00,1118.94000000,1133.76000000,1115.43000000,1117.11000000,58143.79500000,1760903999999,65359195.46933000,318809,28649.31800000,32210638.51168000
1760904000000,2025-10-19 20:00:00,1117.11000000,1121.82000000,1107.60000000,1109.88000000,29536.84700000,1760918399999,32963040.41643000,179308,12680.29700000,14162203.90666000
1760918400000,2025-10-20 00:00:00,1109.88000000,1130.27000000,1088.19000000,1128.17000000,85423.79400000,1760932799999,94523510.65054000,443493,44836.21700000,49660362.11884000
1760932800000,2025-10-20 04:00:00,1128.17000000,1143.20000000,1121.27000000,1125.08000000,95828.53300000,1760947199999,108380483.53858000,499447,46031.65100000,52077176.89542000
1760947200000,2025-10-20 08:00:00,1125.07000000,1129.88000000,1109.84000000,1115.44000000,84104.74000000,1760961599999,94207360.94555000,392301,43159.90300000,48362299.82179000
1760961600000,2025-10-20 12:00:00,1115.45000000,1117.03000000,1099.49000000,1110.60000000,94546.76400000,1760975999999,104915257.44258000,521693,43787.06000000,48593562.17554000
1760976000000,2025-10-20 16:00:00,1110.61000000,1110.61000000,1088.33000000,1100.91000000,94453.30600000,1760990399999,103558093.06831000,522164,48140.66100000,52779426.46499000
1760990400000,2025-10-20 20:00:00,1100.91000000,1104.28000000,1092.56000000,1100.19000000,26953.91800000,1761004799999,29629553.51755000,200823,14176.40700000,15587525.00856000
1761004800000,2025-10-21 00:00:00,1100.20000000,1102.16000000,1077.00000000,1081.63000000,58595.07100000,1761019199999,63665592.28411000,307986,24996.98100000,27167083.24994000
1761019200000,2025-10-21 04:00:00,1081.62000000,1081.99000000,1062.00000000,1072.25000000,91129.27700000,1761033599999,97507880.07835000,504138,49033.13500000,52463089.52854000
1761033600000,2025-10-21 08:00:00,1072.24000000,1079.68000000,1065.61000000,1076.54000000,55340.99400000,1761047999999,59253079.41308000,281657,31806.56900000,34062465.36901000
1761048000000,2025-10-21 12:00:00,1076.54000000,1114.53000000,1068.39000000,1111.97000000,148101.16200000,1761062399999,161679221.17345000,707485,78788.10300000,86035067.85338000
1761062400000,2025-10-21 16:00:00,1111.96000000,1113.27000000,1080.27000000,1089.64000000,120738.18900000,1761076799999,132475136.87340000,590029,60019.59700000,65830347.79033000
1761076800000,2025-10-21 20:00:00,1089.65000000,1091.00000000,1052.46000000,1057.16000000,67619.80800000,1761091199999,72375144.73323000,372045,29572.01300000,31673036.84880000
1761091200000,2025-10-22 00:00:00,1057.16000000,1071.01000000,1053.57000000,1067.99000000,61299.86800000,1761105599999,65267163.74555000,315485,39733.21000000,42325688.95839000
1761105600000,2025-10-22 04:00:00,1067.99000000,1074.79000000,1061.50000000,1071.14000000,41920.44500000,1761119999999,44832621.71876000,245927,22481.18200000,24049498.57543000
1761120000000,2025-10-22 08:00:00,1071.13000000,1075.15000000,1058.85000000,1069.46000000,63159.29100000,1761134399999,67333535.01365000,343660,26645.96900000,28432492.53578000
1761134400000,2025-10-22 12:00:00,1069.46000000,1083.80000000,1065.61000000,1080.99000000,127027.72800000,1761148799999,136619751.44723000,720192,62570.48300000,67302625.58784000
1761148800000,2025-10-22 16:00:00,1080.99000000,1081.69000000,1063.42000000,1069.95000000,49580.46500000,1761163199999,53179176.20886000,367918,22776.14900000,24431708.37076000
1761163200000,2025-10-22 20:00:00,1069.96000000,1073.72000000,1053.25000000,1071.82000000,54261.26500000,1761177599999,57692547.95670000,333781,25713.66700000,27358390.10392000
1761177600000,2025-10-23 00:00:00,1071.83000000,1091.56000000,1071.83000000,1087.01000000,49571.64700000,1761191999999,53643870.82919000,256647,27767.44100000,30045900.88833000
1761192000000,2025-10-23 04:00:00,1087.02000000,1112.12000000,1083.17000000,1109.98000000,99130.76500000,1761206399999,109151547.04979000,421004,58961.21000000,64940994.58118000
1761206400000,2025-10-23 08:00:00,1109.97000000,1123.32000000,1092.93000000,1094.55000000,156289.93000000,1761220799999,172931520.20340000,727108,74472.14800000,82395088.10872000
1761220800000,2025-10-23 12:00:00,1094.55000000,1161.90000000,1076.54000000,1129.95000000,312482.03500000,1761235199999,351285261.86367000,1151079,166184.17300000,187017822.78507000
1761235200000,2025-10-23 16:00:00,1129.95000000,1140.50000000,1107.37000000,1117.80000000,107023.92300000,1761249599999,120522071.21787000,616622,51161.11400000,57654828.20499000
1761249600000,2025-10-23 20:00:00,1117.81000000,1131.02000000,1111.04000000,1126.72000000,50448.41800000,1761263999999,56513003.80295000,244237,25489.86800000,28556771.38111000
1761264000000,2025-10-24 00:00:00,1126.71000000,1140.94000000,1126.55000000,1135.59000000,60710.45000000,1761278399999,68815875.43844000,351287,31344.65100000,35529239.94562000
1761278400000,2025-10-24 04:00:00,1135.58000000,1144.17000000,1121.80000000,1125.25000000,68616.62200000,1761292799999,77907790.12216000,382648,30230.74700000,34349302.73258000
1761292800000,2025-10-24 08:00:00,1125.24000000,1135.85000000,1120.27000000,1125.37000000,57386.31500000,1761307199999,64708691.79224000,337602,29015.32500000,32727422.41239000
1761307200000,2025-10-24 12:00:00,1125.37000000,1137.78000000,1103.04000000,1104.42000000,89359.28600000,1761321599999,99921980.27145000,504662,40368.18200000,45152703.19765000
1761321600000,2025-10-24 16:00:00,1104.41000000,1114.40000000,1097.39000000,1109.86000000,43459.54300000,1761335999999,48020432.06007000,233122,21280.78100000,23515151.66492000
1761336000000,2025-10-24 20:00:00,1109.86000000,1113.75000000,1106.76000000,1109.01000000,23180.42600000,1761350399999,25733817.13156000,115116,11159.34100000,12391387.68116000
1761350400000,2025-10-25 00:00:00,1109.00000000,1119.34000000,1100.96000000,1117.17000000,34662.27600000,1761364799999,38489627.32966000,172344,19224.88100000,21362399.71493000
1761364800000,2025-10-25 04:00:00,1117.17000000,1119.15000000,1110.69000000,1112.72000000,31058.85000000,1761379199999,34647028.87430000,141346,14096.93800000,15728837.16716000
1761379200000,2025-10-25 08:00:00,1112.71000000,1118.23000000,1110.00000000,1115.76000000,25075.14200000,1761393599999,27955641.23900000,136294,13618.83700000,15185921.40579000
1761393600000,2025-10-25 12:00:00,1115.76000000,1118.00000000,1105.00000000,1108.61000000,34193.45800000,1761407999999,38021044.73683000,190463,13636.14700000,15168311.05024000
1761408000000,2025-10-25 16:00:00,1108.61000000,1117.05000000,1107.68000000,1116.33000000,17217.97000000,1761422399999,19160133.57922000,115438,9366.88200000,10423390.56109000
1761422400000,2025-10-25 20:00:00,1116.34000000,1120.89000000,1112.87000000,1116.53000000,20508.88700000,1761436799999,22920329.19271000,89953,13483.33900000,15077926.96137000
1761436800000,2025-10-26 00:00:00,1116.53000000,1124.37000000,1114.48000000,1116.98000000,36032.50900000,1761451199999,40352270.36662000,169729,17857.98300000,19999864.98741000
1761451200000,2025-10-26 04:00:00,1116.98000000,1122.24000000,1116.02000000,1120.39000000,18055.53500000,1761465599999,20212348.32341000,112352,8748.83400000,9794599.20732000
1761465600000,2025-10-26 08:00:00,1120.39000000,1136.36000000,1120.38000000,1135.28000000,56712.95800000,1761479999999,63959428.69347000,278885,32347.81500000,36488210.30851000
1761480000000,2025-10-26 12:00:00,1135.39000000,1139.25000000,1126.77000000,1133.43000000,59874.88000000,1761494399999,67881214.85465000,316607,28921.51900000,32792745.12794000
1761494400000,2025-10-26 16:00:00,1133.42000000,1133.80000000,1123.18000000,1126.58000000,26654.80400000,1761508799999,30052997.20934000,162501,13025.32600000,14685701.15762000
1761508800000,2025-10-26 20:00:00,1126.58000000,1143.35000000,1123.05000000,1138.19000000,43608.85900000,1761523199999,49580668.84901000,235619,25120.42200000,28570534.46036000
1761523200000,2025-10-27 00:00:00,1138.19000000,1164.54000000,1136.96000000,1151.18000000,84946.35600000,1761537599999,97767033.46929000,379928,46957.65600000,54050352.63037000
1761537600000,2025-10-27 04:00:00,1151.18000000,1161.00000000,1135.76000000,1156.48000000,98162.81400000,1761551999999,112833290.16625000,382670,48795.81700000,56153281.71927000
1761552000000,2025-10-27 08:00:00,1156.49000000,1179.98000000,1147.32000000,1179.70000000,100883.12900000,1761566399999,116931803.58289000,468237,54704.83600000,63467449.91698000
1761566400000,2025-10-27 12:00:00,1179.69000000,1182.60000000,1131.44000000,1143.86000000,121087.15200000,1761580799999,139762710.08202000,683991,53848.66700000,62199701.37669000
1761580800000,2025-10-27 16:00:00,1143.85000000,1153.88000000,1142.10000000,1145.17000000,48955.77300000,1761595199999,56199812.33212000,279121,21884.37400000,25125806.47787000
1761595200000,2025-10-27 20:00:00,1145.18000000,1147.41000000,1132.85000000,1138.88000000,40432.47100000,1761609599999,46116173.09644000,230775,18723.63900000,21362417.75332000
1761609600000,2025-10-28 00:00:00,1138.88000000,1147.57000000,1131.50000000,1138.51000000,37933.71600000,1761623999999,43190719.63498000,238683,18083.23600000,20600017.71565000
1761624000000,2025-10-28 04:00:00,1138.52000000,1143.73000000,1121.14000000,1132.46000000,52016.82300000,1761638399999,58829088.08698000,311520,24298.89000000,27493829.73447000
1761638400000,2025-10-28 08:00:00,1132.46000000,1139.00000000,1130.10000000,1132.16000000,29953.11800000,1761652799999,33987809.59075000,201641,14578.22100000,16544837.21257000
1761652800000,2025-10-28 12:00:00,1132.16000000,1147.19000000,1127.00000000,1135.62000000,69244.87100000,1761667199999,78831097.73000000,405281,37435.95900000,42616430.51636000
1761667200000,2025-10-28 16:00:00,1135.62000000,1148.94000000,1126.61000000,1128.92000000,43005.89400000,1761681599999,49029491.46018000,277068,21037.20200000,24002584.25712000
1761681600000,2025-10-28 20:00:00,1128.92000000,1129.30000000,1074.00000000,1103.45000000,119424.74800000,1761695999999,131324445.83341000,637698,51084.54100000,56138801.91017000
1761696000000,2025-10-29 00:00:00,1103.45000000,1108.54000000,1098.33000000,1104.61000000,37471.06500000,1761710399999,41366490.74101000,254398,19759.52900000,21819770.41063000
1761710400000,2025-10-29 04:00:00,1104.60000000,1121.35000000,1103.92000000,1117.28000000,61162.47600000,1761724799999,68165931.53532000,329014,32763.36600000,36512011.83882000
1761724800000,2025-10-29 08:00:00,1117.29000000,1120.16000000,1110.68000000,1113.66000000,135891.14200000,1761739199999,151486223.29844000,510260,72400.43400000,80711231.83062000
1761739200000,2025-10-29 12:00:00,1113.67000000,1118.80000000,1096.00000000,1099.23000000,71454.85400000,1761753599999,79220585.91581000,396736,35093.66500000,38939969.05084000
1761753600000,2025-10-29 16:00:00,1099.24000000,1114.16000000,1082.59000000,1107.24000000,116790.48100000,1761767999999,128727422.27226000,659743,59153.04000000,65223088.08793000
1761768000000,2025-10-29 20:00:00,1107.24000000,1119.42000000,1103.40000000,1107.70000000,36943.47800000,1761782399999,41105776.58390000,194809,19980.83100000,22237564.20359000
1761782400000,2025-10-30 00:00:00,1107.70000000,1120.15000000,1104.47000000,1118.97000000,47837.44400000,1761796799999,53348081.24607000,210150,26305.64300000,29345012.02890000
1761796800000,2025-10-30 04:00:00,1118.97000000,1118.97000000,1090.00000000,1118.24000000,91731.40400000,1761811199999,101469491.97581000,468477,43282.16900000,47911386.50047000
1761811200000,2025-10-30 08:00:00,1118.25000000,1129.55000000,1107.81000000,1111.56000000,76991.75900000,1761825599999,86071489.12319000,372458,40457.02100000,45247301.92467000
1761825600000,2025-10-30 12:00:00,1111.56000000,1114.19000000,1075.40000000,1077.13000000,124771.99300000,1761839999999,136035948.93281000,775557,53237.35700000,58063395.50951000
1761840000000,2025-10-30 16:00:00,1077.13000000,1084.25000000,1058.80000000,1061.76000000,75333.38600000,1761854399999,80599109.67321000,506456,32003.55000000,34265787.21825000
1761854400000,2025-10-30 20:00:00,1061.76000000,1079.56000000,1043.48000000,1079.05000000,91625.67100000,1761868799999,97091632.53819000,485682,40012.42000000,42476784.77960000
1761868800000,2025-10-31 00:00:00,1079.06000000,1089.11000000,1074.83000000,1086.20000000,59685.69800000,1761883199999,64597959.94147000,338978,34208.16100000,37033995.34032000
1761883200000,2025-10-31 04:00:00,1086.20000000,1103.40000000,1085.44000000,1099.03000000,81477.16800000,1761897599999,89232177.13946000,404051,43392.84900000,47525254.78525000
1761897600000,2025-10-31 08:00:00,1099.04000000,1104.93000000,1077.82000000,1088.19000000,246999.36700000,1761911999999,269170780.80546000,1035268,122547.02900000,133560112.36379000
1761912000000,2025-10-31 12:00:00,1088.19000000,1092.41000000,1077.19000000,1084.53000000,83050.80400000,1761926399999,90040314.38460000,511469,41989.08900000,45534573.64649000
1761926400000,2025-10-31 16:00:00,1084.52000000,1092.23000000,1071.43000000,1090.00000000,47291.71600000,1761940799999,51100036.03559000,313316,22784.84700000,24641566.26564000
1761940800000,2025-10-31 20:00:00,1090.00000000,1091.00000000,1084.01000000,1088.90000000,19164.89300000,1761955199999,20853510.79134000,123390,9492.79800000,10329827.64722000
1761955200000,2025-11-01 00:00:00,1088.90000000,1095.00000000,1082.02000000,1090.00000000,52406.35600000,1761969599999,57086993.13591000,198760,25794.09400000,28099303.99294000
1761969600000,2025-11-01 04:00:00,1089.99000000,1091.37000000,1084.28000000,1086.46000000,21604.78800000,1761983999999,23499731.10622000,137654,10126.08400000,11012992.49987000
1761984000000,2025-11-01 08:00:00,1086.47000000,1089.52000000,1085.52000000,1089.11000000,19151.04700000,1761998399999,20830205.91871000,113046,9861.79400000,10726786.61247000
1761998400000,2025-11-01 12:00:00,1089.11000000,1096.42000000,1081.80000000,1092.60000000,41372.30600000,1762012799999,45064818.90900000,206856,23044.51800000,25111306.71135000
1762012800000,2025-11-01 16:00:00,1092.60000000,1096.70000000,1090.52000000,1094.52000000,16951.75300000,1762027199999,18539059.10338000,118160,8428.43800000,9218758.40043000
1762027200000,2025-11-01 20:00:00,1094.51000000,1096.93000000,1090.22000000,1094.53000000,12007.29800000,1762041599999,13140028.10622000,76774,5933.23800000,6493084.06302000
1762041600000,2025-11-02 00:00:00,1094.54000000,1094.76000000,1087.70000000,1089.61000000,17253.75200000,1762055999999,18826061.76300000,106970,8848.97900000,9655989.02326000
1762056000000,2025-11-02 04:00:00,1089.62000000,1094.92000000,1088.38000000,1093.80000000,18847.41200000,1762070399999,20575141.33637000,112729,9782.57800000,10681055.63185000
1762070400000,2025-11-02 08:00:00,1093.80000000,1094.73000000,1080.79000000,1087.91000000,26133.39000000,1762084799999,28415179.00746000,136171,12353.46700000,13434989.62614000
1762084800000,2025-11-02 12:00:00,1087.91000000,1087.91000000,1077.82000000,1080.40000000,29625.88900000,1762099199999,32076572.46537000,187743,11472.31500000,12424186.06463000
1762099200000,2025-11-02 16:00:00,1080.41000000,1080.41000000,1071.74000000,1078.65000000,27322.28200000,1762113599999,29431679.56531000,166889,12677.90000000,13660460.88495000
1762113600000,2025-11-02 20:00:00,1078.64000000,1085.60000000,1076.61000000,1083.25000000,13219.82300000,1762127999999,14291331.36781000,98060,7364.91400000,7961988.47822000
1762128000000,2025-11-03 00:00:00,1083.25000000,1087.24000000,1041.14000000,1043.70000000,88606.55500000,1762142399999,93962777.55836000,439923,35547.67100000,37700947.28290000
1762142400000,2025-11-03 04:00:00,1043.70000000,1049.40000000,1024.19000000,1028.85000000,111703.60700000,1762156799999,115707360.79895000,539251,49522.79300000,51333903.44269000
1762156800000,2025-11-03 08:00:00,1028.85000000,1031.48000000,1008.71000000,1015.95000000,122114.05800000,1762171199999,124460802.43696000,574432,53941.41500000,54979264.02979000
1762171200000,2025-11-03 12:00:00,1015.95000000,1026.49000000,960.18000000,980.28000000,205902.75100000,1762185599999,205343691.75487000,777683,93383.75100000,93172103.76390000
1762185600000,2025-11-03 16:00:00,980.28000000,1010.48000000,976.66000000,996.34000000,102737.75400000,1762199999999,102285815.85109000,624207,52499.30800000,52274135.48367000
1762200000000,2025-11-03 20:00:00,996.34000000,997.62000000,981.25000000,993.54000000,54134.16000000,1762214399999,53546925.69493000,341909,24174.85500000,23923283.02213000
1762214400000,2025-11-04 00:00:00,993.54000000,1000.98000000,982.22000000,999.21000000,53110.02500000,1762228799999,52821685.78402000,351768,29012.29200000,28867053.93031000
1762228800000,2025-11-04 04:00:00,999.22000000,1002.12000000,940.00000000,944.63000000,196475.59700000,1762243199999,188261315.81330000,902909,83912.85500000,80285089.78263000
1762243200000,2025-11-04 08:00:00,944.63000000,963.16000000,939.60000000,958.00000000,110694.11100000,1762257599999,105368194.11467000,649676,54279.87900000,51703099.75185000
1762257600000,2025-11-04 12:00:00,958.00000000,966.94000000,934.64000000,949.85000000,125393.66600000,1762271999999,119278042.91295000,677495,63494.97500000,60410524.87146000
1762272000000,2025-11-04 16:00:00,949.88000000,953.20000000,908.17000000,919.52000000,212501.72400000,1762286399999,196843931.75636000,1189174,101153.11200000,93718272.37161000
1762286400000,2025-11-04 20:00:00,919.51000000,941.61000000,880.80000000,936.77000000,287100.39500000,1762300799999,261473340.86094000,1136176,138148.75600000,126080444.11093000
1762300800000,2025-11-05 00:00:00,936.79000000,955.90000000,900.39000000,949.19000000,190178.74000000,1762315199999,177086164.27453000,948971,87800.44800000,81776250.59089000
1762315200000,2025-11-05 04:00:00,949.20000000,957.28000000,941.05000000,953.84000000,66513.04000000,1762329599999,63035374.85737000,407773,35503.29400000,33663889.35047000
1762329600000,2025-11-05 08:00:00,953.83000000,953.88000000,937.00000000,945.37000000,69069.66100000,1762343999999,65186639.69320000,386284,32566.99600000,30738501.28075000
1762344000000,2025-11-05 12:00:00,945.37000000,965.68000000,944.07000000,965.68000000,91518.28200000,1762358399999,87473400.62338000,522790,49877.74900000,47681294.53525000
1762358400000,2025-11-05 16:00:00,965.68000000,969.27000000,957.21000000,959.50000000,70168.33900000,1762372799999,67589569.24422000,384032,35777.60800000,34470182.04199000
1762372800000,2025-11-05 20:00:00,959.49000000,964.55000000,951.70000000,959.33000000,38695.96500000,1762387199999,37031059.67706000,261110,19083.62600000,18265811.20957000
1762387200000,2025-11-06 00:00:00,959.32000000,964.00000000,943.75000000,963.02000000,49532.37600000,1762401599999,47231711.24700000,296387,23757.42100000,22668899.16475000
1762401600000,2025-11-06 04:00:00,963.02000000,965.23000000,946.02000000,951.41000000,36000.03100000,1762415999999,34376440.20452000,242072,16402.23400000,15664537.22963000
1762416000000,2025-11-06 08:00:00,951.40000000,958.40000000,948.50000000,955.29000000,36625.69200000,1762430399999,34933467.36603000,251444,16745.32300000,15972365.11899000
1762430400000,2025-11-06 12:00:00,955.29000000,955.60000000,927.63000000,933.71000000,90820.69600000,1762444799999,85456087.56432000,514319,39679.21700000,37338002.36846000
1762444800000,2025-11-06 16:00:00,933.71000000,955.45000000,925.07000000,948.10000000,69597.14100000,1762459199999,65412462.03642000,458908,33594.81000000,31603593.96044000
1762459200000,2025-11-06 20:00:00,948.09000000,954.46000000,944.26000000,950.40000000,30046.48900000,1762473599999,28516846.83297000,222125,15660.98300000,14867840.91090000
1762473600000,2025-11-07 00:00:00,950.40000000,976.33000000,944.90000000,967.09000000,76234.78200000,1762487999999,73113852.94311000,434211,40081.30600000,38454994.48554000
1762488000000,2025-11-07 04:00:00,967.09000000,971.44000000,957.81000000,970.06000000,48890.04700000,1762502399999,47201134.80541000,288495,23531.22400000,22722440.23811000
1762502400000,2025-11-07 08:00:00,970.05000000,970.85000000,937.00000000,942.57000000,59348.18200000,1762516799999,56514147.53304000,395260,26683.46400000,25418740.15891000
1762516800000,2025-11-07 12:00:00,942.57000000,949.78000000,925.70000000,944.73000000,94101.32900000,1762531199999,88292637.03424000,599056,46593.06600000,43741454.93182000
1762531200000,2025-11-07 16:00:00,944.73000000,985.49000000,939.90000000,981.81000000,108982.57200000,1762545599999,105407407.30705000,668841,57969.34200000,56091604.52708000
1762545600000,2025-11-07 20:00:00,981.80000000,995.60000000,974.27000000,991.15000000,65156.59200000,1762559999999,64342672.40282000,333898,34502.29400000,34068065.33553000
1762560000000,2025-11-08 00:00:00,991.14000000,1007.41000000,980.05000000,996.72000000,86667.87900000,1762574399999,86287446.51825000,471652,47398.21100000,47191552.55250000
1762574400000,2025-11-08 04:00:00,996.71000000,1002.08000000,984.92000000,995.38000000,60184.07000000,1762588799999,59827825.67400000,358206,30523.03200000,30351927.51819000
1762588800000,2025-11-08 08:00:00,995.38000000,1003.15000000,987.10000000,989.60000000,51331.48100000,1762603199999,51183702.55726000,259861,26789.52100000,26719651.00808000
1762603200000,2025-11-08 12:00:00,989.61000000,998.29000000,983.34000000,990.80000000,38269.09900000,1762617599999,37921292.66757000,283777,19631.37200000,19458687.12410000
1762617600000,2025-11-08 16:00:00,990.79000000,1005.77000000,985.01000000,996.32000000,46721.74800000,1762631999999,46484168.10822000,276649,24258.98300000,24143336.63719000
1762632000000,2025-11-08 20:00:00,996.33000000,999.76000000,989.65000000,991.03000000,18531.41200000,1762646399999,18451529.77155000,116119,8879.13400000,8842782.83587000
1762646400000,2025-11-09 00:00:00,991.01000000,994.24000000,975.84000000,981.07000000,36539.67300000,1762660799999,36000582.22795000,186269,16042.99100000,15811716.83456000
1762660800000,2025-11-09 04:00:00,981.07000000,993.30000000,980.81000000,989.60000000,25684.93900000,1762675199999,25381191.38031000,156864,13293.94300000,13137062.25201000
1762675200000,2025-11-09 08:00:00,989.59000000,995.60000000,982.20000000,990.30000000,39630.13200000,1762689599999,39177538.75724000,221547,18812.41200000,18607013.00415000
1762689600000,2025-11-09 12:00:00,990.30000000,999.00000000,977.35000000,994.46000000,74469.79500000,1762703999999,73735005.84320000,364313,38209.81400000,37842962.89131000
1762704000000,2025-11-09 16:00:00,994.46000000,1005.00000000,991.36000000,1004.96000000,41293.76600000,1762718399999,41212858.79160000,227287,22273.05000000,22236579.46931000
1762718400000,2025-11-09 20:00:00,1004.96000000,1007.16000000,990.60000000,996.63000000,39042.44300000,1762732799999,38996234.11054000,206786,18382.96400000,18366181.98195000
1762732800000,2025-11-10 00:00:00,996.63000000,1019.56000000,991.60000000,1013.16000000,69798.25300000,1762747199999,70549408.62162000,361445,39371.01600000,39786245.25924000
1762747200000,2025-11-10 04:00:00,1013.16000000,1014.69000000,1004.02000000,1005.98000000,32133.52500000,1762761599999,32419203.88890000,197056,15723.20500000,15867262.79392000
1762761600000,2025-11-10 08:00:00,1005.99000000,1006.46000000,996.02000000,999.49000000,44416.60600000,1762775999999,44463808.90822000,315669,19476.52200000,19500224.25260000
1762776000000,2025-11-10 12:00:00,999.50000000,1004.28000000,976.70000000,980.04000000,77551.67200000,1762790399999,76831168.93816000,408426,36524.77000000,36228949.36194000
1762790400000,2025-11-10 16:00:00,980.04000000,989.45000000,976.22000000,987.89000000,33394.08900000,1762804799999,32832785.01207000,251582,18038.83400000,17741430.29751000
1762804800000,2025-11-10 20:00:00,987.89000000,996.30000000,983.59000000,991.98000000,23834.65100000,1762819199999,23593297.76990000,179545,13018.18900000,12888602.02445000
1762819200000,2025-11-11 00:00:00,991.99000000,1008.60000000,986.96000000,1000.92000000,51903.58100000,1762833599999,51910037.56357000,350509,27778.84700000,27786810.20906000
1762833600000,2025-11-11 04:00:00,1000.92000000,1003.82000000,972.24000000,974.63000000,54994.16500000,1762847999999,54170444.25741000,302997,22013.86900000,21682696.31064000
1762848000000,2025-11-11 08:00:00,974.62000000,983.42000000,973.19000000,980.75000000,32670.54700000,1762862399999,31956223.50352000,232548,15727.59300000,15387765.19072000
1762862400000,2025-11-11 12:00:00,980.75000000,984.84000000,972.00000000,975.70000000,50896.67100000,1762876799999,49799489.43334000,378761,24797.73900000,24265815.75888000
1762876800000,2025-11-11 16:00:00,975.70000000,977.81000000,960.80000000,961.27000000,60081.15800000,1762891199999,58200019.82733000,285097,31068.91200000,30088398.00056000
1762891200000,2025-11-11 20:00:00,961.28000000,965.70000000,956.08000000,958.08000000,33405.74700000,1762905599999,32086131.17537000,241570,15803.36400000,15182156.43699000
1762905600000,2025-11-12 00:00:00,958.08000000,965.64000000,955.31000000,961.40000000,30243.04400000,1762919999999,29057185.67799000,246036,14071.90900000,13523497.49424000
1762920000000,2025-11-12 04:00:00,961.39000000,962.81000000,951.80000000,953.13000000,22749.04200000,1762934399999,21803677.81609000,148305,9708.00700000,9306224.25118000
1762934400000,2025-11-12 08:00:00,953.12000000,975.36000000,953.12000000,971.43000000,35477.01000000,1762948799999,34288404.18323000,212384,20624.38800000,19933447.64332000
1762948800000,2025-11-12 12:00:00,971.44000000,978.61000000,946.23000000,949.10000000,57291.32500000,1762963199999,55218280.31160000,385143,25604.99200000,24717762.09468000
1762963200000,2025-11-12 16:00:00,949.11000000,955.00000000,937.90000000,948.68000000,53937.75600000,1762977599999,51037715.26638000,404286,25612.33500000,24243007.93658000
1762977600000,2025-11-12 20:00:00,948.68000000,957.79000000,946.80000000,952.86000000,17288.93900000,1762991999999,16490008.91364000,145682,7957.12600000,7590300.91867000
1762992000000,2025-11-13 00:00:00,952.87000000,963.90000000,946.52000000,959.70000000,31741.00800000,1763006399999,30357334.61972000,248596,16686.20100000,15965044.99628000
1763006400000,2025-11-13 04:00:00,959.70000000,972.20000000,957.40000000,964.89000000,33721.44900000,1763020799999,32558812.61790000,247744,16595.26500000,16022102.46319000
1763020800000,2025-11-13 08:00:00,964.90000000,968.05000000,959.74000000,967.07000000,23864.14000000,1763035199999,23004294.53488000,159421,10887.26800000,10498890.58594000
1763035200000,2025-11-13 12:00:00,967.07000000,968.17000000,952.55000000,957.36000000,46959.75300000,1763049599999,45111635.94133000,340688,22695.06000000,21807685.72827000
1763049600000,2025-11-13 16:00:00,957.36000000,959.43000000,911.14000000,913.54000000,133900.95200000,1763063999999,124382632.01827000,740487,59764.43800000,55517901.25354000
1763064000000,2025-11-13 20:00:00,913.54000000,932.68000000,905.72000000,927.15000000,64157.77600000,1763078399999,58844411.77720000,418800,31352.91000000,28756175.47404000
1763078400000,2025-11-14 00:00:00,927.15000000,934.04000000,918.63000000,924.03000000,57293.35200000,1763092799999,53030231.66504000,396325,27261.58600000,25229225.95669000
1763092800000,2025-11-14 04:00:00,924.02000000,926.90000000,900.00000000,923.08000000,90291.57800000,1763107199999,82495576.93367000,550990,41746.75600000,38180136.20703000
1763107200000,2025-11-14 08:00:00,923.07000000,923.07000000,904.56000000,909.17000000,57537.47300000,1763121599999,52583097.61248000,355127,27688.02100000,25309336.98543000
1763121600000,2025-11-14 12:00:00,909.16000000,931.04000000,887.88000000,925.50000000,154981.00700000,1763135999999,140896286.40442000,918178,77133.01000000,70179577.77045000
1763136000000,2025-11-14 16:00:00,925.51000000,933.37000000,918.61000000,931.81000000,42493.68500000,1763150399999,39393040.70750000,364330,22110.78300000,20503426.41025000
1763150400000,2025-11-14 20:00:00,931.81000000,933.56000000,908.00000000,915.25000000,35595.91300000,1763164799999,32806393.98912000,316020,16619.47100000,15316506.91618000
1763164800000,2025-11-15 00:00:00,915.26000000,936.13000000,914.91000000,931.85000000,40128.04600000,1763179199999,37261601.54025000,270327,22742.29900000,21117804.38254000
1763179200000,2025-11-15 04:00:00,931.85000000,936.79000000,927.01000000,936.19000000,27259.72300000,1763193599999,25409796.59319000,155314,12633.37800000,11783934.15960000
1763193600000,2025-11-15 08:00:00,936.20000000,939.19000000,929.00000000,930.73000000,33895.79800000,1763207999999,31684047.30466000,232553,17420.45100000,16287089.71761000
1763208000000,2025-11-15 12:00:00,930.73000000,938.11000000,929.10000000,936.57000000,18518.81400000,1763222399999,17324508.00478000,180995,9507.91300000,8895829.10640000
1763222400000,2025-11-15 16:00:00,936.57000000,945.22000000,931.10000000,941.33000000,22920.58800000,1763236799999,21530302.80004000,154319,11946.94500000,11223188.38302000
1763236800000,2025-11-15 20:00:00,941.33000000,941.57000000,926.01000000,932.28000000,19261.73600000,1763251199999,17961376.72893000,154032,9294.17600000,8667769.79522000
1763251200000,2025-11-16 00:00:00,932.27000000,941.61000000,921.49000000,941.21000000,28123.22300000,1763265599999,26208889.18234000,205496,14253.46600000,13281788.19077000
1763265600000,2025-11-16 04:00:00,941.20000000,948.23000000,937.89000000,943.47000000,21733.91400000,1763279999999,20502082.15442000,149969,10245.75500000,9668049.98474000
1763280000000,2025-11-16 08:00:00,943.48000000,949.77000000,930.32000000,931.79000000,31695.81600000,1763294399999,29895110.13604000,220434,15002.56100000,14150886.46344000
1763294400000,2025-11-16 12:00:00,931.80000000,939.23000000,922.20000000,923.62000000,45552.98800000,1763308799999,42448587.67538000,290573,23789.61000000,22176339.27295000
1763308800000,2025-11-16 16:00:00,923.62000000,930.45000000,908.16000000,919.93000000,76406.40800000,1763323199999,70217427.60585000,582370,37769.31300000,34705233.82335000
1763323200000,2025-11-16 20:00:00,919.94000000,931.82000000,910.15000000,926.56000000,48645.52800000,1763337599999,44715047.18887000,377160,22913.39800000,21054108.34399000
1763337600000,2025-11-17 00:00:00,926.59000000,939.55000000,919.61000000,934.52000000,46999.85800000,1763351999999,43766643.72937000,368056,25583.96300000,23830182.80850000
1763352000000,2025-11-17 04:00:00,934.52000000,937.79000000,930.01000000,935.28000000,26149.73300000,1763366399999,24417434.22087000,233529,11722.10100000,10948493.90538000
1763366400000,2025-11-17 08:00:00,935.28000000,938.65000000,931.30000000,933.45000000,21265.45500000,1763380799999,19891886.57144000,205499,10846.57300000,10146725.49525000
1763380800000,2025-11-17 12:00:00,933.45000000,934.63000000,899.95000000,911.89000000,103611.97300000,1763395199999,94902513.60153000,726907,50910.85600000,46620767.72029000
1763395200000,2025-11-17 16:00:00,911.90000000,922.01000000,893.39000000,897.39000000,83479.02400000,1763409599999,75789719.59959000,621153,39625.60800000,35997882.42040000
1763409600000,2025-11-17 20:00:00,897.39000000,911.03000000,891.72000000,907.36000000,51385.81300000,1763423999999,46366080.58156000,388527,25639.06100000,23143326.13694000
1763424000000,2025-11-18 00:00:00,907.36000000,918.75000000,884.40000000,903.40000000,120561.01500000,1763438399999,108979112.81485000,655955,56542.19300000,51156166.35290000
1763438400000,2025-11-18 04:00:00,903.40000000,913.61000000,892.75000000,910.33000000,67949.07100000,1763452799999,61518957.94794000,423910,31736.80900000,28743627.23763000
1763452800000,2025-11-18 08:00:00,910.33000000,925.00000000,909.93000000,915.46000000,46510.28200000,1763467199999,42659404.24587000,341364,23000.07000000,21092887.94888000
1763467200000,2025-11-18 12:00:00,915.47000000,927.44000000,910.42000000,926.11000000,49301.50900000,1763481599999,45341178.69916000,447516,25592.39400000,23548121.27807000
1763481600000,2025-11-18 16:00:00,926.10000000,939.99000000,924.18000000,935.80000000,54440.77300000,1763495999999,50892822.86719000,330210,29037.48800000,27146406.82651000
1763496000000,2025-11-18 20:00:00,935.80000000,937.20000000,928.50000000,932.79000000,18512.80800000,1763510399999,17272375.18076000,141920,8909.19700000,8314625.22042000
1763510400000,2025-11-19 00:00:00,932.79000000,941.06000000,924.78000000,932.26000000,33861.19200000,1763524799999,31612419.94836000,225412,18515.31300000,17291282.63479000
1763524800000,2025-11-19 04:00:00,932.27000000,932.88000000,912.90000000,931.12000000,41521.55500000,1763539199999,38341558.35274000,317255,20202.53900000,18656624.89826000
1763539200000,2025-11-19 08:00:00,931.12000000,934.00000000,919.32000000,921.62000000,26067.50800000,1763553599999,24112178.13011000,194125,12276.51700000,11354941.59174000
1763553600000,2025-11-19 12:00:00,921.61000000,925.44000000,892.68000000,894.73000000,62100.00400000,1763567999999,56476344.56521000,369199,25630.36800000,23347135.42658000
1763568000000,2025-11-19 16:00:00,894.72000000,899.56000000,872.38000000,878.90000000,84300.58600000,1763582399999,74486046.73271000,568146,40113.22400000,35446351.92821000
1763582400000,2025-11-19 20:00:00,878.90000000,901.41000000,876.40000000,897.77000000,48507.42900000,1763596799999,43279389.12909000,383173,23448.77300000,20918552.74188000
1763596800000,2025-11-20 00:00:00,897.78000000,917.00000000,893.80000000,910.06000000,51358.96800000,1763611199999,46626435.87297000,296072,26124.34700000,23721913.89129000
1763611200000,2025-11-20 04:00:00,910.06000000,914.60000000,899.39000000,907.85000000,34543.39800000,1763625599999,31321353.00126000,222974,16515.38500000,14978359.44300000
1763625600000,2025-11-20 08:00:00,907.85000000,908.87000000,896.67000000,902.31000000,22957.81400000,1763639999999,20709634.41053000,165449,10037.15400000,9054391.28711000
1763640000000,2025-11-20 12:00:00,902.30000000,909.00000000,888.95000000,889.96000000,52579.77100000,1763654399999,47222182.93437000,433071,25716.80300000,23104095.76450000
1763654400000,2025-11-20 16:00:00,889.97000000,890.56000000,868.30000000,880.44000000,92928.99300000,1763668799999,81545773.49851000,640676,46541.18100000,40852553.36602000
1763668800000,2025-11-20 20:00:00,880.44000000,883.61000000,865.57000000,866.51000000,47434.03700000,1763683199999,41607293.99032000,328813,20412.97200000,17911341.09153000
1763683200000,2025-11-21 00:00:00,866.51000000,877.33000000,855.45000000,863.36000000,65045.63900000,1763697599999,56339059.41766000,467765,28139.69600000,24388368.59033000
1763697600000,2025-11-21 04:00:00,863.35000000,867.00000000,807.24000000,832.03000000,161303.16400000,1763711999999,135889735.07148000,610721,59562.79500000,50165623.76709000
1763712000000,2025-11-21 08:00:00,832.03000000,839.92000000,802.55000000,809.08000000,161139.21200000,1763726399999,132121377.70557000,853635,75023.22000000,61452478.97294000
1763726400000,2025-11-21 12:00:00,809.08000000,831.47000000,790.79000000,813.67000000,151327.34400000,1763740799999,123190836.95522000,867126,73583.02100000,60048534.87802000
1763740800000,2025-11-21 16:00:00,813.67000000,836.36000000,808.03000000,825.55000000,74771.14500000,1763755199999,61659023.44120000,517268,38397.28400000,31680969.96629000
1763755200000,2025-11-21 20:00:00,825.54000000,836.27000000,813.85000000,830.46000000,40899.54500000,1763769599999,33779185.39238000,319909,20805.97600000,17179650.78488000
1763769600000,2025-11-22 00:00:00,830.47000000,842.93000000,830.10000000,836.41000000,34082.24300000,1763783999999,28517875.18612000,284854,17404.18800000,14565360.52526000
1763784000000,2025-11-22 04:00:00,836.41000000,837.47000000,819.58000000,831.79000000,33066.20600000,1763798399999,27359298.22833000,300065,15945.74200000,13192510.83416000
1763798400000,2025-11-22 08:00:00,831.80000000,832.66000000,813.77000000,825.60000000,41679.66500000,1763812799999,34208940.77249000,337719,20459.19300000,16798484.74161000
1763812800000,2025-11-22 12:00:00,825.60000000,828.88000000,815.26000000,823.22000000,23979.05200000,1763827199999,19706366.55242000,252823,12208.79200000,10031082.37318000
1763827200000,2025-11-22 16:00:00,823.21000000,834.18000000,822.91000000,832.91000000,17174.51400000,1763841599999,14245319.20870000,141599,9092.59800000,7541333.90409000
1763841600000,2025-11-22 20:00:00,832.91000000,841.86000000,825.92000000,833.78000000,17243.94000000,1763855999999,14389466.28615000,137646,10119.28300000,8448331.69678000
1763856000000,2025-11-23 00:00:00,833.78000000,850.20000000,833.28000000,846.85000000,41608.32100000,1763870399999,35071646.39687000,219817,23104.44400000,19473514.80187000
1763870400000,2025-11-23 04:00:00,846.85000000,854.49000000,836.62000000,841.18000000,36332.61700000,1763884799999,30737330.51978000,174094,16017.16700000,13556411.73269000
1763884800000,2025-11-23 08:00:00,841.19000000,846.87000000,838.83000000,842.58000000,17845.81700000,1763899199999,15039372.32700000,158077,9217.01600000,7765847.46837000
1763899200000,2025-11-23 12:00:00,842.59000000,851.86000000,842.35000000,849.90000000,24500.31200000,1763913599999,20765034.36408000,174636,13098.44900000,11101257.60407000
1763913600000,2025-11-23 16:00:00,849.90000000,853.20000000,843.15000000,849.79000000,28261.60800000,1763927999999,23959346.32152000,153203,14528.61700000,12318919.47999000
1763928000000,2025-11-23 20:00:00,849.78000000,855.46000000,842.26000000,843.60000000,18975.50200000,1763942399999,16131560.86001000,137761,9655.72200000,8211427.46417000
1763942400000,2025-11-24 00:00:00,843.60000000,853.08000000,836.08000000,849.51000000,47469.95400000,1763956799999,40083587.89385000,317729,20575.16500000,17372919.41738000
1763956800000,2025-11-24 04:00:00,849.51000000,858.40000000,838.73000000,853.88000000,42397.78700000,1763971199999,36076771.53793000,266128,20930.68700000,17810969.84482000
1763971200000,2025-11-24 08:00:00,853.88000000,856.70000000,840.50000000,842.64000000,29293.99400000,1763985599999,24810287.83972000,225517,14543.37700000,12315215.17982000
1763985600000,2025-11-24 12:00:00,842.63000000,848.31000000,830.01000000,844.50000000,48134.00600000,1763999999999,40391399.18980000,291363,22453.76000000,18846249.46664000
1764000000000,2025-11-24 16:00:00,844.49000000,871.24000000,844.21000000,868.58000000,50790.26600000,1764014399999,43737735.31362000,301776,28496.38300000,24536649.99835000
1764014400000,2025-11-24 20:00:00,868.58000000,876.30000000,863.24000000,864.92000000,30378.79500000,1764028799999,26411837.25044000,153138,15762.08100000,13713409.47277000
1764028800000,2025-11-25 00:00:00,864.90000000,867.00000000,856.60000000,860.74000000,25037.45600000,1764043199999,21589977.75226000,177117,12772.34500000,11016277.87606000
1764043200000,2025-11-25 04:00:00,860.74000000,865.00000000,855.49000000,855.82000000,28148.53300000,1764057599999,24245144.28201000,147385,14987.26000000,12908710.86637000
1764057600000,2025-11-25 08:00:00,855.82000000,859.59000000,846.81000000,850.65000000,28107.23200000,1764071999999,23969701.30172000,168308,15698.77700000,13390059.04464000
1764072000000,2025-11-25 12:00:00,850.65000000,856.20000000,837.47000000,846.30000000,34986.42500000,1764086399999,29642550.01269000,257615,17072.61300000,14470392.01922000
1764086400000,2025-11-25 16:00:00,846.31000000,861.83000000,845.44000000,855.28000000,25900.71000000,1764100799999,22129168.71267000,201758,12952.26800000,11066166.00928000
1764100800000,2025-11-25 20:00:00,855.29000000,867.66000000,851.10000000,862.57000000,16570.50300000,1764115199999,14246838.64966000,134714,8332.65100000,7165902.76573000
1764115200000,2025-11-26 00:00:00,862.58000000,869.98000000,859.14000000,860.11000000,17168.85500000,1764129599999,14853038.03777000,127213,8497.76400000,7354434.00179000
1764129600000,2025-11-26 04:00:00,860.11000000,862.86000000,857.43000000,860.44000000,14131.99600000,1764143999999,12160250.07118000,111146,6121.82900000,5268109.77690000
1764144000000,2025-11-26 08:00:00,860.45000000,860.85000000,852.72000000,857.77000000,17708.41900000,1764158399999,15169185.86187000,129415,9364.79400000,8022467.88762000
1764158400000,2025-11-26 12:00:00,857.78000000,868.21000000,851.72000000,865.00000000,30485.88400000,1764172799999,26244497.12539000,235772,17031.21200000,14661845.66033000
1764172800000,2025-11-26 16:00:00,865.00000000,897.25000000,864.96000000,896.55000000,57588.91000000,1764187199999,50890665.93383000,297703,33678.45600000,29762277.90722000
1764187200000,2025-11-26 20:00:00,896.55000000,897.00000000,889.29000000,891.78000000,22565.32800000,1764201599999,20142716.86768000,145851,10766.92000000,9610349.00828000
1764201600000,2025-11-27 00:00:00,891.77000000,904.86000000,889.25000000,895.64000000,44626.61700000,1764215999999,40027663.65373000,191554,22035.30100000,19768578.12716000
1764216000000,2025-11-27 04:00:00,895.63000000,899.21000000,890.81000000,893.72000000,22671.26100000,1764230399999,20281148.02587000,138521,8713.56800000,7793701.67008000
1764230400000,2025-11-27 08:00:00,893.72000000,895.98000000,889.71000000,892.58000000,21273.22300000,1764244799999,18985337.44043000,130018,12476.48600000,11133905.60714000
1764244800000,2025-11-27 12:00:00,892.58000000,894.22000000,883.80000000,893.20000000,26071.40700000,1764259199999,23167578.96208000,170029,13287.90000000,11809172.04652000
1764259200000,2025-11-27 16:00:00,893.21000000,898.67000000,890.17000000,896.39000000,15717.46000000,1764273599999,14056983.04757000,101917,8448.58100000,7556207.36424000
1764273600000,2025-11-27 20:00:00,896.39000000,898.71000000,890.77000000,895.74000000,10889.11600000,1764287999999,9754363.34257000,79045,5180.33800000,4641348.93263000
1764288000000,2025-11-28 00:00:00,895.75000000,899.80000000,889.04000000,892.59000000,23955.27200000,1764302399999,21418564.51308000,162099,10739.13100000,9602325.12762000
1764302400000,2025-11-28 04:00:00,892.60000000,898.11000000,881.60000000,882.47000000,24229.14000000,1764316799999,21587486.69527000,132005,10920.15800000,9737011.13725000
1764316800000,2025-11-28 08:00:00,882.46000000,898.52000000,882.42000000,891.81000000,30522.58800000,1764331199999,27230571.68274000,187445,16457.84200000,14683253.32327000
1764331200000,2025-11-28 12:00:00,891.80000000,906.50000000,887.20000000,902.00000000,39092.35200000,1764345599999,35090994.86933000,265926,21769.17800000,19546914.13116000
1764345600000,2025-11-28 16:00:00,902.00000000,902.33000000,876.15000000,886.29000000,40933.01100000,1764359999999,36201173.01415000,273501,19128.97400000,16913250.22116000
1764360000000,2025-11-28 20:00:00,886.28000000,890.46000000,883.10000000,887.19000000,16111.31400000,1764374399999,14293250.77904000,99730,7660.43000000,6797242.78222000
1764374400000,2025-11-29 00:00:00,887.20000000,889.00000000,883.47000000,884.14000000,9266.63800000,1764388799999,8210020.06825000,68016,5089.47600000,4509219.12289000
1764388800000,2025-11-29 04:00:00,884.13000000,884.84000000,876.46000000,879.06000000,20049.55300000,1764403199999,17664381.37538000,100832,9688.56000000,8534623.00146000
1764403200000,2025-11-29 08:00:00,879.07000000,882.25000000,877.49000000,878.56000000,11412.74900000,1764417599999,10037470.94503000,97118,5812.92500000,5112745.42692000
1764417600000,2025-11-29 12:00:00,878.56000000,882.00000000,875.22000000,880.93000000,13858.10200000,1764431999999,12168506.34859000,105820,7090.03300000,6227213.56417000
1764432000000,2025-11-29 16:00:00,880.92000000,881.76000000,868.25000000,873.10000000,20084.97000000,1764446399999,17558139.19491000,116777,10284.91400000,8990201.70556000
1764446400000,2025-11-29 20:00:00,873.09000000,875.66000000,870.60000000,872.90000000,5387.92000000,1764460799999,4706302.74673000,51770,2765.49000000,2415493.34616000
1764460800000,2025-11-30 00:00:00,872.90000000,878.94000000,869.56000000,875.59000000,8799.63700000,1764475199999,7697157.80864000,67477,4469.78900000,3911569.67904000
1764475200000,2025-11-30 04:00:00,875.60000000,876.95000000,870.13000000,874.78000000,8109.89300000,1764489599999,7082241.50951000,73439,3999.03400000,3492720.75883000
1764489600000,2025-11-30 08:00:00,874.79000000,879.69000000,874.40000000,876.72000000,11745.98800000,1764503999999,10306712.87271000,101709,5813.95700000,5101762.44446000
1764504000000,2025-11-30 12:00:00,876.72000000,897.89000000,875.70000000,893.99000000,41331.25000000,1764518399999,36795732.91682000,211690,18530.90200000,16491077.22748000
1764518400000,2025-11-30 16:00:00,894.00000000,899.75000000,892.85000000,894.99000000,15218.99600000,1764532799999,13642518.07116000,91133,7281.32600000,6527613.34807000
1764532800000,2025-11-30 20:00:00,895.00000000,897.00000000,874.20000000,875.31000000,21024.82300000,1764547199999,18653865.78102000,108683,9662.21500000,8580547.70401000
1764547200000,2025-12-01 00:00:00,875.30000000,877.12000000,827.59000000,829.40000000,113470.53500000,1764561599999,95786009.33529000,597843,53546.18900000,45195051.96039000
1764561600000,2025-12-01 04:00:00,829.39000000,832.97000000,820.73000000,832.43000000,44794.95900000,1764575999999,36989444.10919000,240627,24458.62400000,20197313.66659000
1764576000000,2025-12-01 08:00:00,832.44000000,833.39000000,823.00000000,824.86000000,53903.81800000,1764590399999,44570759.81113000,234579,20848.85600000,17231566.96019000
1764590400000,2025-12-01 12:00:00,824.86000000,826.39000000,801.70000000,811.85000000,77863.22000000,1764604799999,63512051.45622000,448580,36154.99500000,29498287.26660000
1764604800000,2025-12-01 16:00:00,811.86000000,818.86000000,808.41000000,814.70000000,26273.01900000,1764619199999,21363850.22356000,231488,14109.77400000,11477263.48436000
1764619200000,2025-12-01 20:00:00,814.69000000,832.32000000,814.61000000,826.61000000,26440.83400000,1764633599999,21777525.09921000,180064,14117.08800000,11625527.23065000
1764633600000,2025-12-02 00:00:00,826.60000000,834.00000000,820.46000000,828.38000000,27989.89600000,1764647999999,23181997.19915000,209181,13799.51200000,11428543.19563000
1764648000000,2025-12-02 04:00:00,828.39000000,833.00000000,828.20000000,830.94000000,19969.82300000,1764662399999,16591011.17987000,156675,9566.32300000,7946863.52204000
1764662400000,2025-12-02 08:00:00,830.93000000,845.30000000,825.25000000,843.23000000,42653.00500000,1764676799999,35598012.45627000,213869,20744.24900000,17326391.29576000
1764676800000,2025-12-02 12:00:00,843.23000000,875.60000000,839.74000000,871.40000000,72527.98300000,1764691199999,62263717.06340000,450745,36760.59600000,31574894.98694000
1764691200000,2025-12-02 16:00:00,871.39000000,885.00000000,865.23000000,882.58000000,44604.98700000,1764705599999,39095937.06366000,302320,21848.79200000,19168654.00387000
1764705600000,2025-12-02 20:00:00,882.57000000,882.90000000,872.60000000,876.61000000,25403.98600000,1764719999999,22304030.06544000,155118,11977.89700000,10514508.65310000
1764720000000,2025-12-03 00:00:00,876.60000000,889.56000000,873.60000000,887.82000000,32395.08700000,1764734399999,28642460.37922000,198867,17720.19600000,15671364.82918000
1764734400000,2025-12-03 04:00:00,887.81000000,910.57000000,887.37000000,896.55000000,56682.86100000,1764748799999,50980125.48440000,267120,31156.24700000,28027029.45698000
1764748800000,2025-12-03 08:00:00,896.55000000,901.59000000,893.57000000,898.92000000,21290.82700000,1764763199999,19097044.25975000,162727,11065.44800000,9928770.37193000
1764763200000,2025-12-03 12:00:00,898.92000000,906.19000000,887.79000000,897.20000000,54770.57400000,1764777599999,49197898.60723000,385394,26093.65900000,23450065.91233000
1764777600000,2025-12-03 16:00:00,897.20000000,908.00000000,892.85000000,906.99000000,24419.94100000,1764791999999,22030291.84625000,183962,12791.78500000,11543751.20807000
1764792000000,2025-12-03 20:00:00,906.99000000,922.63000000,905.00000000,920.76000000,37750.63900000,1764806399999,34551428.47436000,209982,20631.01000000,18876876.52788000
1764806400000,2025-12-04 00:00:00,920.77000000,928.24000000,914.89000000,916.80000000,41758.73000000,1764820799999,38513837.80246000,265991,20342.75800000,18766106.71957000
1764820800000,2025-12-04 04:00:00,916.81000000,919.12000000,906.30000000,910.79000000,28830.44400000,1764835199999,26284588.48814000,155133,11896.49700000,10846288.51222000
1764835200000,2025-12-04 08:00:00,910.79000000,913.17000000,907.07000000,908.88000000,16205.43100000,1764849599999,14747911.86327000,157795,7725.82000000,7031465.75069000
1764849600000,2025-12-04 12:00:00,908.88000000,916.13000000,901.78000000,910.76000000,27564.67900000,1764863999999,25004626.16831000,247019,13732.00600000,12458399.91462000
1764864000000,2025-12-04 16:00:00,910.76000000,912.43000000,886.79000000,898.52000000,36222.62600000,1764878399999,32610886.65390000,293830,16830.30200000,15159851.00184000
1764878400000,2025-12-04 20:00:00,898.52000000,904.18000000,896.00000000,899.92000000,15197.65300000,1764892799999,13674973.68786000,137642,7082.63500000,6372586.16747000
1764892800000,2025-12-05 00:00:00,899.92000000,907.06000000,899.40000000,901.81000000,11131.42700000,1764907199999,10057604.68321000,98498,5931.31600000,5359444.79538000
1764907200000,2025-12-05 04:00:00,901.80000000,907.92000000,898.37000000,901.65000000,15682.53200000,1764921599999,14154160.67098000,107537,7588.99200000,6851000.83975000
1764921600000,2025-12-05 08:00:00,901.64000000,902.32000000,889.53000000,894.09000000,21814.71400000,1764935999999,19514545.26890000,169620,9748.13000000,8719122.33808000
1764936000000,2025-12-05 12:00:00,894.09000000,900.18000000,884.59000000,888.87000000,36541.04100000,1764950399999,32565844.87968000,297546,17481.32200000,15587990.15367000
1764950400000,2025-12-05 16:00:00,888.86000000,889.39000000,870.18000000,883.69000000,42934.25600000,1764964799999,37774806.32126000,386724,20883.12100000,18371732.06605000
1764964800000,2025-12-05 20:00:00,883.69000000,885.15000000,878.50000000,883.57000000,9390.02900000,1764979199999,8280033.01726000,126275,4618.12700000,4072226.97029000
1764979200000,2025-12-06 00:00:00,883.57000000,888.52000000,881.11000000,887.54000000,11469.47100000,1764993599999,10149229.27240000,90709,6309.15400000,5583711.74512000
1764993600000,2025-12-06 04:00:00,887.53000000,888.10000000,881.80000000,884.76000000,9208.49200000,1765007999999,8142864.21134000,84372,4325.07700000,3824978.87131000
1765008000000,2025-12-06 08:00:00,884.76000000,885.10000000,878.01000000,883.58000000,11977.99000000,1765022399999,10567557.39126000,112333,6549.21900000,5778490.58265000
1765022400000,2025-12-06 12:00:00,883.58000000,896.91000000,883.17000000,890.28000000,21139.42000000,1765036799999,18805178.19922000,193363,10402.97100000,9256401.24078000
1765036800000,2025-12-06 16:00:00,890.29000000,897.90000000,888.15000000,889.57000000,16913.64400000,1765051199999,15099212.21222000,124837,8448.45300000,7543866.14130000
1765051200000,2025-12-06 20:00:00,889.57000000,895.73000000,889.30000000,890.38000000,10580.96400000,1765065599999,9447242.92214000,102879,5740.72400000,5126048.33679000
1765065600000,2025-12-07 00:00:00,890.38000000,898.22000000,889.84000000,897.92000000,10462.16800000,1765079999999,9359137.30761000,72389,5337.33700000,4774479.63799000
1765080000000,2025-12-07 04:00:00,897.92000000,898.00000000,891.00000000,891.52000000,10095.10100000,1765094399999,9030819.65727000,83995,4406.08500000,3942416.38556000
1765094400000,2025-12-07 08:00:00,891.52000000,893.39000000,886.57000000,887.88000000,14164.96400000,1765108799999,12598560.19222000,131168,5753.37500000,5117476.95913000
1765108800000,2025-12-07 12:00:00,887.88000000,893.89000000,870.23000000,890.30000000,45661.02900000,1765123199999,40223777.75513000,358648,21971.05700000,19347858.95396000
1765123200000,2025-12-07 16:00:00,890.30000000,906.00000000,886.60000000,903.80000000,31166.51100000,1765137599999,27992390.10958000,239936,16447.03300000,14775213.76496000
1765137600000,2025-12-07 20:00:00,903.80000000,905.21000000,881.08000000,894.37000000,20339.04100000,1765151999999,18162258.69308000,208191,9245.31900000,8253976.39719000
1765152000000,2025-12-08 00:00:00,894.38000000,909.68000000,891.12000000,902.01000000,20357.30100000,1765166399999,18353143.75482000,184574,10763.58500000,9707367.84327000
1765166400000,2025-12-08 04:00:00,902.02000000,905.84000000,900.42000000,903.10000000,15272.64400000,1765180799999,13788916.15682000,144930,7451.26200000,6729703.53284000
1765180800000,2025-12-08 08:00:00,903.10000000,912.65000000,902.62000000,905.93000000,17934.21100000,1765195199999,16289277.48109000,158913,9062.90100000,8232030.17699000
1765195200000,2025-12-08 12:00:00,905.93000000,913.29000000,896.33000000,896.56000000,33966.03300000,1765209599999,30760509.12059000,310309,15876.65700000,14381294.91310000
1765209600000,2025-12-08 16:00:00,896.57000000,900.81000000,888.93000000,894.78000000,20898.36900000,1765223999999,18710007.04674000,227469,10630.97200000,9520982.45443000
1765224000000,2025-12-08 20:00:00,894.78000000,905.00000000,894.75000000,897.12000000,12925.50200000,1765238399999,11633564.99449000,113879,7106.92700000,6396523.72686000
1765238400000,2025-12-09 00:00:00,897.13000000,899.74000000,888.16000000,894.04000000,16455.72800000,1765252799999,14700074.14806000,147079,8467.09600000,7564236.32268000
1765252800000,2025-12-09 04:00:00,894.05000000,896.26000000,884.54000000,889.16000000,23423.25300000,1765267199999,20823660.92392000,161334,11626.99800000,10338318.74787000
1765267200000,2025-12-09 08:00:00,889.18000000,889.19000000,883.58000000,887.16000000,20480.70700000,1765281599999,18158906.24043000,139396,10273.96100000,9108826.48663000
1765281600000,2025-12-09 12:00:00,887.17000000,908.90000000,881.78000000,907.67000000,43695.45800000,1765295999999,39040799.94250000,318247,23403.44500000,20926570.04799000
1765296000000,2025-12-09 16:00:00,907.67000000,928.00000000,907.67000000,914.21000000,76667.15000000,1765310399999,70477370.26933000,405849,40810.57900000,37517822.73544000
1765310400000,2025-12-09 20:00:00,914.21000000,914.40000000,893.97000000,897.30000000,28923.27700000,1765324799999,26135229.24122000,212627,12254.44200000,11078496.65080000
1765324800000,2025-12-10 00:00:00,897.30000000,898.96000000,887.26000000,890.51000000,34019.04700000,1765339199999,30354008.62541000,173801,16358.88400000,14594834.96058000
1765339200000,2025-12-10 04:00:00,890.51000000,897.05000000,889.10000000,894.19000000,20188.23300000,1765353599999,18022035.68998000,112237,10918.12600000,9746692.38533000
1765353600000,2025-12-10 08:00:00,894.20000000,896.16000000,884.53000000,886.67000000,27894.59400000,1765367999999,24826347.51209000,170982,10315.18100000,9182779.05403000
1765368000000,2025-12-10 12:00:00,886.67000000,892.60000000,884.27000000,891.40000000,26809.36800000,1765382399999,23840460.23311000,245163,13998.84400000,12449787.89296000
1765382400000,2025-12-10 16:00:00,891.39000000,905.17000000,889.73000000,901.95000000,42232.19800000,1765396799999,37916131.44688000,322877,21877.40700000,19641161.26273000
1765396800000,2025-12-10 20:00:00,901.96000000,915.00000000,890.72000000,893.43000000,35189.58100000,1765411199999,31734577.84234000,295306,17798.68900000,16067051.44329000
1765411200000,2025-12-11 00:00:00,893.43000000,894.70000000,861.46000000,868.19000000,53522.89800000,1765425599999,46759622.69153000,352498,23620.99700000,20633254.67351000
1765425600000,2025-12-11 04:00:00,868.19000000,873.86000000,864.84000000,866.88000000,26940.16200000,1765439999999,23427730.03709000,175414,13127.33500000,11416478.92166000
1765440000000,2025-12-11 08:00:00,866.87000000,869.00000000,862.25000000,866.61000000,22144.00700000,1765454399999,19171005.43379000,173715,11538.55100000,9990061.86068000
1765454400000,2025-12-11 12:00:00,866.60000000,870.90000000,859.54000000,865.91000000,32556.22100000,1765468799999,28180662.33574000,305586,16496.05700000,14286164.22501000
1765468800000,2025-12-11 16:00:00,865.90000000,881.21000000,861.09000000,876.05000000,22767.13900000,1765483199999,19854194.31817000,227070,12416.55600000,10827562.76933000
1765483200000,2025-12-11 20:00:00,876.05000000,891.50000000,875.83000000,885.91000000,24546.43700000,1765497599999,21721372.35293000,201923,12351.75500000,10933724.16149000
1765497600000,2025-12-12 00:00:00,885.92000000,896.07000000,880.00000000,892.42000000,20301.54500000,1765511999999,18033763.28991000,141979,9892.21000000,8788066.82817000
1765512000000,2025-12-12 04:00:00,892.41000000,894.15000000,886.27000000,889.25000000,16357.61000000,1765526399999,14560696.82243000,106443,7415.72800000,6601790.16211000
1765526400000,2025-12-12 08:00:00,889.26000000,889.48000000,883.50000000,886.09000000,16792.45500000,1765540799999,14881773.41497000,132157,9645.54600000,8548165.06605000
1765540800000,2025-12-12 12:00:00,886.08000000,892.31000000,872.37000000,874.18000000,29376.49700000,1765555199999,25981626.73262000,275343,13825.29300000,12232567.28418000
1765555200000,2025-12-12 16:00:00,874.18000000,882.11000000,870.58000000,877.35000000,21523.19900000,1765569599999,18864583.67825000,258339,11374.76600000,9971443.06396000
1765569600000,2025-12-12 20:00:00,877.35000000,882.66000000,875.20000000,881.58000000,6289.16000000,1765583999999,5529711.17546000,59694,3205.82600000,2818792.64274000
1765584000000,2025-12-13 00:00:00,881.59000000,887.63000000,880.32000000,887.35000000,11162.18200000,1765598399999,9856283.07484000,62386,6611.04100000,5838501.49469000
1765598400000,2025-12-13 04:00:00,887.34000000,889.20000000,883.70000000,886.21000000,11074.25000000,1765612799999,9813765.92038000,85756,4767.35300000,4225557.71593000
1765612800000,2025-12-13 08:00:00,886.20000000,894.26000000,885.80000000,892.11000000,17323.38300000,1765627199999,15423101.60410000,121295,8710.92100000,7755740.53512000
1765627200000,2025-12-13 12:00:00,892.10000000,899.99000000,886.94000000,898.92000000,25761.36600000,1765641599999,23041981.21271000,188378,13000.35100000,11633585.34880000
1765641600000,2025-12-13 16:00:00,898.92000000,904.22000000,891.20000000,893.49000000,19283.43400000,1765655999999,17323397.17146000,139430,8623.77600000,7746661.80646000
1765656000000,2025-12-13 20:00:00,893.48000000,897.36000000,889.49000000,896.82000000,7796.43900000,1765670399999,6972864.02344000,52804,3934.59200000,3519713.84981000
1765670400000,2025-12-14 00:00:00,896.82000000,899.50000000,894.26000000,895.55000000,10026.81900000,1765684799999,8990303.27869000,61143,4932.60500000,4423405.46342000
1765684800000,2025-12-14 04:00:00,895.55000000,896.77000000,892.11000000,896.18000000,10764.57100000,1765699199999,9625022.95753000,69164,5588.47400000,4997625.19836000
1765699200000,2025-12-14 08:00:00,896.19000000,898.68000000,884.12000000,888.77000000,20898.95100000,1765713599999,18650653.68837000,157334,9247.14800000,8252248.33255000
1765713600000,2025-12-14 12:00:00,888.78000000,894.73000000,883.04000000,886.51000000,23991.95600000,1765727999999,21330904.87598000,208323,11662.77800000,10369209.47510000
1765728000000,2025-12-14 16:00:00,886.52000000,888.50000000,880.77000000,883.31000000,17986.44300000,1765742399999,15896410.01136000,178240,8375.67700000,7403352.10835000
1765742400000,2025-12-14 20:00:00,883.31000000,884.90000000,870.11000000,877.27000000,27245.28800000,1765756799999,23949084.01370000,184478,13481.48200000,11852019.31496000
1765756800000,2025-12-15 00:00:00,877.27000000,895.42000000,876.31000000,888.96000000,25016.56800000,1765771199999,22163235.91802000,195048,13270.11600000,11756753.18583000
1765771200000,2025-12-15 04:00:00,888.95000000,891.60000000,886.60000000,889.38000000,16299.86800000,1765785599999,14486551.97580000,109976,6964.74500000,6190181.19279000
1765785600000,2025-12-15 08:00:00,889.38000000,893.32000000,887.12000000,887.76000000,19627.63400000,1765799999999,17470486.23350000,116818,9527.64800000,8481444.71343000
1765800000000,2025-12-15 12:00:00,887.75000000,890.20000000,852.00000000,859.14000000,71042.97600000,1765814399999,61699357.69502000,501813,32784.09400000,28476278.49358000
1765814400000,2025-12-15 16:00:00,859.13000000,859.95000000,840.75000000,849.95000000,55523.85600000,1765828799999,47239050.62395000,486020,26907.52100000,22899744.55947000
1765828800000,2025-12-15 20:00:00,849.95000000,859.09000000,844.70000000,858.60000000,23356.96900000,1765843199999,19912431.41296000,176711,12628.08800000,10765085.06718000
1765843200000,2025-12-16 00:00:00,858.61000000,858.75000000,850.57000000,855.45000000,22790.77300000,1765857599999,19485613.68701000,186364,11371.12200000,9722391.01366000
1765857600000,2025-12-16 04:00:00,855.46000000,865.90000000,847.00000000,859.57000000,33887.91800000,1765871999999,29029758.90280000,241003,16170.88600000,13854788.06899000
1765872000000,2025-12-16 08:00:00,859.58000000,866.25000000,857.03000000,865.80000000,24580.99900000,1765886399999,21172132.76232000,189139,12410.47400000,10690348.45540000
1765886400000,2025-12-16 12:00:00,865.80000000,878.44000000,858.56000000,876.65000000,73754.17000000,1765900799999,64067499.78373000,503269,36828.98600000,31994522.73064000
1765900800000,2025-12-16 16:00:00,876.64000000,876.66000000,866.26000000,870.37000000,50489.28000000,1765915199999,43979808.82951000,308185,25747.52600000,22428194.67826000
1765915200000,2025-12-16 20:00:00,870.36000000,875.78000000,869.10000000,875.63000000,35332.19600000,1765929599999,30817208.91668000,145070,18145.01800000,15827485.42393000
1765929600000,2025-12-17 00:00:00,875.64000000,875.75000000,862.00000000,863.43000000,35811.36600000,1765943999999,31089939.51932000,162829,16689.41800000,14488420.36472000
1765944000000,2025-12-17 04:00:00,863.44000000,871.13000000,855.55000000,868.06000000,63123.00300000,1765958399999,54528881.85926000,297894,32596.67900000,28160841.24828000
1765958400000,2025-12-17 08:00:00,868.07000000,868.07000000,855.41000000,859.82000000,64228.01700000,1765972799999,55340636.91180000,282980,30895.51700000,26638480.53913000
1765972800000,2025-12-17 12:00:00,859.84000000,876.16000000,852.74000000,853.78000000,121657.93200000,1765987199999,105045132.73325000,634369,64283.01500000,55515237.42426000
1765987200000,2025-12-17 16:00:00,853.77000000,857.96000000,833.39000000,840.80000000,76305.52000000,1766001599999,64401849.67037000,519171,33902.05000000,28613450.14043000
1766001600000,2025-12-17 20:00:00,840.80000000,844.90000000,836.74000000,843.07000000,16947.37100000,1766015999999,14259034.05620000,129130,8147.17500000,6855000.24706000
1766016000000,2025-12-18 00:00:00,843.07000000,846.76000000,833.20000000,836.70000000,35716.38100000,1766030399999,30060761.71297000,177222,16787.76300000,14136305.76857000
1766030400000,2025-12-18 04:00:00,836.69000000,839.50000000,830.12000000,833.72000000,45122.90000000,1766044799999,37640220.54303000,223198,21084.75200000,17587170.85332000
1766044800000,2025-12-18 08:00:00,833.72000000,841.73000000,832.78000000,839.72000000,57688.68800000,1766059199999,48304034.10171000,264545,29486.13300000,24689613.87617000
1766059200000,2025-12-18 12:00:00,839.73000000,853.49000000,837.31000000,848.22000000,118751.35000000,1766073599999,100313692.53832000,641539,59825.30800000,50542425.87885000
1766073600000,2025-12-18 16:00:00,848.22000000,848.93000000,818.39000000,820.53000000,125254.63400000,1766087999999,104179059.42079000,632596,60238.33800000,50119042.27956000
1766088000000,2025-12-18 20:00:00,820.52000000,831.91000000,820.19000000,830.07000000,49490.92500000,1766102399999,40955007.87058000,264550,25093.44000000,20764682.16759000
1766102400000,2025-12-19 00:00:00,830.08000000,841.93000000,822.38000000,837.66000000,71548.36200000,1766116799999,59410438.34819000,419113,34996.14200000,29056385.35481000
1766116800000,2025-12-19 04:00:00,837.67000000,850.22000000,835.51000000,843.15000000,166882.29200000,1766131199999,140427857.47473000,520971,80354.71500000,67621499.42794000
1766131200000,2025-12-19 08:00:00,843.15000000,849.48000000,842.15000000,849.10000000,901756.75200000,1766145599999,761739891.42151000,1066964,450594.83000000,380634434.48408000
1766145600000,2025-12-19 12:00:00,849.11000000,855.00000000,843.60000000,846.60000000,34448.79400000,1766159999999,29205734.12966000,229725,17058.81100000,14464109.78344000
1766160000000,2025-12-19 16:00:00,846.61000000,857.99000000,843.60000000,856.15000000,31370.00300000,1766174399999,26655601.80402000,194566,17704.92000000,15045906.74330000
1766174400000,2025-12-19 20:00:00,856.15000000,862.33000000,854.23000000,856.17000000,21340.75400000,1766188799999,18296236.99467000,112242,10375.94100000,8897106.24601000
1766188800000,2025-12-20 00:00:00,856.17000000,859.70000000,852.39000000,858.41000000,10760.07300000,1766203199999,9209981.82322000,65160,5564.51000000,4763344.36171000
1766203200000,2025-12-20 04:00:00,858.41000000,858.59000000,852.18000000,853.85000000,14736.05100000,1766217599999,12591250.39141000,78201,5892.65000000,5035167.45493000
1766217600000,2025-12-20 08:00:00,853.84000000,856.33000000,850.95000000,853.57000000,10039.99400000,1766231999999,8566521.56561000,71667,4681.43400000,3995024.78002000
1766232000000,2025-12-20 12:00:00,853.56000000,853.97000000,850.90000000,853.97000000,10911.88100000,1766246399999,9301899.70477000,84934,5153.90000000,4393452.33544000
1766246400000,2025-12-20 16:00:00,853.97000000,854.60000000,852.54000000,853.05000000,4159.50100000,1766260799999,3550467.02879000,52789,1983.31500000,1692863.63191000
1766260800000,2025-12-20 20:00:00,853.05000000,855.12000000,851.01000000,854.17000000,6407.63200000,1766275199999,5464973.88668000,36290,3273.01900000,2791380.17190000
1766275200000,2025-12-21 00:00:00,854.17000000,855.21000000,846.84000000,850.30000000,9237.19000000,1766289599999,7857559.84738000,64800,4130.22400000,3512398.30325000
1766289600000,2025-12-21 04:00:00,850.31000000,850.81000000,848.20000000,849.89000000,8049.55800000,1766303999999,6838266.58767000,53047,3938.68100000,3345892.66853000
1766304000000,2025-12-21 08:00:00,849.88000000,859.91000000,848.99000000,856.79000000,13717.77000000,1766318399999,11734442.81703000,125814,7931.20700000,6785087.51638000
1766318400000,2025-12-21 12:00:00,856.78000000,859.50000000,845.50000000,848.59000000,21426.20400000,1766332799999,18230970.69628000,191558,9815.07800000,8356858.15304000
1766332800000,2025-12-21 16:00:00,848.59000000,856.66000000,846.40000000,855.69000000,11133.81300000,1766347199999,9492649.11637000,90210,6648.06900000,5668586.97669000
1766347200000,2025-12-21 20:00:00,855.70000000,859.63000000,851.20000000,858.64000000,6422.28200000,1766361599999,5496922.17172000,52073,3650.85200000,3125329.22711000
1766361600000,2025-12-22 00:00:00,858.63000000,867.84000000,850.85000000,856.00000000,21362.09700000,1766375999999,18352350.88647000,168765,10937.48000000,9399724.22132000
1766376000000,2025-12-22 04:00:00,856.01000000,861.04000000,855.14000000,858.69000000,18013.38700000,1766390399999,15469039.12424000,104116,8806.90400000,7564673.38728000
1766390400000,2025-12-22 08:00:00,858.69000000,868.22000000,858.50000000,865.40000000,46627.39700000,1766404799999,40290455.57357000,260418,24091.68000000,20816655.21332000
1766404800000,2025-12-22 12:00:00,865.40000000,871.00000000,861.77000000,867.75000000,26552.60000000,1766419199999,23005174.02042000,198508,13600.68800000,11785565.44543000
1766419200000,2025-12-22 16:00:00,867.76000000,869.16000000,857.00000000,857.60000000,20559.27900000,1766433599999,17776657.63022000,151834,8848.23900000,7653147.93278000
1766433600000,2025-12-22 20:00:00,857.60000000,861.18000000,853.50000000,858.66000000,14161.22800000,1766447999999,12132812.23058000,110890,7239.19900000,6202621.61412000
1766448000000,2025-12-23 00:00:00,858.67000000,861.46000000,852.23000000,857.27000000,12228.49300000,1766462399999,10482833.09762000,94326,5972.72600000,5120831.53978000
1766462400000,2025-12-23 04:00:00,857.27000000,857.80000000,847.06000000,848.61000000,19768.00200000,1766476799999,16827883.59528000,125688,7877.43000000,6705942.33291000
1766476800000,2025-12-23 08:00:00,848.60000000,853.29000000,847.97000000,852.97000000,11762.38500000,1766491199999,10000017.03013000,107047,6607.48900000,5617519.85768000
1766491200000,2025-12-23 12:00:00,852.97000000,852.98000000,838.24000000,844.17000000,29624.00300000,1766505599999,25041587.80652000,206287,13904.06300000,11757287.55013000
1766505600000,2025-12-23 16:00:00,844.17000000,850.23000000,839.00000000,841.44000000,21087.09100000,1766519999999,17814087.25257000,160399,10433.74700000,8818226.00911000
1766520000000,2025-12-23 20:00:00,841.43000000,847.66000000,840.20000000,844.30000000,9424.90000000,1766534399999,7948431.74465000,76633,4920.74500000,4149468.04884000
1766534400000,2025-12-24 00:00:00,844.30000000,847.80000000,836.29000000,840.75000000,13103.30400000,1766548799999,11024685.38767000,97198,5110.61700000,4300609.94706000
1766548800000,2025-12-24 04:00:00,840.75000000,842.52000000,836.21000000,838.00000000,17856.36300000,1766563199999,14986917.03224000,138966,7944.25500000,6667823.33592000
1766563200000,2025-12-24 08:00:00,838.00000000,839.63000000,835.21000000,837.99000000,17665.76100000,1766577599999,14790662.63811000,174394,7399.59900000,6195980.85204000
1766577600000,2025-12-24 12:00:00,837.99000000,843.26000000,835.63000000,841.20000000,15119.02600000,1766591999999,12693959.69611000,180469,7287.44000000,6119831.14121000
1766592000000,2025-12-24 16:00:00,841.20000000,849.00000000,839.90000000,847.78000000,13476.38100000,1766606399999,11387233.01416000,114119,7747.70100000,6545211.76006000
1766606400000,2025-12-24 20:00:00,847.79000000,850.00000000,846.19000000,846.58000000,7696.94600000,1766620799999,6530414.37620000,63984,3338.55800000,2833271.79897000
1766620800000,2025-12-25 00:00:00,846.57000000,847.99000000,843.94000000,844.95000000,6395.53300000,1766635199999,5410621.24036000,53587,2539.20500000,2148527.20242000
1766635200000,2025-12-25 04:00:00,844.96000000,845.28000000,842.00000000,843.29000000,8160.44700000,1766649599999,6881014.38915000,78205,3519.29900000,2967364.58094000
1766649600000,2025-12-25 08:00:00,843.29000000,844.53000000,835.30000000,837.60000000,13228.12000000,1766663999999,11102617.01249000,131094,5736.33000000,4815071.86721000
1766664000000,2025-12-25 12:00:00,837.60000000,844.69000000,835.11000000,842.53000000,14980.28400000,1766678399999,12568273.63815000,139376,8323.07400000,6985612.84770000
1766678400000,2025-12-25 16:00:00,842.52000000,842.96000000,839.75000000,841.35000000,10186.88900000,1766692799999,8572157.81681000,80326,4785.75300000,4027531.48307000
1766692800000,2025-12-25 20:00:00,841.35000000,843.50000000,826.81000000,829.64000000,19825.81400000,1766707199999,16532332.20629000,119905,7567.31600000,6311038.59997000
1766707200000,2025-12-26 00:00:00,829.63000000,844.80000000,828.00000000,840.77000000,28977.27500000,1766721599999,24239351.52561000,176952,13337.40400000,11157296.63376000
1766721600000,2025-12-26 04:00:00,840.77000000,847.16000000,837.44000000,840.88000000,14830.72000000,1766735999999,12496341.89833000,120442,7584.24800000,6392736.02192000
1766736000000,2025-12-26 08:00:00,840.89000000,843.16000000,838.86000000,839.26000000,15286.82400000,1766750399999,12859036.23732000,180834,7710.94600000,6486566.54491000
1766750400000,2025-12-26 12:00:00,839.27000000,843.40000000,821.21000000,828.93000000,36367.94000000,1766764799999,30216623.67960000,303147,17957.04000000,14916215.48572000
1766764800000,2025-12-26 16:00:00,828.94000000,834.90000000,827.96000000,832.83000000,16057.63100000,1766779199999,13356105.36031000,165980,8750.00500000,7277689.02277000
1766779200000,2025-12-26 20:00:00,832.83000000,838.19000000,832.02000000,834.72000000,8712.39600000,1766793599999,7276415.83364000,73354,3638.51500000,3038967.38028000
1766793600000,2025-12-27 00:00:00,834.72000000,836.50000000,834.00000000,836.20000000,7300.26500000,1766807999999,6098559.02726000,49523,3813.97200000,3186161.33797000
1766808000000,2025-12-27 04:00:00,836.20000000,843.09000000,834.15000000,840.57000000,15322.35300000,1766822399999,12851055.45400000,98424,8550.17800000,7171654.98469000
1766822400000,2025-12-27 08:00:00,840.56000000,843.42000000,837.62000000,840.96000000,37401.54400000,1766836799999,31440748.25218000,200467,17638.58200000,14828398.60635000
1766836800000,2025-12-27 12:00:00,840.97000000,841.53000000,838.47000000,840.90000000,13993.98900000,1766851199999,11756881.28961000,126737,6634.68600000,5573959.96334000
1766851200000,2025-12-27 16:00:00,840.90000000,841.77000000,839.44000000,840.95000000,6325.17600000,1766865599999,5316576.90590000,62886,3257.06900000,2737719.34501000
1766865600000,2025-12-27 20:00:00,840.95000000,846.54000000,839.79000000,845.04000000,9539.03900000,1766879999999,8041844.32834000,64639,4645.15200000,3916614.13142000
1766880000000,2025-12-28 00:00:00,845.05000000,845.68000000,839.20000000,841.60000000,9512.77700000,1766894399999,8010067.08696000,52671,4438.12800000,3736438.05810000
1766894400000,2025-12-28 04:00:00,841.61000000,844.20000000,841.40000000,843.92000000,8963.12600000,1766908799999,7558321.72671000,67380,5121.48000000,4318766.12753000
1766908800000,2025-12-28 08:00:00,843.92000000,857.00000000,843.92000000,854.60000000,22100.77500000,1766923199999,18794217.03488000,141072,12292.50000000,10451802.17387000
1766923200000,2025-12-28 12:00:00,854.61000000,863.40000000,854.60000000,860.58000000,21479.10500000,1766937599999,18426218.64553000,149571,12206.19000000,10472789.00184000
1766937600000,2025-12-28 16:00:00,860.57000000,867.22000000,858.81000000,859.68000000,20352.35200000,1766951999999,17558503.75335000,151030,10579.63700000,9129022.15037000
1766952000000,2025-12-28 20:00:00,859.68000000,862.37000000,856.84000000,859.32000000,9193.85100000,1766966399999,7898217.23680000,78309,4623.87800000,3972404.25868000
1766966400000,2025-12-29 00:00:00,859.32000000,872.12000000,858.71000000,869.19000000,29030.76200000,1766980799999,25159299.27749000,160553,17029.17500000,14756846.59358000
1766980800000,2025-12-29 04:00:00,869.20000000,871.66000000,858.80000000,860.58000000,23072.61100000,1766995199999,19940586.17488000,154395,10585.64800000,9147568.28235000
1766995200000,2025-12-29 08:00:00,860.58000000,861.79000000,847.55000000,853.04000000,27299.05900000,1767009599999,23338314.68832000,204109,14197.31000000,12135905.40230000
1767009600000,2025-12-29 12:00:00,853.05000000,855.40000000,846.00000000,853.60000000,27400.46300000,1767023999999,23336738.17716000,216771,15817.58300000,13474129.45997000
1767024000000,2025-12-29 16:00:00,853.59000000,855.69000000,850.00000000,853.03000000,14001.16100000,1767038399999,11945854.04884000,113696,7245.57600000,6181988.85509000
1767038400000,2025-12-29 20:00:00,853.03000000,855.04000000,851.43000000,852.46000000,6347.39100000,1767052799999,5416298.11656000,52282,3107.72800000,2651496.74661000
1767052800000,2025-12-30 00:00:00,852.46000000,853.50000000,848.70000000,852.50000000,8009.53100000,1767067199999,6816851.24139000,67921,3800.29300000,3234684.59041000
1767067200000,2025-12-30 04:00:00,852.50000000,854.89000000,850.38000000,853.75000000,8925.11100000,1767081599999,7610639.18776000,76065,4623.45000000,3942679.75012000
1767081600000,2025-12-30 08:00:00,853.75000000,859.76000000,853.75000000,854.80000000,15274.66300000,1767095999999,13081441.43263000,118549,7055.82900000,6042348.26393000
1767096000000,2025-12-30 12:00:00,854.80000000,864.05000000,854.61000000,862.78000000,21602.34700000,1767110399999,18574829.30364000,182363,11687.08100000,10048339.04373000
1767110400000,2025-12-30 16:00:00,862.79000000,863.06000000,857.35000000,859.79000000,12085.80100000,1767124799999,10393259.64983000,88473,5640.23100000,4850308.11822000
1767124800000,2025-12-30 20:00:00,859.79000000,863.06000000,858.33000000,861.65000000,7335.59400000,1767139199999,6314966.07685000,49668,3564.67600000,3069098.44430000
1767139200000,2025-12-31 00:00:00,861.66000000,863.00000000,857.69000000,859.29000000,7583.48100000,1767153599999,6524835.33568000,68305,3368.64400000,2898052.81122000
1767153600000,2025-12-31 04:00:00,859.29000000,868.00000000,858.99000000,867.99000000,36435.91900000,1767167999999,31470843.61453000,121917,22154.36400000,19136918.72425000
1767168000000,2025-12-31 08:00:00,867.99000000,869.35000000,864.95000000,869.20000000,21051.51600000,1767182399999,18259951.25913000,120452,11380.23900000,9871040.11260000
1767182400000,2025-12-31 12:00:00,869.19000000,877.29000000,860.53000000,863.30000000,45328.07200000,1767196799999,39349771.39517000,255898,21852.22400000,18978901.61197000
1767196800000,2025-12-31 16:00:00,863.30000000,864.81000000,857.88000000,864.32000000,23389.05600000,1767211199999,20172286.19089000,156119,10840.99600000,9351450.22134000
1767211200000,2025-12-31 20:00:00,864.31000000,866.56000000,860.84000000,864.30000000,16206.57400000,1767225599999,14001449.27484000,80818,7106.65300000,6140508.72209000
1767225600000,2026-01-01 00:00:00,864.31000000,874.51000000,863.79000000,869.16000000,21044.85300000,1767239999999,18315686.61227000,110488,10948.17400000,9527409.24635000
1767240000000,2026-01-01 04:00:00,869.15000000,869.21000000,859.20000000,859.52000000,19240.25600000,1767254399999,16615590.15337000,98608,7617.40900000,6576910.80836000
1767254400000,2026-01-01 08:00:00,859.52000000,861.97000000,858.98000000,861.59000000,9032.05800000,1767268799999,7775696.58267000,64102,4517.17000000,3888881.50014000
1767268800000,2026-01-01 12:00:00,861.60000000,861.60000000,856.14000000,859.36000000,13427.04000000,1767283199999,11526838.13929000,97845,6423.02300000,5514285.93790000
1767283200000,2026-01-01 16:00:00,859.36000000,861.77000000,857.22000000,861.56000000,8959.23300000,1767297599999,7701250.51509000,66511,4795.45800000,4122956.34713000
1767297600000,2026-01-01 20:00:00,861.57000000,864.65000000,860.16000000,864.39000000,9010.22200000,1767311999999,7770115.29349000,54491,4370.04000000,3768888.97625000
1767312000000,2026-01-02 00:00:00,864.40000000,867.17000000,859.64000000,865.79000000,13915.01900000,1767326399999,12017716.81719000,79887,7925.42500000,6846017.23273000
1767326400000,2026-01-02 04:00:00,865.80000000,867.97000000,863.08000000,864.90000000,15159.54100000,1767340799999,13121765.04338000,76013,7835.34400000,6782559.36487000
1767340800000,2026-01-02 08:00:00,864.89000000,874.38000000,864.89000000,869.51000000,22093.49100000,1767355199999,19221313.67199000,129474,11075.54800000,9635545.39811000
1767355200000,2026-01-02 12:00:00,869.52000000,882.37000000,865.26000000,877.99000000,33624.12600000,1767369599999,29408929.67751000,245431,16897.04600000,14783121.39333000
1767369600000,2026-01-02 16:00:00,878.00000000,891.14000000,877.47000000,880.55000000,34905.51200000,1767383999999,30877774.37121000,242353,17572.42200000,15556843.62105000
1767384000000,2026-01-02 20:00:00,880.55000000,885.63000000,878.53000000,881.25000000,9374.05300000,1767398399999,8271388.06335000,82581,4692.46300000,4140727.79012000
1767398400000,2026-01-03 00:00:00,881.25000000,884.24000000,875.14000000,879.20000000,15144.25400000,1767412799999,13309544.13232000,95630,7229.42400000,6355210.73629000
1767412800000,2026-01-03 04:00:00,879.20000000,880.12000000,868.65000000,873.00000000,19866.37100000,1767427199999,17379862.56345000,121114,9587.29900000,8388756.57827000
1767427200000,2026-01-03 08:00:00,873.00000000,875.62000000,871.58000000,874.24000000,12504.66500000,1767441599999,10929612.66375000,87112,6640.98100000,5804380.74681000
1767441600000,2026-01-03 12:00:00,874.24000000,877.54000000,871.60000000,873.44000000,17977.21500000,1767455999999,15730453.54969000,88173,9657.76800000,8453452.20132000
1767456000000,2026-01-03 16:00:00,873.44000000,877.30000000,873.43000000,876.40000000,7921.32900000,1767470399999,6939918.58163000,59873,4013.34000000,3515677.00795000
1767470400000,2026-01-03 20:00:00,876.41000000,880.00000000,875.50000000,878.63000000,6551.37100000,1767484799999,5753267.55076000,44788,3297.15600000,2895410.17212000
1767484800000,2026-01-04 00:00:00,878.64000000,883.71000000,878.47000000,883.14000000,15343.64900000,1767499199999,13525899.43661000,96449,7499.54400000,6611304.00104000
1767499200000,2026-01-04 04:00:00,883.13000000,890.84000000,882.84000000,884.66000000,26352.25100000,1767513599999,23374334.17671000,127968,14465.02700000,12833304.54421000
1767513600000,2026-01-04 08:00:00,884.67000000,887.39000000,882.58000000,884.88000000,13162.73300000,1767527999999,11655232.21191000,87366,6728.53000000,5958665.43771000
1767528000000,2026-01-04 12:00:00,884.88000000,890.00000000,883.59000000,889.30000000,14327.79100000,1767542399999,12711523.48856000,97954,7311.09400000,6487817.59565000
1767542400000,2026-01-04 16:00:00,889.30000000,902.85000000,889.29000000,892.53000000,38734.44800000,1767556799999,34723892.58421000,189290,19657.94600000,17624515.18436000
1767556800000,2026-01-04 20:00:00,892.52000000,897.65000000,892.41000000,895.43000000,10766.23500000,1767571199999,9635271.95729000,80201,5825.98300000,5214392.44041000
1767571200000,2026-01-05 00:00:00,895.43000000,906.91000000,894.73000000,900.02000000,32277.44700000,1767585599999,29100730.43904000,157301,18819.30300000,16971063.14439000
1767585600000,2026-01-05 04:00:00,900.02000000,900.68000000,890.59000000,899.20000000,21712.66000000,1767599999999,19441820.66558000,129939,11453.30600000,10255323.72985000
1767600000000,2026-01-05 08:00:00,899.20000000,909.00000000,895.60000000,908.89000000,23921.65400000,1767614399999,21583607.46161000,149894,13002.51200000,11734385.36258000
1767614400000,2026-01-05 12:00:00,908.89000000,908.91000000,900.49000000,906.46000000,24314.35500000,1767628799999,21999037.91951000,198730,12359.40100000,11184830.06046000
1767628800000,2026-01-05 16:00:00,906.46000000,914.00000000,901.31000000,911.12000000,22275.03000000,1767643199999,20197659.34178000,162015,11681.32800000,10595188.83910000
1767643200000,2026-01-05 20:00:00,911.12000000,916.55000000,908.96000000,910.31000000,15851.63900000,1767657599999,14469117.21217000,104407,9085.25700000,8294554.94071000
1767657600000,2026-01-06 00:00:00,910.31000000,911.63000000,904.83000000,908.14000000,15841.25500000,1767671999999,14379725.43805000,103097,6788.54200000,6162657.31727000
1767672000000,2026-01-06 04:00:00,908.15000000,910.11000000,902.96000000,904.71000000,19375.76500000,1767686399999,17566755.79171000,114180,9998.80500000,9066393.57965000
1767686400000,2026-01-06 08:00:00,904.71000000,914.92000000,904.52000000,913.13000000,15559.14000000,1767700799999,14170900.16729000,120310,8340.38200000,7597615.81286000
1767700800000,2026-01-06 12:00:00,913.13000000,923.93000000,911.54000000,919.10000000,53413.81400000,1767715199999,49085570.09535000,245648,30050.73700000,27617731.84730000
1767715200000,2026-01-06 16:00:00,919.10000000,920.68000000,891.66000000,901.20000000,38765.03000000,1767729599999,35065776.06599000,248005,16693.12000000,15094709.41967000
1767729600000,2026-01-06 20:00:00,901.19000000,919.78000000,901.03000000,917.64000000,23942.18500000,1767743999999,21844085.60888000,148885,13247.30000000,12081321.54728000
1767744000000,2026-01-07 00:00:00,917.64000000,919.25000000,904.58000000,909.84000000,18852.09000000,1767758399999,17166827.46518000,138307,9070.88500000,8262495.75226000
1767758400000,2026-01-07 04:00:00,909.85000000,918.99000000,909.07000000,918.82000000,19158.88000000,1767772799999,17523032.83122000,107963,11679.67300000,10682638.92259000
1767772800000,2026-01-07 08:00:00,918.81000000,920.27000000,908.20000000,910.44000000,56286.51700000,1767787199999,51391714.44101000,253388,29436.48800000,26887132.20299000
1767787200000,2026-01-07 12:00:00,910.44000000,910.99000000,895.11000000,899.43000000,31662.88800000,1767801599999,28583833.26742000,236660,15133.78300000,13661663.46258000
1767801600000,2026-01-07 16:00:00,899.44000000,901.95000000,892.64000000,897.12000000,14078.97400000,1767815999999,12641803.45035000,131606,6752.42700000,6065077.96505000
1767816000000,2026-01-07 20:00:00,897.12000000,901.05000000,894.01000000,900.30000000,8612.44100000,1767830399999,7736544.32337000,77397,4996.76000000,4488473.76780000
1767830400000,2026-01-08 00:00:00,900.31000000,905.00000000,892.38000000,893.61000000,15196.29300000,1767844799999,13658656.63743000,110350,7626.34000000,6858517.11391000
1767844800000,2026-01-08 04:00:00,893.62000000,897.68000000,875.10000000,885.02000000,42311.82700000,1767859199999,37447341.34014000,195515,19604.25700000,17342462.17721000
1767859200000,2026-01-08 08:00:00,885.02000000,887.89000000,879.28000000,886.77000000,22250.47500000,1767873599999,19683427.54475000,149320,11766.90400000,10412462.99493000
1767873600000,2026-01-08 12:00:00,886.77000000,889.24000000,877.70000000,888.92000000,26874.54900000,1767887999999,23757901.11910000,202786,13840.35400000,12238909.34204000
1767888000000,2026-01-08 16:00:00,888.92000000,891.71000000,885.69000000,888.32000000,16374.72400000,1767902399999,14558432.99046000,120097,8123.74600000,7224111.88750000
1767902400000,2026-01-08 20:00:00,888.32000000,894.63000000,885.32000000,892.26000000,11514.88700000,1767916799999,10255052.83023000,86768,6334.72100000,5643058.18790000
1767916800000,2026-01-09 00:00:00,892.27000000,896.56000000,887.91000000,895.80000000,13532.96800000,1767931199999,12080892.40923000,88399,7443.48500000,6645834.06714000
1767931200000,2026-01-09 04:00:00,895.81000000,899.00000000,893.66000000,893.66000000,8919.15500000,1767945599999,7993680.02476000,73731,4924.24000000,4413337.70426000
1767945600000,2026-01-09 08:00:00,893.67000000,894.50000000,886.20000000,889.64000000,14219.23300000,1767959999999,12660726.82074000,107317,6773.70900000,6031423.23435000
1767960000000,2026-01-09 12:00:00,889.63000000,900.22000000,885.28000000,894.77000000,24722.78400000,1767974399999,22040399.55368000,173886,13805.47500000,12312292.52918000
1767974400000,2026-01-09 16:00:00,894.77000000,901.06000000,890.94000000,893.34000000,13942.44100000,1767988799999,12502438.94719000,124874,7304.05100000,6549196.69775000
1767988800000,2026-01-09 20:00:00,893.33000000,898.25000000,891.94000000,896.86000000,6244.78600000,1768003199999,5593038.50129000,57952,3808.03800000,3410645.77465000
1768003200000,2026-01-10 00:00:00,896.87000000,908.00000000,896.81000000,907.31000000,20568.90800000,1768017599999,18549104.64305000,118436,12665.67800000,11419910.25360000
1768017600000,2026-01-10 04:00:00,907.31000000,910.22000000,903.05000000,905.37000000,19150.01000000,1768031999999,17369685.77145000,120086,9061.10800000,8221419.39623000
1768032000000,2026-01-10 08:00:00,905.38000000,906.43000000,898.98000000,900.47000000,19272.13500000,1768046399999,17386437.74965000,124612,7779.55900000,7018235.85973000
1768046400000,2026-01-10 12:00:00,900.47000000,910.82000000,899.13000000,908.78000000,22202.25000000,1768060799999,20085273.37992000,112256,13206.99800000,11954259.71109000
1768060800000,2026-01-10 16:00:00,908.79000000,915.86000000,906.89000000,913.93000000,25640.87600000,1768075199999,23343908.44449000,129235,11837.57800000,10779265.96129000
1768075200000,2026-01-10 20:00:00,913.94000000,915.91000000,902.23000000,907.93000000,18078.31400000,1768089599999,16409419.41429000,115773,5938.16500000,5387776.55192000
1768089600000,2026-01-11 00:00:00,907.93000000,914.11000000,904.30000000,913.20000000,13812.91400000,1768103999999,12554010.07825000,91639,7907.64000000,7189149.13439000
1768104000000,2026-01-11 04:00:00,913.21000000,916.30000000,910.69000000,913.55000000,17935.72900000,1768118399999,16377011.69392000,101615,8490.94400000,7753925.93488000
1768118400000,2026-01-11 08:00:00,913.55000000,917.33000000,911.62000000,912.05000000,15847.02200000,1768132799999,14485686.38606000,72030,8343.58600000,7628320.56440000
1768132800000,2026-01-11 12:00:00,912.06000000,915.38000000,906.29000000,908.64000000,24216.71000000,1768147199999,22068682.23210000,115462,10999.49000000,10028301.53216000
1768147200000,2026-01-11 16:00:00,908.64000000,911.17000000,903.50000000,904.45000000,14826.62700000,1768161599999,13458777.58515000,82716,7540.96500000,6845915.95624000
1768161600000,2026-01-11 20:00:00,904.45000000,905.31000000,898.75000000,904.32000000,11982.07900000,1768175999999,10811527.37775000,88356,5673.47700000,5119078.57027000
1768176000000,2026-01-12 00:00:00,904.32000000,910.81000000,896.85000000,905.27000000,29339.48100000,1768190399999,26577162.36006000,175710,17870.55700000,16194167.96520000
1768190400000,2026-01-12 04:00:00,905.28000000,910.21000000,903.97000000,904.81000000,16449.50700000,1768204799999,14927839.87453000,87728,9026.88300000,8192987.87753000
1768204800000,2026-01-12 08:00:00,904.82000000,908.30000000,898.26000000,901.28000000,18144.88900000,1768219199999,16373476.74984000,123374,8418.11100000,7597797.02770000
1768219200000,2026-01-12 12:00:00,901.27000000,905.22000000,894.00000000,904.28000000,21588.50500000,1768233599999,19433970.50886000,154936,11079.44100000,9977430.77304000
1768233600000,2026-01-12 16:00:00,904.28000000,909.11000000,900.00000000,907.79000000,13374.90100000,1768247999999,12115071.59771000,119531,7410.61600000,6713267.99531000
1768248000000,2026-01-12 20:00:00,907.78000000,908.31000000,901.22000000,905.78000000,9624.89000000,1768262399999,8713004.92459000,67843,4633.10400000,4194354.82367000
1768262400000,2026-01-13 00:00:00,905.79000000,907.86000000,902.25000000,906.36000000,15128.29100000,1768276799999,13689651.74742000,82557,8122.55100000,7351380.45613000
1768276800000,2026-01-13 04:00:00,906.36000000,914.98000000,906.35000000,910.05000000,31542.25300000,1768291199999,28739553.79538000,124623,19403.35500000,17679650.45219000
1768291200000,2026-01-13 08:00:00,910.05000000,912.20000000,907.52000000,907.68000000,94132.52800000,1768305599999,85644249.84410000,254662,45755.93600000,41633656.35892000
1768305600000,2026-01-13 12:00:00,907.69000000,916.60000000,906.18000000,916.47000000,36012.13100000,1768319999999,32815858.57967000,157506,18744.84400000,17084785.18905000
1768320000000,2026-01-13 16:00:00,916.47000000,945.55000000,916.38000000,941.50000000,78320.05300000,1768334399999,72909782.32350000,319505,46216.20400000,43022339.87839000
1768334400000,2026-01-13 20:00:00,941.50000000,952.96000000,940.00000000,943.73000000,56779.74100000,1768348799999,53738565.20453000,243598,32908.95000000,31166507.28231000
1768348800000,2026-01-14 00:00:00,943.73000000,954.68000000,943.64000000,950.13000000,39897.99200000,1768363199999,37862955.16398000,166989,24780.27500000,23521712.30128000
1768363200000,2026-01-14 04:00:00,950.14000000,952.20000000,934.67000000,937.45000000,33053.63700000,1768377599999,31121466.30502000,173273,11961.47300000,11270851.38778000
1768377600000,2026-01-14 08:00:00,937.45000000,938.92000000,928.50000000,928.79000000,24800.90200000,1768391999999,23183080.79689000,152603,11641.56900000,10887268.91855000
1768392000000,2026-01-14 12:00:00,928.78000000,946.24000000,928.53000000,942.03000000,35926.36800000,1768406399999,33707815.07662000,219157,18495.59200000,17354384.03843000
1768406400000,2026-01-14 16:00:00,942.03000000,947.57000000,938.25000000,943.78000000,30892.58900000,1768420799999,29156180.69285000,184502,16626.68400000,15697061.01685000
1768420800000,2026-01-14 20:00:00,943.79000000,949.85000000,943.20000000,948.47000000,18637.21000000,1768435199999,17645172.99489000,117473,9552.73100000,9045024.68035000
1768435200000,2026-01-15 00:00:00,948.48000000,948.85000000,929.05000000,931.89000000,35679.04400000,1768449599999,33427626.17049000,189799,15160.04300000,14212685.23814000
1768449600000,2026-01-15 04:00:00,931.90000000,940.09000000,931.41000000,939.14000000,17679.77600000,1768463999999,16551348.07606000,103483,9869.73200000,9239460.55659000
1768464000000,2026-01-15 08:00:00,939.13000000,942.96000000,937.66000000,938.09000000,14257.75400000,1768478399999,13407911.73604000,96168,7600.59500000,7147250.54351000
1768478400000,2026-01-15 12:00:00,938.10000000,945.71000000,930.23000000,937.64000000,30102.90800000,1768492799999,28238619.89579000,203609,15375.70100000,14430487.59168000
1768492800000,2026-01-15 16:00:00,937.63000000,942.62000000,925.01000000,928.07000000,22789.13500000,1768507199999,21260760.78924000,170692,10567.17000000,9864398.67052000
1768507200000,2026-01-15 20:00:00,928.07000000,933.55000000,924.05000000,931.20000000,10692.85100000,1768521599999,9932086.30715000,75229,5972.08200000,5549532.19350000
1768521600000,2026-01-16 00:00:00,931.21000000,933.98000000,929.22000000,929.59000000,9518.55500000,1768535999999,8868005.29189000,69543,5356.24200000,4990449.07151000
1768536000000,2026-01-16 04:00:00,929.60000000,936.13000000,927.16000000,934.04000000,15999.44100000,1768550399999,14911291.89996000,81237,8085.39700000,7535982.63733000
1768550400000,2026-01-16 08:00:00,934.05000000,938.56000000,931.99000000,935.38000000,12838.55100000,1768564799999,12011340.74689000,88705,6717.16200000,6283734.84214000
1768564800000,2026-01-16 12:00:00,935.38000000,937.46000000,923.69000000,926.97000000,20886.66600000,1768579199999,19446218.77056000,155425,10118.20400000,9423303.35535000
1768579200000,2026-01-16 16:00:00,926.97000000,932.36000000,926.53000000,931.36000000,9459.87300000,1768593599999,8797960.60697000,88908,5236.44800000,4870544.14049000
1768593600000,2026-01-16 20:00:00,931.36000000,939.43000000,928.71000000,938.16000000,8767.29700000,1768607999999,8203292.87473000,58384,4347.78200000,4068317.36625000
1768608000000,2026-01-17 00:00:00,938.17000000,940.03000000,935.54000000,937.65000000,9383.81200000,1768622399999,8797236.39526000,58818,5799.50500000,5438013.22815000
1768622400000,2026-01-17 04:00:00,937.65000000,939.08000000,935.50000000,935.90000000,8392.61800000,1768636799999,7864833.89909000,55294,4634.18900000,4342869.70950000
1768636800000,2026-01-17 08:00:00,935.90000000,944.51000000,935.65000000,942.93000000,12855.75100000,1768651199999,12098635.85580000,73537,6655.50500000,6263050.12108000
1768651200000,2026-01-17 12:00:00,942.92000000,959.52000000,941.43000000,955.37000000,28646.57600000,1768665599999,27188118.41765000,126078,17606.24800000,16710000.01640000
1768665600000,2026-01-17 16:00:00,955.37000000,956.00000000,949.10000000,952.50000000,15818.87900000,1768679999999,15066771.32011000,102760,7939.68600000,7562741.88236000
1768680000000,2026-01-17 20:00:00,952.50000000,954.00000000,945.37000000,947.12000000,11089.69500000,1768694399999,10528531.13723000,69772,5263.34300000,4997369.40668000
1768694400000,2026-01-18 00:00:00,947.11000000,951.13000000,943.14000000,950.40000000,12902.49800000,1768708799999,12220968.71871000,78525,7292.54300000,6910966.60575000
1768708800000,2026-01-18 04:00:00,950.41000000,950.41000000,944.73000000,944.74000000,8501.18000000,1768723199999,8053176.66935000,59526,4166.03900000,3945946.57410000
1768723200000,2026-01-18 08:00:00,944.73000000,947.38000000,943.81000000,946.79000000,10221.37100000,1768737599999,9664640.55107000,72745,5656.46600000,5348375.98946000
1768737600000,2026-01-18 12:00:00,946.80000000,950.75000000,944.44000000,950.13000000,14302.35300000,1768751999999,13551923.07701000,87473,7558.44900000,7163970.97731000
1768752000000,2026-01-18 16:00:00,950.14000000,953.33000000,948.68000000,949.70000000,8865.19900000,1768766399999,8429454.10971000,69394,5114.56400000,4864335.37906000
1768766400000,2026-01-18 20:00:00,949.70000000,953.24000000,931.70000000,932.51000000,22055.64900000,1768780799999,20774870.64341000,132716,8905.86100000,8394280.56417000
1768780800000,2026-01-19 00:00:00,932.51000000,932.51000000,901.00000000,925.18000000,92680.13200000,1768795199999,85010417.22202000,442399,45455.74400000,41691279.03836000
1768795200000,2026-01-19 04:00:00,925.17000000,927.87000000,922.89000000,927.29000000,22206.76700000,1768809599999,20548291.18683000,122987,11990.02000000,11096315.09951000
1768809600000,2026-01-19 08:00:00,927.29000000,929.80000000,924.49000000,928.23000000,23018.95300000,1768823999999,21344422.41623000,135948,12803.41400000,11873509.95372000
1768824000000,2026-01-19 12:00:00,928.23000000,930.00000000,923.12000000,925.21000000,52537.78900000,1768838399999,48696832.94717000,226782,27546.22000000,25537722.83711000
1768838400000,2026-01-19 16:00:00,925.22000000,929.03000000,924.86000000,926.56000000,9043.96000000,1768852799999,8383756.92708000,67371,4409.11000000,4087833.40683000
1768852800000,2026-01-19 20:00:00,926.56000000,927.60000000,919.32000000,923.60000000,9952.95900000,1768867199999,9199109.36081000,98422,4572.66400000,4227426.40813000
1768867200000,2026-01-20 00:00:00,923.60000000,933.13000000,923.50000000,927.63000000,20877.09100000,1768881599999,19386603.25530000,124470,11359.85800000,10550269.28891000
1768881600000,2026-01-20 04:00:00,927.63000000,928.62000000,914.27000000,917.77000000,35743.21500000,1768895999999,32906679.98367000,176251,20224.23500000,18620114.15747000
1768896000000,2026-01-20 08:00:00,917.77000000,917.89000000,908.66000000,912.68000000,19234.56800000,1768910399999,17568288.61747000,171266,8602.66600000,7858206.01525000
1768910400000,2026-01-20 12:00:00,912.69000000,915.99000000,896.66000000,905.33000000,36885.81800000,1768924799999,33409092.55009000,257830,15944.15400000,14444568.13603000
1768924800000,2026-01-20 16:00:00,905.33000000,908.50000000,887.24000000,895.70000000,25525.07700000,1768939199999,22860359.00075000,198928,11362.55100000,10177931.95546000
1768939200000,2026-01-20 20:00:00,895.70000000,898.00000000,884.00000000,884.20000000,25494.46000000,1768953599999,22681480.40065000,149908,12836.44700000,11416815.39900000
1768953600000,2026-01-21 00:00:00,884.19000000,884.20000000,867.00000000,881.44000000,43214.09800000,1768967999999,37888344.18441000,295587,18104.05700000,15882526.00590000
1768968000000,2026-01-21 04:00:00,881.44000000,885.92000000,874.36000000,875.36000000,19895.11000000,1768982399999,17518153.14898000,131569,9739.65000000,8578642.02060000
1768982400000,2026-01-21 08:00:00,875.36000000,876.20000000,870.00000000,870.78000000,31306.70200000,1768996799999,27349927.37935000,153011,14845.11200000,12972067.45728000
1768996800000,2026-01-21 12:00:00,870.77000000,893.69000000,864.54000000,892.66000000,43250.26700000,1769011199999,38039276.23962000,281274,22730.23800000,20010282.50835000
1769011200000,2026-01-21 16:00:00,892.67000000,892.94000000,865.75000000,889.83000000,43597.00900000,1769025599999,38154380.14634000,289117,21184.18300000,18537534.99171000
1769025600000,2026-01-21 20:00:00,889.83000000,892.45000000,882.25000000,883.36000000,20355.03500000,1769039999999,18067035.28362000,115867,9121.90000000,8099075.95369000
1769040000000,2026-01-22 00:00:00,883.35000000,894.28000000,883.35000000,891.43000000,16075.30800000,1769054399999,14317443.16051000,100853,9607.37400000,8554869.18623000
1769054400000,2026-01-22 04:00:00,891.42000000,893.05000000,887.79000000,888.83000000,10580.38700000,1769068799999,9425694.55874000,72320,5221.62400000,4652626.84114000
1769068800000,2026-01-22 08:00:00,888.82000000,897.58000000,888.69000000,892.93000000,24713.30700000,1769083199999,22099349.17783000,107320,10700.92600000,9565726.71460000
1769083200000,2026-01-22 12:00:00,892.93000000,895.04000000,878.18000000,883.03000000,25648.46300000,1769097599999,22749049.38907000,189392,11525.34500000,10221494.81640000
1769097600000,2026-01-22 16:00:00,883.03000000,888.95000000,881.81000000,888.35000000,10854.06800000,1769111999999,9612697.60213000,109283,5343.49600000,4732935.83685000
1769112000000,2026-01-22 20:00:00,888.34000000,892.00000000,885.34000000,888.06000000,10914.93900000,1769126399999,9693120.31848000,73442,5747.60100000,5104161.93925000
1769126400000,2026-01-23 00:00:00,888.06000000,892.37000000,887.63000000,891.55000000,13541.50500000,1769140799999,12056218.31707000,138431,6771.40200000,6028231.29350000
1769140800000,2026-01-23 04:00:00,891.56000000,893.42000000,889.15000000,891.32000000,8783.06200000,1769155199999,7829910.67872000,80791,4975.01300000,4435250.86295000
1769155200000,2026-01-23 08:00:00,891.33000000,891.76000000,885.69000000,887.36000000,17690.75700000,1769169599999,15728183.92818000,113004,7867.71600000,6994594.55639000
1769169600000,2026-01-23 12:00:00,887.35000000,892.43000000,883.10000000,892.00000000,17798.53200000,1769183999999,15801034.19734000,153305,9394.64300000,8342343.24610000
1769184000000,2026-01-23 16:00:00,892.01000000,904.99000000,889.98000000,893.72000000,29989.53900000,1769198399999,26887716.35141000,186178,15902.62200000,14251262.06442000
1769198400000,2026-01-23 20:00:00,893.72000000,894.91000000,888.49000000,891.63000000,8332.21500000,1769212799999,7427941.18584000,72598,4396.96200000,3920170.11517000
1769212800000,2026-01-24 00:00:00,891.62000000,894.24000000,889.33000000,892.90000000,11169.44700000,1769227199999,9953333.54830000,95002,5671.20500000,5054354.08415000
1769227200000,2026-01-24 04:00:00,892.90000000,894.16000000,891.46000000,892.06000000,7377.05600000,1769241599999,6584425.05442000,42628,3776.58200000,3370855.29364000
1769241600000,2026-01-24 08:00:00,892.06000000,893.98000000,891.20000000,892.57000000,7476.48800000,1769255999999,6670644.99893000,46234,3434.34000000,3064170.78532000
1769256000000,2026-01-24 12:00:00,892.58000000,892.88000000,888.69000000,888.70000000,13096.69100000,1769270399999,11674837.44342000,57344,6192.75500000,5520817.59142000
1769270400000,2026-01-24 16:00:00,888.70000000,890.34000000,886.53000000,888.12000000,8660.74100000,1769284799999,7691858.24871000,50132,4175.11100000,3707872.75120000
1769284800000,2026-01-24 20:00:00,888.13000000,889.79000000,887.01000000,887.17000000,3492.14000000,1769299199999,3101894.69662000,31710,1724.23900000,1531553.13883000
1769299200000,2026-01-25 00:00:00,887.18000000,887.75000000,880.10000000,881.24000000,12552.89600000,1769313599999,11098273.08613000,71740,5647.67900000,4993279.90425000
1769313600000,2026-01-25 04:00:00,881.24000000,883.67000000,879.32000000,879.40000000,10167.51700000,1769327999999,8961202.29331000,62728,4246.75100000,3743254.26376000
1769328000000,2026-01-25 08:00:00,879.40000000,883.25000000,877.14000000,880.52000000,14191.40700000,1769342399999,12496488.23998000,93620,7519.09700000,6620997.69697000
1769342400000,2026-01-25 12:00:00,880.51000000,881.49000000,876.77000000,877.55000000,10411.09000000,1769356799999,9156739.64456000,83637,5045.93200000,4438119.53858000
1769356800000,2026-01-25 16:00:00,877.55000000,877.69000000,856.00000000,858.86000000,50113.62000000,1769371199999,43421704.79672000,273045,22670.97400000,19638955.12100000
1769371200000,2026-01-25 20:00:00,858.86000000,866.66000000,856.01000000,866.02000000,23343.69600000,1769385599999,20104408.14526000,156342,12139.34200000,10454715.73472000
1769385600000,2026-01-26 00:00:00,866.02000000,875.98000000,864.91000000,868.21000000,26854.10600000,1769399999999,23389364.26101000,133204,13281.06500000,11565034.46552000
1769400000000,2026-01-26 04:00:00,868.20000000,874.68000000,868.00000000,874.64000000,9426.04600000,1769414399999,8222708.01489000,72006,5267.49000000,4594989.45764000
1769414400000,2026-01-26 08:00:00,874.63000000,877.83000000,869.40000000,873.12000000,15552.79800000,1769428799999,13578000.54380000,84177,6204.26000000,5415798.40690000
1769428800000,2026-01-26 12:00:00,873.12000000,878.34000000,869.63000000,871.93000000,23813.24800000,1769443199999,20799702.87669000,157020,10785.90300000,9422952.12726000
1769443200000,2026-01-26 16:00:00,871.94000000,879.13000000,868.68000000,874.40000000,17200.40600000,1769457599999,15031796.02058000,119622,8534.94600000,7459715.13089000
1769457600000,2026-01-26 20:00:00,874.40000000,881.44000000,871.66000000,879.41000000,9854.10000000,1769471999999,8643878.94569000,63039,6299.44800000,5526940.75951000
1769472000000,2026-01-27 00:00:00,879.41000000,886.08000000,876.20000000,884.92000000,20088.32100000,1769486399999,17733917.91993000,93426,10179.11500000,8985693.35738000
1769486400000,2026-01-27 04:00:00,884.91000000,888.25000000,882.14000000,883.54000000,22700.76400000,1769500799999,20085793.24748000,113104,7594.93600000,6721466.56140000
1769500800000,2026-01-27 08:00:00,883.54000000,885.11000000,876.88000000,880.43000000,23302.00900000,1769515199999,20530689.70382000,99298,7204.61400000,6348455.14797000
1769515200000,2026-01-27 12:00:00,880.44000000,886.27000000,879.31000000,885.73000000,27009.48900000,1769529599999,23845620.82944000,139429,10448.88300000,9224866.59162000
1769529600000,2026-01-27 16:00:00,885.73000000,897.72000000,884.90000000,891.88000000,32133.29600000,1769543999999,28662989.18420000,189793,14897.65800000,13282410.97848000
1769544000000,2026-01-27 20:00:00,891.89000000,901.22000000,891.59000000,898.36000000,13295.76000000,1769558399999,11936517.44473000,77681,8008.04600000,7191035.93856000
1769558400000,2026-01-28 00:00:00,898.35000000,900.99000000,894.41000000,896.84000000,16076.74300000,1769572799999,14422057.10301000,86703,8091.39600000,7259133.53262000
1769572800000,2026-01-28 04:00:00,896.84000000,904.72000000,895.34000000,903.34000000,18713.15200000,1769587199999,16853257.33950000,75688,9412.53500000,8478317.93364000
1769587200000,2026-01-28 08:00:00,903.34000000,909.43000000,902.27000000,907.69000000,20820.84200000,1769601599999,18855563.87462000,115317,9737.73500000,8819059.06270000
1769601600000,2026-01-28 12:00:00,907.68000000,908.31000000,897.18000000,902.92000000,24059.38000000,1769615999999,21737877.62187000,134560,11830.83400000,10689014.61984000
1769616000000,2026-01-28 16:00:00,902.91000000,907.06000000,897.83000000,904.00000000,22150.13700000,1769630399999,19979829.67814000,144213,8442.69900000,7617743.64959000
1769630400000,2026-01-28 20:00:00,904.01000000,907.71000000,899.68000000,902.91000000,8452.98600000,1769644799999,7639798.82424000,82087,4768.72300000,4309595.03549000
1769644800000,2026-01-29 00:00:00,902.92000000,904.98000000,893.20000000,896.54000000,17914.87100000,1769659199999,16098620.67928000,140047,9154.33100000,8226995.12846000
1769659200000,2026-01-29 04:00:00,896.55000000,906.67000000,895.20000000,904.80000000,28146.09400000,1769673599999,25379919.63723000,121239,16007.98500000,14436014.42405000
1769673600000,2026-01-29 08:00:00,904.80000000,905.80000000,893.23000000,894.28000000,75694.49000000,1769687999999,68241219.96191000,262770,39958.79200000,36043080.47013000
1769688000000,2026-01-29 12:00:00,894.28000000,894.43000000,856.90000000,864.15000000,64773.98200000,1769702399999,56693347.19893000,339589,30286.28000000,26467813.19159000
1769702400000,2026-01-29 16:00:00,864.15000000,870.36000000,852.81000000,860.40000000,60636.05900000,1769716799999,52215784.82404000,319286,30918.86800000,26622945.39536000
1769716800000,2026-01-29 20:00:00,860.40000000,869.48000000,859.61000000,868.69000000,23063.19000000,1769731199999,19944163.92550000,111152,11095.26300000,9595434.15335000
1769731200000,2026-01-30 00:00:00,868.69000000,869.77000000,835.55000000,845.70000000,93954.03700000,1769745599999,79625764.82054000,374985,44091.50600000,37344965.91230000
1769745600000,2026-01-30 04:00:00,845.69000000,854.36000000,836.14000000,847.55000000,31938.07700000,1769759999999,27041769.78456000,180286,16484.49100000,13962213.78664000
1769760000000,2026-01-30 08:00:00,847.56000000,848.05000000,833.08000000,842.79000000,31507.62900000,1769774399999,26447259.01171000,217770,14753.82200000,12390283.76824000
1769774400000,2026-01-30 12:00:00,842.79000000,855.87000000,836.45000000,850.11000000,56514.45700000,1769788799999,47860537.88790000,353038,26135.16800000,22129988.26656000
1769788800000,2026-01-30 16:00:00,850.10000000,855.90000000,831.83000000,854.24000000,49795.91200000,1769803199999,42146920.71470000,360613,26325.06800000,22288719.75975000
1769803200000,2026-01-30 20:00:00,854.24000000,862.09000000,846.38000000,858.81000000,32241.24200000,1769817599999,27582846.79105000,213783,14984.94900000,12823108.38888000
1769817600000,2026-01-31 00:00:00,858.81000000,860.85000000,851.93000000,853.22000000,16133.60400000,1769831999999,13812221.18086000,102555,7136.34300000,6108386.34982000
1769832000000,2026-01-31 04:00:00,853.22000000,854.60000000,845.89000000,847.75000000,19106.10600000,1769846399999,16244918.71419000,94090,9488.67700000,8068126.45838000
1769846400000,2026-01-31 08:00:00,847.75000000,847.75000000,833.00000000,836.85000000,31155.49200000,1769860799999,26127002.44321000,187339,16141.32500000,13531990.12421000
1769860800000,2026-01-31 12:00:00,836.85000000,837.65000000,801.66000000,803.10000000,103218.44000000,1769875199999,84243313.91755000,469401,45769.71200000,37357408.26264000
1769875200000,2026-01-31 16:00:00,803.10000000,810.21000000,750.00000000,771.00000000,195832.47800000,1769889599999,152922696.48208000,937425,86971.69200000,67901480.13056000
1769889600000,2026-01-31 20:00:00,771.05000000,785.94000000,766.14000000,781.38000000,41860.03100000,1769903999999,32399997.05087000,260657,22358.12700000,17306976.73663000
1769904000000,2026-02-01 00:00:00,781.39000000,789.72000000,779.22000000,783.63000000,33440.82500000,1769918399999,26222672.58705000,248834,16997.50000000,13334271.06772000
1769918400000,2026-02-01 04:00:00,783.64000000,785.00000000,773.84000000,778.01000000,26255.15200000,1769932799999,20488343.32417000,186855,14108.20300000,11011231.24592000
1769932800000,2026-02-01 08:00:00,778.00000000,782.79000000,768.29000000,774.07000000,23931.39900000,1769947199999,18562775.93440000,206458,11919.36200000,9249101.06760000
1769947200000,2026-02-01 12:00:00,774.07000000,774.19000000,742.70000000,749.98000000,88997.37200000,1769961599999,67343701.97234000,502243,43239.63200000,32719434.21461000
1769961600000,2026-02-01 16:00:00,749.98000000,766.80000000,745.83000000,757.15000000,38612.99700000,1769975999999,29161851.10874000,287283,20182.55400000,15250558.22027000
1769976000000,2026-02-01 20:00:00,757.14000000,766.39000000,739.63000000,758.54000000,47887.77500000,1769990399999,36139286.27395000,346532,22980.64200000,17350241.28072000
1769990400000,2026-02-02 00:00:00,758.54000000,770.61000000,728.44000000,751.57000000,79226.29100000,1770004799999,59234019.27314000,474895,35961.71800000,26943268.27053000
1770004800000,2026-02-02 04:00:00,751.58000000,760.39000000,728.88000000,752.50000000,102907.59900000,1770019199999,76727808.46169000,558870,49646.40500000,37018775.97869000
1770019200000,2026-02-02 08:00:00,752.58000000,767.35000000,752.57000000,762.36000000,32285.88500000,1770033599999,24593915.85180000,285928,16614.84800000,12655471.39978000
1770033600000,2026-02-02 12:00:00,762.37000000,781.09000000,761.86000000,777.86000000,48351.08200000,1770047999999,37252902.46672000,397759,24545.78900000,18911781.74532000
1770048000000,2026-02-02 16:00:00,777.87000000,781.58000000,769.72000000,770.39000000,26073.84400000,1770062399999,20231147.81097000,221320,11801.91600000,9160246.41197000
1770062400000,2026-02-02 20:00:00,770.38000000,776.95000000,767.60000000,773.94000000,17818.78300000,1770076799999,13768390.03945000,131614,9990.91200000,7723021.25718000
1770076800000,2026-02-03 00:00:00,773.94000000,775.25000000,762.70000000,772.30000000,19610.71800000,1770091199999,15089499.84359000,178623,9735.45300000,7494295.66134000
1770091200000,2026-02-03 04:00:00,772.30000000,783.57000000,770.98000000,782.08000000,22613.54400000,1770105599999,17583298.17266000,200888,12027.92100000,9353315.85013000
1770105600000,2026-02-03 08:00:00,782.09000000,782.70000000,765.97000000,768.87000000,28779.31000000,1770119999999,22262603.43349000,259312,13262.63100000,10260262.69662000
1770120000000,2026-02-03 12:00:00,768.87000000,778.22000000,764.29000000,776.75000000,32409.83800000,1770134399999,25014205.34599000,319583,16868.30900000,13022257.16599000
1770134400000,2026-02-03 16:00:00,776.75000000,776.76000000,736.08000000,757.88000000,95633.50700000,1770148799999,71903537.58149000,684023,39925.26200000,30019627.21865000
1770148800000,2026-02-03 20:00:00,757.87000000,775.41000000,752.28000000,754.78000000,44901.90600000,1770163199999,34326735.88547000,378804,23147.21600000,17705026.22663000
1770163200000,2026-02-04 00:00:00,754.78000000,764.31000000,751.61000000,761.71000000,21713.32200000,1770177599999,16452954.24004000,210740,11566.87500000,8768240.43320000
1770177600000,2026-02-04 04:00:00,761.70000000,765.33000000,754.21000000,764.19000000,19047.06400000,1770191999999,14484522.65246000,176784,9489.79800000,7217786.48867000
1770192000000,2026-02-04 08:00:00,764.19000000,764.36000000,747.37000000,750.34000000,32102.05900000,1770206399999,24207485.22851000,234301,14810.20100000,11171596.28346000
1770206400000,2026-02-04 12:00:00,750.35000000,752.42000000,727.50000000,733.90000000,94142.89900000,1770220799999,69517384.65937000,591733,39556.84000000,29224135.56297000
1770220800000,2026-02-04 16:00:00,733.91000000,736.70000000,707.00000000,717.95000000,158473.10300000,1770235199999,113997295.18683000,920736,76915.66300000,55322997.55236000
1770235200000,2026-02-04 20:00:00,717.95000000,718.75000000,687.30000000,697.27000000,98993.72000000,1770249599999,69195587.01860000,547684,37069.22100000,25911834.41364000
1770249600000,2026-02-05 00:00:00,697.27000000,703.00000000,691.01000000,694.19000000,69943.50100000,1770263999999,48736424.79193000,482965,28227.10600000,19675717.51893000
1770264000000,2026-02-05 04:00:00,694.19000000,700.24000000,686.00000000,691.49000000,86281.69600000,1770278399999,59746352.11503000,461957,38106.46600000,26413743.75494000
1770278400000,2026-02-05 08:00:00,691.50000000,700.37000000,674.71000000,683.49000000,71180.39100000,1770292799999,48940231.27350000,368591,27033.42600000,18609728.40866000
1770292800000,2026-02-05 12:00:00,683.49000000,688.53000000,646.66000000,658.56000000,152326.00900000,1770307199999,101408039.48704000,771581,71836.35700000,47850837.78394000
1770307200000,2026-02-05 16:00:00,658.56000000,673.96000000,631.09000000,641.19000000,130679.12400000,1770321599999,85260252.79637000,699336,55862.78200000,36526641.78306000
1770321600000,2026-02-05 20:00:00,641.28000000,645.15000000,602.17000000,608.30000000,288767.94900000,1770335999999,178303293.32571000,1063480,137954.27200000,85207921.07911000
1770336000000,2026-02-06 00:00:00,608.30000000,634.00000000,570.06000000,615.11000000,239790.67000000,1770350399999,144423119.05441000,1130434,118135.31000000,71337626.52861000
1770350400000,2026-02-06 04:00:00,615.10000000,642.49000000,613.10000000,623.05000000,87531.65300000,1770364799999,55033547.55673000,560182,41134.92200000,25838978.08662000
1770364800000,2026-02-06 08:00:00,623.06000000,638.48000000,617.00000000,636.17000000,57093.60500000,1770379199999,35763259.44402000,377329,28695.73000000,17989150.48767000
1770379200000,2026-02-06 12:00:00,636.16000000,654.76000000,632.45000000,651.20000000,72918.66900000,1770393599999,47132132.07647000,515511,36782.20200000,23775263.78727000
1770393600000,2026-02-06 16:00:00,651.19000000,669.65000000,648.94000000,658.82000000,91567.71900000,1770407999999,60351245.29823000,637825,48457.58000000,31958509.18263000
1770408000000,2026-02-06 20:00:00,658.83000000,668.57000000,654.87000000,657.21000000,44420.27700000,1770422399999,29405439.67337000,279969,24204.79800000,16022141.33820000
1770422400000,2026-02-07 00:00:00,657.21000000,661.87000000,650.18000000,659.14000000,29488.48300000,1770436799999,19333697.40108000,197210,15023.38000000,9853845.44405000
1770436800000,2026-02-07 04:00:00,659.14000000,663.88000000,632.11000000,638.48000000,52730.05500000,1770451199999,34128088.05987000,274482,25184.98100000,16308502.20974000
1770451200000,2026-02-07 08:00:00,638.49000000,641.56000000,630.83000000,635.70000000,21412.91600000,1770465599999,13637831.48787000,152393,10832.42200000,6902062.01869000
1770465600000,2026-02-07 12:00:00,635.71000000,646.90000000,633.64000000,642.29000000,29761.24000000,1770479999999,19043312.46227000,203210,14960.39200000,9575491.72531000
1770480000000,2026-02-07 16:00:00,642.28000000,655.51000000,639.11000000,650.22000000,73959.35000000,1770494399999,47751657.74573000,285837,38611.49300000,24937506.13915000
1770494400000,2026-02-07 20:00:00,650.21000000,654.00000000,644.08000000,647.00000000,10168.55700000,1770508799999,6606735.79672000,83254,4462.74300000,2899894.03367000
1770508800000,2026-02-08 00:00:00,647.01000000,651.30000000,642.53000000,642.77000000,12015.81800000,1770523199999,7781604.64231000,88176,6142.98800000,3980079.24419000
1770523200000,2026-02-08 04:00:00,642.77000000,644.80000000,639.11000000,643.22000000,13595.85900000,1770537599999,8724525.45876000,100317,7818.33000000,5016569.12475000
1770537600000,2026-02-08 08:00:00,643.22000000,650.84000000,637.61000000,645.67000000,30127.82900000,1770551999999,19414183.93929000,187914,15114.37200000,9739445.28197000
1770552000000,2026-02-08 12:00:00,645.67000000,648.34000000,641.04000000,643.85000000,26576.01500000,1770566399999,17126658.31890000,185026,13086.40100000,8432683.08223000
1770566400000,2026-02-08 16:00:00,643.85000000,649.99000000,632.30000000,648.58000000,21436.76100000,1770580799999,13751071.73233000,157228,10792.56000000,6927937.30744000
1770580800000,2026-02-08 20:00:00,648.58000000,653.00000000,636.27000000,639.93000000,20419.81000000,1770595199999,13148019.73637000,150160,10711.49500000,6903274.60122000
1770595200000,2026-02-09 00:00:00,639.93000000,646.15000000,633.81000000,645.03000000,21666.87700000,1770609599999,13872842.60338000,146643,12368.02900000,7922710.46527000
1770609600000,2026-02-09 04:00:00,645.02000000,645.36000000,631.16000000,632.05000000,19180.47300000,1770623999999,12213624.64780000,106776,8137.92300000,5187758.95279000
1770624000000,2026-02-09 08:00:00,632.05000000,633.62000000,616.01000000,621.83000000,38959.67800000,1770638399999,24303173.37723000,242652,19956.56400000,12441832.93663000
1770638400000,2026-02-09 12:00:00,621.84000000,632.50000000,621.72000000,631.08000000,31140.28800000,1770652799999,19539504.42293000,229177,17282.63800000,10844730.46274000
1770652800000,2026-02-09 16:00:00,630.98000000,643.47000000,627.18000000,642.48000000,24473.03500000,1770667199999,15575399.62352000,195950,13816.27000000,8788731.65522000
1770667200000,2026-02-09 20:00:00,642.48000000,644.07000000,633.44000000,636.39000000,13330.89000000,1770681599999,8513919.43630000,112043,6524.53500000,4166964.13607000
1770681600000,2026-02-10 00:00:00,636.38000000,642.00000000,630.01000000,633.21000000,15052.84500000,1770695999999,9585702.03984000,112238,7764.34100000,4947905.23878000
1770696000000,2026-02-10 04:00:00,633.20000000,639.51000000,628.40000000,631.75000000,21312.74000000,1770710399999,13504734.24849000,128439,10418.07900000,6601886.05024000
1770710400000,2026-02-10 08:00:00,631.74000000,635.38000000,625.05000000,626.46000000,37589.08500000,1770724799999,23675104.15116000,157452,18093.00500000,11400905.53964000
1770724800000,2026-02-10 12:00:00,626.47000000,628.99000000,613.80000000,619.40000000,52916.11800000,1770739199999,32917194.77951000,312306,27284.11600000,16972221.30210000
1770739200000,2026-02-10 16:00:00,619.39000000,625.58000000,613.98000000,617.29000000,18215.96400000,1770753599999,11283214.85115000,157578,10141.37000000,6283186.81374000
1770753600000,2026-02-10 20:00:00,617.28000000,620.47000000,614.43000000,619.85000000,8462.51800000,1770767999999,5226892.40365000,63180,4039.25800000,2494775.86013000
1770768000000,2026-02-11 00:00:00,619.85000000,624.14000000,615.34000000,617.49000000,11109.95500000,1770782399999,6892210.54641000,78829,5474.33300000,3395254.07617000
1770782400000,2026-02-11 04:00:00,617.49000000,618.69000000,597.61000000,600.77000000,47822.77600000,1770796799999,28933145.25402000,209139,19879.12400000,12030166.16971000
1770796800000,2026-02-11 08:00:00,600.76000000,602.15000000,587.14000000,592.82000000,62841.01800000,1770811199999,37256531.94254000,229079,28966.37100000,17182230.15909000
1770811200000,2026-02-11 12:00:00,592.82000000,611.85000000,588.87000000,593.79000000,65617.48700000,1770825599999,39216838.83315000,288778,32776.35100000,19584073.32637000
1770825600000,2026-02-11 16:00:00,593.75000000,613.45000000,592.22000000,610.47000000,31286.10600000,1770839999999,18850364.92246000,153267,18041.47200000,10872855.32792000
1770840000000,2026-02-11 20:00:00,610.46000000,617.90000000,604.51000000,608.11000000,17674.19700000,1770854399999,10792560.94540000,109157,9022.22000000,5513980.45840000
1770854400000,2026-02-12 00:00:00,608.11000000,617.30000000,608.11000000,616.60000000,16448.54300000,1770868799999,10077107.40344000,100332,9132.84000000,5596439.15060000
1770868800000,2026-02-12 04:00:00,616.61000000,618.25000000,611.21000000,615.25000000,21559.16900000,1770883199999,13270292.07439000,115868,11980.89700000,7375758.35529000
1770883200000,2026-02-12 08:00:00,615.25000000,620.87000000,610.53000000,617.69000000,22646.82900000,1770897599999,13931532.30873000,134066,12823.26100000,7891335.91320000
1770897600000,2026-02-12 12:00:00,617.69000000,618.28000000,607.72000000,609.20000000,23272.59300000,1770911999999,14271811.90131000,170994,11222.98100000,6884991.38191000
1770912000000,2026-02-12 16:00:00,609.21000000,612.32000000,600.60000000,608.13000000,25295.02500000,1770926399999,15323205.43048000,192423,13091.99400000,7934894.86978000
1770926400000,2026-02-12 20:00:00,608.17000000,616.00000000,604.00000000,614.29000000,12076.29800000,1770940799999,7365677.96452000,78910,6577.58600000,4012523.05109000
1770940800000,2026-02-13 00:00:00,614.29000000,616.64000000,607.50000000,608.85000000,37897.03100000,1770955199999,23185139.61640000,139274,15620.27500000,9556102.59246000
1770955200000,2026-02-13 04:00:00,608.86000000,609.50000000,592.49000000,598.11000000,34524.03100000,1770969599999,20724957.97246000,161852,14860.35600000,8919503.48915000
1770969600000,2026-02-13 08:00:00,598.12000000,604.36000000,597.68000000,601.58000000,20334.56700000,1770983999999,12221840.82826000,135352,10972.04000000,6594762.28028000
1770984000000,2026-02-13 12:00:00,601.58000000,615.38000000,595.38000000,610.33000000,66098.65500000,1770998399999,39892422.56109000,275694,38574.54900000,23297805.91455000
1770998400000,2026-02-13 16:00:00,610.33000000,621.29000000,609.04000000,618.14000000,38374.46500000,1771012799999,23649500.75086000,185194,21401.31200000,13192915.93470000
1771012800000,2026-02-13 20:00:00,618.14000000,622.81000000,615.65000000,618.94000000,14191.06500000,1771027199999,8792562.56827000,95423,7438.92000000,4610331.23866000
1771027200000,2026-02-14 00:00:00,618.93000000,625.63000000,616.72000000,617.50000000,21809.17700000,1771041599999,13556013.32074000,113876,11117.71100000,6913907.27992000
1771041600000,2026-02-14 04:00:00,617.50000000,622.39000000,615.70000000,622.35000000,12823.47100000,1771055999999,7932612.63668000,78220,7149.82300000,4425051.70730000
1771056000000,2026-02-14 08:00:00,622.35000000,633.79000000,622.01000000,633.37000000,28241.64500000,1771070399999,17733305.99107000,127163,16754.55700000,10521155.05062000
1771070400000,2026-02-14 12:00:00,633.37000000,637.24000000,626.76000000,634.73000000,24415.93300000,1771084799999,15428223.25986000,138112,12676.40200000,8013156.51215000
1771084800000,2026-02-14 16:00:00,634.74000000,634.74000000,629.19000000,632.84000000,14877.18200000,1771099199999,9402079.70676000,95255,7865.08700000,4970352.51277000
1771099200000,2026-02-14 20:00:00,632.84000000,634.61000000,628.58000000,632.77000000,11678.51600000,1771113599999,7382123.43221000,72962,5658.33500000,3577480.93848000
1771113600000,2026-02-15 00:00:00,632.77000000,633.97000000,627.00000000,633.40000000,22141.56000000,1771127999999,13965542.70186000,113048,11965.17400000,7551495.13762000
1771128000000,2026-02-15 04:00:00,633.39000000,642.49000000,633.39000000,639.86000000,19694.40900000,1771142399999,12554582.63921000,127964,11900.66700000,7588425.43442000
1771142400000,2026-02-15 08:00:00,639.86000000,641.28000000,626.21000000,629.26000000,19775.03100000,1771156799999,12486073.13762000,117919,9126.62400000,5764655.85250000
1771156800000,2026-02-15 12:00:00,629.27000000,630.06000000,615.71000000,621.52000000,30454.73900000,1771171199999,18935763.46304000,172785,14122.41800000,8778114.91815000
1771171200000,2026-02-15 16:00:00,621.53000000,621.54000000,608.82000000,611.79000000,30408.90300000,1771185599999,18650562.00546000,154356,13572.29400000,8325563.28015000
1771185600000,2026-02-15 20:00:00,611.79000000,617.44000000,609.86000000,615.16000000,9951.94900000,1771199999999,6112705.33186000,70849,5019.67700000,3084014.05185000
1771200000000,2026-02-16 00:00:00,615.17000000,618.37000000,611.38000000,613.46000000,8264.15400000,1771214399999,5078588.80929000,71991,4446.97800000,2733153.30064000
1771214400000,2026-02-16 04:00:00,613.46000000,618.75000000,610.40000000,613.39000000,10881.58000000,1771228799999,6676964.90727000,74307,5713.67400000,3506092.83038000
1771228800000,2026-02-16 08:00:00,613.39000000,620.00000000,612.60000000,618.75000000,13481.90400000,1771243199999,8319004.76729000,99585,6979.77500000,4307772.92517000
1771243200000,2026-02-16 12:00:00,618.74000000,631.24000000,604.49000000,607.51000000,45144.06100000,1771257599999,27857730.73201000,352913,23590.94100000,14570394.70722000
1771257600000,2026-02-16 16:00:00,607.51000000,618.31000000,607.23000000,616.73000000,15802.99200000,1771271999999,9693565.04183000,130885,9157.30600000,5616475.18017000
1771272000000,2026-02-16 20:00:00,616.74000000,628.20000000,616.04000000,627.19000000,12086.19200000,1771286399999,7541229.02222000,107077,6099.58500000,3804913.06449000
1771286400000,2026-02-17 00:00:00,627.19000000,631.86000000,621.25000000,626.99000000,19713.26500000,1771300799999,12386301.79604000,107349,12355.94000000,7772079.55892000
1771300800000,2026-02-17 04:00:00,627.00000000,628.28000000,620.30000000,622.74000000,11151.47600000,1771315199999,6959147.57573000,107166,5642.55100000,3521258.95824000
1771315200000,2026-02-17 08:00:00,622.74000000,623.89000000,615.17000000,618.34000000,9512.73100000,1771329599999,5886258.35400000,109411,5078.04500000,3142908.15120000
1771329600000,2026-02-17 12:00:00,618.33000000,626.08000000,609.30000000,615.24000000,28550.62400000,1771343999999,17605908.64157000,209891,13019.28400000,8033930.94407000
1771344000000,2026-02-17 16:00:00,615.25000000,624.28000000,612.12000000,620.10000000,17208.35600000,1771358399999,10649935.55011000,174170,8935.28800000,5529796.08338000
1771358400000,2026-02-17 20:00:00,620.10000000,620.82000000,616.06000000,617.74000000,5797.63200000,1771372799999,3583822.94096000,62296,3494.84900000,2160124.08770000
1771372800000,2026-02-18 00:00:00,617.76000000,619.67000000,613.33000000,618.86000000,7110.25200000,1771387199999,4384667.57001000,67139,3710.85100000,2288956.31932000
1771387200000,2026-02-18 04:00:00,618.86000000,621.42000000,614.80000000,620.91000000,7773.84400000,1771401599999,4799888.79402000,65829,3618.79000000,2234761.51564000
1771401600000,2026-02-18 08:00:00,620.90000000,626.57000000,613.56000000,614.18000000,15318.85800000,1771415999999,9515142.46802000,137248,7719.29100000,4795151.27235000
1771416000000,2026-02-18 12:00:00,614.18000000,623.17000000,607.97000000,618.25000000,27328.70100000,1771430399999,16786455.10217000,229216,13916.08300000,8546734.39649000
1771430400000,2026-02-18 16:00:00,618.25000000,620.59000000,601.30000000,603.23000000,25518.90100000,1771444799999,15577250.66987000,226854,11634.60400000,7103737.42607000
1771444800000,2026-02-18 20:00:00,603.23000000,606.51000000,602.00000000,604.80000000,14205.45400000,1771459199999,8585628.04312000,136170,6884.82600000,4161187.70087000
1771459200000,2026-02-19 00:00:00,604.80000000,608.15000000,602.84000000,607.86000000,14388.87900000,1771473599999,8710697.93841000,110609,8046.15600000,4870660.67565000
1771473600000,2026-02-19 04:00:00,607.87000000,614.80000000,606.66000000,610.78000000,16747.15100000,1771487999999,10222162.83687000,115078,7145.15500000,4362077.95496000
1771488000000,2026-02-19 08:00:00,610.78000000,610.90000000,603.90000000,604.24000000,20584.00100000,1771502399999,12487529.31391000,126082,8112.19400000,4921648.60932000
1771502400000,2026-02-19 12:00:00,604.24000000,606.49000000,596.00000000,600.39000000,30608.54800000,1771516799999,18393494.39887000,233251,14949.09900000,8984122.37146000
1771516800000,2026-02-19 16:00:00,600.40000000,606.95000000,596.07000000,604.58000000,18016.79300000,1771531199999,10840318.16383000,163120,8500.70300000,5113053.40868000
1771531200000,2026-02-19 20:00:00,604.58000000,609.24000000,603.02000000,607.83000000,9008.99100000,1771545599999,5465277.04519000,75883,4887.12900000,2964719.35690000
1771545600000,2026-02-20 00:00:00,607.82000000,610.53000000,606.16000000,607.89000000,15887.84400000,1771559999999,9658036.85383000,95252,6479.37800000,3939292.31793000
1771560000000,2026-02-20 04:00:00,607.89000000,613.94000000,605.29000000,612.10000000,16972.81800000,1771574399999,10362103.80769000,98770,7625.13100000,4654506.73167000
1771574400000,2026-02-20 08:00:00,612.10000000,615.24000000,606.87000000,608.53000000,30281.99000000,1771588799999,18526980.48560000,121401,11557.76300000,7069192.38972000
1771588800000,2026-02-20 12:00:00,608.53000000,618.30000000,601.23000000,616.83000000,44525.03000000,1771603199999,27138504.04234000,295051,21922.88600000,13374478.80240000
1771603200000,2026-02-20 16:00:00,616.83000000,628.26000000,616.08000000,626.14000000,37278.10300000,1771617599999,23194457.32186000,266009,21361.45200000,13293457.71780000
1771617600000,2026-02-20 20:00:00,626.13000000,629.74000000,624.90000000,625.91000000,14645.02100000,1771631999999,9184893.64214000,108765,6831.52800000,4284719.44206000
1771632000000,2026-02-21 00:00:00,625.90000000,628.67000000,624.00000000,625.25000000,13097.62700000,1771646399999,8207477.57204000,93113,7127.97500000,4466585.58158000
1771646400000,2026-02-21 04:00:00,625.25000000,628.00000000,624.93000000,625.88000000,9791.02100000,1771660799999,6135145.44468000,55863,4783.67900000,2997666.59741000
1771660800000,2026-02-21 08:00:00,625.87000000,631.63000000,625.72000000,630.18000000,11796.45700000,1771675199999,7420320.46588000,71852,7062.07500000,4443013.98214000
1771675200000,2026-02-21 12:00:00,630.18000000,634.80000000,627.51000000,627.66000000,26375.65500000,1771689599999,16646383.25985000,118230,15292.39600000,9652560.29387000
1771689600000,2026-02-21 16:00:00,627.65000000,629.51000000,624.02000000,626.90000000,12481.26600000,1771703999999,7819220.00917000,87036,6025.27000000,3774584.59519000
1771704000000,2026-02-21 20:00:00,626.91000000,627.62000000,624.25000000,625.61000000,8114.53900000,1771718399999,5079605.69624000,77118,3483.34300000,2180469.63316000
1771718400000,2026-02-22 00:00:00,625.61000000,626.87000000,620.54000000,621.36000000,9867.32700000,1771732799999,6155173.55148000,82022,4605.53000000,2873803.28106000
1771732800000,2026-02-22 04:00:00,621.36000000,623.59000000,618.72000000,622.46000000,10183.46400000,1771747199999,6327814.76740000,59719,4494.23600000,2792109.86015000
1771747200000,2026-02-22 08:00:00,622.47000000,624.80000000,621.15000000,624.55000000,5658.67400000,1771761599999,3527950.26970000,46882,3177.64100000,1981311.62676000
1771761600000,2026-02-22 12:00:00,624.55000000,624.62000000,613.39000000,615.91000000,24820.74500000,1771775999999,15325864.28163000,130477,11547.76000000,7129619.10001000
1771776000000,2026-02-22 16:00:00,615.91000000,616.09000000,610.02000000,612.46000000,12525.12600000,1771790399999,7669979.24524000,88627,5084.98300000,3113378.59350000
1771790400000,2026-02-22 20:00:00,612.47000000,616.28000000,611.00000000,614.80000000,5513.54300000,1771804799999,3384693.07542000,58840,2979.28400000,1829364.29559000
1771804800000,2026-02-23 00:00:00,614.80000000,616.00000000,583.13000000,590.03000000,87896.73500000,1771819199999,52110982.94692000,505085,36664.00700000,21718919.94368000
1771819200000,2026-02-23 04:00:00,590.04000000,601.16000000,585.10000000,599.31000000,46724.22800000,1771833599999,27748737.53467000,190588,25541.84400000,15185200.86120000
1771833600000,2026-02-23 08:00:00,599.31000000,610.47000000,596.53000000,606.49000000,24632.27800000,1771847999999,14902632.19720000,146017,12175.72700000,7366344.47102000
1771848000000,2026-02-23 12:00:00,606.49000000,612.49000000,604.33000000,604.64000000,43671.82700000,1771862399999,26614754.57449000,269226,19632.39000000,11966557.51923000
1771862400000,2026-02-23 16:00:00,604.64000000,606.33000000,591.54000000,592.18000000,27166.63400000,1771876799999,16254834.43199000,260571,11713.06700000,7008794.34654000
1771876800000,2026-02-23 20:00:00,592.18000000,598.71000000,590.20000000,596.41000000,14971.25900000,1771891199999,8913527.48030000,97928,8686.00200000,5171719.75536000
1771891200000,2026-02-24 00:00:00,596.40000000,602.90000000,589.90000000,593.33000000,28130.56900000,1771905599999,16795853.73933000,211314,15266.43900000,9119750.59124000
1771905600000,2026-02-24 04:00:00,593.34000000,594.28000000,586.15000000,589.79000000,27922.06000000,1771919999999,16481308.90274000,209960,13644.09200000,8054147.32525000
1771920000000,2026-02-24 08:00:00,589.78000000,592.93000000,585.77000000,587.01000000,15298.87600000,1771934399999,9009164.31251000,142355,7501.92900000,4418930.99529000
1771934400000,2026-02-24 12:00:00,587.01000000,588.43000000,577.06000000,586.10000000,61048.86900000,1771948799999,35534669.33059000,359078,24511.40100000,14277370.61030000
1771948800000,2026-02-24 16:00:00,586.09000000,590.17000000,583.87000000,588.73000000,22024.92800000,1771963199999,12938129.14194000,189756,11296.18800000,6636829.30231000
1771963200000,2026-02-24 20:00:00,588.73000000,590.43000000,582.57000000,583.60000000,13860.54800000,1771977599999,8114574.72806000,91437,6052.79700000,3545148.38653000
1771977600000,2026-02-25 00:00:00,583.61000000,602.31000000,581.51000000,594.07000000,40173.12100000,1771991999999,23920974.48644000,293945,21684.43100000,12909619.60983000
1771992000000,2026-02-25 04:00:00,594.07000000,596.66000000,589.89000000,596.09000000,20105.32900000,1772006399999,11943291.86584000,105659,11247.47600000,6682206.71202000
1772006400000,2026-02-25 08:00:00,596.10000000,605.43000000,595.86000000,604.99000000,19954.54100000,1772020799999,12001013.85324000,142656,10452.42400000,6286902.64349000
1772020800000,2026-02-25 12:00:00,605.00000000,623.15000000,604.58000000,621.38000000,51965.84800000,1772035199999,31960582.56402000,342516,29649.58900000,18239073.58825000
1772035200000,2026-02-25 16:00:00,621.39000000,634.32000000,620.93000000,632.21000000,49493.22100000,1772049599999,31068140.21626000,255827,28539.00300000,17907109.47363000
1772049600000,2026-02-25 20:00:00,632.21000000,640.55000000,624.33000000,629.42000000,39953.25000000,1772063999999,25278249.04139000,218769,23143.17600000,14653381.50849000
1772064000000,2026-02-26 00:00:00,629.42000000,633.83000000,625.37000000,627.87000000,25261.69200000,1772078399999,15885926.34350000,203069,13829.74800000,8698509.78635000
1772078400000,2026-02-26 04:00:00,627.88000000,632.47000000,625.30000000,625.60000000,14636.37000000,1772092799999,9192970.72943000,147370,7074.80800000,4445391.76326000
1772092800000,2026-02-26 08:00:00,625.61000000,630.29000000,622.89000000,622.96000000,16376.03900000,1772107199999,10267347.24883000,135442,8118.21100000,5093218.89284000
1772107200000,2026-02-26 12:00:00,622.97000000,628.52000000,618.68000000,623.20000000,29851.74300000,1772121599999,18620698.02658000,232652,16011.42900000,9987555.69296000
1772121600000,2026-02-26 16:00:00,623.20000000,625.38000000,614.20000000,624.56000000,31125.94900000,1772135999999,19267215.93605000,220593,14808.55100000,9171765.60032000
1772136000000,2026-02-26 20:00:00,624.57000000,626.90000000,620.89000000,625.74000000,9423.55100000,1772150399999,5882789.55816000,69798,4845.43400000,3025317.24468000
1772150400000,2026-02-27 00:00:00,625.74000000,630.27000000,622.50000000,629.17000000,17452.98900000,1772164799999,10948662.35840000,154532,8819.33800000,5533355.47340000
1772164800000,2026-02-27 04:00:00,629.17000000,633.65000000,624.94000000,627.06000000,25475.15100000,1772179199999,16045581.05655000,160827,11716.06800000,7379744.58354000
1772179200000,2026-02-27 08:00:00,627.06000000,630.00000000,613.22000000,614.85000000,24416.48700000,1772193599999,15166517.32661000,146669,11815.72100000,7336723.26704000
1772193600000,2026-02-27 12:00:00,614.86000000,616.85000000,609.67000000,614.40000000,31575.48000000,1772207999999,19365071.19108000,206523,18174.41400000,11149796.94382000
1772208000000,2026-02-27 16:00:00,614.41000000,614.73000000,606.68000000,609.80000000,19988.20700000,1772222399999,12196133.04352000,133895,8630.80900000,5268002.73198000
1772222400000,2026-02-27 20:00:00,609.80000000,614.27000000,605.25000000,614.03000000,9259.40600000,1772236799999,5656291.10622000,83775,4729.42900000,2890739.21940000
1772236800000,2026-02-28 00:00:00,614.03000000,615.60000000,612.12000000,614.94000000,13607.72900000,1772251199999,8353083.06106000,84047,6868.10600000,4216292.40608000
1772251200000,2026-02-28 04:00:00,614.95000000,615.44000000,590.75000000,597.50000000,48756.50000000,1772265599999,29292530.78877000,350270,21265.95000000,12771193.62844000
1772265600000,2026-02-28 08:00:00,597.49000000,598.57000000,588.64000000,594.56000000,36564.22600000,1772279999999,21693723.20508000,222044,14650.25900000,8696034.10417000
1772280000000,2026-02-28 12:00:00,594.57000000,605.75000000,594.12000000,603.99000000,33689.42200000,1772294399999,20254574.41761000,232112,17446.66900000,10491502.66544000
1772294400000,2026-02-28 16:00:00,604.00000000,614.77000000,600.95000000,613.20000000,21548.48700000,1772308799999,13090613.61632000,143309,12503.81000000,7600850.28902000
1772308800000,2026-02-28 20:00:00,613.20000000,621.49000000,611.98000000,617.14000000,17938.73600000,1772323199999,11071349.80250000,113595,9648.28100000,5956248.13056000
1772323200000,2026-03-01 00:00:00,617.14000000,632.16000000,614.52000000,628.53000000,40926.49000000,1772337599999,25641490.61959000,204702,21875.86700000,13706588.98630000
1772337600000,2026-03-01 04:00:00,628.54000000,631.31000000,623.00000000,625.35000000,25189.09000000,1772351999999,15795972.86536000,122912,12301.54200000,7714585.70664000
1772352000000,2026-03-01 08:00:00,625.36000000,626.42000000,618.71000000,622.81000000,16920.76500000,1772366399999,10530561.62764000,130446,8870.69200000,5521846.36848000
1772366400000,2026-03-01 12:00:00,622.80000000,629.80000000,619.74000000,626.60000000,26493.48400000,1772380799999,16562153.14744000,195108,13771.25800000,8613445.57317000
1772380800000,2026-03-01 16:00:00,626.60000000,629.60000000,617.39000000,619.77000000,25552.40500000,1772395199999,15921916.26810000,176389,13212.92100000,8229833.61677000
1772395200000,2026-03-01 20:00:00,619.77000000,621.03000000,610.89000000,617.96000000,34878.69300000,1772409599999,21500347.43191000,271638,17282.93100000,10657458.76062000
1772409600000,2026-03-02 00:00:00,617.96000000,625.66000000,614.43000000,624.41000000,26043.12700000,1772423999999,16158082.68199000,232681,12779.69700000,7932028.55439000
1772424000000,2026-03-02 04:00:00,624.42000000,625.79000000,613.02000000,616.67000000,15983.15000000,1772438399999,9910169.59548000,148538,7523.76300000,4663741.53889000
1772438400000,2026-03-02 08:00:00,616.67000000,623.05000000,612.96000000,622.13000000,15994.43700000,1772452799999,9893253.89118000,113915,8619.93600000,5330804.35018000
1772452800000,2026-03-02 12:00:00,622.14000000,649.70000000,618.81000000,646.25000000,71972.57600000,1772467199999,45766212.30157000,363436,42066.94800000,26755776.99608000
1772467200000,2026-03-02 16:00:00,646.25000000,652.87000000,635.84000000,636.48000000,46976.90000000,1772481599999,30285854.84666000,272581,21183.49400000,13670250.02062000
1772481600000,2026-03-02 20:00:00,636.48000000,640.80000000,632.43000000,637.79000000,25610.96000000,1772495999999,16292435.39216000,146100,13137.86000000,8360493.42388000
1772496000000,2026-03-03 00:00:00,637.79000000,643.29000000,633.46000000,635.63000000,29906.37100000,1772510399999,19080251.53799000,199748,17108.38700000,10915345.59188000
1772510400000,2026-03-03 04:00:00,635.63000000,638.47000000,628.94000000,633.32000000,26839.01100000,1772524799999,16998254.12754000,199628,12605.59200000,7983356.79698000
1772524800000,2026-03-03 08:00:00,633.32000000,634.14000000,621.00000000,626.53000000,31370.36300000,1772539199999,19618960.47562000,245716,15840.29900000,9903511.98704000
1772539200000,2026-03-03 12:00:00,626.52000000,631.89000000,621.00000000,630.57000000,27730.14900000,1772553599999,17364345.68189000,271051,14369.78100000,9000498.54249000
1772553600000,2026-03-03 16:00:00,630.56000000,638.92000000,628.56000000,633.04000000,23941.52900000,1772567999999,15165629.38942000,185885,13470.47100000,8532923.25678000
1772568000000,2026-03-03 20:00:00,633.04000000,636.92000000,628.43000000,633.56000000,10403.63300000,1772582399999,6581436.36730000,79427,5396.74400000,3414209.54379000
1772582400000,2026-03-04 00:00:00,633.57000000,636.65000000,626.20000000,629.30000000,17342.35100000,1772596799999,10955294.74677000,154193,7805.28200000,4932191.85264000
1772596800000,2026-03-04 04:00:00,629.29000000,640.90000000,627.12000000,640.01000000,17238.21300000,1772611199999,10921712.98281000,151233,9789.10000000,6203904.04419000
1772611200000,2026-03-04 08:00:00,640.01000000,654.83000000,638.89000000,650.51000000,58718.52500000,1772625599999,38152589.91265000,364937,31774.02700000,20639193.66075000
1772625600000,2026-03-04 12:00:00,650.51000000,661.82000000,645.94000000,661.17000000,53532.25100000,1772639999999,35011471.71701000,334719,27475.85000000,17968580.92072000
1772640000000,2026-03-04 16:00:00,661.17000000,666.16000000,655.22000000,662.66000000,34051.13500000,1772654399999,22487730.94943000,239623,18518.70900000,12235187.64709000
1772654400000,2026-03-04 20:00:00,662.66000000,663.12000000,656.55000000,657.99000000,19037.20800000,1772668799999,12549397.50439000,134532,10851.86100000,7152284.48323000
1772668800000,2026-03-05 00:00:00,658.00000000,660.99000000,652.38000000,654.31000000,20788.65700000,1772683199999,13634198.59733000,141015,10157.81800000,6664247.42608000
1772683200000,2026-03-05 04:00:00,654.31000000,657.42000000,648.79000000,650.39000000,23190.73800000,1772697599999,15147654.55147000,111311,9969.98100000,6516507.10658000
1772697600000,2026-03-05 08:00:00,650.40000000,665.42000000,649.61000000,659.15000000,21687.41600000,1772711999999,14274309.18669000,169977,11020.03200000,7254205.39508000
1772712000000,2026-03-05 12:00:00,659.15000000,660.81000000,648.46000000,652.94000000,32901.29000000,1772726399999,21549091.86789000,278075,16482.70600000,10795405.63266000
1772726400000,2026-03-05 16:00:00,652.95000000,654.49000000,646.14000000,648.54000000,21438.00200000,1772740799999,13921942.03388000,168175,9855.70900000,6402752.86059000
1772740800000,2026-03-05 20:00:00,648.54000000,652.38000000,646.47000000,647.85000000,8031.52100000,1772755199999,5211952.98600000,85537,3962.94800000,2571563.37592000
1772755200000,2026-03-06 00:00:00,647.85000000,651.62000000,645.53000000,649.70000000,12775.15300000,1772769599999,8292853.29447000,105933,5743.62600000,3728674.40810000
1772769600000,2026-03-06 04:00:00,649.70000000,649.99000000,641.22000000,646.89000000,19233.99500000,1772783999999,12409667.46955000,130588,10685.74000000,6893834.39203000
1772784000000,2026-03-06 08:00:00,646.88000000,646.89000000,637.17000000,637.45000000,17797.12800000,1772798399999,11414449.04645000,139954,8368.37200000,5368770.22688000
1772798400000,2026-03-06 12:00:00,637.45000000,640.96000000,624.77000000,628.02000000,44334.95300000,1772812799999,28048247.59701000,338130,22958.88200000,14522783.38078000
1772812800000,2026-03-06 16:00:00,628.02000000,632.98000000,625.90000000,630.71000000,12804.47500000,1772827199999,8055440.07786000,130849,6918.70500000,4352642.87988000
1772827200000,2026-03-06 20:00:00,630.71000000,631.50000000,626.97000000,627.31000000,8086.03200000,1772841599999,5086357.50765000,57642,3228.39400000,2030923.33024000
1772841600000,2026-03-07 00:00:00,627.31000000,629.84000000,626.36000000,627.13000000,8842.40600000,1772855999999,5553917.60173000,66882,4770.26600000,2996725.73939000
1772856000000,2026-03-07 04:00:00,627.13000000,628.63000000,624.63000000,627.87000000,10486.34900000,1772870399999,6574503.32149000,79531,4639.85400000,2910116.20020000
1772870400000,2026-03-07 08:00:00,627.87000000,630.19000000,626.50000000,627.78000000,9263.25300000,1772884799999,5822935.02590000,66678,4934.79500000,3102271.72017000
1772884800000,2026-03-07 12:00:00,627.79000000,628.27000000,623.80000000,625.22000000,11098.17900000,1772899199999,6950811.14251000,86676,5390.37200000,3376348.25410000
1772899200000,2026-03-07 16:00:00,625.22000000,625.23000000,618.50000000,619.84000000,14789.26100000,1772913599999,9198544.13074000,95658,6051.77100000,3766188.38958000
1772913600000,2026-03-07 20:00:00,619.84000000,622.41000000,617.80000000,620.26000000,8639.36600000,1772927999999,5361698.00044000,60868,5457.87800000,3387727.81229000
1772928000000,2026-03-08 00:00:00,620.27000000,621.97000000,615.32000000,617.00000000,8766.84500000,1772942399999,5419542.03682000,75872,4621.36500000,2857317.99196000
1772942400000,2026-03-08 04:00:00,617.01000000,622.33000000,614.34000000,619.94000000,14781.65600000,1772956799999,9139195.58883000,90773,7480.17300000,4625364.26286000
1772956800000,2026-03-08 08:00:00,619.94000000,624.27000000,617.99000000,620.33000000,12076.29500000,1772971199999,7498314.46217000,105009,6727.37700000,4176765.00328000
1772971200000,2026-03-08 12:00:00,620.32000000,621.21000000,613.05000000,616.18000000,15973.49300000,1772985599999,9852307.32274000,131024,6771.57600000,4178112.06848000
1772985600000,2026-03-08 16:00:00,616.18000000,619.76000000,611.82000000,618.95000000,14400.83500000,1772999999999,8842805.50624000,98964,8810.37900000,5408929.51497000
1773000000000,2026-03-08 20:00:00,618.94000000,620.11000000,607.86000000,611.98000000,15940.43000000,1773014399999,9780140.84690000,155532,7143.23700000,4385856.74282000
1773014400000,2026-03-09 00:00:00,611.99000000,628.24000000,611.01000000,623.51000000,20068.64000000,1773028799999,12429821.56104000,177212,10610.75400000,6578340.75095000
1773028800000,2026-03-09 04:00:00,623.51000000,630.00000000,618.43000000,621.96000000,20042.21800000,1773043199999,12525143.24931000,194723,9295.90000000,5809962.65925000
1773043200000,2026-03-09 08:00:00,621.96000000,630.40000000,621.83000000,627.53000000,17458.91800000,1773057599999,10943980.05353000,157191,8872.19800000,5560857.95486000
1773057600000,2026-03-09 12:00:00,627.53000000,640.43000000,627.52000000,639.21000000,31858.86600000,1773071999999,20232345.05616000,266092,15764.77200000,10015785.48801000
1773072000000,2026-03-09 16:00:00,639.22000000,643.00000000,634.06000000,638.18000000,17091.05400000,1773086399999,10905851.77021000,192259,8523.04100000,5439340.68686000
1773086400000,2026-03-09 20:00:00,638.19000000,640.65000000,633.83000000,634.64000000,14821.68000000,1773100799999,9456815.55349000,111529,6006.12400000,3830608.69423000
1773100800000,2026-03-10 00:00:00,634.64000000,646.00000000,634.38000000,639.77000000,17617.17000000,1773115199999,11294334.25170000,159989,10672.61300000,6843164.19231000
1773115200000,2026-03-10 04:00:00,639.77000000,646.98000000,639.40000000,644.48000000,13784.83300000,1773129599999,8878058.87568000,127179,7738.43000000,4984348.74706000
1773129600000,2026-03-10 08:00:00,644.48000000,649.00000000,644.12000000,645.54000000,17943.02100000,1773143999999,11602241.88357000,143555,9502.31700000,6144969.54938000
1773144000000,2026-03-10 12:00:00,645.53000000,652.23000000,638.29000000,649.23000000,25860.99100000,1773158399999,16709739.22146000,239269,13166.85100000,8509072.02668000
1773158400000,2026-03-10 16:00:00,649.24000000,652.36000000,640.06000000,641.79000000,18057.64400000,1773172799999,11656023.52786000,211331,8488.91500000,5478719.55824000
1773172800000,2026-03-10 20:00:00,641.78000000,645.29000000,639.60000000,642.00000000,7519.78700000,1773187199999,4828011.03989000,90489,3689.20200000,2368940.11391000
1773187200000,2026-03-11 00:00:00,642.01000000,644.42000000,638.77000000,639.88000000,8826.59200000,1773201599999,5663585.22916000,95300,4643.60600000,2979748.43830000
1773201600000,2026-03-11 04:00:00,639.87000000,644.92000000,637.77000000,640.50000000,14439.26100000,1773215999999,9256330.21334000,108074,8064.16800000,5170325.95023000
1773216000000,2026-03-11 08:00:00,640.50000000,644.37000000,635.02000000,638.20000000,28584.56600000,1773230399999,18269619.89489000,203391,13529.32900000,8651977.12911000
1773230400000,2026-03-11 12:00:00,638.20000000,652.19000000,636.74000000,645.98000000,36592.44200000,1773244799999,23643246.83954000,315884,19496.79300000,12598876.02993000
1773244800000,2026-03-11 16:00:00,645.99000000,655.73000000,645.24000000,653.15000000,21386.35600000,1773259199999,13926899.18893000,190940,12107.71800000,7884656.00418000
1773259200000,2026-03-11 20:00:00,653.14000000,656.29000000,650.40000000,651.46000000,10316.59700000,1773273599999,6734088.66933000,86470,4991.87600000,3259613.53675000
1773273600000,2026-03-12 00:00:00,651.47000000,652.25000000,642.25000000,643.26000000,14948.74000000,1773287999999,9669837.85613000,128383,7243.82700000,4685400.43962000
1773288000000,2026-03-12 04:00:00,643.26000000,647.16000000,641.63000000,645.85000000,11068.99300000,1773302399999,7133443.29182000,103011,6623.64200000,4268609.66523000
1773302400000,2026-03-12 08:00:00,645.86000000,654.09000000,645.75000000,652.46000000,16841.69700000,1773316799999,10941966.13975000,124944,9684.80300000,6292189.71646000
1773316800000,2026-03-12 12:00:00,652.47000000,657.70000000,645.64000000,650.03000000,37625.03300000,1773331199999,24524299.62945000,253473,19206.58700000,12520524.86117000
1773331200000,2026-03-12 16:00:00,650.03000000,652.52000000,646.42000000,651.03000000,13233.49400000,1773345599999,8602904.52167000,126577,6349.93700000,4130024.59014000
1773345600000,2026-03-12 20:00:00,651.03000000,654.92000000,648.98000000,651.72000000,7816.09900000,1773359999999,5094355.69347000,50646,4430.01700000,2888079.66717000
1773360000000,2026-03-13 00:00:00,651.72000000,664.00000000,650.34000000,661.58000000,33511.18200000,1773374399999,22109030.16480000,231199,18676.67800000,12321030.18455000
1773374400000,2026-03-13 04:00:00,661.57000000,664.50000000,658.88000000,661.29000000,25969.09200000,1773388799999,17174175.00675000,157762,13219.28700000,8743457.01856000
1773388800000,2026-03-13 08:00:00,661.29000000,668.67000000,660.65000000,666.64000000,43984.84300000,1773403199999,29309401.55466000,276405,23304.84900000,15525236.44730000
1773403200000,2026-03-13 12:00:00,666.64000000,679.00000000,661.09000000,662.21000000,62811.15700000,1773417599999,42167806.95184000,425757,30394.06000000,20415562.84022000
1773417600000,2026-03-13 16:00:00,662.21000000,664.48000000,654.00000000,657.25000000,54317.63700000,1773431999999,35740795.81471000,292229,25231.16700000,16595037.37501000
1773432000000,2026-03-13 20:00:00,657.25000000,658.78000000,653.55000000,655.73000000,11387.08900000,1773446399999,7472069.76019000,90221,5482.53500000,3597382.75500000
1773446400000,2026-03-14 00:00:00,655.72000000,657.26000000,652.52000000,656.89000000,10285.26300000,1773460799999,6738539.05732000,89532,5715.73700000,3745101.03120000
1773460800000,2026-03-14 04:00:00,656.88000000,658.27000000,651.00000000,652.19000000,13759.74300000,1773475199999,9008546.25604000,103611,6871.58000000,4500091.79043000
1773475200000,2026-03-14 08:00:00,652.19000000,653.99000000,650.11000000,653.52000000,9914.92900000,1773489599999,6467334.43926000,78375,5490.16600000,3581092.70314000
1773489600000,2026-03-14 12:00:00,653.51000000,654.98000000,651.85000000,653.40000000,11150.32500000,1773503999999,7286123.34121000,79852,6527.07300000,4264981.81271000
1773504000000,2026-03-14 16:00:00,653.40000000,654.50000000,652.24000000,653.70000000,4722.89800000,1773518399999,3085785.44318000,52517,2554.93400000,1669444.86608000
1773518400000,2026-03-14 20:00:00,653.70000000,658.00000000,653.12000000,657.70000000,5407.10700000,1773532799999,3544755.56371000,53543,2925.01700000,1917324.05277000
1773532800000,2026-03-15 00:00:00,657.70000000,661.16000000,654.46000000,658.89000000,7831.62200000,1773547199999,5150811.24925000,80128,4182.37500000,2750717.38217000
1773547200000,2026-03-15 04:00:00,658.89000000,661.00000000,657.79000000,660.02000000,11360.91800000,1773561599999,7492401.92608000,83780,5489.80400000,3620232.02147000
1773561600000,2026-03-15 08:00:00,660.02000000,666.55000000,659.74000000,661.64000000,14295.86800000,1773575999999,9474900.00180000,120144,6575.17000000,4358032.51894000
1773576000000,2026-03-15 12:00:00,661.65000000,662.52000000,656.83000000,659.69000000,17186.32000000,1773590399999,11338778.18291000,140105,8290.37300000,5469527.53277000
1773590400000,2026-03-15 16:00:00,659.69000000,663.20000000,658.08000000,660.49000000,7931.01900000,1773604799999,5236561.66135000,84917,4516.10100000,2981385.32606000
1773604800000,2026-03-15 20:00:00,660.49000000,679.00000000,659.74000000,673.77000000,34393.34700000,1773619199999,23103639.09223000,281343,15423.09000000,10358651.84570000
1773619200000,2026-03-16 00:00:00,673.77000000,685.93000000,670.22000000,680.47000000,35086.16500000,1773633599999,23772519.49674000,285775,19168.26900000,12988899.13977000
1773633600000,2026-03-16 04:00:00,680.47000000,687.82000000,677.27000000,678.13000000,43473.36200000,1773647999999,29663992.11163000,355690,20448.16900000,13959930.14403000
1773648000000,2026-03-16 08:00:00,678.13000000,681.06000000,673.83000000,677.20000000,31764.46000000,1773662399999,21510675.00031000,255996,15616.57300000,10576970.09932000
1773662400000,2026-03-16 12:00:00,677.19000000,683.68000000,670.13000000,671.67000000,59084.86000000,1773676799999,40036630.15345000,439690,26005.23200000,17624858.16651000
1773676800000,2026-03-16 16:00:00,671.67000000,681.37000000,671.22000000,678.55000000,32813.66200000,1773691199999,22203993.65885000,265409,17713.89600000,11983784.19864000
1773691200000,2026-03-16 20:00:00,678.55000000,684.66000000,673.79000000,679.71000000,24692.74700000,1773705599999,16774722.80709000,199842,11491.38100000,7808694.63107000
1773705600000,2026-03-17 00:00:00,679.70000000,686.53000000,675.00000000,676.11000000,41516.02600000,1773719999999,28310062.69859000,335840,19239.59300000,13122410.54157000
1773720000000,2026-03-17 04:00:00,676.11000000,677.39000000,671.81000000,674.28000000,25038.54300000,1773734399999,16895378.83425000,201444,11011.92400000,7430977.88941000
1773734400000,2026-03-17 08:00:00,674.28000000,676.77000000,667.36000000,667.66000000,30318.01800000,1773748799999,20366746.68454000,218318,13664.05200000,9179885.04724000
1773748800000,2026-03-17 12:00:00,667.66000000,673.33000000,663.40000000,668.49000000,29991.51100000,1773763199999,20017815.81277000,315860,14069.82000000,9393254.94368000
1773763200000,2026-03-17 16:00:00,668.50000000,674.85000000,667.71000000,672.03000000,11769.27000000,1773777599999,7909856.12993000,139398,6143.59800000,4128979.02020000
1773777600000,2026-03-17 20:00:00,672.03000000,674.48000000,668.01000000,668.61000000,8483.66500000,1773791999999,5692591.06808000,78261,4724.63300000,3169762.71383000
1773792000000,2026-03-18 00:00:00,668.62000000,675.18000000,665.52000000,673.49000000,12610.52600000,1773806399999,8451928.59204000,136293,7039.06000000,4718339.17702000
1773806400000,2026-03-18 04:00:00,673.49000000,675.06000000,670.13000000,673.98000000,15353.12600000,1773820799999,10324871.53254000,115599,8542.32400000,5744097.62475000
1773820800000,2026-03-18 08:00:00,673.98000000,676.47000000,661.55000000,662.89000000,27002.30200000,1773835199999,18088848.54453000,229552,13655.05100000,9156054.76612000
1773835200000,2026-03-18 12:00:00,662.89000000,662.89000000,645.30000000,648.82000000,44109.59500000,1773849599999,28847251.08725000,389180,21012.23800000,13743630.68134000
1773849600000,2026-03-18 16:00:00,648.82000000,653.01000000,645.47000000,648.08000000,27717.45500000,1773863999999,17987693.53235000,209972,13738.85000000,8916302.32770000
1773864000000,2026-03-18 20:00:00,648.09000000,652.98000000,644.43000000,652.27000000,17712.18200000,1773878399999,11490075.01610000,103344,7005.15800000,4551668.73207000
1773878400000,2026-03-19 00:00:00,652.28000000,656.40000000,649.05000000,652.53000000,14658.77000000,1773892799999,9562291.51937000,138317,7300.11000000,4761809.52860000
1773892800000,2026-03-19 04:00:00,652.53000000,652.66000000,641.04000000,645.39000000,19730.15200000,1773907199999,12765705.08519000,166853,9378.77200000,6070439.68927000
1773907200000,2026-03-19 08:00:00,645.39000000,648.89000000,643.69000000,644.08000000,20358.35000000,1773921599999,13145513.11630000,165480,10429.33600000,6734809.33729000
1773921600000,2026-03-19 12:00:00,644.09000000,644.09000000,634.35000000,637.87000000,30450.24100000,1773935999999,19453128.13799000,257038,14376.09300000,9182586.31289000
1773936000000,2026-03-19 16:00:00,637.88000000,642.50000000,633.32000000,640.04000000,20987.24000000,1773950399999,13376020.38071000,146795,10114.37800000,6447164.17790000
1773950400000,2026-03-19 20:00:00,640.04000000,644.06000000,638.22000000,639.15000000,11494.90500000,1773964799999,7367278.24886000,79247,5270.40200000,3378159.03185000
1773964800000,2026-03-20 00:00:00,639.16000000,645.18000000,638.51000000,644.41000000,12649.47400000,1773979199999,8120760.98703000,121646,7565.99900000,4857563.04897000
1773979200000,2026-03-20 04:00:00,644.42000000,645.95000000,639.68000000,644.10000000,12898.28400000,1773993599999,8294046.30685000,100185,7111.80000000,4573512.16744000
1773993600000,2026-03-20 08:00:00,644.10000000,647.65000000,640.32000000,641.62000000,18537.86300000,1774007999999,11936859.48458000,168403,9578.64700000,6170548.01705000
1774008000000,2026-03-20 12:00:00,641.62000000,643.59000000,636.61000000,640.42000000,30578.47000000,1774022399999,19575168.12893000,238222,16329.76900000,10454996.34629000
1774022400000,2026-03-20 16:00:00,640.41000000,641.92000000,636.38000000,640.26000000,12576.28500000,1774036799999,8041849.63133000,141263,6872.87400000,4395777.66604000
1774036800000,2026-03-20 20:00:00,640.26000000,644.57000000,637.58000000,642.11000000,9447.62600000,1774051199999,6062947.44140000,74673,5093.87900000,3268630.79943000
1774051200000,2026-03-21 00:00:00,642.11000000,643.22000000,640.15000000,642.32000000,5788.10700000,1774065599999,3714767.95431000,60445,3153.92400000,2024362.80334000
1774065600000,2026-03-21 04:00:00,642.32000000,644.46000000,641.80000000,643.11000000,6610.99900000,1774079999999,4251599.98717000,52176,3504.39300000,2253528.49814000
1774080000000,2026-03-21 08:00:00,643.11000000,644.46000000,641.99000000,643.81000000,9061.26900000,1774094399999,5827057.15656000,60578,4414.17500000,2838592.14538000
1774094400000,2026-03-21 12:00:00,643.81000000,646.38000000,641.39000000,642.82000000,11855.30400000,1774108799999,7632524.45228000,95540,5790.64500000,3728053.22462000
1774108800000,2026-03-21 16:00:00,642.82000000,643.24000000,640.62000000,641.61000000,4689.68000000,1774123199999,3009442.10069000,53714,2200.41300000,1411864.39819000
1774123200000,2026-03-21 20:00:00,641.61000000,642.68000000,627.76000000,630.70000000,16231.34000000,1774137599999,10297619.44829000,121009,6098.54800000,3871298.68247000
1774137600000,2026-03-22 00:00:00,630.70000000,637.70000000,622.72000000,634.84000000,25821.81400000,1774151999999,16270664.25824000,223795,12875.02700000,8113295.06282000
1774152000000,2026-03-22 04:00:00,634.84000000,636.57000000,631.90000000,631.99000000,13296.79200000,1774166399999,8429683.09634000,104785,6231.00400000,3950811.68239000
1774166400000,2026-03-22 08:00:00,631.98000000,632.10000000,627.61000000,627.90000000,14210.09800000,1774180799999,8952232.02703000,139293,6274.90600000,3953109.49496000
1774180800000,2026-03-22 12:00:00,627.90000000,631.76000000,627.90000000,629.70000000,14848.92600000,1774195199999,9357078.00388000,123005,8036.98200000,5064745.59077000
1774195200000,2026-03-22 16:00:00,629.70000000,632.26000000,626.57000000,627.44000000,16400.43800000,1774209599999,10328615.82972000,131290,8595.56200000,5413830.57955000
1774209600000,2026-03-22 20:00:00,627.45000000,631.35000000,622.16000000,626.41000000,17775.51100000,1774223999999,11139265.09081000,165017,8959.63900000,5617470.53963000
1774224000000,2026-03-23 00:00:00,626.41000000,630.71000000,622.00000000,626.47000000,20250.72900000,1774238399999,12690780.32096000,143583,11061.93500000,6933282.93650000
1774238400000,2026-03-23 04:00:00,626.46000000,632.00000000,620.33000000,624.33000000,20208.78500000,1774252799999,12647440.77978000,150798,9988.26300000,6253787.96909000
1774252800000,2026-03-23 08:00:00,624.34000000,650.85000000,621.59000000,638.40000000,75227.81500000,1774267199999,48164315.97245000,441802,41353.52700000,26492281.08225000
1774267200000,2026-03-23 12:00:00,638.40000000,649.55000000,635.81000000,637.25000000,79301.36600000,1774281599999,51074002.04041000,493541,45028.24600000,29003717.18036000
1774281600000,2026-03-23 16:00:00,637.25000000,640.76000000,632.49000000,637.62000000,54337.41200000,1774295999999,34546019.31349000,301823,30751.36100000,19543977.36697000
1774296000000,2026-03-23 20:00:00,637.62000000,641.09000000,636.24000000,639.11000000,8230.76700000,1774310399999,5256962.66256000,80879,4348.55300000,2777530.47147000
1774310400000,2026-03-24 00:00:00,639.12000000,640.17000000,632.00000000,632.70000000,13380.27300000,1774324799999,8495790.02379000,134539,6592.33000000,4185711.17095000
1774324800000,2026-03-24 04:00:00,632.70000000,638.44000000,627.21000000,637.86000000,20931.16200000,1774339199999,13213729.51409000,167087,9798.64500000,6187497.39233000
1774339200000,2026-03-24 08:00:00,637.87000000,639.81000000,634.00000000,638.88000000,17591.47700000,1774353599999,11205005.21331000,141975,8187.63400000,5215689.01290000
1774353600000,2026-03-24 12:00:00,638.88000000,639.35000000,627.20000000,630.98000000,26763.38600000,1774367999999,16935312.22451000,233170,12444.47300000,7873159.58993000
1774368000000,2026-03-24 16:00:00,630.97000000,632.46000000,626.99000000,630.29000000,10948.54400000,1774382399999,6891428.49989000,114711,5621.57200000,3539248.92850000
1774382400000,2026-03-24 20:00:00,630.29000000,639.79000000,629.85000000,638.30000000,11559.45700000,1774396799999,7357880.02691000,96755,6717.53000000,4275586.75498000
1774396800000,2026-03-25 00:00:00,638.31000000,643.00000000,637.50000000,642.22000000,16420.57400000,1774411199999,10506494.49532000,109802,7704.43800000,4930352.82520000
1774411200000,2026-03-25 04:00:00,642.22000000,647.19000000,641.59000000,643.57000000,17880.15200000,1774425599999,11526161.29534000,124287,9720.71400000,6266763.75649000
1774425600000,2026-03-25 08:00:00,643.57000000,650.92000000,643.41000000,648.36000000,36184.07200000,1774439999999,23445660.62866000,195188,18811.16700000,12189526.42826000
1774440000000,2026-03-25 12:00:00,648.36000000,652.80000000,641.92000000,645.65000000,24349.87500000,1774454399999,15768081.39088000,214754,10367.65500000,6716185.49259000
1774454400000,2026-03-25 16:00:00,645.64000000,651.15000000,644.09000000,646.03000000,14642.84300000,1774468799999,9473810.95319000,124426,7025.64300000,4545184.20523000
1774468800000,2026-03-25 20:00:00,646.03000000,650.26000000,644.04000000,647.66000000,8041.42400000,1774483199999,5205230.56664000,68718,4293.29500000,2779271.93930000
1774483200000,2026-03-26 00:00:00,647.67000000,648.47000000,641.33000000,642.90000000,9757.70200000,1774497599999,6287656.89296000,98910,4662.85100000,3004875.29107000
1774497600000,2026-03-26 04:00:00,642.91000000,643.30000000,633.44000000,635.37000000,17962.94300000,1774511999999,11453517.21964000,148555,8368.37000000,5336289.54087000
1774512000000,2026-03-26 08:00:00,635.38000000,635.44000000,628.10000000,629.17000000,18306.15900000,1774526399999,11555041.34430000,150913,8321.15000000,5251992.01039000
1774526400000,2026-03-26 12:00:00,629.17000000,632.70000000,625.11000000,626.82000000,20102.07200000,1774540799999,12649045.39246000,170810,9864.35800000,6208237.60861000
1774540800000,2026-03-26 16:00:00,626.83000000,628.89000000,623.01000000,625.68000000,14781.02000000,1774555199999,9250162.05110000,120653,6187.83500000,3873714.11395000
1774555200000,2026-03-26 20:00:00,625.67000000,631.52000000,625.24000000,628.86000000,13808.17700000,1774569599999,8695473.70525000,127592,7064.26800000,4448126.54371000
1774569600000,2026-03-27 00:00:00,628.86000000,631.87000000,627.38000000,628.30000000,11531.74500000,1774583999999,7261832.99695000,102608,6174.38600000,3888084.61864000
1774584000000,2026-03-27 04:00:00,628.31000000,630.02000000,625.11000000,628.45000000,12380.85900000,1774598399999,7772495.67775000,102145,5645.80300000,3544365.45046000
1774598400000,2026-03-27 08:00:00,628.46000000,629.15000000,607.18000000,611.07000000,52013.22500000,1774612799999,32012663.38912000,271261,21678.41500000,13325241.02615000
1774612800000,2026-03-27 12:00:00,611.07000000,614.03000000,605.86000000,610.66000000,30020.00700000,1774627199999,18315235.74286000,227088,14736.22800000,8992807.63706000
1774627200000,2026-03-27 16:00:00,610.66000000,611.96000000,606.67000000,610.17000000,14624.04300000,1774641599999,8908629.11848000,120741,7459.56100000,4544164.24823000
1774641600000,2026-03-27 20:00:00,610.16000000,614.18000000,608.66000000,613.95000000,11164.75100000,1774655999999,6821910.56104000,62879,6484.68800000,3961891.20545000
1774656000000,2026-03-28 00:00:00,613.95000000,614.07000000,609.90000000,611.14000000,10778.00000000,1774670399999,6594541.98328000,66883,5396.39400000,3301518.93286000
1774670400000,2026-03-28 04:00:00,611.15000000,614.61000000,610.50000000,613.90000000,13315.47200000,1774684799999,8157378.08350000,70396,6490.49700000,3976786.45753000
1774684800000,2026-03-28 08:00:00,613.90000000,614.27000000,610.46000000,613.00000000,12100.48100000,1774699199999,7413282.16408000,61462,6218.45800000,3809864.25135000
1774699200000,2026-03-28 12:00:00,612.99000000,619.00000000,611.59000000,617.28000000,17880.83800000,1774713599999,11012306.10421000,116982,9472.10000000,5833881.11941000
1774713600000,2026-03-28 16:00:00,617.29000000,617.69000000,615.40000000,616.67000000,6182.51500000,1774727999999,3812519.59509000,53405,2877.38200000,1774320.06895000
1774728000000,2026-03-28 20:00:00,616.67000000,618.10000000,610.71000000,611.08000000,9830.57600000,1774742399999,6041585.74811000,73224,4513.28100000,2774622.82469000
1774742400000,2026-03-29 00:00:00,611.08000000,615.30000000,609.89000000,614.05000000,11246.91300000,1774756799999,6894489.75485000,79544,5840.74400000,3581255.46808000
1774756800000,2026-03-29 04:00:00,614.06000000,614.70000000,612.00000000,613.68000000,7594.99500000,1774771199999,4659374.78375000,59839,3769.96000000,2312858.28453000
1774771200000,2026-03-29 08:00:00,613.68000000,614.63000000,610.95000000,613.69000000,10666.18800000,1774785599999,6540299.36972000,70164,4905.88700000,3008529.99812000
1774785600000,2026-03-29 12:00:00,613.69000000,613.75000000,607.46000000,609.64000000,15794.20700000,1774799999999,9633558.15584000,96936,5872.37400000,3582886.90661000
1774800000000,2026-03-29 16:00:00,609.63000000,611.06000000,607.59000000,609.23000000,6580.88300000,1774814399999,4009985.57237000,59294,3585.95300000,2185107.79107000
1774814400000,2026-03-29 20:00:00,609.23000000,612.26000000,596.42000000,606.09000000,31528.53300000,1774828799999,19045995.88523000,199982,11023.31600000,6665659.95295000
1774828800000,2026-03-30 00:00:00,606.09000000,619.08000000,605.09000000,615.67000000,24893.09500000,1774843199999,15284133.19110000,174256,12739.90400000,7820454.32893000
1774843200000,2026-03-30 04:00:00,615.68000000,619.15000000,615.35000000,618.21000000,18930.19800000,1774857599999,11677997.02960000,122204,8809.24900000,5435092.50551000
1774857600000,2026-03-30 08:00:00,618.22000000,621.40000000,616.29000000,617.79000000,29088.87400000,1774871999999,17998904.34084000,139171,12612.68900000,7805007.85221000
1774872000000,2026-03-30 12:00:00,617.79000000,620.94000000,613.40000000,618.48000000,21953.10700000,1774886399999,13562218.20063000,170481,10048.91300000,6208181.75621000
1774886400000,2026-03-30 16:00:00,618.48000000,618.66000000,608.11000000,610.60000000,15071.55600000,1774900799999,9234155.48601000,116695,6277.80400000,3845956.76001000
1774900800000,2026-03-30 20:00:00,610.61000000,613.63000000,607.27000000,609.29000000,12943.25300000,1774915199999,7902565.20387000,93284,5390.04800000,3291129.17396000
1774915200000,2026-03-31 00:00:00,609.29000000,619.76000000,608.20000000,613.60000000,18826.46500000,1774929599999,11566386.12575000,139724,8474.52800000,5205650.44904000
1774929600000,2026-03-31 04:00:00,613.61000000,614.56000000,609.30000000,611.01000000,15514.61800000,1774943999999,9494638.83631000,90168,6023.92800000,3686961.26307000
1774944000000,2026-03-31 08:00:00,611.02000000,611.21000000,598.82000000,605.22000000,35968.30200000,1774958399999,21746856.63151000,200271,15984.54300000,9669114.81374000
1774958400000,2026-03-31 12:00:00,605.23000000,615.98000000,604.30000000,607.90000000,30839.42700000,1774972799999,18806793.93562000,241733,14273.09700000,8700576.07252000
1774972800000,2026-03-31 16:00:00,607.90000000,619.77000000,607.80000000,615.77000000,26707.86400000,1774987199999,16421513.87000000,205894,12900.66000000,7930212.88129000
1774987200000,2026-03-31 20:00:00,615.76000000,619.38000000,615.09000000,617.43000000,11273.93900000,1775001599999,6960919.28802000,71386,5765.19800000,3559784.29329000
1775001600000,2026-04-01 00:00:00,617.42000000,619.85000000,613.92000000,616.76000000,15439.03000000,1775015999999,9523361.92845000,119924,7840.01900000,4836733.17962000
1775016000000,2026-04-01 04:00:00,616.76000000,621.90000000,614.96000000,616.32000000,31514.13500000,1775030399999,19486640.22219000,175179,14329.13000000,8863264.48318000
1775030400000,2026-04-01 08:00:00,616.33000000,617.43000000,613.71000000,615.34000000,20858.34500000,1775044799999,12834535.95421000,125694,8260.63900000,5083396.51171000
1775044800000,2026-04-01 12:00:00,615.34000000,617.91000000,609.87000000,614.82000000,26306.22400000,1775059199999,16143872.31253000,211580,11700.45200000,7181638.63719000
1775059200000,2026-04-01 16:00:00,614.82000000,619.50000000,611.44000000,613.76000000,17843.36700000,1775073599999,10968074.72999000,145469,8334.09700000,5123559.63270000
1775073600000,2026-04-01 20:00:00,613.76000000,616.00000000,609.58000000,610.81000000,14596.46400000,1775087999999,8937084.93675000,112935,5348.93700000,3275436.10593000
1775088000000,2026-04-02 00:00:00,610.81000000,613.60000000,591.69000000,592.06000000,60887.56400000,1775102399999,36587805.20505000,384168,23910.86600000,14378834.39092000
1775102400000,2026-04-02 04:00:00,592.06000000,592.51000000,587.34000000,591.82000000,44299.89500000,1775116799999,26141813.73471000,226222,18687.07600000,11030069.56937000
1775116800000,2026-04-02 08:00:00,591.82000000,591.82000000,577.25000000,581.23000000,53550.61200000,1775131199999,31261675.75298000,229298,20925.06800000,12216268.83119000
1775131200000,2026-04-02 12:00:00,581.23000000,581.40000000,570.31000000,574.13000000,97461.79900000,1775145599999,56022916.68868000,431702,48558.61500000,27903536.85089000
1775145600000,2026-04-02 16:00:00,574.12000000,583.72000000,573.82000000,583.51000000,29911.51500000,1775159999999,17321276.71618000,176156,16222.98600000,9390019.17752000
1775160000000,2026-04-02 20:00:00,583.50000000,584.83000000,581.14000000,583.52000000,11506.93400000,1775174399999,6712702.40046000,90862,5518.07500000,3219401.09246000
1775174400000,2026-04-03 00:00:00,583.52000000,587.06000000,581.93000000,585.82000000,19254.20600000,1775188799999,11254777.96424000,125005,9317.39900000,5447664.32382000
1775188800000,2026-04-03 04:00:00,585.82000000,589.00000000,584.98000000,586.49000000,12281.07500000,1775203199999,7205043.01804000,88696,6310.37900000,3702674.88161000
1775203200000,2026-04-03 08:00:00,586.50000000,588.31000000,583.16000000,587.34000000,15675.88200000,1775217599999,9179958.83254000,113749,8068.21600000,4725233.54566000
1775217600000,2026-04-03 12:00:00,587.34000000,590.31000000,584.08000000,586.99000000,17998.33700000,1775231999999,10563800.52539000,127670,9060.98500000,5318760.49051000
1775232000000,2026-04-03 16:00:00,586.99000000,589.33000000,586.63000000,588.66000000,6774.43700000,1775246399999,3983838.13911000,62452,3908.04800000,2298334.48870000
1775246400000,2026-04-03 20:00:00,588.66000000,589.21000000,587.00000000,588.31000000,4522.43800000,1775260799999,2660497.85487000,42738,2291.56900000,1348018.73523000
1775260800000,2026-04-04 00:00:00,588.32000000,589.26000000,587.10000000,589.12000000,6429.77100000,1775275199999,3781639.87381000,42133,3644.34800000,2143259.61374000
1775275200000,2026-04-04 04:00:00,589.12000000,592.25000000,588.33000000,590.00000000,13261.32100000,1775289599999,7827775.40166000,62018,5811.71200000,3430387.76022000
1775289600000,2026-04-04 08:00:00,590.00000000,591.73000000,589.03000000,589.49000000,10402.92600000,1775303999999,6139818.30928000,64761,4935.70600000,2912928.92049000
1775304000000,2026-04-04 12:00:00,589.50000000,591.82000000,588.11000000,591.11000000,11917.82600000,1775318399999,7032850.90653000,80213,5212.28900000,3076238.78086000
1775318400000,2026-04-04 16:00:00,591.12000000,596.58000000,590.46000000,593.46000000,11980.55100000,1775332799999,7103966.87733000,79934,6101.32500000,3617641.69574000
1775332800000,2026-04-04 20:00:00,593.46000000,595.16000000,592.54000000,593.36000000,5673.03900000,1775347199999,3368564.62300000,53262,2698.67700000,1602283.03871000
1775347200000,2026-04-05 00:00:00,593.36000000,594.05000000,591.12000000,593.43000000,8288.54500000,1775361599999,4913385.30170000,46956,4276.87800000,2535198.02914000
1775361600000,2026-04-05 04:00:00,593.42000000,594.00000000,587.71000000,590.46000000,12134.23700000,1775375999999,7170765.64516000,73893,5455.14200000,3224018.08339000
1775376000000,2026-04-05 08:00:00,590.46000000,594.97000000,590.15000000,593.98000000,9402.75600000,1775390399999,5576002.73142000,69003,4854.49500000,2878589.03263000
1775390400000,2026-04-05 12:00:00,593.97000000,596.42000000,587.13000000,593.13000000,20782.50700000,1775404799999,12286817.04919000,124408,10103.21000000,5975588.94299000
1775404800000,2026-04-05 16:00:00,593.13000000,593.69000000,591.67000000,592.53000000,7706.67300000,1775419199999,4568305.84738000,72458,3659.21800000,2169114.18004000
1775419200000,2026-04-05 20:00:00,592.53000000,604.06000000,590.51000000,601.50000000,19717.23200000,1775433599999,11772693.45734000,154630,10957.70200000,6542916.43880000
1775433600000,2026-04-06 00:00:00,601.50000000,607.66000000,600.10000000,600.61000000,21807.70000000,1775447999999,13158384.79577000,179934,10884.92400000,6569160.28673000
1775448000000,2026-04-06 04:00:00,600.62000000,604.47000000,598.63000000,603.80000000,18840.74000000,1775462399999,11334397.16153000,107610,8912.56900000,5362784.22539000
1775462400000,2026-04-06 08:00:00,603.81000000,610.29000000,603.78000000,605.36000000,17420.76900000,1775476799999,10564568.66198000,113849,8909.45100000,5403134.36484000
1775476800000,2026-04-06 12:00:00,605.36000000,608.74000000,604.11000000,608.45000000,17633.97300000,1775491199999,10690403.36104000,148852,8754.38200000,5308241.24584000
1775491200000,2026-04-06 16:00:00,608.45000000,609.00000000,602.95000000,606.67000000,13286.94700000,1775505599999,8050921.08686000,90817,6478.24400000,3926665.65335000
1775505600000,2026-04-06 20:00:00,606.68000000,607.96000000,596.25000000,600.11000000,15969.42000000,1775519999999,9622718.52020000,106736,7356.46600000,4432985.38262000
1775520000000,2026-04-07 00:00:00,600.10000000,601.32000000,596.38000000,599.16000000,11451.18600000,1775534399999,6859661.24512000,93017,6086.84800000,3646200.45217000
1775534400000,2026-04-07 04:00:00,599.15000000,601.88000000,596.78000000,599.30000000,11177.58300000,1775548799999,6691946.52045000,66286,6283.75700000,3762438.63221000
1775548800000,2026-04-07 08:00:00,599.29000000,606.51000000,596.40000000,597.10000000,29834.63500000,1775563199999,17954405.42794000,158589,15312.34100000,9213895.84599000
1775563200000,2026-04-07 12:00:00,597.10000000,600.00000000,592.20000000,598.53000000,30618.74300000,1775577599999,18256248.25717000,185745,16463.35400000,9817908.03800000
1775577600000,2026-04-07 16:00:00,598.53000000,609.05000000,598.53000000,608.41000000,23994.26800000,1775591999999,14490359.10262000,144996,14879.73800000,8989424.55270000
1775592000000,2026-04-07 20:00:00,608.41000000,624.85000000,607.23000000,620.10000000,56450.47700000,1775606399999,34823286.48582000,325954,29221.49400000,18019763.54299000
1775606400000,2026-04-08 00:00:00,620.11000000,621.46000000,612.92000000,613.29000000,32396.85800000,1775620799999,19975360.98257000,167201,13906.18700000,8575317.91514000
1775620800000,2026-04-08 04:00:00,613.29000000,617.40000000,612.02000000,613.24000000,25758.36400000,1775635199999,15838909.40565000,118158,13629.75500000,8382828.05066000
1775635200000,2026-04-08 08:00:00,613.24000000,614.54000000,610.89000000,612.83000000,21847.46100000,1775649599999,13382171.12099000,104665,8210.45900000,5028906.69413000
1775649600000,2026-04-08 12:00:00,612.83000000,615.85000000,601.16000000,605.35000000,53448.92200000,1775663999999,32567159.77436000,251587,20857.47000000,12701200.25650000
1775664000000,2026-04-08 16:00:00,605.34000000,607.79000000,602.75000000,604.28000000,15146.01800000,1775678399999,9169131.62235000,124600,7569.90400000,4583240.69384000
1775678400000,2026-04-08 20:00:00,604.28000000,607.38000000,599.45000000,601.16000000,13517.06300000,1775692799999,8153517.84579000,78877,5304.38900000,3202771.30111000
1775692800000,2026-04-09 00:00:00,601.15000000,603.06000000,596.94000000,600.16000000,18175.24900000,1775707199999,10904155.86600000,121232,9064.94700000,5440217.25371000
1775707200000,2026-04-09 04:00:00,600.16000000,601.19000000,598.64000000,600.01000000,10221.97200000,1775721599999,6133854.26808000,71165,4747.10900000,2848686.60021000
1775721600000,2026-04-09 08:00:00,600.01000000,603.41000000,599.30000000,602.44000000,15969.66900000,1775735999999,9606534.69831000,95364,8681.71000000,5222762.99884000
1775736000000,2026-04-09 12:00:00,602.45000000,607.34000000,598.20000000,606.01000000,21514.81000000,1775750399999,12963615.63740000,165653,11133.03000000,6712034.78557000
1775750400000,2026-04-09 16:00:00,606.01000000,609.50000000,603.63000000,608.76000000,20119.80100000,1775764799999,12209639.96659000,131649,11430.27300000,6938632.18097000
1775764800000,2026-04-09 20:00:00,608.76000000,612.10000000,601.90000000,603.03000000,21303.67500000,1775779199999,12927454.48440000,145159,10138.09700000,6154686.00434000
1775779200000,2026-04-10 00:00:00,603.03000000,605.40000000,599.79000000,601.14000000,17766.67000000,1775793599999,10701268.27351000,121325,9253.95100000,5574040.23913000
1775793600000,2026-04-10 04:00:00,601.14000000,602.61000000,599.04000000,599.29000000,14201.76000000,1775807999999,8537348.90637000,81814,8865.19800000,5330562.53422000
1775808000000,2026-04-10 08:00:00,599.29000000,603.49000000,597.40000000,602.57000000,19228.13200000,1775822399999,11550976.86772000,106860,10307.53200000,6195618.64353000
1775822400000,2026-04-10 12:00:00,602.57000000,608.76000000,601.04000000,603.27000000,27608.24700000,1775836799999,16693770.05128000,181054,12413.80000000,7506119.34080000
1775836800000,2026-04-10 16:00:00,603.27000000,609.99000000,603.20000000,609.60000000,12524.90000000,1775851199999,7600677.61765000,92945,7452.57200000,4523587.13019000
1775851200000,2026-04-10 20:00:00,609.61000000,610.34000000,605.29000000,605.54000000,12936.22300000,1775865599999,7859827.32966000,76901,5959.29300000,3621949.74720000
1775865600000,2026-04-11 00:00:00,605.54000000,607.73000000,603.40000000,606.76000000,14016.45000000,1775879999999,8488408.17630000,83968,7409.58800000,4487349.34918000
1775880000000,2026-04-11 04:00:00,606.77000000,607.62000000,604.41000000,606.09000000,10856.56800000,1775894399999,6577398.06179000,66352,5597.02100000,3390817.46133000
1775894400000,2026-04-11 08:00:00,606.09000000,607.32000000,604.31000000,605.36000000,23470.98500000,1775908799999,14218936.21300000,82794,12231.31800000,7409707.99226000
1775908800000,2026-04-11 12:00:00,605.37000000,606.92000000,603.76000000,605.74000000,14398.93900000,1775923199999,8713830.61509000,76712,7531.28900000,4557942.13820000
1775923200000,2026-04-11 16:00:00,605.74000000,614.12000000,605.70000000,612.92000000,17611.25300000,1775937599999,10746323.62123000,94878,10330.87100000,6303417.90588000
1775937600000,2026-04-11 20:00:00,612.93000000,613.02000000,605.94000000,607.05000000,13913.27500000,1775951999999,8484915.73210000,89985,5249.20100000,3201433.16128000
1775952000000,2026-04-12 00:00:00,607.06000000,607.44000000,590.21000000,595.50000000,31078.51400000,1775966399999,18582903.76084000,209464,13828.90000000,8261212.49092000
1775966400000,2026-04-12 04:00:00,595.50000000,596.00000000,592.87000000,594.30000000,14859.81700000,1775980799999,8840308.06159000,77288,7680.59100000,4569542.85742000
1775980800000,2026-04-12 08:00:00,594.30000000,595.59000000,592.91000000,595.42000000,13022.63800000,1775995199999,7739165.34646000,76163,6591.43300000,3917066.76871000
1775995200000,2026-04-12 12:00:00,595.41000000,595.78000000,589.10000000,591.65000000,20069.44600000,1776009599999,11877221.21956000,124742,9275.95600000,5490188.13429000
1776009600000,2026-04-12 16:00:00,591.66000000,593.36000000,591.00000000,592.36000000,11271.21500000,1776023999999,6674730.06754000,71656,5597.82600000,3314943.07964000
1776024000000,2026-04-12 20:00:00,592.36000000,596.91000000,590.95000000,592.19000000,13472.62100000,1776038399999,7993939.76221000,101750,7057.99200000,4188567.59790000
1776038400000,2026-04-13 00:00:00,592.19000000,597.94000000,591.60000000,594.68000000,11256.91800000,1776052799999,6704903.75692000,83781,6013.96100000,3581259.18910000
1776052800000,2026-04-13 04:00:00,594.68000000,599.67000000,594.60000000,597.26000000,16488.52400000,1776067199999,9848510.15574000,91140,9055.91600000,5409488.24464000
1776067200000,2026-04-13 08:00:00,597.27000000,598.71000000,595.19000000,597.20000000,13130.52100000,1776081599999,7843321.43942000,82591,7714.82000000,4608616.94497000
1776081600000,2026-04-13 12:00:00,597.20000000,605.00000000,595.58000000,603.40000000,30992.71700000,1776095999999,18600323.62408000,217751,16205.47900000,9723794.88219000
1776096000000,2026-04-13 16:00:00,603.39000000,609.17000000,602.15000000,608.59000000,27831.96100000,1776110399999,16863611.43992000,181914,14219.84500000,8617478.67047000
1776110400000,2026-04-13 20:00:00,608.59000000,617.97000000,607.11000000,614.71000000,38803.85900000,1776124799999,23807082.14512000,205548,20913.09600000,12831404.55592000
1776124800000,2026-04-14 00:00:00,614.71000000,616.14000000,610.86000000,616.13000000,28115.64900000,1776139199999,17263079.78375000,115006,15639.14700000,9604850.90644000
1776139200000,2026-04-14 04:00:00,616.14000000,616.15000000,611.88000000,613.55000000,19715.43600000,1776153599999,12105239.60467000,98993,10098.65000000,6200838.00478000
1776153600000,2026-04-14 08:00:00,613.54000000,619.40000000,613.43000000,616.41000000,28132.02900000,1776167999999,17369901.38821000,116915,15315.94600000,9456715.12250000
1776168000000,2026-04-14 12:00:00,616.42000000,625.38000000,615.18000000,623.45000000,47940.61300000,1776182399999,29718529.82200000,253064,26605.86300000,16499728.92329000
1776182400000,2026-04-14 16:00:00,623.45000000,625.12000000,611.94000000,613.95000000,37840.42500000,1776196799999,23395332.12542000,171615,20227.34400000,12506420.57474000
1776196800000,2026-04-14 20:00:00,613.95000000,617.16000000,613.13000000,613.75000000,11637.87900000,1776211199999,7152147.93699000,83718,6146.79400000,3777986.31244000
1776211200000,2026-04-15 00:00:00,613.75000000,620.00000000,613.75000000,616.14000000,17227.73300000,1776225599999,10631164.03182000,100462,10505.00800000,6484176.66807000
1776225600000,2026-04-15 04:00:00,616.14000000,617.27000000,610.71000000,611.54000000,16261.02900000,1776239999999,9979505.05130000,85878,7355.73000000,4514303.58300000
1776240000000,2026-04-15 08:00:00,611.55000000,620.66000000,610.45000000,619.70000000,25376.84200000,1776254399999,15618311.37583000,137339,15213.24100000,9361039.29908000
1776254400000,2026-04-15 12:00:00,619.71000000,620.42000000,616.00000000,619.04000000,24672.70600000,1776268799999,15255542.63323000,148779,11304.09700000,6990732.12884000
1776268800000,2026-04-15 16:00:00,619.05000000,627.64000000,618.57000000,625.38000000,17267.11700000,1776283199999,10746222.88941000,123832,10383.25500000,6462039.93641000
1776283200000,2026-04-15 20:00:00,625.38000000,626.80000000,621.42000000,622.59000000,14137.79300000,1776297599999,8816685.27271000,81498,7667.96800000,4782138.11538000
1776297600000,2026-04-16 00:00:00,622.58000000,626.16000000,620.38000000,624.25000000,16041.38000000,1776311999999,9996377.86741000,100869,7837.32200000,4884842.33818000
1776312000000,2026-04-16 04:00:00,624.25000000,626.08000000,621.86000000,622.69000000,15672.32800000,1776326399999,9780637.08535000,109877,8158.96700000,5091927.77770000
1776326400000,2026-04-16 08:00:00,622.69000000,623.95000000,618.86000000,620.95000000,17492.47300000,1776340799999,10870681.03930000,117804,8182.94300000,5086174.89443000
1776340800000,2026-04-16 12:00:00,620.95000000,626.38000000,614.89000000,624.89000000,31053.98800000,1776355199999,19260594.65045000,239291,15443.57000000,9582913.02870000
1776355200000,2026-04-16 16:00:00,624.89000000,637.31000000,623.60000000,636.55000000,34803.48900000,1776369599999,21942453.49788000,248320,20393.02200000,12859256.11691000
1776369600000,2026-04-16 20:00:00,636.55000000,637.40000000,631.71000000,635.77000000,16483.04300000,1776383999999,10454900.28271000,113752,7807.12700000,4951576.55598000
1776384000000,2026-04-17 00:00:00,635.77000000,636.55000000,628.18000000,629.26000000,15173.72400000,1776398399999,9582020.24350000,114945,7442.48300000,4699668.96420000
1776398400000,2026-04-17 04:00:00,629.26000000,630.22000000,626.66000000,627.21000000,19659.25400000,1776412799999,12353823.16817000,116127,9720.60900000,6109209.10388000
1776412800000,2026-04-17 08:00:00,627.21000000,635.00000000,626.89000000,632.50000000,30283.27900000,1776427199999,19101435.86650000,197028,15672.66900000,9886442.63448000
1776427200000,2026-04-17 12:00:00,632.50000000,645.67000000,631.76000000,643.34000000,51049.66500000,1776441599999,32697807.83506000,312152,27346.14600000,17520122.27916000
1776441600000,2026-04-17 16:00:00,643.33000000,645.60000000,638.83000000,641.36000000,19428.35900000,1776455999999,12478408.97928000,150327,9492.72500000,6101504.28806000
1776456000000,2026-04-17 20:00:00,641.36000000,644.77000000,639.26000000,643.12000000,17892.55700000,1776470399999,11501740.91898000,100920,8841.16500000,5680495.82334000
1776470400000,2026-04-18 00:00:00,643.12000000,646.88000000,640.06000000,640.20000000,28939.31700000,1776484799999,18637111.92072000,157855,14273.20200000,9192884.74411000
1776484800000,2026-04-18 04:00:00,640.21000000,648.79000000,640.08000000,643.35000000,27083.11900000,1776499199999,17461437.13300000,134172,13767.71000000,8877414.72625000
1776499200000,2026-04-18 08:00:00,643.35000000,643.55000000,631.52000000,633.37000000,26675.05900000,1776513599999,16953693.27134000,180349,11741.33400000,7459548.74309000
1776513600000,2026-04-18 12:00:00,633.38000000,635.00000000,631.42000000,633.37000000,13376.04500000,1776527999999,8474720.59378000,116519,7743.60600000,4907140.04198000
1776528000000,2026-04-18 16:00:00,633.37000000,634.59000000,628.03000000,630.39000000,15324.52400000,1776542399999,9682884.72270000,121147,7904.29700000,4996428.41588000
1776542400000,2026-04-18 20:00:00,630.39000000,631.84000000,629.69000000,629.90000000,8267.29500000,1776556799999,5213057.23330000,63922,4225.88000000,2664646.31427000
1776556800000,2026-04-19 00:00:00,629.90000000,630.43000000,621.08000000,623.26000000,16377.06500000,1776571199999,10252669.61752000,108779,7199.24900000,4506472.41104000
1776571200000,2026-04-19 04:00:00,623.26000000,624.72000000,618.10000000,620.32000000,17821.09700000,1776585599999,11076241.70862000,114877,8583.18600000,5336739.90709000
1776585600000,2026-04-19 08:00:00,620.32000000,623.33000000,618.00000000,622.40000000,14492.49200000,1776599999999,8993572.56954000,106201,7675.92500000,4764168.46704000
1776600000000,2026-04-19 12:00:00,622.40000000,628.36000000,622.06000000,626.07000000,18680.65500000,1776614399999,11676591.22693000,134203,10082.86400000,6302691.70477000
1776614400000,2026-04-19 16:00:00,626.07000000,626.64000000,619.39000000,622.93000000,13891.28000000,1776628799999,8655402.53662000,127870,7244.37500000,4514534.32150000
1776628800000,2026-04-19 20:00:00,622.93000000,623.36000000,615.00000000,616.06000000,19328.15300000,1776643199999,11944791.01963000,125235,9453.27000000,5839599.11693000
1776643200000,2026-04-20 00:00:00,616.07000000,622.80000000,615.97000000,621.69000000,11683.59800000,1776657599999,7248659.73051000,97545,6510.20700000,4039025.67309000
1776657600000,2026-04-20 04:00:00,621.70000000,629.48000000,617.00000000,624.69000000,15619.73200000,1776671999999,9724228.67617000,116472,8568.88700000,5336458.72945000
1776672000000,2026-04-20 08:00:00,624.69000000,628.14000000,622.71000000,625.50000000,17552.48800000,1776686399999,10979943.79819000,135343,8058.83500000,5040602.99030000
1776686400000,2026-04-20 12:00:00,625.49000000,628.36000000,620.87000000,628.31000000,23839.06200000,1776700799999,14909719.38253000,206310,11818.63200000,7391776.53359000
1776700800000,2026-04-20 16:00:00,628.31000000,631.80000000,626.71000000,630.56000000,12588.61600000,1776715199999,7926620.41321000,116552,6787.65400000,4273932.82902000
1776715200000,2026-04-20 20:00:00,630.57000000,632.08000000,628.00000000,629.26000000,10864.21500000,1776729599999,6845365.69297000,88267,5517.24900000,3476302.97883000
1776729600000,2026-04-21 00:00:00,629.26000000,632.46000000,628.10000000,629.87000000,11095.47900000,1776743999999,6990969.23560000,88742,5772.37800000,3637220.19995000
1776744000000,2026-04-21 04:00:00,629.87000000,633.93000000,628.81000000,632.88000000,11139.34600000,1776758399999,7038887.41798000,73936,6749.91000000,4265133.34006000
1776758400000,2026-04-21 08:00:00,632.89000000,640.70000000,632.20000000,634.14000000,41688.66800000,1776772799999,26527807.97513000,185138,21816.16400000,13884767.88733000
1776772800000,2026-04-21 12:00:00,634.14000000,635.17000000,629.37000000,631.81000000,19309.42500000,1776787199999,12207244.20809000,188875,9116.18100000,5763223.18395000
1776787200000,2026-04-21 16:00:00,631.82000000,633.66000000,625.00000000,626.60000000,12996.64000000,1776801599999,8189186.46896000,141387,6189.88400000,3900948.03952000
1776801600000,2026-04-21 20:00:00,626.59000000,632.45000000,625.56000000,631.72000000,9143.68100000,1776815999999,5754526.36204000,77395,5250.82100000,3304817.62587000
1776816000000,2026-04-22 00:00:00,631.73000000,641.40000000,631.19000000,639.57000000,20568.44800000,1776830399999,13114586.91363000,137884,12320.04700000,7853198.67297000
1776830400000,2026-04-22 04:00:00,639.57000000,644.95000000,638.66000000,641.99000000,25959.84600000,1776844799999,16678707.76968000,132370,12567.76900000,8073215.90711000
1776844800000,2026-04-22 08:00:00,642.00000000,643.81000000,641.00000000,642.77000000,15334.59900000,1776859199999,9846990.41715000,85226,5731.90800000,3681131.00195000
1776859200000,2026-04-22 12:00:00,642.78000000,654.19000000,642.14000000,649.10000000,39008.95200000,1776873599999,25311690.46923000,222726,22687.27300000,14718665.92443000
1776873600000,2026-04-22 16:00:00,649.10000000,650.96000000,642.89000000,644.10000000,18298.57600000,1776887999999,11819614.76356000,122763,8666.08900000,5599162.47593000
1776888000000,2026-04-22 20:00:00,644.10000000,644.18000000,637.33000000,637.47000000,15815.91800000,1776902399999,10134400.99419000,94296,5955.71300000,3815793.09181000
1776902400000,2026-04-23 00:00:00,637.47000000,639.50000000,633.23000000,635.60000000,22566.67700000,1776916799999,14362469.84966000,150245,11296.88300000,7189881.36011000
1776916800000,2026-04-23 04:00:00,635.61000000,638.43000000,635.01000000,635.70000000,13183.51200000,1776931199999,8392720.85841000,81811,7110.00200000,4526058.36713000
1776931200000,2026-04-23 08:00:00,635.70000000,636.29000000,631.00000000,633.56000000,16887.71400000,1776945599999,10692462.41217000,105213,8530.17700000,5402410.43012000
1776945600000,2026-04-23 12:00:00,633.56000000,640.00000000,632.00000000,639.74000000,18401.87100000,1776959999999,11704447.47180000,131640,9915.00000000,6304606.48609000
1776960000000,2026-04-23 16:00:00,639.74000000,640.38000000,631.14000000,635.91000000,18026.04000000,1776974399999,11461454.45330000,141552,8750.04300000,5562692.62557000
1776974400000,2026-04-23 20:00:00,635.90000000,639.79000000,635.60000000,638.54000000,9343.44200000,1776988799999,5959750.01962000,61821,5360.11700000,3419032.98472000
1776988800000,2026-04-24 00:00:00,638.55000000,640.42000000,633.60000000,634.61000000,9531.60000000,1777003199999,6074431.15513000,81201,4989.06800000,3179357.44907000
1777003200000,2026-04-24 04:00:00,634.61000000,637.17000000,632.04000000,635.00000000,13609.13800000,1777017599999,8631413.63128000,95689,6980.80900000,4427343.01636000
1777017600000,2026-04-24 08:00:00,634.99000000,638.75000000,633.33000000,638.10000000,15966.27800000,1777031999999,10151618.31491000,110543,8774.56900000,5578914.65330000
1777032000000,2026-04-24 12:00:00,638.10000000,640.49000000,635.95000000,639.60000000,16954.52500000,1777046399999,10824450.07526000,139114,10239.58500000,6537786.03008000
1777046400000,2026-04-24 16:00:00,639.60000000,639.97000000,635.34000000,638.24000000,8889.45600000,1777060799999,5670576.36017000,78107,4826.03600000,3079018.54318000
1777060800000,2026-04-24 20:00:00,638.24000000,638.37000000,635.43000000,636.21000000,5674.82100000,1777075199999,3615939.74202000,48633,3022.79400000,1926076.26257000
1777075200000,2026-04-25 00:00:00,636.21000000,637.69000000,635.49000000,637.45000000,8892.49400000,1777089599999,5662566.85568000,42718,4750.78500000,3025674.05197000
1777089600000,2026-04-25 04:00:00,637.45000000,638.08000000,636.29000000,636.70000000,5455.50400000,1777103999999,3476245.66237000,38588,3114.46200000,1984567.49516000
1777104000000,2026-04-25 08:00:00,636.71000000,638.50000000,634.20000000,634.66000000,9788.22600000,1777118399999,6237593.07893000,53655,5060.52900000,3225237.50739000
1777118400000,2026-04-25 12:00:00,634.66000000,635.15000000,629.11000000,629.91000000,19722.94800000,1777132799999,12463252.26198000,127599,7972.40000000,5041555.81632000
1777132800000,2026-04-25 16:00:00,629.90000000,630.41000000,627.15000000,628.66000000,9371.55000000,1777147199999,5892704.05598000,78237,4482.06100000,2818391.75396000
1777147200000,2026-04-25 20:00:00,628.67000000,630.43000000,628.34000000,628.53000000,5687.61500000,1777161599999,3578816.17439000,39821,2900.92800000,1825382.40179000
1777161600000,2026-04-26 00:00:00,628.52000000,630.35000000,627.00000000,628.63000000,7913.94400000,1777175999999,4977858.60375000,53539,3994.03200000,2512511.57245000
1777176000000,2026-04-26 04:00:00,628.63000000,632.79000000,628.27000000,632.52000000,9812.40300000,1777190399999,6192703.93667000,61346,5253.91200000,3314969.48323000
1777190400000,2026-04-26 08:00:00,632.52000000,632.75000000,629.90000000,632.54000000,9812.81200000,1777204799999,6194279.62128000,56231,5276.28000000,3330864.59215000
1777204800000,2026-04-26 12:00:00,632.55000000,633.03000000,630.60000000,632.29000000,9377.38900000,1777219199999,5923876.37851000,62254,4583.40000000,2895693.14026000
1777219200000,2026-04-26 16:00:00,632.29000000,636.74000000,630.59000000,635.89000000,8940.87800000,1777233599999,5667808.16743000,66959,5277.03900000,3346048.17642000
1777233600000,2026-04-26 20:00:00,635.90000000,638.06000000,633.00000000,635.76000000,8588.91400000,1777247999999,5458522.10765000,79841,4067.13900000,2585006.67072000
1777248000000,2026-04-27 00:00:00,635.77000000,639.81000000,633.74000000,638.27000000,18044.11300000,1777262399999,11512639.96726000,107998,9210.86500000,5878509.62909000
1777262400000,2026-04-27 04:00:00,638.27000000,638.64000000,625.15000000,625.87000000,28410.05200000,1777276799999,17903286.61373000,159781,13367.87400000,8416657.17905000
1777276800000,2026-04-27 08:00:00,625.87000000,628.94000000,625.40000000,627.40000000,10936.73100000,1777291199999,6862436.70316000,79580,5766.24700000,3618432.48762000
1777291200000,2026-04-27 12:00:00,627.39000000,628.56000000,618.38000000,620.94000000,25377.87500000,1777305599999,15834812.44860000,170343,11084.42500000,6915357.20167000
1777305600000,2026-04-27 16:00:00,620.93000000,624.02000000,620.50000000,623.53000000,13646.88900000,1777319999999,8493928.23966000,94823,7340.67200000,4567709.24138000
1777320000000,2026-04-27 20:00:00,623.53000000,627.31000000,623.13000000,626.83000000,7529.82800000,1777334399999,4703433.09056000,54147,3834.44900000,2395334.10941000
1777334400000,2026-04-28 00:00:00,626.83000000,627.58000000,623.28000000,624.52000000,7126.50700000,1777348799999,4456931.26530000,59703,2850.78600000,1782811.56996000
1777348800000,2026-04-28 04:00:00,624.52000000,626.62000000,621.86000000,624.26000000,16508.09000000,1777363199999,10309184.35762000,81501,7791.56100000,4866218.47474000
1777363200000,2026-04-28 08:00:00,624.26000000,625.47000000,621.21000000,621.85000000,9676.52500000,1777377599999,6030144.15543000,85401,4748.53900000,2959115.71974000
1777377600000,2026-04-28 12:00:00,621.86000000,623.63000000,619.00000000,622.82000000,16880.81000000,1777391999999,10493344.09568000,121133,8518.09300000,5295649.01991000
1777392000000,2026-04-28 16:00:00,622.82000000,624.30000000,621.82000000,624.17000000,7137.87100000,1777406399999,4448423.83385000,55694,3427.69000000,2136538.87907000
1777406400000,2026-04-28 20:00:00,624.17000000,624.66000000,622.87000000,624.55000000,5017.93900000,1777420799999,3130539.50030000,34495,2216.72200000,1382914.17063000
1777420800000,2026-04-29 00:00:00,624.56000000,626.73000000,622.56000000,626.05000000,9681.14200000,1777435199999,6050043.11118000,71733,4661.05100000,2912831.24464000
1777435200000,2026-04-29 04:00:00,626.05000000,628.50000000,625.00000000,625.13000000,16646.42700000,1777449599999,10432838.32818000,81523,7684.52600000,4815951.87154000
1777449600000,2026-04-29 08:00:00,625.13000000,629.61000000,624.54000000,626.02000000,19479.28600000,1777463999999,12212218.74108000,115018,8063.23700000,5055892.74754000
1777464000000,2026-04-29 12:00:00,626.01000000,626.06000000,615.48000000,616.51000000,21085.07800000,1777478399999,13089173.69549000,157224,8742.25700000,5426238.92211000
1777478400000,2026-04-29 16:00:00,616.52000000,620.28000000,610.26000000,613.31000000,26554.16800000,1777492799999,16322421.60177000,171471,11402.68900000,7008897.58015000
1777492800000,2026-04-29 20:00:00,613.32000000,618.58000000,613.02000000,617.39000000,8367.07100000,1777507199999,5156158.30538000,62374,4464.72500000,2751111.17630000
1777507200000,2026-04-30 00:00:00,617.39000000,620.53000000,616.03000000,617.88000000,12566.09200000,1777521599999,7769620.09462000,91538,5449.31000000,3370389.14762000
1777521600000,2026-04-30 04:00:00,617.88000000,618.26000000,613.47000000,617.50000000,18797.06100000,1777535999999,11586060.71367000,84426,7089.83800000,4369602.61037000
1777536000000,2026-04-30 08:00:00,617.50000000,618.75000000,614.38000000,615.63000000,13741.33200000,1777550399999,8472006.81755000,82365,4555.97700000,2809561.06629000
1777550400000,2026-04-30 12:00:00,615.64000000,618.13000000,613.58000000,617.10000000,19135.06100000,1777564799999,11784785.26818000,138016,8876.91400000,5467474.07968000
1777564800000,2026-04-30 16:00:00,617.09000000,618.84000000,615.75000000,618.45000000,8022.29200000,1777579199999,4951427.09120000,59858,3693.57400000,2279785.88735000
1777579200000,2026-04-30 20:00:00,618.44000000,618.61000000,614.79000000,615.38000000,6350.60700000,1777593599999,3915085.47070000,50151,1828.49300000,1127229.67354000
1777593600000,2026-05-01 00:00:00,615.38000000,621.29000000,615.28000000,618.50000000,14358.80500000,1777607999999,8869574.89770000,78604,6832.54600000,4221499.75609000
1777608000000,2026-05-01 04:00:00,618.50000000,619.08000000,616.03000000,617.42000000,10394.11000000,1777622399999,6418642.35289000,67680,4693.30900000,2898125.48574000
1777622400000,2026-05-01 08:00:00,617.42000000,619.56000000,615.94000000,618.92000000,13233.62400000,1777636799999,8173259.84026000,70402,5908.20900000,3648820.58768000
1777636800000,2026-05-01 12:00:00,618.92000000,622.84000000,618.44000000,620.83000000,25448.31800000,1777651199999,15799386.04537000,142038,10894.74900000,6763377.46279000
1777651200000,2026-05-01 16:00:00,620.83000000,621.79000000,618.90000000,619.24000000,8877.14300000,1777665599999,5503892.06044000,68421,3647.97300000,2261839.27128000
1777665600000,2026-05-01 20:00:00,619.24000000,619.37000000,613.79000000,615.34000000,15741.74000000,1777679999999,9700726.38984000,62471,7156.71400000,4409992.38412000
1777680000000,2026-05-02 00:00:00,615.34000000,617.26000000,614.78000000,616.19000000,7600.96000000,1777694399999,4681222.82812000,51075,3582.88100000,2206544.18022000
1777694400000,2026-05-02 04:00:00,616.19000000,616.40000000,614.15000000,615.91000000,7752.89500000,1777708799999,4770763.29567000,45090,2962.78400000,1823110.92276000
1777708800000,2026-05-02 08:00:00,615.90000000,616.20000000,614.71000000,615.66000000,6659.85000000,1777723199999,4099574.31341000,37090,3107.78800000,1913043.66178000
1777723200000,2026-05-02 12:00:00,615.67000000,618.27000000,615.38000000,618.22000000,12201.24800000,1777737599999,7525791.94365000,55004,6128.53600000,3780265.81948000
1777737600000,2026-05-02 16:00:00,618.22000000,619.38000000,617.71000000,618.83000000,8574.84000000,1777751999999,5303207.42303000,48676,4030.23600000,2492458.65961000
1777752000000,2026-05-02 20:00:00,618.84000000,621.81000000,617.77000000,618.03000000,9184.20100000,1777766399999,5685996.21530000,64162,4342.50500000,2689148.65467000
1777766400000,2026-05-03 00:00:00,618.03000000,618.49000000,615.09000000,616.22000000,10665.49600000,1777780799999,6572558.37398000,54579,4866.83400000,2999485.21530000
1777780800000,2026-05-03 04:00:00,616.22000000,618.35000000,615.31000000,616.96000000,9750.07900000,1777795199999,6011105.49753000,48955,3959.23500000,2441366.33926000
1777795200000,2026-05-03 08:00:00,616.97000000,619.54000000,616.68000000,618.81000000,12956.33700000,1777809599999,8011188.67038000,56127,7562.78600000,4676536.52635000
1777809600000,2026-05-03 12:00:00,618.81000000,620.57000000,618.14000000,619.87000000,13656.21100000,1777823999999,8459015.55649000,57486,6982.59500000,4325353.27789000
1777824000000,2026-05-03 16:00:00,619.87000000,620.78000000,618.78000000,619.26000000,9598.31600000,1777838399999,5947644.15017000,57187,4133.81600000,2561376.32180000
1777838400000,2026-05-03 20:00:00,619.26000000,622.27000000,617.00000000,617.27000000,16223.69100000,1777852799999,10055936.46569000,99911,8457.87600000,5244255.22805000
1777852800000,2026-05-04 00:00:00,617.28000000,626.66000000,615.61000000,626.57000000,37419.93200000,1777867199999,23301949.04940000,189005,17016.72200000,10599729.08876000
1777867200000,2026-05-04 04:00:00,626.58000000,639.00000000,626.58000000,628.40000000,60837.53500000,1777881599999,38491357.56698000,213985,28120.88400000,17788057.73884000
1777881600000,2026-05-04 08:00:00,628.40000000,631.01000000,620.00000000,622.90000000,34529.55900000,1777895999999,21585393.05748000,198033,14005.94200000,8752391.18933000
1777896000000,2026-05-04 12:00:00,622.91000000,628.44000000,621.19000000,625.47000000,43518.67900000,1777910399999,27189032.12982000,212902,18442.43300000,11517855.74184000
1777910400000,2026-05-04 16:00:00,625.47000000,628.80000000,623.50000000,624.93000000,19279.64400000,1777924799999,12073291.38271000,143947,8526.15700000,5339802.72808000
1777924800000,2026-05-04 20:00:00,624.93000000,625.91000000,622.60000000,622.63000000,11063.65200000,1777939199999,6905399.81670000,70771,4274.88900000,2668522.58919000
1777939200000,2026-05-05 00:00:00,622.64000000,628.86000000,622.58000000,627.81000000,19199.30400000,1777953599999,12014984.44484000,104153,9961.91900000,6234970.79799000
1777953600000,2026-05-05 04:00:00,627.80000000,628.81000000,625.73000000,627.54000000,22579.05800000,1777967999999,14165960.31354000,104466,8789.55700000,5514064.26226000
1777968000000,2026-05-05 08:00:00,627.54000000,628.94000000,625.94000000,628.59000000,23983.69000000,1777982399999,15061082.39686000,89754,12557.53900000,7887887.35576000
1777982400000,2026-05-05 12:00:00,628.60000000,634.00000000,628.05000000,631.01000000,35110.26600000,1777996799999,22150541.12611000,167898,16886.16100000,10654119.22531000
1777996800000,2026-05-05 16:00:00,631.01000000,632.38000000,627.81000000,631.72000000,23383.60200000,1778011199999,14730570.85621000,109785,10627.65900000,6696248.29495000
1778011200000,2026-05-05 20:00:00,631.73000000,635.00000000,629.71000000,630.42000000,22765.87500000,1778025599999,14404057.26710000,131679,11145.17900000,7053674.19819000
1778025600000,2026-05-06 00:00:00,630.41000000,636.01000000,628.97000000,635.17000000,23365.37900000,1778039999999,14792671.50703000,124229,12538.96100000,7939987.37036000
1778040000000,2026-05-06 04:00:00,635.18000000,640.43000000,632.85000000,637.99000000,25453.54100000,1778054399999,16206394.33555000,125621,15202.57200000,9682082.79280000
1778054400000,2026-05-06 08:00:00,637.98000000,652.66000000,637.95000000,652.56000000,78126.57300000,1778068799999,50520536.45662000,264082,43152.90200000,27910811.79479000
1778068800000,2026-05-06 12:00:00,652.56000000,664.26000000,643.58000000,648.51000000,81801.42400000,1778083199999,53496781.07292000,344343,44211.01100000,28923775.83905000
1778083200000,2026-05-06 16:00:00,648.51000000,650.93000000,646.29000000,650.45000000,19995.24300000,1778097599999,12977701.74341000,127620,11024.23000000,7156672.17485000
1778097600000,2026-05-06 20:00:00,650.44000000,651.49000000,644.46000000,647.74000000,12953.09600000,1778111999999,8393158.76096000,87516,6382.57800000,4134595.18405000
1778112000000,2026-05-07 00:00:00,647.74000000,649.81000000,641.64000000,642.53000000,29830.99600000,1778126399999,19217817.37535000,151033,13773.19700000,8874836.23761000
1778126400000,2026-05-07 04:00:00,642.54000000,653.49000000,642.10000000,651.91000000,19315.44300000,1778140799999,12502078.32932000,126001,11312.67300000,7324156.20390000
1778140800000,2026-05-07 08:00:00,651.92000000,653.10000000,646.15000000,648.01000000,21602.10000000,1778155199999,14019417.44825000,125490,9984.90000000,6480441.89742000
1778155200000,2026-05-07 12:00:00,648.01000000,651.00000000,639.41000000,642.45000000,29470.06300000,1778169599999,18997681.20606000,184627,12478.39100000,8050580.09083000
1778169600000,2026-05-07 16:00:00,642.46000000,644.70000000,639.33000000,643.71000000,17699.57500000,1778183999999,11366027.67691000,139583,8349.15800000,5363517.49819000
1778184000000,2026-05-07 20:00:00,643.71000000,645.65000000,633.68000000,637.02000000,26255.63200000,1778198399999,16773289.69660000,131786,13774.40300000,8805777.25493000
1778198400000,2026-05-08 00:00:00,637.02000000,640.54000000,635.46000000,639.44000000,15412.11700000,1778212799999,9834476.62335000,123690,8236.94300000,5256627.70097000
1778212800000,2026-05-08 04:00:00,639.44000000,641.00000000,634.76000000,636.91000000,24292.90800000,1778227199999,15478036.14503000,111488,10570.75600000,6736860.00698000
1778227200000,2026-05-08 08:00:00,636.91000000,641.56000000,635.89000000,641.02000000,21553.02900000,1778241599999,13755314.25753000,93844,11294.70900000,7211005.17405000
1778241600000,2026-05-08 12:00:00,641.03000000,644.00000000,637.54000000,643.92000000,18479.16000000,1778255999999,11839429.69708000,140588,9976.19600000,6395426.76109000
1778256000000,2026-05-08 16:00:00,643.92000000,649.50000000,642.36000000,648.09000000,15055.13100000,1778270399999,9727634.29325000,130798,8463.03000000,5468696.73024000
1778270400000,2026-05-08 20:00:00,648.10000000,651.53000000,645.86000000,649.36000000,12960.33100000,1778284799999,8408223.75354000,79116,5906.38500000,3833685.59437000
1778284800000,2026-05-09 00:00:00,649.37000000,655.88000000,649.01000000,653.66000000,18453.31500000,1778299199999,12057673.99432000,102234,10724.97500000,7006680.09694000
1778299200000,2026-05-09 04:00:00,653.67000000,656.00000000,648.95000000,649.77000000,32605.99600000,1778313599999,21266319.13969000,129047,13330.44500000,8699111.08762000
1778313600000,2026-05-09 08:00:00,649.77000000,651.03000000,648.43000000,650.04000000,9822.62700000,1778327999999,6382017.58518000,70501,5127.17200000,3331435.37941000
1778328000000,2026-05-09 12:00:00,650.05000000,650.67000000,646.23000000,647.66000000,11368.72600000,1778342399999,7373263.25390000,85357,5582.03700000,3621155.30526000
1778342400000,2026-05-09 16:00:00,647.67000000,651.84000000,647.01000000,651.01000000,15609.09600000,1778356799999,10137378.66016000,77273,6027.48600000,3915399.72378000
1778356800000,2026-05-09 20:00:00,651.01000000,652.36000000,649.53000000,649.75000000,10493.13200000,1778371199999,6833436.48066000,54126,6240.90400000,4064561.29981000
1778371200000,2026-05-10 00:00:00,649.76000000,650.50000000,644.84000000,647.70000000,18024.13400000,1778385599999,11667041.78207000,79985,8975.89600000,5809819.63515000
1778385600000,2026-05-10 04:00:00,647.71000000,649.29000000,647.28000000,648.28000000,8599.04800000,1778399999999,5574594.82097000,55685,4199.60800000,2722333.65748000
1778400000000,2026-05-10 08:00:00,648.29000000,651.90000000,647.71000000,649.59000000,16061.96500000,1778414399999,10446376.01666000,81537,7203.36400000,4684121.72990000
1778414400000,2026-05-10 12:00:00,649.59000000,656.20000000,648.47000000,655.50000000,17482.98500000,1778428799999,11397748.87528000,95123,9041.40800000,5894908.03458000
1778428800000,2026-05-10 16:00:00,655.51000000,662.38000000,654.40000000,661.14000000,19655.81200000,1778443199999,12952842.13693000,129411,11596.50400000,7642517.49195000
1778443200000,2026-05-10 20:00:00,661.14000000,666.66000000,648.71000000,663.55000000,39453.27300000,1778457599999,26014365.55673000,233895,20666.50700000,13630336.38306000
1778457600000,2026-05-11 00:00:00,663.56000000,664.85000000,650.07000000,651.79000000,30689.41100000,1778471999999,20137563.18483000,197631,14811.10100000,9720922.65605000
1778472000000,2026-05-11 04:00:00,651.80000000,654.17000000,650.03000000,650.61000000,26867.57400000,1778486399999,17520418.25862000,145949,12910.62300000,8420006.22851000
1778486400000,2026-05-11 08:00:00,650.61000000,655.92000000,649.46000000,655.92000000,27730.70700000,1778500799999,18105608.75347000,134332,13835.34400000,9033321.85689000
1778500800000,2026-05-11 12:00:00,655.92000000,661.51000000,651.49000000,661.50000000,31057.06900000,1778515199999,20372971.35562000,182356,15339.14900000,10067744.25038000
1778515200000,2026-05-11 16:00:00,661.51000000,663.56000000,659.50000000,663.32000000,27138.80600000,1778529599999,17963857.64395000,143102,14580.87500000,9651460.58448000
1778529600000,2026-05-11 20:00:00,663.31000000,673.00000000,661.02000000,670.60000000,40181.67800000,1778543999999,26791106.59526000,167045,24693.42400000,16457913.36547000
1778544000000,2026-05-12 00:00:00,670.60000000,671.47000000,659.09000000,662.02000000,34336.06100000,1778558399999,22816233.32823000,197385,16213.58900000,10770186.32640000
1778558400000,2026-05-12 04:00:00,662.02000000,664.31000000,657.76000000,658.59000000,19544.70100000,1778572799999,12932679.27228000,120168,8371.87600000,5539460.70739000
1778572800000,2026-05-12 08:00:00,658.60000000,663.40000000,657.55000000,663.40000000,18304.87100000,1778587199999,12096133.88204000,133246,9448.94400000,6243699.42532000
1778587200000,2026-05-12 12:00:00,663.40000000,664.75000000,650.49000000,652.26000000,45149.10300000,1778601599999,29673254.07214000,247946,19675.72200000,12931355.61176000
1778601600000,2026-05-12 16:00:00,652.26000000,663.38000000,650.56000000,663.07000000,21554.16500000,1778615999999,14172882.95120000,142438,13137.99100000,8643631.15624000
1778616000000,2026-05-12 20:00:00,663.07000000,668.00000000,663.06000000,664.95000000,22728.18800000,1778630399999,15130040.01647000,129769,14247.80400000,9483357.41573000
1778630400000,2026-05-13 00:00:00,664.95000000,682.95000000,664.36000000,681.28000000,63481.06900000,1778644799999,42964999.57334000,307483,41785.42700000,28279354.54896000
1778644800000,2026-05-13 04:00:00,681.28000000,682.18000000,675.94000000,679.02000000,31687.70500000,1778659199999,21507122.50377000,154899,16808.19000000,11406721.15571000
1778659200000,2026-05-13 08:00:00,679.02000000,685.68000000,677.41000000,678.42000000,36146.83000000,1778673599999,24639838.18332000,192692,20981.58900000,14306075.05862000
1778673600000,2026-05-13 12:00:00,678.42000000,680.30000000,663.77000000,664.19000000,61800.43700000,1778687999999,41465854.91421000,352866,31033.26100000,20829994.67132000
1778688000000,2026-05-13 16:00:00,664.19000000,674.71000000,664.17000000,671.32000000,21029.27400000,1778702399999,14089260.97747000,153656,11435.86900000,7662890.43979000
1778702400000,2026-05-13 20:00:00,671.33000000,673.84000000,668.20000000,671.68000000,11917.45300000,1778716799999,7997747.94351000,92528,6569.58000000,4409103.13635000
1778716800000,2026-05-14 00:00:00,671.68000000,677.52000000,665.42000000,665.92000000,25552.31800000,1778731199999,17195738.45911000,203587,12505.22600000,8416261.37142000
1778731200000,2026-05-14 04:00:00,665.91000000,672.06000000,665.47000000,669.34000000,24244.73300000,1778745599999,16226850.33282000,163445,12825.33100000,8583777.47280000
1778745600000,2026-05-14 08:00:00,669.33000000,673.96000000,668.55000000,670.85000000,20888.19700000,1778759999999,14028088.54542000,147089,11769.00600000,7904519.43588000
1778760000000,2026-05-14 12:00:00,670.85000000,680.58000000,670.62000000,679.98000000,43264.70300000,1778774399999,29290255.57257000,257556,26554.28300000,17974577.04876000
1778774400000,2026-05-14 16:00:00,679.98000000,687.66000000,678.48000000,680.20000000,34513.07800000,1778788799999,23557714.15803000,206169,18598.40400000,12697239.61541000
1778788800000,2026-05-14 20:00:00,680.21000000,681.99000000,677.20000000,678.27000000,11337.00100000,1778803199999,7705978.90470000,74620,6079.32800000,4132872.28966000
1778803200000,2026-05-15 00:00:00,678.28000000,686.00000000,677.24000000,681.95000000,31590.78700000,1778817599999,21534816.97014000,186096,17359.34700000,11831851.65589000
1778817600000,2026-05-15 04:00:00,681.95000000,689.14000000,673.79000000,684.30000000,34855.09400000,1778831999999,23770291.65476000,183044,18931.85300000,12916803.86846000
1778832000000,2026-05-15 08:00:00,684.31000000,689.98000000,681.63000000,686.47000000,31941.57400000,1778846399999,21901783.42891000,206156,16710.15900000,11460418.08681000
1778846400000,2026-05-15 12:00:00,686.47000000,686.74000000,669.16000000,671.73000000,46245.66800000,1778860799999,31305968.79965000,328091,21305.35400000,14423514.03352000
1778860800000,2026-05-15 16:00:00,671.73000000,676.72000000,671.16000000,674.04000000,10415.87800000,1778875199999,7025568.15265000,104616,4916.27300000,3316122.56278000
1778875200000,2026-05-15 20:00:00,674.04000000,674.56000000,671.21000000,672.38000000,11455.37000000,1778889599999,7707921.96863000,59840,3514.50200000,2365081.92639000
1778889600000,2026-05-16 00:00:00,672.37000000,674.92000000,664.90000000,665.29000000,18248.20100000,1778903999999,12211356.18529000,111575,7097.07400000,4754197.00995000
1778904000000,2026-05-16 04:00:00,665.29000000,665.29000000,656.20000000,660.68000000,40063.38700000,1778918399999,26500504.27862000,227187,18939.40600000,12530129.68230000
1778918400000,2026-05-16 08:00:00,660.68000000,661.97000000,650.70000000,654.28000000,38491.71200000,1778932799999,25222137.11744000,228048,18916.65700000,12398395.24747000
1778932800000,2026-05-16 12:00:00,654.28000000,658.00000000,651.10000000,655.20000000,19256.18300000,1778947199999,12587451.69357000,136660,8894.31100000,5815054.29287000
1778947200000,2026-05-16 16:00:00,655.19000000,658.34000000,654.92000000,656.16000000,8832.53500000,1778961599999,5797494.23867000,72986,4684.31800000,3074945.26098000
1778961600000,2026-05-16 20:00:00,656.16000000,657.62000000,655.73000000,656.20000000,4886.31800000,1778975999999,3208918.35825000,49923,2344.61500000,1539653.09527000
1778976000000,2026-05-17 00:00:00,656.20000000,657.28000000,650.00000000,652.77000000,18338.03300000,1778990399999,11967054.15071000,124573,7543.59900000,4923235.04066000
1778990400000,2026-05-17 04:00:00,652.77000000,656.35000000,652.41000000,655.31000000,9915.35500000,1779004799999,6494971.96970000,59974,5192.17900000,3400828.41338000
1779004800000,2026-05-17 08:00:00,655.31000000,655.45000000,650.00000000,655.07000000,20093.40600000,1779019199999,13125356.00368000,84504,7240.31300000,4731620.73907000
1779019200000,2026-05-17 12:00:00,655.07000000,657.51000000,650.57000000,652.40000000,14463.27800000,1779033599999,9454825.71764000,79769,7218.67800000,4719219.25689000
1779033600000,2026-05-17 16:00:00,652.41000000,656.35000000,650.22000000,656.04000000,8126.49800000,1779047999999,5302064.78584000,61072,3988.28000000,2603248.32348000
1779048000000,2026-05-17 20:00:00,656.04000000,657.60000000,640.01000000,649.48000000,24875.38200000,1779062399999,16131188.69513000,150819,10670.46800000,6922506.50894000
1779062400000,2026-05-18 00:00:00,649.48000000,649.70000000,642.13000000,643.44000000,24070.12000000,1779076799999,15535543.04395000,155443,11235.27500000,7251060.49195000
1779076800000,2026-05-18 04:00:00,643.44000000,644.58000000,637.54000000,641.85000000,22109.04600000,1779091199999,14177872.66182000,145734,9474.65900000,6077914.64139000
1779091200000,2026-05-18 08:00:00,641.86000000,643.69000000,637.54000000,641.75000000,16265.50400000,1779105599999,10405890.00098000,110147,8121.12800000,5196640.88756000
1779105600000,2026-05-18 12:00:00,641.75000000,645.54000000,634.30000000,637.03000000,28798.72900000,1779119999999,18406265.41249000,190081,12495.03900000,7986154.40960000
1779120000000,2026-05-18 16:00:00,637.04000000,644.92000000,635.74000000,644.78000000,25412.85800000,1779134399999,16264893.52602000,144634,14105.33600000,9029700.63650000
1779134400000,2026-05-18 20:00:00,644.79000000,646.40000000,641.89000000,643.53000000,9524.96300000,1779148799999,6140128.05525000,67538,4694.74300000,3027122.44376000
1779148800000,2026-05-19 00:00:00,643.53000000,647.19000000,641.17000000,642.88000000,15081.76600000,1779163199999,9710767.87626000,94264,8004.20300000,5154174.12553000
1779163200000,2026-05-19 04:00:00,642.87000000,646.34000000,640.95000000,645.93000000,12878.76500000,1779177599999,8293248.02503000,91381,6460.73800000,4160795.83317000
1779177600000,2026-05-19 08:00:00,645.93000000,646.02000000,637.98000000,639.88000000,18231.51600000,1779191999999,11686823.65084000,119978,7865.73600000,5041150.30085000
1779192000000,2026-05-19 12:00:00,639.87000000,642.05000000,636.10000000,638.73000000,22154.50500000,1779206399999,14167759.63044000,141019,10213.88900000,6532280.26997000
1779206400000,2026-05-19 16:00:00,638.74000000,641.88000000,637.87000000,639.99000000,6959.28900000,1779220799999,4453957.44565000,64816,3447.79900000,2206680.75734000
1779220800000,2026-05-19 20:00:00,639.98000000,641.66000000,637.87000000,640.02000000,5648.09600000,1779235199999,3614551.15866000,52873,2498.62000000,1599316.28234000
1779235200000,2026-05-20 00:00:00,640.03000000,640.95000000,637.52000000,640.12000000,10998.41000000,1779249599999,7030215.23416000,91184,4153.66500000,2655125.44185000
1779249600000,2026-05-20 04:00:00,640.13000000,645.00000000,638.38000000,643.41000000,17026.81500000,1779263999999,10935327.01484000,82022,8893.18500000,5711231.04680000
1779264000000,2026-05-20 08:00:00,643.41000000,645.31000000,642.30000000,643.33000000,10929.18400000,1779278399999,7040469.24487000,60465,5711.93800000,3679643.23929000
1779278400000,2026-05-20 12:00:00,643.33000000,649.97000000,641.34000000,648.80000000,21178.26500000,1779292799999,13687256.62599000,156867,11874.42900000,7675876.95516000
1779292800000,2026-05-20 16:00:00,648.81000000,651.19000000,646.01000000,650.57000000,12072.63300000,1779307199999,7838846.74150000,92890,6058.57800000,3934512.16878000
1779307200000,2026-05-20 20:00:00,650.56000000,651.77000000,647.17000000,649.50000000,10737.34600000,1779321599999,6975924.30648000,64969,4256.57800000,2765448.42011000
1779321600000,2026-05-21 00:00:00,649.50000000,656.00000000,649.31000000,654.81000000,16426.82600000,1779335999999,10736729.69666000,96241,8995.87500000,5880647.61402000
1779336000000,2026-05-21 04:00:00,654.81000000,655.33000000,650.13000000,652.93000000,15174.30500000,1779350399999,9905883.25682000,81968,6628.24500000,4328384.98562000
1779350400000,2026-05-21 08:00:00,652.93000000,656.00000000,647.36000000,647.77000000,16397.07900000,1779364799999,10688586.80755000,105898,7988.18400000,5207267.67313000
1779364800000,2026-05-21 12:00:00,647.78000000,653.08000000,646.33000000,652.39000000,22284.15800000,1779379199999,14479565.50162000,140474,11848.93000000,7699318.69924000
1779379200000,2026-05-21 16:00:00,652.39000000,659.82000000,650.23000000,657.87000000,25349.23600000,1779393599999,16637940.55490000,147244,14778.74500000,9701153.00875000
1779393600000,2026-05-21 20:00:00,657.88000000,659.00000000,656.11000000,658.58000000,7424.07400000,1779407999999,4883608.23128000,44204,3824.19700000,2515728.37849000
1779408000000,2026-05-22 00:00:00,658.58000000,661.42000000,656.14000000,659.61000000,19957.92700000,1779422399999,13158413.94965000,90075,11695.36400000,7712044.96203000
1779422400000,2026-05-22 04:00:00,659.62000000,660.59000000,655.48000000,659.49000000,19045.97900000,1779436799999,12535631.09282000,81722,9510.85000000,6260711.22767000
1779436800000,2026-05-22 08:00:00,659.49000000,661.10000000,654.79000000,657.94000000,19420.35100000,1779451199999,12768331.44887000,95099,8576.67300000,5640336.35540000
1779451200000,2026-05-22 12:00:00,657.95000000,664.20000000,656.45000000,658.51000000,27640.76000000,1779465599999,18248197.91471000,150869,13334.95300000,8804811.26448000
1779465600000,2026-05-22 16:00:00,658.51000000,661.58000000,648.31000000,652.48000000,26896.90100000,1779479999999,17618993.28672000,167266,12566.52200000,8231642.36538000
1779480000000,2026-05-22 20:00:00,652.48000000,654.03000000,648.70000000,650.44000000,10945.70200000,1779494399999,7138142.22230000,75475,4994.43000000,3256807.86794000
1779494400000,2026-05-23 00:00:00,650.45000000,653.00000000,648.07000000,652.34000000,12861.48500000,1779508799999,8367322.61034000,92208,6187.99300000,4025892.90315000
1779508800000,2026-05-23 04:00:00,652.33000000,652.78000000,635.29000000,636.76000000,29959.11800000,1779523199999,19299202.96877000,126502,12284.34400000,7921638.39420000
1779523200000,2026-05-23 08:00:00,636.76000000,641.27000000,635.64000000,640.22000000,19254.32200000,1779537599999,12309359.62364000,100098,9699.07600000,6200850.77491000
1779537600000,2026-05-23 12:00:00,640.23000000,648.80000000,639.28000000,647.49000000,16104.11300000,1779551999999,10376853.22544000,94635,8741.80300000,5633790.33525000
1779552000000,2026-05-23 16:00:00,647.49000000,653.17000000,646.27000000,652.34000000,10922.06400000,1779566399999,7095821.00207000,83255,5904.22500000,3837131.84144000
1779566400000,2026-05-23 20:00:00,652.34000000,663.93000000,651.73000000,656.26000000,23908.53600000,1779580799999,15730185.06013000,154824,13215.32200000,8694608.20576000
1779580800000,2026-05-24 00:00:00,656.26000000,658.91000000,655.47000000,657.14000000,10230.95500000,1779595199999,6724120.83475000,78916,5248.14300000,3449101.96548000
1779595200000,2026-05-24 04:00:00,657.14000000,658.05000000,654.01000000,656.64000000,11489.94700000,1779609599999,7534324.57811000,65683,5999.15900000,3933851.17592000
1779609600000,2026-05-24 08:00:00,656.64000000,662.60000000,656.22000000,661.27000000,17094.83900000,1779623999999,11282609.69798000,84533,8021.74800000,5293450.78149000
1779624000000,2026-05-24 12:00:00,661.27000000,661.31000000,652.07000000,655.51000000,17644.88300000,1779638399999,11597783.63118000,113239,6887.99200000,4527180.09352000
1779638400000,2026-05-24 16:00:00,655.54000000,657.71000000,655.00000000,656.16000000,6343.87300000,1779652799999,4163150.14021000,51112,3218.65100000,2112656.58800000
1779652800000,2026-05-24 20:00:00,656.16000000,657.65000000,649.68000000,656.57000000,10863.68000000,1779667199999,7106860.43139000,96891,5335.80900000,3492254.88939000
1779667200000,2026-05-25 00:00:00,656.58000000,659.98000000,655.76000000,657.07000000,8956.67100000,1779681599999,5893079.95467000,89485,4264.83400000,2806636.29093000
1779681600000,2026-05-25 04:00:00,657.08000000,661.98000000,656.40000000,661.92000000,13397.80300000,1779695999999,8846581.81057000,83041,7238.54300000,4779600.44733000
1779696000000,2026-05-25 08:00:00,661.92000000,663.38000000,660.86000000,662.25000000,14597.30100000,1779710399999,9660876.60339000,76420,7835.86100000,5185863.66706000
1779710400000,2026-05-25 12:00:00,662.25000000,673.07000000,662.13000000,667.78000000,43130.12600000,1779724799999,28872984.61361000,189994,20973.74400000,14031999.94577000
1779724800000,2026-05-25 16:00:00,667.78000000,668.25000000,660.87000000,662.37000000,20332.90300000,1779739199999,13488174.96766000,111123,9926.44000000,6584816.28985000
1779739200000,2026-05-25 20:00:00,662.37000000,663.29000000,660.38000000,663.15000000,13829.94900000,1779753599999,9155526.45377000,81636,6632.15800000,4390206.68601000
1779753600000,2026-05-26 00:00:00,663.15000000,663.75000000,656.04000000,658.05000000,28996.12600000,1779767999999,19122728.54320000,139513,11747.32400000,7745787.50088000
1779768000000,2026-05-26 04:00:00,658.06000000,659.82000000,655.34000000,657.73000000,20163.73300000,1779782399999,13265674.87095000,100570,8257.30800000,5433349.80842000
1779782400000,2026-05-26 08:00:00,657.73000000,664.60000000,656.30000000,662.48000000,16752.20200000,1779796799999,11056241.67281000,116037,9274.48800000,6121127.74374000
1779796800000,2026-05-26 12:00:00,662.48000000,668.01000000,657.28000000,660.28000000,33101.37000000,1779811199999,21930127.73758000,212245,17098.91700000,11328924.72459000
1779811200000,2026-05-26 16:00:00,660.29000000,661.05000000,653.45000000,657.20000000,15961.21900000,1779825599999,10497386.40793000,168067,7988.20400000,5254481.56560000
1779825600000,2026-05-26 20:00:00,657.21000000,657.85000000,655.14000000,656.43000000,7358.63200000,1779839999999,4832575.60634000,93712,3590.95100000,2358405.11875000
1779840000000,2026-05-27 00:00:00,656.43000000,659.11000000,654.00000000,654.38000000,11603.96000000,1779854399999,7618411.47706000,90273,5549.33200000,3644547.17323000
1779854400000,2026-05-27 04:00:00,654.39000000,654.71000000,650.75000000,653.50000000,22097.63200000,1779868799999,14426041.55575000,116506,11492.15000000,7503825.86121000
1779868800000,2026-05-27 08:00:00,653.47000000,655.77000000,652.31000000,653.84000000,14860.91000000,1779883199999,9721411.41888000,78885,7100.74600000,4645618.55530000
1779883200000,2026-05-27 12:00:00,653.85000000,658.27000000,650.14000000,657.66000000,22805.92800000,1779897599999,14924051.24229000,158307,10766.58500000,7049960.56625000
1779897600000,2026-05-27 16:00:00,657.67000000,659.90000000,650.27000000,653.39000000,11901.79900000,1779911999999,7784274.47574000,97803,5360.12300000,3507149.75760000
1779912000000,2026-05-27 20:00:00,653.40000000,654.97000000,646.57000000,648.84000000,18467.36500000,1779926399999,12011769.92791000,123417,6529.35000000,4244414.84466000
1779926400000,2026-05-28 00:00:00,648.83000000,649.38000000,636.76000000,637.81000000,27180.92600000,1779940799999,17468478.02592000,176378,10183.45800000,6551521.30846000
1779940800000,2026-05-28 04:00:00,637.81000000,637.91000000,631.47000000,634.98000000,37611.48000000,1779955199999,23880569.15447000,185598,15483.97100000,9831611.15257000
1779955200000,2026-05-28 08:00:00,634.99000000,635.36000000,631.35000000,632.90000000,22590.24200000,1779969599999,14311754.55368000,108176,9565.73900000,6060621.22041000
1779969600000,2026-05-28 12:00:00,632.90000000,636.66000000,628.22000000,634.79000000,29623.06400000,1779983999999,18737290.62517000,195437,13829.20300000,8751539.26479000
1779984000000,2026-05-28 16:00:00,634.79000000,642.59000000,633.45000000,639.71000000,18517.01800000,1779998399999,11840229.75105000,127100,10692.65800000,6837262.28583000
1779998400000,2026-05-28 20:00:00,639.72000000,642.53000000,637.56000000,638.24000000,9734.95500000,1780012799999,6230230.09451000,61788,4670.42900000,2989966.58954000
1780012800000,2026-05-29 00:00:00,638.23000000,639.47000000,633.79000000,635.61000000,10817.03700000,1780027199999,6887195.94049000,81933,4975.67700000,3169584.93682000
1780027200000,2026-05-29 04:00:00,635.60000000,639.49000000,634.56000000,637.04000000,18566.22500000,1780041599999,11829847.99697000,79139,9926.44600000,6325329.34811000
1780041600000,2026-05-29 08:00:00,637.04000000,641.19000000,635.25000000,637.14000000,16834.76000000,1780055999999,10755593.53752000,92930,7936.52700000,5070102.26370000
1780056000000,2026-05-29 12:00:00,637.14000000,643.04000000,630.86000000,639.74000000,34656.09100000,1780070399999,22069474.26995000,226975,15102.17600000,9615839.03048000
1780070400000,2026-05-29 16:00:00,639.75000000,645.00000000,638.16000000,641.45000000,25151.91600000,1780084799999,16150375.05887000,164226,10136.96000000,6508394.89120000
1780084800000,2026-05-29 20:00:00,641.46000000,643.87000000,641.36000000,643.10000000,9229.23400000,1780099199999,5929729.00629000,57082,4071.68800000,2616238.85886000
1780099200000,2026-05-30 00:00:00,643.11000000,661.01000000,642.66000000,658.19000000,60112.76000000,1780113599999,39283338.71941000,188299,28326.31600000,18506238.19926000
1780113600000,2026-05-30 04:00:00,658.20000000,674.25000000,656.52000000,672.92000000,57378.15800000,1780127999999,38213525.53452000,255241,31653.37300000,21086993.47990000
1780128000000,2026-05-30 08:00:00,672.93000000,677.34000000,669.50000000,673.82000000,40748.45900000,1780142399999,27420069.94771000,162034,19558.11900000,13168221.79342000
1780142400000,2026-05-30 12:00:00,673.82000000,695.00000000,671.11000000,694.53000000,82839.84700000,1780156799999,56733221.97600000,296270,48812.61700000,33434699.83066000
1780156800000,2026-05-30 16:00:00,694.53000000,724.56000000,694.40000000,721.12000000,194021.80400000,1780171199999,138051412.62055000,680359,95338.57800000,67731857.50271000
1780171200000,2026-05-30 20:00:00,721.13000000,729.00000000,707.31000000,718.74000000,131279.93800000,1780185599999,94442500.23627000,361484,60685.03700000,43661610.94258000
1780185600000,2026-05-31 00:00:00,718.74000000,745.74000000,718.74000000,740.03000000,113699.45000000,1780199999999,83402549.11263000,548889,58737.14000000,43065365.44692000
1780200000000,2026-05-31 04:00:00,740.02000000,742.28000000,716.67000000,719.71000000,84743.27600000,1780214399999,61950596.93800000,447676,40169.01100000,29371117.28732000
1780214400000,2026-05-31 08:00:00,719.71000000,725.44000000,717.56000000,722.89000000,44018.57900000,1780228799999,31788036.01323000,264751,21607.54100000,15606234.74504000
1780228800000,2026-05-31 12:00:00,722.89000000,733.80000000,718.36000000,720.84000000,53174.30300000,1780243199999,38544546.05078000,290005,25308.25600000,18353990.36385000
1780243200000,2026-05-31 16:00:00,720.84000000,722.00000000,703.00000000,708.55000000,57418.86500000,1780257599999,40831430.67046000,239479,25047.19300000,17808785.22761000
1780257600000,2026-05-31 20:00:00,708.55000000,714.83000000,706.26000000,710.55000000,27111.25900000,1780271999999,19259454.59374000,148372,13288.76100000,9441727.34221000
1780272000000,2026-06-01 00:00:00,710.54000000,717.32000000,693.05000000,703.65000000,111698.75100000,1780286399999,78802741.97623000,410223,54060.67800000,38047570.33034000
1780286400000,2026-06-01 04:00:00,703.65000000,705.57000000,684.72000000,686.08000000,71195.39900000,1780300799999,49380095.03827000,321368,34071.81600000,23652457.42501000
1780300800000,2026-06-01 08:00:00,686.08000000,729.57000000,685.25000000,697.14000000,169006.25800000,1780315199999,119580962.07926000,784043,85578.11400000,60598504.61642000
1780315200000,2026-06-01 12:00:00,697.14000000,698.38000000,674.51000000,677.58000000,95175.97300000,1780329599999,65229022.62052000,556711,44686.75700000,30639007.62855000
1780329600000,2026-06-01 16:00:00,677.59000000,696.33000000,674.07000000,696.15000000,50083.58300000,1780343999999,34432113.15347000,255108,28307.67500000,19465880.04744000
1780344000000,2026-06-01 20:00:00,696.14000000,701.73000000,688.42000000,693.10000000,36182.56200000,1780358399999,25115560.47253000,157588,17567.36300000,12198390.73445000
1780358400000,2026-06-02 00:00:00,693.10000000,695.51000000,681.18000000,693.68000000,37983.09800000,1780372799999,26169960.09355000,274032,20942.39800000,14433097.86287000
1780372800000,2026-06-02 04:00:00,693.68000000,694.24000000,680.47000000,681.84000000,33244.69800000,1780387199999,22784257.71955000,255512,13861.68400000,9499427.37120000
1780387200000,2026-06-02 08:00:00,681.84000000,685.57000000,675.58000000,678.13000000,37164.18600000,1780401599999,25241684.77337000,237735,16846.67900000,11442148.54606000
1780401600000,2026-06-02 12:00:00,678.13000000,680.21000000,658.00000000,663.13000000,92326.05600000,1780415999999,61892439.32621000,484106,40760.87800000,27319922.08522000
1780416000000,2026-06-02 16:00:00,663.14000000,671.50000000,652.36000000,660.31000000,50956.30400000,1780430399999,33810542.78221000,235524,24109.61400000,15993853.51758000
1780430400000,2026-06-02 20:00:00,660.31000000,663.45000000,642.47000000,650.69000000,58462.99800000,1780444799999,38158331.42339000,230644,26217.75800000,17123495.95190000
1780444800000,2026-06-03 00:00:00,650.70000000,657.51000000,630.35000000,633.99000000,76370.11100000,1780459199999,49298838.54112000,303129,36592.56600000,23686061.27159000
1780459200000,2026-06-03 04:00:00,633.97000000,646.78000000,632.81000000,644.10000000,52117.06600000,1780473599999,33385621.65017000,276712,27651.55200000,17729618.21734000
1780473600000,2026-06-03 08:00:00,644.10000000,646.06000000,637.04000000,637.38000000,27006.02000000,1780487999999,17341049.92063000,187640,12757.73400000,8194077.81902000
1780488000000,2026-06-03 12:00:00,637.38000000,639.31000000,630.05000000,632.99000000,42293.22700000,1780502399999,26833055.05152000,250312,20224.81500000,12840625.57522000
1780502400000,2026-06-03 16:00:00,633.00000000,633.60000000,620.00000000,622.77000000,46595.81000000,1780516799999,29148712.17053000,224007,20735.54200000,12976899.75902000
1780516800000,2026-06-03 20:00:00,622.77000000,630.00000000,616.21000000,620.63000000,56531.20900000,1780531199999,35303004.97829000,202290,22028.49100000,13762449.96700000
1780531200000,2026-06-04 00:00:00,620.63000000,624.57000000,590.46000000,618.99000000,132041.73300000,1780545599999,80177720.47382000,594114,64946.33400000,39445843.99265000
1780545600000,2026-06-04 04:00:00,618.99000000,621.36000000,599.22000000,600.20000000,114683.13200000,1780559999999,69452903.76332000,380663,70684.64600000,42777328.44329000
1780560000000,2026-06-04 08:00:00,600.20000000,603.70000000,588.10000000,595.30000000,58774.04400000,1780574399999,34928065.99687000,393775,27108.83200000,16115153.35116000
1780574400000,2026-06-04 12:00:00,595.31000000,609.50000000,593.94000000,606.40000000,50585.26300000,1780588799999,30501594.21997000,326649,24008.43200000,14475178.73113000
1780588800000,2026-06-04 16:00:00,606.40000000,610.35000000,599.31000000,606.35000000,25343.14000000,1780603199999,15343997.38703000,123329,13801.24600000,8361010.04015000
1780603200000,2026-06-04 20:00:00,606.35000000,607.59000000,597.99000000,604.53000000,20004.45300000,1780617599999,12045559.10679000,117611,8740.07300000,5265082.58712000
1780617600000,2026-06-05 00:00:00,604.50000000,608.00000000,591.40000000,595.76000000,42115.95400000,1780631999999,25198102.60247000,286181,20788.66900000,12442033.12474000
1780632000000,2026-06-05 04:00:00,595.76000000,602.85000000,570.61000000,593.26000000,123442.60900000,1780646399999,72161283.29492000,651519,58757.44400000,34413792.74541000
1780646400000,2026-06-05 08:00:00,593.26000000,597.00000000,585.60000000,590.11000000,39184.15100000,1780660799999,23171371.01771000,276382,20739.82100000,12268167.35516000
1780660800000,2026-06-05 12:00:00,590.12000000,596.27000000,574.66000000,578.75000000,87171.07600000,1780675199999,51005063.55537000,410929,45203.65900000,26456514.53095000
1780675200000,2026-06-05 16:00:00,578.75000000,583.00000000,556.46000000,567.33000000,177520.69300000,1780689599999,101381506.34842000,463303,84822.53100000,48477898.60659000
1780689600000,2026-06-05 20:00:00,567.28000000,579.40000000,563.19000000,572.22000000,65403.55200000,1780703999999,37614945.92409000,168374,30499.63200000,17554258.35787000
1780704000000,2026-06-06 00:00:00,572.17000000,579.70000000,570.60000000,573.13000000,60477.62100000,1780718399999,34855403.84669000,199783,30032.82500000,17322205.99618000
1780718400000,2026-06-06 04:00:00,573.13000000,581.58000000,559.68000000,579.06000000,72844.76200000,1780732799999,41675122.74698000,370803,41858.76900000,23988327.38319000
1780732800000,2026-06-06 08:00:00,579.06000000,584.43000000,571.05000000,574.06000000,38599.48000000,1780747199999,22241774.58256000,197737,15539.22900000,8964072.16749000
1780747200000,2026-06-06 12:00:00,574.07000000,577.40000000,571.04000000,575.86000000,23850.11700000,1780761599999,13714726.59608000,132123,13255.67000000,7622817.97592000
1780761600000,2026-06-06 16:00:00,575.86000000,577.66000000,571.25000000,573.73000000,17426.36000000,1780775999999,10007043.02781000,81618,9580.77600000,5502910.12405000
1780776000000,2026-06-06 20:00:00,573.74000000,576.86000000,570.93000000,574.53000000,12992.18300000,1780790399999,7457252.31347000,57222,6957.78200000,3994073.25755000
1780790400000,2026-06-07 00:00:00,574.54000000,581.64000000,573.60000000,581.10000000,35970.00300000,1780804799999,20790866.09568000,160711,24900.37900000,14386728.28783000
1780804800000,2026-06-07 04:00:00,581.09000000,590.00000000,578.00000000,589.67000000,40069.65600000,1780819199999,23462316.61378000,168764,25149.91700000,14728837.16187000
1780819200000,2026-06-07 08:00:00,589.67000000,599.00000000,587.45000000,593.38000000,35811.98300000,1780833599999,21242654.48866000,151258,20899.77100000,12394518.32957000
1780833600000,2026-06-07 12:00:00,593.37000000,593.99000000,585.73000000,591.52000000,28623.87200000,1780847999999,16876514.03647000,130675,14412.67000000,8499209.74608000
1780848000000,2026-06-07 16:00:00,591.53000000,597.65000000,586.70000000,588.62000000,17718.22400000,1780862399999,10501746.54685000,73857,8873.26500000,5262455.74437000
1780862400000,2026-06-07 20:00:00,588.64000000,610.54000000,587.80000000,604.44000000,34650.62400000,1780876799999,20864283.60294000,107299,22037.04600000,13273951.44012000
1780876800000,2026-06-08 00:00:00,604.44000000,608.39000000,599.00000000,603.35000000,18647.70200000,1780891199999,11259190.29586000,119533,9353.39500000,5647981.42129000
1780891200000,2026-06-08 04:00:00,603.36000000,603.70000000,591.55000000,596.39000000,24931.83700000,1780905599999,14863350.74203000,155289,11541.16400000,6879514.04672000
1780905600000,2026-06-08 08:00:00,596.40000000,604.39000000,593.43000000,602.29000000,22250.79400000,1780919999999,13314687.43794000,159056,11084.62000000,6636861.26141000
1780920000000,2026-06-08 12:00:00,602.29000000,606.28000000,597.86000000,604.20000000,29961.76000000,1780934399999,18035476.05662000,149678,13628.21500000,8204227.16675000
1780934400000,2026-06-08 16:00:00,604.21000000,609.98000000,602.38000000,607.66000000,15682.80500000,1780948799999,9515650.00470000,60784,8572.58900000,5203595.41572000
1780948800000,2026-06-08 20:00:00,607.67000000,610.44000000,601.09000000,601.86000000,10000.60800000,1780963199999,6062429.97848000,44976,4782.02600000,2901099.12330000
1780963200000,2026-06-09 00:00:00,601.86000000,602.92000000,593.10000000,599.14000000,22077.22600000,1780977599999,13187310.84150000,110395,9948.99400000,5944477.76117000
1780977600000,2026-06-09 04:00:00,599.14000000,605.68000000,596.50000000,604.23000000,19897.60300000,1780991999999,11996454.51089000,106074,11977.94100000,7222347.44762000
1780992000000,2026-06-09 08:00:00,604.24000000,604.58000000,596.22000000,596.94000000,18689.71300000,1781006399999,11213559.45381000,124421,7289.08100000,4373717.12376000
1781006400000,2026-06-09 12:00:00,596.93000000,599.68000000,584.63000000,586.91000000,38534.51700000,1781020799999,22807650.87116000,235133,15435.85700000,9131840.30034000
1781020800000,2026-06-09 16:00:00,586.91000000,596.97000000,583.84000000,596.76000000,23870.54200000,1781035199999,14087414.07973000,156935,12826.02400000,7574861.21788000
1781035200000,2026-06-09 20:00:00,596.76000000,598.62000000,590.90000000,593.44000000,11567.12400000,1781049599999,6877681.69330000,86515,5385.45500000,3202836.45210000
1781049600000,2026-06-10 00:00:00,593.44000000,594.83000000,586.48000000,587.87000000,14257.24800000,1781063999999,8418819.70228000,115121,6271.47300000,3705078.14033000
1781064000000,2026-06-10 04:00:00,587.88000000,589.46000000,583.58000000,588.63000000,20276.40300000,1781078399999,11885072.26562000,111205,8773.24800000,5144600.08552000
1781078400000,2026-06-10 08:00:00,588.63000000,588.64000000,580.68000000,583.00000000,18632.50500000,1781092799999,10880381.76632000,118610,9277.74500000,5417941.97212000
1781092800000,2026-06-10 12:00:00,583.01000000,598.52000000,582.40000000,596.90000000,30496.20600000,1781107199999,18055775.58151000,189370,16934.44900000,10026945.44281000
1781107200000,2026-06-10 16:00:00,596.90000000,597.16000000,587.05000000,588.06000000,16615.59300000,1781121599999,9820365.25295000,106669,7845.65800000,4638559.82771000
1781121600000,2026-06-10 20:00:00,588.05000000,589.22000000,582.10000000,586.53000000,14568.04700000,1781135999999,8529835.81823000,69130,6785.31900000,3974874.37962000
1781136000000,2026-06-11 00:00:00,586.51000000,597.75000000,586.51000000,596.43000000,16955.08900000,1781150399999,10047328.16894000,102235,10802.81900000,6404313.01014000
1781150400000,2026-06-11 04:00:00,596.43000000,598.26000000,593.72000000,598.21000000,15849.42500000,1781164799999,9439982.66027000,99906,8328.78900000,4961562.67735000
1781164800000,2026-06-11 08:00:00,598.21000000,603.77000000,598.15000000,600.63000000,26205.76000000,1781179199999,15742133.71295000,117469,14506.66400000,8715295.27470000
1781179200000,2026-06-11 12:00:00,600.64000000,602.99000000,597.20000000,598.48000000,19499.66500000,1781193599999,11690430.78010000,125228,9766.56600000,5855853.30965000
1781193600000,2026-06-11 16:00:00,598.48000000,607.33000000,596.03000000,604.46000000,25300.89000000,1781207999999,15236291.86534000,103857,14402.65300000,8675303.05022000
1781208000000,2026-06-11 20:00:00,604.44000000,606.32000000,600.80000000,605.76000000,11995.10000000,1781222399999,7241376.43883000,45498,5604.13000000,3384385.25354000
1781222400000,2026-06-12 00:00:00,605.77000000,606.15000000,601.22000000,602.24000000,14102.35100000,1781236799999,8514116.01766000,71334,6732.46400000,4065597.39691000
1781236800000,2026-06-12 04:00:00,602.24000000,604.90000000,596.58000000,599.82000000,16773.89900000,1781251199999,10072580.26174000,84565,7056.67400000,4239835.84000000
1781251200000,2026-06-12 08:00:00,599.83000000,608.68000000,599.78000000,606.65000000,18563.74500000,1781265599999,11246741.24136000,102792,10727.15900000,6496767.89624000
1781265600000,2026-06-12 12:00:00,606.64000000,613.39000000,603.48000000,605.34000000,35491.90900000,1781279999999,21588473.85468000,168427,18987.76500000,11554477.93646000
1781280000000,2026-06-12 16:00:00,605.34000000,609.47000000,602.74000000,603.45000000,12870.55400000,1781294399999,7807786.05737000,92185,6673.17300000,4049565.16213000
1781294400000,2026-06-12 20:00:00,603.46000000,604.61000000,602.11000000,603.83000000,7533.86900000,1781308799999,4546203.11400000,46467,3286.07200000,1982707.94921000
1781308800000,2026-06-13 00:00:00,603.84000000,606.27000000,599.33000000,600.37000000,18441.86500000,1781323199999,11120368.10513000,61304,6561.80600000,3962069.81748000
1781323200000,2026-06-13 04:00:00,600.37000000,604.00000000,599.48000000,603.27000000,13314.85400000,1781337599999,8003822.27583000,64958,7223.82200000,4342924.49321000
1781337600000,2026-06-13 08:00:00,603.28000000,607.49000000,602.72000000,606.67000000,11740.27000000,1781351999999,7097229.27127000,101708,6554.58700000,3963338.49327000
1781352000000,2026-06-13 12:00:00,606.67000000,611.08000000,606.16000000,610.37000000,16949.94000000,1781366399999,10318318.69161000,84327,8545.22200000,5202410.94724000
1781366400000,2026-06-13 16:00:00,610.38000000,610.49000000,606.69000000,608.48000000,6493.41200000,1781380799999,3950348.50631000,52139,2955.78400000,1798122.24317000
1781380800000,2026-06-13 20:00:00,608.49000000,612.33000000,607.68000000,609.65000000,6550.81200000,1781395199999,3992914.60483000,44890,3624.22100000,2209543.34204000
1781395200000,2026-06-14 00:00:00,609.66000000,611.01000000,608.51000000,610.04000000,8456.31200000,1781409599999,5154889.07928000,41394,3747.83800000,2285219.15407000
1781409600000,2026-06-14 04:00:00,610.04000000,612.10000000,608.00000000,610.31000000,12185.81600000,1781423999999,7432108.14077000,55600,4286.24000000,2615481.02486000
1781424000000,2026-06-14 08:00:00,610.32000000,613.03000000,609.73000000,612.26000000,14418.80100000,1781438399999,8819577.87080000,54938,7948.85600000,4863945.75152000
1781438400000,2026-06-14 12:00:00,612.26000000,612.50000000,605.34000000,608.15000000,31305.25500000,1781452799999,19083851.03035000,105513,10494.39300000,6396632.55531000
1781452800000,2026-06-14 16:00:00,608.16000000,608.76000000,602.88000000,603.28000000,17393.16100000,1781467199999,10530284.84771000,100714,6471.19900000,3918770.32231000
1781467200000,2026-06-14 20:00:00,603.27000000,617.24000000,602.79000000,616.79000000,38268.26600000,1781481599999,23449907.64694000,167434,26236.65000000,16078619.08163000
1781481600000,2026-06-15 00:00:00,616.79000000,618.30000000,612.66000000,617.83000000,16560.18600000,1781495999999,10198261.35263000,93601,9218.35800000,5678015.45630000
1781496000000,2026-06-15 04:00:00,617.84000000,619.00000000,615.49000000,615.58000000,18298.76700000,1781510399999,11291631.77650000,74344,8994.03800000,5549888.73660000
1781510400000,2026-06-15 08:00:00,615.59000000,622.88000000,612.74000000,620.65000000,26092.28100000,1781524799999,16130110.41456000,139670,12573.67500000,7778796.00482000
1781524800000,2026-06-15 12:00:00,620.65000000,632.90000000,619.34000000,629.07000000,69558.57800000,1781539199999,43598136.41805000,308664,31062.45200000,19479954.29235000
1781539200000,2026-06-15 16:00:00,629.07000000,629.68000000,618.69000000,620.91000000,25852.82800000,1781553599999,16157813.30751000,171176,8882.67800000,5552385.99240000
1781553600000,2026-06-15 20:00:00,620.91000000,621.77000000,615.30000000,617.87000000,14175.00200000,1781567999999,8763451.25750000,93679,6081.78800000,3759782.33922000
1781568000000,2026-06-16 00:00:00,617.87000000,619.13000000,611.10000000,615.06000000,22140.71800000,1781582399999,13608102.65445000,111010,8547.10000000,5253386.84469000
1781582400000,2026-06-16 04:00:00,615.07000000,619.21000000,611.80000000,615.77000000,34385.89100000,1781596799999,21165276.87165000,93372,15156.04000000,9333867.68154000
1781596800000,2026-06-16 08:00:00,615.77000000,619.50000000,613.30000000,614.28000000,29635.77900000,1781611199999,18247750.30075000,157919,10391.01800000,6400472.78001000
1781611200000,2026-06-16 12:00:00,614.29000000,617.94000000,601.33000000,606.47000000,74075.34000000,1781625599999,45061237.83934000,318162,23375.45900000,14204209.08213000
1781625600000,2026-06-16 16:00:00,606.48000000,610.76000000,604.01000000,607.05000000,18479.79300000,1781639999999,11207849.96723000,135244,6878.19200000,4173261.04358000
1781640000000,2026-06-16 20:00:00,607.06000000,608.93000000,604.56000000,604.94000000,13471.89600000,1781654399999,8171987.94276000,94604,4805.27200000,2915546.04335000
1781654400000,2026-06-17 00:00:00,604.94000000,608.40000000,603.10000000,604.77000000,16400.81300000,1781668799999,9931202.53833000,119255,6057.08700000,3668723.56423000
1781668800000,2026-06-17 04:00:00,604.78000000,609.70000000,604.30000000,606.62000000,21872.10800000,1781683199999,13279878.26622000,126029,10971.82400000,6662605.85823000
1781683200000,2026-06-17 08:00:00,606.63000000,606.69000000,600.90000000,604.07000000,22298.71200000,1781697599999,13445128.69844000,117360,9404.19300000,5669360.70844000
1781697600000,2026-06-17 12:00:00,604.07000000,612.50000000,601.01000000,605.55000000,58015.47500000,1781711999999,35194320.10075000,253342,27994.50600000,16979562.50740000
1781712000000,2026-06-17 16:00:00,605.56000000,609.75000000,597.03000000,598.62000000,36748.91000000,1781726399999,22195545.90985000,175433,17786.27400000,10745143.27225000
1781726400000,2026-06-17 20:00:00,598.60000000,602.29000000,595.11000000,601.63000000,14048.17100000,1781740799999,8419847.16352000,64133,7285.44000000,4367403.07804000
1781740800000,2026-06-18 00:00:00,601.63000000,604.31000000,596.25000000,596.60000000,17644.62100000,1781755199999,10599100.71534000,105742,7167.89200000,4308321.78656000
1781755200000,2026-06-18 04:00:00,596.60000000,597.04000000,587.38000000,589.57000000,36450.08600000,1781769599999,21512505.05563000,194243,13823.53300000,8155277.52842000
1781769600000,2026-06-18 08:00:00,589.56000000,592.80000000,588.49000000,589.64000000,13085.22500000,1781783999999,7726330.87206000,78376,6976.82400000,4119699.86201000
1781784000000,2026-06-18 12:00:00,589.64000000,592.50000000,573.00000000,573.74000000,44152.81600000,1781798399999,25765587.85795000,179272,18509.76600000,10810421.57629000
1781798400000,2026-06-18 16:00:00,573.75000000,579.83000000,573.48000000,578.88000000,27437.11000000,1781812799999,15822921.94199000,127846,14107.55400000,8135930.11647000
1781812800000,2026-06-18 20:00:00,578.88000000,581.12000000,576.94000000,578.48000000,12798.95400000,1781827199999,7412784.84417000,61110,6431.87200000,3725376.55043000
1781827200000,2026-06-19 00:00:00,578.48000000,583.29000000,575.90000000,578.19000000,14688.52100000,1781841599999,8514697.85436000,85564,8199.80800000,4754554.65781000
1781841600000,2026-06-19 04:00:00,578.19000000,578.89000000,570.82000000,574.97000000,21351.89500000,1781855999999,12262234.33272000,114910,8738.61000000,5019023.92565000
1781856000000,2026-06-19 08:00:00,574.97000000,575.28000000,571.00000000,573.28000000,17210.05500000,1781870399999,9858678.95587000,104450,6496.32800000,3720871.31255000
1781870400000,2026-06-19 12:00:00,573.29000000,579.73000000,572.12000000,578.77000000,21356.00300000,1781884799999,12307900.64958000,113579,10402.58000000,5999060.68459000
1781884800000,2026-06-19 16:00:00,578.77000000,582.00000000,577.20000000,579.93000000,9629.80000000,1781899199999,5577422.55305000,75467,4818.78400000,2791538.05206000
1781899200000,2026-06-19 20:00:00,579.94000000,582.47000000,578.97000000,581.42000000,10106.91700000,1781913599999,5868552.90265000,38155,6669.32400000,3872735.12833000
1781913600000,2026-06-20 00:00:00,581.41000000,582.75000000,580.12000000,580.60000000,15325.00400000,1781927999999,8906701.24992000,63252,10038.68600000,5834480.15884000
1781928000000,2026-06-20 04:00:00,580.60000000,589.43000000,580.24000000,587.69000000,24665.48800000,1781942399999,14401689.12675000,93051,15978.75400000,9327030.89155000
1781942400000,2026-06-20 08:00:00,587.70000000,588.30000000,585.38000000,586.38000000,14244.61000000,1781956799999,8356896.98090000,61656,8188.89300000,4804343.07608000
1781956800000,2026-06-20 12:00:00,586.37000000,589.00000000,582.00000000,587.20000000,18233.10600000,1781971199999,10675727.48620000,99826,10118.91700000,5926548.10988000
1781971200000,2026-06-20 16:00:00,587.21000000,587.40000000,584.00000000,585.92000000,6243.84500000,1781985599999,3659117.10389000,47513,2862.01300000,1677211.16512000
1781985600000,2026-06-20 20:00:00,585.92000000,588.50000000,585.00000000,588.03000000,5828.11700000,1781999999999,3421723.39830000,40968,3083.53600000,1810457.25523000
1782000000000,2026-06-21 00:00:00,588.03000000,591.00000000,587.00000000,590.36000000,10367.99300000,1782014399999,6108324.18705000,66968,6213.24300000,3660878.97140000
1782014400000,2026-06-21 04:00:00,590.37000000,591.83000000,588.81000000,590.94000000,9427.15000000,1782028799999,5563922.41170000,50678,4289.53300000,2532112.28231000
1782028800000,2026-06-21 08:00:00,590.94000000,591.78000000,587.51000000,588.45000000,10602.73000000,1782043199999,6248407.67037000,73233,5051.15500000,2976387.29588000
1782043200000,2026-06-21 12:00:00,588.44000000,590.50000000,585.15000000,589.88000000,15171.08700000,1782057599999,8913298.27836000,70381,8380.68300000,4923331.48329000
1782057600000,2026-06-21 16:00:00,589.88000000,592.56000000,588.58000000,591.85000000,6882.84700000,1782071999999,4065871.10264000,52750,3762.99300000,2223398.01892000
1782072000000,2026-06-21 20:00:00,591.85000000,591.89000000,583.60000000,584.23000000,10909.44500000,1782086399999,6401803.57679000,80746,4793.54400000,2812710.48114000
1782086400000,2026-06-22 00:00:00,584.23000000,596.31000000,584.07000000,590.05000000,22605.86800000,1782100799999,13383116.73369000,134011,13753.14500000,8144098.15294000
1782100800000,2026-06-22 04:00:00,590.05000000,595.03000000,589.31000000,593.96000000,14871.49700000,1782115199999,8806694.73323000,88212,7159.83100000,4239491.81567000
1782115200000,2026-06-22 08:00:00,593.97000000,598.00000000,591.23000000,597.17000000,14406.13400000,1782129599999,8559327.93444000,84995,7793.67100000,4631902.44129000
1782129600000,2026-06-22 12:00:00,597.17000000,602.31000000,595.50000000,596.25000000,30488.83500000,1782143999999,18261455.76754000,161443,13525.16600000,8101174.09259000
1782144000000,2026-06-22 16:00:00,596.25000000,597.00000000,590.23000000,592.29000000,14208.17500000,1782158399999,8436204.20195000,87243,6634.12900000,3937956.36600000
1782158400000,2026-06-22 20:00:00,592.29000000,593.15000000,587.88000000,590.15000000,8851.12100000,1782172799999,5226201.97175000,48647,4023.86500000,2376058.45705000
1782172800000,2026-06-23 00:00:00,590.14000000,592.83000000,588.03000000,591.96000000,11648.44200000,1782187199999,6883520.89238000,82867,5514.39000000,3258679.41347000
1782187200000,2026-06-23 04:00:00,591.97000000,592.31000000,577.46000000,580.88000000,20251.57400000,1782201599999,11808721.72500000,142557,8776.93400000,5117625.24509000
1782201600000,2026-06-23 08:00:00,580.87000000,581.43000000,570.57000000,574.07000000,38951.07400000,1782215999999,22350338.34525000,211332,16304.08000000,9357496.52870000
1782216000000,2026-06-23 12:00:00,574.07000000,577.02000000,571.21000000,574.67000000,19540.57200000,1782230399999,11216956.84740000,146376,9843.39600000,5651486.70344000
1782230400000,2026-06-23 16:00:00,574.67000000,577.25000000,572.70000000,576.20000000,11412.80900000,1782244799999,6561415.37735000,81130,6612.10400000,3801658.89300000
1782244800000,2026-06-23 20:00:00,576.20000000,579.24000000,575.51000000,578.08000000,7050.41100000,1782259199999,4069237.09120000,48483,3610.53000000,2084096.42679000
1782259200000,2026-06-24 00:00:00,578.09000000,581.63000000,575.38000000,577.85000000,8595.40100000,1782273599999,4976133.46930000,107987,4205.30600000,2434981.49224000
1782273600000,2026-06-24 04:00:00,577.85000000,581.40000000,574.24000000,576.92000000,8601.19600000,1782287999999,4972056.71182000,70906,3919.86000000,2266400.49408000
1782288000000,2026-06-24 08:00:00,576.93000000,582.21000000,573.84000000,579.79000000,13848.58600000,1782302399999,7988803.84953000,99300,6616.34200000,3817380.71145000
1782302400000,2026-06-24 12:00:00,579.79000000,580.33000000,561.02000000,561.41000000,43424.31800000,1782316799999,24742947.46776000,236146,18315.27400000,10438984.78904000
1782316800000,2026-06-24 16:00:00,561.40000000,563.79000000,546.60000000,555.57000000,63588.38400000,1782331199999,35244191.91033000,290440,24476.22200000,13565034.49076000
1782331200000,2026-06-24 20:00:00,555.57000000,566.26000000,554.67000000,564.67000000,22850.11300000,1782345599999,12854189.45226000,91106,11656.07400000,6553465.13482000
1782345600000,2026-06-25 00:00:00,564.66000000,567.11000000,563.09000000,565.79000000,11715.36400000,1782359999999,6624688.13387000,123372,5969.29900000,3375635.88931000
1782360000000,2026-06-25 04:00:00,565.78000000,572.72000000,563.79000000,570.47000000,20231.28100000,1782374399999,11528988.35071000,114905,11219.00100000,6392217.78598000
1782374400000,2026-06-25 08:00:00,570.47000000,570.61000000,560.46000000,562.70000000,21541.01700000,1782388799999,12203306.36487000,107811,9115.36300000,5167652.25281000
1782388800000,2026-06-25 12:00:00,562.71000000,568.58000000,540.60000000,554.04000000,76637.13700000,1782403199999,42418705.02790000,394260,36459.14300000,20201178.23889000
1782403200000,2026-06-25 16:00:00,554.04000000,560.24000000,552.46000000,554.27000000,15920.68600000,1782417599999,8852058.07255000,114145,8459.71200000,4704185.41589000
1782417600000,2026-06-25 20:00:00,554.28000000,563.00000000,554.27000000,560.62000000,10222.43100000,1782431999999,5716482.82510000,58284,5539.89500000,3096869.57634000
1782432000000,2026-06-26 00:00:00,560.63000000,564.98000000,550.37000000,562.99000000,39254.64500000,1782446399999,21901924.73238000,230929,21430.72000000,11960604.41307000
1782446400000,2026-06-26 04:00:00,562.99000000,570.34000000,559.04000000,569.48000000,30702.13400000,1782460799999,17310260.20500000,178273,16114.02000000,9092899.84879000
1782460800000,2026-06-26 08:00:00,569.49000000,569.96000000,558.82000000,558.99000000,36766.36700000,1782475199999,20781716.91284000,205371,18078.46800000,10221241.55021000
1782475200000,2026-06-26 12:00:00,558.99000000,567.20000000,551.92000000,565.28000000,50625.07400000,1782489599999,28364210.69614000,214960,23048.31100000,12915606.71969000
1782489600000,2026-06-26 16:00:00,565.28000000,568.98000000,562.77000000,565.82000000,20166.20100000,1782503999999,11428372.38922000,106098,11191.71400000,6343522.44617000
1782504000000,2026-06-26 20:00:00,565.85000000,568.68000000,564.46000000,567.64000000,8688.98600000,1782518399999,4927332.04881000,48447,4147.92900000,2351821.16199000
1782518400000,2026-06-27 00:00:00,567.65000000,568.66000000,565.23000000,566.96000000,10668.18800000,1782532799999,6048811.89674000,100057,5305.80200000,3008702.77210000
1782532800000,2026-06-27 04:00:00,566.96000000,567.95000000,563.93000000,565.53000000,15786.08300000,1782547199999,8928712.97919000,76797,7423.75700000,4198733.62164000
1782547200000,2026-06-27 08:00:00,565.53000000,565.72000000,562.53000000,563.16000000,13208.03500000,1782561599999,7455199.26166000,80329,5502.84000000,3105964.53988000
1782561600000,2026-06-27 12:00:00,563.16000000,567.04000000,562.47000000,565.46000000,15042.78100000,1782575999999,8495794.60142000,108721,6130.84900000,3462838.26911000
1782576000000,2026-06-27 16:00:00,565.47000000,566.76000000,557.95000000,559.12000000,12143.07300000,1782590399999,6839101.06047000,71439,4873.60900000,2745299.52358000
1782590400000,2026-06-27 20:00:00,559.11000000,563.28000000,554.53000000,557.20000000,14563.75000000,1782604799999,8136467.01087000,66001,6565.68600000,3671278.44923000
1782604800000,2026-06-28 00:00:00,557.19000000,558.85000000,556.46000000,558.74000000,5867.26200000,1782619199999,3273136.44446000,105037,3242.48600000,1808964.45412000
1782619200000,2026-06-28 04:00:00,558.74000000,558.74000000,554.03000000,556.45000000,8767.07800000,1782633599999,4874101.70997000,61736,3715.46600000,2065535.80828000
1782633600000,2026-06-28 08:00:00,556.46000000,558.89000000,554.35000000,557.29000000,14771.85600000,1782647999999,8219506.91810000,76525,6815.65900000,3793238.37542000
1782648000000,2026-06-28 12:00:00,557.29000000,558.00000000,553.80000000,554.55000000,11020.55200000,1782662399999,6122670.69038000,82093,4622.00100000,2568733.90614000
1782662400000,2026-06-28 16:00:00,554.56000000,554.84000000,547.23000000,548.45000000,17304.20100000,1782676799999,9535416.66698000,102391,6528.46100000,3597537.48982000
1782676800000,2026-06-28 20:00:00,548.44000000,555.28000000,545.62000000,551.07000000,19136.90800000,1782691199999,10539759.31610000,106675,10017.05100000,5517904.78026000
1782691200000,2026-06-29 00:00:00,551.07000000,556.69000000,546.67000000,555.19000000,12917.62800000,1782705599999,7135251.61725000,128778,6577.59600000,3635168.02582000
1782705600000,2026-06-29 04:00:00,555.20000000,555.53000000,548.37000000,553.60000000,14356.21100000,1782719999999,7935266.63964000,99563,6401.54900000,3539164.51792000
1782720000000,2026-06-29 08:00:00,553.60000000,555.78000000,550.51000000,551.87000000,16456.67200000,1782734399999,9106270.70981000,93817,7913.69100000,4379269.68150000
1782734400000,2026-06-29 12:00:00,551.86000000,558.42000000,546.17000000,551.97000000,26768.62100000,1782748799999,14768567.02445000,185174,12343.45400000,6814211.99721000
1782748800000,2026-06-29 16:00:00,551.97000000,563.16000000,550.34000000,561.78000000,28961.63400000,1782763199999,16174794.78117000,99832,15252.55800000,8515250.37961000
1782763200000,2026-06-29 20:00:00,561.78000000,562.21000000,559.28000000,559.52000000,6333.35800000,1782777599999,3550715.64037000,39789,2583.25100000,1448284.38065000
1782777600000,2026-06-30 00:00:00,559.51000000,560.40000000,553.76000000,553.77000000,13683.89300000,1782791999999,7609104.75642000,121943,6340.90300000,3526620.17602000
1782792000000,2026-06-30 04:00:00,553.76000000,554.73000000,551.62000000,552.42000000,13039.72400000,1782806399999,7209771.23017000,66203,5540.64600000,3063273.58541000
1782806400000,2026-06-30 08:00:00,552.42000000,553.06000000,547.00000000,547.70000000,23300.55700000,1782820799999,12809442.75683000,93985,11736.67000000,6451277.17344000
1782820800000,2026-06-30 12:00:00,547.71000000,551.56000000,543.68000000,544.96000000,31849.99900000,1782835199999,17400481.54459000,165306,14070.71900000,7691222.62566000
1782835200000,2026-06-30 16:00:00,544.96000000,548.66000000,544.86000000,547.40000000,12738.72800000,1782849599999,6962987.66170000,87860,6321.43600000,3455153.52177000
1782849600000,2026-06-30 20:00:00,547.38000000,547.70000000,544.13000000,546.52000000,11702.61900000,1782863999999,6384423.58161000,51890,4825.11600000,2632880.70335000
1782864000000,2026-07-01 00:00:00,546.52000000,552.83000000,540.00000000,551.52000000,26274.24100000,1782878399999,14375570.52557000,126999,15389.54600000,8430112.48492000
1782878400000,2026-07-01 04:00:00,551.52000000,552.65000000,545.08000000,546.89000000,15985.38100000,1782892799999,8778185.56018000,71537,8785.38300000,4827799.76905000
1782892800000,2026-07-01 08:00:00,546.88000000,547.69000000,537.25000000,542.64000000,34363.08800000,1782907199999,18657551.25688000,135722,13451.64700000,7304911.77301000
1782907200000,2026-07-01 12:00:00,542.64000000,555.68000000,541.32000000,554.36000000,44000.34100000,1782921599999,24134129.39057000,200339,21249.78400000,11665211.69001000
1782921600000,2026-07-01 16:00:00,554.36000000,554.96000000,550.15000000,551.25000000,25310.10300000,1782935999999,13982888.94268000,113588,11063.15000000,6111415.38315000
1782936000000,2026-07-01 20:00:00,551.26000000,559.55000000,550.03000000,550.44000000,16140.01800000,1782950399999,8954804.25163000,64188,8294.05400000,4603754.00787000
1782950400000,2026-07-02 00:00:00,550.45000000,561.19000000,546.21000000,556.94000000,23289.30100000,1782964799999,12891799.44893000,92489,15114.08500000,8380036.91111000
1782964800000,2026-07-02 04:00:00,556.93000000,556.93000000,548.74000000,549.40000000,20760.49800000,1782979199999,11464121.18435000,101705,9537.05800000,5268610.54672000
1782979200000,2026-07-02 08:00:00,549.40000000,561.73000000,549.25000000,559.93000000,35061.15200000,1782993599999,19501679.56753000,140945,19684.40500000,10948200.51639000
1782993600000,2026-07-02 12:00:00,559.94000000,567.17000000,559.14000000,562.54000000,49231.81800000,1783007999999,27733802.05210000,213350,26335.74300000,14838362.85019000
1783008000000,2026-07-02 16:00:00,562.54000000,564.16000000,558.00000000,558.14000000,14749.84800000,1783022399999,8274164.23391000,91548,7313.05400000,4101652.42711000
1783022400000,2026-07-02 20:00:00,558.14000000,559.60000000,556.16000000,558.96000000,9224.19700000,1783036799999,5144256.01047000,37586,4465.67100000,2490093.89604000
1783036800000,2026-07-03 00:00:00,558.95000000,562.12000000,556.99000000,561.03000000,12219.00600000,1783051199999,6843018.74447000,73767,5772.84300000,3233253.75252000
1783051200000,2026-07-03 04:00:00,561.03000000,563.97000000,560.04000000,561.69000000,12372.85900000,1783065599999,6952940.37855000,77037,6078.31600000,3415684.77205000
1783065600000,2026-07-03 08:00:00,561.68000000,567.58000000,561.34000000,566.77000000,26349.25100000,1783079999999,14874725.14794000,114011,11482.45900000,6481000.70471000
1783080000000,2026-07-03 12:00:00,566.78000000,568.45000000,563.23000000,565.65000000,24888.36600000,1783094399999,14082956.94130000,131102,9603.43700000,5435583.90807000
1783094400000,2026-07-03 16:00:00,565.66000000,571.50000000,564.60000000,569.69000000,14527.06600000,1783108799999,8251810.92245000,85337,7248.48100000,4117023.99613000
1783108800000,2026-07-03 20:00:00,569.69000000,575.21000000,569.51000000,573.81000000,14302.44300000,1783123199999,8195697.40060000,84790,7032.40100000,4028511.27331000
1783123200000,2026-07-04 00:00:00,573.81000000,575.71000000,570.93000000,572.23000000,12691.29600000,1783137599999,7269222.31883000,91581,6650.93300000,3809979.44370000
1783137600000,2026-07-04 04:00:00,572.23000000,573.36000000,568.70000000,569.70000000,19349.76400000,1783151999999,11042125.43654000,85382,8230.25800000,4696872.76562000
1783152000000,2026-07-04 08:00:00,569.71000000,576.24000000,569.21000000,571.91000000,19981.25700000,1783166399999,11443019.67668000,100671,9661.78700000,5534528.01319000
1783166400000,2026-07-04 12:00:00,571.91000000,578.23000000,571.90000000,576.74000000,18379.00300000,1783180799999,10575962.57103000,97820,8843.46500000,5089021.22212000
1783180800000,2026-07-04 16:00:00,576.74000000,578.82000000,574.46000000,575.52000000,14055.01800000,1783195199999,8102746.02734000,79734,6169.21500000,3557032.32864000
1783195200000,2026-07-04 20:00:00,575.52000000,578.27000000,572.57000000,575.37000000,12257.79600000,1783209599999,7049499.86676000,65649,6427.99900000,3696319.20165000
1783209600000,2026-07-05 00:00:00,575.38000000,575.43000000,568.19000000,570.44000000,13791.61700000,1783223999999,7879588.73389000,87662,6101.34600000,3486126.18985000
1783224000000,2026-07-05 04:00:00,570.44000000,575.83000000,569.88000000,575.64000000,15559.30200000,1783238399999,8896469.02050000,72254,8531.42700000,4878916.32294000
1783238400000,2026-07-05 08:00:00,575.65000000,579.00000000,572.48000000,577.05000000,26110.95300000,1783252799999,15047220.66726000,125742,11666.00100000,6722523.31674000
1783252800000,2026-07-05 12:00:00,577.06000000,589.85000000,576.19000000,587.34000000,39665.87900000,1783267199999,23232302.49130000,203989,20877.35700000,12224872.63905000
1783267200000,2026-07-05 16:00:00,587.34000000,591.80000000,583.49000000,589.45000000,20577.93500000,1783281599999,12094193.39987000,122715,10251.88200000,6026764.74388000
1783281600000,2026-07-05 20:00:00,589.44000000,593.47000000,585.84000000,589.87000000,17131.14800000,1783295999999,10107932.87244000,93497,8360.31400000,4934206.02434000
1783296000000,2026-07-06 00:00:00,589.88000000,593.10000000,582.67000000,585.41000000,21655.06200000,1783310399999,12725267.19330000,146108,9207.47000000,5412806.84083000
1783310400000,2026-07-06 04:00:00,585.41000000,585.68000000,581.03000000,582.08000000,16865.24200000,1783324799999,9830074.27257000,89857,7339.12900000,4277295.21095000
1783324800000,2026-07-06 08:00:00,582.07000000,582.90000000,576.10000000,577.81000000,19097.25600000,1783339199999,11072254.13331000,107026,8724.84900000,5058897.64881000
1783339200000,2026-07-06 12:00:00,577.81000000,585.00000000,570.12000000,584.74000000,45128.13600000,1783353599999,25996234.04283000,237141,23600.82900000,13606318.56061000
1783353600000,2026-07-06 16:00:00,584.75000000,586.71000000,582.85000000,585.15000000,22209.49400000,1783367999999,12985693.11245000,117260,10545.73400000,6166206.01868000
1783368000000,2026-07-06 20:00:00,585.15000000,592.10000000,583.55000000,586.01000000,15850.30500000,1783382399999,9322287.07724000,73782,8711.51300000,5125232.18373000
1783382400000,2026-07-07 00:00:00,586.02000000,587.92000000,578.22000000,579.18000000,13612.04100000,1783396799999,7936238.98833000,92508,6284.72100000,3666077.83623000
1783396800000,2026-07-07 04:00:00,579.18000000,580.79000000,576.39000000,578.33000000,14327.81300000,1783411199999,8296701.39013000,82847,7749.64300000,4487716.78590000
1783411200000,2026-07-07 08:00:00,578.32000000,580.40000000,576.52000000,580.23000000,13786.31900000,1783425599999,7972991.58626000,85202,6164.68400000,3565712.47818000
1783425600000,2026-07-07 12:00:00,580.23000000,585.61000000,575.28000000,584.74000000,22126.99200000,1783439999999,12844907.15105000,144173,11275.58400000,6547846.35767000
1783440000000,2026-07-07 16:00:00,584.73000000,587.16000000,580.01000000,583.29000000,17691.19700000,1783454399999,10337828.87898000,116515,8236.04100000,4813271.32721000
1783454400000,2026-07-07 20:00:00,583.29000000,583.80000000,576.40000000,576.82000000,11524.12700000,1783468799999,6679823.67957000,63042,3676.80900000,2131672.12446000
1783468800000,2026-07-08 00:00:00,576.83000000,579.00000000,567.45000000,569.05000000,22550.58100000,1783483199999,12907934.95603000,146619,8684.14800000,4969328.37038000
1783483200000,2026-07-08 04:00:00,569.06000000,570.31000000,565.23000000,567.94000000,15467.47400000,1783497599999,8780098.82395000,104400,6692.06500000,3798596.77280000
1783497600000,2026-07-08 08:00:00,567.94000000,568.78000000,560.40000000,566.13000000,24124.94800000,1783511999999,13592609.84404000,145998,11098.56700000,6254207.44850000
1783512000000,2026-07-08 12:00:00,566.14000000,567.38000000,560.94000000,562.36000000,17574.95100000,1783526399999,9917611.40391000,116932,8018.02800000,4525638.64203000
1783526400000,2026-07-08 16:00:00,562.36000000,567.87000000,561.64000000,566.94000000,12328.24300000,1783540799999,6968421.09667000,71626,6262.15600000,3539791.45617000
1783540800000,2026-07-08 20:00:00,566.95000000,568.98000000,564.77000000,568.66000000,7370.79100000,1783555199999,4179654.56002000,40599,3706.62700000,2102094.45394000
1783555200000,2026-07-09 00:00:00,568.66000000,572.81000000,565.48000000,568.26000000,11207.01800000,1783569599999,6372454.44840000,74030,6232.78000000,3545233.16752000
1783569600000,2026-07-09 04:00:00,568.26000000,577.15000000,567.66000000,572.74000000,19793.43700000,1783583999999,11337245.05357000,105439,8650.10300000,4952802.40331000
1783584000000,2026-07-09 08:00:00,572.74000000,573.52000000,568.93000000,569.77000000,24040.65100000,1783598399999,13743213.88996000,103044,9510.53300000,5437150.85032000
1783598400000,2026-07-09 12:00:00,569.77000000,573.00000000,568.07000000,571.03000000,15050.39900000,1783612799999,8581485.61877000,121792,6663.72700000,3799734.24874000
1783612800000,2026-07-09 16:00:00,571.02000000,573.67000000,569.30000000,570.26000000,9539.49100000,1783627199999,5449538.98241000,74341,4470.71400000,2554332.86306000
1783627200000,2026-07-09 20:00:00,570.26000000,571.21000000,568.62000000,568.72000000,5990.61300000,1783641599999,3414401.45535000,35426,2582.09400000,1471912.32448000
1783641600000,2026-07-10 00:00:00,568.73000000,576.69000000,568.02000000,575.52000000,17703.90600000,1783655999999,10166133.91159000,77871,10799.82100000,6202645.55983000
1783656000000,2026-07-10 04:00:00,575.52000000,578.14000000,573.86000000,574.00000000,20552.97400000,1783670399999,11843374.71615000,74769,9394.45400000,5414746.01147000
1783670400000,2026-07-10 08:00:00,574.00000000,577.66000000,573.93000000,575.59000000,17829.91800000,1783684799999,10272244.28083000,100874,8000.96600000,4610290.29409000
1783684800000,2026-07-10 12:00:00,575.60000000,577.00000000,569.63000000,573.86000000,16217.65600000,1783699199999,9308208.12232000,104862,7602.00300000,4363086.81580000
1783699200000,2026-07-10 16:00:00,573.86000000,578.31000000,573.86000000,575.99000000,10097.02300000,1783713599999,5815002.20046000,63186,5055.80600000,2912282.08391000
1783713600000,2026-07-10 20:00:00,575.99000000,577.01000000,574.69000000,575.43000000,5104.89700000,1783727999999,2939746.59114000,44799,2589.09000000,1490994.53672000
1783728000000,2026-07-11 00:00:00,575.44000000,576.07000000,573.06000000,574.91000000,14391.70700000,1783742399999,8278581.42418000,56543,5683.05400000,3268766.79998000
1783742400000,2026-07-11 04:00:00,574.92000000,577.72000000,574.31000000,576.92000000,11419.02200000,1783756799999,6574928.77662000,52673,6870.20500000,3955970.54493000
1783756800000,2026-07-11 08:00:00,576.92000000,579.84000000,576.61000000,579.39000000,10306.69000000,1783771199999,5959690.53733000,56378,5877.98400000,3399016.18164000
1783771200000,2026-07-11 12:00:00,579.39000000,583.01000000,577.81000000,579.86000000,17065.04300000,1783785599999,9915987.57819000,89917,8519.51700000,4950225.82728000
1783785600000,2026-07-11 16:00:00,579.87000000,581.52000000,579.23000000,580.56000000,5633.81700000,1783799999999,3269997.73812000,46896,2575.38900000,1494907.26222000
1783800000000,2026-07-11 20:00:00,580.57000000,582.08000000,574.65000000,574.65000000,6900.06000000,1783814399999,3994165.11359000,46214,2795.43300000,1618655.28810000
1783814400000,2026-07-12 00:00:00,574.65000000,575.89000000,570.30000000,575.39000000,11376.94000000,1783828799999,6518213.01736000,72708,5388.24400000,3087336.25930000
1783828800000,2026-07-12 04:00:00,575.40000000,575.89000000,570.13000000,572.37000000,11993.43600000,1783843199999,6866677.32421000,52631,4503.59000000,2579141.20869000
1783843200000,2026-07-12 08:00:00,572.37000000,580.53000000,572.26000000,580.17000000,17188.49700000,1783857599999,9885389.50031000,79575,9621.70500000,5533700.27827000
1783857600000,2026-07-12 12:00:00,580.18000000,584.63000000,579.36000000,581.10000000,21416.12600000,1783871999999,12451709.58131000,103764,8698.31400000,5057759.50189000
1783872000000,2026-07-12 16:00:00,581.09000000,582.07000000,578.88000000,579.86000000,9564.17900000,1783886399999,5548216.17207000,47737,4143.31500000,2403771.02043000
1783886400000,2026-07-12 20:00:00,579.87000000,579.96000000,572.89000000,573.91000000,10176.87400000,1783900799999,5858464.44366000,50564,3734.42200000,2149307.59166000
1783900800000,2026-07-13 00:00:00,573.91000000,579.89000000,566.67000000,569.04000000,21142.99000000,1783915199999,12109732.71464000,128079,8340.67600000,4784079.22545000
1783915200000,2026-07-13 04:00:00,569.05000000,570.58000000,566.28000000,570.11000000,10869.08900000,1783929599999,6182047.31499000,72336,5231.31100000,2976472.36775000
1783929600000,2026-07-13 08:00:00,570.11000000,571.10000000,568.45000000,569.66000000,12387.05300000,1783943999999,7059244.78382000,67288,5350.61300000,3049110.41796000
1783944000000,2026-07-13 12:00:00,569.67000000,571.78000000,565.61000000,568.72000000,13743.31100000,1783958399999,7813067.72318000,94301,6068.78400000,3450194.32311000
1783958400000,2026-07-13 16:00:00,568.72000000,568.88000000,562.37000000,566.29000000,12017.27500000,1783972799999,6791649.93161000,81540,5302.55100000,2997045.08379000
1783972800000,2026-07-13 20:00:00,566.29000000,567.50000000,563.31000000,567.49000000,6565.40500000,1783987199999,3712705.58520000,40898,2932.54000000,1658601.17326000
1783987200000,2026-07-14 00:00:00,567.50000000,570.57000000,566.74000000,569.98000000,11899.99200000,1784001599999,6773090.93984000,65167,5852.95900000,3331143.41551000
1784001600000,2026-07-14 04:00:00,569.99000000,571.68000000,568.93000000,570.15000000,13379.08700000,1784015999999,7631329.14516000,66123,7153.70200000,4081357.32943000
1784016000000,2026-07-14 08:00:00,570.16000000,571.74000000,569.14000000,570.96000000,12323.01900000,1784030399999,7032216.71771000,66617,5737.25200000,3273954.49714000
1784030400000,2026-07-14 12:00:00,570.96000000,584.64000000,570.21000000,582.87000000,54190.61600000,1784044799999,31371023.11790000,202766,25022.41400000,14479945.95835000
1784044800000,2026-07-14 16:00:00,582.87000000,583.41000000,579.10000000,580.64000000,19812.64400000,1784059199999,11507429.31454000,70650,6383.06900000,3708206.94105000
1784059200000,2026-07-14 20:00:00,580.65000000,582.91000000,579.27000000,581.87000000,11629.82800000,1784073599999,6760279.96746000,53347,6181.56200000,3593863.07832000
1784073600000,2026-07-15 00:00:00,581.88000000,583.17000000,579.20000000,580.71000000,14805.68100000,1784087999999,8604843.01065000,61065,6405.60800000,3722790.57437000
1784088000000,2026-07-15 04:00:00,580.72000000,582.28000000,576.49000000,576.49000000,20642.74300000,1784102399999,11953718.90987000,77720,9615.48000000,5569055.45459000
1784102400000,2026-07-15 08:00:00,576.50000000,579.10000000,575.80000000,579.01000000,18256.09000000,1784116799999,10545135.51852000,86444,7575.52900000,4375936.98829000
1784116800000,2026-07-15 12:00:00,579.02000000,585.30000000,577.22000000,581.73000000,34690.70500000,1784131199999,20182875.73437000,179519,15110.61600000,8794485.08729000
1784131200000,2026-07-15 16:00:00,581.74000000,581.91000000,576.63000000,579.48000000,14929.38100000,1784145599999,8651575.12993000,81379,6057.44700000,3509779.18500000
1784145600000,2026-07-15 20:00:00,579.50000000,581.97000000,579.30000000,580.55000000,9571.25700000,1784159999999,5559916.38450000,45818,3737.49900000,2171217.28293000
1784160000000,2026-07-16 00:00:00,580.56000000,582.40000000,577.85000000,581.46000000,14733.76000000,1784174399999,8544752.76513000,90516,6682.13000000,3876230.68981000
1784174400000,2026-07-16 04:00:00,581.47000000,585.87000000,578.88000000,579.86000000,14193.54900000,1784188799999,8271374.95656000,71340,6553.40000000,3820801.97456000
1784188800000,2026-07-16 08:00:00,579.86000000,580.07000000,574.57000000,578.09000000,14502.90300000,1784203199999,8371415.67731000,79457,5565.50900000,3212499.82466000
1784203200000,2026-07-16 12:00:00,578.09000000,581.21000000,575.66000000,579.48000000,15236.59900000,1784217599999,8817910.74044000,95629,5817.90500000,3367843.90232000
1784217600000,2026-07-16 16:00:00,579.49000000,579.56000000,574.28000000,575.80000000,18136.93000000,1784231999999,10458637.40243000,71316,7101.57100000,4095800.87270000
1784232000000,2026-07-16 20:00:00,575.81000000,577.00000000,571.69000000,572.45000000,9545.50200000,1784246399999,5483372.76858000,48401,3525.80200000,2025651.79026000
1784246400000,2026-07-17 00:00:00,572.45000000,574.84000000,570.32000000,572.36000000,16940.22600000,1784260799999,9696428.61759000,82626,7383.23900000,4226810.29346000
1784260800000,2026-07-17 04:00:00,572.37000000,572.74000000,566.00000000,566.00000000,20220.86000000,1784275199999,11511412.74015000,85073,6708.80600000,3820915.36829000
1784275200000,2026-07-17 08:00:00,566.01000000,566.01000000,562.86000000,564.78000000,49072.51100000,1784289599999,27698173.16118000,127026,21858.66300000,12338236.40588000
1784289600000,2026-07-17 12:00:00,564.78000000,565.13000000,555.59000000,562.97000000,35489.94800000,1784303999999,19907377.02896000,165049,14098.91000000,7906746.41462000
1784304000000,2026-07-17 16:00:00,562.97000000,568.05000000,562.19000000,568.05000000,16221.52800000,1784318399999,9172098.57301000,86985,9133.26400000,5165315.76550000
1784318400000,2026-07-17 20:00:00,568.05000000,569.16000000,566.62000000,568.09000000,4720.11800000,1784332799999,2680653.19758000,31746,2406.82300000,1366914.12125000
1784332800000,2026-07-18 00:00:00,568.09000000,569.21000000,566.25000000,568.39000000,11604.09600000,1784347199999,6589535.40579000,36355,6322.20900000,3590443.97842000
1784347200000,2026-07-18 04:00:00,568.39000000,568.50000000,566.39000000,567.97000000,12143.31500000,1784361599999,6889947.64422000,44584,5712.23200000,3241010.51025000
1784361600000,2026-07-18 08:00:00,567.97000000,570.51000000,567.69000000,569.76000000,14232.94300000,1784375999999,8093798.69269000,56218,7586.63500000,4314663.15857000
1784376000000,2026-07-18 12:00:00,569.76000000,571.87000000,568.99000000,570.86000000,10393.63500000,1784390399999,5927436.85181000,56234,4841.19400000,2760660.09045000
1784390400000,2026-07-18 16:00:00,570.86000000,572.75000000,570.06000000,570.64000000,8489.26600000,1784404799999,4848791.56272000,67612,4541.22700000,2593993.50427000
1784404800000,2026-07-18 20:00:00,570.65000000,572.50000000,569.66000000,570.65000000,5676.28800000,1784419199999,3240321.25474000,38643,2398.84200000,1369540.99798000
1784419200000,2026-07-19 00:00:00,570.66000000,572.61000000,568.70000000,569.15000000,8270.46900000,1784433599999,4719529.77658000,61901,4192.34800000,2392453.19520000
1784433600000,2026-07-19 04:00:00,569.15000000,569.68000000,567.31000000,569.04000000,8652.19300000,1784447999999,4921179.67509000,43787,4257.50600000,2421739.64296000
1784448000000,2026-07-19 08:00:00,569.05000000,570.00000000,567.13000000,568.01000000,14891.71500000,1784462399999,8467012.31715000,54459,6873.07000000,3907836.86422000
1784462400000,2026-07-19 12:00:00,568.01000000,570.96000000,567.00000000,570.16000000,7415.51200000,1784476799999,4216114.73246000,53420,3427.22300000,1948888.56092000
1784476800000,2026-07-19 16:00:00,570.16000000,570.47000000,566.33000000,568.15000000,8389.19400000,1784491199999,4767848.07079000,54451,3715.36300000,2111441.38569000
1784491200000,2026-07-19 20:00:00,568.16000000,571.75000000,568.00000000,571.06000000,7478.12000000,1784505599999,4266119.20122000,59902,3551.99100000,2025879.00880000
1784505600000,2026-07-20 00:00:00,571.06000000,573.94000000,568.23000000,570.13000000,15186.27700000,1784519999999,8667269.40398000,108374,7972.54900000,4550321.64534000
1784520000000,2026-07-20 04:00:00,570.13000000,570.23000000,562.97000000,566.69000000,16075.39700000,1784534399999,9098696.35629000,92900,6493.01400000,3675885.39386000
1784534400000,2026-07-20 08:00:00,566.70000000,571.43000000,564.35000000,571.01000000,18476.07300000,1784548799999,10490527.51670000,96348,7609.36200000,4322728.69865000
1784548800000,2026-07-20 12:00:00,571.02000000,574.60000000,565.00000000,573.91000000,23531.30800000,1784563199999,13404138.30178000,151283,10431.73600000,5946061.74660000
1784563200000,2026-07-20 16:00:00,573.92000000,575.91000000,571.05000000,571.30000000,22445.64600000,1784577599999,12873742.86265000,100818,11405.12100000,6544512.15512000
1784577600000,2026-07-20 20:00:00,571.30000000,572.96000000,569.86000000,571.27000000,7032.10600000,1784591999999,4017535.01621000,50156,2997.02500000,1712052.00298000
1784592000000,2026-07-21 00:00:00,571.28000000,575.37000000,570.75000000,575.25000000,10311.67200000,1784606399999,5912452.68029000,74264,5324.87200000,3053405.12115000
1784606400000,2026-07-21 04:00:00,575.25000000,576.96000000,573.76000000,576.85000000,20739.55500000,1784620799999,11936944.10760000,81131,8506.67300000,4895383.80950000
1784620800000,2026-07-21 08:00:00,576.86000000,579.79000000,576.18000000,576.66000000,24503.79800000,1784635199999,14157750.98879000,91919,12397.96500000,7164189.03441000
1784635200000,2026-07-21 12:00:00,576.67000000,578.00000000,574.48000000,575.17000000,25948.03900000,1784649599999,14950024.16381000,119097,10711.49800000,6171462.37248000
1784649600000,2026-07-21 16:00:00,575.17000000,575.60000000,572.15000000,572.75000000,14654.27900000,1784663999999,8406002.38243000,78611,5638.16000000,3234331.26834000
1784664000000,2026-07-21 20:00:00,572.74000000,574.16000000,571.81000000,573.95000000,6823.12100000,1784678399999,3909724.03234000,43229,2999.58900000,1718909.46750000
1784678400000,2026-07-22 00:00:00,573.96000000,575.63000000,570.90000000,571.08000000,13688.74900000,1784692799999,7854742.83528000,66082,6480.79700000,3719615.46297000
1784692800000,2026-07-22 04:00:00,571.07000000,572.58000000,566.89000000,568.27000000,13256.40200000,1784707199999,7545746.38100000,74440,5798.86900000,3300168.59088000
1784707200000,2026-07-22 08:00:00,568.27000000,571.77000000,568.18000000,570.97000000,12655.42600000,1784721599999,7220801.11600000,67504,5885.77500000,3357602.87644000
1784721600000,2026-07-22 12:00:00,570.97000000,575.25000000,569.37000000,572.50000000,19315.58700000,1784735999999,11045917.47646000,100141,8832.85600000,5052139.24811000
1784736000000,2026-07-22 16:00:00,572.50000000,575.50000000,568.98000000,570.16000000,19560.71400000,1784750399999,11198015.70832000,94452,9156.65900000,5242512.22346000
1784750400000,2026-07-22 20:00:00,570.16000000,572.18000000,569.38000000,571.08000000,6407.11800000,1784764799999,3656528.09962000,45840,2409.81300000,1375097.22981000
1784764800000,2026-07-23 00:00:00,571.09000000,572.24000000,569.62000000,570.38000000,8551.46700000,1784779199999,4882051.25062000,48903,3488.15500000,1991347.52107000
1784779200000,2026-07-23 04:00:00,570.38000000,570.64000000,568.23000000,569.82000000,8979.92600000,1784793599999,5116841.30634000,50680,4167.55700000,2374453.28101000
1784793600000,2026-07-23 08:00:00,569.83000000,571.51000000,568.91000000,569.99000000,14259.18400000,1784807999999,8129773.38338000,57794,4853.63300000,2767373.37155000
1784808000000,2026-07-23 12:00:00,570.00000000,570.28000000,563.71000000,567.66000000,24307.84600000,1784822399999,13794215.05420000,136550,10658.77900000,6049098.88042000
1784822400000,2026-07-23 16:00:00,567.66000000,567.79000000,565.01000000,566.64000000,7681.58500000,1784836799999,4353724.43926000,63665,3590.02600000,2034667.66428000
1784836800000,2026-07-23 20:00:00,566.64000000,568.80000000,566.14000000,567.41000000,6826.23700000,1784851199999,3873474.49087000,42415,3514.56500000,1994278.93040000
1784851200000,2026-07-24 00:00:00,567.41000000,570.39000000,565.92000000,569.15000000,8917.35500000,1784865599999,5066941.08360000,59325,4214.73600000,2395070.89838000
1784865600000,2026-07-24 04:00:00,569.15000000,571.31000000,566.81000000,569.50000000,11368.31000000,1784879999999,6467490.03591000,71188,5777.72300000,3287309.78792000
1784880000000,2026-07-24 08:00:00,569.51000000,569.63000000,565.18000000,566.98000000,12890.11000000,1784894399999,7311908.76939000,67030,4665.57400000,2647180.14193000
1784894400000,2026-07-24 12:00:00,566.98000000,566.99000000,556.00000000,561.41000000,37916.61100000,1784908799999,21258139.41211000,172107,17412.47700000,9758696.36073000
1784908800000,2026-07-24 16:00:00,561.41000000,566.37000000,560.00000000,565.16000000,15191.12000000,1784923199999,8551049.22520000,79672,7730.82900000,4351913.42307000
1784923200000,2026-07-24 20:00:00,565.17000000,565.71000000,563.60000000,564.90000000,6205.36700000,1784937599999,3504994.04921000,41642,2777.49900000,1568635.41540000
1784937600000,2026-07-25 00:00:00,564.91000000,566.47000000,564.18000000,565.37000000,11198.12800000,1784951999999,6329386.88430000,37017,5052.12000000,2855649.78614000
1784952000000,2026-07-25 04:00:00,565.37000000,566.15000000,563.90000000,564.81000000,7963.75200000,1784966399999,4500782.34987000,35213,4087.54800000,2310355.06921000
1784966400000,2026-07-25 08:00:00,564.81000000,566.16000000,564.34000000,565.74000000,9334.43500000,1784980799999,5277069.29981000,37529,4887.60800000,2763331.61394000
1784980800000,2026-07-25 12:00:00,565.75000000,569.33000000,564.98000000,567.38000000,12489.33400000,1784995199999,7082588.22821000,53425,5602.79600000,3178122.98971000
1784995200000,2026-07-25 16:00:00,567.39000000,569.10000000,566.51000000,568.70000000,7520.79000000,1785009599999,4271421.25973000,39855,3639.56000000,2067557.75396000
1785009600000,2026-07-25 20:00:00,568.70000000,570.00000000,568.23000000,568.94000000,4890.83600000,1785023999999,2783663.52523000,26516,2763.37300000,1572745.58458000
1785024000000,2026-07-26 00:00:00,568.94000000,570.84000000,568.94000000,570.43000000,9640.65000000,1785038399999,5495428.69002000,33901,4932.99900000,2812080.88651000
1785038400000,2026-07-26 04:00:00,570.44000000,572.91000000,569.93000000,571.57000000,12044.56300000,1785052799999,6881500.00869000,50622,6091.31600000,3480213.78704000
1785052800000,2026-07-26 08:00:00,571.56000000,572.45000000,570.44000000,570.65000000,9566.12400000,1785067199999,5465483.57924000,34648,4718.05300000,2695426.65937000
1785067200000,2026-07-26 12:00:00,570.66000000,573.99000000,570.01000000,573.79000000,15149.49600000,1785081599999,8664334.76388000,61970,9386.99000000,5368947.29935000
1785081600000,2026-07-26 16:00:00,573.80000000,574.75000000,572.82000000,572.89000000,5625.38000000,1785095999999,3226146.06087000,27666,2974.37400000,1705930.01889000
