open_time,datetime,open,high,low,close,volume,close_time,quote_volume,trades,taker_buy_base,taker_buy_quote
1769536800000,2026-01-27 18:00:00,887.11000000,894.65000000,886.41000000,892.44000000,3938.41300000,1769540399999,3509525.11469000,32432,2390.55600000,2130049.99413000
1769540400000,2026-01-27 19:00:00,892.45000000,893.65000000,889.98000000,891.88000000,3196.64100000,1769543999999,2849756.68644000,16977,1003.96400000,895176.43979000
1769544000000,2026-01-27 20:00:00,891.89000000,898.88000000,891.59000000,898.61000000,3432.29600000,1769547599999,3075366.13657000,25132,2199.46400000,1970897.58153000
1769547600000,2026-01-27 21:00:00,898.61000000,899.28000000,895.00000000,895.73000000,2982.28200000,1769551199999,2674235.50207000,17322,1198.80900000,1075143.25396000
1769551200000,2026-01-27 22:00:00,895.73000000,899.98000000,895.72000000,899.16000000,3038.55700000,1769554799999,2730927.25250000,16080,1843.38900000,1657082.51375000
1769554800000,2026-01-27 23:00:00,899.17000000,901.22000000,897.99000000,898.36000000,3842.62500000,1769558399999,3455988.55359000,19147,2766.38400000,2487912.58932000
1769558400000,2026-01-28 00:00:00,898.35000000,900.99000000,897.77000000,900.03000000,2638.54300000,1769561999999,2372815.87192000,21618,1643.60800000,1478141.68372000
1769562000000,2026-01-28 01:00:00,900.04000000,900.93000000,895.22000000,896.48000000,6341.76700000,1769565599999,5691217.58772000,24414,3323.58300000,2981981.34525000
1769565600000,2026-01-28 02:00:00,896.47000000,896.93000000,894.41000000,896.93000000,2747.45700000,1769569199999,2460155.22289000,22613,1472.49700000,1318634.84983000
1769569200000,2026-01-28 03:00:00,896.92000000,897.69000000,894.81000000,896.84000000,4348.97600000,1769572799999,3897868.42048000,18058,1651.70800000,1480375.65382000
1769572800000,2026-01-28 04:00:00,896.84000000,899.19000000,895.34000000,898.89000000,4464.93600000,1769576399999,4007458.36478000,14759,1776.11300000,1593887.90397000
1769576400000,2026-01-28 05:00:00,898.89000000,901.00000000,897.99000000,900.84000000,5390.38200000,1769579999999,4849437.08273000,17953,3053.38400000,2747306.97671000
1769580000000,2026-01-28 06:00:00,900.85000000,904.72000000,899.70000000,903.65000000,4149.12100000,1769583599999,3743044.28567000,25048,2577.74300000,2325610.73324000
1769583600000,2026-01-28 07:00:00,903.66000000,904.18000000,901.93000000,903.34000000,4708.71300000,1769587199999,4253317.60632000,17928,2005.29500000,1811512.31972000
1769587200000,2026-01-28 08:00:00,903.34000000,905.94000000,902.27000000,902.49000000,5116.76600000,1769590799999,4627149.58945000,28098,2316.85600000,2095170.95067000
1769590800000,2026-01-28 09:00:00,902.49000000,908.67000000,902.49000000,908.55000000,8566.16300000,1769594399999,7760358.30195000,32066,3834.00800000,3473953.44332000
1769594400000,2026-01-28 10:00:00,908.55000000,909.43000000,905.26000000,905.54000000,3579.25900000,1769597999999,3246905.09362000,26247,1681.10800000,1524889.68019000
1769598000000,2026-01-28 11:00:00,905.54000000,908.00000000,902.98000000,907.69000000,3558.65400000,1769601599999,3221150.88960000,28906,1905.76300000,1725044.98852000
1769601600000,2026-01-28 12:00:00,907.68000000,907.76000000,903.97000000,905.27000000,4894.12900000,1769605199999,4434113.44819000,27300,2046.84000000,1854497.36980000
1769605200000,2026-01-28 13:00:00,905.27000000,908.31000000,905.22000000,906.04000000,3018.81300000,1769608799999,2737253.63353000,24770,1605.76400000,1456114.03847000
1769608800000,2026-01-28 14:00:00,906.03000000,906.05000000,900.82000000,901.99000000,8427.38400000,1769612399999,7612469.69718000,44580,4489.80000000,4055520.09859000
1769612400000,2026-01-28 15:00:00,901.99000000,904.00000000,897.18000000,902.92000000,7719.05400000,1769615999999,6954040.84297000,37910,3688.43000000,3322883.11298000
1769616000000,2026-01-28 16:00:00,902.91000000,903.83000000,897.83000000,900.00000000,7981.57500000,1769619599999,7188834.82842000,41522,1998.46300000,1799975.71135000
1769619600000,2026-01-28 17:00:00,900.00000000,907.06000000,898.32000000,904.48000000,6089.86400000,1769623199999,5501415.41020000,30543,3026.57800000,2734017.36135000
1769623200000,2026-01-28 18:00:00,904.48000000,904.65000000,900.42000000,902.52000000,3974.11700000,1769626799999,3586044.46198000,28925,1425.75600000,1286552.49598000
1769626800000,2026-01-28 19:00:00,902.51000000,905.26000000,900.16000000,904.00000000,4104.58100000,1769630399999,3703534.97754000,43223,1991.90200000,1797198.08091000
1769630400000,2026-01-28 20:00:00,904.01000000,907.71000000,902.32000000,902.75000000,2718.54100000,1769633999999,2461611.12411000,22279,1343.70800000,1216816.35828000
1769634000000,2026-01-28 21:00:00,902.75000000,904.70000000,899.68000000,904.32000000,2875.02900000,1769637599999,2594353.62109000,25535,1935.50900000,1746906.53252000
1769637600000,2026-01-28 22:00:00,904.32000000,905.33000000,902.61000000,904.35000000,1447.57000000,1769641199999,1308650.12278000,15186,715.02300000,646385.33145000
1769641200000,2026-01-28 23:00:00,904.34000000,905.28000000,901.69000000,902.91000000,1411.84600000,1769644799999,1275183.95626000,19087,774.48300000,699486.81324000
1769644800000,2026-01-29 00:00:00,902.92000000,904.24000000,900.37000000,903.56000000,2551.99800000,1769648399999,2302949.41502000,24242,1523.11500000,1374562.77097000
1769648400000,2026-01-29 01:00:00,903.57000000,904.98000000,898.78000000,899.54000000,3748.03800000,1769651999999,3378159.55707000,27535,1660.63000000,1497360.37543000
1769652000000,2026-01-29 02:00:00,899.54000000,901.24000000,893.20000000,894.67000000,6670.94700000,1769655599999,5982221.75486000,52527,3192.66300000,2863457.00414000
1769655600000,2026-01-29 03:00:00,894.67000000,898.97000000,893.87000000,896.54000000,4943.88800000,1769659199999,4435289.95233000,35743,2777.92300000,2491614.97792000
1769659200000,2026-01-29 04:00:00,896.55000000,901.42000000,895.20000000,900.52000000,5187.09900000,1769662799999,4660006.52724000,25915,2970.08000000,2668271.08981000
1769662800000,2026-01-29 05:00:00,900.53000000,902.65000000,898.00000000,898.55000000,7454.50700000,1769666399999,6709658.24731000,22602,3970.85200000,3575177.11940000
1769666400000,2026-01-29 06:00:00,898.55000000,901.47000000,898.55000000,901.41000000,2734.12800000,1769669999999,2461441.53642000,20968,1648.04800000,1483631.81988000
1769670000000,2026-01-29 07:00:00,901.41000000,906.67000000,901.40000000,904.80000000,12770.36000000,1769673599999,11548813.32626000,51754,7419.00500000,6708934.39496000
1769673600000,2026-01-29 08:00:00,904.80000000,905.41000000,902.09000000,903.78000000,16318.01000000,1769677199999,14752544.55850000,55070,9348.00800000,8451444.56909000
1769677200000,2026-01-29 09:00:00,903.78000000,905.80000000,902.66000000,903.86000000,22386.50200000,1769680799999,20244773.23818000,56846,14299.19200000,12931399.16747000
1769680800000,2026-01-29 10:00:00,903.86000000,904.59000000,894.93000000,895.00000000,31077.48000000,1769684399999,27954672.96278000,107200,13392.27800000,12048957.91260000
1769684400000,2026-01-29 11:00:00,895.00000000,896.50000000,893.23000000,894.28000000,5912.49800000,1769687999999,5289229.20245000,43654,2919.31400000,2611278.82097000
1769688000000,2026-01-29 12:00:00,894.28000000,894.43000000,889.88000000,891.17000000,7093.58500000,1769691599999,6324770.33116000,37624,2602.02400000,2320048.27776000
1769691600000,2026-01-29 13:00:00,891.17000000,892.42000000,889.89000000,890.18000000,4107.48800000,1769695199999,3660562.85778000,20695,1680.22400000,1497616.31072000
1769695200000,2026-01-29 14:00:00,890.18000000,891.35000000,877.69000000,877.76000000,15714.10000000,1769698799999,13915803.68002000,79105,6805.62200000,6024635.89974000
1769698800000,2026-01-29 15:00:00,877.76000000,878.07000000,856.90000000,864.15000000,37858.80900000,1769702399999,32792210.32997000,202165,19198.41000000,16625512.70337000
1769702400000,2026-01-29 16:00:00,864.15000000,865.87000000,856.82000000,865.55000000,19717.54300000,1769705999999,16963475.60882000,99631,11953.64100000,10284132.25311000
1769706000000,2026-01-29 17:00:00,865.55000000,870.36000000,862.72000000,863.47000000,11643.85800000,1769709599999,10091530.20483000,64376,5282.12500000,4579165.17022000
1769709600000,2026-01-29 18:00:00,863.47000000,867.73000000,856.50000000,858.26000000,13311.97900000,1769713199999,11475766.78377000,78692,5685.52600000,4902782.15313000
1769713200000,2026-01-29 19:00:00,858.26000000,862.84000000,852.81000000,860.40000000,15962.67900000,1769716799999,13685012.22662000,76587,7997.57600000,6856865.81890000
1769716800000,2026-01-29 20:00:00,860.40000000,865.62000000,859.61000000,864.51000000,4843.15000000,1769720399999,4177090.28530000,33535,2216.16200000,1911190.04504000
1769720400000,2026-01-29 21:00:00,864.51000000,867.28000000,862.95000000,865.47000000,9325.44400000,1769723999999,8059805.03783000,37409,4120.38900000,3561082.43519000
1769724000000,2026-01-29 22:00:00,865.47000000,867.35000000,863.11000000,867.35000000,5095.89500000,1769727599999,4411388.02094000,18821,2918.60000000,2526906.32418000
1769727600000,2026-01-29 23:00:00,867.35000000,869.48000000,865.21000000,868.69000000,3798.70100000,1769731199999,3295880.58143000,21387,1840.11200000,1596255.34894000
1769731200000,2026-01-30 00:00:00,868.69000000,869.77000000,864.24000000,865.49000000,5639.54500000,1769734799999,4889098.09314000,31282,2546.49900000,2207772.53048000
1769734800000,2026-01-30 01:00:00,865.49000000,865.55000000,837.65000000,847.84000000,57514.46700000,1769738399999,48768590.05157000,163800,25155.69000000,21317012.56782000
1769738400000,2026-01-30 02:00:00,847.84000000,847.84000000,835.55000000,842.50000000,22140.43700000,1769741999999,18648897.83031000,118420,11024.05700000,9285574.00344000
1769742000000,2026-01-30 03:00:00,842.50000000,846.77000000,842.31000000,845.70000000,8659.58800000,1769745599999,7319178.84552000,61483,5365.26000000,4534606.81056000
1769745600000,2026-01-30 04:00:00,845.69000000,854.36000000,845.60000000,850.42000000,10033.31000000,1769749199999,8534264.08723000,39904,5899.36100000,5016948.62886000
1769749200000,2026-01-30 05:00:00,850.42000000,851.66000000,847.36000000,847.39000000,5189.19600000,1769752799999,4410249.81902000,36169,2435.92900000,2071248.82461000
1769752800000,2026-01-30 06:00:00,847.40000000,847.45000000,836.14000000,840.23000000,8851.79200000,1769756399999,7448737.68202000,51208,3528.85100000,2968083.94013000
1769756400000,2026-01-30 07:00:00,840.23000000,848.45000000,840.23000000,847.55000000,7863.77900000,1769759999999,6648518.19629000,53005,4620.35000000,3905932.39304000
1769760000000,2026-01-30 08:00:00,847.56000000,848.05000000,840.25000000,841.94000000,6984.89600000,1769763599999,5899434.39195000,53997,3794.85300000,3206696.83196000
1769763600000,2026-01-30 09:00:00,841.95000000,843.50000000,833.08000000,834.56000000,10749.65600000,1769767199999,9002167.84174000,66870,4196.50500000,3514891.56489000
1769767200000,2026-01-30 10:00:00,834.56000000,839.00000000,833.32000000,838.95000000,5711.04900000,1769770799999,4776357.51765000,47430,2896.72800000,2422515.58944000
1769770800000,2026-01-30 11:00:00,838.94000000,845.00000000,837.00000000,842.79000000,8062.02800000,1769774399999,6769299.26037000,49473,3865.73600000,3246179.78195000
1769774400000,2026-01-30 12:00:00,842.79000000,843.36000000,836.45000000,838.01000000,8130.92600000,1769777999999,6826705.51593000,45751,3392.84400000,2848396.98270000
1769778000000,2026-01-30 13:00:00,838.01000000,852.09000000,837.73000000,845.34000000,26285.17100000,1769781599999,22217615.85664000,99419,12080.57600000,10201435.71007000
1769781600000,2026-01-30 14:00:00,845.33000000,855.87000000,845.33000000,850.57000000,9659.10300000,1769785199999,8220926.09770000,88304,5074.35400000,4319092.69036000
1769785200000,2026-01-30 15:00:00,850.58000000,855.56000000,845.15000000,850.11000000,12439.25700000,1769788799999,10595290.41763000,119564,5587.39400000,4761062.88343000
1769788800000,2026-01-30 16:00:00,850.10000000,854.34000000,848.00000000,850.85000000,8934.98100000,1769792399999,7607637.95475000,69523,5163.63500000,4397557.76539000
1769792400000,2026-01-30 17:00:00,850.85000000,853.00000000,847.50000000,848.61000000,8161.14000000,1769795999999,6934717.57919000,62682,4640.17100000,3944012.79821000
1769796000000,2026-01-30 18:00:00,848.61000000,852.16000000,831.83000000,850.34000000,24301.10900000,1769799599999,20438260.26349000,148497,12554.75000000,10562997.33759000
1769799600000,2026-01-30 19:00:00,850.35000000,855.90000000,850.34000000,854.24000000,8398.68200000,1769803199999,7166304.91727000,79911,3966.51200000,3384151.85856000
1769803200000,2026-01-30 20:00:00,854.24000000,862.09000000,846.38000000,859.54000000,18545.67400000,1769806799999,15832563.31396000,99580,7331.88700000,6256124.42356000
1769806800000,2026-01-30 21:00:00,859.55000000,860.04000000,853.59000000,858.96000000,6161.76600000,1769810399999,5279638.62913000,61601,3133.49300000,2685372.62929000
1769810400000,2026-01-30 22:00:00,858.96000000,860.30000000,856.92000000,860.06000000,2933.34900000,1769813999999,2518995.90655000,28157,1593.23500000,1368167.78804000
1769814000000,2026-01-30 23:00:00,860.07000000,861.58000000,856.40000000,858.81000000,4600.45300000,1769817599999,3951648.94141000,24445,2926.33400000,2513443.54799000
1769817600000,2026-01-31 00:00:00,858.81000000,860.85000000,856.47000000,856.68000000,4093.05600000,1769821199999,3515072.12803000,28802,1992.87200000,1711386.11554000
1769821200000,2026-01-31 01:00:00,856.67000000,858.84000000,853.89000000,854.46000000,7182.32100000,1769824799999,6149067.55907000,30648,2492.32900000,2133645.61583000
1769824800000,2026-01-31 02:00:00,854.47000000,855.48000000,851.93000000,854.49000000,2381.27700000,1769828399999,2032634.44442000,25574,1229.45900000,1049690.53481000
1769828400000,2026-01-31 03:00:00,854.50000000,856.38000000,852.68000000,853.22000000,2476.95000000,1769831999999,2115447.04934000,17531,1421.68300000,1213664.08364000
1769832000000,2026-01-31 04:00:00,853.22000000,854.60000000,851.23000000,851.76000000,2231.89200000,1769835599999,1903531.74893000,15939,844.84200000,720621.44536000
1769835600000,2026-01-31 05:00:00,851.77000000,853.46000000,850.39000000,851.18000000,4694.77200000,1769839199999,3998297.50375000,22591,2561.44700000,2181226.17956000
1769839200000,2026-01-31 06:00:00,851.18000000,852.38000000,849.00000000,851.23000000,3725.89100000,1769842799999,3168269.35950000,24025,1943.40100000,1652611.46771000
1769842800000,2026-01-31 07:00:00,851.23000000,851.44000000,845.89000000,847.75000000,8453.55100000,1769846399999,7174820.10201000,31535,4138.98700000,3513667.36575000
1769846400000,2026-01-31 08:00:00,847.75000000,847.75000000,833.00000000,836.19000000,17901.61700000,1769849999999,15022461.33844000,95605,8648.59100000,7255134.37019000
1769850000000,2026-01-31 09:00:00,836.19000000,841.50000000,835.80000000,839.03000000,4203.81300000,1769853599999,3526733.76159000,37298,2180.49600000,1829506.31242000
1769853600000,2026-01-31 10:00:00,839.04000000,840.48000000,836.78000000,838.97000000,2859.08300000,1769857199999,2397738.32297000,25811,1531.26400000,1284193.98391000
1769857200000,2026-01-31 11:00:00,838.98000000,838.98000000,835.78000000,836.85000000,6190.97900000,1769860799999,5180069.02021000,28625,3780.97400000,3163155.45769000
1769860800000,2026-01-31 12:00:00,836.85000000,837.65000000,833.05000000,833.72000000,6063.30600000,1769864399999,5063830.79082000,33963,3001.16900000,2506926.86400000
1769864400000,2026-01-31 13:00:00,833.72000000,834.30000000,828.75000000,830.14000000,9464.50800000,1769867999999,7868350.96666000,49979,4060.91100000,3376331.66531000
1769868000000,2026-01-31 14:00:00,830.15000000,831.92000000,805.00000000,812.18000000,65897.47600000,1769871599999,53675839.49153000,257839,28275.58400000,23029995.49641000
1769871600000,2026-01-31 15:00:00,812.18000000,816.80000000,801.66000000,803.10000000,21793.15000000,1769875199999,17635292.66854000,127620,10432.04800000,8444154.23692000
1769875200000,2026-01-31 16:00:00,803.10000000,810.21000000,790.11000000,793.23000000,46178.52900000,1769878799999,36945967.53754000,225418,18926.19100000,15152316.62933000
1769878800000,2026-01-31 17:00:00,793.24000000,796.00000000,774.00000000,781.35000000,56493.89900000,1769882399999,44287419.72821000,264318,24735.37100000,19393377.90450000
1769882400000,2026-01-31 18:00:00,781.35000000,783.89000000,750.00000000,772.35000000,73859.46300000,1769885999999,56753767.17925000,310925,33173.31200000,25506793.04753000
1769886000000,2026-01-31 19:00:00,772.35000000,781.31000000,767.64000000,771.00000000,19300.58700000,1769889599999,14935542.03708000,136764,10136.81800000,7848992.54920000
1769889600000,2026-01-31 20:00:00,771.05000000,775.84000000,766.14000000,770.64000000,10807.45100000,1769893199999,8316590.34681000,68181,5307.26800000,4084833.26869000
1769893200000,2026-01-31 21:00:00,770.63000000,777.64000000,766.60000000,776.19000000,13224.46800000,1769896799999,10202032.71633000,55137,7970.31600000,6149566.56182000
1769896800000,2026-01-31 22:00:00,776.20000000,778.30000000,771.94000000,774.36000000,6069.01400000,1769900399999,4699866.16100000,42418,2733.28000000,2118371.68077000
1769900400000,2026-01-31 23:00:00,774.36000000,785.94000000,773.31000000,781.38000000,11759.09800000,1769903999999,9181507.82673000,94921,6347.26300000,4954205.22535000
1769904000000,2026-02-01 00:00:00,781.39000000,786.60000000,779.68000000,785.29000000,8194.05100000,1769907599999,6423455.64855000,74872,4276.05600000,3352439.68207000
1769907600000,2026-02-01 01:00:00,785.29000000,785.83000000,779.22000000,784.99000000,6446.93300000,1769911199999,5045230.60315000,51338,2845.98600000,2228008.02885000
1769911200000,2026-02-01 02:00:00,785.00000000,789.72000000,783.86000000,786.99000000,8327.18100000,1769914799999,6556259.68479000,64431,4653.64900000,3664450.86066000
1769914800000,2026-02-01 03:00:00,787.00000000,787.34000000,779.80000000,783.63000000,10472.66000000,1769918399999,8197726.65056000,58193,5221.80900000,4089372.49614000
1769918400000,2026-02-01 04:00:00,783.64000000,785.00000000,781.71000000,781.93000000,6714.69600000,1769921999999,5258289.47584000,42667,3761.46500000,2945490.67944000
1769922000000,2026-02-01 05:00:00,781.94000000,784.00000000,779.08000000,780.60000000,7118.60900000,1769925599999,5560599.46839000,46763,4060.51000000,3171998.06684000
1769925600000,2026-02-01 06:00:00,780.61000000,783.28000000,777.37000000,777.39000000,4603.08900000,1769929199999,3592350.43214000,36739,2080.35100000,1623969.67515000
1769929200000,2026-02-01 07:00:00,777.39000000,782.56000000,773.84000000,778.01000000,7818.75800000,1769932799999,6077103.94780000,60686,4205.87700000,3269772.82449000
1769932800000,2026-02-01 08:00:00,778.00000000,782.79000000,775.07000000,779.00000000,5806.14600000,1769936399999,4521102.76368000,49048,3212.97000000,2502227.52805000
1769936400000,2026-02-01 09:00:00,779.01000000,782.48000000,777.00000000,781.64000000,3293.92700000,1769939999999,2566659.17684000,35905,1772.52000000,1381392.15108000
1769940000000,2026-02-01 10:00:00,781.64000000,782.48000000,769.44000000,769.85000000,8627.55900000,1769943599999,6689968.10940000,70202,3624.94200000,2812511.64554000
1769943600000,2026-02-01 11:00:00,769.85000000,775.61000000,768.29000000,774.07000000,6203.76700000,1769947199999,4785045.88448000,51303,3308.93000000,2552969.74293000
1769947200000,2026-02-01 12:00:00,774.07000000,774.19000000,766.92000000,769.30000000,6901.54700000,1769950799999,5314359.53699000,41108,2493.47000000,1920626.66466000
1769950800000,2026-02-01 13:00:00,769.30000000,773.64000000,763.71000000,765.60000000,8497.20700000,1769954399999,6538077.32960000,60424,4091.47900000,3149568.65989000
1769954400000,2026-02-01 14:00:00,765.60000000,767.40000000,746.00000000,762.84000000,42155.31000000,1769957999999,31896974.25994000,236687,20978.38200000,15889708.84011000
1769958000000,2026-02-01 15:00:00,762.85000000,763.00000000,742.70000000,749.98000000,31443.30800000,1769961599999,23594290.84581000,164024,15676.30100000,11759530.04995000
1769961600000,2026-02-01 16:00:00,749.98000000,757.16000000,745.83000000,753.48000000,17624.94900000,1769965199999,13246833.90398000,116263,8726.33600000,6563396.60800000
1769965200000,2026-02-01 17:00:00,753.48000000,756.42000000,749.49000000,756.13000000,7680.46600000,1769968799999,5781040.70856000,42493,4302.07100000,3239453.18061000
1769968800000,2026-02-01 18:00:00,756.13000000,766.80000000,756.09000000,763.25000000,8539.86100000,1769972399999,6513262.94299000,83437,4728.31400000,3605516.67570000
1769972400000,2026-02-01 19:00:00,763.26000000,764.44000000,753.94000000,757.15000000,4767.72100000,1769975999999,3620713.55321000,45090,2425.83300000,1842191.75596000
1769976000000,2026-02-01 20:00:00,757.14000000,763.70000000,751.81000000,757.64000000,6527.87900000,1769979599999,4949836.39847000,49116,2747.19000000,2083509.11833000
1769979600000,2026-02-01 21:00:00,757.64000000,758.45000000,750.53000000,753.68000000,5669.29800000,1769983199999,4277073.58058000,48471,2678.84600000,2021385.87830000
1769983200000,2026-02-01 22:00:00,753.67000000,765.51000000,753.67000000,761.81000000,5670.99600000,1769986799999,4314439.43620000,47861,3193.06600000,2429239.46148000
1769986800000,2026-02-01 23:00:00,761.80000000,766.39000000,739.63000000,758.54000000,30019.60200000,1769990399999,22597936.85870000,201084,14361.54000000,10816106.82261000
1769990400000,2026-02-02 00:00:00,758.54000000,770.61000000,753.81000000,764.19000000,11146.96000000,1769993999999,8527772.26660000,88781,5899.59100000,4514634.65962000
1769994000000,2026-02-02 01:00:00,764.18000000,769.35000000,753.60000000,765.13000000,9595.90800000,1769997599999,7323926.14884000,71109,5173.64900000,3949715.91466000
1769997600000,2026-02-02 02:00:00,765.13000000,766.90000000,757.45000000,758.52000000,7273.42100000,1770001199999,5548082.22284000,55652,3630.16300000,2769736.38896000
1770001200000,2026-02-02 03:00:00,758.53000000,759.04000000,728.44000000,751.57000000,51210.00200000,1770004799999,37834238.63486000,259353,21258.31500000,15709181.30729000
1770004800000,2026-02-02 04:00:00,751.58000000,760.39000000,743.49000000,751.38000000,18095.14000000,1770008399999,13602839.26203000,117981,8724.81400000,6561906.46568000
1770008400000,2026-02-02 05:00:00,751.38000000,753.19000000,735.55000000,738.09000000,25463.79400000,1770011999999,18952582.71942000,139315,9973.08200000,7404407.00063000
1770012000000,2026-02-02 06:00:00,738.09000000,754.77000000,728.88000000,747.95000000,42985.75500000,1770015599999,31877525.75535000,197587,21384.14500000,15865006.43447000
1770015600000,2026-02-02 07:00:00,747.96000000,756.94000000,747.00000000,752.50000000,16362.91000000,1770019199999,12294860.72489000,103987,9564.36400000,7187456.07791000
1770019200000,2026-02-02 08:00:00,752.58000000,760.33000000,752.57000000,758.40000000,6266.63100000,1770022799999,4748053.93983000,69115,3415.23700000,2587836.30449000
1770022800000,2026-02-02 09:00:00,758.41000000,767.35000000,755.32000000,764.03000000,11185.82200000,1770026399999,8524307.78984000,89841,5738.59400000,4372458.39344000
1770026400000,2026-02-02 10:00:00,764.03000000,765.47000000,759.52000000,760.16000000,8009.20400000,1770029999999,6107929.85015000,65990,3956.85000000,3017816.90006000
1770030000000,2026-02-02 11:00:00,760.17000000,766.19000000,760.17000000,762.36000000,6824.22800000,1770033599999,5213624.27198000,60982,3504.16700000,2677359.80179000
1770033600000,2026-02-02 12:00:00,762.37000000,769.57000000,762.37000000,766.46000000,7078.14400000,1770037199999,5426151.08380000,62060,3961.47000000,3037439.03180000
1770037200000,2026-02-02 13:00:00,766.46000000,769.44000000,763.71000000,767.74000000,6176.40800000,1770040799999,4733737.87039000,50606,3485.72800000,2671685.76418000
1770040800000,2026-02-02 14:00:00,767.74000000,775.31000000,761.86000000,769.40000000,21156.87900000,1770044399999,16285562.75886000,156153,10099.47800000,7776973.73999000
1770044400000,2026-02-02 15:00:00,769.41000000,781.09000000,767.46000000,777.86000000,13939.65100000,1770047999999,10807450.75367000,128940,6999.11300000,5425683.20935000
1770048000000,2026-02-02 16:00:00,777.87000000,781.58000000,774.52000000,775.31000000,8539.28800000,1770051599999,6644737.34271000,73477,4449.78900000,3462612.75934000
1770051600000,2026-02-02 17:00:00,775.32000000,778.30000000,772.53000000,774.93000000,7236.99700000,1770055199999,5615764.03231000,59847,3172.66700000,2462268.28683000
1770055200000,2026-02-02 18:00:00,774.93000000,777.75000000,772.22000000,774.70000000,6648.63400000,1770058799999,5150147.21675000,49611,2571.79500000,1992617.99803000
1770058800000,2026-02-02 19:00:00,774.70000000,776.09000000,769.72000000,770.39000000,3648.92500000,1770062399999,2820499.21920000,38385,1607.66500000,1242747.36777000
1770062400000,2026-02-02 20:00:00,770.38000000,773.75000000,767.60000000,769.66000000,6912.91200000,1770065999999,5324867.90787000,50345,3136.83800000,2417159.89332000
1770066000000,2026-02-02 21:00:00,769.67000000,774.60000000,769.52000000,773.91000000,4442.20100000,1770069599999,3433013.31446000,35023,2912.38400000,2250620.88350000
1770069600000,2026-02-02 22:00:00,773.90000000,776.00000000,773.50000000,775.95000000,3745.85800000,1770073199999,2903209.77053000,21201,2625.33900000,2034798.77568000
1770073200000,2026-02-02 23:00:00,775.95000000,776.95000000,773.64000000,773.94000000,2717.81200000,1770076799999,2107299.04659000,25045,1316.35100000,1020441.70468000
1770076800000,2026-02-03 00:00:00,773.94000000,774.69000000,769.90000000,774.56000000,4257.44900000,1770080399999,3289583.33911000,43590,2368.30300000,1830431.82579000
1770080400000,2026-02-03 01:00:00,774.56000000,775.25000000,770.33000000,773.92000000,2411.77300000,1770083999999,1863004.06851000,33348,1275.62500000,985344.34212000
1770084000000,2026-02-03 02:00:00,773.92000000,774.00000000,763.70000000,764.24000000,6380.67700000,1770087599999,4902820.38048000,44790,2111.86100000,1623678.26070000
1770087600000,2026-02-03 03:00:00,764.24000000,773.32000000,762.70000000,772.30000000,6560.81900000,1770091199999,5034092.05549000,56895,3979.66400000,3054841.23273000
1770091200000,2026-02-03 04:00:00,772.30000000,779.01000000,770.98000000,777.77000000,5191.56000000,1770094799999,4024093.78015000,41106,3135.75500000,2430013.79774000
1770094800000,2026-02-03 05:00:00,777.77000000,778.53000000,773.61000000,774.05000000,3321.56500000,1770098399999,2577144.35464000,36077,1566.31200000,1215465.55708000
1770098400000,2026-02-03 06:00:00,774.06000000,779.08000000,771.12000000,777.98000000,6246.23600000,1770101999999,4846811.34378000,50800,2789.37200000,2164490.44443000
1770102000000,2026-02-03 07:00:00,777.98000000,783.57000000,777.02000000,782.08000000,7854.18300000,1770105599999,6135248.69409000,72905,4536.48200000,3543346.05088000
1770105600000,2026-02-03 08:00:00,782.09000000,782.70000000,777.88000000,779.65000000,6846.38100000,1770109199999,5346398.27355000,54781,3146.32800000,2457227.82146000
1770109200000,2026-02-03 09:00:00,779.66000000,780.71000000,769.48000000,772.08000000,10959.77600000,1770112799999,8475050.06025000,91564,5315.95600000,4109911.46109000
1770112800000,2026-02-03 10:00:00,772.08000000,773.63000000,765.97000000,767.84000000,6050.47000000,1770116399999,4656026.01302000,63061,2463.54300000,1896030.06454000
1770116400000,2026-02-03 11:00:00,767.84000000,770.86000000,767.30000000,768.87000000,4922.68300000,1770119999999,3785129.08667000,49906,2336.80400000,1797093.34953000
1770120000000,2026-02-03 12:00:00,768.87000000,775.71000000,767.99000000,774.45000000,5255.17200000,1770123599999,4059585.58635000,51463,3032.58000000,2343388.35903000
1770123600000,2026-02-03 13:00:00,774.45000000,776.54000000,773.08000000,775.24000000,4524.97400000,1770127199999,3505609.51605000,49224,2422.44200000,1876739.50563000
1770127200000,2026-02-03 14:00:00,775.24000000,776.40000000,765.32000000,765.45000000,8153.87100000,1770130799999,6290135.00976000,84632,3563.48400000,2750929.13699000
1770130800000,2026-02-03 15:00:00,765.44000000,778.22000000,764.29000000,776.75000000,14475.82100000,1770134399999,11158875.23383000,134264,7849.80300000,6051200.16434000
1770134400000,2026-02-03 16:00:00,776.75000000,776.76000000,763.30000000,763.69000000,13280.68000000,1770137999999,10186536.56172000,119259,5911.56600000,4534866.04528000
1770138000000,2026-02-03 17:00:00,763.69000000,764.75000000,750.57000000,750.86000000,20804.83800000,1770141599999,15741294.93139000,137500,7647.17700000,5791888.30033000
1770141600000,2026-02-03 18:00:00,750.86000000,753.13000000,736.19000000,736.69000000,40218.03700000,1770145199999,29963217.01024000,237979,14971.05400000,11143052.68964000
1770145200000,2026-02-03 19:00:00,736.69000000,759.81000000,736.08000000,757.88000000,21329.95200000,1770148799999,16012489.07814000,189285,11395.46500000,8549820.18340000
1770148800000,2026-02-03 20:00:00,757.87000000,775.41000000,752.28000000,771.49000000,21876.78800000,1770152399999,16776601.48658000,146964,12794.98300000,9813371.23030000
1770152400000,2026-02-03 21:00:00,771.49000000,775.17000000,764.00000000,764.51000000,8302.69700000,1770155999999,6389873.90150000,83246,3656.41800000,2815377.30836000
1770156000000,2026-02-03 22:00:00,764.52000000,765.02000000,755.01000000,757.05000000,7839.63300000,1770159599999,5955890.21458000,70381,3098.27800000,2355788.41880000
1770159600000,2026-02-03 23:00:00,757.04000000,759.74000000,752.30000000,754.78000000,6882.78800000,1770163199999,5204370.28281000,78213,3597.53700000,2720489.26917000
1770163200000,2026-02-04 00:00:00,754.78000000,757.39000000,751.61000000,753.92000000,6156.12000000,1770166799999,4643015.13118000,61725,2950.82900000,2225789.65714000
1770166800000,2026-02-04 01:00:00,753.92000000,762.69000000,753.92000000,759.56000000,4485.34300000,1770170399999,3410672.97100000,46148,2429.83400000,1847769.09636000
1770170400000,2026-02-04 02:00:00,759.57000000,761.20000000,751.95000000,754.87000000,4823.93700000,1770173999999,3648091.52562000,51802,2404.69100000,1819299.75575000
1770174000000,2026-02-04 03:00:00,754.87000000,764.31000000,754.28000000,761.71000000,6247.92200000,1770177599999,4751174.61224000,51065,3781.52100000,2875381.92395000
1770177600000,2026-02-04 04:00:00,761.70000000,763.10000000,758.07000000,758.54000000,5102.43500000,1770181199999,3882177.45893000,41033,2043.74600000,1554920.42146000
1770181200000,2026-02-04 05:00:00,758.55000000,759.16000000,754.21000000,756.00000000,4937.95500000,1770184799999,3739719.42645000,46262,2450.77200000,1856298.09419000
1770184800000,2026-02-04 06:00:00,756.00000000,763.76000000,755.60000000,762.44000000,3655.14300000,1770188399999,2780170.52688000,45894,1909.40000000,1452451.58539000
1770188400000,2026-02-04 07:00:00,762.45000000,765.33000000,759.82000000,764.19000000,5351.53100000,1770191999999,4082455.24020000,43595,3085.88000000,2354116.38763000
1770192000000,2026-02-04 08:00:00,764.19000000,764.36000000,758.50000000,762.22000000,4079.83100000,1770195599999,3106528.75307000,50650,2083.57000000,1586587.01115000
1770195600000,2026-02-04 09:00:00,762.21000000,762.27000000,755.15000000,755.69000000,6183.82300000,1770199199999,4682735.10645000,56603,3207.75500000,2428526.42166000
1770199200000,2026-02-04 10:00:00,755.69000000,757.00000000,754.85000000,756.01000000,4004.88200000,1770202799999,3027623.23396000,36264,2067.51700000,1563032.51536000
1770202800000,2026-02-04 11:00:00,756.02000000,756.11000000,747.37000000,750.34000000,17833.52300000,1770206399999,13390598.13503000,90784,7451.35900000,5593450.33529000
1770206400000,2026-02-04 12:00:00,750.35000000,752.38000000,747.96000000,752.03000000,7725.37500000,1770209999999,5795317.06318000,55215,4017.47700000,3014365.34858000
1770210000000,2026-02-04 13:00:00,752.02000000,752.42000000,740.48000000,740.48000000,12489.08300000,1770213599999,9311147.29139000,90353,4784.62900000,3567080.67040000
1770213600000,2026-02-04 14:00:00,740.48000000,747.75000000,733.70000000,735.80000000,26481.90400000,1770217199999,19594884.65868000,164691,9639.27600000,7139192.74804000
1770217200000,2026-02-04 15:00:00,735.81000000,740.23000000,727.50000000,733.90000000,47446.53700000,1770220799999,34816035.64612000,281474,21115.45800000,15503496.79595000
1770220800000,2026-02-04 16:00:00,733.91000000,736.70000000,726.44000000,729.31000000,31050.12200000,1770224399999,22696662.93843000,214627,14425.84900000,10547522.82121000
1770224400000,2026-02-04 17:00:00,729.30000000,732.04000000,715.00000000,715.75000000,48317.62600000,1770227999999,34857201.52052000,272959,23121.66000000,16679759.76528000
1770228000000,2026-02-04 18:00:00,715.75000000,723.03000000,707.00000000,711.08000000,60451.62900000,1770231599999,43129404.48474000,306486,29959.89300000,21377243.58493000
1770231600000,2026-02-04 19:00:00,711.08000000,719.43000000,709.29000000,717.95000000,18653.72600000,1770235199999,13314026.24314000,126664,9408.26100000,6718471.38094000
1770235200000,2026-02-04 20:00:00,717.95000000,718.75000000,711.70000000,712.72000000,7378.77300000,1770238799999,5274008.17088000,81772,3519.43200000,2516071.76057000
1770238800000,2026-02-04 21:00:00,712.72000000,714.28000000,700.01000000,702.12000000,21873.82900000,1770242399999,15401873.66260000,103054,6683.63900000,4710766.11418000
1770242400000,2026-02-04 22:00:00,702.11000000,703.35000000,687.30000000,691.24000000,47360.45100000,1770245999999,32918638.83052000,223978,15519.85900000,10777978.59675000
1770246000000,2026-02-04 23:00:00,691.24000000,702.43000000,690.09000000,697.27000000,22380.66700000,1770249599999,15601066.35460000,138880,11346.29100000,7907017.94214000
1770249600000,2026-02-05 00:00:00,697.27000000,700.00000000,694.32000000,695.91000000,9558.61800000,1770253199999,6659162.83672000,83598,4339.35500000,3023578.79263000
1770253200000,2026-02-05 01:00:00,695.91000000,703.00000000,691.01000000,698.52000000,20789.53700000,1770256799999,14505848.18759000,135609,8208.79700000,5727811.26034000
1770256800000,2026-02-05 02:00:00,698.53000000,702.45000000,692.65000000,694.64000000,24849.94300000,1770260399999,17315513.90143000,153065,9518.73500000,6637368.09063000
1770260400000,2026-02-05 03:00:00,694.64000000,699.39000000,692.33000000,694.19000000,14745.40300000,1770263999999,10255899.86619000,110693,6160.21900000,4286959.37533000
1770264000000,2026-02-05 04:00:00,694.19000000,697.34000000,690.01000000,692.80000000,21654.96100000,1770267599999,14992349.80155000,118557,9014.86100000,6247009.87433000
1770267600000,2026-02-05 05:00:00,692.80000000,699.15000000,686.00000000,692.49000000,26726.02500000,1770271199999,18465659.42556000,137110,10126.20200000,7004426.76502000
1770271200000,2026-02-05 06:00:00,692.50000000,694.07000000,688.47000000,691.74000000,16252.66200000,1770274799999,11231379.15290000,105152,7130.76500000,4927984.89400000
1770274800000,2026-02-05 07:00:00,691.74000000,700.24000000,690.40000000,691.49000000,21648.04800000,1770278399999,15056963.73502000,101138,11834.63800000,8234322.22159000
1770278400000,2026-02-05 08:00:00,691.50000000,697.38000000,690.84000000,691.57000000,8321.65600000,1770281999999,5772537.14112000,73869,3830.71900000,2657440.62302000
1770282000000,2026-02-05 09:00:00,691.58000000,700.37000000,691.58000000,697.87000000,8188.72300000,1770285599999,5711128.16714000,61309,4606.28500000,3212307.41092000
1770285600000,2026-02-05 10:00:00,697.88000000,699.52000000,689.13000000,691.43000000,7817.58300000,1770289199999,5424359.29743000,64091,3356.07500000,2330425.70905000
1770289200000,2026-02-05 11:00:00,691.43000000,691.67000000,674.71000000,683.49000000,46852.42900000,1770292799999,32032206.66781000,169322,15240.34700000,10409554.66567000
1770292800000,2026-02-05 12:00:00,683.49000000,688.05000000,672.70000000,676.96000000,25878.86700000,1770296399999,17532048.90100000,163248,12231.49400000,8284043.45015000
1770296400000,2026-02-05 13:00:00,676.97000000,679.42000000,669.39000000,674.51000000,17382.58700000,1770299999999,11708081.00004000,100309,8177.86800000,5511696.66277000
1770300000000,2026-02-05 14:00:00,674.52000000,688.53000000,674.03000000,676.18000000,19086.54600000,1770303599999,13003056.06418000,133804,10435.35200000,7112181.65298000
1770303600000,2026-02-05 15:00:00,676.19000000,678.03000000,646.66000000,658.56000000,89978.00900000,1770307199999,59164853.52182000,374220,40991.64300000,26942916.01804000
1770307200000,2026-02-05 16:00:00,658.56000000,673.96000000,656.01000000,669.91000000,31427.56500000,1770310799999,20872297.98810000,192313,16080.57800000,10695641.05960000
1770310800000,2026-02-05 17:00:00,669.92000000,671.36000000,652.15000000,654.74000000,21514.05700000,1770314399999,14188631.24750000,150196,10034.97800000,6620455.91507000
1770314400000,2026-02-05 18:00:00,654.75000000,658.46000000,631.09000000,653.68000000,61513.38500000,1770317999999,39708646.27853000,256712,21623.69400000,13960349.27899000
1770318000000,2026-02-05 19:00:00,653.68000000,654.62000000,638.11000000,641.19000000,16224.11700000,1770321599999,10490677.28224000,100115,8123.53200000,5250195.52940000
1770321600000,2026-02-05 20:00:00,641.28000000,645.15000000,611.35000000,617.21000000,123296.08200000,1770325199999,76767357.11949000,396506,61840.89100000,38465603.66231000
1770325200000,2026-02-05 21:00:00,617.22000000,631.48000000,606.01000000,610.83000000,103743.59100000,1770328799999,63657456.56139000,336877,45334.86300000,27838320.89154000
1770328800000,2026-02-05 22:00:00,610.83000000,624.39000000,602.17000000,617.03000000,39855.09400000,1770332399999,24407756.57163000,188406,19990.96400000,12253873.95916000
1770332400000,2026-02-05 23:00:00,617.04000000,628.10000000,604.52000000,608.30000000,21873.18200000,1770335999999,13470723.07320000,141691,10787.55400000,6650122.56610000
1770336000000,2026-02-06 00:00:00,608.30000000,620.59000000,570.06000000,614.51000000,162002.89200000,1770339599999,95999147.40585000,597680,73416.54700000,43489884.56506000
1770339600000,2026-02-06 01:00:00,614.52000000,630.00000000,613.43000000,629.91000000,31447.59400000,1770343199999,19596089.10165000,224715,18540.35600000,11558207.45548000
1770343200000,2026-02-06 02:00:00,629.92000000,634.00000000,618.99000000,622.53000000,24518.23200000,1770346799999,15337704.91722000,165828,13644.34000000,8538680.70090000
1770346800000,2026-02-06 03:00:00,622.53000000,625.33000000,611.57000000,615.11000000,21821.95200000,1770350399999,13490177.62969000,142211,12534.06700000,7750853.80717000
1770350400000,2026-02-06 04:00:00,615.10000000,624.66000000,613.10000000,620.43000000,21023.43100000,1770353999999,13031498.66020000,140973,9621.23800000,5961372.64640000
1770354000000,2026-02-06 05:00:00,620.43000000,642.49000000,619.77000000,639.38000000,30848.78700000,1770357599999,19518271.12888000,175106,14477.81800000,9155513.07963000
1770357600000,2026-02-06 06:00:00,639.39000000,642.04000000,625.93000000,626.48000000,19672.78600000,1770361199999,12501650.85236000,123831,8000.15500000,5081820.70652000
1770361200000,2026-02-06 07:00:00,626.48000000,629.10000000,620.75000000,623.05000000,15986.64900000,1770364799999,9982126.91529000,120272,9035.71100000,5640271.65407000
1770364800000,2026-02-06 08:00:00,623.06000000,625.79000000,617.00000000,619.61000000,17712.80800000,1770368399999,10991850.45561000,104801,8871.02300000,5504938.44529000
1770368400000,2026-02-06 09:00:00,619.61000000,631.49000000,617.15000000,629.46000000,19816.67000000,1770371999999,12370634.12547000,115766,8471.17900000,5285914.73088000
1770372000000,2026-02-06 10:00:00,629.47000000,636.12000000,627.24000000,633.58000000,10138.35000000,1770375599999,6407821.31666000,90425,5886.78200000,3722337.66068000
1770375600000,2026-02-06 11:00:00,633.58000000,638.48000000,632.13000000,636.17000000,9425.77700000,1770379199999,5992953.54628000,66337,5466.74600000,3475959.65082000
1770379200000,2026-02-06 12:00:00,636.16000000,637.13000000,632.45000000,636.73000000,6093.87500000,1770382799999,3868732.67200000,60430,3177.37000000,2017581.73866000
1770382800000,2026-02-06 13:00:00,636.73000000,647.76000000,636.09000000,643.75000000,15941.57300000,1770386399999,10259296.52680000,123567,8483.09000000,5459048.14683000
1770386400000,2026-02-06 14:00:00,643.75000000,654.76000000,638.01000000,650.45000000,29410.48000000,1770389999999,19056844.91164000,169333,13854.92300000,8977831.93247000
1770390000000,2026-02-06 15:00:00,650.45000000,654.54000000,644.33000000,651.20000000,21472.74100000,1770393599999,13947257.96603000,162181,11266.81900000,7320801.96931000
1770393600000,2026-02-06 16:00:00,651.19000000,663.00000000,649.06000000,659.46000000,27586.56600000,1770397199999,18153482.62318000,194880,14609.38200000,9617295.74314000
1770397200000,2026-02-06 17:00:00,659.46000000,669.65000000,657.11000000,661.95000000,33213.15100000,1770400799999,22046343.81960000,195715,19149.04400000,12711435.39854000
1770400800000,2026-02-06 18:00:00,661.95000000,662.60000000,648.94000000,654.02000000,19489.64100000,1770404399999,12747126.20077000,157814,8859.48200000,5794941.50718000
1770404400000,2026-02-06 19:00:00,654.02000000,660.22000000,652.33000000,658.82000000,11278.36100000,1770407999999,7404292.65468000,89416,5839.67200000,3834836.53377000
1770408000000,2026-02-06 20:00:00,658.83000000,665.47000000,655.82000000,657.14000000,13296.00800000,1770411599999,8776778.31379000,103902,8122.93900000,5363154.56776000
1770411600000,2026-02-06 21:00:00,657.15000000,664.64000000,654.87000000,662.35000000,12815.61700000,1770415199999,8484157.35366000,60788,6342.37500000,4196878.56990000
1770415200000,2026-02-06 22:00:00,662.35000000,667.41000000,660.44000000,665.53000000,9306.00000000,1770418799999,6181759.73968000,57177,5116.99100000,3399570.63142000
1770418800000,2026-02-06 23:00:00,665.53000000,668.57000000,657.11000000,657.21000000,9002.65200000,1770422399999,5962744.26624000,58102,4622.49300000,3062537.56912000
1770422400000,2026-02-07 00:00:00,657.21000000,657.23000000,651.71000000,653.10000000,11003.83400000,1770425999999,7196906.72182000,73332,4913.61100000,3213517.04430000
1770426000000,2026-02-07 01:00:00,653.10000000,658.06000000,650.18000000,657.70000000,6834.19700000,1770429599999,4466367.11728000,46828,3436.20300000,2246366.35754000
1770429600000,2026-02-07 02:00:00,657.71000000,658.04000000,654.49000000,656.94000000,4480.04200000,1770433199999,2940714.04350000,33049,2495.03700000,1637717.23291000
1770433200000,2026-02-07 03:00:00,656.94000000,661.87000000,656.53000000,659.14000000,7170.41000000,1770436799999,4729709.51848000,44001,4178.52900000,2756244.80930000
1770436800000,2026-02-07 04:00:00,659.14000000,663.88000000,654.23000000,656.76000000,8298.53900000,1770440399999,5470588.64858000,45542,4264.27600000,2812259.61299000
1770440400000,2026-02-07 05:00:00,656.76000000,659.19000000,652.96000000,654.38000000,9025.35100000,1770443999999,5920440.82877000,49021,5111.02100000,3353269.05204000
1770444000000,2026-02-07 06:00:00,654.39000000,656.16000000,643.02000000,643.21000000,10547.19100000,1770447599999,6857138.14129000,55328,3534.22700000,2298427.93350000
1770447600000,2026-02-07 07:00:00,643.22000000,645.28000000,632.11000000,638.48000000,24858.97400000,1770451199999,15879920.44123000,124591,12275.45700000,7844545.61121000
1770451200000,2026-02-07 08:00:00,638.49000000,641.56000000,636.17000000,640.14000000,7390.47900000,1770454799999,4726020.02417000,46168,4272.31800000,2732554.92478000
1770454800000,2026-02-07 09:00:00,640.14000000,641.19000000,634.53000000,636.23000000,5051.20700000,1770458399999,3221307.14613000,37118,2265.52800000,1445120.74764000
1770458400000,2026-02-07 10:00:00,636.24000000,637.25000000,630.83000000,634.33000000,5305.39900000,1770461999999,3362794.58637000,38485,2499.71400000,1584563.81157000
1770462000000,2026-02-07 11:00:00,634.33000000,636.52000000,633.54000000,635.70000000,3665.83100000,1770465599999,2327709.73120000,30622,1794.86200000,1139822.53470000
1770465600000,2026-02-07 12:00:00,635.71000000,646.90000000,635.09000000,639.08000000,12830.00700000,1770469199999,8237137.01825000,78741,6362.24100000,4084977.36715000
1770469200000,2026-02-07 13:00:00,639.08000000,640.63000000,635.72000000,638.42000000,4684.19000000,1770472799999,2988922.60352000,37428,2354.91800000,1502788.19666000
1770472800000,2026-02-07 14:00:00,638.42000000,639.99000000,633.82000000,634.50000000,5905.35700000,1770476399999,3759521.00955000,42119,2534.97300000,1614369.37366000
1770476400000,2026-02-07 15:00:00,634.51000000,644.14000000,633.64000000,642.29000000,6341.68600000,1770479999999,4057731.83095000,44922,3708.26000000,2373356.78784000
1770480000000,2026-02-07 16:00:00,642.28000000,650.00000000,639.11000000,643.29000000,59227.27700000,1770483599999,38177757.29824000,196550,30654.40100000,19767191.94951000
1770483600000,2026-02-07 17:00:00,643.29000000,648.66000000,640.07000000,647.49000000,3824.27500000,1770487199999,2466796.03544000,29323,2300.59200000,1484481.21246000
1770487200000,2026-02-07 18:00:00,647.49000000,655.51000000,646.28000000,652.34000000,6587.96200000,1770490799999,4293699.12563000,29350,4279.88700000,2789230.59488000
1770490800000,2026-02-07 19:00:00,652.34000000,653.42000000,649.56000000,650.22000000,4319.83600000,1770494399999,2813405.28642000,30614,1376.61300000,896602.38230000
1770494400000,2026-02-07 20:00:00,650.21000000,654.00000000,649.25000000,653.16000000,2891.88300000,1770497999999,1884350.41562000,25599,1267.37000000,825967.88821000
1770498000000,2026-02-07 21:00:00,653.20000000,653.90000000,649.20000000,650.08000000,2447.19900000,1770501599999,1593235.43550000,15777,1071.30100000,697704.32874000
1770501600000,2026-02-07 22:00:00,650.08000000,651.88000000,647.82000000,648.97000000,1928.54500000,1770505199999,1252977.92825000,20149,818.87900000,532141.79636000
1770505200000,2026-02-07 23:00:00,648.97000000,649.13000000,644.08000000,647.00000000,2900.93000000,1770508799999,1876172.01735000,21729,1305.19300000,844080.02036000
1770508800000,2026-02-08 00:00:00,647.01000000,648.66000000,645.78000000,647.28000000,2877.77100000,1770512399999,1862612.58040000,25626,1817.90200000,1176715.06521000
1770512400000,2026-02-08 01:00:00,647.28000000,650.73000000,647.05000000,649.56000000,2405.04800000,1770515999999,1561737.10645000,17667,1706.14600000,1107971.30991000
1770516000000,2026-02-08 02:00:00,649.56000000,651.30000000,645.16000000,646.85000000,3705.45100000,1770519599999,2402447.72680000,22160,1547.07200000,1003125.11886000
1770519600000,2026-02-08 03:00:00,646.85000000,647.51000000,642.53000000,642.77000000,3027.54800000,1770523199999,1954807.22866000,22723,1071.86800000,692267.75021000
1770523200000,2026-02-08 04:00:00,642.77000000,643.85000000,640.18000000,643.85000000,3058.59100000,1770526799999,1963643.08735000,26776,1444.79700000,927635.97420000
1770526800000,2026-02-08 05:00:00,643.84000000,644.80000000,641.90000000,642.96000000,1641.55600000,1770530399999,1055658.80484000,18243,881.33600000,566731.24458000
1770530400000,2026-02-08 06:00:00,642.97000000,644.18000000,640.36000000,640.58000000,3332.68300000,1770533999999,2139392.57703000,19294,1588.80300000,1020164.19838000
1770534000000,2026-02-08 07:00:00,640.58000000,643.41000000,639.11000000,643.22000000,5563.02900000,1770537599999,3565830.98954000,36004,3903.39400000,2502037.70759000
1770537600000,2026-02-08 08:00:00,643.22000000,650.84000000,640.82000000,650.08000000,6342.14000000,1770541199999,4104823.31927000,50075,4053.18700000,2624030.98902000
1770541200000,2026-02-08 09:00:00,650.09000000,650.72000000,640.57000000,641.73000000,11904.82900000,1770544799999,7679378.10604000,46995,4526.38500000,2918226.25617000
1770544800000,2026-02-08 10:00:00,641.74000000,645.11000000,637.61000000,639.62000000,6206.43400000,1770548399999,3977674.38866000,44250,3248.23100000,2081775.46259000
1770548400000,2026-02-08 11:00:00,639.62000000,646.27000000,639.25000000,645.67000000,5674.42600000,1770551999999,3652308.12532000,46594,3286.56900000,2115412.57419000
1770552000000,2026-02-08 12:00:00,645.67000000,646.12000000,642.48000000,645.25000000,6495.35900000,1770555599999,4184136.53405000,47113,3577.71900000,2304536.57464000
1770555600000,2026-02-08 13:00:00,645.18000000,646.54000000,641.57000000,644.98000000,7317.57200000,1770559199999,4710285.44757000,45378,3814.60800000,2456354.49169000
1770559200000,2026-02-08 14:00:00,644.99000000,647.17000000,643.37000000,646.95000000,6853.19600000,1770562799999,4421854.93364000,38559,3041.79900000,1961852.54793000
1770562800000,2026-02-08 15:00:00,646.94000000,648.34000000,641.04000000,643.85000000,5909.88800000,1770566399999,3810381.40364000,53976,2652.27500000,1709939.46797000
1770566400000,2026-02-08 16:00:00,643.85000000,645.46000000,632.30000000,634.94000000,7179.11800000,1770569999999,4585355.30333000,51316,3094.46500000,1978401.83305000
1770570000000,2026-02-08 17:00:00,634.85000000,639.92000000,634.79000000,639.15000000,5484.82800000,1770573599999,3500663.10945000,33479,2666.78600000,1701703.12078000
1770573600000,2026-02-08 18:00:00,639.15000000,649.99000000,638.95000000,646.54000000,6134.38500000,1770577199999,3957061.11947000,46396,3868.15200000,2494535.20383000
1770577200000,2026-02-08 19:00:00,646.54000000,649.50000000,645.65000000,648.58000000,2638.43000000,1770580799999,1707992.20008000,26037,1163.15700000,753297.14978000
1770580800000,2026-02-08 20:00:00,648.58000000,648.76000000,643.21000000,643.82000000,2072.76400000,1770584399999,1338259.89535000,25962,999.26000000,645139.99078000
1770584400000,2026-02-08 21:00:00,643.82000000,646.49000000,640.23000000,641.74000000,1996.37200000,1770587999999,1284048.69267000,23226,1108.89100000,713700.28836000
1770588000000,2026-02-08 22:00:00,641.74000000,644.71000000,641.62000000,643.98000000,2217.80000000,1770591599999,1426271.25270000,21187,1029.55300000,662401.56199000
1770591600000,2026-02-08 23:00:00,643.97000000,653.00000000,636.27000000,639.93000000,14132.87400000,1770595199999,9099439.89565000,79785,7573.79100000,4882032.76009000
1770595200000,2026-02-09 00:00:00,639.93000000,643.20000000,635.87000000,639.95000000,5146.63500000,1770598799999,3291960.96680000,41605,2573.25500000,1646232.38363000
1770598800000,2026-02-09 01:00:00,639.94000000,643.44000000,633.81000000,636.89000000,6000.32500000,1770602399999,3828306.11078000,41982,2791.32700000,1780825.77528000
1770602400000,2026-02-09 02:00:00,636.89000000,643.78000000,635.61000000,640.30000000,5561.63400000,1770605999999,3563254.65169000,31298,3833.43400000,2457121.60618000
1770606000000,2026-02-09 03:00:00,640.31000000,646.15000000,640.31000000,645.03000000,4958.28300000,1770609599999,3189320.87411000,31758,3170.01300000,2038530.70018000
1770609600000,2026-02-09 04:00:00,645.02000000,645.36000000,641.59000000,642.46000000,2867.61600000,1770613199999,1843891.39446000,19719,1514.58700000,973863.73056000
1770613200000,2026-02-09 05:00:00,642.46000000,642.46000000,640.32000000,641.76000000,2000.35000000,1770616799999,1283077.89125000,17804,1159.69800000,743816.26558000
1770616800000,2026-02-09 06:00:00,641.77000000,641.77000000,633.93000000,636.00000000,5840.60100000,1770620399999,3714905.16051000,33838,2646.55500000,1683150.14025000
1770620400000,2026-02-09 07:00:00,636.00000000,637.48000000,631.16000000,632.05000000,8471.90600000,1770623999999,5371750.20158000,35415,2817.08300000,1786928.81640000
1770624000000,2026-02-09 08:00:00,632.05000000,633.62000000,622.29000000,625.94000000,12916.95300000,1770627599999,8105873.69819000,70747,5751.67900000,3608064.64485000
1770627600000,2026-02-09 09:00:00,625.94000000,628.45000000,623.91000000,625.22000000,7109.57700000,1770631199999,4450343.61624000,54489,3801.70300000,2380382.96921000
1770631200000,2026-02-09 10:00:00,625.22000000,626.66000000,616.01000000,618.48000000,10426.07900000,1770634799999,6463733.57604000,66333,5077.67600000,3146890.55780000
1770634800000,2026-02-09 11:00:00,618.48000000,623.09000000,618.47000000,621.83000000,8507.06900000,1770638399999,5283222.48676000,51083,5325.50600000,3306494.76477000
1770638400000,2026-02-09 12:00:00,621.84000000,627.80000000,621.72000000,626.98000000,4710.89000000,1770641999999,2948422.51814000,30317,2865.57300000,1793286.90360000
1770642000000,2026-02-09 13:00:00,626.98000000,631.25000000,625.20000000,625.34000000,6342.80300000,1770645599999,3988715.92543000,47810,3300.60500000,2076225.69469000
1770645600000,2026-02-09 14:00:00,625.34000000,631.70000000,622.00000000,628.18000000,10919.93100000,1770649199999,6833369.30600000,83233,6089.97300000,3810722.30489000
1770649200000,2026-02-09 15:00:00,628.14000000,632.50000000,625.01000000,631.08000000,9166.66400000,1770652799999,5768996.67336000,67817,5026.48700000,3164495.55956000
1770652800000,2026-02-09 16:00:00,630.98000000,638.50000000,627.18000000,635.58000000,8934.25400000,1770656399999,5645672.79142000,59046,5586.33600000,3528289.66064000
1770656400000,2026-02-09 17:00:00,635.59000000,642.78000000,632.06000000,640.30000000,7893.20300000,1770659999999,5034965.00818000,62528,4428.44900000,2826163.22286000
1770660000000,2026-02-09 18:00:00,640.30000000,643.47000000,636.31000000,640.35000000,4216.09700000,1770663599999,2696300.82889000,40117,2273.16800000,1454281.88638000
1770663600000,2026-02-09 19:00:00,640.35000000,642.97000000,639.11000000,642.48000000,3429.48100000,1770667199999,2198460.99503000,34259,1528.31700000,979996.88534000
1770667200000,2026-02-09 20:00:00,642.48000000,644.07000000,638.21000000,640.92000000,4094.88600000,1770670799999,2623288.96554000,38625,1806.58600000,1157842.90923000
1770670800000,2026-02-09 21:00:00,640.92000000,641.28000000,633.44000000,638.34000000,4764.16400000,1770674399999,3036373.23871000,29694,2306.71400000,1469935.58461000
1770674400000,2026-02-09 22:00:00,638.34000000,640.29000000,637.16000000,637.94000000,2596.41800000,1770677999999,1658092.00064000,21999,1451.80300000,927182.30236000
1770678000000,2026-02-09 23:00:00,637.95000000,639.96000000,635.87000000,636.39000000,1875.42200000,1770681599999,1196165.23141000,21725,959.43200000,612003.33987000
1770681600000,2026-02-10 00:00:00,636.38000000,638.30000000,635.68000000,636.49000000,2521.44200000,1770685199999,1606013.44639000,26119,1380.66300000,879485.10009000
1770685200000,2026-02-10 01:00:00,636.49000000,642.00000000,636.36000000,640.85000000,3856.60100000,1770688799999,2469238.57920000,24188,2475.34300000,1584825.96805000
1770688800000,2026-02-10 02:00:00,640.85000000,641.00000000,637.28000000,638.23000000,2270.46000000,1770692399999,1451677.72856000,18401,1249.04200000,798658.57686000
1770692400000,2026-02-10 03:00:00,638.24000000,638.84000000,630.01000000,633.21000000,6404.34200000,1770695999999,4058772.28569000,43530,2659.29300000,1684935.59378000
1770696000000,2026-02-10 04:00:00,633.20000000,638.00000000,632.93000000,637.64000000,3424.69800000,1770699599999,2177737.58389000,21090,1798.20000000,1143511.62100000
1770699600000,2026-02-10 05:00:00,637.64000000,639.51000000,635.57000000,637.62000000,3773.65000000,1770703199999,2405006.27165000,28825,1871.44800000,1192708.66122000
1770703200000,2026-02-10 06:00:00,637.61000000,638.05000000,628.40000000,629.77000000,9134.74000000,1770706799999,5776817.49712000,46761,3960.30400000,2504715.57184000
1770706800000,2026-02-10 07:00:00,629.77000000,633.75000000,629.49000000,631.75000000,4979.65200000,1770710399999,3145172.89583000,31763,2788.12700000,1760950.19618000
1770710400000,2026-02-10 08:00:00,631.74000000,634.05000000,629.16000000,633.55000000,6281.74700000,1770713999999,3970285.68641000,38028,3646.86900000,2305536.27643000
1770714000000,2026-02-10 09:00:00,633.56000000,635.38000000,628.02000000,629.95000000,19180.13700000,1770717599999,12090499.05878000,52175,8127.48200000,5127552.05565000
1770717600000,2026-02-10 10:00:00,629.95000000,630.30000000,626.61000000,627.14000000,5224.05600000,1770721199999,3282753.10765000,31500,2751.45500000,1728879.67699000
1770721200000,2026-02-10 11:00:00,627.14000000,630.46000000,625.05000000,626.46000000,6903.14500000,1770724799999,4331566.29832000,35749,3567.19900000,2238937.53057000
1770724800000,2026-02-10 12:00:00,626.47000000,628.99000000,624.66000000,624.81000000,9116.15400000,1770728399999,5716636.52242000,46417,4915.83400000,3083088.93285000
1770728400000,2026-02-10 13:00:00,624.82000000,627.41000000,623.00000000,624.95000000,9959.68000000,1770731999999,6226027.94051000,64459,5027.19200000,3142792.55028000
1770732000000,2026-02-10 14:00:00,624.95000000,627.19000000,613.80000000,617.48000000,22467.89000000,1770735599999,13928805.77958000,121944,10415.26100000,6455416.46077000
1770735600000,2026-02-10 15:00:00,617.49000000,622.58000000,615.33000000,619.40000000,11372.39400000,1770739199999,7045724.53700000,79486,6925.82900000,4290923.35820000
1770739200000,2026-02-10 16:00:00,619.39000000,623.49000000,616.81000000,621.22000000,4877.88800000,1770742799999,3027340.93461000,50719,2593.26000000,1609470.50224000
1770742800000,2026-02-10 17:00:00,621.23000000,625.58000000,619.14000000,623.75000000,4440.80200000,1770746399999,2765845.87267000,36073,2843.70300000,1771008.52509000
1770746400000,2026-02-10 18:00:00,623.75000000,624.24000000,613.98000000,615.85000000,4693.13000000,1770749999999,2899185.49452000,40910,2433.89300000,1503553.36911000
1770750000000,2026-02-10 19:00:00,615.84000000,619.28000000,614.12000000,617.29000000,4204.14400000,1770753599999,2590842.54935000,29876,2270.51400000,1399154.41730000
1770753600000,2026-02-10 20:00:00,617.28000000,618.95000000,615.50000000,617.92000000,1820.66300000,1770757199999,1123658.98533000,16801,904.20600000,558085.04402000
1770757200000,2026-02-10 21:00:00,617.93000000,619.47000000,614.43000000,616.06000000,2669.38500000,1770760799999,1645501.08755000,18210,1128.56900000,695412.58025000
1770760800000,2026-02-10 22:00:00,616.06000000,619.87000000,616.06000000,619.23000000,1971.90200000,1770764399999,1218657.63179000,14525,1108.93100000,685408.02755000
1770764400000,2026-02-10 23:00:00,619.23000000,620.47000000,617.89000000,619.85000000,2000.56800000,1770767999999,1239074.69898000,13644,897.55200000,555870.20831000
1770768000000,2026-02-11 00:00:00,619.85000000,623.35000000,619.49000000,622.75000000,2781.67600000,1770771599999,1727762.76046000,18193,1257.65300000,781303.80716000
1770771600000,2026-02-11 01:00:00,622.74000000,623.23000000,620.23000000,620.73000000,2050.99600000,1770775199999,1274484.69286000,16182,958.23700000,595460.68464000
1770775200000,2026-02-11 02:00:00,620.73000000,624.14000000,620.01000000,620.03000000,2329.44700000,1770778799999,1449424.30511000,18669,1085.34000000,675468.08824000
1770778800000,2026-02-11 03:00:00,620.04000000,620.63000000,615.34000000,617.49000000,3947.83600000,1770782399999,2440538.78798000,25785,2173.10300000,1343021.49613000
1770782400000,2026-02-11 04:00:00,617.49000000,618.69000000,609.37000000,610.68000000,11236.12400000,1770785999999,6886863.97307000,44604,4982.02200000,3055099.90147000
1770786000000,2026-02-11 05:00:00,610.69000000,612.79000000,607.49000000,608.30000000,5739.73500000,1770789599999,3502186.66728000,29022,2140.20400000,1305561.10660000
1770789600000,2026-02-11 06:00:00,608.31000000,608.92000000,597.61000000,599.32000000,23925.58100000,1770793199999,14385588.10332000,95080,8792.14800000,5286891.83624000
1770793200000,2026-02-11 07:00:00,599.33000000,603.07000000,598.75000000,600.77000000,6921.33600000,1770796799999,4158506.51035000,40433,3964.75000000,2382613.32540000
1770796800000,2026-02-11 08:00:00,600.76000000,602.15000000,594.09000000,595.88000000,20658.65800000,1770800399999,12339038.03707000,63998,11461.20000000,6843090.70675000
1770800400000,2026-02-11 09:00:00,595.88000000,599.10000000,592.56000000,593.58000000,7514.60400000,1770803999999,4474703.69728000,46528,3499.18200000,2083244.31894000
1770804000000,2026-02-11 10:00:00,593.58000000,593.82000000,587.14000000,587.77000000,28689.83500000,1770807599999,16907727.21629000,88512,10778.47500000,6346686.50591000
1770807600000,2026-02-11 11:00:00,587.78000000,593.42000000,587.54000000,592.82000000,5977.92100000,1770811199999,3535062.99190000,30041,3227.51400000,1909208.62749000
1770811200000,2026-02-11 12:00:00,592.82000000,594.39000000,591.09000000,591.77000000,6687.50200000,1770814799999,3963573.50146000,40058,3443.60900000,2040795.67855000
1770814800000,2026-02-11 13:00:00,591.77000000,598.59000000,590.08000000,597.91000000,14802.77600000,1770818399999,8803615.57753000,59083,6943.08600000,4127406.76418000
1770818400000,2026-02-11 14:00:00,597.92000000,611.85000000,596.14000000,597.48000000,24121.72100000,1770821999999,14581073.85478000,105059,12267.09300000,7409116.08710000
1770822000000,2026-02-11 15:00:00,597.49000000,600.08000000,588.87000000,593.79000000,20005.48800000,1770825599999,11868575.89938000,84578,10122.56300000,6006754.79654000
1770825600000,2026-02-11 16:00:00,593.75000000,602.76000000,592.89000000,593.86000000,10758.54100000,1770829199999,6429547.00028000,51483,5990.88400000,3579173.45391000
1770829200000,2026-02-11 17:00:00,593.87000000,606.08000000,592.22000000,603.33000000,9530.59500000,1770832799999,5725391.76007000,47893,5560.86500000,3340599.18546000
1770832800000,2026-02-11 18:00:00,603.32000000,610.46000000,599.68000000,610.05000000,6137.28400000,1770836399999,3724231.60057000,30074,3635.64800000,2208142.41799000
1770836400000,2026-02-11 19:00:00,610.06000000,613.45000000,609.20000000,610.47000000,4859.68600000,1770839999999,2971194.56154000,23817,2854.07500000,1744940.27056000
1770840000000,2026-02-11 20:00:00,610.46000000,611.33000000,606.36000000,609.90000000,4027.76400000,1770843599999,2452195.65950000,22829,1776.70800000,1082251.76160000
1770843600000,2026-02-11 21:00:00,609.91000000,617.90000000,609.13000000,613.73000000,6389.72800000,1770847199999,3922495.29890000,30497,3938.60400000,2418136.61893000
1770847200000,2026-02-11 22:00:00,613.74000000,613.80000000,608.46000000,608.97000000,3337.02700000,1770850799999,2037677.12557000,26959,1610.43000000,983450.07719000
1770850800000,2026-02-11 23:00:00,608.98000000,610.26000000,604.51000000,608.11000000,3919.67800000,1770854399999,2380192.86143000,28872,1696.47800000,1030142.00068000
1770854400000,2026-02-12 00:00:00,608.11000000,612.85000000,608.11000000,611.48000000,5687.27300000,1770857999999,3476063.25952000,28946,2594.88200000,1585678.72403000
1770858000000,2026-02-12 01:00:00,611.48000000,614.16000000,611.28000000,611.68000000,3311.58400000,1770861599999,2028283.39062000,24970,1820.95100000,1115372.08606000
1770861600000,2026-02-12 02:00:00,611.69000000,616.07000000,610.78000000,613.01000000,4370.16800000,1770865199999,2679839.00057000,26590,2897.77900000,1777047.20948000
1770865200000,2026-02-12 03:00:00,613.01000000,617.30000000,612.49000000,616.60000000,3079.51800000,1770868799999,1892921.75273000,19826,1819.22800000,1118341.13103000
1770868800000,2026-02-12 04:00:00,616.61000000,618.25000000,613.49000000,613.58000000,6066.46900000,1770872399999,3736680.41967000,29865,3744.11900000,2306735.94122000
1770872400000,2026-02-12 05:00:00,613.57000000,615.85000000,611.21000000,615.66000000,3782.95300000,1770875999999,2321867.14189000,32410,2206.38300000,1354448.48614000
1770876000000,2026-02-12 06:00:00,615.65000000,618.08000000,615.00000000,615.84000000,2690.61300000,1770879599999,1658398.60966000,22761,1461.54600000,900896.06064000
1770879600000,2026-02-12 07:00:00,615.84000000,617.92000000,614.25000000,615.25000000,9019.13400000,1770883199999,5553345.90317000,30832,4568.84900000,2813677.86729000
1770883200000,2026-02-12 08:00:00,615.25000000,616.04000000,610.85000000,611.53000000,3840.48400000,1770886799999,2352556.39475000,26323,1876.89600000,1150000.56018000
1770886800000,2026-02-12 09:00:00,611.54000000,617.45000000,610.53000000,614.45000000,9726.72900000,1770890399999,5976446.55952000,39664,5536.76200000,3403224.35373000
1770890400000,2026-02-12 10:00:00,614.45000000,619.06000000,613.64000000,619.06000000,5018.29300000,1770893999999,3090256.26024000,32752,3036.18300000,1869693.50814000
1770894000000,2026-02-12 11:00:00,619.06000000,620.87000000,616.35000000,617.69000000,4061.32300000,1770897599999,2512273.09422000,35327,2373.42000000,1468417.49115000
1770897600000,2026-02-12 12:00:00,617.69000000,618.15000000,614.16000000,615.41000000,2455.40200000,1770901199999,1513948.19850000,26709,1262.97800000,778746.97513000
1770901200000,2026-02-12 13:00:00,615.40000000,618.27000000,613.44000000,618.24000000,5990.04400000,1770904799999,3687536.20364000,32081,2824.02400000,1738775.35502000
1770904800000,2026-02-12 14:00:00,618.24000000,618.28000000,611.00000000,612.24000000,5571.41500000,1770908399999,3417918.52089000,48990,2670.63100000,1638219.39041000
1770908400000,2026-02-12 15:00:00,612.23000000,614.39000000,607.72000000,609.20000000,9255.73200000,1770911999999,5652408.97828000,63214,4465.34800000,2729249.66135000
1770912000000,2026-02-12 16:00:00,609.21000000,610.15000000,600.60000000,604.23000000,12592.77000000,1770915599999,7618950.67193000,95762,6020.49600000,3644290.05455000
1770915600000,2026-02-12 17:00:00,604.24000000,609.02000000,603.14000000,603.45000000,5653.19800000,1770919199999,3426050.19271000,44283,2959.48400000,1794201.42187000
1770919200000,2026-02-12 18:00:00,603.45000000,607.73000000,602.03000000,606.95000000,3433.77300000,1770922799999,2075842.94026000,29596,1983.73900000,1199644.18823000
1770922800000,2026-02-12 19:00:00,606.95000000,612.32000000,604.99000000,608.13000000,3615.28400000,1770926399999,2202361.62558000,22782,2128.27500000,1296759.20513000
1770926400000,2026-02-12 20:00:00,608.17000000,609.83000000,604.00000000,604.95000000,2450.50700000,1770929999999,1486851.24403000,20418,1053.79300000,639576.53798000
1770930000000,2026-02-12 21:00:00,604.94000000,608.26000000,604.82000000,607.34000000,2396.26000000,1770933599999,1454456.17982000,14627,1486.97200000,902693.76984000
1770933600000,2026-02-12 22:00:00,607.36000000,612.55000000,605.95000000,612.24000000,2910.18900000,1770937199999,1772383.70493000,16533,1695.62500000,1032661.48008000
1770937200000,2026-02-12 23:00:00,612.24000000,616.00000000,611.62000000,614.29000000,4319.34200000,1770940799999,2651986.83574000,27332,2341.19600000,1437591.26319000
1770940800000,2026-02-13 00:00:00,614.29000000,616.64000000,609.80000000,611.00000000,4341.64200000,1770944399999,2661102.59475000,23773,2014.18300000,1235499.34347000
1770944400000,2026-02-13 01:00:00,610.99000000,616.37000000,610.84000000,615.50000000,3433.38900000,1770947999999,2108138.18744000,20370,2282.77100000,1401704.10790000
1770948000000,2026-02-13 02:00:00,615.50000000,616.30000000,609.00000000,610.18000000,22011.48600000,1770951599999,13473745.44019000,58026,7575.90100000,4635027.54684000
1770951600000,2026-02-13 03:00:00,610.18000000,612.00000000,607.50000000,608.85000000,8110.51400000,1770955199999,4942153.39402000,37105,3747.42000000,2283871.59425000
1770955200000,2026-02-13 04:00:00,608.86000000,609.50000000,605.71000000,605.90000000,5840.70600000,1770958799999,3548789.12299000,27305,2485.49300000,1510249.52201000
1770958800000,2026-02-13 05:00:00,605.90000000,606.17000000,598.46000000,598.87000000,8776.70100000,1770962399999,5284463.84438000,35361,2909.50000000,1753383.91141000
1770962400000,2026-02-13 06:00:00,598.87000000,598.92000000,592.49000000,597.83000000,11512.60300000,1770965999999,6863683.51002000,59072,4895.77000000,2917729.88856000
1770966000000,2026-02-13 07:00:00,597.84000000,601.12000000,596.16000000,598.11000000,8394.02100000,1770969599999,5028021.49507000,40114,4569.59300000,2738140.16717000
1770969600000,2026-02-13 08:00:00,598.12000000,604.36000000,597.68000000,602.39000000,5881.86400000,1770973199999,3536263.55664000,35391,3293.82300000,1980149.52288000
1770973200000,2026-02-13 09:00:00,602.39000000,603.30000000,599.48000000,602.15000000,4605.37700000,1770976799999,2770999.52999000,30442,2661.40700000,1601468.92831000
1770976800000,2026-02-13 10:00:00,602.16000000,602.81000000,599.28000000,601.37000000,5284.79000000,1770980399999,3177774.01660000,36749,2559.00000000,1538996.00211000
1770980400000,2026-02-13 11:00:00,601.36000000,601.67000000,598.24000000,601.58000000,4562.53600000,1770983999999,2736803.72503000,32770,2457.81000000,1474147.82698000
1770984000000,2026-02-13 12:00:00,601.58000000,601.64000000,596.84000000,599.06000000,6504.04700000,1770987599999,3893525.02420000,34461,2272.80200000,1360763.23216000
1770987600000,2026-02-13 13:00:00,599.06000000,603.10000000,596.51000000,598.65000000,10840.91000000,1770991199999,6502614.77309000,48926,5653.41100000,3391331.34158000
1770991200000,2026-02-13 14:00:00,598.65000000,605.36000000,595.38000000,602.62000000,21415.83700000,1770994799999,12840439.44667000,96103,13730.39700000,8231379.50510000
1770994800000,2026-02-13 15:00:00,602.63000000,615.38000000,600.70000000,610.33000000,27337.86100000,1770998399999,16655843.31713000,96204,16917.93900000,10314331.83571000
1770998400000,2026-02-13 16:00:00,610.33000000,619.39000000,609.04000000,615.98000000,17576.09600000,1771001999999,10812188.92705000,65535,10099.64200000,6214924.12703000
1771002000000,2026-02-13 17:00:00,615.98000000,618.72000000,613.41000000,615.99000000,7441.86800000,1771005599999,4587461.87023000,40082,4071.05500000,2509138.98943000
1771005600000,2026-02-13 18:00:00,615.98000000,618.80000000,614.01000000,617.65000000,7209.49400000,1771009199999,4443973.48079000,43080,3485.50200000,2148972.92916000
1771009200000,2026-02-13 19:00:00,617.66000000,621.29000000,617.07000000,618.14000000,6147.00700000,1771012799999,3805876.47279000,36497,3745.11300000,2319879.88908000
1771012800000,2026-02-13 20:00:00,618.14000000,618.88000000,615.65000000,618.34000000,3218.52900000,1771016399999,1986435.33865000,29346,1639.58300000,1012136.12111000
1771016400000,2026-02-13 21:00:00,618.33000000,622.81000000,618.09000000,621.15000000,5012.60900000,1771019999999,3113987.76383000,26033,2936.45400000,1824363.48953000
1771020000000,2026-02-13 22:00:00,621.14000000,621.39000000,617.88000000,620.10000000,3132.96800000,1771023599999,1940355.74490000,20808,1352.86700000,838001.47180000
1771023600000,2026-02-13 23:00:00,620.09000000,620.88000000,618.28000000,618.94000000,2826.95900000,1771027199999,1751783.72089000,19236,1510.01600000,935830.15622000
1771027200000,2026-02-14 00:00:00,618.93000000,623.77000000,618.45000000,623.18000000,4889.61600000,1771030799999,3036397.11537000,28853,3118.82000000,1937148.67430000
1771030800000,2026-02-14 01:00:00,623.18000000,625.63000000,622.82000000,624.07000000,6375.90200000,1771034399999,3978531.78373000,30714,3753.58100000,2342313.56399000
1771034400000,2026-02-14 02:00:00,624.06000000,624.06000000,620.36000000,620.92000000,3622.52300000,1771037999999,2253688.43897000,21264,1543.86400000,960366.03256000
1771038000000,2026-02-14 03:00:00,620.91000000,621.57000000,616.72000000,617.50000000,6921.13600000,1771041599999,4287395.98267000,33045,2701.44600000,1674079.00907000
1771041600000,2026-02-14 04:00:00,617.50000000,617.68000000,616.01000000,617.17000000,2947.75500000,1771045199999,1818831.22418000,19557,1411.96200000,871195.68505000
1771045200000,2026-02-14 05:00:00,617.17000000,618.45000000,615.70000000,616.57000000,2503.69800000,1771048799999,1545402.47139000,16522,1023.52400000,631964.42283000
1771048800000,2026-02-14 06:00:00,616.57000000,619.36000000,615.97000000,619.35000000,2725.71400000,1771052399999,1682581.63866000,17693,1704.92700000,1052369.36765000
1771052400000,2026-02-14 07:00:00,619.36000000,622.39000000,618.90000000,622.35000000,4646.30400000,1771055999999,2885797.30245000,24448,3009.41000000,1869522.23177000
1771056000000,2026-02-14 08:00:00,622.35000000,627.70000000,622.01000000,627.08000000,10017.07900000,1771059599999,6261975.62164000,39468,5786.15100000,3617246.17004000
1771059600000,2026-02-14 09:00:00,627.08000000,629.33000000,626.18000000,628.96000000,5362.02000000,1771063199999,3366531.42899000,27390,3606.10500000,2264147.02873000
1771063200000,2026-02-14 10:00:00,628.96000000,628.99000000,626.32000000,627.45000000,4411.34600000,1771066799999,2766728.24367000,18465,2162.83700000,1356479.13689000
1771066800000,2026-02-14 11:00:00,627.45000000,633.79000000,627.28000000,633.37000000,8451.20000000,1771070399999,5338070.69677000,41840,5199.46400000,3283282.71496000
1771070400000,2026-02-14 12:00:00,633.37000000,634.20000000,626.86000000,627.60000000,6803.52300000,1771073999999,4290732.11180000,34775,3122.99000000,1971406.64485000
1771074000000,2026-02-14 13:00:00,627.60000000,630.62000000,626.76000000,629.98000000,5560.33000000,1771077599999,3495609.76152000,33834,2943.27200000,1850518.81289000
1771077600000,2026-02-14 14:00:00,629.98000000,637.24000000,629.40000000,635.85000000,6252.04000000,1771081199999,3959185.69047000,35242,3891.28500000,2464588.03341000
1771081200000,2026-02-14 15:00:00,635.86000000,636.74000000,633.50000000,634.73000000,5800.04000000,1771084799999,3682695.69607000,34261,2718.85500000,1726643.02100000
1771084800000,2026-02-14 16:00:00,634.74000000,634.74000000,629.19000000,633.28000000,7699.89400000,1771088399999,4863554.21948000,36779,4143.60500000,2617118.90416000
1771088400000,2026-02-14 17:00:00,633.28000000,634.48000000,631.21000000,632.03000000,2753.57000000,1771091999999,1742812.83666000,23999,1245.03600000,787994.80766000
1771092000000,2026-02-14 18:00:00,632.03000000,632.90000000,631.05000000,631.77000000,2039.35600000,1771095599999,1288598.36101000,17903,1074.13800000,678692.76370000
1771095600000,2026-02-14 19:00:00,631.78000000,633.31000000,629.97000000,632.84000000,2384.36200000,1771099199999,1507114.28961000,16574,1402.30800000,886546.03725000
1771099200000,2026-02-14 20:00:00,632.84000000,633.93000000,630.42000000,632.42000000,2401.46900000,1771102799999,1517659.49126000,16244,1119.81800000,707833.02787000
1771102800000,2026-02-14 21:00:00,632.42000000,634.61000000,628.58000000,631.12000000,3881.53400000,1771106399999,2450508.78735000,22959,1665.16700000,1051756.82344000
1771106400000,2026-02-14 22:00:00,631.11000000,633.69000000,630.80000000,632.40000000,2141.31900000,1771109999999,1354023.53528000,13254,1314.20300000,831040.41796000
1771110000000,2026-02-14 23:00:00,632.39000000,634.48000000,631.40000000,632.77000000,3254.19400000,1771113599999,2059931.61832000,20505,1559.14700000,986850.66921000
1771113600000,2026-02-15 00:00:00,632.77000000,633.49000000,629.76000000,631.89000000,4421.74700000,1771117199999,2793834.47316000,22456,2679.38800000,1694104.38122000
1771117200000,2026-02-15 01:00:00,631.88000000,633.97000000,629.00000000,632.82000000,3935.78500000,1771120799999,2484968.55290000,26715,2015.58100000,1273117.70014000
1771120800000,2026-02-15 02:00:00,632.82000000,633.93000000,627.00000000,630.46000000,7827.31900000,1771124399999,4933026.85663000,27719,3976.10100000,2507413.06562000
1771124400000,2026-02-15 03:00:00,630.45000000,633.80000000,627.13000000,633.40000000,5956.70900000,1771127999999,3753712.81917000,36158,3294.10400000,2076859.99064000
1771128000000,2026-02-15 04:00:00,633.39000000,639.18000000,633.39000000,635.62000000,6681.44200000,1771131599999,4251942.49253000,45403,3907.52600000,2486801.12988000
1771131600000,2026-02-15 05:00:00,635.64000000,638.50000000,635.40000000,636.44000000,3433.18000000,1771135199999,2186933.66622000,27344,1785.77300000,1137492.51579000
1771135200000,2026-02-15 06:00:00,636.45000000,638.41000000,634.80000000,636.44000000,3765.52400000,1771138799999,2397797.51142000,24002,2366.84300000,1507516.08766000
1771138800000,2026-02-15 07:00:00,636.44000000,642.49000000,635.78000000,639.86000000,5814.26300000,1771142399999,3717908.96904000,31215,3840.52500000,2456615.70109000
1771142400000,2026-02-15 08:00:00,639.86000000,641.28000000,628.22000000,631.60000000,7498.18800000,1771145999999,4751037.64461000,43951,3084.69200000,1955477.86148000
1771146000000,2026-02-15 09:00:00,631.60000000,633.57000000,629.65000000,630.66000000,4566.40600000,1771149599999,2884422.84437000,26448,2757.69500000,1742357.12366000
1771149600000,2026-02-15 10:00:00,630.67000000,630.91000000,626.21000000,629.81000000,5111.47900000,1771153199999,3213143.50113000,29365,1865.74600000,1172954.47112000
1771153200000,2026-02-15 11:00:00,629.81000000,631.11000000,628.79000000,629.26000000,2598.95800000,1771156799999,1637469.14751000,18155,1418.49100000,893866.39624000
1771156800000,2026-02-15 12:00:00,629.27000000,630.06000000,619.33000000,619.38000000,10577.91800000,1771160399999,6606700.80432000,50623,4220.33700000,2634446.84101000
1771160400000,2026-02-15 13:00:00,619.38000000,624.29000000,615.71000000,617.57000000,10872.57200000,1771163999999,6743018.75527000,61004,4693.12500000,2911229.19457000
1771164000000,2026-02-15 14:00:00,617.57000000,622.04000000,617.07000000,621.02000000,5291.42700000,1771167599999,3278289.83443000,36972,2821.67700000,1748074.39359000
1771167600000,2026-02-15 15:00:00,621.02000000,623.40000000,619.58000000,621.52000000,3712.82200000,1771171199999,2307754.06902000,24186,2387.27900000,1484364.48898000
1771171200000,2026-02-15 16:00:00,621.53000000,621.54000000,617.68000000,619.84000000,4007.88400000,1771174799999,2481892.10841000,27038,1829.60300000,1132824.82995000
1771174800000,2026-02-15 17:00:00,619.84000000,620.78000000,610.17000000,613.91000000,12321.24700000,1771178399999,7558841.48615000,55831,5471.84900000,3356132.04701000
1771178400000,2026-02-15 18:00:00,613.91000000,615.31000000,610.78000000,611.53000000,5711.40300000,1771181999999,3499307.82543000,35481,2510.95000000,1538544.58785000
1771182000000,2026-02-15 19:00:00,611.52000000,613.46000000,608.82000000,611.79000000,8368.36900000,1771185599999,5110520.58547000,36006,3759.89200000,2298061.81534000
1771185600000,2026-02-15 20:00:00,611.79000000,614.47000000,609.86000000,613.74000000,3061.67300000,1771189199999,1875579.86954000,17857,1354.97100000,830364.21377000
1771189200000,2026-02-15 21:00:00,613.74000000,617.44000000,613.50000000,615.82000000,2270.79200000,1771192799999,1398142.79463000,15386,1236.40300000,761271.63659000
1771192800000,2026-02-15 22:00:00,615.82000000,617.04000000,614.41000000,616.57000000,1871.32900000,1771196399999,1152411.44958000,14168,913.59500000,562725.96585000
1771196400000,2026-02-15 23:00:00,616.57000000,616.67000000,611.66000000,615.16000000,2748.15500000,1771199999999,1686571.21811000,23438,1514.70800000,929652.23564000
1771200000000,2026-02-16 00:00:00,615.17000000,616.89000000,613.80000000,616.23000000,2500.31900000,1771203599999,1538863.18834000,20105,1451.73200000,893554.29291000
1771203600000,2026-02-16 01:00:00,616.23000000,618.37000000,612.68000000,614.94000000,2000.64400000,1771207199999,1231076.54308000,18439,1032.47000000,635581.34250000
1771207200000,2026-02-16 02:00:00,614.94000000,616.48000000,611.69000000,612.35000000,2148.48400000,1771210799999,1319283.47131000,18626,1116.23000000,685290.09752000
1771210800000,2026-02-16 03:00:00,612.35000000,613.57000000,611.38000000,613.46000000,1614.70700000,1771214399999,989365.60656000,14821,846.54600000,518727.56771000
1771214400000,2026-02-16 04:00:00,613.46000000,618.22000000,613.44000000,618.21000000,2163.96600000,1771217999999,1333499.98743000,17116,1247.60500000,768746.39988000
1771218000000,2026-02-16 05:00:00,618.22000000,618.75000000,610.70000000,612.42000000,3367.20600000,1771221599999,2064528.25363000,20071,1817.74400000,1114197.49778000
1771221600000,2026-02-16 06:00:00,612.42000000,614.00000000,610.40000000,612.81000000,2521.82700000,1771225199999,1544300.50426000,17117,1316.36000000,806230.91656000
1771225200000,2026-02-16 07:00:00,612.81000000,615.06000000,611.52000000,613.39000000,2828.58100000,1771228799999,1734636.16195000,20003,1331.96500000,816918.01616000
1771228800000,2026-02-16 08:00:00,613.39000000,615.09000000,612.60000000,614.78000000,2534.28200000,1771232399999,1555615.24338000,17871,1147.00100000,704157.24361000
1771232400000,2026-02-16 09:00:00,614.78000000,619.87000000,614.77000000,618.57000000,4862.93400000,1771235999999,3004994.88253000,28809,2489.40600000,1537943.23099000
1771236000000,2026-02-16 10:00:00,618.57000000,619.37000000,616.73000000,618.76000000,2628.04500000,1771239599999,1624909.25067000,21953,1555.61800000,961918.30449000
1771239600000,2026-02-16 11:00:00,618.76000000,620.00000000,613.53000000,618.75000000,3456.64300000,1771243199999,2133485.39071000,30952,1787.75000000,1103754.14608000
1771243200000,2026-02-16 12:00:00,618.74000000,629.16000000,618.74000000,628.12000000,9841.40000000,1771246799999,6143579.24223000,65903,6367.33500000,3973570.66741000
1771246800000,2026-02-16 13:00:00,628.13000000,631.24000000,614.61000000,616.21000000,12361.89800000,1771250399999,7696732.89113000,113374,5936.83800000,3698136.07918000
1771250400000,2026-02-16 14:00:00,616.20000000,618.22000000,612.43000000,613.75000000,8134.33700000,1771253999999,5005301.43482000,71101,4507.82800000,2774309.52484000
1771254000000,2026-02-16 15:00:00,613.75000000,616.51000000,604.49000000,607.51000000,14806.42600000,1771257599999,9012117.16383000,102535,6778.94000000,4124378.43579000
1771257600000,2026-02-16 16:00:00,607.51000000,613.22000000,607.23000000,613.05000000,7178.98100000,1771261199999,4383430.57499000,49771,4321.64900000,2638875.31864000
1771261200000,2026-02-16 17:00:00,613.05000000,617.14000000,612.08000000,615.64000000,4104.04100000,1771264799999,2524733.38155000,33184,2321.62900000,1428418.71148000
1771264800000,2026-02-16 18:00:00,615.64000000,618.31000000,614.24000000,614.59000000,2748.39200000,1771268399999,1693984.22089000,28102,1347.69000000,830736.44058000
1771268400000,2026-02-16 19:00:00,614.59000000,617.91000000,614.24000000,616.73000000,1771.57800000,1771271999999,1091416.86440000,19828,1166.33800000,718444.70947000
1771272000000,2026-02-16 20:00:00,616.74000000,622.53000000,616.04000000,622.35000000,2991.89000000,1771275599999,1853035.07943000,26090,1808.33000000,1120385.20521000
1771275600000,2026-02-16 21:00:00,622.34000000,626.48000000,621.30000000,626.43000000,3372.14700000,1771279199999,2101639.61754000,28064,1550.21300000,966410.96796000
1771279200000,2026-02-16 22:00:00,626.42000000,628.20000000,625.12000000,626.21000000,3792.98900000,1771282799999,2377258.95275000,28491,1738.57500000,1089725.92197000
1771282800000,2026-02-16 23:00:00,626.20000000,628.09000000,625.30000000,627.19000000,1929.16600000,1771286399999,1209295.37250000,24432,1002.46700000,628390.96935000
1771286400000,2026-02-17 00:00:00,627.19000000,628.40000000,625.92000000,626.63000000,1873.56000000,1771289999999,1175067.30004000,22580,1064.16100000,667466.17737000
1771290000000,2026-02-17 01:00:00,626.63000000,628.39000000,624.24000000,624.57000000,1708.49700000,1771293599999,1070432.22786000,18108,848.91900000,532138.43403000
1771293600000,2026-02-17 02:00:00,624.57000000,631.86000000,621.25000000,629.07000000,12890.32600000,1771297199999,8107446.95441000,44530,9037.01800000,5690649.73200000
1771297200000,2026-02-17 03:00:00,629.06000000,629.53000000,626.17000000,626.99000000,3240.88200000,1771300799999,2033355.31373000,22131,1405.84200000,881825.21552000
1771300800000,2026-02-17 04:00:00,627.00000000,628.28000000,625.00000000,626.24000000,2350.11200000,1771304399999,1472393.96989000,24614,1151.88700000,721722.90582000
1771304400000,2026-02-17 05:00:00,626.25000000,627.27000000,620.30000000,623.02000000,3290.92000000,1771307999999,2051847.37547000,37539,1527.38000000,952482.65708000
1771308000000,2026-02-17 06:00:00,623.01000000,625.08000000,623.01000000,624.82000000,1432.05500000,1771311599999,893929.74374000,18230,805.60100000,502865.10478000
1771311600000,2026-02-17 07:00:00,624.82000000,624.82000000,622.02000000,622.74000000,4078.38900000,1771315199999,2540976.48663000,26783,2157.68300000,1344188.29056000
1771315200000,2026-02-17 08:00:00,622.74000000,623.89000000,619.51000000,619.95000000,2517.55100000,1771318799999,1564472.92977000,29181,1416.55100000,880396.20884000
1771318800000,2026-02-17 09:00:00,619.94000000,620.67000000,618.05000000,619.50000000,2130.94500000,1771322399999,1319162.32923000,28257,1098.74400000,680222.49998000
1771322400000,2026-02-17 10:00:00,619.50000000,620.00000000,615.17000000,616.54000000,3162.50300000,1771325999999,1951633.81128000,31800,1567.95100000,967940.10813000
1771326000000,2026-02-17 11:00:00,616.54000000,618.57000000,615.85000000,618.34000000,1701.73200000,1771329599999,1050989.28372000,20173,994.79900000,614349.33425000
1771329600000,2026-02-17 12:00:00,618.33000000,621.65000000,617.99000000,619.43000000,2061.53800000,1771333199999,1278322.47850000,23013,1205.49700000,747501.36023000
1771333200000,2026-02-17 13:00:00,619.43000000,625.34000000,618.36000000,623.87000000,4397.71300000,1771336799999,2737795.87205000,38943,2753.67000000,1714132.84480000
1771336800000,2026-02-17 14:00:00,623.87000000,626.08000000,609.73000000,611.93000000,12214.17700000,1771340399999,7535244.92559000,83743,5065.38200000,3123164.92193000
1771340400000,2026-02-17 15:00:00,611.92000000,615.33000000,609.30000000,615.24000000,9877.19600000,1771343999999,6054545.36543000,64192,3994.73500000,2449131.81711000
1771344000000,2026-02-17 16:00:00,615.25000000,622.34000000,614.32000000,618.29000000,7322.30900000,1771347599999,4530415.74341000,55476,3882.43500000,2403044.07488000
1771347600000,2026-02-17 17:00:00,618.29000000,619.66000000,612.12000000,614.94000000,3373.77200000,1771351199999,2076541.66098000,38953,1697.69000000,1044699.20523000
1771351200000,2026-02-17 18:00:00,614.94000000,623.98000000,614.30000000,622.17000000,3660.17600000,1771354799999,2269437.67841000,49501,2070.41200000,1283251.77810000
1771354800000,2026-02-17 19:00:00,622.18000000,624.28000000,619.53000000,620.10000000,2852.09900000,1771358399999,1773540.46731000,30240,1284.75100000,798801.02517000
1771358400000,2026-02-17 20:00:00,620.10000000,620.82000000,616.74000000,618.62000000,1673.64500000,1771361999999,1035565.36838000,23991,942.36300000,583062.14156000
1771362000000,2026-02-17 21:00:00,618.62000000,620.41000000,616.59000000,618.79000000,1580.39500000,1771365599999,976898.87699000,11783,1191.25100000,736267.37007000
1771365600000,2026-02-17 22:00:00,618.78000000,619.68000000,617.71000000,617.91000000,967.71300000,1771369199999,598553.56260000,10619,423.36900000,261853.12808000
1771369200000,2026-02-17 23:00:00,617.90000000,618.29000000,616.06000000,617.74000000,1575.87900000,1771372799999,972805.13299000,15903,937.86600000,578941.44799000
1771372800000,2026-02-18 00:00:00,617.76000000,619.24000000,616.32000000,616.48000000,1706.60100000,1771376399999,1054651.73546000,18379,942.77700000,582698.09885000
1771376400000,2026-02-18 01:00:00,616.49000000,616.62000000,613.33000000,614.75000000,2517.95300000,1771379999999,1547498.14489000,21341,1176.43300000,723110.74350000
1771380000000,2026-02-18 02:00:00,614.76000000,617.91000000,614.56000000,617.13000000,1198.96600000,1771383599999,739275.01472000,12058,646.33400000,398539.26821000
1771383600000,2026-02-18 03:00:00,617.13000000,619.67000000,616.68000000,618.86000000,1686.73200000,1771387199999,1043242.67494000,15361,945.30700000,584608.20876000
1771387200000,2026-02-18 04:00:00,618.86000000,619.04000000,616.56000000,617.38000000,1581.01400000,1771390799999,976443.52206000,15439,765.70400000,472894.61983000
1771390800000,2026-02-18 05:00:00,617.39000000,618.12000000,615.93000000,616.09000000,1606.23600000,1771394399999,991056.38490000,14584,619.97000000,382470.13128000
1771394400000,2026-02-18 06:00:00,616.08000000,618.27000000,616.07000000,616.55000000,1527.16700000,1771397999999,942630.91655000,14315,676.66000000,417639.02695000
1771398000000,2026-02-18 07:00:00,616.55000000,621.42000000,614.80000000,620.91000000,3059.42700000,1771401599999,1889757.97051000,21491,1556.45600000,961757.73758000
1771401600000,2026-02-18 08:00:00,620.90000000,626.57000000,620.11000000,623.35000000,6531.87000000,1771405199999,4074648.68777000,48173,3423.69400000,2135652.65011000
1771405200000,2026-02-18 09:00:00,623.35000000,624.30000000,622.63000000,622.87000000,2411.15100000,1771408799999,1503151.07753000,22628,1217.29000000,758827.43063000
1771408800000,2026-02-18 10:00:00,622.88000000,623.86000000,618.70000000,619.10000000,2152.21400000,1771412399999,1336720.23023000,23361,963.58100000,598602.24668000
1771412400000,2026-02-18 11:00:00,619.11000000,619.48000000,613.56000000,614.18000000,4223.62300000,1771415999999,2600622.47249000,43086,2114.72600000,1302068.94493000
1771416000000,2026-02-18 12:00:00,614.18000000,616.77000000,613.77000000,615.84000000,3076.54500000,1771419599999,1893212.24129000,29807,1608.37700000,989787.82078000
1771419600000,2026-02-18 13:00:00,615.85000000,616.98000000,608.75000000,610.97000000,6048.10900000,1771423199999,3703824.24643000,49281,2708.06400000,1659078.37141000
1771423200000,2026-02-18 14:00:00,610.97000000,612.80000000,607.97000000,612.29000000,8016.44600000,1771426799999,4896246.86084000,66332,4440.01500000,2712542.81025000
1771426800000,2026-02-18 15:00:00,612.28000000,623.17000000,612.06000000,618.25000000,10187.60100000,1771430399999,6293171.75361000,83796,5159.62700000,3185325.39405000
1771430400000,2026-02-18 16:00:00,618.25000000,618.56000000,613.60000000,616.55000000,5824.17600000,1771433999999,3587046.96460000,56739,2542.84700000,1565768.50496000
1771434000000,2026-02-18 17:00:00,616.55000000,620.59000000,616.14000000,616.48000000,2995.72000000,1771437599999,1851607.20218000,38158,1627.24200000,1005966.26978000
1771437600000,2026-02-18 18:00:00,616.48000000,617.16000000,609.21000000,610.76000000,4794.91400000,1771441199999,2933815.26094000,47692,2138.40600000,1308805.45061000
1771441200000,2026-02-18 19:00:00,610.76000000,612.27000000,601.30000000,603.23000000,11904.09100000,1771444799999,7204781.24215000,84265,5326.10900000,3223197.20072000
1771444800000,2026-02-18 20:00:00,603.23000000,606.51000000,602.86000000,603.65000000,4540.57100000,1771448399999,2744449.85433000,49694,2437.08100000,1473085.19809000
1771448400000,2026-02-18 21:00:00,603.65000000,606.07000000,602.00000000,604.27000000,3395.71700000,1771451999999,2052135.51068000,31650,1467.42000000,886817.19631000
1771452000000,2026-02-18 22:00:00,604.27000000,605.74000000,602.47000000,604.79000000,4107.80900000,1771455599999,2482283.23447000,27749,1966.77700000,1188468.21231000
1771455600000,2026-02-18 23:00:00,604.79000000,605.50000000,603.66000000,604.80000000,2161.35700000,1771459199999,1306759.44364000,27077,1013.54800000,612817.09416000
1771459200000,2026-02-19 00:00:00,604.80000000,605.59000000,602.84000000,602.85000000,3430.94000000,1771462799999,2073273.30244000,29156,1844.57000000,1114769.08616000
1771462800000,2026-02-19 01:00:00,602.84000000,606.99000000,602.84000000,606.94000000,3529.91300000,1771466399999,2136315.86367000,33677,1921.81700000,1163088.17697000
1771466400000,2026-02-19 02:00:00,606.95000000,607.43000000,604.06000000,606.20000000,5327.32800000,1771469999999,3226258.86526000,29363,3326.52400000,2014243.04439000
1771470000000,2026-02-19 03:00:00,606.21000000,608.15000000,604.77000000,607.86000000,2100.69800000,1771473599999,1274849.90704000,18413,953.24500000,578560.36813000
1771473600000,2026-02-19 04:00:00,607.87000000,610.56000000,607.55000000,609.00000000,5633.39000000,1771477199999,3432554.75656000,26891,2426.28300000,1478151.34005000
1771477200000,2026-02-19 05:00:00,608.99000000,609.87000000,606.66000000,608.51000000,3969.53000000,1771480799999,2415024.99146000,24305,1341.72900000,816009.67964000
1771480800000,2026-02-19 06:00:00,608.51000000,614.80000000,608.35000000,613.48000000,4325.78700000,1771484399999,2649865.12137000,39530,2191.49600000,1342343.02316000
1771484400000,2026-02-19 07:00:00,613.48000000,614.00000000,610.33000000,610.78000000,2818.44400000,1771487999999,1724717.96748000,24352,1185.64700000,725573.91211000
1771488000000,2026-02-19 08:00:00,610.78000000,610.90000000,605.55000000,606.68000000,5654.87100000,1771491599999,3434446.27405000,32433,2150.88700000,1306117.15218000
1771491600000,2026-02-19 09:00:00,606.68000000,608.86000000,604.83000000,606.51000000,6148.18300000,1771495199999,3733612.70703000,36152,2566.60200000,1558735.19311000
1771495200000,2026-02-19 10:00:00,606.51000000,607.99000000,605.53000000,606.22000000,4212.32200000,1771498799999,2555363.07013000,32089,1828.32900000,1109014.81057000
1771498800000,2026-02-19 11:00:00,606.22000000,607.11000000,603.90000000,604.24000000,4568.62500000,1771502399999,2764107.26270000,25408,1566.37600000,947781.45346000
1771502400000,2026-02-19 12:00:00,604.24000000,606.49000000,603.45000000,605.66000000,2758.59200000,1771505999999,1669099.04960000,34009,1503.12000000,909623.25353000
1771506000000,2026-02-19 13:00:00,605.67000000,606.21000000,596.00000000,598.54000000,11842.41000000,1771509599999,7108389.66857000,71285,4498.24200000,2698631.02272000
1771509600000,2026-02-19 14:00:00,598.53000000,604.15000000,597.65000000,602.17000000,9347.52500000,1771513199999,5614947.48671000,76115,5238.52300000,3147162.68970000
1771513200000,2026-02-19 15:00:00,602.19000000,604.90000000,597.72000000,600.39000000,6660.02100000,1771516799999,4001058.19399000,51842,3709.21400000,2228705.40551000
1771516800000,2026-02-19 16:00:00,600.40000000,601.84000000,596.07000000,600.01000000,6377.71700000,1771520399999,3823730.38833000,43232,3038.77000000,1821596.90194000
1771520400000,2026-02-19 17:00:00,600.01000000,604.93000000,597.28000000,599.12000000,4390.30700000,1771523999999,2639577.17150000,39368,2369.02800000,1424373.80450000
1771524000000,2026-02-19 18:00:00,599.11000000,606.80000000,598.65000000,605.86000000,4003.02300000,1771527599999,2416190.21876000,44791,2008.79500000,1212154.39060000
1771527600000,2026-02-19 19:00:00,605.87000000,606.95000000,601.95000000,604.58000000,3245.74600000,1771531199999,1960820.38524000,35729,1084.11000000,654928.31164000
1771531200000,2026-02-19 20:00:00,604.58000000,607.91000000,603.02000000,607.29000000,3274.16900000,1771534799999,1982179.55458000,25366,1896.33200000,1148093.59238000
1771534800000,2026-02-19 21:00:00,607.27000000,609.24000000,606.71000000,607.90000000,2633.40900000,1771538399999,1601049.55364000,18086,1338.35400000,813882.53653000
1771538400000,2026-02-19 22:00:00,607.90000000,607.95000000,605.08000000,606.60000000,1856.08800000,1771541999999,1125956.27381000,16914,952.92600000,578026.84877000
1771542000000,2026-02-19 23:00:00,606.59000000,608.02000000,605.81000000,607.83000000,1245.32500000,1771545599999,756091.66316000,15517,699.51700000,424716.37922000
1771545600000,2026-02-20 00:00:00,607.82000000,610.53000000,607.12000000,608.38000000,3840.96800000,1771549199999,2338641.64926000,25469,1903.90300000,1159420.82254000
1771549200000,2026-02-20 01:00:00,608.38000000,608.80000000,606.58000000,607.50000000,6130.19800000,1771552799999,3726166.53855000,28761,1824.11200000,1108696.09274000
1771552800000,2026-02-20 02:00:00,607.52000000,608.38000000,606.16000000,606.73000000,2983.73800000,1771556399999,1811638.37991000,21476,1372.77900000,833556.14194000
1771556400000,2026-02-20 03:00:00,606.72000000,608.66000000,606.23000000,607.89000000,2932.94000000,1771559999999,1781590.28611000,19546,1378.58400000,837619.26071000
1771560000000,2026-02-20 04:00:00,607.89000000,609.34000000,605.29000000,608.65000000,5344.34900000,1771563599999,3249051.26377000,24771,2870.99700000,1746133.77146000
1771563600000,2026-02-20 05:00:00,608.65000000,613.94000000,608.20000000,611.93000000,3432.80700000,1771567199999,2099522.31950000,31224,1712.01400000,1047128.76124000
1771567200000,2026-02-20 06:00:00,611.93000000,612.75000000,610.23000000,612.08000000,4310.98500000,1771570799999,2636394.47181000,24392,1271.02000000,777245.99023000
1771570800000,2026-02-20 07:00:00,612.08000000,612.71000000,610.95000000,612.10000000,3884.67700000,1771574399999,2377135.75261000,18383,1771.10000000,1083998.20874000
1771574400000,2026-02-20 08:00:00,612.10000000,613.50000000,610.91000000,611.85000000,4364.52400000,1771577999999,2672343.05358000,20855,1578.21600000,966380.12511000
1771578000000,2026-02-20 09:00:00,611.84000000,614.39000000,611.77000000,613.31000000,9273.58900000,1771581599999,5684475.84020000,33956,2817.66900000,1727276.34303000
1771581600000,2026-02-20 10:00:00,613.31000000,615.24000000,611.75000000,612.21000000,6484.21400000,1771585199999,3978164.84598000,30531,2220.98200000,1363247.94609000
1771585200000,2026-02-20 11:00:00,612.21000000,612.21000000,606.87000000,608.53000000,10159.66300000,1771588799999,6191996.74584000,36059,4940.89600000,3012287.97549000
1771588800000,2026-02-20 12:00:00,608.53000000,610.44000000,607.45000000,609.56000000,4963.74000000,1771592399999,3022625.53516000,25419,2157.51600000,1314311.45539000
1771592400000,2026-02-20 13:00:00,609.55000000,609.56000000,601.23000000,604.38000000,14902.36200000,1771595999999,9020813.92850000,74951,6113.53400000,3696944.76620000
1771596000000,2026-02-20 14:00:00,604.39000000,610.98000000,603.87000000,609.36000000,8219.60000000,1771599599999,4993808.00275000,76971,3827.86600000,2326132.84572000
1771599600000,2026-02-20 15:00:00,609.37000000,618.30000000,609.04000000,616.83000000,16439.32800000,1771603199999,10101256.57593000,117710,9823.97000000,6037089.73509000
1771603200000,2026-02-20 16:00:00,616.83000000,620.78000000,616.53000000,620.00000000,8983.90900000,1771606799999,5560109.91304000,69679,5341.13500000,3305990.24697000
1771606800000,2026-02-20 17:00:00,620.01000000,623.71000000,616.08000000,623.41000000,10920.47300000,1771610399999,6771350.55356000,79930,5972.23800000,3703984.50836000
1771610400000,2026-02-20 18:00:00,623.42000000,627.50000000,621.90000000,627.23000000,12152.92500000,1771613999999,7592770.66455000,77157,7177.48700000,4485196.38620000
1771614000000,2026-02-20 19:00:00,627.23000000,628.26000000,624.73000000,626.14000000,5220.79600000,1771617599999,3270226.19071000,39243,2870.59200000,1798286.57627000
1771617600000,2026-02-20 20:00:00,626.13000000,629.00000000,625.52000000,628.84000000,6318.90200000,1771621199999,3963661.91315000,40693,2538.68900000,1592844.23282000
1771621200000,2026-02-20 21:00:00,628.83000000,629.74000000,626.76000000,627.00000000,3330.06600000,1771624799999,2093366.89640000,23534,1649.66100000,1037025.27702000
1771624800000,2026-02-20 22:00:00,627.00000000,627.60000000,624.90000000,627.10000000,2641.45600000,1771628399999,1653806.49330000,23568,1282.08500000,802766.69914000
1771628400000,2026-02-20 23:00:00,627.09000000,627.70000000,624.92000000,625.91000000,2354.59700000,1771631999999,1474058.33929000,20970,1361.09300000,852083.23308000
1771632000000,2026-02-21 00:00:00,625.90000000,628.23000000,624.00000000,624.65000000,2616.97900000,1771635599999,1639657.89449000,26858,1326.42700000,831347.39085000
1771635600000,2026-02-21 01:00:00,624.66000000,628.21000000,624.66000000,627.93000000,5367.06300000,1771639199999,3361358.40813000,22111,3189.29400000,1996707.10749000
1771639200000,2026-02-21 02:00:00,627.93000000,628.67000000,627.06000000,627.64000000,2984.00300000,1771642799999,1873562.46768000,21679,1669.92700000,1048595.86432000
1771642800000,2026-02-21 03:00:00,627.64000000,627.67000000,624.67000000,625.25000000,2129.58200000,1771646399999,1332898.80174000,22465,942.32700000,589935.21892000
1771646400000,2026-02-21 04:00:00,625.25000000,627.28000000,624.93000000,627.19000000,1580.43900000,1771649999999,989126.69406000,14627,946.09500000,592138.93329000
1771650000000,2026-02-21 05:00:00,627.20000000,628.00000000,626.79000000,627.20000000,1811.81600000,1771653599999,1136618.93602000,11033,897.64800000,563131.11411000
1771653600000,2026-02-21 06:00:00,627.20000000,627.51000000,625.27000000,625.80000000,2270.35300000,1771657199999,1422295.90870000,14554,923.00500000,578234.49674000
1771657200000,2026-02-21 07:00:00,625.81000000,627.91000000,625.22000000,625.88000000,4128.41300000,1771660799999,2587103.90590000,15649,2016.93100000,1264162.05327000
1771660800000,2026-02-21 08:00:00,625.87000000,628.20000000,625.72000000,627.78000000,3050.32400000,1771664399999,1912609.63419000,15784,1593.31900000,998922.70541000
1771664400000,2026-02-21 09:00:00,627.78000000,630.61000000,627.64000000,628.65000000,4846.86400000,1771667999999,3050564.52663000,23960,3004.02300000,1890793.20460000
1771668000000,2026-02-21 10:00:00,628.65000000,630.16000000,628.62000000,629.82000000,1504.15800000,1771671599999,946766.25186000,13846,888.11400000,559019.31601000
1771671600000,2026-02-21 11:00:00,629.82000000,631.63000000,629.60000000,630.18000000,2395.11100000,1771675199999,1510380.05320000,18262,1576.61900000,994278.75612000
1771675200000,2026-02-21 12:00:00,630.18000000,630.87000000,628.76000000,630.62000000,4032.10300000,1771678799999,2538136.42527000,19112,2056.89100000,1294843.96952000
1771678800000,2026-02-21 13:00:00,630.62000000,633.80000000,630.21000000,633.52000000,5885.66300000,1771682399999,3717143.05393000,23136,4304.54200000,2718986.54821000
1771682400000,2026-02-21 14:00:00,633.53000000,634.80000000,632.11000000,632.75000000,5061.09000000,1771685999999,3205724.39904000,40987,2790.28300000,1767499.24650000
1771686000000,2026-02-21 15:00:00,632.74000000,633.27000000,627.51000000,627.66000000,11396.79900000,1771689599999,7185379.38161000,34995,6140.68000000,3871230.52964000
1771689600000,2026-02-21 16:00:00,627.65000000,628.27000000,624.02000000,625.87000000,7118.04500000,1771693199999,4452411.25305000,38741,3166.54200000,1979900.26763000
1771693200000,2026-02-21 17:00:00,625.87000000,628.23000000,625.30000000,627.55000000,1658.68400000,1771696799999,1039610.99269000,18087,980.73000000,614847.46269000
1771696800000,2026-02-21 18:00:00,627.55000000,629.51000000,627.06000000,628.58000000,2180.90400000,1771700399999,1370919.26870000,16200,1134.70300000,713259.46892000
1771700400000,2026-02-21 19:00:00,628.59000000,628.59000000,626.61000000,626.90000000,1523.63300000,1771703999999,956278.49473000,14008,743.29500000,466577.39595000
1771704000000,2026-02-21 20:00:00,626.91000000,627.62000000,624.83000000,625.07000000,2123.99600000,1771707599999,1329923.30165000,20307,709.21000000,444093.50216000
1771707600000,2026-02-21 21:00:00,625.07000000,626.71000000,624.25000000,626.71000000,1351.11600000,1771711199999,845257.25692000,14180,650.37700000,406971.74635000
1771711200000,2026-02-21 22:00:00,626.71000000,627.26000000,625.30000000,625.83000000,1751.86700000,1771714799999,1097631.03886000,17322,606.56800000,380023.26798000
1771714800000,2026-02-21 23:00:00,625.83000000,626.52000000,624.60000000,625.61000000,2887.56000000,1771718399999,1806794.09881000,25309,1517.18800000,949381.11667000
1771718400000,2026-02-22 00:00:00,625.61000000,625.90000000,622.85000000,624.33000000,2994.92800000,1771721999999,1868692.29030000,22373,1544.86200000,964012.08072000
1771722000000,2026-02-22 01:00:00,624.33000000,626.71000000,624.32000000,626.37000000,1717.88700000,1771725599999,1074745.96727000,19058,982.82800000,614888.26761000
1771725600000,2026-02-22 02:00:00,626.38000000,626.87000000,623.35000000,623.61000000,1871.08500000,1771729199999,1169228.62344000,15607,755.81400000,472513.08346000
1771729200000,2026-02-22 03:00:00,623.61000000,624.25000000,620.54000000,621.36000000,3283.42700000,1771732799999,2042506.67047000,24984,1322.02600000,822389.84927000
1771732800000,2026-02-22 04:00:00,621.36000000,622.26000000,620.59000000,621.03000000,2427.82300000,1771736399999,1508836.94173000,15123,1215.21700000,755233.82882000
1771736400000,2026-02-22 05:00:00,621.03000000,621.25000000,618.72000000,619.51000000,2434.56200000,1771739999999,1508902.69366000,15872,1049.54000000,650387.43131000
1771740000000,2026-02-22 06:00:00,619.52000000,622.06000000,619.45000000,621.88000000,1583.05800000,1771743599999,983571.86146000,13140,922.63900000,573129.01947000
1771743600000,2026-02-22 07:00:00,621.88000000,623.59000000,621.30000000,622.46000000,3738.02100000,1771747199999,2326503.27055000,15584,1306.84000000,813359.58055000
1771747200000,2026-02-22 08:00:00,622.47000000,623.01000000,621.15000000,621.80000000,1384.79400000,1771750799999,861362.73703000,12151,686.84400000,427197.74761000
1771750800000,2026-02-22 09:00:00,621.80000000,624.15000000,621.53000000,623.82000000,1024.23500000,1771754399999,638274.62874000,10644,627.82200000,391257.07277000
1771754400000,2026-02-22 10:00:00,623.83000000,624.79000000,623.38000000,623.55000000,1531.38800000,1771757999999,955913.09297000,11532,806.40300000,503435.25550000
1771758000000,2026-02-22 11:00:00,623.54000000,624.80000000,623.32000000,624.55000000,1718.25700000,1771761599999,1072399.81096000,12555,1056.57200000,659421.55088000
1771761600000,2026-02-22 12:00:00,624.55000000,624.62000000,620.48000000,620.82000000,2859.39200000,1771765199999,1778425.27098000,21273,1067.18800000,663681.07527000
1771765200000,2026-02-22 13:00:00,620.83000000,622.07000000,618.04000000,619.49000000,4335.54200000,1771768799999,2686584.27361000,34350,2151.30700000,1332864.27850000
1771768800000,2026-02-22 14:00:00,619.49000000,620.00000000,617.01000000,618.04000000,3913.83000000,1771772399999,2421567.30240000,31866,1888.23600000,1168342.92240000
1771772400000,2026-02-22 15:00:00,618.03000000,618.56000000,613.39000000,615.91000000,13711.98100000,1771775999999,8439287.43464000,42988,6441.02900000,3964730.82384000
1771776000000,2026-02-22 16:00:00,615.91000000,616.09000000,612.32000000,613.81000000,4788.87200000,1771779599999,2939679.68876000,27823,1845.29000000,1132391.88533000
1771779600000,2026-02-22 17:00:00,613.82000000,613.86000000,610.02000000,611.03000000,4298.19500000,1771783199999,2627226.39363000,31431,1604.80100000,980873.44315000
1771783200000,2026-02-22 18:00:00,611.03000000,612.96000000,610.71000000,611.44000000,2144.60900000,1771786799999,1312141.47097000,17438,999.77100000,611747.10701000
1771786800000,2026-02-22 19:00:00,611.43000000,612.68000000,610.50000000,612.46000000,1293.45000000,1771790399999,790931.69188000,11935,635.12100000,388366.15801000
1771790400000,2026-02-22 20:00:00,612.47000000,612.49000000,611.00000000,611.28000000,951.33300000,1771793999999,582139.56082000,14129,404.39100000,247429.89306000
1771794000000,2026-02-22 21:00:00,611.29000000,614.47000000,611.29000000,614.02000000,1197.49600000,1771797599999,733804.99681000,11764,666.78600000,408616.22222000
1771797600000,2026-02-22 22:00:00,614.03000000,616.28000000,613.70000000,615.71000000,1988.90000000,1771801199999,1223132.45719000,15202,1170.10500000,719669.88455000
1771801200000,2026-02-22 23:00:00,615.71000000,615.99000000,613.56000000,614.80000000,1375.81400000,1771804799999,845616.06060000,17745,738.00200000,453648.29576000
1771804800000,2026-02-23 00:00:00,614.80000000,616.00000000,606.16000000,606.22000000,6464.66000000,1771808399999,3946662.10205000,37848,2166.44800000,1324017.07352000
1771808400000,2026-02-23 01:00:00,606.22000000,606.48000000,583.13000000,586.32000000,58517.51700000,1771811999999,34693399.30880000,305871,23006.21600000,13638426.02135000
1771812000000,2026-02-23 02:00:00,586.32000000,589.56000000,584.58000000,587.25000000,14959.64700000,1771815599999,8788613.95900000,108602,7372.01300000,4331427.16058000
1771815600000,2026-02-23 03:00:00,587.26000000,591.01000000,586.00000000,590.03000000,7954.91100000,1771819199999,4682307.57707000,52764,4119.33000000,2425049.68823000
1771819200000,2026-02-23 04:00:00,590.04000000,590.39000000,585.10000000,587.31000000,10207.39200000,1771822799999,5997675.60870000,42924,3425.85800000,2013595.97388000
1771822800000,2026-02-23 05:00:00,587.32000000,601.16000000,587.32000000,593.76000000,21651.16300000,1771826399999,12860053.97915000,64846,14969.97800000,8897038.77201000
1771826400000,2026-02-23 06:00:00,593.75000000,599.91000000,593.65000000,598.75000000,8382.60800000,1771829999999,5009451.53806000,49861,4255.87500000,2543961.81699000
1771830000000,2026-02-23 07:00:00,598.75000000,600.00000000,596.58000000,599.31000000,6483.06500000,1771833599999,3881556.40876000,32957,2890.13300000,1730604.29832000
1771833600000,2026-02-23 08:00:00,599.31000000,599.54000000,596.53000000,599.37000000,4230.47200000,1771837199999,2529708.65525000,28397,2024.50900000,1210616.15904000
1771837200000,2026-02-23 09:00:00,599.37000000,610.47000000,599.37000000,609.20000000,11451.36100000,1771840799999,6934772.84414000,64445,6309.01800000,3821261.46050000
1771840800000,2026-02-23 10:00:00,609.21000000,610.38000000,606.42000000,607.43000000,5578.11300000,1771844399999,3391107.52076000,32524,2410.26200000,1465279.09238000
1771844400000,2026-02-23 11:00:00,607.43000000,608.94000000,606.00000000,606.49000000,3372.33200000,1771847999999,2047043.17705000,20651,1431.93800000,869187.75910000
1771848000000,2026-02-23 12:00:00,606.49000000,612.49000000,604.76000000,610.66000000,11738.60000000,1771851599999,7155842.56174000,41339,6170.64800000,3762360.84341000
1771851600000,2026-02-23 13:00:00,610.67000000,612.07000000,608.43000000,610.18000000,16338.31000000,1771855199999,9972508.03996000,73252,6539.24200000,3991633.98328000
1771855200000,2026-02-23 14:00:00,610.19000000,611.25000000,606.20000000,608.58000000,7939.01400000,1771858799999,4837010.54243000,90593,3603.16200000,2195704.88585000
1771858800000,2026-02-23 15:00:00,608.61000000,610.49000000,604.33000000,604.64000000,7655.90300000,1771862399999,4649393.43036000,64042,3319.33800000,2016857.80669000
1771862400000,2026-02-23 16:00:00,604.64000000,606.33000000,601.19000000,602.32000000,6760.94500000,1771865999999,4080155.99673000,61405,2730.57000000,1647952.75324000
1771866000000,2026-02-23 17:00:00,602.33000000,603.71000000,591.54000000,597.40000000,9903.90100000,1771869599999,5912150.78522000,86063,4275.62200000,2552684.71281000
1771869600000,2026-02-23 18:00:00,597.41000000,601.19000000,595.46000000,597.58000000,5083.71200000,1771873199999,3040563.34045000,59205,2419.26000000,1447157.90818000
1771873200000,2026-02-23 19:00:00,597.58000000,598.40000000,591.84000000,592.18000000,5418.07600000,1771876799999,3221964.30959000,53898,2287.61500000,1360998.97231000
1771876800000,2026-02-23 20:00:00,592.18000000,595.72000000,590.20000000,595.30000000,5070.61800000,1771880399999,3005613.16823000,39153,2864.85000000,1698528.80744000
1771880400000,2026-02-23 21:00:00,595.30000000,597.50000000,594.88000000,596.13000000,4362.92700000,1771883999999,2599685.18647000,21690,2578.77400000,1536185.49168000
1771884000000,2026-02-23 22:00:00,596.14000000,598.71000000,595.66000000,596.84000000,3324.17300000,1771887599999,1986549.68065000,21221,1862.89500000,1113309.16867000
1771887600000,2026-02-23 23:00:00,596.84000000,598.42000000,595.50000000,596.41000000,2213.54100000,1771891199999,1321679.44495000,15864,1379.48300000,823696.28757000
1771891200000,2026-02-24 00:00:00,596.40000000,602.90000000,596.20000000,602.45000000,4211.56100000,1771894799999,2526930.90386000,30995,2910.60200000,1746530.14456000
1771894800000,2026-02-24 01:00:00,602.46000000,602.46000000,589.90000000,597.89000000,12804.28000000,1771898399999,7640307.30159000,96424,6339.38600000,3784093.76554000
1771898400000,2026-02-24 02:00:00,597.89000000,601.51000000,597.00000000,598.31000000,4689.75400000,1771901999999,2809100.97064000,37817,2756.36400000,1651097.37945000
1771902000000,2026-02-24 03:00:00,598.31000000,598.31000000,591.24000000,593.33000000,6424.97400000,1771905599999,3819514.56324000,46078,3260.08700000,1938029.30169000
1771905600000,2026-02-24 04:00:00,593.34000000,593.89000000,589.15000000,592.19000000,7489.35500000,1771909199999,4430415.67612000,61092,3562.83300000,2107509.69960000
1771909200000,2026-02-24 05:00:00,592.20000000,594.28000000,588.65000000,590.75000000,8423.31200000,1771912799999,4976356.31428000,54771,4386.96000000,2592345.97472000
1771912800000,2026-02-24 06:00:00,590.76000000,591.52000000,586.68000000,587.19000000,6071.33700000,1771916399999,3578410.07280000,46652,2461.18700000,1451046.57713000
1771916400000,2026-02-24 07:00:00,587.19000000,590.47000000,586.15000000,589.79000000,5938.05600000,1771919999999,3496126.83954000,47445,3233.11200000,1903245.07380000
1771920000000,2026-02-24 08:00:00,589.78000000,592.93000000,588.58000000,592.27000000,3633.63500000,1771923599999,2146859.22773000,38986,2080.05600000,1228966.16688000
1771923600000,2026-02-24 09:00:00,592.26000000,592.75000000,586.91000000,589.22000000,3937.92600000,1771927199999,2320365.39398000,35987,1789.68500000,1054805.74486000
1771927200000,2026-02-24 10:00:00,589.22000000,589.73000000,587.41000000,588.82000000,3306.81800000,1771930799999,1946625.20690000,29667,1661.64300000,978326.96001000
1771930800000,2026-02-24 11:00:00,588.82000000,589.24000000,585.77000000,587.01000000,4420.49700000,1771934399999,2595314.48390000,37715,1970.54500000,1156832.12354000
1771934400000,2026-02-24 12:00:00,587.01000000,588.43000000,585.66000000,586.09000000,4371.84700000,1771937999999,2565299.03374000,41059,2219.81300000,1302690.58866000
1771938000000,2026-02-24 13:00:00,586.09000000,586.70000000,580.01000000,582.72000000,17556.80000000,1771941599999,10232730.70816000,91400,6803.41100000,3964190.84497000
1771941600000,2026-02-24 14:00:00,582.72000000,585.77000000,577.06000000,581.94000000,30097.39600000,1771945199999,17466338.67922000,140559,10876.93200000,6316597.31662000
1771945200000,2026-02-24 15:00:00,581.94000000,587.38000000,580.51000000,586.10000000,9022.82600000,1771948799999,5270300.90947000,86060,4611.24500000,2693891.86005000
1771948800000,2026-02-24 16:00:00,586.09000000,589.69000000,583.87000000,587.86000000,8149.96500000,1771952399999,4782155.84209000,74853,4165.58900000,2445283.38017000
1771952400000,2026-02-24 17:00:00,587.86000000,589.72000000,585.84000000,586.59000000,6388.35500000,1771955999999,3754620.52442000,44323,3069.56700000,1804183.06590000
1771956000000,2026-02-24 18:00:00,586.59000000,589.58000000,584.89000000,588.12000000,4685.48300000,1771959599999,2753326.06474000,40586,2534.70600000,1489362.88149000
1771959600000,2026-02-24 19:00:00,588.13000000,590.17000000,586.66000000,588.73000000,2801.12500000,1771963199999,1648026.71069000,29994,1526.32600000,897999.97475000
1771963200000,2026-02-24 20:00:00,588.73000000,590.43000000,587.96000000,588.47000000,2643.59100000,1771966799999,1557090.59020000,26379,1281.66800000,755089.90674000
1771966800000,2026-02-24 21:00:00,588.48000000,588.48000000,583.33000000,584.59000000,2507.93400000,1771970399999,1467729.80471000,21502,1180.07700000,690397.03347000
1771970400000,2026-02-24 22:00:00,584.59000000,586.74000000,584.04000000,585.62000000,2023.03700000,1771973999999,1184312.55317000,17736,1013.92700000,593573.23008000
1771974000000,2026-02-24 23:00:00,585.61000000,585.75000000,582.57000000,583.60000000,6685.98600000,1771977599999,3905441.77998000,25820,2577.12500000,1506088.21624000
1771977600000,2026-02-25 00:00:00,583.61000000,585.09000000,581.51000000,584.36000000,4334.47800000,1771981199999,2527448.87229000,37644,2404.31300000,1402026.71804000
1771981200000,2026-02-25 01:00:00,584.36000000,600.36000000,583.82000000,597.53000000,20463.64900000,1771984799999,12194327.86390000,144035,11765.02300000,7010276.55825000
1771984800000,2026-02-25 02:00:00,597.53000000,602.31000000,597.44000000,598.21000000,9446.07800000,1771988399999,5670465.22858000,57838,4900.60200000,2941057.03173000
1771988400000,2026-02-25 03:00:00,598.21000000,598.99000000,593.15000000,594.07000000,5928.91600000,1771991999999,3528732.52167000,54428,2614.49300000,1556259.30181000
1771992000000,2026-02-25 04:00:00,594.07000000,596.40000000,591.00000000,595.44000000,6798.77900000,1771995599999,4038615.51019000,34891,3834.68300000,2277872.42555000
1771995600000,2026-02-25 05:00:00,595.44000000,595.83000000,589.89000000,592.48000000,5627.18000000,1771999199999,3336593.10998000,29509,2798.98000000,1659456.32252000
1771999200000,2026-02-25 06:00:00,592.47000000,595.48000000,592.29000000,593.61000000,2991.62400000,1772002799999,1777276.73251000,20305,1707.44200000,1014311.31216000
1772002800000,2026-02-25 07:00:00,593.61000000,596.66000000,593.11000000,596.09000000,4687.74600000,1772006399999,2790806.51316000,20954,2906.37100000,1730566.65179000
1772006400000,2026-02-25 08:00:00,596.10000000,600.68000000,595.86000000,600.31000000,5662.15200000,1772009999999,3389900.43005000,45998,3083.70800000,1846131.80660000
1772010000000,2026-02-25 09:00:00,600.31000000,603.37000000,600.02000000,603.08000000,5232.49700000,1772013599999,3147214.07711000,32919,2556.76600000,1538240.33433000
1772013600000,2026-02-25 10:00:00,603.09000000,603.91000000,600.60000000,602.80000000,4350.26200000,1772017199999,2619946.03712000,30331,2191.02600000,1319532.04066000
1772017200000,2026-02-25 11:00:00,602.80000000,605.43000000,601.88000000,604.99000000,4709.63000000,1772020799999,2843953.30896000,33408,2620.92400000,1582998.46190000
1772020800000,2026-02-25 12:00:00,605.00000000,612.42000000,604.58000000,610.98000000,9242.48200000,1772024399999,5627036.39763000,64959,5410.37800000,3292979.22578000
1772024400000,2026-02-25 13:00:00,610.98000000,616.47000000,610.98000000,614.18000000,11626.87100000,1772027999999,7136224.29556000,78899,6480.73500000,3978017.64420000
1772028000000,2026-02-25 14:00:00,614.18000000,619.01000000,613.20000000,618.69000000,17317.48500000,1772031599999,10659788.15549000,99471,9603.41700000,5914034.39406000
1772031600000,2026-02-25 15:00:00,618.69000000,623.15000000,616.00000000,621.38000000,13779.01000000,1772035199999,8537533.71534000,99187,8155.05900000,5054042.32421000
1772035200000,2026-02-25 16:00:00,621.39000000,625.89000000,620.93000000,625.52000000,15376.76400000,1772038799999,9580068.88949000,83512,10067.44000000,6270959.20751000
1772038800000,2026-02-25 17:00:00,625.53000000,629.42000000,625.05000000,629.04000000,11361.09700000,1772042399999,7130139.95728000,64506,5371.94300000,3371161.16870000
1772042400000,2026-02-25 18:00:00,629.05000000,634.32000000,626.56000000,632.67000000,12466.48100000,1772045999999,7865542.17642000,63515,8450.06400000,5331391.37212000
1772046000000,2026-02-25 19:00:00,632.67000000,633.29000000,628.39000000,632.21000000,10288.87900000,1772049599999,6492389.19307000,44294,4649.55600000,2933597.72530000
1772049600000,2026-02-25 20:00:00,632.21000000,633.20000000,629.90000000,631.70000000,5502.98200000,1772053199999,3475753.28668000,28867,3492.29600000,2206010.90754000
1772053200000,2026-02-25 21:00:00,631.70000000,640.55000000,629.61000000,634.94000000,14210.84900000,1772056799999,9029126.35660000,77618,9169.40400000,5826890.63404000
1772056800000,2026-02-25 22:00:00,634.94000000,637.00000000,628.04000000,631.89000000,10454.65600000,1772060399999,6617363.32851000,46783,5608.22300000,3552885.17738000
1772060400000,2026-02-25 23:00:00,631.89000000,634.94000000,624.33000000,629.42000000,9784.76300000,1772063999999,6156006.06960000,65501,4873.25300000,3067594.78953000
1772064000000,2026-02-26 00:00:00,629.42000000,633.83000000,627.54000000,630.08000000,7746.18700000,1772067599999,4886240.04075000,79961,4023.12000000,2538463.85857000
1772067600000,2026-02-26 01:00:00,630.09000000,632.26000000,627.04000000,627.54000000,7020.54900000,1772071199999,4419073.26868000,41229,4401.77500000,2770955.91856000
1772071200000,2026-02-26 02:00:00,627.53000000,628.80000000,625.37000000,628.01000000,6278.69300000,1772074799999,3934408.37707000,48930,3386.60700000,2122339.48400000
1772074800000,2026-02-26 03:00:00,628.01000000,628.60000000,626.35000000,627.87000000,4216.26300000,1772078399999,2646204.65700000,32949,2018.24600000,1266750.52522000
1772078400000,2026-02-26 04:00:00,627.88000000,632.47000000,627.45000000,630.52000000,3661.56700000,1772081999999,2306739.27016000,40697,2138.55000000,1347453.85418000
1772082000000,2026-02-26 05:00:00,630.53000000,630.75000000,626.24000000,628.52000000,4271.65300000,1772085599999,2682309.42825000,43541,2076.07200000,1303682.08142000
1772085600000,2026-02-26 06:00:00,628.52000000,629.64000000,625.84000000,626.61000000,3877.93500000,1772089199999,2433357.67839000,38037,1581.29800000,992413.00912000
1772089200000,2026-02-26 07:00:00,626.61000000,628.40000000,625.30000000,625.60000000,2825.21500000,1772092799999,1770564.35263000,25095,1278.88800000,801842.81854000
1772092800000,2026-02-26 08:00:00,625.61000000,629.08000000,625.61000000,626.24000000,3136.26300000,1772096399999,1967282.91777000,29535,1683.62400000,1056141.92598000
1772096400000,2026-02-26 09:00:00,626.24000000,630.29000000,625.87000000,629.45000000,4593.26400000,1772099999999,2888676.84570000,38203,2853.75200000,1794778.15188000
1772100000000,2026-02-26 10:00:00,629.46000000,630.22000000,625.03000000,626.02000000,4728.06100000,1772103599999,2966049.95296000,37399,2144.09300000,1345544.28491000
1772103600000,2026-02-26 11:00:00,626.01000000,626.78000000,622.89000000,622.96000000,3918.45100000,1772107199999,2445337.53240000,30305,1436.74200000,896754.53007000
1772107200000,2026-02-26 12:00:00,622.97000000,626.78000000,622.82000000,626.60000000,3104.33100000,1772110799999,1940945.50370000,25833,1886.86900000,1179801.47896000
1772110800000,2026-02-26 13:00:00,626.60000000,628.16000000,625.12000000,626.48000000,2461.88600000,1772114399999,1542332.82541000,27597,1345.24400000,842901.81602000
1772114400000,2026-02-26 14:00:00,626.47000000,628.52000000,621.00000000,625.43000000,11323.09900000,1772117999999,7074655.88206000,82989,5730.77900000,3579268.70476000
1772118000000,2026-02-26 15:00:00,625.43000000,626.08000000,618.68000000,623.20000000,12962.42700000,1772121599999,8062763.81541000,96233,7048.53700000,4385583.69322000
1772121600000,2026-02-26 16:00:00,623.20000000,624.72000000,614.20000000,614.73000000,13715.11800000,1772125199999,8480472.25899000,79880,5316.12200000,3290096.91487000
1772125200000,2026-02-26 17:00:00,614.73000000,619.09000000,614.42000000,616.69000000,6114.34800000,1772128799999,3773557.39452000,54826,3139.10500000,1937693.94423000
1772128800000,2026-02-26 18:00:00,616.69000000,620.91000000,614.31000000,620.05000000,4916.04900000,1772132399999,3037257.44572000,45352,2894.93100000,1788830.22854000
1772132400000,2026-02-26 19:00:00,620.05000000,625.38000000,619.85000000,624.56000000,6380.43400000,1772135999999,3975928.83682000,40535,3458.39300000,2155144.51268000
1772136000000,2026-02-26 20:00:00,624.57000000,626.31000000,621.29000000,621.99000000,3136.12000000,1772139599999,1957131.01056000,23071,1451.54700000,906145.43950000
1772139600000,2026-02-26 21:00:00,621.99000000,624.07000000,620.89000000,623.58000000,2136.98000000,1772143199999,1330873.50377000,13374,1181.19200000,735737.52688000
1772143200000,2026-02-26 22:00:00,623.57000000,626.27000000,623.19000000,626.14000000,2178.83200000,1772146799999,1360905.41694000,13973,1215.43500000,759313.92191000
1772146800000,2026-02-26 23:00:00,626.14000000,626.90000000,624.35000000,625.74000000,1971.61900000,1772150399999,1233879.62689000,19380,997.26000000,624120.35639000
1772150400000,2026-02-27 00:00:00,625.74000000,626.30000000,623.29000000,625.22000000,3296.68200000,1772153999999,2059946.55197000,30038,1497.52100000,935813.88022000
1772154000000,2026-02-27 01:00:00,625.22000000,626.27000000,622.50000000,625.75000000,3329.54600000,1772157599999,2080590.62240000,40048,1601.24500000,1000720.64126000
1772157600000,2026-02-27 02:00:00,625.76000000,630.27000000,625.51000000,629.63000000,5379.09900000,1772161199999,3382319.71632000,45487,3405.89900000,2141451.42081000
1772161200000,2026-02-27 03:00:00,629.63000000,630.00000000,627.85000000,629.17000000,5447.66200000,1772164799999,3425805.46771000,38959,2314.67300000,1455369.53111000
1772164800000,2026-02-27 04:00:00,629.17000000,633.43000000,628.80000000,631.71000000,8980.16800000,1772168399999,5667277.22050000,58762,4125.05900000,2604047.78295000
1772168400000,2026-02-27 05:00:00,631.72000000,633.65000000,629.92000000,631.73000000,4575.35500000,1772171999999,2892425.79200000,30953,2027.67300000,1281626.16945000
1772172000000,2026-02-27 06:00:00,631.72000000,631.75000000,628.28000000,628.70000000,5157.23900000,1772175599999,3248089.43432000,33552,2494.72000000,1571155.47586000
1772175600000,2026-02-27 07:00:00,628.70000000,628.75000000,624.94000000,627.06000000,6762.38900000,1772179199999,4237788.60973000,37560,3068.61600000,1922915.15528000
1772179200000,2026-02-27 08:00:00,627.06000000,629.28000000,626.34000000,628.35000000,3736.99600000,1772182799999,2346158.51435000,23246,1751.47100000,1099808.38180000
1772182800000,2026-02-27 09:00:00,628.35000000,630.00000000,624.06000000,624.33000000,3704.07400000,1772186399999,2323300.00206000,27740,1653.81800000,1037741.24592000
1772186400000,2026-02-27 10:00:00,624.32000000,624.80000000,616.34000000,616.74000000,9261.83600000,1772189999999,5744521.23556000,49405,4325.37400000,2682058.51344000
1772190000000,2026-02-27 11:00:00,616.73000000,619.28000000,613.22000000,614.85000000,7713.58100000,1772193599999,4752537.57464000,46278,4085.05800000,2517115.12588000
1772193600000,2026-02-27 12:00:00,614.86000000,616.85000000,613.28000000,614.62000000,6320.65300000,1772197199999,3886777.56245000,38846,3244.15200000,1995192.78755000
1772197200000,2026-02-27 13:00:00,614.62000000,616.42000000,609.67000000,614.24000000,11350.86300000,1772200799999,6956793.52778000,60490,6397.53400000,3923869.79180000
1772200800000,2026-02-27 14:00:00,614.24000000,615.50000000,610.68000000,611.65000000,9082.32300000,1772204399999,5566323.80797000,61452,6032.20600000,3698131.09878000
1772204400000,2026-02-27 15:00:00,611.64000000,615.48000000,610.56000000,614.40000000,4821.64100000,1772207999999,2955176.29288000,45735,2500.52200000,1532603.26569000
1772208000000,2026-02-27 16:00:00,614.41000000,614.73000000,610.00000000,610.00000000,5814.19700000,1772211599999,3559318.38652000,40969,2433.76400000,1490312.81233000
1772211600000,2026-02-27 17:00:00,610.01000000,612.42000000,606.68000000,612.28000000,8714.18700000,1772215199999,5304867.61281000,45374,3662.65700000,2230868.24939000
1772215200000,2026-02-27 18:00:00,612.28000000,612.90000000,609.84000000,610.17000000,2522.80400000,1772218799999,1542366.91944000,22367,1161.68800000,710358.85844000
1772218800000,2026-02-27 19:00:00,610.16000000,610.42000000,607.67000000,609.80000000,2937.01900000,1772222399999,1789580.12475000,25185,1372.70000000,836462.81182000
1772222400000,2026-02-27 20:00:00,609.80000000,611.81000000,609.59000000,611.09000000,1393.66700000,1772225999999,851232.83588000,17224,816.59100000,498775.14743000
1772226000000,2026-02-27 21:00:00,611.09000000,612.88000000,609.91000000,611.13000000,1522.13900000,1772229599999,930916.74956000,15285,832.67200000,509249.68488000
1772229600000,2026-02-27 22:00:00,611.13000000,611.91000000,605.25000000,611.82000000,4111.39700000,1772233199999,2504937.21277000,28565,1864.97300000,1137274.48495000
1772233200000,2026-02-27 23:00:00,611.82000000,614.27000000,611.75000000,614.03000000,2232.20300000,1772236799999,1369204.30801000,22701,1215.19300000,745439.90214000
1772236800000,2026-02-28 00:00:00,614.03000000,615.30000000,612.27000000,614.49000000,2157.84100000,1772240399999,1324260.17338000,17409,1143.75200000,701993.58781000
1772240400000,2026-02-28 01:00:00,614.49000000,614.90000000,612.12000000,612.50000000,2720.26000000,1772243999999,1667704.63892000,18157,1047.23500000,641954.52926000
1772244000000,2026-02-28 02:00:00,612.51000000,615.23000000,612.20000000,615.08000000,3700.81100000,1772247599999,2270718.89930000,20614,2006.33000000,1231068.12601000
1772247600000,2026-02-28 03:00:00,615.08000000,615.60000000,613.25000000,614.94000000,5028.81700000,1772251199999,3090399.34946000,27867,2670.78900000,1641276.16300000
1772251200000,2026-02-28 04:00:00,614.95000000,615.44000000,610.64000000,612.53000000,4074.14900000,1772254799999,2500787.40953000,27902,1924.81700000,1181674.57509000
1772254800000,2026-02-28 05:00:00,612.53000000,613.33000000,610.26000000,611.18000000,4235.80400000,1772258399999,2591864.83437000,25156,1659.94000000,1016034.05859000
1772258400000,2026-02-28 06:00:00,611.17000000,611.17000000,590.88000000,592.66000000,25777.94200000,1772261999999,15450023.51313000,197218,9649.25900000,5782493.25800000
1772262000000,2026-02-28 07:00:00,592.66000000,601.46000000,590.75000000,597.50000000,14668.60500000,1772265599999,8749855.03174000,99994,8031.93400000,4790991.73676000
1772265600000,2026-02-28 08:00:00,597.49000000,597.49000000,590.60000000,591.42000000,8822.55200000,1772269199999,5236327.93891000,61642,3617.05900000,2147091.94197000
1772269200000,2026-02-28 09:00:00,591.42000000,594.74000000,589.30000000,591.62000000,9017.80400000,1772272799999,5333369.36633000,61934,3245.50900000,1920290.55672000
1772272800000,2026-02-28 10:00:00,591.63000000,595.08000000,588.64000000,594.46000000,10167.24500000,1772276399999,6020846.09696000,53535,4118.78000000,2440476.52948000
1772276400000,2026-02-28 11:00:00,594.45000000,598.57000000,594.15000000,594.56000000,8556.62500000,1772279999999,5103179.80288000,44933,3668.91100000,2188175.07600000
1772280000000,2026-02-28 12:00:00,594.57000000,598.30000000,594.12000000,597.00000000,4390.30700000,1772283599999,2619554.95937000,29600,2032.14700000,1212252.81476000
1772283600000,2026-02-28 13:00:00,597.00000000,603.75000000,595.15000000,603.20000000,10683.08000000,1772287199999,6413497.40121000,69407,5799.56900000,3482116.07985000
1772287200000,2026-02-28 14:00:00,603.20000000,605.75000000,599.45000000,600.55000000,11647.23700000,1772290799999,7023617.65723000,86059,5264.49100000,3175439.68560000
1772290800000,2026-02-28 15:00:00,600.55000000,604.75000000,598.36000000,603.99000000,6968.79800000,1772294399999,4197904.39980000,47046,4350.46200000,2621694.08523000
1772294400000,2026-02-28 16:00:00,604.00000000,605.17000000,602.15000000,603.75000000,4837.09100000,1772297999999,2920332.72021000,32523,2379.19300000,1436529.18966000
1772298000000,2026-02-28 17:00:00,603.74000000,606.20000000,600.95000000,605.75000000,4293.54600000,1772301599999,2590175.45422000,26318,2284.09300000,1378750.46476000
1772301600000,2026-02-28 18:00:00,605.74000000,613.52000000,604.42000000,611.88000000,6266.89900000,1772305199999,3815784.50927000,44300,4286.62100000,2610228.11480000
1772305200000,2026-02-28 19:00:00,611.87000000,614.77000000,608.30000000,613.20000000,6150.95100000,1772308799999,3764320.93262000,40168,3553.90300000,2175342.51980000
1772308800000,2026-02-28 20:00:00,613.20000000,619.72000000,611.98000000,618.15000000,5715.92000000,1772312399999,3526919.68305000,42453,3138.36100000,1936470.34805000
1772312400000,2026-02-28 21:00:00,618.15000000,618.40000000,613.99000000,616.19000000,4504.84400000,1772315999999,2775062.36523000,26586,1906.48000000,1174587.50668000
1772316000000,2026-02-28 22:00:00,616.19000000,621.49000000,615.97000000,617.92000000,4880.46200000,1772319599999,3018593.13059000,27681,3212.19800000,1986588.90874000
1772319600000,2026-02-28 23:00:00,617.91000000,618.28000000,615.30000000,617.14000000,2837.51000000,1772323199999,1750774.62363000,16875,1391.24200000,858601.36709000
1772323200000,2026-03-01 00:00:00,617.14000000,618.20000000,615.43000000,617.96000000,2774.37000000,1772326799999,1711503.06527000,18354,1630.99600000,1006161.82828000
1772326800000,2026-03-01 01:00:00,617.97000000,628.10000000,614.52000000,625.07000000,11847.84100000,1772330399999,7365229.12936000,51387,6516.78900000,4054879.11704000
1772330400000,2026-03-01 02:00:00,625.08000000,631.60000000,624.97000000,629.81000000,19103.21700000,1772333999999,12029214.23078000,90237,10230.04400000,6442015.65588000
1772334000000,2026-03-01 03:00:00,629.82000000,632.16000000,627.80000000,628.53000000,7201.06200000,1772337599999,4535544.19418000,44724,3498.03800000,2203532.38510000
1772337600000,2026-03-01 04:00:00,628.54000000,631.31000000,625.74000000,629.74000000,9872.81900000,1772341199999,6205351.53934000,37113,4349.96700000,2735301.96385000
1772341200000,2026-03-01 05:00:00,629.74000000,631.01000000,627.66000000,627.75000000,3656.44000000,1772344799999,2302717.99299000,22952,1897.66700000,1195301.42651000
1772344800000,2026-03-01 06:00:00,627.76000000,628.14000000,623.00000000,625.11000000,7928.97700000,1772348399999,4956900.96683000,37186,4110.30300000,2569758.34654000
1772348400000,2026-03-01 07:00:00,625.12000000,626.00000000,623.35000000,625.35000000,3730.85400000,1772351999999,2331002.36620000,25661,1943.60500000,1214223.96974000
1772352000000,2026-03-01 08:00:00,625.36000000,626.42000000,619.13000000,620.15000000,5648.63100000,1772355599999,3520277.82636000,33618,2706.35600000,1687958.33129000
1772355600000,2026-03-01 09:00:00,620.15000000,623.35000000,618.71000000,620.02000000,4572.77200000,1772359199999,2840999.47344000,35322,2419.94200000,1503544.84935000
1772359200000,2026-03-01 10:00:00,620.02000000,623.46000000,618.99000000,623.14000000,3682.26100000,1772362799999,2288417.47727000,36036,2136.42400000,1327896.55703000
1772362800000,2026-03-01 11:00:00,623.15000000,624.43000000,622.46000000,622.81000000,3017.10100000,1772366399999,1880866.85057000,25470,1607.97000000,1002446.63081000
1772366400000,2026-03-01 12:00:00,622.80000000,623.28000000,620.51000000,620.52000000,4858.86400000,1772369999999,3021845.65202000,33993,2440.52400000,1517767.14839000
1772370000000,2026-03-01 13:00:00,620.52000000,628.81000000,619.74000000,625.92000000,10447.88600000,1772373599999,6514636.20822000,62725,5218.54300000,3256380.06271000
1772373600000,2026-03-01 14:00:00,625.93000000,629.51000000,625.68000000,627.84000000,5804.38100000,1772377199999,3642128.67616000,57024,3105.17900000,1948761.70266000
1772377200000,2026-03-01 15:00:00,627.84000000,629.80000000,626.30000000,626.60000000,5382.35300000,1772380799999,3383542.61104000,41366,3007.01200000,1890536.65941000
1772380800000,2026-03-01 16:00:00,626.60000000,629.60000000,619.95000000,622.96000000,9282.60200000,1772384399999,5810363.48337000,63439,4030.04900000,2521804.67218000
1772384400000,2026-03-01 17:00:00,622.97000000,623.79000000,617.39000000,619.51000000,5303.93900000,1772387999999,3291883.09034000,44781,2384.16300000,1479971.59891000
1772388000000,2026-03-01 18:00:00,619.51000000,625.40000000,619.31000000,622.99000000,5120.70600000,1772391599999,3190627.84762000,39493,3033.82200000,1890129.74917000
1772391600000,2026-03-01 19:00:00,622.99000000,623.32000000,618.65000000,619.77000000,5845.15800000,1772395199999,3629041.84677000,28676,3764.88700000,2337927.59651000
1772395200000,2026-03-01 20:00:00,619.77000000,620.57000000,611.37000000,612.53000000,5898.81500000,1772398799999,3626769.69487000,54988,2601.82700000,1600310.93678000
1772398800000,2026-03-01 21:00:00,612.52000000,617.50000000,611.83000000,611.93000000,7318.98700000,1772402399999,4493584.68088000,55142,2957.32700000,1815592.83867000
1772402400000,2026-03-01 22:00:00,611.93000000,618.92000000,610.89000000,615.32000000,9893.04500000,1772405999999,6092072.65491000,73746,5413.94100000,3334409.99083000
1772406000000,2026-03-01 23:00:00,615.31000000,621.03000000,614.50000000,617.96000000,11767.84600000,1772409599999,7287920.40125000,87762,6309.83600000,3907144.99434000
1772409600000,2026-03-02 00:00:00,617.96000000,622.37000000,614.43000000,619.89000000,9949.92100000,1772413199999,6146225.05740000,94807,4234.69800000,2615866.25466000
1772413200000,2026-03-02 01:00:00,619.89000000,624.30000000,618.55000000,621.68000000,6035.06500000,1772416799999,3749726.43381000,56861,3345.13300000,2078040.40789000
1772416800000,2026-03-02 02:00:00,621.69000000,624.95000000,617.37000000,622.19000000,5709.15600000,1772420399999,3548649.19479000,43409,2808.94400000,1746274.15710000
1772420400000,2026-03-02 03:00:00,622.20000000,625.66000000,620.65000000,624.41000000,4348.98500000,1772423999999,2713481.99599000,37604,2390.92200000,1491847.73474000
1772424000000,2026-03-02 04:00:00,624.42000000,624.85000000,622.15000000,623.25000000,3293.20500000,1772427599999,2053204.62391000,29911,1195.48700000,745363.36008000
1772427600000,2026-03-02 05:00:00,623.26000000,625.79000000,621.31000000,623.55000000,3344.56200000,1772431199999,2086055.32758000,31871,1829.27300000,1141126.74148000
1772431200000,2026-03-02 06:00:00,623.55000000,623.67000000,616.59000000,617.25000000,4726.21900000,1772434799999,2928905.32640000,48030,2021.71900000,1252538.79754000
1772434800000,2026-03-02 07:00:00,617.26000000,617.53000000,613.02000000,616.67000000,4619.16400000,1772438399999,2842004.31759000,38726,2477.28400000,1524712.63979000
1772438400000,2026-03-02 08:00:00,616.67000000,619.36000000,612.96000000,618.57000000,5130.15700000,1772441999999,3156309.54765000,35039,2999.30600000,1845172.88380000
1772442000000,2026-03-02 09:00:00,618.57000000,622.15000000,617.96000000,618.92000000,4076.45300000,1772445599999,2527659.34037000,29106,1911.11600000,1185302.19225000
1772445600000,2026-03-02 10:00:00,618.91000000,621.02000000,617.42000000,621.01000000,3186.75100000,1772449199999,1973624.13832000,25025,1989.95300000,1232556.93773000
1772449200000,2026-03-02 11:00:00,621.01000000,623.05000000,618.69000000,622.13000000,3601.07600000,1772452799999,2235660.86484000,24745,1719.56100000,1067772.33640000
1772452800000,2026-03-02 12:00:00,622.14000000,623.08000000,619.75000000,622.01000000,5083.45200000,1772456399999,3159782.63803000,29802,2714.31200000,1687306.60374000
1772456400000,2026-03-02 13:00:00,622.00000000,624.50000000,619.60000000,620.30000000,9646.20100000,1772459999999,5996810.23750000,50557,4811.85500000,2991966.10951000
1772460000000,2026-03-02 14:00:00,620.30000000,634.95000000,618.81000000,633.97000000,15223.45800000,1772463599999,9559887.76148000,94861,9402.62900000,5906783.14115000
1772463600000,2026-03-02 15:00:00,633.96000000,649.70000000,633.73000000,646.25000000,42019.46500000,1772467199999,27049731.66456000,188216,25138.15200000,16169721.14168000
1772467200000,2026-03-02 16:00:00,646.25000000,652.87000000,645.63000000,649.13000000,19442.25800000,1772470799999,12619439.73394000,115129,9759.02200000,6338489.29717000
1772470800000,2026-03-02 17:00:00,649.13000000,650.00000000,640.84000000,644.44000000,9528.27300000,1772474399999,6149220.73606000,66922,4178.55700000,2696078.38934000
1772474400000,2026-03-02 18:00:00,644.44000000,644.59000000,638.79000000,639.78000000,7303.92600000,1772477999999,4689110.62271000,40991,3072.89700000,1973339.67657000
1772478000000,2026-03-02 19:00:00,639.78000000,639.99000000,635.84000000,636.48000000,10702.44300000,1772481599999,6828083.75395000,49539,4173.01800000,2662342.65754000
1772481600000,2026-03-02 20:00:00,636.48000000,637.46000000,632.43000000,634.72000000,9285.44200000,1772485199999,5896830.20785000,47408,5220.98800000,3315847.82580000
1772485200000,2026-03-02 21:00:00,634.72000000,636.25000000,632.74000000,635.67000000,6464.69200000,1772488799999,4100020.66493000,30881,2623.09500000,1664361.60761000
1772488800000,2026-03-02 22:00:00,635.67000000,640.80000000,635.67000000,639.84000000,4199.59100000,1772492399999,2681520.83481000,28625,2422.48900000,1547240.85419000
1772492400000,2026-03-02 23:00:00,639.85000000,640.47000000,636.42000000,637.79000000,5661.23500000,1772495999999,3614063.68457000,39186,2871.28800000,1833043.13628000
1772496000000,2026-03-03 00:00:00,637.79000000,641.43000000,636.69000000,640.68000000,8570.25300000,1772499599999,5478457.07344000,52187,4860.78700000,3107929.55476000
1772499600000,2026-03-03 01:00:00,640.67000000,643.29000000,635.70000000,635.73000000,10068.83700000,1772503199999,6442343.22182000,63014,5308.60000000,3398705.43558000
1772503200000,2026-03-03 02:00:00,635.73000000,637.89000000,633.46000000,635.71000000,8705.01000000,1772506799999,5531988.73567000,56365,5591.77500000,3553126.00775000
1772506800000,2026-03-03 03:00:00,635.71000000,636.22000000,634.00000000,635.63000000,2562.27100000,1772510399999,1627462.50706000,28182,1347.22500000,855584.59379000
1772510400000,2026-03-03 04:00:00,635.63000000,637.36000000,634.00000000,634.34000000,2983.64700000,1772513999999,1896342.38214000,29405,1720.45400000,1093567.23737000
1772514000000,2026-03-03 05:00:00,634.34000000,638.47000000,628.94000000,632.18000000,10566.12400000,1772517599999,6688647.23152000,69853,4643.09600000,2938628.22161000
1772517600000,2026-03-03 06:00:00,632.19000000,633.90000000,630.36000000,633.33000000,7419.00600000,1772521199999,4690203.82651000,52554,3631.48300000,2295802.03262000
1772521200000,2026-03-03 07:00:00,633.33000000,635.89000000,632.78000000,633.32000000,5870.23400000,1772524799999,3723060.68737000,47816,2610.55900000,1655359.30538000
1772524800000,2026-03-03 08:00:00,633.32000000,634.14000000,622.56000000,623.90000000,11024.27700000,1772528399999,6912472.63576000,83466,4112.81600000,2579174.07796000
1772528400000,2026-03-03 09:00:00,623.90000000,626.93000000,621.00000000,622.58000000,8541.46800000,1772531999999,5328969.60804000,71195,4763.05800000,2971495.52355000
1772532000000,2026-03-03 10:00:00,622.58000000,626.74000000,621.50000000,625.65000000,8128.16300000,1772535599999,5074797.90649000,53897,4943.05800000,3086816.61765000
1772535600000,2026-03-03 11:00:00,625.66000000,627.54000000,624.67000000,626.53000000,3676.45500000,1772539199999,2302720.32533000,37158,2021.36700000,1266025.76788000
1772539200000,2026-03-03 12:00:00,626.52000000,631.89000000,626.03000000,627.52000000,6446.79700000,1772542799999,4049044.23667000,58999,2966.16400000,1863622.73979000
1772542800000,2026-03-03 13:00:00,627.52000000,627.86000000,623.44000000,624.56000000,4774.10000000,1772546399999,2984970.90613000,52219,2237.71600000,1399157.73164000
1772546400000,2026-03-03 14:00:00,624.56000000,629.15000000,621.00000000,623.64000000,9284.80600000,1772549999999,5802393.55818000,86498,5011.88100000,3133277.30858000
1772550000000,2026-03-03 15:00:00,623.64000000,630.73000000,622.39000000,630.57000000,7224.44600000,1772553599999,4527936.98091000,73335,4154.02000000,2604440.76248000
1772553600000,2026-03-03 16:00:00,630.56000000,638.92000000,628.56000000,634.56000000,10143.06500000,1772557199999,6426574.93988000,91329,5385.53600000,3412941.59095000
1772557200000,2026-03-03 17:00:00,634.61000000,635.08000000,629.38000000,633.85000000,7142.74500000,1772560799999,4516246.39609000,46522,4536.76700000,2868478.55835000
1772560800000,2026-03-03 18:00:00,633.85000000,638.01000000,631.73000000,634.52000000,3021.63600000,1772564399999,1919426.44797000,21097,1644.89700000,1044911.25462000
1772564400000,2026-03-03 19:00:00,634.54000000,635.34000000,631.53000000,633.04000000,3634.08300000,1772567999999,2303381.60548000,26937,1903.27100000,1206591.85286000
1772568000000,2026-03-03 20:00:00,633.04000000,633.73000000,630.37000000,631.66000000,2716.32500000,1772571599999,1716790.51356000,16447,1371.16100000,866595.32237000
1772571600000,2026-03-03 21:00:00,631.66000000,631.66000000,628.43000000,630.07000000,2169.09200000,1772575199999,1366240.74345000,17815,1135.40300000,715160.03592000
1772575200000,2026-03-03 22:00:00,630.06000000,634.52000000,630.06000000,634.00000000,2043.38900000,1772578799999,1294159.36162000,20853,998.99900000,632610.65613000
1772578800000,2026-03-03 23:00:00,633.99000000,636.92000000,632.78000000,633.56000000,3474.82700000,1772582399999,2204245.74867000,24312,1891.18100000,1199843.52937000
1772582400000,2026-03-04 00:00:00,633.57000000,634.57000000,629.52000000,631.87000000,4499.68800000,1772585999999,2845316.82752000,45152,1814.76700000,1147668.70082000
1772586000000,2026-03-04 01:00:00,631.89000000,636.65000000,630.55000000,634.04000000,3360.27500000,1772589599999,2129088.65364000,33394,1808.67900000,1146121.50340000
1772589600000,2026-03-04 02:00:00,634.04000000,634.60000000,630.58000000,634.11000000,2822.31200000,1772593199999,1784733.32731000,25990,1362.61800000,861681.51520000
1772593200000,2026-03-04 03:00:00,634.12000000,634.40000000,626.20000000,629.30000000,6660.07600000,1772596799999,4196155.93830000,49657,2819.21800000,1776720.13322000
1772596800000,2026-03-04 04:00:00,629.29000000,630.54000000,627.12000000,629.99000000,3370.78000000,1772600399999,2119750.78725000,31426,1814.85800000,1141433.74539000
1772600400000,2026-03-04 05:00:00,629.99000000,633.73000000,628.82000000,632.58000000,3711.58000000,1772603999999,2342549.55553000,34722,2060.49200000,1300663.25909000
1772604000000,2026-03-04 06:00:00,632.57000000,635.69000000,631.36000000,634.93000000,3618.69200000,1772607599999,2293280.12445000,36066,2118.99600000,1343110.29949000
1772607600000,2026-03-04 07:00:00,634.94000000,640.90000000,634.01000000,640.01000000,6537.16100000,1772611199999,4166132.51558000,49019,3794.75400000,2418696.74022000
1772611200000,2026-03-04 08:00:00,640.01000000,652.51000000,638.89000000,651.25000000,16468.87900000,1772614799999,10624953.74552000,95248,10566.17400000,6820642.78212000
1772614800000,2026-03-04 09:00:00,651.25000000,654.83000000,649.40000000,651.75000000,17628.10100000,1772618399999,11496795.72598000,122808,8991.55900000,5863649.53643000
1772618400000,2026-03-04 10:00:00,651.75000000,654.22000000,650.50000000,651.27000000,11980.93200000,1772621999999,7811431.66641000,85658,6508.69000000,4243684.23303000
1772622000000,2026-03-04 11:00:00,651.27000000,652.53000000,647.52000000,650.51000000,12640.61300000,1772625599999,8219408.77474000,61223,5707.60400000,3711217.10917000
1772625600000,2026-03-04 12:00:00,650.51000000,651.30000000,645.94000000,650.65000000,7778.98500000,1772629199999,5049629.64170000,63158,4111.29400000,2669265.37016000
1772629200000,2026-03-04 13:00:00,650.65000000,654.20000000,650.37000000,653.44000000,6314.45500000,1772632799999,4119460.55992000,54607,3461.62200000,2257912.11480000
1772632800000,2026-03-04 14:00:00,653.44000000,657.51000000,648.83000000,651.89000000,18114.41200000,1772636399999,11823014.31136000,119996,10147.34900000,6624938.75508000
1772636400000,2026-03-04 15:00:00,651.90000000,661.82000000,651.32000000,661.17000000,21324.39900000,1772639999999,14019367.20403000,96958,9755.58500000,6416464.68068000
1772640000000,2026-03-04 16:00:00,661.17000000,662.70000000,655.93000000,659.52000000,11452.96300000,1772643599999,7551603.21147000,73840,5670.36300000,3740921.15162000
1772643600000,2026-03-04 17:00:00,659.52000000,660.72000000,655.22000000,658.34000000,6589.79300000,1772647199999,4337029.82363000,64080,3654.71300000,2405600.68661000
1772647200000,2026-03-04 18:00:00,658.34000000,662.00000000,656.13000000,661.55000000,5040.45900000,1772650799999,3323121.53611000,36428,2763.78000000,1822489.73820000
1772650800000,2026-03-04 19:00:00,661.56000000,666.16000000,661.02000000,662.66000000,10967.92000000,1772654399999,7275976.37822000,65275,6429.85300000,4266176.07066000
1772654400000,2026-03-04 20:00:00,662.66000000,663.12000000,660.21000000,660.60000000,3031.78800000,1772657999999,2006048.36142000,31457,1596.25700000,1056195.60523000
1772658000000,2026-03-04 21:00:00,660.61000000,661.11000000,658.65000000,660.12000000,3319.07800000,1772661599999,2189991.09359000,29447,1611.71800000,1063480.70527000
1772661600000,2026-03-04 22:00:00,660.13000000,662.47000000,657.00000000,657.26000000,6091.00100000,1772665199999,4015663.60059000,34925,3759.11500000,2477719.85022000
1772665200000,2026-03-04 23:00:00,657.26000000,659.22000000,656.55000000,657.99000000,6595.34100000,1772668799999,4337694.44879000,38703,3884.77100000,2554888.32251000
1772668800000,2026-03-05 00:00:00,658.00000000,660.03000000,656.36000000,657.85000000,4925.85900000,1772672399999,3242175.65687000,41930,2379.04400000,1565754.03903000
1772672400000,2026-03-05 01:00:00,657.85000000,660.99000000,652.38000000,653.10000000,6154.40200000,1772675999999,4039688.90368000,46483,3044.26400000,1999599.03826000
1772676000000,2026-03-05 02:00:00,653.11000000,657.02000000,652.72000000,654.03000000,6295.42100000,1772679599999,4121397.29843000,30827,3367.14400000,2204871.89232000
1772679600000,2026-03-05 03:00:00,654.03000000,655.36000000,652.73000000,654.31000000,3412.97500000,1772683199999,2230936.73835000,21775,1367.36600000,894022.45647000
1772683200000,2026-03-05 04:00:00,654.31000000,657.42000000,653.93000000,655.39000000,6662.71800000,1772686799999,4367894.46685000,32119,3736.32100000,2449363.07395000
1772686800000,2026-03-05 05:00:00,655.39000000,656.19000000,652.61000000,653.25000000,4536.24800000,1772690399999,2965279.85165000,23417,1746.76600000,1142082.91328000
1772690400000,2026-03-05 06:00:00,653.26000000,655.33000000,650.27000000,654.40000000,5617.27600000,1772693999999,3664285.66879000,29020,2523.85200000,1646257.62269000
1772694000000,2026-03-05 07:00:00,654.40000000,655.06000000,648.79000000,650.39000000,6374.49600000,1772697599999,4150194.56418000,26755,1963.04200000,1278803.49666000
1772697600000,2026-03-05 08:00:00,650.40000000,652.87000000,649.61000000,652.69000000,3983.34900000,1772701199999,2594235.78948000,31371,1838.67800000,1197583.77554000
1772701200000,2026-03-05 09:00:00,652.69000000,657.13000000,652.64000000,655.90000000,4962.42600000,1772704799999,3248503.48994000,36009,2539.19700000,1661989.38249000
1772704800000,2026-03-05 10:00:00,655.90000000,665.42000000,655.46000000,663.95000000,7818.40700000,1772708399999,5175636.06290000,59800,4471.41000000,2958791.31415000
1772708400000,2026-03-05 11:00:00,663.95000000,664.41000000,658.79000000,659.15000000,4923.23400000,1772711999999,3255933.84437000,42797,2170.74700000,1435840.92290000
1772712000000,2026-03-05 12:00:00,659.15000000,660.81000000,655.08000000,660.01000000,5653.74000000,1772715599999,3722054.67768000,57436,2862.33400000,1884014.75370000
1772715600000,2026-03-05 13:00:00,660.00000000,660.34000000,653.49000000,657.29000000,8262.32000000,1772719199999,5428134.91612000,73918,4228.24700000,2777064.39653000
1772719200000,2026-03-05 14:00:00,657.29000000,658.56000000,652.62000000,656.68000000,8026.21100000,1772722799999,5262286.81238000,67342,3935.63100000,2580335.96328000
1772722800000,2026-03-05 15:00:00,656.69000000,657.41000000,648.46000000,652.94000000,10959.01900000,1772726399999,7136615.46171000,79379,5456.49400000,3553990.51915000
1772726400000,2026-03-05 16:00:00,652.95000000,653.67000000,646.26000000,652.61000000,8606.35000000,1772729999999,5592891.86536000,61024,3735.65100000,2428929.70049000
1772730000000,2026-03-05 17:00:00,652.61000000,654.49000000,646.69000000,647.45000000,4453.48000000,1772733599999,2891754.14795000,37009,2033.81700000,1320623.55435000
1772733600000,2026-03-05 18:00:00,647.44000000,650.54000000,646.14000000,650.12000000,4656.43100000,1772737199999,3016768.34348000,37354,2302.07000000,1492298.27047000
1772737200000,2026-03-05 19:00:00,650.13000000,653.36000000,647.84000000,648.54000000,3721.74100000,1772740799999,2420527.67709000,32788,1784.17100000,1160901.33528000
1772740800000,2026-03-05 20:00:00,648.54000000,651.54000000,647.86000000,650.82000000,2017.93500000,1772744399999,1311562.96008000,29252,1134.48800000,737270.15824000
1772744400000,2026-03-05 21:00:00,650.80000000,652.38000000,646.72000000,647.59000000,2163.97200000,1772747999999,1405573.49309000,17445,977.84900000,634992.35807000
1772748000000,2026-03-05 22:00:00,647.58000000,649.73000000,646.47000000,648.59000000,2108.32900000,1772751599999,1365892.08600000,21624,1127.19800000,730251.47941000
1772751600000,2026-03-05 23:00:00,648.59000000,649.93000000,647.08000000,647.85000000,1741.28500000,1772755199999,1128924.44683000,17216,723.41300000,469049.38020000
1772755200000,2026-03-06 00:00:00,647.85000000,649.73000000,646.56000000,647.67000000,1873.91100000,1772758799999,1214843.20723000,18957,1069.82800000,693682.38351000
1772758800000,2026-03-06 01:00:00,647.67000000,651.62000000,645.53000000,651.05000000,3716.74700000,1772762399999,2411671.90305000,35103,1904.18100000,1235718.63675000
1772762400000,2026-03-06 02:00:00,651.05000000,651.56000000,649.30000000,649.98000000,2478.52600000,1772765999999,1611996.50588000,28629,1304.68400000,848465.80552000
1772766000000,2026-03-06 03:00:00,649.98000000,650.52000000,648.08000000,649.70000000,4705.96900000,1772769599999,3054341.67831000,23244,1464.93300000,950807.58232000
1772769600000,2026-03-06 04:00:00,649.70000000,649.99000000,641.22000000,644.15000000,5158.39700000,1772773199999,3327018.51025000,37991,1890.06900000,1218799.46206000
1772773200000,2026-03-06 05:00:00,644.15000000,646.42000000,642.65000000,644.89000000,5723.85400000,1772776799999,3688341.13443000,39617,3938.77900000,2538643.44909000
1772776800000,2026-03-06 06:00:00,644.89000000,646.41000000,643.73000000,645.15000000,3104.80400000,1772780399999,2001692.48070000,24263,2016.10900000,1299641.79515000
1772780400000,2026-03-06 07:00:00,645.15000000,647.99000000,643.83000000,646.89000000,5246.94000000,1772783999999,3392615.34417000,28717,2840.78300000,1836749.68573000
1772784000000,2026-03-06 08:00:00,646.88000000,646.89000000,644.10000000,644.49000000,2837.66400000,1772787599999,1831249.93991000,26451,1649.93400000,1064708.21969000
1772787600000,2026-03-06 09:00:00,644.49000000,645.39000000,639.23000000,640.88000000,7235.13200000,1772791199999,4640669.41553000,48708,3012.08900000,1932139.73785000
1772791200000,2026-03-06 10:00:00,640.87000000,641.86000000,639.53000000,639.83000000,4370.23200000,1772794799999,2799885.53331000,31547,2124.44400000,1361301.91200000
1772794800000,2026-03-06 11:00:00,639.82000000,640.10000000,637.17000000,637.45000000,3354.10000000,1772798399999,2142644.15770000,33248,1581.90500000,1010620.35734000
1772798400000,2026-03-06 12:00:00,637.45000000,638.28000000,634.75000000,637.58000000,5404.63800000,1772801999999,3440566.99329000,43409,2443.66200000,1555899.06386000
1772802000000,2026-03-06 13:00:00,637.59000000,640.96000000,633.42000000,633.62000000,13367.69600000,1772805599999,8532956.23180000,88864,7001.87200000,4469934.70989000
1772805600000,2026-03-06 14:00:00,633.62000000,634.23000000,624.77000000,626.54000000,16402.76500000,1772809199999,10322752.51820000,122866,7784.78100000,4900167.12700000
1772809200000,2026-03-06 15:00:00,626.54000000,632.21000000,625.00000000,628.02000000,9159.85400000,1772812799999,5751971.85372000,82991,5728.56700000,3596782.48003000
1772812800000,2026-03-06 16:00:00,628.02000000,631.29000000,626.67000000,629.20000000,5100.73600000,1772816399999,3207129.46113000,41105,3031.84200000,1905902.80124000
1772816400000,2026-03-06 17:00:00,629.20000000,630.60000000,625.90000000,628.27000000,4142.45600000,1772819999999,2601892.00600000,43537,1921.31700000,1206818.30807000
1772820000000,2026-03-06 18:00:00,628.27000000,632.00000000,628.12000000,630.75000000,2270.92900000,1772823599999,1431681.12663000,28545,1253.25300000,790130.34326000
1772823600000,2026-03-06 19:00:00,630.75000000,632.98000000,630.22000000,630.71000000,1290.35400000,1772827199999,814737.48410000,17662,712.29300000,449791.42731000
1772827200000,2026-03-06 20:00:00,630.71000000,631.50000000,627.59000000,629.18000000,3345.25000000,1772830799999,2105173.13569000,20455,1175.59400000,739813.05135000
1772830800000,2026-03-06 21:00:00,629.19000000,629.96000000,627.90000000,629.74000000,1433.24500000,1772834399999,901548.38194000,11620,698.07500000,439086.10744000
1772834400000,2026-03-06 22:00:00,629.74000000,630.84000000,629.00000000,630.06000000,1162.50700000,1772837999999,732237.86823000,12731,528.72100000,333059.89457000
1772838000000,2026-03-06 23:00:00,630.06000000,630.21000000,626.97000000,627.31000000,2145.03000000,1772841599999,1347398.12179000,12836,826.00400000,518964.27688000
1772841600000,2026-03-07 00:00:00,627.31000000,629.84000000,626.49000000,629.14000000,1502.95400000,1772845199999,944430.30130000,16233,905.74800000,569172.27659000
1772845200000,2026-03-07 01:00:00,629.13000000,629.67000000,628.06000000,628.50000000,1260.44000000,1772848799999,792544.97889000,12376,718.98800000,452100.78435000
1772848800000,2026-03-07 02:00:00,628.51000000,628.79000000,626.36000000,627.66000000,2721.78600000,1772852399999,1706894.94166000,16032,1232.63100000,773054.22717000
1772852400000,2026-03-07 03:00:00,627.66000000,629.83000000,626.78000000,627.13000000,3357.22600000,1772855999999,2110047.37988000,22241,1912.89900000,1202398.45128000
1772856000000,2026-03-07 04:00:00,627.13000000,627.73000000,624.63000000,627.29000000,3641.38700000,1772859599999,2280561.39980000,22342,1283.77700000,804449.56054000
1772859600000,2026-03-07 05:00:00,627.30000000,628.63000000,626.71000000,627.48000000,3179.81800000,1772863199999,1996063.08036000,20539,1595.64500000,1001798.63140000
1772863200000,2026-03-07 06:00:00,627.48000000,627.79000000,626.17000000,626.49000000,1642.87000000,1772866799999,1030343.09709000,18076,789.41700000,495114.42624000
1772866800000,2026-03-07 07:00:00,626.49000000,628.17000000,625.42000000,627.87000000,2022.27400000,1772870399999,1267535.74424000,18574,971.01500000,608753.58202000
1772870400000,2026-03-07 08:00:00,627.87000000,629.42000000,627.60000000,628.24000000,2561.04200000,1772873999999,1610092.08076000,17216,1305.38800000,820612.00309000
1772874000000,2026-03-07 09:00:00,628.24000000,630.19000000,627.40000000,629.86000000,3023.54800000,1772877599999,1901686.17043000,17710,1539.23000000,968411.01978000
1772877600000,2026-03-07 10:00:00,629.86000000,630.06000000,626.71000000,626.86000000,1882.21500000,1772881199999,1182914.23498000,15663,961.05000000,604097.61940000
1772881200000,2026-03-07 11:00:00,626.86000000,629.02000000,626.50000000,627.78000000,1796.44800000,1772884799999,1128242.53973000,16089,1129.12700000,709151.07790000
1772884800000,2026-03-07 12:00:00,627.79000000,628.27000000,626.37000000,626.84000000,2348.59700000,1772888399999,1472713.21222000,13678,1095.90700000,687091.09123000
1772888400000,2026-03-07 13:00:00,626.84000000,627.60000000,626.26000000,626.71000000,2365.58800000,1772891999999,1483542.51983000,20512,1292.96800000,810846.66030000
1772892000000,2026-03-07 14:00:00,626.71000000,627.81000000,623.80000000,627.50000000,3945.44600000,1772895599999,2468293.63490000,31017,1819.41700000,1138579.32544000
1772895600000,2026-03-07 15:00:00,627.49000000,627.73000000,624.01000000,625.22000000,2438.54800000,1772899199999,1526261.77556000,21469,1182.08000000,739831.17713000
1772899200000,2026-03-07 16:00:00,625.22000000,625.23000000,622.66000000,624.29000000,2780.23800000,1772902799999,1734218.29675000,22451,1531.80100000,955511.34851000
1772902800000,2026-03-07 17:00:00,624.29000000,625.15000000,623.46000000,623.60000000,2267.51400000,1772906399999,1416120.20763000,15990,982.81900000,613774.64137000
1772906400000,2026-03-07 18:00:00,623.61000000,623.83000000,620.51000000,622.61000000,3348.02700000,1772909999999,2082535.15172000,22111,1496.17300000,930816.67242000
1772910000000,2026-03-07 19:00:00,622.61000000,622.61000000,618.50000000,619.84000000,6393.48200000,1772913599999,3965670.47464000,35106,2040.97800000,1266085.72728000
1772913600000,2026-03-07 20:00:00,619.84000000,622.00000000,619.83000000,620.96000000,3297.20200000,1772917199999,2047302.99911000,15061,2434.81000000,1511761.61783000
1772917200000,2026-03-07 21:00:00,620.96000000,622.41000000,620.31000000,621.24000000,2158.80700000,1772920799999,1341098.53325000,15074,1423.90100000,884446.57823000
1772920800000,2026-03-07 22:00:00,621.24000000,621.49000000,617.80000000,619.95000000,2215.66700000,1772924399999,1373042.71277000,20038,1060.85800000,657618.67119000
1772924400000,2026-03-07 23:00:00,619.95000000,620.81000000,619.74000000,620.26000000,967.69000000,1772927999999,600253.75531000,10695,538.30900000,333900.94504000
1772928000000,2026-03-08 00:00:00,620.27000000,621.97000000,618.91000000,619.21000000,1467.14300000,1772931599999,910440.00818000,14444,801.95900000,497724.67702000
1772931600000,2026-03-08 01:00:00,619.21000000,620.38000000,618.01000000,619.94000000,1617.94200000,1772935199999,1002101.04650000,15522,894.72100000,554189.94128000
1772935200000,2026-03-08 02:00:00,619.94000000,620.00000000,615.32000000,616.12000000,3363.30400000,1772938799999,2077026.85657000,27509,1648.69100000,1018449.63197000
1772938800000,2026-03-08 03:00:00,616.12000000,617.77000000,615.95000000,617.00000000,2318.45600000,1772942399999,1429974.12557000,18397,1275.99400000,786953.74169000
1772942400000,2026-03-08 04:00:00,617.01000000,617.84000000,614.34000000,615.22000000,3090.23400000,1772945999999,1904286.67273000,25195,1489.07300000,917789.67037000
1772946000000,2026-03-08 05:00:00,615.23000000,618.92000000,615.21000000,618.06000000,4040.79500000,1772949599999,2495195.13599000,23752,2036.79700000,1257957.22115000
1772949600000,2026-03-08 06:00:00,618.07000000,619.51000000,617.54000000,619.12000000,3552.73000000,1772953199999,2197347.38540000,17601,1986.83900000,1228854.78623000
1772953200000,2026-03-08 07:00:00,619.12000000,622.33000000,618.91000000,619.94000000,4097.89700000,1772956799999,2542366.39471000,24225,1967.46400000,1220762.58511000
1772956800000,2026-03-08 08:00:00,619.94000000,620.16000000,617.99000000,619.53000000,2251.59900000,1772960399999,1393939.96716000,16611,1340.01400000,829576.48761000
1772960400000,2026-03-08 09:00:00,619.53000000,621.78000000,618.87000000,620.21000000,4321.08500000,1772963999999,2680817.00182000,25571,2447.34800000,1518375.68800000
1772964000000,2026-03-08 10:00:00,620.21000000,624.27000000,620.20000000,623.02000000,3355.21400000,1772967599999,2089927.01401000,31604,1959.37100000,1220145.66328000
1772967600000,2026-03-08 11:00:00,623.02000000,623.02000000,619.01000000,620.33000000,2148.39700000,1772971199999,1333630.47918000,31223,980.64400000,608667.16439000
1772971200000,2026-03-08 12:00:00,620.32000000,621.21000000,616.08000000,619.39000000,4428.83400000,1772974799999,2740015.18282000,34611,2016.48100000,1247768.93149000
1772974800000,2026-03-08 13:00:00,619.40000000,619.85000000,613.05000000,616.49000000,6534.63600000,1772978399999,4022234.02003000,46799,2279.34100000,1403036.19094000
1772978400000,2026-03-08 14:00:00,616.50000000,618.08000000,615.57000000,617.94000000,2896.35300000,1772981999999,1786846.85349000,26335,1596.27000000,984894.78111000
1772982000000,2026-03-08 15:00:00,617.94000000,618.16000000,615.40000000,616.18000000,2113.67000000,1772985599999,1303211.26640000,23279,879.48400000,542412.16494000
1772985600000,2026-03-08 16:00:00,616.18000000,616.55000000,611.82000000,612.94000000,5515.35300000,1772989199999,3383276.02708000,26621,2944.02200000,1805531.05794000
1772989200000,2026-03-08 17:00:00,612.94000000,615.00000000,612.62000000,613.16000000,4928.19200000,1772992799999,3022084.01309000,25426,3576.53400000,2192677.11221000
1772992800000,2026-03-08 18:00:00,613.17000000,614.26000000,612.10000000,613.56000000,1334.91000000,1772996399999,818576.89460000,17712,679.27500000,416599.49845000
1772996400000,2026-03-08 19:00:00,613.56000000,619.76000000,613.31000000,618.95000000,2622.38000000,1772999999999,1618868.57147000,29205,1610.54800000,994121.84637000
1773000000000,2026-03-08 20:00:00,618.94000000,620.11000000,616.90000000,617.64000000,2064.12500000,1773003599999,1276405.04179000,19449,986.89300000,610412.28619000
1773003600000,2026-03-08 21:00:00,617.65000000,618.14000000,615.15000000,617.40000000,1446.68800000,1773007199999,892483.68679000,16587,822.59600000,507508.76571000
1773007200000,2026-03-08 22:00:00,617.39000000,617.39000000,607.86000000,614.57000000,9340.31000000,1773010799999,5714793.52528000,79981,3693.04900000,2260714.38065000
1773010800000,2026-03-08 23:00:00,614.58000000,616.12000000,611.44000000,611.98000000,3089.30700000,1773014399999,1896458.59304000,39515,1640.69900000,1007221.31027000
1773014400000,2026-03-09 00:00:00,611.99000000,618.71000000,611.01000000,615.53000000,3577.39800000,1773017999999,2200270.87792000,45304,1860.81400000,1144777.38315000
1773018000000,2026-03-09 01:00:00,615.53000000,618.57000000,614.05000000,614.57000000,3915.99900000,1773021599999,2414252.21210000,32448,1972.19400000,1216412.47539000
1773021600000,2026-03-09 02:00:00,614.58000000,619.68000000,613.57000000,617.97000000,4210.27800000,1773025199999,2593432.18305000,28205,1838.79500000,1133929.11244000
1773025200000,2026-03-09 03:00:00,617.97000000,628.24000000,617.72000000,623.51000000,8364.96500000,1773028799999,5221866.28797000,71255,4938.95100000,3083221.77997000
1773028800000,2026-03-09 04:00:00,623.51000000,626.20000000,622.52000000,622.75000000,2535.93600000,1773032399999,1583608.61949000,31463,1248.60400000,779863.39081000
1773032400000,2026-03-09 05:00:00,622.76000000,630.00000000,622.52000000,629.42000000,6787.60200000,1773035999999,4254128.04242000,62133,3532.12800000,2213478.85770000
1773036000000,2026-03-09 06:00:00,629.43000000,629.87000000,622.85000000,623.78000000,5764.99500000,1773039599999,3610341.26733000,51804,2409.64000000,1508556.81376000
1773039600000,2026-03-09 07:00:00,623.78000000,623.81000000,618.43000000,621.96000000,4953.68500000,1773043199999,3077065.32007000,49323,2105.52800000,1308063.59698000
1773043200000,2026-03-09 08:00:00,621.96000000,626.62000000,621.83000000,625.77000000,4408.91600000,1773046799999,2754691.50271000,45018,2559.34700000,1599168.82493000
1773046800000,2026-03-09 09:00:00,625.77000000,630.40000000,623.93000000,627.30000000,4779.69100000,1773050399999,3000846.41476000,42397,2895.71500000,1818237.17214000
1773050400000,2026-03-09 10:00:00,627.31000000,628.84000000,626.50000000,627.32000000,5547.53900000,1773053999999,3482728.10995000,40378,2109.46100000,1324076.82312000
1773054000000,2026-03-09 11:00:00,627.33000000,628.26000000,624.57000000,627.53000000,2722.77200000,1773057599999,1705714.02611000,29398,1307.67500000,819375.13467000
1773057600000,2026-03-09 12:00:00,627.53000000,632.85000000,627.52000000,630.98000000,7102.14600000,1773061199999,4474844.09599000,41011,3006.94800000,1895831.42470000
1773061200000,2026-03-09 13:00:00,630.99000000,638.60000000,630.89000000,636.39000000,8284.72900000,1773064799999,5261642.73176000,87523,4580.09200000,2908764.08775000
1773064800000,2026-03-09 14:00:00,636.38000000,638.71000000,633.21000000,635.83000000,6288.47600000,1773068399999,4003323.78022000,70337,3296.92000000,2099397.39504000
1773068400000,2026-03-09 15:00:00,635.84000000,640.43000000,635.11000000,639.21000000,10183.51500000,1773071999999,6492534.44819000,67221,4880.81200000,3111792.58052000
1773072000000,2026-03-09 16:00:00,639.22000000,641.71000000,638.07000000,639.44000000,4344.79200000,1773075599999,2779334.67459000,54354,2175.29500000,1391603.23754000
1773075600000,2026-03-09 17:00:00,639.45000000,640.49000000,635.10000000,636.79000000,4152.95500000,1773079199999,2647358.35838000,47134,2142.66000000,1365841.95898000
1773079200000,2026-03-09 18:00:00,636.80000000,637.58000000,634.19000000,634.73000000,3028.65700000,1773082799999,1925901.85296000,29673,1215.62000000,773199.95288000
1773082800000,2026-03-09 19:00:00,634.73000000,643.00000000,634.06000000,638.18000000,5564.65000000,1773086399999,3553256.88428000,61098,2989.46600000,1908695.53746000
1773086400000,2026-03-09 20:00:00,638.19000000,638.83000000,636.61000000,638.31000000,2857.84500000,1773089999999,1822598.31225000,29085,1608.69000000,1025887.56547000
1773090000000,2026-03-09 21:00:00,638.30000000,640.62000000,638.10000000,640.13000000,1917.43700000,1773093599999,1226125.20521000,27668,1157.49300000,740203.07717000
1773093600000,2026-03-09 22:00:00,640.14000000,640.65000000,636.12000000,636.88000000,7104.02000000,1773097199999,4537776.09206000,28966,1789.14900000,1142244.94758000
1773097200000,2026-03-09 23:00:00,636.89000000,637.86000000,633.83000000,634.64000000,2942.37800000,1773100799999,1870315.94397000,25810,1450.79200000,922273.10401000
1773100800000,2026-03-10 00:00:00,634.64000000,640.52000000,634.38000000,639.05000000,3792.15000000,1773104399999,2417209.88875000,35118,2398.75000000,1528806.35712000
1773104400000,2026-03-10 01:00:00,639.06000000,640.04000000,636.06000000,638.74000000,2714.71300000,1773107999999,1732537.28718000,31824,1354.60500000,864614.56062000
1773108000000,2026-03-10 02:00:00,638.73000000,646.00000000,637.68000000,644.10000000,6163.09400000,1773111599999,3963206.91999000,53075,4006.27400000,2576044.89835000
1773111600000,2026-03-10 03:00:00,644.11000000,645.19000000,639.18000000,639.77000000,4947.21300000,1773115199999,3181380.15578000,39972,2912.98400000,1873698.37622000
1773115200000,2026-03-10 04:00:00,639.77000000,644.60000000,639.40000000,644.05000000,3454.85500000,1773118799999,2217472.84550000,31131,1930.15700000,1238868.51355000
1773118800000,2026-03-10 05:00:00,644.05000000,646.16000000,643.68000000,644.12000000,4174.90600000,1773122399999,2693315.79965000,36169,2390.22200000,1541988.83585000
1773122400000,2026-03-10 06:00:00,644.12000000,645.38000000,642.42000000,644.11000000,2557.99300000,1773125999999,1647292.07817000,28585,1266.78800000,815811.25618000
1773126000000,2026-03-10 07:00:00,644.11000000,646.98000000,643.36000000,644.48000000,3597.07900000,1773129599999,2319978.15236000,31294,2151.26300000,1387680.14148000
1773129600000,2026-03-10 08:00:00,644.48000000,649.00000000,644.12000000,646.05000000,5033.66300000,1773133199999,3255982.58356000,43294,2470.32400000,1598048.85414000
1773133200000,2026-03-10 09:00:00,646.05000000,648.45000000,644.66000000,647.52000000,5744.71300000,1773136799999,3714349.36736000,45430,3236.05300000,2092663.38812000
1773136800000,2026-03-10 10:00:00,647.52000000,648.00000000,645.35000000,647.55000000,3258.00400000,1773140399999,2107010.08501000,25894,1889.81100000,1222339.03609000
1773140400000,2026-03-10 11:00:00,647.54000000,647.99000000,645.01000000,645.54000000,3906.64100000,1773143999999,2524899.84764000,28937,1906.12900000,1231918.27103000
1773144000000,2026-03-10 12:00:00,645.53000000,646.80000000,644.60000000,646.59000000,3046.60700000,1773147599999,1967555.15654000,26525,1483.18600000,957958.08670000
1773147600000,2026-03-10 13:00:00,646.59000000,648.03000000,641.24000000,642.37000000,5589.77700000,1773151199999,3603727.55035000,49934,2693.99400000,1737220.57409000
1773151200000,2026-03-10 14:00:00,642.37000000,651.81000000,638.29000000,650.89000000,9294.52900000,1773154799999,5993502.79921000,85731,5343.00600000,3447288.58574000
1773154800000,2026-03-10 15:00:00,650.89000000,652.23000000,646.10000000,649.23000000,7930.07800000,1773158399999,5144953.71536000,77079,3646.66500000,2366604.78015000
1773158400000,2026-03-10 16:00:00,649.24000000,652.36000000,647.50000000,649.74000000,4586.57100000,1773161999999,2981129.38506000,52847,2365.23200000,1537439.82538000
1773162000000,2026-03-10 17:00:00,649.75000000,650.18000000,644.58000000,646.57000000,4696.65500000,1773165599999,3040344.12260000,48134,1815.65100000,1174988.18982000
1773165600000,2026-03-10 18:00:00,646.57000000,646.57000000,640.60000000,641.40000000,4473.72800000,1773169199999,2876243.67387000,62955,2040.53000000,1311841.18356000
1773169200000,2026-03-10 19:00:00,641.41000000,642.81000000,640.06000000,641.79000000,4300.69000000,1773172799999,2758306.34633000,47395,2267.50200000,1454450.35948000
1773172800000,2026-03-10 20:00:00,641.78000000,644.29000000,641.70000000,644.08000000,1384.61500000,1773176399999,890660.16708000,18983,841.04700000,541033.52198000
1773176400000,2026-03-10 21:00:00,644.09000000,645.29000000,639.68000000,641.52000000,2617.73100000,1773179999999,1680650.53689000,27537,1104.00100000,708939.29820000
1773180000000,2026-03-10 22:00:00,641.52000000,642.47000000,639.60000000,642.02000000,2099.87800000,1773183599999,1346699.71978000,26718,1034.97800000,663697.51710000
1773183600000,2026-03-10 23:00:00,642.01000000,643.03000000,641.17000000,642.00000000,1417.56300000,1773187199999,910000.61614000,17251,709.17600000,455269.77663000
1773187200000,2026-03-11 00:00:00,642.01000000,643.95000000,641.16000000,643.38000000,2305.50600000,1773190799999,1481342.89389000,25558,1454.66400000,934718.72247000
1773190800000,2026-03-11 01:00:00,643.38000000,644.42000000,642.46000000,644.28000000,1463.82000000,1773194399999,942093.31203000,20773,801.69400000,515955.09246000
1773194400000,2026-03-11 02:00:00,644.28000000,644.38000000,638.77000000,641.02000000,2754.22500000,1773197999999,1764920.47454000,24775,1144.12800000,732962.42536000
1773198000000,2026-03-11 03:00:00,641.02000000,642.59000000,639.64000000,639.88000000,2303.04100000,1773201599999,1475228.54870000,24194,1243.12000000,796112.19801000
1773201600000,2026-03-11 04:00:00,639.87000000,644.87000000,639.26000000,644.67000000,2732.53700000,1773205199999,1755695.37606000,25908,1752.25700000,1126109.05760000
1773205200000,2026-03-11 05:00:00,644.67000000,644.92000000,637.77000000,638.01000000,3339.53500000,1773208799999,2138118.69777000,27776,1170.61200000,749558.43900000
1773208800000,2026-03-11 06:00:00,638.00000000,643.72000000,638.00000000,643.03000000,3424.91500000,1773212399999,2194855.11322000,28575,2017.21100000,1292959.27264000
1773212400000,2026-03-11 07:00:00,643.03000000,643.25000000,640.01000000,640.50000000,4942.27400000,1773215999999,3167661.02629000,25815,3124.08800000,2001699.18099000
1773216000000,2026-03-11 08:00:00,640.50000000,642.73000000,639.83000000,642.46000000,3461.14900000,1773219599999,2219625.42582000,36397,2266.38000000,1453536.38242000
1773219600000,2026-03-11 09:00:00,642.47000000,642.50000000,639.51000000,639.94000000,2658.64300000,1773223199999,1704675.54798000,31818,1094.40000000,701836.16269000
1773223200000,2026-03-11 10:00:00,639.94000000,644.37000000,639.78000000,643.79000000,3592.08400000,1773226799999,2306652.44356000,32473,2314.24900000,1486299.84628000
1773226800000,2026-03-11 11:00:00,643.79000000,643.79000000,635.02000000,638.20000000,18872.69000000,1773230399999,12038666.47753000,102703,7854.30000000,5010304.73772000
1773230400000,2026-03-11 12:00:00,638.20000000,642.73000000,636.74000000,641.76000000,6382.07300000,1773233999999,4084641.41534000,57676,3747.23500000,2398437.30096000
1773234000000,2026-03-11 13:00:00,641.76000000,652.19000000,641.58000000,646.55000000,13111.28800000,1773237599999,8490690.08600000,112788,6922.86400000,4483322.54442000
1773237600000,2026-03-11 14:00:00,646.55000000,651.26000000,644.59000000,648.41000000,9995.77400000,1773241199999,6481712.62739000,81846,5662.65600000,3674066.99944000
1773241200000,2026-03-11 15:00:00,648.42000000,649.38000000,642.05000000,645.98000000,7103.30700000,1773244799999,4586202.71081000,63574,3164.03800000,2043049.18511000
1773244800000,2026-03-11 16:00:00,645.99000000,649.71000000,645.24000000,648.11000000,5532.25400000,1773248399999,3582933.00285000,54709,3086.06300000,1998577.56220000
1773248400000,2026-03-11 17:00:00,648.11000000,655.73000000,648.11000000,651.76000000,10037.57000000,1773251999999,6548991.26986000,70203,5882.25400000,3837448.99360000
1773252000000,2026-03-11 18:00:00,651.75000000,654.18000000,650.73000000,652.68000000,3560.69300000,1773255599999,2323303.41037000,37418,1799.26600000,1174230.61098000
1773255600000,2026-03-11 19:00:00,652.68000000,653.74000000,651.08000000,653.15000000,2255.83900000,1773259199999,1471671.50585000,28610,1340.13500000,874398.83740000
1773259200000,2026-03-11 20:00:00,653.14000000,653.18000000,651.59000000,652.78000000,1425.04600000,1773262799999,929595.20921000,16448,720.73800000,470164.08000000
1773262800000,2026-03-11 21:00:00,652.78000000,654.36000000,651.73000000,654.19000000,2028.39200000,1773266399999,1325155.25013000,19820,1385.73200000,905393.24479000
1773266400000,2026-03-11 22:00:00,654.20000000,656.29000000,651.55000000,652.35000000,4097.39400000,1773269999999,2677232.77138000,26755,1606.43000000,1050550.83083000
1773270000000,2026-03-11 23:00:00,652.36000000,653.21000000,650.40000000,651.46000000,2765.76500000,1773273599999,1802105.43861000,23447,1278.97600000,833505.38113000
1773273600000,2026-03-12 00:00:00,651.47000000,652.25000000,650.52000000,652.08000000,1785.65800000,1773277199999,1163244.78425000,30171,1030.25100000,671111.03462000
1773277200000,2026-03-12 01:00:00,652.07000000,652.09000000,646.69000000,646.75000000,5033.32000000,1773280799999,3267081.34378000,28658,2040.60400000,1324393.65678000
1773280800000,2026-03-12 02:00:00,646.74000000,647.73000000,642.52000000,643.17000000,4894.52400000,1773284399999,3156584.54791000,41716,2524.78000000,1628544.97830000
1773284400000,2026-03-12 03:00:00,643.17000000,645.17000000,642.25000000,643.26000000,3235.23800000,1773287999999,2082927.18019000,27838,1648.19200000,1061350.76992000
1773288000000,2026-03-12 04:00:00,643.26000000,644.32000000,641.63000000,643.08000000,2835.77400000,1773291599999,1823211.38057000,23105,1672.16000000,1075094.61180000
1773291600000,2026-03-12 05:00:00,643.08000000,645.03000000,642.97000000,644.36000000,2577.72600000,1773295199999,1660216.14058000,27459,1726.11000000,1111835.18783000
1773295200000,2026-03-12 06:00:00,644.37000000,645.48000000,643.53000000,644.64000000,2241.14500000,1773298799999,1444929.74343000,21717,1284.71000000,828281.65458000
1773298800000,2026-03-12 07:00:00,644.64000000,647.16000000,644.07000000,645.85000000,3414.34800000,1773302399999,2205086.02724000,30730,1940.66200000,1253398.21102000
1773302400000,2026-03-12 08:00:00,645.86000000,648.90000000,645.75000000,647.76000000,4056.61900000,1773305999999,2625510.30466000,27372,2449.72700000,1585344.16373000
1773306000000,2026-03-12 09:00:00,647.75000000,651.26000000,646.00000000,650.10000000,4647.86200000,1773309599999,3012872.62509000,32261,2650.06400000,1718515.70737000
1773309600000,2026-03-12 10:00:00,650.10000000,652.81000000,649.41000000,652.07000000,4601.45300000,1773313199999,2996646.23137000,35261,2746.83000000,1788820.30199000
1773313200000,2026-03-12 11:00:00,652.06000000,654.09000000,651.08000000,652.46000000,3535.76300000,1773316799999,2306936.97863000,30050,1838.18200000,1199509.54337000
1773316800000,2026-03-12 12:00:00,652.47000000,657.70000000,651.35000000,655.55000000,5644.60000000,1773320399999,3696331.79833000,34639,3399.00400000,2225526.22270000
1773320400000,2026-03-12 13:00:00,655.56000000,656.16000000,650.60000000,652.68000000,8529.90800000,1773323999999,5570168.12636000,73409,3957.06900000,2584785.73160000
1773324000000,2026-03-12 14:00:00,652.69000000,656.16000000,645.64000000,646.84000000,10387.90000000,1773327599999,6759132.50967000,82378,4319.65800000,2810856.96038000
1773327600000,2026-03-12 15:00:00,646.84000000,653.76000000,646.02000000,650.03000000,13062.62500000,1773331199999,8498667.19509000,63047,7530.85600000,4899355.94649000
1773331200000,2026-03-12 16:00:00,650.03000000,652.50000000,648.00000000,651.53000000,5118.15600000,1773334799999,3329349.15335000,45777,2267.80400000,1476358.37145000
1773334800000,2026-03-12 17:00:00,651.53000000,652.52000000,649.46000000,650.50000000,2180.22300000,1773338399999,1419454.15680000,36417,1123.63000000,731593.98306000
1773338400000,2026-03-12 18:00:00,650.50000000,651.49000000,647.82000000,647.95000000,2412.60300000,1773341999999,1566551.59269000,22425,1040.21900000,675469.02998000
1773342000000,2026-03-12 19:00:00,647.95000000,651.54000000,646.42000000,651.03000000,3522.51200000,1773345599999,2287549.61883000,21958,1918.28400000,1246603.20565000
1773345600000,2026-03-12 20:00:00,651.03000000,651.55000000,648.98000000,649.62000000,1862.47000000,1773349199999,1210271.78036000,13252,874.57600000,568225.27200000
1773349200000,2026-03-12 21:00:00,649.63000000,652.35000000,649.63000000,651.86000000,1362.45300000,1773352799999,887203.87825000,9974,777.93500000,506642.08925000
1773352800000,2026-03-12 22:00:00,651.85000000,652.04000000,649.85000000,651.26000000,1090.33700000,1773356399999,709794.66610000,9355,621.84900000,404791.74773000
1773356400000,2026-03-12 23:00:00,651.26000000,654.92000000,651.24000000,651.72000000,3500.83900000,1773359999999,2287085.36876000,18065,2155.65700000,1408420.55819000
1773360000000,2026-03-13 00:00:00,651.72000000,664.00000000,650.34000000,658.70000000,18076.88100000,1773363599999,11917709.76450000,110662,10762.19300000,7095049.75410000
1773363600000,2026-03-13 01:00:00,658.71000000,662.15000000,658.06000000,661.90000000,4683.40000000,1773367199999,3092019.68275000,49178,2347.23400000,1549710.93254000
1773367200000,2026-03-13 02:00:00,661.91000000,662.40000000,659.06000000,659.43000000,5624.74900000,1773370799999,3716116.33056000,40954,2003.36500000,1323315.68858000
1773370800000,2026-03-13 03:00:00,659.43000000,662.05000000,657.43000000,661.58000000,5126.15200000,1773374399999,3383184.38699000,30405,3563.88600000,2352953.80933000
1773374400000,2026-03-13 04:00:00,661.57000000,661.90000000,659.32000000,660.67000000,3505.06000000,1773377999999,2316014.31495000,24786,2396.06000000,1583415.75191000
1773378000000,2026-03-13 05:00:00,660.67000000,662.00000000,659.24000000,660.68000000,3640.93000000,1773381599999,2405097.04299000,28438,1924.20000000,1271226.31980000
1773381600000,2026-03-13 06:00:00,660.67000000,661.70000000,658.88000000,660.84000000,8255.41600000,1773385199999,5451956.79247000,40259,3570.11100000,2358433.46941000
1773385200000,2026-03-13 07:00:00,660.84000000,664.50000000,660.01000000,661.29000000,10567.68600000,1773388799999,7001106.85634000,64279,5328.91600000,3530381.47744000
1773388800000,2026-03-13 08:00:00,661.29000000,668.00000000,660.65000000,665.90000000,12687.14000000,1773392399999,8432968.53942000,91203,7507.47700000,4990221.15177000
1773392400000,2026-03-13 09:00:00,665.90000000,667.97000000,664.22000000,667.02000000,10846.91300000,1773395999999,7229750.40727000,59625,7313.06600000,4874292.39840000
1773396000000,2026-03-13 10:00:00,667.01000000,668.67000000,665.99000000,666.98000000,16021.12800000,1773399599999,10693023.73790000,85318,6331.34300000,4225131.36559000
1773399600000,2026-03-13 11:00:00,666.99000000,668.21000000,665.88000000,666.64000000,4429.66200000,1773403199999,2953658.87007000,40259,2152.96300000,1435591.53154000
1773403200000,2026-03-13 12:00:00,666.64000000,673.63000000,666.56000000,671.21000000,10084.03900000,1773406799999,6752659.38967000,59684,6137.52000000,4109274.23763000
1773406800000,2026-03-13 13:00:00,671.21000000,679.00000000,670.63000000,674.54000000,16188.60200000,1773410399999,10925983.73315000,114486,8164.97900000,5510766.64094000
1773410400000,2026-03-13 14:00:00,674.55000000,678.36000000,667.30000000,667.98000000,17852.11700000,1773413999999,12023567.58751000,129975,8255.76000000,5564419.73180000
1773414000000,2026-03-13 15:00:00,667.99000000,671.62000000,661.09000000,662.21000000,18686.39900000,1773417599999,12465596.24151000,121612,7835.80100000,5231102.22985000
1773417600000,2026-03-13 16:00:00,662.21000000,663.57000000,658.21000000,661.84000000,17048.07800000,1773421199999,11263700.20860000,105125,6051.78600000,4000302.55357000
1773421200000,2026-03-13 17:00:00,661.84000000,664.48000000,654.00000000,655.86000000,13929.81600000,1773424799999,9166085.60299000,80218,7059.80400000,4642504.54115000
1773424800000,2026-03-13 18:00:00,655.86000000,658.52000000,654.07000000,656.83000000,21267.65900000,1773428399999,13949262.47158000,80266,10947.54900000,7181977.20244000
1773428400000,2026-03-13 19:00:00,656.83000000,658.06000000,656.03000000,657.25000000,2072.08400000,1773431999999,1361747.53154000,26620,1172.02800000,770253.07785000
1773432000000,2026-03-13 20:00:00,657.25000000,658.60000000,656.24000000,657.34000000,3089.77900000,1773435599999,2030289.10101000,18832,1144.06000000,751898.85462000
1773435600000,2026-03-13 21:00:00,657.35000000,658.78000000,656.20000000,656.86000000,2425.74300000,1773439199999,1594842.18001000,19390,1313.98300000,864044.28853000
1773439200000,2026-03-13 22:00:00,656.87000000,657.45000000,653.55000000,655.53000000,3579.39900000,1773442799999,2344503.63771000,30173,1685.02700000,1103480.18707000
1773442800000,2026-03-13 23:00:00,655.53000000,656.20000000,654.50000000,655.73000000,2292.16800000,1773446399999,1502434.84146000,21826,1339.46500000,877959.42478000
1773446400000,2026-03-14 00:00:00,655.72000000,656.27000000,652.52000000,653.08000000,3664.96200000,1773449999999,2398103.60055000,28909,2028.80400000,1327867.42854000
1773450000000,2026-03-14 01:00:00,653.08000000,656.82000000,652.93000000,656.43000000,2762.64900000,1773453599999,1808833.29997000,24543,1632.86000000,1069154.89137000
1773453600000,2026-03-14 02:00:00,656.43000000,656.73000000,655.08000000,655.48000000,1787.37400000,1773457199999,1172507.37875000,17641,863.39400000,566397.67420000
1773457200000,2026-03-14 03:00:00,655.49000000,657.26000000,655.27000000,656.89000000,2070.27800000,1773460799999,1359094.77805000,18439,1190.67900000,781681.03709000
1773460800000,2026-03-14 04:00:00,656.88000000,658.27000000,655.22000000,655.49000000,3422.73400000,1773464399999,2248891.23963000,24365,1891.88700000,1243126.61788000
1773464400000,2026-03-14 05:00:00,655.50000000,656.74000000,654.65000000,655.62000000,2926.29800000,1773467999999,1918534.51041000,26439,1560.68600000,1023217.47092000
1773468000000,2026-03-14 06:00:00,655.61000000,655.61000000,651.00000000,653.32000000,4304.94300000,1773471599999,2811538.82283000,29648,1785.73000000,1166154.37462000
1773471600000,2026-03-14 07:00:00,653.31000000,654.66000000,652.00000000,652.19000000,3105.76800000,1773475199999,2029581.68317000,23159,1633.27700000,1067593.32701000
1773475200000,2026-03-14 08:00:00,652.19000000,653.99000000,651.80000000,652.05000000,3664.64500000,1773478799999,2392383.80323000,22645,1980.38500000,1292794.21164000
1773478800000,2026-03-14 09:00:00,652.05000000,653.33000000,650.54000000,651.22000000,2570.49700000,1773482399999,1676327.80004000,21374,1303.09800000,849964.20441000
1773482400000,2026-03-14 10:00:00,651.21000000,651.37000000,650.11000000,651.02000000,1624.18100000,1773485999999,1057007.78346000,17588,981.07600000,638490.06605000
1773486000000,2026-03-14 11:00:00,651.02000000,653.91000000,650.91000000,653.52000000,2055.60600000,1773489599999,1341615.05253000,16768,1225.60700000,799844.22104000
1773489600000,2026-03-14 12:00:00,653.51000000,654.60000000,652.54000000,653.40000000,2099.42100000,1773493199999,1371648.63952000,19318,1242.26300000,811606.69772000
1773493200000,2026-03-14 13:00:00,653.40000000,654.52000000,652.99000000,654.06000000,4846.01700000,1773496799999,3168000.00734000,17956,3152.71900000,2060776.39734000
1773496800000,2026-03-14 14:00:00,654.07000000,654.98000000,651.85000000,652.34000000,2852.64000000,1773500399999,1863559.30904000,23394,1395.81700000,911929.88632000
1773500400000,2026-03-14 15:00:00,652.35000000,653.64000000,651.91000000,653.40000000,1352.24700000,1773503999999,882915.38531000,19184,736.27400000,480668.83133000
1773504000000,2026-03-14 16:00:00,653.40000000,654.50000000,652.34000000,654.11000000,1593.98500000,1773507599999,1041646.70060000,15985,817.87100000,534513.00234000
1773507600000,2026-03-14 17:00:00,654.10000000,654.15000000,652.59000000,653.10000000,1093.13900000,1773511199999,714549.03839000,13912,611.94800000,400033.38157000
1773511200000,2026-03-14 18:00:00,653.09000000,653.67000000,652.24000000,653.33000000,1273.11300000,1773514799999,831181.59750000,12746,657.23100000,429123.93864000
1773514800000,2026-03-14 19:00:00,653.33000000,654.14000000,652.78000000,653.70000000,762.66100000,1773518399999,498408.10669000,9874,467.88400000,305774.54353000
1773518400000,2026-03-14 20:00:00,653.70000000,654.62000000,653.24000000,654.06000000,655.56100000,1773521999999,428621.41314000,7895,418.44400000,273605.49505000
1773522000000,2026-03-14 21:00:00,654.06000000,655.00000000,653.12000000,654.86000000,844.36300000,1773525599999,552288.46066000,9488,505.26200000,330483.75362000
1773525600000,2026-03-14 22:00:00,654.86000000,655.52000000,654.35000000,655.01000000,1078.28300000,1773529199999,706203.71785000,11955,642.72100000,420927.70741000
1773529200000,2026-03-14 23:00:00,655.01000000,658.00000000,655.01000000,657.70000000,2828.90000000,1773532799999,1857641.97206000,24205,1358.59000000,892307.09669000
1773532800000,2026-03-15 00:00:00,657.70000000,658.00000000,655.56000000,655.91000000,1356.32200000,1773536399999,890648.02701000,16298,671.38900000,440821.72195000
1773536400000,2026-03-15 01:00:00,655.92000000,656.15000000,654.46000000,655.41000000,1509.22500000,1773539999999,988666.25687000,13350,748.99200000,490589.81198000
1773540000000,2026-03-15 02:00:00,655.42000000,660.57000000,655.42000000,659.41000000,2724.58000000,1773543599999,1793570.86513000,31865,1632.37700000,1074657.22251000
1773543600000,2026-03-15 03:00:00,659.42000000,661.16000000,658.00000000,658.89000000,2241.49500000,1773547199999,1477926.10024000,18615,1129.61700000,744648.62573000
1773547200000,2026-03-15 04:00:00,658.89000000,660.64000000,658.33000000,659.34000000,2004.21800000,1773550799999,1321530.74396000,17656,1005.50400000,662913.46703000
1773550800000,2026-03-15 05:00:00,659.35000000,661.00000000,658.61000000,659.53000000,4074.29900000,1773554399999,2687818.97334000,27930,1955.49500000,1290064.28703000
1773554400000,2026-03-15 06:00:00,659.53000000,660.19000000,657.79000000,658.56000000,2968.58700000,1773557999999,1956581.97851000,18099,1478.44100000,974417.69466000
1773558000000,2026-03-15 07:00:00,658.56000000,660.64000000,658.36000000,660.02000000,2313.81400000,1773561599999,1526470.23027000,20095,1050.36400000,692836.57275000
1773561600000,2026-03-15 08:00:00,660.02000000,664.25000000,659.74000000,664.24000000,3482.55900000,1773565199999,2306393.81239000,29288,1776.53900000,1176457.30323000
1773565200000,2026-03-15 09:00:00,664.25000000,666.55000000,662.86000000,663.60000000,3994.77400000,1773568799999,2655420.92205000,36001,1851.63600000,1231020.80312000
1773568800000,2026-03-15 10:00:00,663.60000000,663.88000000,662.12000000,662.86000000,2318.62700000,1773572399999,1536998.80679000,25621,1044.74900000,692485.50229000
1773572400000,2026-03-15 11:00:00,662.86000000,662.97000000,659.75000000,661.64000000,4499.90800000,1773575999999,2976086.46057000,29234,1902.24600000,1258068.91030000
1773576000000,2026-03-15 12:00:00,661.65000000,661.89000000,659.78000000,661.89000000,5472.87100000,1773579599999,3615757.41743000,37733,2477.80000000,1636957.34500000
1773579600000,2026-03-15 13:00:00,661.89000000,662.52000000,656.83000000,659.97000000,7072.23000000,1773583199999,4659783.56284000,53396,3514.16100000,2315559.30972000
1773583200000,2026-03-15 14:00:00,659.97000000,660.51000000,658.41000000,660.33000000,2369.29600000,1773586799999,1563036.39809000,25755,1154.63300000,761705.58960000
1773586800000,2026-03-15 15:00:00,660.33000000,661.23000000,659.52000000,659.69000000,2271.92300000,1773590399999,1500200.80455000,23221,1143.77900000,755305.28845000
1773590400000,2026-03-15 16:00:00,659.69000000,660.98000000,658.53000000,658.96000000,2403.58500000,1773593999999,1585685.84064000,28530,1498.99500000,988898.90276000
1773594000000,2026-03-15 17:00:00,658.96000000,663.20000000,658.96000000,661.95000000,1979.50800000,1773597599999,1307773.46779000,22164,1088.37400000,719011.17063000
1773597600000,2026-03-15 18:00:00,661.95000000,662.54000000,658.08000000,658.37000000,2441.63400000,1773601199999,1613397.50706000,20221,1265.96200000,836329.56593000
1773601200000,2026-03-15 19:00:00,658.37000000,660.55000000,658.12000000,660.49000000,1106.29200000,1773604799999,729704.84586000,14002,662.77000000,437145.68674000
1773604800000,2026-03-15 20:00:00,660.49000000,665.29000000,659.74000000,663.88000000,4031.53800000,1773608399999,2674467.86081000,34404,2002.38800000,1328155.95557000
1773608400000,2026-03-15 21:00:00,663.89000000,669.09000000,662.71000000,667.41000000,4568.47200000,1773611999999,3042284.05120000,40534,2042.02700000,1360443.15149000
1773612000000,2026-03-15 22:00:00,667.41000000,679.00000000,665.56000000,676.51000000,14804.75400000,1773615599999,9966709.63118000,105292,6913.61400000,4654586.81580000
1773615600000,2026-03-15 23:00:00,676.52000000,678.99000000,671.83000000,673.77000000,10988.58300000,1773619199999,7420177.54904000,101113,4465.06100000,3015465.92284000
1773619200000,2026-03-16 00:00:00,673.77000000,676.66000000,670.89000000,671.97000000,5003.80800000,1773622799999,3369556.11136000,58821,2210.02000000,1488235.16043000
1773622800000,2026-03-16 01:00:00,671.97000000,677.00000000,670.22000000,675.96000000,6042.93800000,1773626399999,4071026.53019000,54074,3898.30400000,2626747.62862000
1773626400000,2026-03-16 02:00:00,675.96000000,676.79000000,670.68000000,672.97000000,3771.34300000,1773629999999,2537721.93659000,40813,1665.70300000,1120746.98452000
1773630000000,2026-03-16 03:00:00,672.98000000,685.93000000,672.25000000,680.47000000,20268.07600000,1773633599999,13794214.91860000,132067,11394.24200000,7753169.36620000
1773633600000,2026-03-16 04:00:00,680.47000000,687.82000000,680.46000000,683.44000000,14849.90700000,1773637199999,10147155.92327000,131342,8251.18100000,5639083.78718000
1773637200000,2026-03-16 05:00:00,683.44000000,686.43000000,682.13000000,685.47000000,10560.57700000,1773640799999,7226635.78810000,79347,5319.07000000,3640576.16433000
1773640800000,2026-03-16 06:00:00,685.47000000,685.48000000,679.41000000,679.41000000,8520.06000000,1773644399999,5807017.83941000,79430,3448.92900000,2350543.66362000
1773644400000,2026-03-16 07:00:00,679.41000000,681.03000000,677.27000000,678.13000000,9542.81800000,1773647999999,6483182.56085000,65571,3428.98900000,2329726.52890000
1773648000000,2026-03-16 08:00:00,678.13000000,681.06000000,673.83000000,675.21000000,7939.92700000,1773651599999,5376445.02461000,67658,3237.72600000,2193401.99301000
1773651600000,2026-03-16 09:00:00,675.21000000,677.72000000,674.64000000,676.52000000,6133.24200000,1773655199999,4146970.79012000,60055,3024.09200000,2044938.54501000
1773655200000,2026-03-16 10:00:00,676.52000000,679.12000000,675.22000000,679.08000000,11043.24000000,1773658799999,7480729.21184000,78503,6482.50600000,4392001.93816000
1773658800000,2026-03-16 11:00:00,679.08000000,679.50000000,676.34000000,677.20000000,6648.05100000,1773662399999,4506529.97374000,49780,2872.24900000,1946627.62314000
1773662400000,2026-03-16 12:00:00,677.19000000,680.95000000,677.19000000,678.55000000,12037.24200000,1773665999999,8171866.21558000,76747,6015.89600000,4084165.48783000
1773666000000,2026-03-16 13:00:00,678.55000000,683.68000000,677.78000000,681.04000000,15555.41200000,1773669599999,10587575.57291000,103355,8008.18500000,5451756.93371000
1773669600000,2026-03-16 14:00:00,681.04000000,682.17000000,670.13000000,674.66000000,22722.53300000,1773673199999,15363138.58959000,172768,8551.78700000,5775782.69734000
1773673200000,2026-03-16 15:00:00,674.65000000,677.15000000,671.00000000,671.67000000,8769.67300000,1773676799999,5914049.77537000,86820,3429.36400000,2313153.04763000
1773676800000,2026-03-16 16:00:00,671.67000000,676.27000000,671.22000000,675.31000000,9235.24100000,1773680399999,6216111.49133000,78063,5471.35300000,3682880.27291000
1773680400000,2026-03-16 17:00:00,675.31000000,678.71000000,674.60000000,678.37000000,8828.96800000,1773683999999,5971705.58624000,65212,4598.51500000,3109637.69505000
1773684000000,2026-03-16 18:00:00,678.37000000,680.51000000,676.90000000,677.11000000,9805.13900000,1773687599999,6657433.62848000,68055,5302.31000000,3600475.85017000
1773687600000,2026-03-16 19:00:00,677.11000000,681.37000000,676.19000000,678.55000000,4944.31400000,1773691199999,3358742.95280000,54079,2341.71800000,1590790.38051000
1773691200000,2026-03-16 20:00:00,678.55000000,678.63000000,673.79000000,677.01000000,4260.52700000,1773694799999,2880641.89288000,45589,1731.11100000,1170262.04326000
1773694800000,2026-03-16 21:00:00,677.00000000,682.59000000,676.30000000,679.57000000,8166.92800000,1773698399999,5549914.18444000,59779,4745.09300000,3224216.33593000
1773698400000,2026-03-16 22:00:00,679.56000000,684.66000000,679.56000000,681.40000000,5413.94200000,1773701999999,3697429.84986000,48523,2544.71500000,1738070.18849000
1773702000000,2026-03-16 23:00:00,681.41000000,681.41000000,675.73000000,679.71000000,6851.35000000,1773705599999,4646736.87991000,45951,2470.46200000,1676146.06339000
1773705600000,2026-03-17 00:00:00,679.70000000,684.13000000,677.66000000,682.58000000,9628.90600000,1773709199999,6559792.80777000,87180,5191.62300000,3537563.00409000
1773709200000,2026-03-17 01:00:00,682.59000000,686.53000000,680.69000000,684.01000000,16161.72400000,1773712799999,11060194.71327000,114887,7320.68200000,5010232.22002000
1773712800000,2026-03-17 02:00:00,684.01000000,684.63000000,680.43000000,682.73000000,6284.19600000,1773716399999,4287275.52853000,57587,3030.56400000,2067451.53180000
1773716400000,2026-03-17 03:00:00,682.73000000,683.10000000,675.00000000,676.11000000,9441.20000000,1773719999999,6402799.64902000,76186,3696.72400000,2507163.78566000
1773720000000,2026-03-17 04:00:00,676.11000000,677.39000000,671.81000000,674.89000000,10414.57300000,1773723599999,7026134.62844000,68822,4149.67000000,2800068.93363000
1773723600000,2026-03-17 05:00:00,674.89000000,677.16000000,673.55000000,675.09000000,5370.05300000,1773727199999,3626327.21423000,47449,2460.89800000,1661643.83235000
1773727200000,2026-03-17 06:00:00,675.09000000,676.99000000,672.87000000,673.37000000,4517.47400000,1773730799999,3047239.06922000,44125,2033.35500000,1371573.21233000
1773730800000,2026-03-17 07:00:00,673.37000000,675.60000000,673.36000000,674.28000000,4736.44300000,1773734399999,3195677.92236000,41048,2368.00100000,1597691.91110000
1773734400000,2026-03-17 08:00:00,674.28000000,676.77000000,673.23000000,673.67000000,6495.59600000,1773737999999,4384381.24189000,44449,3392.08900000,2289748.03709000
1773738000000,2026-03-17 09:00:00,673.67000000,675.63000000,672.10000000,672.77000000,6287.72900000,1773741599999,4235510.51277000,46402,2474.49500000,1666974.12176000
1773741600000,2026-03-17 10:00:00,672.77000000,673.53000000,667.88000000,669.36000000,9686.08900000,1773745199999,6497360.88700000,64957,3701.25100000,2483120.97432000
1773745200000,2026-03-17 11:00:00,669.35000000,670.60000000,667.36000000,667.66000000,7848.60400000,1773748799999,5249494.04288000,62510,4096.21700000,2740041.91407000
1773748800000,2026-03-17 12:00:00,667.66000000,669.69000000,665.01000000,665.55000000,7125.28500000,1773752399999,4752664.18664000,64731,2917.10100000,1946182.22309000
1773752400000,2026-03-17 13:00:00,665.56000000,668.83000000,663.57000000,665.23000000,8929.25200000,1773755999999,5950122.13796000,92881,3991.98400000,2660627.80200000
1773756000000,2026-03-17 14:00:00,665.23000000,670.45000000,663.40000000,670.21000000,7275.40600000,1773759599999,4856920.67993000,70245,4054.13500000,2707061.82659000
1773759600000,2026-03-17 15:00:00,670.20000000,673.33000000,665.21000000,668.49000000,6661.56800000,1773763199999,4458108.80824000,88003,3106.60000000,2079383.09200000
1773763200000,2026-03-17 16:00:00,668.50000000,671.57000000,667.71000000,670.84000000,3277.91200000,1773766799999,2195798.68569000,52304,1674.37800000,1121774.81083000
1773766800000,2026-03-17 17:00:00,670.85000000,672.84000000,669.91000000,672.76000000,2917.58200000,1773770399999,1959655.55504000,28857,1690.35200000,1135452.90899000
1773770400000,2026-03-17 18:00:00,672.76000000,674.85000000,672.30000000,673.86000000,2964.17100000,1773773999999,1996937.17823000,29144,1528.03800000,1029346.65876000
1773774000000,2026-03-17 19:00:00,673.86000000,674.62000000,671.62000000,672.03000000,2609.60500000,1773777599999,1757464.71097000,29093,1250.83000000,842404.64162000
1773777600000,2026-03-17 20:00:00,672.03000000,672.90000000,670.65000000,672.07000000,1382.25400000,1773781199999,928892.73727000,16596,828.06100000,556435.83567000
1773781200000,2026-03-17 21:00:00,672.07000000,674.48000000,672.01000000,673.56000000,1687.38500000,1773784799999,1136401.18885000,21013,957.06600000,644497.89708000
1773784800000,2026-03-17 22:00:00,673.57000000,674.48000000,669.22000000,671.38000000,2020.74000000,1773788399999,1356909.99150000,20405,969.06600000,650810.82106000
1773788400000,2026-03-17 23:00:00,671.37000000,671.98000000,668.01000000,668.61000000,3393.28600000,1773791999999,2270387.15046000,20247,1970.44000000,1318018.16002000
1773792000000,2026-03-18 00:00:00,668.62000000,669.33000000,665.52000000,668.35000000,4560.41200000,1773795599999,3043521.81220000,53117,2304.60800000,1538330.63026000
1773795600000,2026-03-18 01:00:00,668.35000000,670.74000000,668.35000000,669.68000000,1905.64700000,1773799199999,1276376.67595000,26312,1183.26100000,792546.39129000
1773799200000,2026-03-18 02:00:00,669.68000000,672.70000000,669.64000000,671.68000000,2608.71000000,1773802799999,1751782.81946000,27429,1639.49800000,1100825.46585000
1773802800000,2026-03-18 03:00:00,671.68000000,675.18000000,671.24000000,673.49000000,3535.75700000,1773806399999,2380247.28443000,29435,1911.69300000,1286636.68962000
1773806400000,2026-03-18 04:00:00,673.49000000,673.80000000,670.60000000,671.96000000,4673.61000000,1773809999999,3140553.10435000,29399,2978.58900000,2001448.75310000
1773810000000,2026-03-18 05:00:00,671.96000000,673.60000000,670.13000000,671.27000000,3489.44100000,1773813599999,2343755.83936000,25024,1918.25700000,1288405.27397000
1773813600000,2026-03-18 06:00:00,671.27000000,675.06000000,671.26000000,672.84000000,4056.76000000,1773817199999,2732498.58537000,30639,1984.69500000,1336835.69710000
1773817200000,2026-03-18 07:00:00,672.84000000,674.08000000,671.66000000,673.98000000,3133.31500000,1773820799999,2108064.00346000,30537,1660.78300000,1117407.90058000
1773820800000,2026-03-18 08:00:00,673.98000000,676.10000000,673.89000000,674.39000000,4318.60300000,1773824399999,2915102.08195000,41628,2203.55900000,1487419.77620000
1773824400000,2026-03-18 09:00:00,674.40000000,676.14000000,674.00000000,675.97000000,4529.09400000,1773827999999,3057761.89160000,36527,3022.02700000,2040444.42864000
1773828000000,2026-03-18 10:00:00,675.97000000,676.47000000,671.38000000,672.44000000,4225.36900000,1773831599999,2847814.60115000,41452,2245.90000000,1514007.35312000
1773831600000,2026-03-18 11:00:00,672.47000000,673.26000000,661.55000000,662.89000000,13929.23600000,1773835199999,9268169.96983000,109945,6183.56500000,4114183.20816000
1773835200000,2026-03-18 12:00:00,662.89000000,662.89000000,656.04000000,657.74000000,12156.01800000,1773838799999,8014709.50038000,119151,5785.86800000,3815035.69835000
1773838800000,2026-03-18 13:00:00,657.75000000,659.22000000,654.87000000,657.49000000,7600.93700000,1773842399999,4997181.76256000,83321,3921.84700000,2579131.56909000
1773842400000,2026-03-18 14:00:00,657.49000000,657.78000000,647.77000000,648.13000000,13468.42900000,1773845999999,8784728.82985000,97705,5270.80500000,3440559.70885000
1773846000000,2026-03-18 15:00:00,648.14000000,650.66000000,645.30000000,648.82000000,10884.21100000,1773849599999,7050630.99446000,89003,6033.71800000,3908903.70505000
1773849600000,2026-03-18 16:00:00,648.82000000,649.99000000,645.47000000,648.50000000,8662.39600000,1773853199999,5611572.86500000,69660,4946.26700000,3204978.26649000
1773853200000,2026-03-18 17:00:00,648.50000000,651.83000000,647.00000000,650.14000000,9043.48700000,1773856799999,5871250.53697000,50777,3916.95300000,2542453.64306000
1773856800000,2026-03-18 18:00:00,650.14000000,653.01000000,647.03000000,647.84000000,5813.71600000,1773860399999,3782098.25034000,58169,3031.71800000,1972453.14623000
1773860400000,2026-03-18 19:00:00,647.84000000,650.28000000,647.00000000,648.08000000,4197.85600000,1773863999999,2722771.88004000,31366,1843.91200000,1196417.27192000
1773864000000,2026-03-18 20:00:00,648.09000000,651.09000000,644.43000000,650.24000000,11640.82700000,1773867599999,7533533.96545000,42030,3267.35500000,2115877.87735000
1773867600000,2026-03-18 21:00:00,650.23000000,652.86000000,649.96000000,652.61000000,2503.48700000,1773871199999,1631390.04554000,21111,1703.79700000,1110223.48386000
1773871200000,2026-03-18 22:00:00,652.60000000,652.64000000,650.46000000,651.66000000,1874.31500000,1773874799999,1220962.36514000,19638,963.21500000,627384.61658000
1773874800000,2026-03-18 23:00:00,651.66000000,652.98000000,650.91000000,652.27000000,1693.55300000,1773878399999,1104188.63997000,20565,1070.79100000,698182.75428000
1773878400000,2026-03-19 00:00:00,652.28000000,652.90000000,650.68000000,651.48000000,3078.07300000,1773881999999,2005960.79042000,29072,1769.38500000,1152990.03515000
1773882000000,2026-03-19 01:00:00,651.48000000,652.55000000,650.51000000,651.41000000,3715.41000000,1773885599999,2420551.12290000,26190,1550.77900000,1010434.66117000
1773885600000,2026-03-19 02:00:00,651.40000000,652.34000000,649.05000000,650.63000000,2045.82500000,1773889199999,1332129.97792000,32437,1083.38200000,705492.95732000
1773889200000,2026-03-19 03:00:00,650.63000000,656.40000000,650.41000000,652.53000000,5819.46200000,1773892799999,3803649.62813000,50618,2896.56400000,1892891.87496000
1773892800000,2026-03-19 04:00:00,652.53000000,652.66000000,648.28000000,649.53000000,3065.60300000,1773896399999,1992088.74664000,32730,1706.42200000,1108720.98691000
1773896400000,2026-03-19 05:00:00,649.53000000,650.52000000,648.35000000,649.46000000,1899.01200000,1773899999999,1233715.22236000,24595,1103.94300000,717195.45455000
1773900000000,2026-03-19 06:00:00,649.45000000,650.84000000,648.12000000,648.67000000,4253.50600000,1773903599999,2761695.51173000,37893,2025.33600000,1314980.62620000
1773903600000,2026-03-19 07:00:00,648.68000000,648.79000000,641.04000000,645.39000000,10512.03100000,1773907199999,6778205.60446000,71635,4543.07100000,2929542.62161000
1773907200000,2026-03-19 08:00:00,645.39000000,646.31000000,643.73000000,644.43000000,6885.18900000,1773910799999,4440537.89506000,51754,3378.45600000,2178558.20433000
1773910800000,2026-03-19 09:00:00,644.43000000,648.89000000,643.85000000,648.28000000,7044.01600000,1773914399999,4551607.05608000,57192,3619.93900000,2339408.40977000
1773914400000,2026-03-19 10:00:00,648.29000000,648.71000000,645.83000000,645.86000000,2738.99500000,1773917999999,1773939.83267000,26232,1578.66300000,1022482.56922000
1773918000000,2026-03-19 11:00:00,645.87000000,646.43000000,643.69000000,644.08000000,3690.15000000,1773921599999,2379428.33249000,30302,1852.27800000,1194360.15397000
1773921600000,2026-03-19 12:00:00,644.09000000,644.09000000,638.14000000,638.67000000,7836.62400000,1773925199999,5026207.72441000,59208,2793.72200000,1791958.34691000
1773925200000,2026-03-19 13:00:00,638.67000000,642.06000000,636.47000000,641.21000000,8200.56000000,1773928799999,5237411.38870000,79000,3980.14000000,2542595.87865000
1773928800000,2026-03-19 14:00:00,641.22000000,642.74000000,635.66000000,638.12000000,8129.17900000,1773932399999,5186826.04072000,59915,4589.10600000,2928489.27818000
1773932400000,2026-03-19 15:00:00,638.13000000,640.41000000,634.35000000,637.87000000,6283.87800000,1773935999999,4002682.98416000,58915,3013.12500000,1919542.80915000
1773936000000,2026-03-19 16:00:00,637.88000000,637.93000000,634.43000000,635.96000000,8580.36400000,1773939599999,5455638.56042000,53984,4285.36000000,2724175.24814000
1773939600000,2026-03-19 17:00:00,635.97000000,639.06000000,633.32000000,638.25000000,4887.26600000,1773943199999,3109463.04031000,32974,2195.94400000,1398126.84717000
1773943200000,2026-03-19 18:00:00,638.24000000,638.27000000,636.23000000,637.86000000,1607.20400000,1773946799999,1024219.65797000,16199,640.50400000,408131.06389000
1773946800000,2026-03-19 19:00:00,637.86000000,642.50000000,637.78000000,640.04000000,5912.40600000,1773950399999,3786699.12201000,43638,2992.57000000,1916731.01870000
1773950400000,2026-03-19 20:00:00,640.04000000,642.97000000,639.57000000,642.05000000,2976.87300000,1773953999999,1909411.02160000,21118,1491.84800000,957051.65178000
1773954000000,2026-03-19 21:00:00,642.05000000,644.06000000,641.52000000,642.25000000,2548.68700000,1773957599999,1638042.35966000,17433,1260.21000000,810008.39698000
1773957600000,2026-03-19 22:00:00,642.25000000,642.49000000,639.00000000,640.45000000,1676.62700000,1773961199999,1073859.98351000,18357,619.91300000,397054.61051000
1773961200000,2026-03-19 23:00:00,640.44000000,641.68000000,638.22000000,639.15000000,4292.71800000,1773964799999,2745964.88409000,22339,1898.43100000,1214044.37258000
1773964800000,2026-03-20 00:00:00,639.16000000,642.08000000,638.51000000,641.04000000,3299.07600000,1773968399999,2111838.17366000,27775,2120.08900000,1357292.70711000
1773968400000,2026-03-20 01:00:00,641.04000000,644.00000000,640.94000000,642.06000000,3715.22300000,1773971999999,2387672.98852000,33438,2267.58900000,1457305.57515000
1773972000000,2026-03-20 02:00:00,642.07000000,643.27000000,639.33000000,642.75000000,2688.70900000,1773975599999,1723881.29633000,29398,1361.63500000,873001.20494000
1773975600000,2026-03-20 03:00:00,642.76000000,645.18000000,642.57000000,644.41000000,2946.46600000,1773979199999,1897368.52852000,31035,1816.68600000,1169963.56177000
1773979200000,2026-03-20 04:00:00,644.42000000,645.95000000,641.70000000,644.23000000,2929.92100000,1773982799999,1886662.88735000,30208,1465.16400000,943672.99161000
1773982800000,2026-03-20 05:00:00,644.23000000,644.91000000,642.06000000,643.22000000,2712.52700000,1773986399999,1745695.67935000,23165,1376.75300000,885978.07068000
1773986400000,2026-03-20 06:00:00,643.22000000,643.22000000,641.22000000,642.33000000,2548.60400000,1773989999999,1636574.26361000,18465,1322.46800000,849268.35505000
1773990000000,2026-03-20 07:00:00,642.34000000,644.65000000,639.68000000,644.10000000,4707.23200000,1773993599999,3025113.47654000,28347,2947.41500000,1894592.75010000
1773993600000,2026-03-20 08:00:00,644.10000000,647.65000000,643.76000000,646.57000000,5812.32700000,1773997199999,3756471.93909000,50598,3562.98000000,2302573.49842000
1773997200000,2026-03-20 09:00:00,646.57000000,646.57000000,641.13000000,641.96000000,5526.10900000,1774000799999,3556542.45299000,51332,2630.46100000,1693398.31418000
1774000800000,2026-03-20 10:00:00,641.96000000,643.95000000,640.32000000,643.21000000,2940.48000000,1774004399999,1887807.17312000,32072,1351.18500000,867594.32490000
1774004400000,2026-03-20 11:00:00,643.22000000,644.36000000,640.60000000,641.62000000,4258.94700000,1774007999999,2736037.91938000,34401,2034.02100000,1306981.87955000
1774008000000,2026-03-20 12:00:00,641.62000000,643.59000000,640.50000000,641.33000000,4761.80800000,1774011599999,3056848.85686000,33572,2360.78300000,1515432.97897000
1774011600000,2026-03-20 13:00:00,641.34000000,643.08000000,637.56000000,637.99000000,8809.94900000,1774015199999,5644513.67298000,66247,4431.54900000,2840675.87044000
1774015200000,2026-03-20 14:00:00,637.99000000,642.16000000,636.61000000,638.84000000,11027.73300000,1774018799999,7049321.27908000,76980,6633.88700000,4241321.51336000
1774018800000,2026-03-20 15:00:00,638.84000000,641.44000000,637.81000000,640.42000000,5978.98000000,1774022399999,3824484.32001000,61423,2903.55000000,1857565.98352000
1774022400000,2026-03-20 16:00:00,640.41000000,641.92000000,639.04000000,640.41000000,2620.58100000,1774025999999,1678796.26543000,46982,1384.45300000,886917.89407000
1774026000000,2026-03-20 17:00:00,640.41000000,641.30000000,636.91000000,640.24000000,3984.34200000,1774029599999,2547448.30221000,34809,2420.53200000,1548065.29808000
1774029600000,2026-03-20 18:00:00,640.24000000,640.74000000,636.38000000,637.99000000,3679.64100000,1774033199999,2352278.03434000,32527,1950.68300000,1247276.19953000
1774033200000,2026-03-20 19:00:00,637.99000000,640.50000000,636.44000000,640.26000000,2291.72100000,1774036799999,1463327.02935000,26945,1117.20600000,713518.27436000
1774036800000,2026-03-20 20:00:00,640.26000000,640.77000000,637.58000000,639.73000000,1940.06000000,1774040399999,1240767.86305000,18479,950.84200000,608096.34810000
1774040400000,2026-03-20 21:00:00,639.73000000,643.17000000,639.02000000,641.74000000,2825.83000000,1774043999999,1812035.96557000,22581,1750.82200000,1122533.00252000
1774044000000,2026-03-20 22:00:00,641.75000000,644.57000000,641.74000000,643.70000000,2386.53700000,1774047599999,1536354.71279000,19482,1261.47600000,812080.89898000
1774047600000,2026-03-20 23:00:00,643.70000000,643.88000000,641.47000000,642.11000000,2295.19900000,1774051199999,1473788.89999000,14131,1130.73900000,725920.54983000
1774051200000,2026-03-21 00:00:00,642.11000000,643.22000000,641.34000000,642.06000000,2417.25000000,1774054799999,1552329.81522000,19845,1428.82600000,917570.54397000
1774054800000,2026-03-21 01:00:00,642.07000000,642.97000000,640.20000000,640.61000000,1273.73400000,1774058399999,816727.45584000,13596,588.19200000,377246.72128000
1774058400000,2026-03-21 02:00:00,640.61000000,642.42000000,640.15000000,642.41000000,964.40500000,1774061999999,618382.92933000,13884,556.11200000,356590.97428000
1774062000000,2026-03-21 03:00:00,642.41000000,642.62000000,641.58000000,642.32000000,1132.71800000,1774065599999,727327.75392000,13120,580.79400000,372954.56381000
1774065600000,2026-03-21 04:00:00,642.32000000,643.37000000,641.80000000,641.80000000,1396.11800000,1774069199999,897200.88078000,12793,777.80500000,499842.28162000
1774069200000,2026-03-21 05:00:00,641.81000000,643.37000000,641.80000000,642.22000000,1437.37300000,1774072799999,923755.32225000,12686,892.67100000,573694.59590000
1774072800000,2026-03-21 06:00:00,642.23000000,643.45000000,642.12000000,643.23000000,1306.04400000,1774076399999,839664.89371000,10817,640.92800000,412039.57078000
1774076400000,2026-03-21 07:00:00,643.24000000,644.46000000,642.97000000,643.11000000,2471.46400000,1774079999999,1590978.89043000,15880,1192.98900000,767952.04984000
1774080000000,2026-03-21 08:00:00,643.11000000,643.57000000,642.14000000,643.16000000,2318.56300000,1774083599999,1490624.45655000,15975,1260.25000000,810194.39479000
1774083600000,2026-03-21 09:00:00,643.17000000,644.46000000,643.09000000,643.20000000,2460.63300000,1774087199999,1583638.34837000,18480,1098.13800000,706778.98757000
1774087200000,2026-03-21 10:00:00,643.21000000,643.27000000,641.99000000,642.82000000,2771.83100000,1774090799999,1781095.36468000,14431,1247.52000000,801559.74569000
1774090800000,2026-03-21 11:00:00,642.83000000,644.06000000,642.82000000,643.81000000,1510.24200000,1774094399999,971698.98696000,11692,808.26700000,520059.01733000
1774094400000,2026-03-21 12:00:00,643.81000000,644.39000000,643.66000000,643.89000000,1993.03000000,1774097999999,1283671.27636000,14741,1081.73900000,696703.95032000
1774098000000,2026-03-21 13:00:00,643.90000000,644.21000000,643.19000000,644.04000000,2684.39300000,1774101599999,1728288.20311000,14409,1360.49600000,875872.39994000
1774101600000,2026-03-21 14:00:00,644.05000000,646.38000000,642.09000000,642.22000000,4230.62900000,1774105199999,2727066.05892000,35470,2041.06800000,1315523.94083000
1774105200000,2026-03-21 15:00:00,642.22000000,643.26000000,641.39000000,642.82000000,2947.25200000,1774108799999,1893498.91389000,30920,1307.34200000,839952.93353000
1774108800000,2026-03-21 16:00:00,642.82000000,643.24000000,640.86000000,641.35000000,2117.32000000,1774112399999,1359293.01643000,22785,797.13400000,511657.49359000
1774112400000,2026-03-21 17:00:00,641.35000000,641.94000000,640.62000000,641.34000000,1185.98100000,1774115999999,760626.25465000,14291,631.37500000,404943.84424000
1774116000000,2026-03-21 18:00:00,641.34000000,642.49000000,641.00000000,641.56000000,888.81500000,1774119599999,570301.18382000,9558,500.75000000,321303.32466000
1774119600000,2026-03-21 19:00:00,641.56000000,641.97000000,641.26000000,641.61000000,497.56400000,1774123199999,319221.64579000,7080,271.15400000,173959.73570000
1774123200000,2026-03-21 20:00:00,641.61000000,642.51000000,641.52000000,642.47000000,657.51100000,1774126799999,422242.12777000,8239,381.22400000,244817.37109000
1774126800000,2026-03-21 21:00:00,642.46000000,642.68000000,641.59000000,641.72000000,756.75800000,1774130399999,486025.58783000,11828,398.15500000,255717.60282000
1774130400000,2026-03-21 22:00:00,641.72000000,642.67000000,641.13000000,642.27000000,1091.49800000,1774133999999,700720.34199000,11173,617.44100000,396440.64257000
1774134000000,2026-03-21 23:00:00,642.27000000,642.27000000,627.76000000,630.70000000,13725.57300000,1774137599999,8688631.39070000,89769,4701.72800000,2974323.06599000
1774137600000,2026-03-22 00:00:00,630.70000000,632.63000000,622.72000000,630.38000000,14195.25100000,1774141199999,8908212.98031000,116375,7111.66500000,4463841.51079000
1774141200000,2026-03-22 01:00:00,630.37000000,632.00000000,629.09000000,631.09000000,3980.92800000,1774144799999,2511250.27432000,37504,1996.87100000,1259637.11569000
1774144800000,2026-03-22 02:00:00,631.10000000,635.13000000,631.10000000,634.33000000,3010.63400000,1774148399999,1906500.60666000,32718,1594.88000000,1010160.40542000
1774148400000,2026-03-22 03:00:00,634.34000000,637.70000000,632.80000000,634.84000000,4635.00100000,1774151999999,2944700.39695000,37198,2171.61100000,1379656.03092000
1774152000000,2026-03-22 04:00:00,634.84000000,636.57000000,632.42000000,635.15000000,4969.43300000,1774155599999,3153738.14014000,33764,2534.40700000,1608701.87263000
1774155600000,2026-03-22 05:00:00,635.16000000,635.16000000,632.76000000,633.56000000,3370.07000000,1774159199999,2136290.87895000,24562,1397.22700000,885664.03330000
1774159200000,2026-03-22 06:00:00,633.56000000,634.24000000,632.41000000,633.62000000,1787.75500000,1774162799999,1132172.11199000,19347,981.35800000,621555.19652000
1774162800000,2026-03-22 07:00:00,633.63000000,634.63000000,631.90000000,631.99000000,3169.53400000,1774166399999,2007481.96526000,27112,1318.01200000,834890.57994000
1774166400000,2026-03-22 08:00:00,631.98000000,632.10000000,628.84000000,630.85000000,4630.46700000,1774169999999,2919503.25906000,40816,2063.14700000,1300853.03105000
1774170000000,2026-03-22 09:00:00,630.86000000,631.86000000,629.92000000,631.11000000,2162.13600000,1774173599999,1364367.42336000,22608,1015.44400000,640781.12371000
1774173600000,2026-03-22 10:00:00,631.12000000,631.52000000,629.29000000,629.61000000,2815.53200000,1774177199999,1774277.07139000,25941,1054.86500000,664718.87536000
1774177200000,2026-03-22 11:00:00,629.62000000,630.05000000,627.61000000,627.90000000,4601.96300000,1774180799999,2894084.27322000,49928,2141.45000000,1346756.46484000
1774180800000,2026-03-22 12:00:00,627.90000000,630.97000000,627.90000000,629.48000000,3856.73200000,1774184399999,2428168.46499000,36375,2039.21900000,1283886.37591000
1774184400000,2026-03-22 13:00:00,629.48000000,631.71000000,629.00000000,630.24000000,5964.50100000,1774187999999,3759878.92542000,35895,3449.19200000,2174368.95504000
1774188000000,2026-03-22 14:00:00,630.25000000,631.76000000,628.86000000,629.98000000,1780.44300000,1774191599999,1122518.55905000,22890,861.51300000,543220.06346000
1774191600000,2026-03-22 15:00:00,629.97000000,631.76000000,629.25000000,629.70000000,3247.25000000,1774195199999,2046512.05442000,27845,1687.05800000,1063270.19636000
1774195200000,2026-03-22 16:00:00,629.70000000,630.86000000,629.42000000,630.55000000,4806.24700000,1774198799999,3028110.96539000,27294,3283.31000000,2068657.85445000
1774198800000,2026-03-22 17:00:00,630.55000000,632.26000000,629.90000000,630.64000000,4957.82700000,1774202399999,3128642.61826000,40726,2391.54600000,1509066.83204000
1774202400000,2026-03-22 18:00:00,630.65000000,631.45000000,627.61000000,629.60000000,3293.06200000,1774205999999,2073226.24097000,33483,1446.38800000,910599.79225000
1774206000000,2026-03-22 19:00:00,629.60000000,629.60000000,626.57000000,627.44000000,3343.30200000,1774209599999,2098636.00510000,29787,1474.31800000,925506.10081000
1774209600000,2026-03-22 20:00:00,627.45000000,630.00000000,627.45000000,628.07000000,2764.94100000,1774213199999,1738400.87671000,25418,1578.29200000,992384.57107000
1774213200000,2026-03-22 21:00:00,628.06000000,628.60000000,622.16000000,625.91000000,7014.81700000,1774216799999,4382004.06550000,62182,3012.01300000,1881795.89512000
1774216800000,2026-03-22 22:00:00,625.92000000,630.11000000,623.06000000,629.92000000,4984.82900000,1774220399999,3126587.16517000,51000,3070.17900000,1926492.52032000
1774220400000,2026-03-22 23:00:00,629.92000000,631.35000000,626.19000000,626.41000000,3010.92400000,1774223999999,1892272.98343000,26417,1299.15500000,816797.55312000
1774224000000,2026-03-23 00:00:00,626.41000000,628.00000000,622.00000000,624.77000000,8335.62100000,1774227599999,5213852.89118000,57121,4614.89000000,2887600.01924000
1774227600000,2026-03-23 01:00:00,624.78000000,628.18000000,623.72000000,626.43000000,5508.61700000,1774231199999,3452457.92423000,35082,3228.66500000,2023686.69058000
1774231200000,2026-03-23 02:00:00,626.43000000,630.29000000,625.49000000,628.74000000,3300.20800000,1774234799999,2072865.79600000,27527,1788.52600000,1123474.51075000
1774234800000,2026-03-23 03:00:00,628.73000000,630.71000000,626.19000000,626.47000000,3106.28300000,1774238399999,1951603.70955000,23853,1429.85400000,898521.71593000
1774238400000,2026-03-23 04:00:00,626.46000000,629.80000000,626.46000000,629.57000000,1985.72200000,1774241999999,1247048.71799000,22989,1195.22200000,750761.15781000
1774242000000,2026-03-23 05:00:00,629.58000000,632.00000000,629.58000000,631.92000000,3132.07400000,1774245599999,1975334.97042000,28015,1852.49900000,1168323.77665000
1774245600000,2026-03-23 06:00:00,631.91000000,631.91000000,621.40000000,622.87000000,8527.60400000,1774249199999,5336271.07930000,50342,3755.16000000,2349862.28875000
1774249200000,2026-03-23 07:00:00,622.88000000,625.62000000,620.33000000,624.33000000,6563.38500000,1774252799999,4088786.01207000,49452,3185.38200000,1984840.74588000
1774252800000,2026-03-23 08:00:00,624.34000000,626.35000000,623.55000000,624.38000000,3901.08300000,1774256399999,2438233.00194000,34877,2046.29700000,1279143.43703000
1774256400000,2026-03-23 09:00:00,624.39000000,626.10000000,621.59000000,625.78000000,4527.11400000,1774259999999,2825375.69623000,31863,2395.57000000,1495684.13317000
1774260000000,2026-03-23 10:00:00,625.78000000,628.10000000,625.10000000,626.62000000,6237.24200000,1774263599999,3908368.72887000,39357,2390.73600000,1497529.91380000
1774263600000,2026-03-23 11:00:00,626.62000000,650.85000000,626.62000000,638.40000000,60562.37600000,1774267199999,38992338.54541000,335705,34520.92400000,22219923.59825000
1774267200000,2026-03-23 12:00:00,638.40000000,645.65000000,635.81000000,645.17000000,11939.89600000,1774270799999,7657032.08472000,109772,6260.15600000,4014688.95099000
1774270800000,2026-03-23 13:00:00,645.17000000,649.55000000,642.94000000,647.81000000,13750.71800000,1774274399999,8881429.88900000,128575,6842.54000000,4420445.74818000
1774274400000,2026-03-23 14:00:00,647.82000000,649.37000000,644.25000000,646.21000000,26031.42300000,1774277999999,16827049.18907000,128888,15663.21600000,10126111.55071000
1774278000000,2026-03-23 15:00:00,646.22000000,647.77000000,636.73000000,637.25000000,27579.32900000,1774281599999,17708490.87762000,126306,16262.33400000,10442470.93048000
1774281600000,2026-03-23 16:00:00,637.25000000,638.98000000,633.76000000,635.70000000,24931.13000000,1774285199999,15857164.11449000,137903,13255.87900000,8426774.17727000
1774285200000,2026-03-23 17:00:00,635.71000000,638.12000000,632.49000000,637.98000000,22206.83000000,1774288799999,14092539.38137000,95532,13690.05100000,8687698.55547000
1774288800000,2026-03-23 18:00:00,637.98000000,639.62000000,636.12000000,639.52000000,3776.33100000,1774292399999,2408985.95413000,41839,2143.29400000,1367287.06528000
1774292400000,2026-03-23 19:00:00,639.53000000,640.76000000,637.09000000,637.62000000,3423.12100000,1774295999999,2187329.86350000,26549,1662.13700000,1062217.56895000
1774296000000,2026-03-23 20:00:00,637.62000000,639.68000000,636.50000000,639.23000000,1544.24700000,1774299599999,985596.28198000,14763,860.72300000,549479.54046000
1774299600000,2026-03-23 21:00:00,639.24000000,641.09000000,639.20000000,639.59000000,2531.47200000,1774303199999,1620106.82588000,20135,1415.37100000,905718.85908000
1774303200000,2026-03-23 22:00:00,639.59000000,639.88000000,637.13000000,638.53000000,2078.60200000,1774306799999,1327176.98427000,25497,912.90000000,582834.63510000
1774306800000,2026-03-23 23:00:00,638.53000000,639.38000000,636.24000000,639.11000000,2076.44600000,1774310399999,1324082.57043000,20484,1159.55900000,739497.43683000
1774310400000,2026-03-24 00:00:00,639.12000000,640.17000000,634.80000000,636.69000000,3992.68600000,1774313999999,2546239.22206000,36722,1852.06100000,1181229.23580000
1774314000000,2026-03-24 01:00:00,636.69000000,636.84000000,632.43000000,633.67000000,3719.03800000,1774317599999,2360955.92174000,36166,1893.10800000,1201949.16306000
1774317600000,2026-03-24 02:00:00,633.67000000,635.43000000,632.00000000,632.81000000,3654.02500000,1774321199999,2313744.27718000,34732,1876.25800000,1188142.95419000
1774321200000,2026-03-24 03:00:00,632.82000000,633.57000000,632.35000000,632.70000000,2014.52400000,1774324799999,1274850.60281000,26919,970.90300000,614389.81790000
1774324800000,2026-03-24 04:00:00,632.70000000,633.96000000,628.93000000,629.34000000,6259.47900000,1774328399999,3947685.80911000,39080,2372.82800000,1495968.23568000
1774328400000,2026-03-24 05:00:00,629.34000000,629.68000000,627.21000000,629.29000000,4550.63100000,1774331999999,2858727.48167000,44060,2133.16800000,1339896.39599000
1774332000000,2026-03-24 06:00:00,629.28000000,631.29000000,628.95000000,631.00000000,4000.75100000,1774335599999,2520590.10433000,33535,1874.11100000,1180770.66524000
1774335600000,2026-03-24 07:00:00,631.00000000,638.44000000,630.76000000,637.86000000,6120.30100000,1774339199999,3886726.11898000,50412,3418.53800000,2170862.09542000
1774339200000,2026-03-24 08:00:00,637.87000000,638.31000000,634.45000000,634.78000000,4975.87500000,1774342799999,3165507.65857000,38879,1986.35500000,1263847.90712000
1774342800000,2026-03-24 09:00:00,634.77000000,638.84000000,634.00000000,638.56000000,3989.15400000,1774346399999,2538643.69669000,32705,2329.95700000,1482820.87131000
1774346400000,2026-03-24 10:00:00,638.57000000,638.57000000,636.44000000,638.12000000,3923.62700000,1774349999999,2501458.45985000,32658,1777.66900000,1133395.96337000
1774350000000,2026-03-24 11:00:00,638.12000000,639.81000000,635.85000000,638.88000000,4702.82100000,1774353599999,2999395.39820000,37733,2093.65300000,1335624.27110000
1774353600000,2026-03-24 12:00:00,638.88000000,639.35000000,636.62000000,637.48000000,2860.86800000,1774357199999,1825579.59076000,30728,1457.91400000,930337.02549000
1774357200000,2026-03-24 13:00:00,637.48000000,638.31000000,631.18000000,632.17000000,8231.73400000,1774360799999,5224981.41358000,72055,3245.27500000,2059781.67515000
1774360800000,2026-03-24 14:00:00,632.17000000,634.26000000,627.20000000,629.91000000,10983.38500000,1774364399999,6924876.24704000,85076,5316.28200000,3351813.48162000
1774364400000,2026-03-24 15:00:00,629.91000000,633.29000000,629.81000000,630.98000000,4687.39900000,1774367999999,2959874.97313000,45311,2425.00200000,1531227.40767000
1774368000000,2026-03-24 16:00:00,630.97000000,632.02000000,628.19000000,629.27000000,3384.99200000,1774371599999,2132748.69576000,37594,1853.78000000,1167860.21500000
1774371600000,2026-03-24 17:00:00,629.28000000,629.71000000,626.99000000,628.85000000,4201.92400000,1774375199999,2639422.85202000,44035,1836.46200000,1153750.95692000
1774375200000,2026-03-24 18:00:00,628.84000000,632.46000000,628.69000000,630.69000000,2168.13200000,1774378799999,1366286.99318000,21251,1304.92300000,822422.09100000
1774378800000,2026-03-24 19:00:00,630.69000000,632.16000000,629.58000000,630.29000000,1193.49600000,1774382399999,752969.95893000,11831,626.40700000,395215.66558000
1774382400000,2026-03-24 20:00:00,630.29000000,637.56000000,629.85000000,636.79000000,4915.66000000,1774385999999,3122377.28233000,39917,3273.67600000,2079622.18614000
1774386000000,2026-03-24 21:00:00,636.79000000,637.70000000,635.06000000,637.62000000,2057.00400000,1774389599999,1308817.33088000,18166,907.16800000,577353.96856000
1774389600000,2026-03-24 22:00:00,637.63000000,638.74000000,635.80000000,636.75000000,1966.87300000,1774393199999,1253381.62627000,20023,1023.69800000,652360.80365000
1774393200000,2026-03-24 23:00:00,636.76000000,639.79000000,636.41000000,638.30000000,2619.92000000,1774396799999,1673303.78743000,18649,1512.98800000,966249.79663000
1774396800000,2026-03-25 00:00:00,638.31000000,641.70000000,637.50000000,640.08000000,4241.53300000,1774400399999,2713463.86287000,29900,2481.29500000,1587444.58711000
1774400400000,2026-03-25 01:00:00,640.08000000,641.27000000,638.24000000,638.99000000,6265.51600000,1774403999999,4007403.81872000,34690,2087.45500000,1335500.82434000
1774404000000,2026-03-25 02:00:00,638.99000000,640.20000000,638.40000000,639.37000000,2467.85500000,1774407599999,1577640.81472000,20579,1298.27600000,829979.33053000
1774407600000,2026-03-25 03:00:00,639.36000000,643.00000000,638.48000000,642.22000000,3445.67000000,1774411199999,2207985.99901000,24633,1837.41200000,1177428.08322000
1774411200000,2026-03-25 04:00:00,642.22000000,643.19000000,641.59000000,642.82000000,2618.70900000,1774414799999,1681849.97184000,22575,1488.21000000,955851.20149000
1774414800000,2026-03-25 05:00:00,642.82000000,645.86000000,642.46000000,643.83000000,3833.44100000,1774418399999,2470797.33119000,32838,2037.43300000,1313242.41102000
1774418400000,2026-03-25 06:00:00,643.82000000,647.19000000,643.73000000,644.86000000,5217.02900000,1774421999999,3368554.98602000,34501,2518.51400000,1626220.74485000
1774422000000,2026-03-25 07:00:00,644.86000000,646.20000000,643.09000000,643.57000000,6210.97300000,1774425599999,4004959.00629000,34373,3676.55700000,2371449.39913000
1774425600000,2026-03-25 08:00:00,643.57000000,648.74000000,643.41000000,647.17000000,8500.90700000,1774429199999,5495235.69083000,47241,4932.39000000,3188860.23810000
1774429200000,2026-03-25 09:00:00,647.18000000,650.16000000,646.88000000,649.28000000,11042.71200000,1774432799999,7166392.34372000,54682,6768.47700000,4392435.51368000
1774432800000,2026-03-25 10:00:00,649.28000000,649.48000000,646.00000000,646.87000000,10518.14000000,1774436399999,6813591.18124000,51316,4161.00900000,2695196.09327000
1774436400000,2026-03-25 11:00:00,646.87000000,650.92000000,646.74000000,648.36000000,6122.31300000,1774439999999,3970441.41287000,41949,2949.29100000,1913034.58321000
1774440000000,2026-03-25 12:00:00,648.36000000,650.75000000,645.83000000,648.99000000,6716.08100000,1774443599999,4351870.61035000,59226,3225.74400000,2090679.80968000
1774443600000,2026-03-25 13:00:00,648.99000000,652.80000000,648.17000000,649.50000000,5329.62200000,1774447199999,3466885.77907000,56908,2542.90700000,1654692.00184000
1774447200000,2026-03-25 14:00:00,649.50000000,650.29000000,647.00000000,647.12000000,4483.50100000,1774450799999,2907164.66444000,45550,1654.41400000,1072489.37424000
1774450800000,2026-03-25 15:00:00,647.13000000,647.49000000,641.92000000,645.65000000,7820.67100000,1774454399999,5042160.33702000,53070,2944.59000000,1898324.30683000
1774454400000,2026-03-25 16:00:00,645.64000000,651.15000000,645.08000000,647.56000000,7256.31300000,1774457999999,4702415.50580000,44122,3281.99500000,2127101.88180000
1774458000000,2026-03-25 17:00:00,647.57000000,648.24000000,645.04000000,645.30000000,2689.07900000,1774461599999,1738546.39635000,28951,1187.48900000,767778.88813000
1774461600000,2026-03-25 18:00:00,645.30000000,646.61000000,644.09000000,645.43000000,3189.21900000,1774465199999,2058038.21111000,25668,1714.55500000,1106355.44943000
1774465200000,2026-03-25 19:00:00,645.42000000,647.32000000,645.10000000,646.03000000,1508.23200000,1774468799999,974810.83993000,25685,841.60400000,543947.98587000
1774468800000,2026-03-25 20:00:00,646.03000000,646.85000000,644.04000000,646.81000000,1660.45400000,1774472399999,1071231.92478000,16288,884.71800000,570747.86937000
1774472400000,2026-03-25 21:00:00,646.81000000,648.65000000,646.30000000,647.17000000,1653.92200000,1774475999999,1070692.10193000,17680,832.87300000,539138.11495000
1774476000000,2026-03-25 22:00:00,647.17000000,650.26000000,645.96000000,649.05000000,2169.97900000,1774479599999,1406705.80221000,20656,1280.94000000,830566.11870000
1774479600000,2026-03-25 23:00:00,649.06000000,649.12000000,646.71000000,647.66000000,2557.06900000,1774483199999,1656600.73772000,14094,1294.76400000,838819.83628000
1774483200000,2026-03-26 00:00:00,647.67000000,648.47000000,646.29000000,647.20000000,1407.29000000,1774486799999,911254.50911000,20182,741.66900000,480263.93987000
1774486800000,2026-03-26 01:00:00,647.20000000,647.80000000,645.84000000,646.61000000,1538.29100000,1774490399999,995002.56915000,18773,746.95400000,483153.35774000
1774490400000,2026-03-26 02:00:00,646.60000000,646.66000000,642.54000000,643.67000000,2987.55000000,1774493999999,1924440.58649000,25842,1355.54800000,873033.07252000
1774494000000,2026-03-26 03:00:00,643.66000000,643.85000000,641.33000000,642.90000000,3824.57100000,1774497599999,2456959.22821000,34113,1818.68000000,1168424.92094000
1774497600000,2026-03-26 04:00:00,642.91000000,643.30000000,641.11000000,642.27000000,3500.17700000,1774501199999,2247345.32391000,21298,1746.97700000,1121425.88569000
1774501200000,2026-03-26 05:00:00,642.28000000,642.48000000,634.53000000,635.19000000,6806.88200000,1774504799999,4345474.40070000,52726,3108.40700000,1984355.09344000
1774504800000,2026-03-26 06:00:00,635.19000000,635.96000000,633.44000000,635.24000000,4614.78100000,1774508399999,2929658.29092000,43559,2042.68700000,1296894.79724000
1774508400000,2026-03-26 07:00:00,635.24000000,635.89000000,633.85000000,635.37000000,3041.10300000,1774511999999,1931039.20411000,30972,1470.29900000,933613.76450000
1774512000000,2026-03-26 08:00:00,635.38000000,635.44000000,632.50000000,633.54000000,4249.27600000,1774515599999,2692351.99134000,37953,1959.55100000,1241467.97164000
1774515600000,2026-03-26 09:00:00,633.55000000,633.92000000,628.10000000,630.08000000,7161.32900000,1774519199999,4517907.45900000,53089,2855.74600000,1801583.85319000
1774519200000,2026-03-26 10:00:00,630.07000000,631.64000000,628.82000000,630.73000000,3653.65300000,1774522799999,2303987.02196000,29947,1917.92000000,1209345.19113000
1774522800000,2026-03-26 11:00:00,630.73000000,630.97000000,628.18000000,629.17000000,3241.90100000,1774526399999,2040794.87200000,29924,1587.93300000,999594.99443000
1774526400000,2026-03-26 12:00:00,629.17000000,629.99000000,628.46000000,629.68000000,2785.96000000,1774529999999,1753178.37444000,23814,1318.11200000,829524.68830000
1774530000000,2026-03-26 13:00:00,629.67000000,632.70000000,628.50000000,631.54000000,5241.25600000,1774533599999,3305167.40105000,49564,2739.19500000,1727906.22347000
1774533600000,2026-03-26 14:00:00,631.53000000,632.49000000,628.20000000,629.65000000,4307.13500000,1774537199999,2715127.01961000,44497,1840.56800000,1160535.10035000
1774537200000,2026-03-26 15:00:00,629.65000000,629.78000000,625.11000000,626.82000000,7767.72100000,1774540799999,4875572.59736000,52935,3966.48300000,2490271.59649000
1774540800000,2026-03-26 16:00:00,626.83000000,627.57000000,626.00000000,627.05000000,3079.38400000,1774544399999,1930275.21915000,32949,1471.37600000,922300.22805000
1774544400000,2026-03-26 17:00:00,627.05000000,628.89000000,624.89000000,625.69000000,3688.45400000,1774547999999,2311235.59977000,28394,1360.18200000,853426.32836000
1774548000000,2026-03-26 18:00:00,625.69000000,626.42000000,623.01000000,625.74000000,4457.39400000,1774551599999,2783969.62062000,39908,2199.69100000,1374027.95786000
1774551600000,2026-03-26 19:00:00,625.73000000,626.76000000,625.00000000,625.68000000,3555.78800000,1774555199999,2224681.61156000,19402,1156.58600000,723959.59968000
1774555200000,2026-03-26 20:00:00,625.67000000,631.52000000,625.24000000,629.90000000,5717.58800000,1774558799999,3601475.56020000,52209,3252.03600000,2048161.15048000
1774558800000,2026-03-26 21:00:00,629.90000000,631.51000000,628.68000000,630.78000000,2684.67900000,1774562399999,1692714.18327000,26311,1091.05700000,687828.17401000
1774562400000,2026-03-26 22:00:00,630.78000000,631.27000000,627.87000000,629.73000000,1785.83800000,1774565999999,1124287.81094000,26662,751.66500000,473223.51459000
1774566000000,2026-03-26 23:00:00,629.73000000,630.47000000,627.74000000,628.86000000,3620.07200000,1774569599999,2276996.15084000,22410,1969.51000000,1238913.70463000
1774569600000,2026-03-27 00:00:00,628.86000000,629.67000000,627.38000000,629.13000000,3514.96100000,1774573199999,2209820.94303000,29725,2215.50800000,1392968.09597000
1774573200000,2026-03-27 01:00:00,629.13000000,631.51000000,628.59000000,631.35000000,2856.85800000,1774576799999,1800763.77164000,28665,1409.04100000,888078.06531000
1774576800000,2026-03-27 02:00:00,631.36000000,631.87000000,630.12000000,630.45000000,2799.50300000,1774580399999,1766590.85785000,21112,1544.10100000,974379.52651000
1774580400000,2026-03-27 03:00:00,630.45000000,630.60000000,628.04000000,628.30000000,2360.42300000,1774583999999,1484657.42443000,23106,1005.73600000,632658.93085000
1774584000000,2026-03-27 04:00:00,628.31000000,628.31000000,625.11000000,627.36000000,4086.46500000,1774587599999,2560923.32235000,33025,1956.12500000,1225711.98136000
1774587600000,2026-03-27 05:00:00,627.37000000,630.00000000,626.66000000,627.83000000,2312.42500000,1774591199999,1451888.45354000,20898,1141.49600000,716919.29924000
1774591200000,2026-03-27 06:00:00,627.84000000,628.87000000,627.59000000,628.10000000,2385.55600000,1774594799999,1498685.39024000,18849,1081.84300000,679672.98586000
1774594800000,2026-03-27 07:00:00,628.10000000,630.02000000,627.40000000,628.45000000,3596.41300000,1774598399999,2260998.51162000,29373,1466.33900000,922061.18400000
1774598400000,2026-03-27 08:00:00,628.46000000,629.15000000,617.88000000,620.60000000,13606.78200000,1774601999999,8461894.87799000,65547,4469.40300000,2778621.63833000
1774602000000,2026-03-27 09:00:00,620.59000000,621.51000000,618.00000000,619.97000000,5017.86100000,1774605599999,3110646.97925000,33478,2274.67100000,1410539.68541000
1774605600000,2026-03-27 10:00:00,619.98000000,620.27000000,607.77000000,609.10000000,22105.28800000,1774609199999,13548563.33889000,106347,8287.72500000,5076071.97389000
1774609200000,2026-03-27 11:00:00,609.11000000,612.33000000,607.18000000,611.07000000,11283.29400000,1774612799999,6891558.19299000,65889,6646.61600000,4060007.72852000
1774612800000,2026-03-27 12:00:00,611.07000000,611.94000000,609.90000000,611.28000000,4918.47800000,1774616399999,3004680.97945000,40272,2669.96200000,1631249.09406000
1774616400000,2026-03-27 13:00:00,611.28000000,612.31000000,607.23000000,608.22000000,8332.60500000,1774619999999,5083696.39964000,60549,3515.24600000,2145457.23007000
1774620000000,2026-03-27 14:00:00,608.21000000,610.42000000,605.86000000,609.56000000,7505.12000000,1774623599999,4561627.85274000,58250,3568.72300000,2169007.40794000
1774623600000,2026-03-27 15:00:00,609.56000000,614.03000000,609.27000000,610.66000000,9263.80400000,1774627199999,5665230.51103000,68017,4982.29700000,3047093.90499000
1774627200000,2026-03-27 16:00:00,610.66000000,610.76000000,607.77000000,609.37000000,5348.25700000,1774630799999,3257731.32325000,38662,2544.56500000,1549450.11204000
1774630800000,2026-03-27 17:00:00,609.38000000,611.96000000,607.00000000,607.46000000,4019.62100000,1774634399999,2450380.33700000,33891,1971.35200000,1202079.23248000
1774634400000,2026-03-27 18:00:00,607.45000000,609.69000000,606.67000000,609.37000000,3102.64400000,1774637999999,1887232.29877000,27140,1652.97600000,1005453.25699000
1774638000000,2026-03-27 19:00:00,609.36000000,610.84000000,608.27000000,610.17000000,2153.52100000,1774641599999,1313285.15946000,21048,1290.66800000,787181.64672000
1774641600000,2026-03-27 20:00:00,610.16000000,611.40000000,608.66000000,611.23000000,4649.04000000,1774645199999,2837578.59358000,19345,3120.44800000,1904638.51453000
1774645200000,2026-03-27 21:00:00,611.22000000,612.20000000,610.73000000,611.01000000,1308.45500000,1774648799999,800114.57129000,13383,664.10400000,406091.91545000
1774648800000,2026-03-27 22:00:00,611.00000000,611.07000000,609.86000000,610.63000000,2018.30100000,1774652399999,1232169.04418000,12456,1065.32200000,650390.17282000
1774652400000,2026-03-27 23:00:00,610.63000000,614.18000000,609.89000000,613.95000000,3188.95500000,1774655999999,1952048.35199000,17695,1634.81400000,1000770.60265000
1774656000000,2026-03-28 00:00:00,613.95000000,614.07000000,612.17000000,612.43000000,3174.04300000,1774659599999,1946175.72536000,19811,1497.66100000,918217.93380000
1774659600000,2026-03-28 01:00:00,612.43000000,612.59000000,609.90000000,611.37000000,2873.62100000,1774663199999,1756477.96977000,19371,1351.06100000,825752.12676000
1774663200000,2026-03-28 02:00:00,611.38000000,612.77000000,610.63000000,610.87000000,2650.90200000,1774666799999,1620839.66745000,14356,1382.13300000,845116.19843000
1774666800000,2026-03-28 03:00:00,610.87000000,611.85000000,610.68000000,611.14000000,2079.43400000,1774670399999,1271048.62070000,13345,1165.53900000,712432.67387000
1774670400000,2026-03-28 04:00:00,611.15000000,611.89000000,610.53000000,611.08000000,2939.56100000,1774673999999,1796203.72739000,15413,1200.67300000,733673.05452000
1774674000000,2026-03-28 05:00:00,611.08000000,612.34000000,610.50000000,612.34000000,1931.17300000,1774677599999,1180710.66141000,13453,1071.59700000,655220.08296000
1774677600000,2026-03-28 06:00:00,612.34000000,614.61000000,611.88000000,613.81000000,5490.63900000,1774681199999,3367815.01162000,23180,2897.54600000,1777539.18357000
1774681200000,2026-03-28 07:00:00,613.82000000,614.36000000,612.90000000,613.90000000,2954.09900000,1774684799999,1812648.68308000,18350,1320.68100000,810354.13648000
1774684800000,2026-03-28 08:00:00,613.90000000,614.27000000,612.53000000,612.53000000,5905.54100000,1774688399999,3622561.26601000,18462,2934.02300000,1799917.27760000
1774688400000,2026-03-28 09:00:00,612.54000000,612.54000000,611.45000000,612.25000000,2529.78900000,1774691999999,1547900.20245000,13835,1086.97800000,665051.13009000
1774692000000,2026-03-28 10:00:00,612.25000000,613.47000000,610.46000000,611.54000000,2090.75600000,1774695599999,1278815.97982000,17285,1085.39900000,663957.14820000
1774695600000,2026-03-28 11:00:00,611.55000000,613.14000000,611.31000000,613.00000000,1574.39500000,1774699199999,964004.71580000,11880,1112.05800000,680938.69546000
1774699200000,2026-03-28 12:00:00,612.99000000,614.00000000,611.59000000,612.57000000,2293.03700000,1774702799999,1405179.10099000,16306,1182.51800000,724634.49647000
1774702800000,2026-03-28 13:00:00,612.58000000,618.53000000,612.20000000,615.89000000,7673.26500000,1774706399999,4726374.47926000,42138,4561.93400000,2810313.78395000
1774706400000,2026-03-28 14:00:00,615.89000000,617.56000000,614.67000000,615.13000000,4131.90100000,1774709999999,2545652.16985000,27839,1758.19600000,1083042.40380000
1774710000000,2026-03-28 15:00:00,615.13000000,619.00000000,614.68000000,617.28000000,3782.63500000,1774713599999,2335100.35411000,30699,1969.45200000,1215890.43519000
1774713600000,2026-03-28 16:00:00,617.29000000,617.51000000,616.46000000,616.94000000,2063.23800000,1774717199999,1272970.71191000,17881,1010.05200000,623167.85863000
1774717200000,2026-03-28 17:00:00,616.95000000,617.69000000,615.40000000,616.21000000,1493.07600000,1774720799999,920341.96174000,13854,580.41100000,357716.73402000
1774720800000,2026-03-28 18:00:00,616.21000000,617.14000000,616.20000000,616.67000000,1293.49900000,1774724399999,797825.35217000,10934,604.11600000,372609.87779000
1774724400000,2026-03-28 19:00:00,616.66000000,616.75000000,615.67000000,616.67000000,1332.70200000,1774727999999,821381.56927000,10736,682.80300000,420825.59851000
1774728000000,2026-03-28 20:00:00,616.67000000,618.10000000,616.66000000,617.90000000,1409.86700000,1774731599999,870840.24432000,11302,730.26500000,451046.19484000
1774731600000,2026-03-28 21:00:00,617.91000000,618.06000000,614.68000000,615.55000000,1754.28300000,1774735199999,1081481.21395000,15153,706.75700000,435699.39908000
1774735200000,2026-03-28 22:00:00,615.54000000,616.45000000,615.03000000,615.70000000,2276.87200000,1774738799999,1401820.38210000,17316,1383.43500000,851649.85577000
1774738800000,2026-03-28 23:00:00,615.69000000,615.69000000,610.71000000,611.08000000,4389.55400000,1774742399999,2687443.90774000,29453,1692.82400000,1036227.37500000
1774742400000,2026-03-29 00:00:00,611.08000000,611.89000000,609.89000000,611.88000000,2252.65000000,1774745999999,1375992.31833000,19863,860.15400000,525532.88104000
1774746000000,2026-03-29 01:00:00,611.89000000,613.70000000,611.26000000,612.70000000,3004.52500000,1774749599999,1840496.95381000,20019,1684.84200000,1031965.54914000
1774749600000,2026-03-29 02:00:00,612.70000000,613.84000000,612.56000000,613.54000000,1616.05400000,1774753199999,991104.51585000,15164,905.70500000,555431.55893000
1774753200000,2026-03-29 03:00:00,613.55000000,615.30000000,613.09000000,614.05000000,4373.68400000,1774756799999,2686895.96686000,24498,2390.04300000,1468325.47897000
1774756800000,2026-03-29 04:00:00,614.06000000,614.31000000,612.99000000,613.05000000,2723.79000000,1774760399999,1671285.90147000,15400,1276.76200000,783400.04233000
1774760400000,2026-03-29 05:00:00,613.06000000,614.11000000,612.00000000,613.67000000,1671.55700000,1774763999999,1024407.69270000,16226,862.58100000,528626.94822000
1774764000000,2026-03-29 06:00:00,613.66000000,614.70000000,613.30000000,613.95000000,1381.74100000,1774767599999,848564.77814000,13760,819.92500000,503527.62510000
1774767600000,2026-03-29 07:00:00,613.95000000,614.26000000,612.84000000,613.68000000,1817.90700000,1774771199999,1115116.41144000,14453,810.69200000,497303.66888000
1774771200000,2026-03-29 08:00:00,613.68000000,614.35000000,613.41000000,613.84000000,2908.09900000,1774774799999,1785279.35058000,13012,1407.57400000,864123.26084000
1774774800000,2026-03-29 09:00:00,613.84000000,614.24000000,612.51000000,613.37000000,2260.58000000,1774778399999,1386768.20171000,16563,1122.20000000,688455.11942000
1774778400000,2026-03-29 10:00:00,613.37000000,613.37000000,610.95000000,612.00000000,3470.36700000,1774781999999,2124565.89851000,21851,1387.97500000,849733.27307000
1774782000000,2026-03-29 11:00:00,612.00000000,614.63000000,612.00000000,613.69000000,2027.14200000,1774785599999,1243685.91892000,18738,988.13800000,606218.34479000
1774785600000,2026-03-29 12:00:00,613.69000000,613.75000000,611.86000000,612.77000000,1424.78600000,1774789199999,872865.13822000,13787,657.02800000,402522.09811000
1774789200000,2026-03-29 13:00:00,612.78000000,612.89000000,610.00000000,610.24000000,4097.44800000,1774792799999,2502437.33101000,25650,1670.94200000,1020534.26760000
1774792800000,2026-03-29 14:00:00,610.24000000,612.46000000,609.03000000,609.28000000,4733.95600000,1774796399999,2887865.15737000,24410,1645.21300000,1003920.46660000
1774796400000,2026-03-29 15:00:00,609.28000000,610.18000000,607.46000000,609.64000000,5538.01700000,1774799999999,3370390.52924000,33089,1899.19100000,1155910.07430000
1774800000000,2026-03-29 16:00:00,609.63000000,611.06000000,609.16000000,609.54000000,1818.08800000,1774803599999,1108839.87760000,15507,1010.96400000,616592.22418000
1774803600000,2026-03-29 17:00:00,609.55000000,610.00000000,607.59000000,609.07000000,2088.15700000,1774807199999,1271592.94177000,19265,1149.04700000,699748.04318000
1774807200000,2026-03-29 18:00:00,609.07000000,610.03000000,608.49000000,609.51000000,1724.35500000,1774810799999,1050515.74380000,14163,898.59000000,547447.33463000
1774810800000,2026-03-29 19:00:00,609.51000000,609.84000000,609.00000000,609.23000000,950.28300000,1774814399999,579037.00920000,10359,527.35200000,321320.18908000
1774814400000,2026-03-29 20:00:00,609.23000000,612.26000000,609.19000000,609.47000000,3658.40200000,1774817999999,2233076.69422000,16592,1567.03200000,956771.39420000
1774818000000,2026-03-29 21:00:00,609.47000000,611.10000000,609.17000000,610.99000000,1314.21900000,1774821599999,801407.41689000,17602,722.72300000,440718.19332000
1774821600000,2026-03-29 22:00:00,610.99000000,610.99000000,596.42000000,604.32000000,20615.16600000,1774825199999,12411484.31406000,106253,6054.05700000,3644377.86585000
1774825200000,2026-03-29 23:00:00,604.31000000,607.93000000,604.05000000,606.09000000,5940.74600000,1774828799999,3600027.46006000,59535,2679.50400000,1623792.49958000
1774828800000,2026-03-30 00:00:00,606.09000000,614.50000000,605.09000000,609.64000000,6380.10600000,1774832399999,3894009.26205000,56368,3671.59200000,2240376.02051000
1774832400000,2026-03-30 01:00:00,609.64000000,614.93000000,609.64000000,614.01000000,4486.81900000,1774835999999,2749523.47970000,36799,2163.91200000,1325996.41545000
1774836000000,2026-03-30 02:00:00,614.02000000,619.08000000,612.51000000,616.62000000,7729.77100000,1774839599999,4763713.75924000,41935,4554.72400000,2807293.78227000
1774839600000,2026-03-30 03:00:00,616.62000000,616.97000000,614.69000000,615.67000000,6296.39900000,1774843199999,3876886.69011000,39154,2349.67600000,1446788.11070000
1774843200000,2026-03-30 04:00:00,615.68000000,618.02000000,615.68000000,617.08000000,5782.22600000,1774846799999,3566005.15147000,40430,2485.35500000,1532888.03877000
1774846800000,2026-03-30 05:00:00,617.09000000,618.75000000,616.13000000,616.88000000,4886.19400000,1774850399999,3016134.30873000,32874,2182.01500000,1346923.17702000
1774850400000,2026-03-30 06:00:00,616.88000000,617.99000000,615.51000000,615.61000000,3513.46000000,1774853999999,2165416.50881000,22371,1563.80700000,964013.37712000
1774854000000,2026-03-30 07:00:00,615.61000000,619.15000000,615.35000000,618.21000000,4748.31800000,1774857599999,2930441.06059000,26529,2578.07200000,1591267.91260000
1774857600000,2026-03-30 08:00:00,618.22000000,621.40000000,617.10000000,619.95000000,11564.99100000,1774861199999,7160712.70701000,50785,5039.20800000,3120475.56407000
1774861200000,2026-03-30 09:00:00,619.96000000,619.96000000,617.50000000,617.85000000,5117.08700000,1774864799999,3163564.36513000,24576,2035.82900000,1258523.87859000
1774864800000,2026-03-30 10:00:00,617.85000000,618.28000000,616.29000000,618.13000000,3372.09000000,1774868399999,2082043.24385000,20789,1343.17400000,829309.97504000
1774868400000,2026-03-30 11:00:00,618.13000000,621.21000000,617.48000000,617.79000000,9034.70600000,1774871999999,5592584.02485000,43021,4194.47800000,2596698.43451000
1774872000000,2026-03-30 12:00:00,617.79000000,620.00000000,617.57000000,619.57000000,4953.36700000,1774875599999,3066312.37821000,32663,2534.67200000,1569104.71135000
1774875600000,2026-03-30 13:00:00,619.57000000,620.94000000,616.37000000,616.81000000,7300.64300000,1774879199999,4517815.98267000,49938,2903.20800000,1796871.80387000
1774879200000,2026-03-30 14:00:00,616.81000000,618.25000000,613.40000000,617.22000000,5940.10400000,1774882799999,3657059.94949000,51689,2869.45800000,1766793.02310000
1774882800000,2026-03-30 15:00:00,617.22000000,619.46000000,615.46000000,618.48000000,3758.99300000,1774886399999,2321029.89026000,36191,1741.57500000,1075412.21789000
1774886400000,2026-03-30 16:00:00,618.48000000,618.66000000,615.29000000,616.69000000,3289.69400000,1774889999999,2028869.61669000,25879,1245.33400000,767769.34513000
1774890000000,2026-03-30 17:00:00,616.69000000,617.63000000,611.71000000,613.20000000,3378.62000000,1774893599999,2075600.13652000,32557,1475.63300000,907007.46647000
1774893600000,2026-03-30 18:00:00,613.20000000,613.60000000,610.11000000,610.80000000,3778.68500000,1774897199999,2311053.13731000,25843,1489.25400000,910740.99962000
1774897200000,2026-03-30 19:00:00,610.79000000,610.96000000,608.11000000,610.60000000,4624.55700000,1774900799999,2818632.59549000,32416,2067.58300000,1260438.94879000
1774900800000,2026-03-30 20:00:00,610.61000000,611.63000000,608.79000000,610.08000000,3651.26200000,1774904399999,2227768.71017000,19761,1615.04100000,985395.79157000
1774904400000,2026-03-30 21:00:00,610.08000000,613.33000000,609.60000000,612.33000000,3266.86100000,1774907999999,1999722.53944000,24459,1576.51400000,964918.00056000
1774908000000,2026-03-30 22:00:00,612.33000000,613.63000000,610.63000000,611.05000000,2521.60500000,1774911599999,1543217.87164000,20511,897.61400000,549276.04325000
1774911600000,2026-03-30 23:00:00,611.04000000,611.04000000,607.27000000,609.29000000,3503.52500000,1774915199999,2131856.08262000,28553,1300.87900000,791539.33858000
1774915200000,2026-03-31 00:00:00,609.29000000,612.46000000,608.20000000,611.38000000,4159.17400000,1774918799999,2537763.85744000,36110,2251.80500000,1374321.91445000
1774918800000,2026-03-31 01:00:00,611.40000000,619.76000000,610.50000000,616.62000000,5847.76300000,1774922399999,3602633.49530000,48804,2765.48400000,1704140.73946000
1774922400000,2026-03-31 02:00:00,616.63000000,617.61000000,614.93000000,614.93000000,5208.76200000,1774925999999,3209632.86032000,32080,1956.35100000,1205931.25051000
1774926000000,2026-03-31 03:00:00,614.93000000,615.12000000,612.58000000,613.60000000,3610.76600000,1774929599999,2216355.91269000,22730,1500.88800000,921256.54462000
1774929600000,2026-03-31 04:00:00,613.61000000,614.56000000,611.68000000,612.36000000,4282.17100000,1774933199999,2624558.06029000,20109,1732.80900000,1062306.98190000
1774933200000,2026-03-31 05:00:00,612.36000000,613.81000000,611.18000000,613.27000000,3654.08800000,1774936799999,2238301.51441000,22632,1420.88500000,870355.61198000
1774936800000,2026-03-31 06:00:00,613.26000000,613.38000000,610.97000000,612.14000000,2328.61800000,1774940399999,1425064.21216000,20033,750.27800000,459135.37939000
1774940400000,2026-03-31 07:00:00,612.14000000,612.49000000,609.30000000,611.01000000,5249.74100000,1774943999999,3206715.04945000,27394,2119.95600000,1295163.28980000
1774944000000,2026-03-31 08:00:00,611.02000000,611.21000000,606.40000000,607.20000000,9218.88600000,1774947599999,5610883.45072000,40766,3651.33200000,2223013.50854000
1774947600000,2026-03-31 09:00:00,607.20000000,608.26000000,598.82000000,600.43000000,13751.91300000,1774951199999,8293147.45513000,69320,5206.49300000,3145474.39596000
1774951200000,2026-03-31 10:00:00,600.44000000,603.46000000,599.99000000,602.79000000,6606.97100000,1774954799999,3978640.93763000,42309,3556.76700000,2141835.57860000
1774954800000,2026-03-31 11:00:00,602.79000000,606.50000000,602.37000000,605.22000000,6390.53200000,1774958399999,3864184.78803000,47876,3569.95100000,2158791.33064000
1774958400000,2026-03-31 12:00:00,605.23000000,607.86000000,604.30000000,606.21000000,4314.14700000,1774961999999,2615407.85685000,35912,2671.23800000,1619439.58906000
1774962000000,2026-03-31 13:00:00,606.22000000,613.75000000,606.15000000,612.37000000,8295.72900000,1774965599999,5053142.52692000,63059,4175.56400000,2544082.06104000
1774965600000,2026-03-31 14:00:00,612.36000000,615.98000000,606.52000000,608.34000000,10675.22900000,1774969199999,6533672.69592000,81071,4204.29800000,2572604.91338000
1774969200000,2026-03-31 15:00:00,608.35000000,611.68000000,607.60000000,607.90000000,7554.32200000,1774972799999,4604570.85593000,61691,3221.99700000,1964449.50904000
1774972800000,2026-03-31 16:00:00,607.90000000,616.59000000,607.80000000,614.29000000,8152.04000000,1774976399999,4989041.26536000,77733,4118.76900000,2520582.15581000
1774976400000,2026-03-31 17:00:00,614.30000000,619.77000000,613.70000000,613.88000000,10770.63200000,1774979999999,6639838.01256000,73051,4732.89700000,2917547.13978000
1774980000000,2026-03-31 18:00:00,613.88000000,617.20000000,613.88000000,615.95000000,4576.78200000,1774983599999,2816252.69940000,35286,2632.06200000,1619217.17772000
1774983600000,2026-03-31 19:00:00,615.96000000,617.07000000,615.04000000,615.77000000,3208.41000000,1774987199999,1976381.89268000,19824,1416.93200000,872866.40798000
1774987200000,2026-03-31 20:00:00,615.76000000,619.32000000,615.76000000,619.18000000,3469.10900000,1774990799999,2143730.23645000,18014,2130.94500000,1316678.05584000
1774990800000,2026-03-31 21:00:00,619.19000000,619.38000000,616.92000000,618.00000000,2017.55000000,1774994399999,1246616.19641000,13546,998.47700000,617023.15231000
1774994400000,2026-03-31 22:00:00,618.00000000,618.43000000,615.09000000,616.92000000,2824.39600000,1774997999999,1742020.65107000,18948,1340.76400000,826880.13920000
1774998000000,2026-03-31 23:00:00,616.91000000,618.11000000,616.19000000,617.43000000,2962.88400000,1775001599999,1828552.20409000,20878,1295.01200000,799202.94594000
1775001600000,2026-04-01 00:00:00,617.42000000,619.85000000,616.00000000,619.20000000,4208.20500000,1775005199999,2599467.42273000,37188,2337.50300000,1444323.00271000
1775005200000,2026-04-01 01:00:00,619.21000000,619.50000000,615.36000000,615.52000000,3319.43100000,1775008799999,2049900.63407000,29134,1713.10800000,1058117.31789000
1775008800000,2026-04-01 02:00:00,615.53000000,616.50000000,613.92000000,614.70000000,3455.32600000,1775012399999,2126270.89580000,28499,1818.32100000,1118944.27624000
1775012400000,2026-04-01 03:00:00,614.71000000,617.33000000,614.71000000,616.76000000,4456.06800000,1775015999999,2747722.97585000,25103,1971.08700000,1215348.58278000
1775016000000,2026-04-01 04:00:00,616.76000000,617.17000000,615.47000000,615.88000000,2809.11700000,1775019599999,1731260.88109000,24269,1299.45500000,800892.30947000
1775019600000,2026-04-01 05:00:00,615.89000000,619.44000000,614.96000000,617.35000000,9364.43700000,1775023199999,5780669.23049000,47069,4229.29200000,2611188.74911000
1775023200000,2026-04-01 06:00:00,617.36000000,621.90000000,617.20000000,619.22000000,13379.45400000,1775026799999,8286966.58067000,62173,6420.04500000,3977903.34496000
1775026800000,2026-04-01 07:00:00,619.22000000,621.05000000,616.14000000,616.32000000,5961.12700000,1775030399999,3687743.52994000,41668,2380.33800000,1473280.07964000
1775030400000,2026-04-01 08:00:00,616.33000000,617.43000000,614.85000000,615.45000000,4666.73500000,1775033999999,2875856.08288000,35396,2095.75500000,1291601.06672000
1775034000000,2026-04-01 09:00:00,615.46000000,616.11000000,613.89000000,615.61000000,5145.61900000,1775037599999,3163967.30924000,28113,1977.18400000,1215711.42682000
1775037600000,2026-04-01 10:00:00,615.61000000,616.60000000,613.71000000,614.77000000,7035.87800000,1775041199999,4328837.58271000,36157,2721.28400000,1674410.75940000
1775041200000,2026-04-01 11:00:00,614.77000000,615.79000000,614.04000000,615.34000000,4010.11300000,1775044799999,2465874.97938000,26028,1466.41600000,901673.25877000
1775044800000,2026-04-01 12:00:00,615.34000000,617.91000000,613.30000000,614.65000000,6346.96200000,1775048399999,3906014.08818000,42555,3059.14800000,1882784.99152000
1775048400000,2026-04-01 13:00:00,614.66000000,616.51000000,609.87000000,610.91000000,10226.56200000,1775051999999,6269612.49650000,80485,3807.36600000,2334613.88418000
1775052000000,2026-04-01 14:00:00,610.91000000,614.71000000,610.69000000,613.75000000,5095.25100000,1775055599999,3121243.48485000,49125,2581.43900000,1581255.98987000
1775055600000,2026-04-01 15:00:00,613.75000000,615.21000000,612.05000000,614.82000000,4637.44900000,1775059199999,2847002.24300000,39415,2252.49900000,1382983.77162000
1775059200000,2026-04-01 16:00:00,614.82000000,617.31000000,611.44000000,616.40000000,6722.57300000,1775062799999,4132704.18979000,42441,3121.73800000,1919041.11876000
1775062800000,2026-04-01 17:00:00,616.39000000,619.50000000,613.76000000,614.10000000,4473.66000000,1775066399999,2757395.58313000,38568,2160.17500000,1331939.43921000
1775066400000,2026-04-01 18:00:00,614.10000000,614.88000000,612.36000000,613.04000000,3521.86600000,1775069999999,2160315.20482000,38087,1715.45700000,1052342.10642000
1775070000000,2026-04-01 19:00:00,613.05000000,614.63000000,612.59000000,613.76000000,3125.26800000,1775073599999,1917659.75225000,26373,1336.72700000,820236.96831000
1775073600000,2026-04-01 20:00:00,613.76000000,613.99000000,610.83000000,613.48000000,3268.00000000,1775077199999,2000846.84333000,20939,1175.30300000,719542.35660000
1775077200000,2026-04-01 21:00:00,613.48000000,616.00000000,613.39000000,614.42000000,3682.09900000,1775080799999,2263178.57964000,25542,1455.82600000,894895.27141000
1775080800000,2026-04-01 22:00:00,614.42000000,614.47000000,609.58000000,610.84000000,5514.34900000,1775084399999,3370719.33396000,38846,1837.26200000,1123140.64145000
1775084400000,2026-04-01 23:00:00,610.85000000,611.50000000,609.88000000,610.81000000,2132.01600000,1775087999999,1302340.17982000,27608,880.54600000,537857.83647000
1775088000000,2026-04-02 00:00:00,610.81000000,613.60000000,610.00000000,613.60000000,4159.20600000,1775091599999,2542852.48886000,38758,2074.38400000,1268360.60641000
1775091600000,2026-04-02 01:00:00,613.59000000,613.59000000,602.56000000,604.14000000,19624.92900000,1775095199999,11895425.92752000,151043,9035.28900000,5474818.29288000
1775095200000,2026-04-02 02:00:00,604.13000000,604.17000000,596.16000000,597.09000000,17334.79300000,1775098799999,10392575.95773000,98702,5112.16700000,3064468.17346000
1775098800000,2026-04-02 03:00:00,597.10000000,598.04000000,591.69000000,592.06000000,19768.63600000,1775102399999,11756950.83094000,95665,7689.02600000,4571187.31817000
1775102400000,2026-04-02 04:00:00,592.06000000,592.51000000,587.34000000,587.91000000,17542.95000000,1775105999999,10348341.99825000,83373,6189.63100000,3653313.25147000
1775106000000,2026-04-02 05:00:00,587.91000000,591.40000000,587.91000000,590.79000000,11572.73200000,1775109599999,6827477.25904000,61208,5900.23800000,3480951.29814000
1775109600000,2026-04-02 06:00:00,590.79000000,591.76000000,588.55000000,590.03000000,9495.64700000,1775113199999,5601917.38676000,44971,3794.73000000,2238606.49199000
1775113200000,2026-04-02 07:00:00,590.03000000,592.50000000,589.15000000,591.82000000,5688.56600000,1775116799999,3364077.09066000,36670,2802.47700000,1657198.52777000
1775116800000,2026-04-02 08:00:00,591.82000000,591.82000000,587.57000000,587.91000000,9061.38200000,1775120399999,5341590.70698000,39730,3226.68300000,1902812.61034000
1775120400000,2026-04-02 09:00:00,587.91000000,588.15000000,585.20000000,585.74000000,11356.57200000,1775123999999,6659747.32009000,52611,4963.94600000,2910690.46045000
1775124000000,2026-04-02 10:00:00,585.74000000,586.32000000,581.04000000,581.39000000,12233.48600000,1775127599999,7136113.91533000,62105,5047.47800000,2943555.43608000
1775127600000,2026-04-02 11:00:00,581.39000000,581.89000000,577.25000000,581.23000000,20899.17200000,1775131199999,12124223.81058000,74852,7686.96100000,4459210.32432000
1775131200000,2026-04-02 12:00:00,581.23000000,581.40000000,575.00000000,575.40000000,26958.83800000,1775134799999,15589517.56274000,96010,11354.37600000,6566816.25490000
1775134800000,2026-04-02 13:00:00,575.40000000,576.04000000,570.31000000,573.22000000,37110.97100000,1775138399999,21254760.13584000,126983,20178.22900000,11556764.79364000
1775138400000,2026-04-02 14:00:00,573.23000000,579.20000000,571.56000000,576.05000000,17486.75300000,1775141999999,10055704.40763000,124433,8587.45900000,4939725.26863000
1775142000000,2026-04-02 15:00:00,576.05000000,576.70000000,571.47000000,574.13000000,15905.23700000,1775145599999,9122934.58247000,84276,8438.55100000,4840230.53372000
1775145600000,2026-04-02 16:00:00,574.12000000,581.27000000,573.82000000,579.89000000,14704.36800000,1775149199999,8485303.55771000,73439,8591.91500000,4955732.26397000
1775149200000,2026-04-02 17:00:00,579.90000000,582.98000000,578.25000000,578.53000000,8276.29500000,1775152799999,4805787.69808000,48237,3808.22000000,2211560.45358000
1775152800000,2026-04-02 18:00:00,578.52000000,582.69000000,578.31000000,581.95000000,3432.03800000,1775156399999,1992867.50853000,28750,2026.65200000,1176951.54176000
1775156400000,2026-04-02 19:00:00,581.95000000,583.72000000,580.33000000,583.51000000,3498.81400000,1775159999999,2037317.95186000,25730,1796.19900000,1045774.91821000
1775160000000,2026-04-02 20:00:00,583.50000000,584.83000000,582.74000000,583.64000000,2924.46000000,1775163599999,1707567.64086000,22690,1709.40500000,998149.14692000
1775163600000,2026-04-02 21:00:00,583.64000000,584.53000000,582.03000000,584.25000000,2764.54100000,1775167199999,1612379.16289000,23161,1210.91300000,706266.55019000
1775167200000,2026-04-02 22:00:00,584.24000000,584.78000000,581.14000000,583.26000000,3823.76100000,1775170799999,2229512.16190000,26667,1453.36500000,847407.93549000
1775170800000,2026-04-02 23:00:00,583.26000000,584.12000000,582.40000000,583.52000000,1994.17200000,1775174399999,1163243.43481000,18344,1144.39200000,667577.45986000
1775174400000,2026-04-03 00:00:00,583.52000000,585.65000000,582.86000000,584.03000000,4311.20000000,1775177999999,2518997.99233000,30822,2206.38900000,1289174.20063000
1775178000000,2026-04-03 01:00:00,584.03000000,587.06000000,583.66000000,584.43000000,5652.62900000,1775181599999,3305721.66546000,32331,2157.60700000,1262531.80434000
1775181600000,2026-04-03 02:00:00,584.44000000,586.02000000,581.93000000,584.81000000,5477.56200000,1775185199999,3197237.71485000,38284,2863.28200000,1671947.60709000
1775185200000,2026-04-03 03:00:00,584.81000000,586.39000000,584.48000000,585.82000000,3812.81500000,1775188799999,2232820.59160000,23568,2090.12100000,1224010.71176000
1775188800000,2026-04-03 04:00:00,585.82000000,587.03000000,585.01000000,586.62000000,2836.27000000,1775192399999,1661939.34965000,22346,1253.95200000,734899.70395000
1775192400000,2026-04-03 05:00:00,586.62000000,588.16000000,584.98000000,586.79000000,3224.27600000,1775195999999,1892879.94512000,21843,1836.08100000,1078073.61127000
1775196000000,2026-04-03 06:00:00,586.79000000,587.73000000,585.42000000,586.21000000,2798.43200000,1775199599999,1641598.17271000,22282,1500.33700000,880117.40087000
1775199600000,2026-04-03 07:00:00,586.22000000,589.00000000,585.99000000,586.49000000,3422.09700000,1775203199999,2008625.55056000,22225,1720.00900000,1009584.16552000
1775203200000,2026-04-03 08:00:00,586.50000000,588.31000000,584.00000000,585.75000000,4201.55600000,1775206799999,2463208.78436000,29834,2026.64000000,1187870.66469000
1775206800000,2026-04-03 09:00:00,585.75000000,586.04000000,583.16000000,585.26000000,5832.14100000,1775210399999,3410674.15364000,33559,2847.14400000,1665334.60430000
1775210400000,2026-04-03 10:00:00,585.25000000,585.96000000,583.58000000,585.88000000,2357.65300000,1775213999999,1379183.61371000,25733,1229.48600000,719249.35767000
1775214000000,2026-04-03 11:00:00,585.89000000,587.71000000,585.51000000,587.34000000,3284.53200000,1775217599999,1926892.28083000,24623,1964.94600000,1152778.91900000
1775217600000,2026-04-03 12:00:00,587.34000000,590.31000000,584.58000000,585.40000000,6066.25100000,1775221199999,3562129.24040000,47149,3287.15700000,1930832.13301000
1775221200000,2026-04-03 13:00:00,585.40000000,586.66000000,584.08000000,586.49000000,3355.84200000,1775224799999,1964717.28174000,30210,1724.00000000,1009409.21560000
1775224800000,2026-04-03 14:00:00,586.50000000,588.35000000,585.72000000,587.75000000,3506.66200000,1775228399999,2059174.79149000,25231,2209.01400000,1297176.66714000
1775228400000,2026-04-03 15:00:00,587.74000000,588.95000000,586.30000000,586.99000000,5069.58200000,1775231999999,2977779.21176000,25080,1840.81400000,1081342.47476000
1775232000000,2026-04-03 16:00:00,586.99000000,588.96000000,586.98000000,588.81000000,2237.59700000,1775235599999,1315626.58706000,19381,1320.67500000,776529.74407000
1775235600000,2026-04-03 17:00:00,588.81000000,589.33000000,587.10000000,588.41000000,1713.24400000,1775239199999,1007898.58643000,18001,1038.76900000,611150.57357000
1775239200000,2026-04-03 18:00:00,588.42000000,589.00000000,587.54000000,588.02000000,1480.41900000,1775242799999,870782.33762000,14061,799.53800000,470283.15646000
1775242800000,2026-04-03 19:00:00,588.03000000,588.83000000,586.63000000,588.66000000,1343.17700000,1775246399999,789530.62800000,11009,749.06600000,440371.01460000
1775246400000,2026-04-03 20:00:00,588.66000000,589.21000000,588.10000000,588.46000000,998.36400000,1775249999999,587884.00934000,9155,607.82600000,357915.14443000
1775250000000,2026-04-03 21:00:00,588.47000000,589.10000000,587.61000000,588.75000000,1541.99200000,1775253599999,907616.20694000,13657,654.86800000,385420.39892000
1775253600000,2026-04-03 22:00:00,588.75000000,588.90000000,587.00000000,587.26000000,930.53100000,1775257199999,547027.51720000,10797,481.58600000,283079.49415000
1775257200000,2026-04-03 23:00:00,587.26000000,588.65000000,587.09000000,588.31000000,1051.55100000,1775260799999,617970.12139000,9129,547.28900000,321603.69773000
1775260800000,2026-04-04 00:00:00,588.32000000,588.65000000,587.24000000,587.68000000,1446.30000000,1775264399999,850491.31489000,10753,830.20400000,488183.14766000
1775264400000,2026-04-04 01:00:00,587.68000000,588.36000000,587.10000000,587.69000000,1599.17800000,1775267999999,939768.04306000,10609,829.49600000,487446.29480000
1775268000000,2026-04-04 02:00:00,587.68000000,588.72000000,587.51000000,588.28000000,1723.04400000,1775271599999,1013135.84861000,11209,1161.90000000,683136.18002000
1775271600000,2026-04-04 03:00:00,588.27000000,589.26000000,588.25000000,589.12000000,1661.24900000,1775275199999,978244.66725000,9562,822.74800000,484493.99126000
1775275200000,2026-04-04 04:00:00,589.12000000,589.33000000,588.53000000,588.75000000,1389.51100000,1775278799999,818272.41570000,11481,528.88000000,311452.06127000
1775278800000,2026-04-04 05:00:00,588.74000000,589.66000000,588.33000000,589.66000000,1946.69200000,1775282399999,1146924.60373000,12850,1084.39300000,638838.10346000
1775282400000,2026-04-04 06:00:00,589.66000000,592.25000000,589.66000000,591.57000000,4173.44100000,1775285999999,2467636.64785000,20201,2192.16100000,1295695.74273000
1775286000000,2026-04-04 07:00:00,591.57000000,591.57000000,589.23000000,590.00000000,5751.67700000,1775289599999,3394941.73438000,17486,2006.27800000,1184401.85276000
1775289600000,2026-04-04 08:00:00,590.00000000,591.73000000,589.24000000,589.44000000,4019.70300000,1775293199999,2374730.37753000,18416,1714.52900000,1012980.10852000
1775293200000,2026-04-04 09:00:00,589.45000000,590.31000000,589.03000000,590.16000000,1831.92500000,1775296799999,1080414.07720000,15243,886.73000000,522965.91360000
1775296800000,2026-04-04 10:00:00,590.16000000,590.58000000,589.11000000,590.19000000,2400.67900000,1775300399999,1416309.97385000,17808,1170.05300000,690255.02571000
1775300400000,2026-04-04 11:00:00,590.20000000,590.45000000,589.20000000,589.49000000,2150.61900000,1775303999999,1268363.88070000,13294,1164.39400000,686727.87266000
1775304000000,2026-04-04 12:00:00,589.50000000,589.79000000,589.14000000,589.68000000,1859.58400000,1775307599999,1096213.17250000,15504,840.43400000,495404.50697000
1775307600000,2026-04-04 13:00:00,589.68000000,590.89000000,589.67000000,590.20000000,2036.09100000,1775311199999,1201454.24313000,14109,805.77300000,475471.21307000
1775311200000,2026-04-04 14:00:00,590.20000000,590.53000000,588.11000000,590.22000000,3605.69200000,1775314799999,2125754.40222000,22210,1310.89600000,772817.45271000
1775314800000,2026-04-04 15:00:00,590.22000000,591.82000000,589.81000000,591.11000000,4416.45900000,1775318399999,2609429.08868000,28390,2255.18600000,1332545.60811000
1775318400000,2026-04-04 16:00:00,591.12000000,593.54000000,590.46000000,591.34000000,3486.56200000,1775321999999,2064204.98075000,22204,1692.83300000,1002395.39064000
1775322000000,2026-04-04 17:00:00,591.35000000,592.92000000,590.70000000,592.69000000,2781.30600000,1775325599999,1646012.46708000,16670,1393.40600000,824226.23912000
1775325600000,2026-04-04 18:00:00,592.69000000,593.50000000,592.39000000,593.36000000,1977.60800000,1775329199999,1172498.94747000,14074,987.71300000,585557.36968000
1775329200000,2026-04-04 19:00:00,593.35000000,596.58000000,593.02000000,593.46000000,3735.07500000,1775332799999,2221250.48203000,26986,2027.37300000,1205462.69630000
1775332800000,2026-04-04 20:00:00,593.46000000,593.72000000,592.71000000,593.57000000,1221.79900000,1775336399999,724651.02727000,10547,688.42700000,408291.19712000
1775336400000,2026-04-04 21:00:00,593.57000000,595.16000000,593.23000000,594.46000000,1714.19100000,1775339999999,1018533.88776000,14981,716.21400000,425529.76415000
1775340000000,2026-04-04 22:00:00,594.47000000,594.88000000,593.80000000,594.25000000,1298.83800000,1775343599999,771808.06254000,14450,577.36200000,343088.46593000
1775343600000,2026-04-04 23:00:00,594.24000000,594.29000000,592.54000000,593.36000000,1438.21100000,1775347199999,853571.64543000,13284,716.67400000,425373.61151000
1775347200000,2026-04-05 00:00:00,593.36000000,594.05000000,592.21000000,592.45000000,1839.14200000,1775350799999,1091211.01208000,11953,921.42500000,546734.53689000
1775350800000,2026-04-05 01:00:00,592.46000000,593.65000000,591.71000000,591.92000000,2285.19500000,1775354399999,1354026.79036000,11655,1162.80400000,688989.22952000
1775354400000,2026-04-05 02:00:00,591.92000000,593.23000000,591.12000000,593.22000000,2703.79500000,1775357999999,1601880.05196000,13666,1515.03200000,897549.89453000
1775358000000,2026-04-05 03:00:00,593.23000000,593.66000000,592.69000000,593.43000000,1460.41300000,1775361599999,866267.44730000,9682,677.61700000,401924.36820000
1775361600000,2026-04-05 04:00:00,593.42000000,593.55000000,592.82000000,593.12000000,1026.40800000,1775365199999,608826.17724000,10370,481.67400000,285705.01788000
1775365200000,2026-04-05 05:00:00,593.11000000,594.00000000,592.00000000,592.25000000,2377.33800000,1775368799999,1409905.94918000,14351,1206.86200000,715787.50632000
1775368800000,2026-04-05 06:00:00,592.25000000,592.31000000,587.71000000,590.51000000,5096.99800000,1775372399999,3006475.93233000,30328,2288.00900000,1349540.48186000
1775372400000,2026-04-05 07:00:00,590.52000000,591.42000000,589.63000000,590.46000000,3633.49300000,1775375999999,2145557.58641000,18844,1478.59700000,872985.07733000
1775376000000,2026-04-05 08:00:00,590.46000000,593.14000000,590.15000000,592.44000000,3379.17700000,1775379599999,2000668.60609000,19584,1812.84300000,1073232.57210000
1775379600000,2026-04-05 09:00:00,592.44000000,593.79000000,592.44000000,593.39000000,1997.19500000,1775383199999,1185013.85653000,15758,970.51900000,575804.46496000
1775383200000,2026-04-05 10:00:00,593.39000000,594.97000000,592.93000000,593.86000000,2525.99400000,1775386799999,1499443.88395000,18101,1207.85700000,716951.25350000
1775386800000,2026-04-05 11:00:00,593.86000000,594.32000000,593.00000000,593.98000000,1500.39000000,1775390399999,890876.38485000,15560,863.27600000,512600.74207000
1775390400000,2026-04-05 12:00:00,593.97000000,593.98000000,589.05000000,589.58000000,5189.57200000,1775393999999,3069570.67674000,27707,2432.82800000,1439134.44191000
1775394000000,2026-04-05 13:00:00,589.57000000,589.64000000,587.13000000,589.10000000,4954.61500000,1775397599999,2916102.28859000,27619,2042.18600000,1202051.41743000
1775397600000,2026-04-05 14:00:00,589.09000000,590.95000000,588.88000000,589.50000000,3064.53000000,1775401199999,1807677.40642000,19652,1361.47800000,803150.79654000
1775401200000,2026-04-05 15:00:00,589.50000000,596.42000000,588.53000000,593.13000000,7573.79000000,1775404799999,4493466.67744000,49430,4266.71800000,2531252.28711000
1775404800000,2026-04-05 16:00:00,593.13000000,593.69000000,592.30000000,592.90000000,1982.13500000,1775408399999,1175350.11523000,21169,939.90100000,557304.17688000
1775408400000,2026-04-05 17:00:00,592.91000000,593.49000000,591.77000000,592.99000000,1974.57200000,1775411999999,1170671.00953000,20422,1081.83700000,641452.83433000
1775412000000,2026-04-05 18:00:00,593.00000000,593.63000000,591.84000000,592.20000000,1903.23200000,1775415599999,1127941.26327000,16618,740.05400000,438710.94459000
1775415600000,2026-04-05 19:00:00,592.20000000,593.59000000,591.67000000,592.53000000,1846.73400000,1775419199999,1094343.45935000,14249,897.42600000,531646.22424000
1775419200000,2026-04-05 20:00:00,592.53000000,593.62000000,591.33000000,593.47000000,2163.67900000,1775422799999,1281881.87140000,18863,1106.63000000,655794.62504000
1775422800000,2026-04-05 21:00:00,593.47000000,593.48000000,590.51000000,591.27000000,3024.13200000,1775426399999,1789743.38417000,14790,1646.74200000,974702.76512000
1775426400000,2026-04-05 22:00:00,591.27000000,597.72000000,590.81000000,597.10000000,4412.64200000,1775429999999,2621789.28442000,44393,2546.64400000,1512929.27754000
1775430000000,2026-04-05 23:00:00,597.11000000,604.06000000,596.79000000,601.50000000,10116.77900000,1775433599999,6079278.91735000,76584,5657.68600000,3399489.77110000
1775433600000,2026-04-06 00:00:00,601.50000000,607.66000000,601.50000000,603.44000000,9666.65500000,1775437199999,5847944.08683000,72843,4910.46900000,2970983.32367000
1775437200000,2026-04-06 01:00:00,603.45000000,603.76000000,600.43000000,600.73000000,4655.74300000,1775440799999,2800580.62504000,41601,1801.32900000,1083474.49155000
1775440800000,2026-04-06 02:00:00,600.73000000,605.02000000,600.60000000,602.98000000,4083.23000000,1775444399999,2463094.95591000,39828,2498.83100000,1507118.29957000
1775444400000,2026-04-06 03:00:00,602.98000000,603.09000000,600.10000000,600.61000000,3402.07200000,1775447999999,2046765.12799000,25662,1674.29500000,1007584.17194000
1775448000000,2026-04-06 04:00:00,600.62000000,601.45000000,598.63000000,599.99000000,5003.16600000,1775451599999,3002201.61109000,23653,1868.34000000,1121148.10444000
1775451600000,2026-04-06 05:00:00,599.99000000,602.96000000,599.86000000,601.99000000,3316.98300000,1775455199999,1994722.45385000,19272,2025.03800000,1218354.30040000
1775455200000,2026-04-06 06:00:00,601.99000000,604.19000000,600.00000000,601.36000000,5209.94800000,1775458799999,3136909.47815000,35234,2316.79700000,1394819.48791000
1775458800000,2026-04-06 07:00:00,601.36000000,604.47000000,600.13000000,603.80000000,5310.64300000,1775462399999,3200563.61844000,29451,2702.39400000,1628462.33264000
1775462400000,2026-04-06 08:00:00,603.81000000,605.32000000,603.78000000,604.18000000,3530.64000000,1775465999999,2133742.70712000,23965,2068.77600000,1250282.00924000
1775466000000,2026-04-06 09:00:00,604.19000000,610.29000000,604.05000000,606.98000000,7673.58900000,1775469599999,4661738.17594000,46198,4041.40600000,2455377.28073000
1775469600000,2026-04-06 10:00:00,606.99000000,607.90000000,605.59000000,606.61000000,3295.16200000,1775473199999,1999823.85271000,26105,1691.84500000,1026864.30781000
1775473200000,2026-04-06 11:00:00,606.61000000,606.61000000,605.01000000,605.36000000,2921.37800000,1775476799999,1769263.92621000,17581,1107.42400000,670610.76706000
1775476800000,2026-04-06 12:00:00,605.36000000,605.63000000,604.11000000,604.33000000,3134.97400000,1775480399999,1895828.89711000,23468,1291.99500000,781340.00537000
1775480400000,2026-04-06 13:00:00,604.34000000,606.96000000,604.13000000,605.57000000,4410.98400000,1775483999999,2671134.25228000,41174,2222.42400000,1345878.61613000
1775484000000,2026-04-06 14:00:00,605.57000000,608.50000000,604.86000000,607.09000000,6716.29000000,1775487599999,4074309.14848000,53297,3595.85100000,2181780.44266000
1775487600000,2026-04-06 15:00:00,607.09000000,608.74000000,606.71000000,608.45000000,3371.72500000,1775491199999,2049131.06317000,30913,1644.11200000,999242.18168000
1775491200000,2026-04-06 16:00:00,608.45000000,609.00000000,605.61000000,605.65000000,4649.32300000,1775494799999,2825317.81153000,26675,2337.99900000,1421327.44626000
1775494800000,2026-04-06 17:00:00,605.65000000,605.65000000,602.95000000,604.46000000,4427.35400000,1775498399999,2674885.20900000,29034,1695.86300000,1024622.52390000
1775498400000,2026-04-06 18:00:00,604.46000000,607.27000000,603.56000000,606.93000000,2384.72300000,1775501999999,1443987.68871000,20204,1439.05800000,871261.10080000
1775502000000,2026-04-06 19:00:00,606.92000000,607.00000000,605.06000000,606.67000000,1825.54700000,1775505599999,1106730.37762000,14904,1005.32400000,609454.58239000
1775505600000,2026-04-06 20:00:00,606.68000000,607.96000000,605.82000000,606.48000000,2995.42600000,1775509199999,1817658.47879000,10763,1045.11300000,634374.21946000
1775509200000,2026-04-06 21:00:00,606.49000000,606.57000000,604.84000000,605.27000000,2344.13200000,1775512799999,1419563.53969000,17428,1413.82700000,856150.36484000
1775512800000,2026-04-06 22:00:00,605.27000000,605.95000000,600.00000000,600.04000000,4569.13600000,1775516399999,2757858.29100000,30621,1997.77500000,1206889.71690000
1775516400000,2026-04-06 23:00:00,600.05000000,600.78000000,596.25000000,600.11000000,6060.72600000,1775519999999,3627638.21072000,47924,2899.75100000,1735571.08142000
1775520000000,2026-04-07 00:00:00,600.10000000,601.32000000,598.69000000,599.14000000,3358.32100000,1775523599999,2015250.85683000,28533,1606.50800000,964106.15856000
1775523600000,2026-04-07 01:00:00,599.14000000,600.74000000,597.12000000,597.22000000,2937.45400000,1775527199999,1759321.20954000,25562,1419.87400000,850384.30772000
1775527200000,2026-04-07 02:00:00,597.22000000,599.52000000,596.38000000,598.47000000,3008.27500000,1775530799999,1799224.10652000,23617,1699.64800000,1016764.16366000
1775530800000,2026-04-07 03:00:00,598.47000000,599.47000000,597.98000000,599.16000000,2147.13600000,1775534399999,1285865.07223000,15305,1360.81800000,814945.82223000
1775534400000,2026-04-07 04:00:00,599.15000000,601.88000000,598.18000000,600.20000000,2868.80900000,1775537999999,1721216.29330000,17405,1790.20900000,1074142.90139000
1775538000000,2026-04-07 05:00:00,600.21000000,600.21000000,597.13000000,597.81000000,2681.13000000,1775541599999,1604021.84462000,15300,1283.26600000,767633.91876000
1775541600000,2026-04-07 06:00:00,597.80000000,599.07000000,596.78000000,598.84000000,2792.52000000,1775545199999,1669792.21694000,16603,1474.54800000,881726.19330000
1775545200000,2026-04-07 07:00:00,598.84000000,599.45000000,597.50000000,599.30000000,2835.12400000,1775548799999,1696916.16559000,16978,1735.73400000,1038935.61876000
1775548800000,2026-04-07 08:00:00,599.29000000,602.95000000,599.21000000,602.36000000,5856.89900000,1775552399999,3520694.07896000,29521,3719.65500000,2235759.10075000
1775552400000,2026-04-07 09:00:00,602.37000000,606.51000000,602.36000000,605.19000000,7391.20400000,1775555999999,4470327.59056000,35019,4841.45700000,2927991.23072000
1775556000000,2026-04-07 10:00:00,605.19000000,605.37000000,597.17000000,597.66000000,12204.87500000,1775559599999,7345805.08008000,62842,4156.87000000,2500176.71428000
1775559600000,2026-04-07 11:00:00,597.66000000,598.24000000,596.40000000,597.10000000,4381.65700000,1775563199999,2617578.67834000,31207,2594.35900000,1549968.80024000
1775563200000,2026-04-07 12:00:00,597.10000000,599.76000000,592.20000000,598.40000000,9928.75400000,1775566799999,5913916.78465000,56522,4698.70300000,2799496.96359000
1775566800000,2026-04-07 13:00:00,598.40000000,600.00000000,596.46000000,596.53000000,5675.78400000,1775570399999,3395200.70928000,45703,2687.72400000,1607897.95483000
1775570400000,2026-04-07 14:00:00,596.52000000,596.94000000,593.33000000,594.51000000,7819.47900000,1775573999999,4654326.29948000,51442,3669.91700000,2184948.73135000
1775574000000,2026-04-07 15:00:00,594.51000000,599.26000000,593.98000000,598.53000000,7194.72600000,1775577599999,4292804.46376000,32078,5407.01000000,3225564.38823000
1775577600000,2026-04-07 16:00:00,598.53000000,602.74000000,598.53000000,601.23000000,8090.68200000,1775581199999,4860999.06383000,43177,4746.83500000,2851702.04918000
1775581200000,2026-04-07 17:00:00,601.23000000,607.07000000,601.00000000,604.60000000,5100.75900000,1775584799999,3080663.92243000,33800,3133.90800000,1892100.38875000
1775584800000,2026-04-07 18:00:00,604.59000000,604.83000000,602.64000000,603.35000000,2429.15100000,1775588399999,1466679.37224000,23178,1016.18500000,613514.06639000
1775588400000,2026-04-07 19:00:00,603.35000000,609.05000000,603.11000000,608.41000000,8373.67600000,1775591999999,5082016.74412000,44841,5982.81000000,3632108.04838000
1775592000000,2026-04-07 20:00:00,608.41000000,609.90000000,607.23000000,607.86000000,3968.34100000,1775595599999,2415750.37427000,25714,2251.61500000,1370701.97742000
1775595600000,2026-04-07 21:00:00,607.87000000,613.83000000,607.87000000,611.90000000,7716.24700000,1775599199999,4718353.62895000,53069,4784.45700000,2925064.71786000
1775599200000,2026-04-07 22:00:00,611.90000000,619.50000000,611.90000000,619.46000000,22764.29900000,1775602799999,14026953.02110000,122487,11062.26900000,6816989.28025000
1775602800000,2026-04-07 23:00:00,619.46000000,624.85000000,617.03000000,620.10000000,22001.59000000,1775606399999,13662229.46150000,124684,11123.15300000,6907007.56746000
1775606400000,2026-04-08 00:00:00,620.11000000,621.46000000,615.02000000,617.50000000,11720.38800000,1775609999999,7245840.59035000,75881,4860.76100000,3005191.06847000
1775610000000,2026-04-08 01:00:00,617.50000000,618.92000000,615.63000000,616.00000000,6353.99200000,1775613599999,3920067.78141000,31998,2880.76100000,1777315.50473000
1775613600000,2026-04-08 02:00:00,616.01000000,617.44000000,614.86000000,615.28000000,6943.30000000,1775617199999,4275018.67993000,29882,3581.54600000,2205241.35757000
1775617200000,2026-04-08 03:00:00,615.29000000,615.83000000,612.92000000,613.29000000,7379.17800000,1775620799999,4534433.93088000,29440,2583.11900000,1587569.98437000
1775620800000,2026-04-08 04:00:00,613.29000000,616.00000000,613.21000000,615.22000000,9192.38600000,1775624399999,5652259.40919000,34444,5820.23400000,3578713.97109000
1775624400000,2026-04-08 05:00:00,615.22000000,616.80000000,615.21000000,615.93000000,5184.91100000,1775627999999,3194331.05798000,28160,2996.12100000,1845798.96445000
1775628000000,2026-04-08 06:00:00,615.93000000,617.40000000,613.90000000,614.00000000,4937.88900000,1775631599999,3040271.49231000,28943,2342.99700000,1442823.58918000
1775631600000,2026-04-08 07:00:00,614.00000000,614.96000000,612.02000000,613.24000000,6443.17800000,1775635199999,3952047.44617000,26611,2470.40300000,1515491.52594000
1775635200000,2026-04-08 08:00:00,613.24000000,613.86000000,611.35000000,612.80000000,8246.77400000,1775638799999,5052853.48977000,30435,2727.75800000,1671306.14060000
1775638800000,2026-04-08 09:00:00,612.80000000,614.54000000,611.40000000,611.75000000,5108.27800000,1775642399999,3131125.42267000,28911,2041.77800000,1251591.76241000
1775642400000,2026-04-08 10:00:00,611.76000000,612.97000000,611.20000000,611.93000000,4554.66700000,1775645999999,2787948.18375000,21845,1329.62600000,813762.58698000
1775646000000,2026-04-08 11:00:00,611.92000000,612.97000000,610.89000000,612.83000000,3937.74200000,1775649599999,2410244.02480000,23474,2111.29700000,1292246.20414000
1775649600000,2026-04-08 12:00:00,612.83000000,614.78000000,611.53000000,613.48000000,14240.76600000,1775653199999,8737285.85056000,43238,4410.75000000,2705156.15016000
1775653200000,2026-04-08 13:00:00,613.48000000,615.85000000,606.25000000,607.31000000,19153.08600000,1775656799999,11695588.84036000,95659,7151.24000000,4371349.49440000
1775656800000,2026-04-08 14:00:00,607.30000000,608.23000000,601.16000000,602.59000000,13514.99300000,1775660399999,8180946.19252000,77215,6133.06500000,3713786.24752000
1775660400000,2026-04-08 15:00:00,602.60000000,605.80000000,601.69000000,605.35000000,6540.07700000,1775663999999,3953338.89092000,35475,3162.41500000,1910908.36442000
1775664000000,2026-04-08 16:00:00,605.34000000,607.19000000,604.83000000,605.20000000,7010.05900000,1775667599999,4247539.62363000,39042,3308.83600000,2004907.12783000
1775667600000,2026-04-08 17:00:00,605.20000000,607.79000000,604.63000000,606.94000000,2595.38200000,1775671199999,1573567.41994000,30213,1703.41700000,1032741.70529000
1775671200000,2026-04-08 18:00:00,606.95000000,607.01000000,602.75000000,603.03000000,3656.73300000,1775674799999,2210468.30002000,33741,1509.79200000,912801.95370000
1775674800000,2026-04-08 19:00:00,603.04000000,604.63000000,602.76000000,604.28000000,1883.84400000,1775678399999,1137556.27876000,21604,1047.85900000,632789.90702000
1775678400000,2026-04-08 20:00:00,604.28000000,604.93000000,603.58000000,604.86000000,1683.88200000,1775681999999,1017759.48677000,10403,685.20100000,414180.96876000
1775682000000,2026-04-08 21:00:00,604.86000000,607.38000000,604.86000000,606.49000000,1941.47700000,1775685599999,1177114.18538000,11825,1203.86900000,729793.20413000
1775685600000,2026-04-08 22:00:00,606.50000000,606.75000000,604.10000000,604.34000000,2516.32500000,1775689199999,1523023.14494000,20311,1152.45600000,697698.15374000
1775689200000,2026-04-08 23:00:00,604.34000000,604.34000000,599.45000000,601.16000000,7375.37900000,1775692799999,4435621.02870000,36338,2262.86300000,1361098.97448000
1775692800000,2026-04-09 00:00:00,601.15000000,601.51000000,598.51000000,599.50000000,7729.30200000,1775696399999,4635952.38656000,42452,3975.74500000,2385034.26760000
1775696400000,2026-04-09 01:00:00,599.49000000,601.51000000,596.94000000,601.51000000,5220.27600000,1775699999999,3125148.68064000,32354,2462.86700000,1475375.51841000
1775700000000,2026-04-09 02:00:00,601.52000000,603.06000000,601.05000000,601.68000000,3298.58100000,1775703599999,1985766.31722000,26281,1781.53100000,1072475.27949000
1775703600000,2026-04-09 03:00:00,601.69000000,601.69000000,600.00000000,600.16000000,1927.09000000,1775707199999,1157288.48158000,20145,844.80400000,507332.18821000
1775707200000,2026-04-09 04:00:00,600.16000000,600.30000000,598.86000000,598.97000000,2430.70100000,1775710799999,1457487.77088000,16701,1000.28100000,599766.91593000
1775710800000,2026-04-09 05:00:00,598.97000000,601.19000000,598.64000000,600.18000000,2775.27000000,1775714399999,1665520.48391000,20162,1265.66400000,759631.51791000
1775714400000,2026-04-09 06:00:00,600.18000000,600.74000000,598.67000000,600.50000000,1966.46500000,1775717999999,1179354.77694000,16601,991.58300000,594714.08225000
1775718000000,2026-04-09 07:00:00,600.50000000,601.01000000,599.82000000,600.01000000,3049.53600000,1775721599999,1831491.23635000,17701,1489.58100000,894574.08412000
1775721600000,2026-04-09 08:00:00,600.01000000,601.98000000,599.30000000,600.82000000,4597.78800000,1775725199999,2761771.69460000,23150,2169.78900000,1303060.10988000
1775725200000,2026-04-09 09:00:00,600.82000000,603.04000000,599.88000000,602.76000000,4155.33500000,1775728799999,2499267.43890000,28182,2295.77700000,1380847.87970000
1775728800000,2026-04-09 10:00:00,602.76000000,603.41000000,601.14000000,602.57000000,4317.38100000,1775732399999,2599420.03719000,22120,2858.90800000,1721474.89209000
1775732400000,2026-04-09 11:00:00,602.57000000,603.13000000,601.26000000,602.44000000,2899.16500000,1775735999999,1746075.52762000,21912,1357.23600000,817380.11717000
1775736000000,2026-04-09 12:00:00,602.45000000,603.73000000,601.35000000,603.29000000,3001.82700000,1775739599999,1808721.94160000,24905,1708.74000000,1029662.34037000
1775739600000,2026-04-09 13:00:00,603.29000000,603.65000000,600.00000000,600.65000000,4222.68300000,1775743199999,2540551.90082000,35379,1977.67900000,1190194.48111000
1775743200000,2026-04-09 14:00:00,600.66000000,601.41000000,598.20000000,600.85000000,5050.35900000,1775746799999,3029923.41869000,42963,1949.37700000,1169555.43691000
1775746800000,2026-04-09 15:00:00,600.85000000,607.34000000,599.70000000,606.01000000,9239.94100000,1775750399999,5584418.37629000,62406,5497.23400000,3322622.52718000
1775750400000,2026-04-09 16:00:00,606.01000000,607.41000000,603.63000000,605.96000000,5305.15500000,1775753999999,3210587.30831000,36671,2867.40200000,1735433.84391000
1775754000000,2026-04-09 17:00:00,605.96000000,608.77000000,605.48000000,608.45000000,5650.79700000,1775757599999,3431720.06299000,36380,2744.89300000,1667118.85985000
1775757600000,2026-04-09 18:00:00,608.45000000,608.65000000,605.39000000,606.67000000,3783.18400000,1775761199999,2293552.54236000,28679,1822.59200000,1104952.06317000
1775761200000,2026-04-09 19:00:00,606.66000000,609.50000000,606.32000000,608.76000000,5380.66500000,1775764799999,3273780.05293000,29919,3995.38600000,2431127.41404000
1775764800000,2026-04-09 20:00:00,608.76000000,609.65000000,607.81000000,608.45000000,2240.32800000,1775768399999,1364250.51133000,19513,1286.87900000,783629.92920000
1775768400000,2026-04-09 21:00:00,608.46000000,610.26000000,606.69000000,606.90000000,4274.36700000,1775771999999,2598367.60179000,22035,2269.33400000,1379714.76235000
1775772000000,2026-04-09 22:00:00,606.90000000,612.10000000,605.62000000,605.62000000,7953.82000000,1775775599999,4836898.80765000,53581,3902.94100000,2373750.15685000
1775775600000,2026-04-09 23:00:00,605.63000000,606.00000000,601.90000000,603.03000000,6835.16000000,1775779199999,4127937.56363000,50030,2678.94300000,1617591.15594000
1775779200000,2026-04-10 00:00:00,603.03000000,603.59000000,601.10000000,603.42000000,3054.59900000,1775782799999,1839682.73338000,33473,1596.16100000,961332.86520000
1775782800000,2026-04-10 01:00:00,603.42000000,605.40000000,601.04000000,603.01000000,5049.06100000,1775786399999,3047966.07987000,35893,2284.75200000,1379185.29975000
1775786400000,2026-04-10 02:00:00,603.01000000,603.51000000,601.00000000,601.60000000,5355.75500000,1775789999999,3226458.63731000,20470,3343.50800000,2014468.76349000
1775790000000,2026-04-10 03:00:00,601.61000000,601.62000000,599.79000000,601.14000000,4307.25500000,1775793599999,2587160.82295000,31489,2029.53000000,1219053.31069000
1775793600000,2026-04-10 04:00:00,601.14000000,602.58000000,600.88000000,601.04000000,5705.20800000,1775797199999,3433121.61358000,21978,4207.13300000,2532011.29669000
1775797200000,2026-04-10 05:00:00,601.04000000,602.61000000,600.57000000,601.79000000,2129.11100000,1775800799999,1281109.10549000,18149,1348.47000000,811377.73739000
1775800800000,2026-04-10 06:00:00,601.80000000,601.93000000,599.42000000,600.50000000,2889.68800000,1775804399999,1735773.00629000,20474,1475.12600000,886149.49291000
1775804400000,2026-04-10 07:00:00,600.51000000,601.32000000,599.04000000,599.29000000,3477.75300000,1775807999999,2087345.18101000,21213,1834.46900000,1101024.00723000
1775808000000,2026-04-10 08:00:00,599.29000000,600.84000000,597.40000000,600.53000000,6939.38200000,1775811599999,4157427.57061000,32757,2898.34700000,1736842.08774000
1775811600000,2026-04-10 09:00:00,600.53000000,602.17000000,600.23000000,601.71000000,3515.24700000,1775815199999,2112968.87106000,24793,1958.71200000,1177324.87248000
1775815200000,2026-04-10 10:00:00,601.72000000,601.86000000,599.79000000,600.72000000,2772.15400000,1775818799999,1665473.34452000,19922,1326.56800000,796864.44604000
1775818800000,2026-04-10 11:00:00,600.71000000,603.49000000,600.43000000,602.57000000,6001.34900000,1775822399999,3615107.08153000,29388,4123.90500000,2484587.23727000
1775822400000,2026-04-10 12:00:00,602.57000000,604.54000000,601.50000000,602.75000000,3723.96500000,1775825999999,2245891.31671000,33302,2008.59500000,1211317.30310000
1775826000000,2026-04-10 13:00:00,602.75000000,603.27000000,601.04000000,602.30000000,3653.24900000,1775829599999,2199792.73942000,34574,1639.89700000,987407.21427000
1775829600000,2026-04-10 14:00:00,602.30000000,607.48000000,602.00000000,606.93000000,9845.70100000,1775833199999,5960773.98029000,56074,5198.64100000,3147043.32080000
1775833200000,2026-04-10 15:00:00,606.93000000,608.76000000,602.81000000,603.27000000,10385.33200000,1775836799999,6287312.01486000,57104,3566.66700000,2160351.50263000
1775836800000,2026-04-10 16:00:00,603.27000000,606.10000000,603.20000000,605.82000000,3744.80500000,1775840399999,2264761.43443000,30968,2229.61400000,1348476.01813000
1775840400000,2026-04-10 17:00:00,605.83000000,607.37000000,605.33000000,607.28000000,2588.58400000,1775843999999,1568558.65137000,19382,1320.41100000,800133.23352000
1775844000000,2026-04-10 18:00:00,607.28000000,609.34000000,606.52000000,609.05000000,3162.09500000,1775847599999,1922121.75813000,21570,1900.09800000,1155195.67356000
1775847600000,2026-04-10 19:00:00,609.06000000,609.99000000,608.31000000,609.60000000,3029.41600000,1775851199999,1845235.77372000,21025,2002.44900000,1219782.20498000
1775851200000,2026-04-10 20:00:00,609.61000000,610.34000000,607.81000000,609.99000000,3508.09300000,1775854799999,2137255.59249000,19470,2068.37800000,1260353.26521000
1775854800000,2026-04-10 21:00:00,609.99000000,610.12000000,606.37000000,607.51000000,4587.50400000,1775858399999,2786864.19463000,27551,1373.71400000,834895.91427000
1775858400000,2026-04-10 22:00:00,607.51000000,608.05000000,605.92000000,606.69000000,2825.40900000,1775861999999,1714596.53470000,16743,1485.61900000,901592.34073000
1775862000000,2026-04-10 23:00:00,606.70000000,606.70000000,605.29000000,605.54000000,2015.21700000,1775865599999,1221111.00784000,13137,1031.58200000,625108.22699000
1775865600000,2026-04-11 00:00:00,605.54000000,605.76000000,604.34000000,604.54000000,2656.84500000,1775869199999,1607584.51856000,18012,1068.12500000,646355.68312000
1775869200000,2026-04-11 01:00:00,604.53000000,605.43000000,603.40000000,605.08000000,3165.28500000,1775872799999,1912833.53867000,17079,1797.01000000,1086041.24112000
1775872800000,2026-04-11 02:00:00,605.08000000,606.56000000,604.45000000,605.71000000,4389.56800000,1775876399999,2658909.41602000,26961,2559.26800000,1550222.03075000
1775876400000,2026-04-11 03:00:00,605.71000000,607.73000000,605.70000000,606.76000000,3804.75200000,1775879999999,2309080.70305000,21916,1985.18500000,1204730.39419000
1775880000000,2026-04-11 04:00:00,606.77000000,607.62000000,605.54000000,605.91000000,2773.04300000,1775883599999,1681093.29416000,18011,1478.23600000,896066.31633000
1775883600000,2026-04-11 05:00:00,605.91000000,606.85000000,604.82000000,605.57000000,3372.96500000,1775887199999,2043222.14564000,19933,1511.75900000,915633.30659000
1775887200000,2026-04-11 06:00:00,605.58000000,606.05000000,604.41000000,605.87000000,2241.82400000,1775890799999,1356698.66887000,14613,1158.90300000,701422.61849000
1775890800000,2026-04-11 07:00:00,605.87000000,606.56000000,605.49000000,606.09000000,2468.73600000,1775894399999,1496383.95312000,13795,1448.12300000,877695.21992000
1775894400000,2026-04-11 08:00:00,606.09000000,607.32000000,605.07000000,605.84000000,11835.30400000,1775897999999,7171359.51782000,23892,5754.80500000,3487332.01424000
1775898000000,2026-04-11 09:00:00,605.85000000,607.25000000,605.63000000,606.69000000,3577.81900000,1775901599999,2170009.96061000,20483,1875.59900000,1137565.99319000
1775901600000,2026-04-11 10:00:00,606.69000000,606.81000000,605.20000000,605.51000000,3347.76300000,1775905199999,2028294.24505000,19798,1697.02800000,1028240.78231000
1775905200000,2026-04-11 11:00:00,605.52000000,605.79000000,604.31000000,605.36000000,4710.09900000,1775908799999,2849272.48952000,18621,2903.88600000,1756569.20252000
1775908800000,2026-04-11 12:00:00,605.37000000,606.92000000,605.09000000,606.52000000,3057.69100000,1775912399999,1852392.94788000,13765,1741.96600000,1055252.22215000
1775912400000,2026-04-11 13:00:00,606.52000000,606.53000000,603.76000000,604.73000000,3905.50700000,1775915999999,2361533.88894000,22749,1816.27900000,1098261.77981000
1775916000000,2026-04-11 14:00:00,604.73000000,605.59000000,604.17000000,604.67000000,3217.34400000,1775919599999,1946266.04374000,17341,1595.05800000,965093.53602000
1775919600000,2026-04-11 15:00:00,604.67000000,606.67000000,604.24000000,605.74000000,4218.39700000,1775923199999,2553637.73453000,22857,2377.98600000,1439334.60022000
1775923200000,2026-04-11 16:00:00,605.74000000,608.86000000,605.70000000,607.46000000,3061.59700000,1775926799999,1858624.78146000,21895,1849.95400000,1123126.18274000
1775926800000,2026-04-11 17:00:00,607.47000000,608.40000000,606.43000000,607.89000000,2268.87700000,1775930399999,1378618.11856000,14468,1392.19100000,845923.95526000
1775930400000,2026-04-11 18:00:00,607.89000000,611.70000000,607.15000000,611.01000000,6088.57200000,1775933999999,3713624.01603000,29175,3771.19700000,2300781.54439000
1775934000000,2026-04-11 19:00:00,611.01000000,614.12000000,611.01000000,612.92000000,6192.20700000,1775937599999,3795456.70518000,29340,3317.52900000,2033586.22349000
1775937600000,2026-04-11 20:00:00,612.93000000,613.02000000,609.14000000,610.17000000,3679.96300000,1775941199999,2247858.40315000,19917,1209.92400000,739027.29141000
1775941200000,2026-04-11 21:00:00,610.17000000,611.24000000,609.87000000,610.02000000,2842.28400000,1775944799999,1735621.01625000,24796,1009.80800000,616660.15803000
1775944800000,2026-04-11 22:00:00,610.01000000,612.16000000,609.93000000,610.99000000,3145.52200000,1775948399999,1921590.56590000,19043,1454.25600000,888431.31150000
1775948400000,2026-04-11 23:00:00,610.98000000,610.98000000,605.94000000,607.05000000,4245.50600000,1775951999999,2579845.74680000,26229,1575.21300000,957314.40034000
1775952000000,2026-04-12 00:00:00,607.06000000,607.31000000,605.86000000,606.91000000,2847.23700000,1775955599999,1727401.07253000,20813,1485.03200000,901055.21609000
1775955600000,2026-04-12 01:00:00,606.92000000,607.44000000,590.21000000,593.61000000,18330.10300000,1775959199999,10956019.07000000,113104,6771.38100000,4039566.48568000
1775959200000,2026-04-12 02:00:00,593.61000000,597.86000000,592.10000000,597.30000000,5742.46800000,1775962799999,3420537.94233000,48484,3374.20400000,2010199.96021000
1775962800000,2026-04-12 03:00:00,597.29000000,597.84000000,595.03000000,595.50000000,4158.70600000,1775966399999,2478945.67598000,27063,2198.28300000,1310390.82894000
1775966400000,2026-04-12 04:00:00,595.50000000,595.69000000,594.37000000,594.78000000,3535.61600000,1775969999999,2103587.12246000,23346,1849.74900000,1100483.55100000
1775970000000,2026-04-12 05:00:00,594.79000000,596.00000000,594.10000000,595.71000000,3585.27900000,1775973599999,2133915.92646000,19783,1858.66700000,1106210.09969000
1775973600000,2026-04-12 06:00:00,595.71000000,596.00000000,594.04000000,594.77000000,4577.93300000,1775977199999,2725678.89461000,17431,2280.61300000,1358358.55019000
1775977200000,2026-04-12 07:00:00,594.78000000,594.78000000,592.87000000,594.30000000,3160.98900000,1775980799999,1877126.11806000,16728,1691.56200000,1004490.65654000
1775980800000,2026-04-12 08:00:00,594.30000000,594.82000000,593.43000000,593.63000000,2305.07500000,1775984399999,1369622.56438000,16332,1142.73700000,678994.32568000
1775984400000,2026-04-12 09:00:00,593.64000000,594.41000000,593.09000000,593.50000000,2462.23600000,1775987999999,1462194.17736000,14962,1220.08800000,724587.80772000
1775988000000,2026-04-12 10:00:00,593.50000000,595.59000000,592.91000000,593.64000000,3620.67400000,1775991599999,2151658.86219000,23769,1880.25700000,1117414.12348000
1775991600000,2026-04-12 11:00:00,593.64000000,595.48000000,593.46000000,595.42000000,4634.65300000,1775995199999,2755689.74253000,21100,2348.35100000,1396070.51183000
1775995200000,2026-04-12 12:00:00,595.41000000,595.78000000,592.51000000,592.82000000,3949.69400000,1775998799999,2347140.41100000,28435,1900.87800000,1129828.07424000
1775998800000,2026-04-12 13:00:00,592.82000000,593.01000000,590.77000000,591.25000000,5681.51500000,1776002399999,3363391.57098000,33649,2565.06700000,1518626.76223000
1776002400000,2026-04-12 14:00:00,591.24000000,592.59000000,589.10000000,589.87000000,6867.43900000,1776005999999,4056565.54632000,37442,2708.20600000,1599721.41876000
1776006000000,2026-04-12 15:00:00,589.87000000,592.10000000,589.87000000,591.65000000,3570.79800000,1776009599999,2110123.69126000,25216,2101.80500000,1242011.87906000
1776009600000,2026-04-12 16:00:00,591.66000000,592.43000000,591.00000000,591.92000000,2543.94100000,1776013199999,1505354.33246000,20602,1430.57000000,846511.64315000
1776013200000,2026-04-12 17:00:00,591.92000000,593.36000000,591.37000000,592.70000000,3402.14200000,1776016799999,2014588.17375000,22803,1675.62800000,992315.17198000
1776016800000,2026-04-12 18:00:00,592.70000000,593.02000000,591.42000000,592.48000000,2967.50800000,1776020399999,1757395.88647000,16517,1452.06700000,859944.99147000
1776020400000,2026-04-12 19:00:00,592.49000000,593.09000000,592.31000000,592.36000000,2357.62400000,1776023999999,1397391.67486000,11734,1039.56100000,616171.27304000
1776024000000,2026-04-12 20:00:00,592.36000000,596.91000000,591.76000000,595.70000000,4250.34900000,1776027599999,2524530.98870000,24782,2222.49400000,1320601.52913000
1776027600000,2026-04-12 21:00:00,595.70000000,596.85000000,594.30000000,595.39000000,1970.05500000,1776031199999,1173017.84970000,16059,1121.68000000,667975.24583000
1776031200000,2026-04-12 22:00:00,595.38000000,595.39000000,591.11000000,593.92000000,4465.97300000,1776034799999,2647415.10705000,41647,2336.81500000,1385084.17156000
1776034800000,2026-04-12 23:00:00,593.91000000,593.91000000,590.95000000,592.19000000,2786.24400000,1776038399999,1648975.81676000,19262,1377.00300000,814906.65138000
1776038400000,2026-04-13 00:00:00,592.19000000,596.35000000,591.60000000,596.06000000,3282.74300000,1776041999999,1951313.88044000,22162,2085.85400000,1239620.81406000
1776042000000,2026-04-13 01:00:00,596.07000000,596.75000000,594.94000000,596.46000000,2873.81900000,1776045599999,1712764.18186000,21093,1566.02800000,933436.18866000
1776045600000,2026-04-13 02:00:00,596.47000000,597.94000000,595.58000000,596.30000000,2774.11300000,1776049199999,1655388.82114000,22834,1255.29400000,748978.84677000
1776049200000,2026-04-13 03:00:00,596.30000000,596.63000000,594.55000000,594.68000000,2326.24300000,1776052799999,1385436.87348000,17692,1106.78500000,659223.33961000
1776052800000,2026-04-13 04:00:00,594.68000000,597.05000000,594.60000000,595.47000000,2398.86300000,1776056399999,1428765.38440000,17956,1415.99500000,843277.24062000
1776056400000,2026-04-13 05:00:00,595.47000000,597.86000000,595.22000000,597.79000000,2900.97400000,1776059999999,1729658.28565000,23712,1402.66200000,836383.49221000
1776060000000,2026-04-13 06:00:00,597.80000000,599.67000000,597.62000000,598.23000000,5702.17300000,1776063599999,3412910.82910000,26669,4111.66300000,2460391.57397000
1776063600000,2026-04-13 07:00:00,598.22000000,598.46000000,596.09000000,597.26000000,5486.51400000,1776067199999,3277175.65659000,22803,2125.59600000,1269435.93784000
1776067200000,2026-04-13 08:00:00,597.27000000,597.33000000,595.19000000,596.59000000,2951.23100000,1776070799999,1759573.45493000,21715,1528.46300000,911229.91731000
1776070800000,2026-04-13 09:00:00,596.59000000,598.12000000,596.59000000,597.31000000,4423.15400000,1776074399999,2642458.66214000,18524,2823.97800000,1687209.35287000
1776074400000,2026-04-13 10:00:00,597.32000000,598.12000000,596.75000000,597.42000000,2900.35900000,1776077999999,1733450.34736000,18336,1770.65200000,1058276.12228000
1776078000000,2026-04-13 11:00:00,597.43000000,598.71000000,597.13000000,597.20000000,2855.77700000,1776081599999,1707838.97499000,24016,1591.72700000,951901.55251000
1776081600000,2026-04-13 12:00:00,597.20000000,599.21000000,596.48000000,598.57000000,5349.08000000,1776085199999,3197826.94652000,31216,3035.96600000,1815171.85884000
1776085200000,2026-04-13 13:00:00,598.56000000,599.93000000,595.58000000,599.78000000,6747.61700000,1776088799999,4035876.29490000,49835,3858.10800000,2307931.73993000
1776088800000,2026-04-13 14:00:00,599.79000000,603.41000000,597.83000000,603.40000000,8874.38900000,1776092399999,5329856.89526000,69528,4567.16700000,2743124.95916000
1776092400000,2026-04-13 15:00:00,603.41000000,605.00000000,600.05000000,603.40000000,10021.63100000,1776095999999,6036763.48740000,67172,4744.23800000,2857566.32426000
1776096000000,2026-04-13 16:00:00,603.39000000,607.94000000,602.15000000,606.14000000,11995.02900000,1776099599999,7266256.65437000,69616,6069.86100000,3677114.00812000
1776099600000,2026-04-13 17:00:00,606.14000000,607.86000000,604.45000000,604.78000000,5803.99900000,1776103199999,3517463.47325000,39548,2685.17500000,1627633.37751000
1776103200000,2026-04-13 18:00:00,604.78000000,605.40000000,603.20000000,604.84000000,3802.82400000,1776106799999,2298845.38192000,25689,1717.04700000,1038057.00327000
1776106800000,2026-04-13 19:00:00,604.83000000,609.17000000,603.88000000,608.59000000,6230.10900000,1776110399999,3781045.93038000,47061,3747.76200000,2274674.28157000
1776110400000,2026-04-13 20:00:00,608.59000000,608.98000000,607.11000000,607.41000000,4170.79200000,1776113999999,2535286.62326000,30407,1634.40600000,993595.36611000
1776114000000,2026-04-13 21:00:00,607.42000000,609.36000000,607.21000000,607.97000000,3043.06400000,1776117599999,1850972.98482000,23357,1732.69700000,1053943.46478000
1776117600000,2026-04-13 22:00:00,607.97000000,616.49000000,607.89000000,615.46000000,16447.96200000,1776121199999,10091610.75445000,85069,9701.10200000,5949263.06533000
1776121200000,2026-04-13 23:00:00,615.46000000,617.97000000,614.09000000,614.71000000,15142.04100000,1776124799999,9329211.78259000,66715,7844.89100000,4834602.65970000
1776124800000,2026-04-14 00:00:00,614.71000000,615.90000000,612.00000000,612.28000000,9249.09600000,1776128399999,5673901.16723000,36248,4500.09200000,2760903.47171000
1776128400000,2026-04-14 01:00:00,612.28000000,614.19000000,610.86000000,613.81000000,4524.69700000,1776131999999,2771520.86335000,26454,2375.13900000,1455338.11455000
1776132000000,2026-04-14 02:00:00,613.81000000,615.43000000,612.88000000,615.20000000,8158.52400000,1776135599999,5012610.01993000,29915,4582.08100000,2815266.57005000
1776135600000,2026-04-14 03:00:00,615.20000000,616.14000000,614.51000000,616.13000000,6183.33200000,1776139199999,3805047.73324000,22389,4181.83500000,2573342.75013000
1776139200000,2026-04-14 04:00:00,616.14000000,616.15000000,614.58000000,614.69000000,3812.89600000,1776142799999,2346548.75605000,16928,1887.28100000,1161472.59224000
1776142800000,2026-04-14 05:00:00,614.69000000,614.77000000,611.88000000,612.81000000,7309.73500000,1776146399999,4479268.47073000,35738,3435.97600000,2105241.71693000
1776146400000,2026-04-14 06:00:00,612.81000000,615.19000000,612.81000000,614.84000000,3471.80200000,1776149999999,2132837.52277000,17052,1954.33500000,1200606.01732000
1776150000000,2026-04-14 07:00:00,614.84000000,615.63000000,613.33000000,613.55000000,5121.00300000,1776153599999,3146584.85512000,29275,2821.05800000,1733517.67829000
1776153600000,2026-04-14 08:00:00,613.54000000,618.37000000,613.43000000,617.50000000,10494.58000000,1776157199999,6475511.58484000,31465,6125.87400000,3779361.21823000
1776157200000,2026-04-14 09:00:00,617.51000000,619.15000000,617.25000000,617.90000000,6991.13900000,1776160799999,4320769.32544000,30208,4034.37800000,2493504.54207000
1776160800000,2026-04-14 10:00:00,617.90000000,619.40000000,617.25000000,617.90000000,5316.74500000,1776164399999,3287422.96692000,27877,2782.61600000,1720717.37109000
1776164400000,2026-04-14 11:00:00,617.89000000,617.89000000,615.53000000,616.41000000,5329.56500000,1776167999999,3286197.51101000,27365,2373.07800000,1463131.99111000
1776168000000,2026-04-14 12:00:00,616.42000000,616.65000000,615.18000000,615.55000000,4192.99500000,1776171599999,2582178.28590000,23745,1743.33800000,1073677.34349000
1776171600000,2026-04-14 13:00:00,615.55000000,622.53000000,615.49000000,622.24000000,13999.04000000,1776175199999,8667388.85739000,59838,8690.66800000,5381730.00625000
1776175200000,2026-04-14 14:00:00,622.24000000,622.85000000,618.33000000,619.11000000,15149.93600000,1776178799999,9392593.27796000,83893,6918.60100000,4289721.90808000
1776178800000,2026-04-14 15:00:00,619.12000000,625.38000000,618.41000000,623.45000000,14598.64200000,1776182399999,9076369.40075000,85588,9253.25600000,5754599.66547000
1776182400000,2026-04-14 16:00:00,623.45000000,625.12000000,618.07000000,618.96000000,10217.80800000,1776185999999,6359430.01868000,52599,4818.07900000,3000121.65222000
1776186000000,2026-04-14 17:00:00,618.96000000,620.27000000,615.72000000,617.04000000,17577.65200000,1776189599999,10858677.48625000,48363,10413.97500000,6434592.55314000
1776189600000,2026-04-14 18:00:00,617.04000000,618.42000000,613.11000000,613.92000000,6577.47800000,1776193199999,4049088.47772000,41140,3406.82100000,2096651.28215000
1776193200000,2026-04-14 19:00:00,613.92000000,615.30000000,611.94000000,613.95000000,3467.48700000,1776196799999,2128136.14277000,29513,1588.46900000,975055.08723000
1776196800000,2026-04-14 20:00:00,613.95000000,615.00000000,613.13000000,613.69000000,2009.37400000,1776200399999,1233857.54747000,19197,914.62600000,561650.67234000
1776200400000,2026-04-14 21:00:00,613.70000000,616.20000000,613.64000000,615.79000000,2007.67000000,1776203999999,1234263.21720000,14389,1131.43500000,695681.63678000
1776204000000,2026-04-14 22:00:00,615.79000000,617.16000000,613.98000000,614.14000000,3260.83400000,1776207599999,2006638.01766000,26805,1677.17100000,1032349.58233000
1776207600000,2026-04-14 23:00:00,614.15000000,614.74000000,613.38000000,613.75000000,4360.00100000,1776211199999,2677389.15466000,23327,2423.56200000,1488304.42099000
1776211200000,2026-04-15 00:00:00,613.75000000,617.06000000,613.75000000,616.85000000,4624.62600000,1776214799999,2848616.43650000,30620,2610.96300000,1608145.41445000
1776214800000,2026-04-15 01:00:00,616.85000000,620.00000000,615.96000000,619.45000000,5946.49600000,1776218399999,3677428.90238000,27526,4040.36300000,2499591.88182000
1776218400000,2026-04-15 02:00:00,619.45000000,619.80000000,615.46000000,616.05000000,4619.90300000,1776221999999,2850985.98688000,26333,2863.98300000,1766982.32824000
1776222000000,2026-04-15 03:00:00,616.05000000,616.58000000,615.11000000,616.14000000,2036.70800000,1776225599999,1254132.70606000,15983,989.69900000,609457.04356000
1776225600000,2026-04-15 04:00:00,616.14000000,617.27000000,614.27000000,615.33000000,2877.52900000,1776229199999,1770826.00617000,17075,1227.51600000,755566.25809000
1776229200000,2026-04-15 05:00:00,615.34000000,616.39000000,613.02000000,613.42000000,3296.56400000,1776232799999,2024721.49497000,20386,1468.14900000,901694.32073000
1776232800000,2026-04-15 06:00:00,613.43000000,615.15000000,612.81000000,614.09000000,2643.12600000,1776236399999,1623265.85092000,19184,1293.39800000,794214.55989000
1776236400000,2026-04-15 07:00:00,614.09000000,614.57000000,610.71000000,611.54000000,7443.81000000,1776239999999,4560691.69924000,29233,3366.66700000,2062828.44429000
1776240000000,2026-04-15 08:00:00,611.55000000,614.82000000,610.45000000,614.41000000,8063.77200000,1776243599999,4934091.06697000,30921,5216.73100000,3192151.88654000
1776243600000,2026-04-15 09:00:00,614.42000000,615.82000000,613.74000000,615.55000000,4830.52100000,1776247199999,2969995.31616000,33206,2770.23400000,1703409.46270000
1776247200000,2026-04-15 10:00:00,615.56000000,618.55000000,615.49000000,617.01000000,6676.29300000,1776250799999,4119995.07965000,39890,4175.64200000,2576997.61287000
1776250800000,2026-04-15 11:00:00,617.02000000,620.66000000,617.02000000,619.70000000,5806.25600000,1776254399999,3594229.91305000,33322,3050.63400000,1888480.33697000
1776254400000,2026-04-15 12:00:00,619.71000000,619.71000000,617.22000000,618.06000000,9220.50500000,1776257999999,5701234.49276000,33328,4480.36800000,2770664.08734000
1776258000000,2026-04-15 13:00:00,618.07000000,619.24000000,616.58000000,618.97000000,4950.70000000,1776261599999,3058759.87602000,35978,2005.96800000,1239416.80661000
1776261600000,2026-04-15 14:00:00,618.98000000,620.42000000,616.99000000,618.49000000,5082.05400000,1776265199999,3145538.09606000,39646,2401.16800000,1486471.92241000
1776265200000,2026-04-15 15:00:00,618.49000000,619.77000000,616.00000000,619.04000000,5419.44700000,1776268799999,3350010.16839000,39827,2416.59300000,1494179.31248000
1776268800000,2026-04-15 16:00:00,619.05000000,621.42000000,618.57000000,620.72000000,5325.24700000,1776272399999,3302849.52662000,39086,3300.93800000,2047529.02750000
1776272400000,2026-04-15 17:00:00,620.72000000,621.77000000,619.95000000,621.44000000,3549.37400000,1776275999999,2203950.74083000,25287,2193.90600000,1362459.75916000
1776276000000,2026-04-15 18:00:00,621.44000000,622.94000000,621.00000000,622.38000000,2784.26500000,1776279599999,1732693.68724000,23877,1363.09000000,848223.02846000
1776279600000,2026-04-15 19:00:00,622.39000000,627.64000000,622.26000000,625.38000000,5608.23100000,1776283199999,3506728.93472000,35582,3525.32100000,2203828.12129000
1776283200000,2026-04-15 20:00:00,625.38000000,625.53000000,622.13000000,623.50000000,3473.03300000,1776286799999,2164543.19879000,20993,1812.36900000,1129427.39601000
1776286800000,2026-04-15 21:00:00,623.49000000,623.80000000,622.13000000,623.28000000,1992.80900000,1776290399999,1241610.40643000,14851,976.41300000,608363.52037000
1776290400000,2026-04-15 22:00:00,623.28000000,626.80000000,622.85000000,624.28000000,5208.46400000,1776293999999,3253962.99688000,25809,2970.06200000,1855653.31672000
1776294000000,2026-04-15 23:00:00,624.28000000,624.28000000,621.42000000,622.59000000,3463.48700000,1776297599999,2156568.67061000,19845,1909.12400000,1188693.88228000
1776297600000,2026-04-16 00:00:00,622.58000000,623.25000000,620.38000000,623.24000000,4832.83300000,1776301199999,3003829.55688000,23762,2128.39000000,1323632.40481000
1776301200000,2026-04-16 01:00:00,623.23000000,623.24000000,620.84000000,622.37000000,2737.21800000,1776304799999,1702505.83433000,23383,1498.64300000,932116.36237000
1776304800000,2026-04-16 02:00:00,622.38000000,626.16000000,622.15000000,624.20000000,3759.27600000,1776308399999,2346463.56769000,28964,2032.79200000,1268724.42264000
1776308400000,2026-04-16 03:00:00,624.19000000,625.69000000,623.95000000,624.25000000,4712.05300000,1776311999999,2943578.90851000,24760,2177.49700000,1360369.14836000
1776312000000,2026-04-16 04:00:00,624.25000000,625.17000000,622.31000000,623.36000000,3980.91300000,1776315599999,2483119.13774000,30990,2030.03700000,1266219.34612000
1776315600000,2026-04-16 05:00:00,623.35000000,625.26000000,622.57000000,625.09000000,4383.42600000,1776319199999,2736210.53896000,27090,2292.20400000,1431027.00632000
1776319200000,2026-04-16 06:00:00,625.10000000,626.08000000,624.04000000,624.80000000,3088.50800000,1776322799999,1930956.39961000,22703,1817.94600000,1136587.26120000
1776322800000,2026-04-16 07:00:00,624.80000000,625.36000000,621.86000000,622.69000000,4219.48100000,1776326399999,2630351.00904000,29094,2018.78000000,1258094.16406000
1776326400000,2026-04-16 08:00:00,622.69000000,623.22000000,621.00000000,622.51000000,4380.80400000,1776329999999,2725091.77818000,31222,2178.98600000,1355356.43341000
1776330000000,2026-04-16 09:00:00,622.51000000,623.95000000,621.81000000,622.75000000,4091.87200000,1776333599999,2548751.30182000,26663,2249.06300000,1400932.90529000
1776333600000,2026-04-16 10:00:00,622.76000000,623.36000000,619.16000000,619.72000000,6215.78700000,1776337199999,3858237.85144000,37051,2217.67500000,1376513.11884000
1776337200000,2026-04-16 11:00:00,619.72000000,621.16000000,618.86000000,620.95000000,2804.01000000,1776340799999,1738600.10786000,22868,1537.21900000,953372.43689000
1776340800000,2026-04-16 12:00:00,620.95000000,622.04000000,620.68000000,621.58000000,3261.11400000,1776344399999,2026122.27122000,26822,1892.42400000,1175760.86746000
1776344400000,2026-04-16 13:00:00,621.58000000,623.98000000,614.89000000,617.63000000,10046.41000000,1776347999999,6223932.51010000,67663,4257.84700000,2638401.84736000
1776348000000,2026-04-16 14:00:00,617.62000000,620.60000000,615.30000000,619.35000000,9094.03800000,1776351599999,5617230.05819000,72740,4502.60100000,2782249.36175000
1776351600000,2026-04-16 15:00:00,619.35000000,626.38000000,618.64000000,624.89000000,8652.42600000,1776355199999,5393309.81094000,72066,4790.69800000,2986500.95213000
1776355200000,2026-04-16 16:00:00,624.89000000,627.99000000,623.94000000,625.52000000,8474.08100000,1776358799999,5305373.58717000,68938,4632.71000000,2900869.80851000
1776358800000,2026-04-16 17:00:00,625.52000000,627.63000000,623.60000000,627.44000000,4448.70500000,1776362399999,2784710.77900000,48481,2354.00700000,1473463.24273000
1776362400000,2026-04-16 18:00:00,627.44000000,637.31000000,626.48000000,635.85000000,14635.82900000,1776365999999,9246785.37110000,74958,9897.40200000,6254370.55901000
1776366000000,2026-04-16 19:00:00,635.85000000,637.00000000,633.92000000,636.55000000,7244.87400000,1776369599999,4605583.76061000,55943,3508.90300000,2230552.50666000
1776369600000,2026-04-16 20:00:00,636.55000000,637.40000000,633.20000000,634.60000000,3497.79500000,1776373199999,2221395.21041000,32517,1392.48000000,884561.93777000
1776373200000,2026-04-16 21:00:00,634.61000000,635.08000000,631.71000000,632.63000000,3650.82900000,1776376799999,2312202.18695000,25489,1608.34800000,1018688.83631000
1776376800000,2026-04-16 22:00:00,632.63000000,634.36000000,631.89000000,633.41000000,3047.20600000,1776380399999,1929517.26624000,22914,1692.75100000,1071909.23008000
1776380400000,2026-04-16 23:00:00,633.42000000,636.65000000,633.01000000,635.77000000,6287.21300000,1776383999999,3991785.61911000,32832,3113.54800000,1976416.55182000
1776384000000,2026-04-17 00:00:00,635.77000000,636.55000000,633.03000000,633.49000000,3492.36200000,1776387599999,2217259.09309000,32751,1657.03200000,1052160.48385000
1776387600000,2026-04-17 01:00:00,633.50000000,634.41000000,629.44000000,631.28000000,3987.09400000,1776391199999,2519004.98561000,33146,1674.37900000,1057908.55493000
1776391200000,2026-04-17 02:00:00,631.28000000,631.82000000,628.18000000,629.66000000,3523.40800000,1776394799999,2218346.59575000,25802,1648.56500000,1038143.64428000
1776394800000,2026-04-17 03:00:00,629.65000000,631.22000000,628.99000000,629.26000000,4170.86000000,1776398399999,2627409.56905000,23246,2462.50700000,1551456.28114000
1776398400000,2026-04-17 04:00:00,629.26000000,630.22000000,628.73000000,629.52000000,3363.60500000,1776401999999,2117457.86662000,21538,2043.94600000,1286702.13475000
1776402000000,2026-04-17 05:00:00,629.53000000,629.83000000,627.14000000,627.87000000,4511.53600000,1776405599999,2834153.96235000,31182,2233.64700000,1403274.11379000
1776405600000,2026-04-17 06:00:00,627.87000000,629.09000000,627.59000000,628.32000000,5193.46900000,1776409199999,3262882.94491000,28937,2888.92300000,1814886.10264000
1776409200000,2026-04-17 07:00:00,628.33000000,629.72000000,626.66000000,627.21000000,6590.64400000,1776412799999,4139328.39429000,34470,2554.09300000,1604346.75270000
1776412800000,2026-04-17 08:00:00,627.21000000,631.34000000,626.89000000,631.00000000,9413.96000000,1776416399999,5921821.52756000,57509,5203.33100000,3273660.71000000
1776416400000,2026-04-17 09:00:00,631.00000000,635.00000000,629.57000000,632.75000000,10753.90400000,1776419999999,6791644.66616000,64362,5688.87400000,3593762.25610000
1776420000000,2026-04-17 10:00:00,632.76000000,633.39000000,628.92000000,630.52000000,6519.33400000,1776423599999,4113522.20862000,44539,3008.57800000,1898578.24013000
1776423600000,2026-04-17 11:00:00,630.52000000,633.97000000,630.28000000,632.50000000,3596.08100000,1776427199999,2274447.46416000,30618,1771.88600000,1120441.42825000
1776427200000,2026-04-17 12:00:00,632.50000000,636.62000000,631.76000000,635.90000000,6659.14500000,1776430799999,4222214.61738000,50128,3149.69500000,1997957.12095000
1776430800000,2026-04-17 13:00:00,635.91000000,643.40000000,635.43000000,643.04000000,23864.74500000,1776434399999,15274284.46355000,132416,13284.30400000,8502117.42340000
1776434400000,2026-04-17 14:00:00,643.05000000,645.67000000,640.86000000,643.86000000,13825.65100000,1776437999999,8896394.92778000,80023,7602.95200000,4893799.65411000
1776438000000,2026-04-17 15:00:00,643.86000000,643.86000000,641.00000000,643.34000000,6700.12400000,1776441599999,4304913.82635000,49585,3309.19500000,2126248.08070000
1776441600000,2026-04-17 16:00:00,643.33000000,645.60000000,643.16000000,645.60000000,6226.09300000,1776445199999,4013778.39067000,35489,3905.37000000,2517884.57383000
1776445200000,2026-04-17 17:00:00,645.59000000,645.60000000,640.03000000,641.84000000,5387.97100000,1776448799999,3462430.75034000,46944,2578.18400000,1657030.72529000
1776448800000,2026-04-17 18:00:00,641.84000000,642.16000000,638.83000000,639.78000000,5401.19500000,1776452399999,3456005.85878000,41903,1903.34100000,1217899.99958000
1776452400000,2026-04-17 19:00:00,639.78000000,642.04000000,638.88000000,641.36000000,2413.10000000,1776455999999,1546193.97949000,25991,1105.83000000,708688.98936000
1776456000000,2026-04-17 20:00:00,641.36000000,642.25000000,639.26000000,640.88000000,2713.57100000,1776459599999,1738401.86066000,21694,1706.54900000,1093173.74796000
1776459600000,2026-04-17 21:00:00,640.88000000,642.62000000,640.86000000,642.40000000,3174.43500000,1776463199999,2037907.30118000,24507,1832.01400000,1176073.67498000
1776463200000,2026-04-17 22:00:00,642.39000000,644.72000000,641.58000000,644.04000000,5754.87100000,1776466799999,3702911.10582000,28210,3511.12600000,2258799.16452000
1776466800000,2026-04-17 23:00:00,644.04000000,644.77000000,641.76000000,643.12000000,6249.68000000,1776470399999,4022520.65132000,26509,1791.47600000,1152449.23588000
1776470400000,2026-04-18 00:00:00,643.12000000,645.50000000,641.64000000,644.00000000,3537.58600000,1776473999999,2277522.84306000,34011,1899.96500000,1223294.34672000
1776474000000,2026-04-18 01:00:00,644.00000000,646.88000000,643.19000000,644.98000000,7491.98300000,1776477599999,4835783.15754000,43998,3887.65900000,2509293.55326000
1776477600000,2026-04-18 02:00:00,644.99000000,645.95000000,643.75000000,644.16000000,8183.57300000,1776481199999,5279202.77519000,35913,3952.19800000,2549418.15070000
1776481200000,2026-04-18 03:00:00,644.16000000,644.16000000,640.06000000,640.20000000,9726.17500000,1776484799999,6244603.14493000,43933,4533.38000000,2910878.69343000
1776484800000,2026-04-18 04:00:00,640.21000000,644.99000000,640.08000000,644.33000000,4435.58300000,1776488399999,2850490.26389000,25890,2523.02900000,1621832.64606000
1776488400000,2026-04-18 05:00:00,644.33000000,648.79000000,644.18000000,645.08000000,9964.43200000,1776491999999,6442687.45952000,48644,4842.83600000,3132704.95655000
1776492000000,2026-04-18 06:00:00,645.09000000,645.82000000,643.21000000,643.80000000,5396.04000000,1776495599999,3477097.64439000,31481,2863.01500000,1844797.55187000
1776495600000,2026-04-18 07:00:00,643.81000000,644.53000000,642.76000000,643.35000000,7287.06400000,1776499199999,4691161.76520000,28157,3538.83000000,2278079.57177000
1776499200000,2026-04-18 08:00:00,643.35000000,643.55000000,634.81000000,637.10000000,11006.25800000,1776502799999,7023819.18342000,63677,4442.18300000,2833275.58352000
1776502800000,2026-04-18 09:00:00,637.10000000,637.10000000,633.58000000,635.87000000,4393.79600000,1776506399999,2791519.14319000,33311,2043.84800000,1298590.86555000
1776506400000,2026-04-18 10:00:00,635.87000000,635.93000000,632.00000000,634.01000000,5010.05100000,1776509999999,3173701.70559000,39144,2334.34900000,1478857.68053000
1776510000000,2026-04-18 11:00:00,634.01000000,634.63000000,631.52000000,633.37000000,6264.95400000,1776513599999,3964653.23914000,44217,2920.95400000,1848824.61349000
1776513600000,2026-04-18 12:00:00,633.38000000,634.73000000,631.61000000,634.11000000,4021.58200000,1776517199999,2547397.64335000,33201,2057.71200000,1303626.95678000
1776517200000,2026-04-18 13:00:00,634.10000000,634.54000000,631.42000000,633.57000000,3152.11800000,1776520799999,1996252.06245000,32097,1785.32900000,1130824.82067000
1776520800000,2026-04-18 14:00:00,633.57000000,634.51000000,632.22000000,634.20000000,2920.75600000,1776524399999,1851177.82337000,29805,1783.18400000,1130233.72876000
1776524400000,2026-04-18 15:00:00,634.20000000,635.00000000,632.44000000,633.37000000,3281.58900000,1776527999999,2079893.06461000,21416,2117.38100000,1342454.53577000
1776528000000,2026-04-18 16:00:00,633.37000000,634.59000000,631.21000000,633.34000000,4794.00500000,1776531599999,3036852.08556000,32876,3077.82800000,1950138.29458000
1776531600000,2026-04-18 17:00:00,633.34000000,634.12000000,631.82000000,633.51000000,2204.50900000,1776535199999,1396092.57203000,21880,1068.26500000,676576.47664000
1776535200000,2026-04-18 18:00:00,633.51000000,634.05000000,629.09000000,629.56000000,5208.46100000,1776538799999,3286865.99218000,41189,2064.66100000,1303243.27766000
1776538800000,2026-04-18 19:00:00,629.57000000,631.28000000,628.03000000,630.39000000,3117.54900000,1776542399999,1963074.07293000,25202,1693.54300000,1066470.36700000
1776542400000,2026-04-18 20:00:00,630.39000000,631.55000000,629.71000000,630.22000000,2054.14200000,1776545999999,1295017.19392000,19990,1038.07000000,654455.50520000
1776546000000,2026-04-18 21:00:00,630.23000000,631.84000000,629.70000000,631.79000000,1787.64400000,1776549599999,1127783.04520000,15373,842.57000000,531610.97550000
1776549600000,2026-04-18 22:00:00,631.79000000,631.79000000,629.69000000,630.89000000,3065.42900000,1776553199999,1932347.92135000,15858,1689.62100000,1064990.15125000
1776553200000,2026-04-18 23:00:00,630.88000000,631.66000000,629.73000000,629.90000000,1360.08000000,1776556799999,857909.07283000,12701,655.61900000,413589.68232000
1776556800000,2026-04-19 00:00:00,629.90000000,630.36000000,628.36000000,629.31000000,2345.62900000,1776560399999,1476293.39246000,20389,1239.35000000,780056.71264000
1776560400000,2026-04-19 01:00:00,629.32000000,630.43000000,627.47000000,628.07000000,3684.04600000,1776563999999,2314691.98389000,21023,1297.40400000,815260.79263000
1776564000000,2026-04-19 02:00:00,628.06000000,628.07000000,623.55000000,625.04000000,6121.48400000,1776567599999,3827758.42101000,36457,2806.48300000,1754168.46495000
1776567600000,2026-04-19 03:00:00,625.03000000,625.30000000,621.08000000,623.26000000,4225.90600000,1776571199999,2633925.82016000,30910,1856.01200000,1156986.44082000
1776571200000,2026-04-19 04:00:00,623.26000000,624.72000000,620.48000000,622.06000000,3836.21100000,1776574799999,2389233.17290000,29132,1718.77400000,1070683.26562000
1776574800000,2026-04-19 05:00:00,622.06000000,623.49000000,621.84000000,622.65000000,3652.34500000,1776578399999,2274181.50904000,20425,2213.13700000,1378071.17059000
1776578400000,2026-04-19 06:00:00,622.65000000,623.55000000,619.77000000,622.81000000,5173.48400000,1776581999999,3215062.68704000,26305,2157.82300000,1342029.97943000
1776582000000,2026-04-19 07:00:00,622.81000000,622.82000000,618.10000000,620.32000000,5159.05700000,1776585599999,3197764.33964000,39015,2493.45200000,1545955.49145000
1776585600000,2026-04-19 08:00:00,620.32000000,621.47000000,618.00000000,621.23000000,4504.50100000,1776589199999,2792857.10481000,28018,2179.88900000,1351900.39505000
1776589200000,2026-04-19 09:00:00,621.23000000,621.60000000,619.08000000,619.89000000,3477.16200000,1776592799999,2156869.64514000,28130,1680.33300000,1042238.02160000
1776592800000,2026-04-19 10:00:00,619.89000000,620.86000000,619.17000000,620.35000000,2915.04900000,1776596399999,1807153.76364000,23116,1661.32200000,1029893.46381000
1776596400000,2026-04-19 11:00:00,620.35000000,623.33000000,620.16000000,622.40000000,3595.78000000,1776599999999,2236692.05595000,26937,2154.38100000,1340136.58658000
1776600000000,2026-04-19 12:00:00,622.40000000,623.92000000,622.06000000,623.23000000,3311.74500000,1776603599999,2062569.22520000,26647,1893.23100000,1179092.85107000
1776603600000,2026-04-19 13:00:00,623.23000000,626.23000000,623.10000000,625.16000000,5557.27200000,1776607199999,3473259.14883000,38527,2999.20100000,1874601.83518000
1776607200000,2026-04-19 14:00:00,625.15000000,628.36000000,623.68000000,627.06000000,3665.16700000,1776610799999,2294574.05018000,30185,2095.07100000,1311854.17450000
1776610800000,2026-04-19 15:00:00,627.07000000,627.56000000,623.33000000,626.07000000,6146.47100000,1776614399999,3846188.80272000,38844,3095.36100000,1937142.84402000
1776614400000,2026-04-19 16:00:00,626.07000000,626.64000000,622.96000000,623.53000000,3971.69000000,1776617999999,2483310.41855000,39691,1822.25800000,1139598.85541000
1776618000000,2026-04-19 17:00:00,623.53000000,625.05000000,620.31000000,620.42000000,4497.51600000,1776621599999,2801692.64297000,38240,2412.64100000,1503821.47300000
1776621600000,2026-04-19 18:00:00,620.43000000,622.20000000,619.39000000,622.09000000,3486.74700000,1776625199999,2165014.51684000,27695,1820.23600000,1130424.92814000
1776625200000,2026-04-19 19:00:00,622.09000000,623.51000000,622.09000000,622.93000000,1935.32700000,1776628799999,1205384.95826000,22244,1189.24000000,740689.06495000
1776628800000,2026-04-19 20:00:00,622.93000000,622.93000000,620.00000000,621.02000000,3412.05800000,1776632399999,2117793.84400000,24000,1057.32000000,656621.22395000
1776632400000,2026-04-19 21:00:00,621.03000000,623.36000000,620.12000000,620.46000000,2618.48800000,1776635999999,1628205.46416000,22752,1472.45300000,915664.14428000
1776636000000,2026-04-19 22:00:00,620.45000000,620.45000000,615.00000000,617.01000000,9738.24200000,1776639599999,6005575.47481000,50654,5384.40200000,3318897.52398000
1776639600000,2026-04-19 23:00:00,617.01000000,617.79000000,615.10000000,616.06000000,3559.36500000,1776643199999,2193216.23666000,27829,1539.09500000,948416.22472000
1776643200000,2026-04-20 00:00:00,616.07000000,621.10000000,615.97000000,619.84000000,4610.90500000,1776646799999,2854736.12581000,32694,2536.25700000,1570152.22831000
1776646800000,2026-04-20 01:00:00,619.85000000,622.80000000,619.66000000,621.93000000,2273.96800000,1776650399999,1412955.60554000,25983,1414.80700000,879047.18857000
1776650400000,2026-04-20 02:00:00,621.92000000,622.00000000,620.07000000,621.24000000,2624.05400000,1776653999999,1629673.76867000,23453,1282.37800000,796451.56726000
1776654000000,2026-04-20 03:00:00,621.24000000,622.04000000,621.00000000,621.69000000,2174.67100000,1776657599999,1351294.23049000,15415,1276.76500000,793374.68895000
1776657600000,2026-04-20 04:00:00,621.70000000,621.70000000,620.31000000,621.02000000,2068.29400000,1776661199999,1284165.35318000,14860,1218.39000000,756401.23103000
1776661200000,2026-04-20 05:00:00,621.01000000,621.01000000,617.00000000,618.74000000,3123.14400000,1776664799999,1930720.77140000,19510,1407.30300000,869994.27610000
1776664800000,2026-04-20 06:00:00,618.75000000,624.38000000,618.51000000,624.24000000,3785.14400000,1776668399999,2351035.65096000,28700,2296.20700000,1426557.16984000
1776668400000,2026-04-20 07:00:00,624.23000000,629.48000000,623.21000000,624.69000000,6643.15000000,1776671999999,4158306.90063000,53402,3646.98700000,2283506.05248000
1776672000000,2026-04-20 08:00:00,624.69000000,625.56000000,622.71000000,623.82000000,5345.83200000,1776675599999,3335373.79723000,44859,2643.57300000,1649496.80280000
1776675600000,2026-04-20 09:00:00,623.81000000,627.03000000,623.47000000,626.71000000,4677.18700000,1776679199999,2926909.86714000,34365,1907.85000000,1193616.29079000
1776679200000,2026-04-20 10:00:00,626.72000000,628.14000000,626.01000000,626.05000000,4118.23000000,1776682799999,2582724.20358000,29090,1797.82400000,1127558.91906000
1776682800000,2026-04-20 11:00:00,626.04000000,626.80000000,625.15000000,625.50000000,3411.23900000,1776686399999,2134935.93024000,27029,1709.58800000,1069930.97765000
1776686400000,2026-04-20 12:00:00,625.49000000,627.94000000,624.30000000,625.05000000,4920.40000000,1776689999999,3079543.16859000,36586,1989.32200000,1245201.12759000
1776690000000,2026-04-20 13:00:00,625.05000000,626.60000000,623.40000000,625.82000000,7676.97300000,1776693599999,4801302.22391000,60790,4231.20800000,2646704.33630000
1776693600000,2026-04-20 14:00:00,625.82000000,628.06000000,622.81000000,623.58000000,6928.70300000,1776697199999,4333388.70167000,62514,3358.44000000,2099987.55144000
1776697200000,2026-04-20 15:00:00,623.59000000,628.36000000,620.87000000,628.31000000,4312.98600000,1776700799999,2695485.28836000,46420,2239.66200000,1399883.51826000
1776700800000,2026-04-20 16:00:00,628.31000000,629.42000000,626.89000000,627.11000000,2987.22400000,1776704399999,1876358.18124000,34962,1582.18700000,993886.81790000
1776704400000,2026-04-20 17:00:00,627.12000000,630.00000000,626.71000000,629.48000000,3168.79000000,1776707999999,1993282.32662000,28728,1857.85500000,1168833.31120000
1776708000000,2026-04-20 18:00:00,629.48000000,631.80000000,629.28000000,630.97000000,4669.74000000,1776711599999,2945194.31236000,35447,2485.50300000,1567532.23896000
1776711600000,2026-04-20 19:00:00,630.97000000,631.70000000,630.00000000,630.56000000,1762.86200000,1776715199999,1111785.59299000,17415,862.10900000,543680.46096000
1776715200000,2026-04-20 20:00:00,630.57000000,631.90000000,629.56000000,631.01000000,4047.98200000,1776718799999,2552114.54762000,24851,2151.00500000,1356172.91581000
1776718800000,2026-04-20 21:00:00,631.01000000,632.08000000,629.17000000,630.42000000,3443.09200000,1776722399999,2170949.42727000,28389,1630.94100000,1028471.03732000
1776722400000,2026-04-20 22:00:00,630.42000000,631.50000000,628.75000000,628.94000000,1483.61700000,1776725999999,934671.56750000,17809,629.12300000,396382.27452000
1776726000000,2026-04-20 23:00:00,628.93000000,629.40000000,628.00000000,629.26000000,1889.52400000,1776729599999,1187630.15058000,17218,1106.18000000,695276.75118000
1776729600000,2026-04-21 00:00:00,629.26000000,631.99000000,629.26000000,631.52000000,3330.31900000,1776733199999,2099964.31051000,29799,1872.04300000,1180287.39960000
1776733200000,2026-04-21 01:00:00,631.52000000,632.46000000,630.12000000,630.47000000,2210.16600000,1776736799999,1395068.25222000,21679,1196.32700000,755180.66689000
1776736800000,2026-04-21 02:00:00,630.47000000,630.69000000,628.42000000,628.64000000,2730.46100000,1776740399999,1718801.82658000,18776,1226.96500000,772353.98870000
1776740400000,2026-04-21 03:00:00,628.63000000,630.19000000,628.10000000,629.87000000,2824.53300000,1776743999999,1777134.84629000,18488,1477.04300000,929398.14476000
1776744000000,2026-04-21 04:00:00,629.87000000,630.76000000,628.81000000,630.61000000,1885.04400000,1776747599999,1187415.81640000,14952,1219.80200000,768395.12963000
1776747600000,2026-04-21 05:00:00,630.61000000,632.06000000,630.55000000,630.91000000,2394.99200000,1776751199999,1512179.59061000,16501,1444.80400000,912216.19313000
1776751200000,2026-04-21 06:00:00,630.90000000,633.08000000,630.04000000,632.46000000,2410.78200000,1776754799999,1522908.20332000,17529,1405.81600000,888128.32534000
1776754800000,2026-04-21 07:00:00,632.46000000,633.93000000,631.78000000,632.88000000,4448.52800000,1776758399999,2816383.80765000,24954,2679.48800000,1696393.69196000
1776758400000,2026-04-21 08:00:00,632.89000000,637.51000000,632.20000000,635.20000000,7499.12500000,1776761999999,4760420.54366000,41564,5023.86600000,3189124.23751000
1776762000000,2026-04-21 09:00:00,635.21000000,636.88000000,634.69000000,636.75000000,8379.99300000,1776765599999,5329413.57776000,39195,4725.94400000,3005872.86478000
1776765600000,2026-04-21 10:00:00,636.76000000,640.70000000,636.76000000,638.55000000,10904.39000000,1776769199999,6964761.58154000,41454,6941.62700000,4433818.31294000
1776769200000,2026-04-21 11:00:00,638.56000000,638.63000000,633.44000000,634.14000000,14905.16000000,1776772799999,9473212.27217000,62925,5124.72700000,3255952.47210000
1776772800000,2026-04-21 12:00:00,634.14000000,634.87000000,629.90000000,631.96000000,6353.03700000,1776776399999,4017512.41436000,49781,2814.64800000,1780196.68806000
1776776400000,2026-04-21 13:00:00,631.96000000,633.14000000,630.69000000,632.27000000,3734.74200000,1776779999999,2359257.20117000,43227,1859.71300000,1174941.08616000
1776780000000,2026-04-21 14:00:00,632.28000000,635.17000000,630.12000000,630.39000000,5402.49200000,1776783599999,3420033.66360000,50655,2347.08200000,1485881.57988000
1776783600000,2026-04-21 15:00:00,630.39000000,632.83000000,629.37000000,631.81000000,3819.15400000,1776787199999,2410440.92896000,45212,2094.73800000,1322203.82985000
1776787200000,2026-04-21 16:00:00,631.82000000,633.66000000,631.24000000,631.88000000,3520.44100000,1776790799999,2226612.06592000,36036,1818.94100000,1150507.09607000
1776790800000,2026-04-21 17:00:00,631.88000000,632.15000000,627.04000000,629.74000000,4209.65500000,1776794399999,2651185.90924000,44030,1840.53400000,1159154.18819000
1776794400000,2026-04-21 18:00:00,629.74000000,630.49000000,628.31000000,630.30000000,2183.63500000,1776797999999,1374523.08230000,26739,1128.61500000,710381.43730000
1776798000000,2026-04-21 19:00:00,630.31000000,631.58000000,625.00000000,626.60000000,3082.90900000,1776801599999,1936865.41150000,34582,1401.79400000,880905.31796000
1776801600000,2026-04-21 20:00:00,626.59000000,630.70000000,625.56000000,629.80000000,3578.82500000,1776805199999,2250360.52383000,27770,2014.05900000,1266515.03554000
1776805200000,2026-04-21 21:00:00,629.81000000,630.11000000,628.68000000,629.19000000,1530.73900000,1776808799999,963182.87760000,11349,801.88600000,504554.80775000
1776808800000,2026-04-21 22:00:00,629.19000000,629.71000000,627.71000000,628.90000000,1298.75000000,1776812399999,816389.41525000,15868,650.69900000,409059.07439000
1776812400000,2026-04-21 23:00:00,628.89000000,632.45000000,628.80000000,631.72000000,2735.36700000,1776815999999,1724593.54536000,22408,1784.17700000,1124688.70819000
1776816000000,2026-04-22 00:00:00,631.73000000,633.34000000,631.73000000,632.84000000,2196.35600000,1776819599999,1389227.52008000,20886,1344.09200000,850168.61149000
1776819600000,2026-04-22 01:00:00,632.85000000,633.10000000,631.19000000,632.68000000,1606.10800000,1776823199999,1015303.51984000,15999,1000.99900000,632855.23352000
1776823200000,2026-04-22 02:00:00,632.68000000,640.82000000,632.44000000,640.08000000,11139.42300000,1776826799999,7108823.55655000,62085,7179.64100000,4580889.76021000
1776826800000,2026-04-22 03:00:00,640.08000000,641.40000000,639.12000000,639.57000000,5626.56100000,1776830399999,3601232.31716000,38914,2795.31500000,1789285.06775000
1776830400000,2026-04-22 04:00:00,639.57000000,640.58000000,638.66000000,639.74000000,2983.53400000,1776833999999,1908180.02612000,19716,1682.55600000,1076004.12770000
1776834000000,2026-04-22 05:00:00,639.75000000,644.95000000,639.65000000,642.84000000,16398.53900000,1776837599999,10546481.67654000,68979,7558.65200000,4861012.82955000
1776837600000,2026-04-22 06:00:00,642.83000000,643.20000000,641.46000000,642.30000000,3660.38300000,1776841199999,2350728.31938000,22710,1912.32200000,1228065.06970000
1776841200000,2026-04-22 07:00:00,642.30000000,642.82000000,641.26000000,641.99000000,2917.39000000,1776844799999,1873317.74764000,20965,1414.23900000,908133.88016000
1776844800000,2026-04-22 08:00:00,642.00000000,642.96000000,641.00000000,642.17000000,4271.83300000,1776848399999,2742739.21905000,20688,1511.88400000,970442.80147000
1776848400000,2026-04-22 09:00:00,642.17000000,643.81000000,641.75000000,642.13000000,2477.28300000,1776851999999,1592646.99718000,21432,1177.29800000,756905.66228000
1776852000000,2026-04-22 10:00:00,642.13000000,643.17000000,641.00000000,642.07000000,5359.62600000,1776855599999,3440813.89275000,18881,1613.51100000,1036265.92432000
1776855600000,2026-04-22 11:00:00,642.07000000,642.97000000,641.13000000,642.77000000,3225.85700000,1776859199999,2070790.30817000,24225,1429.21500000,917516.61388000
1776859200000,2026-04-22 12:00:00,642.78000000,643.93000000,642.14000000,643.45000000,3365.51500000,1776862799999,2164471.46577000,28326,1962.41100000,1262003.98379000
1776862800000,2026-04-22 13:00:00,643.45000000,654.19000000,643.11000000,650.59000000,17645.76900000,1776866399999,11447032.89263000,86767,11387.74900000,7386774.59697000
1776866400000,2026-04-22 14:00:00,650.60000000,653.40000000,647.70000000,650.26000000,11826.15400000,1776869999999,7692159.23263000,64922,5960.31400000,3876864.27886000
1776870000000,2026-04-22 15:00:00,650.27000000,650.45000000,648.29000000,649.10000000,6171.51400000,1776873599999,4008026.87820000,42711,3376.79900000,2193023.06481000
1776873600000,2026-04-22 16:00:00,649.10000000,650.96000000,642.89000000,644.40000000,8093.45900000,1776877199999,5236428.89681000,46594,3731.90400000,2416208.52115000
1776877200000,2026-04-22 17:00:00,644.40000000,645.78000000,643.72000000,644.68000000,4425.56200000,1776880799999,2852948.05644000,30909,2463.80600000,1588320.32290000
1776880800000,2026-04-22 18:00:00,644.69000000,646.85000000,644.68000000,645.08000000,3357.95400000,1776884399999,2168141.14125000,21476,1471.77200000,950333.40025000
1776884400000,2026-04-22 19:00:00,645.08000000,646.49000000,643.93000000,644.10000000,2421.60100000,1776887999999,1562096.66906000,23784,998.60700000,644300.23163000
1776888000000,2026-04-22 20:00:00,644.10000000,644.18000000,640.46000000,641.06000000,7782.11000000,1776891599999,4991611.59036000,33571,2213.49400000,1420002.79599000
1776891600000,2026-04-22 21:00:00,641.07000000,643.41000000,640.23000000,641.47000000,2592.13900000,1776895199999,1664226.93201000,20956,1394.40300000,895344.06319000
1776895200000,2026-04-22 22:00:00,641.47000000,642.43000000,639.42000000,640.00000000,2015.46900000,1776898799999,1291031.38742000,16599,709.83400000,454656.29234000
1776898800000,2026-04-22 23:00:00,639.99000000,640.57000000,637.33000000,637.47000000,3426.20000000,1776902399999,2187531.08440000,23170,1637.98200000,1045789.94029000
1776902400000,2026-04-23 00:00:00,637.47000000,639.50000000,633.95000000,638.57000000,7572.80700000,1776905999999,4827802.84761000,55593,3619.32300000,2308133.34599000
1776906000000,2026-04-23 01:00:00,638.58000000,639.11000000,636.82000000,637.76000000,2992.97000000,1776909599999,1909318.41149000,26749,1521.99300000,970981.47768000
1776909600000,2026-04-23 02:00:00,637.76000000,638.16000000,633.79000000,634.87000000,4894.42100000,1776913199999,3111529.17017000,33741,2568.80100000,1632562.95944000
1776913200000,2026-04-23 03:00:00,634.86000000,635.88000000,633.23000000,635.60000000,7106.47900000,1776916799999,4513819.42039000,34162,3586.76600000,2278203.57700000
1776916800000,2026-04-23 04:00:00,635.61000000,636.38000000,635.01000000,636.18000000,2689.39100000,1776920399999,1709280.04940000,18190,1701.41200000,1081323.86118000
1776920400000,2026-04-23 05:00:00,636.17000000,637.19000000,635.47000000,636.96000000,1859.15800000,1776923999999,1183218.55819000,16587,1083.61200000,689659.10989000
1776924000000,2026-04-23 06:00:00,636.96000000,638.43000000,636.58000000,636.94000000,3931.34900000,1776927599999,2506211.93711000,25536,1918.94100000,1223484.08416000
1776927600000,2026-04-23 07:00:00,636.95000000,637.20000000,635.30000000,635.70000000,4703.61400000,1776931199999,2994010.31371000,21498,2406.03700000,1531591.31190000
1776931200000,2026-04-23 08:00:00,635.70000000,636.29000000,634.17000000,635.37000000,3223.64000000,1776934799999,2048151.07528000,22768,1778.40600000,1130057.30582000
1776934800000,2026-04-23 09:00:00,635.38000000,635.45000000,632.12000000,632.85000000,4305.62700000,1776938399999,2727925.07445000,28278,2007.55600000,1272178.28064000
1776938400000,2026-04-23 10:00:00,632.86000000,633.33000000,631.00000000,631.62000000,5066.76000000,1776941999999,3200702.81853000,28431,2160.48600000,1364735.34265000
1776942000000,2026-04-23 11:00:00,631.63000000,634.14000000,631.24000000,633.56000000,4291.68700000,1776945599999,2715683.44391000,25736,2583.72900000,1635439.50101000
1776945600000,2026-04-23 12:00:00,633.56000000,634.98000000,632.00000000,634.70000000,5474.27100000,1776949199999,3469442.12224000,30993,2942.21400000,1864951.57321000
1776949200000,2026-04-23 13:00:00,634.69000000,635.99000000,634.33000000,635.99000000,3608.78200000,1776952799999,2291781.62458000,32096,2393.74000000,1520200.93837000
1776952800000,2026-04-23 14:00:00,636.00000000,637.33000000,635.33000000,637.01000000,3196.10700000,1776956399999,2033472.40806000,33620,1767.71500000,1124649.68747000
1776956400000,2026-04-23 15:00:00,637.01000000,640.00000000,635.85000000,639.74000000,6122.71100000,1776959999999,3909751.31692000,34931,2811.33100000,1794804.28704000
1776960000000,2026-04-23 16:00:00,639.74000000,640.38000000,638.41000000,638.54000000,4028.96000000,1776963599999,2576275.02878000,28762,1727.41200000,1104723.28349000
1776963600000,2026-04-23 17:00:00,638.54000000,638.92000000,631.14000000,633.88000000,8471.80500000,1776967199999,5375923.04212000,60985,4117.27600000,2612979.59763000
1776967200000,2026-04-23 18:00:00,633.89000000,636.66000000,633.62000000,634.11000000,3418.58000000,1776970799999,2170592.96521000,31948,1904.51600000,1209032.51098000
1776970800000,2026-04-23 19:00:00,634.11000000,636.55000000,633.65000000,635.91000000,2106.69500000,1776974399999,1338663.41719000,19857,1000.83900000,635957.23347000
1776974400000,2026-04-23 20:00:00,635.90000000,638.55000000,635.60000000,637.80000000,3226.12600000,1776977999999,2054654.78534000,20122,1985.80400000,1264903.33690000
1776978000000,2026-04-23 21:00:00,637.80000000,638.96000000,636.86000000,637.81000000,2115.81100000,1776981599999,1349816.35650000,15224,1228.41700000,783731.32561000
1776981600000,2026-04-23 22:00:00,637.81000000,639.79000000,637.80000000,638.57000000,1561.74300000,1776985199999,997845.27507000,15309,945.79800000,604239.88715000
1776985200000,2026-04-23 23:00:00,638.56000000,638.86000000,637.56000000,638.54000000,2439.76200000,1776988799999,1557433.60271000,11166,1200.09800000,766158.43506000
1776988800000,2026-04-24 00:00:00,638.55000000,640.42000000,638.08000000,639.92000000,2009.00300000,1776992399999,1284657.31695000,22485,1237.63600000,791382.02986000
1776992400000,2026-04-24 01:00:00,639.93000000,639.93000000,637.43000000,639.60000000,1772.70500000,1776995999999,1131786.50937000,17190,845.82800000,540116.11939000
1776996000000,2026-04-24 02:00:00,639.60000000,639.76000000,636.60000000,636.77000000,2348.85500000,1776999599999,1499097.62893000,18156,1035.94200000,661213.71591000
1776999600000,2026-04-24 03:00:00,636.77000000,636.82000000,633.60000000,634.61000000,3401.03700000,1777003199999,2158889.69988000,23370,1869.66200000,1186645.58391000
1777003200000,2026-04-24 04:00:00,634.61000000,634.61000000,632.45000000,633.87000000,3519.30500000,1777006799999,2230225.28470000,20751,1578.18800000,1000032.83381000
1777006800000,2026-04-24 05:00:00,633.87000000,634.66000000,632.04000000,634.11000000,3629.08800000,1777010399999,2297034.55868000,28032,1977.72500000,1251776.74677000
1777010400000,2026-04-24 06:00:00,634.11000000,635.36000000,633.38000000,634.56000000,3000.42400000,1777013999999,1903655.99013000,23259,1703.28800000,1080626.54557000
1777014000000,2026-04-24 07:00:00,634.57000000,637.17000000,634.33000000,635.00000000,3460.32100000,1777017599999,2200497.79777000,23647,1721.60800000,1094906.89021000
1777017600000,2026-04-24 08:00:00,634.99000000,637.87000000,634.54000000,637.04000000,3998.34300000,1777021199999,2545096.37579000,24382,2003.72800000,1275763.40492000
1777021200000,2026-04-24 09:00:00,637.04000000,637.19000000,633.33000000,633.97000000,4751.51000000,1777024799999,3014298.94354000,27035,2614.19500000,1658202.98434000
1777024800000,2026-04-24 10:00:00,633.97000000,635.55000000,633.60000000,634.88000000,2611.25200000,1777028399999,1657088.28430000,21606,1421.28100000,901897.23136000
1777028400000,2026-04-24 11:00:00,634.89000000,638.75000000,634.89000000,638.10000000,4605.17300000,1777031999999,2935134.71128000,37520,2735.36500000,1743051.03268000
1777032000000,2026-04-24 12:00:00,638.10000000,638.82000000,636.48000000,638.56000000,2481.98600000,1777035599999,1582884.27003000,26723,1376.81500000,878135.42965000
1777035600000,2026-04-24 13:00:00,638.57000000,640.49000000,637.42000000,638.45000000,4329.81500000,1777039199999,2767214.47824000,43532,2175.69900000,1390439.04696000
1777039200000,2026-04-24 14:00:00,638.44000000,639.11000000,636.05000000,638.23000000,4988.32500000,1777042799999,3183300.03829000,34986,3286.27200000,2097644.62491000
1777042800000,2026-04-24 15:00:00,638.23000000,639.78000000,635.95000000,639.60000000,5154.39900000,1777046399999,3291051.28870000,33873,3400.79900000,2171566.92856000
1777046400000,2026-04-24 16:00:00,639.60000000,639.97000000,636.75000000,637.90000000,3575.12400000,1777049999999,2282777.22770000,23992,2003.89600000,1279792.79803000
1777050000000,2026-04-24 17:00:00,637.91000000,638.49000000,636.54000000,637.76000000,2544.08300000,1777053599999,1621921.93073000,23609,1212.72300000,773155.32387000
1777053600000,2026-04-24 18:00:00,637.77000000,637.86000000,635.34000000,637.48000000,1395.24500000,1777057199999,888680.10794000,16149,766.86100000,488491.17858000
1777057200000,2026-04-24 19:00:00,637.48000000,638.90000000,636.76000000,638.24000000,1375.00400000,1777060799999,877197.09380000,14357,842.55600000,537579.24270000
1777060800000,2026-04-24 20:00:00,638.24000000,638.30000000,636.46000000,637.99000000,1665.68600000,1777064399999,1061608.69950000,13734,829.19200000,528531.28214000
1777064400000,2026-04-24 21:00:00,638.00000000,638.37000000,636.89000000,637.47000000,2026.91300000,1777067999999,1292412.49871000,14940,1049.68600000,669261.80806000
1777068000000,2026-04-24 22:00:00,637.47000000,637.71000000,635.43000000,636.11000000,1207.36100000,1777071599999,768904.67542000,13000,709.12900000,451642.56395000
1777071600000,2026-04-24 23:00:00,636.12000000,636.68000000,635.94000000,636.21000000,774.86100000,1777075199999,493013.86839000,6959,434.78700000,276640.60842000
1777075200000,2026-04-25 00:00:00,636.21000000,636.66000000,635.49000000,635.97000000,2530.27800000,1777078799999,1609329.94833000,10343,907.36600000,577088.21258000
1777078800000,2026-04-25 01:00:00,635.97000000,637.34000000,635.75000000,637.04000000,1648.71600000,1777082399999,1049494.64150000,10477,948.23900000,603593.57840000
1777082400000,2026-04-25 02:00:00,637.04000000,637.69000000,636.56000000,637.68000000,2301.18900000,1777085999999,1466576.27342000,9757,1588.88000000,1012623.14755000
1777086000000,2026-04-25 03:00:00,637.69000000,637.69000000,636.91000000,637.45000000,2412.31100000,1777089599999,1537165.99243000,12141,1306.30000000,832369.11344000
1777089600000,2026-04-25 04:00:00,637.45000000,637.89000000,636.92000000,637.73000000,1051.79900000,1777093199999,670501.88886000,7297,630.96700000,402224.35173000
1777093200000,2026-04-25 05:00:00,637.72000000,637.72000000,636.41000000,636.70000000,1098.40300000,1777096799999,699512.41690000,9159,531.75700000,338634.98413000
1777096800000,2026-04-25 06:00:00,636.70000000,638.08000000,636.29000000,637.45000000,1496.89800000,1777100399999,953854.23975000,10801,865.37100000,551426.64208000
1777100400000,2026-04-25 07:00:00,637.46000000,637.61000000,636.70000000,636.70000000,1808.40400000,1777103999999,1152377.11686000,11331,1086.36700000,692281.51722000
1777104000000,2026-04-25 08:00:00,636.71000000,638.50000000,636.47000000,638.07000000,2755.45700000,1777107599999,1757805.31006000,11836,1682.53800000,1073275.90227000
1777107600000,2026-04-25 09:00:00,638.08000000,638.34000000,637.16000000,637.65000000,2863.47900000,1777111199999,1826272.14250000,11242,1468.41400000,936518.39414000
1777111200000,2026-04-25 10:00:00,637.64000000,638.30000000,637.46000000,637.99000000,1182.14100000,1777114799999,754060.97927000,8331,728.64200000,464783.38323000
1777114800000,2026-04-25 11:00:00,637.99000000,637.99000000,634.20000000,634.66000000,2987.14900000,1777118399999,1899454.64710000,22246,1180.93500000,750659.82775000
1777118400000,2026-04-25 12:00:00,634.66000000,635.15000000,632.85000000,632.93000000,2782.91400000,1777121999999,1765213.26378000,21682,1519.97000000,964259.11323000
1777122000000,2026-04-25 13:00:00,632.94000000,633.90000000,632.73000000,632.74000000,4020.01900000,1777125599999,2545999.28788000,23885,1935.57300000,1225851.44426000
1777125600000,2026-04-25 14:00:00,632.74000000,632.90000000,630.92000000,630.92000000,5414.33900000,1777129199999,3421730.90482000,37767,2320.46900000,1466767.06813000
1777129200000,2026-04-25 15:00:00,630.92000000,631.67000000,629.11000000,629.91000000,7505.67600000,1777132799999,4730308.80550000,44265,2196.38800000,1384678.19070000
1777132800000,2026-04-25 16:00:00,629.90000000,630.41000000,627.36000000,629.52000000,3821.67800000,1777136399999,2404425.80998000,29955,1632.79300000,1027497.46608000
1777136400000,2026-04-25 17:00:00,629.52000000,629.99000000,627.32000000,627.41000000,2797.84700000,1777139999999,1758757.80971000,21344,1370.50400000,861568.28707000
1777140000000,2026-04-25 18:00:00,627.41000000,629.13000000,627.15000000,628.71000000,1665.06400000,1777143599999,1046118.12400000,15472,895.62100000,562686.75181000
1777143600000,2026-04-25 19:00:00,628.71000000,629.40000000,628.17000000,628.66000000,1086.96100000,1777147199999,683402.31229000,11466,583.14300000,366639.24900000
1777147200000,2026-04-25 20:00:00,628.67000000,629.41000000,628.34000000,629.33000000,816.69000000,1777150799999,513704.63548000,7691,462.33600000,290813.19605000
1777150800000,2026-04-25 21:00:00,629.32000000,629.75000000,628.92000000,629.40000000,1704.99300000,1777154399999,1072905.25149000,10761,1002.83800000,631044.64724000
1777154400000,2026-04-25 22:00:00,629.41000000,630.43000000,629.01000000,629.57000000,1040.63100000,1777157999999,655226.07903000,11552,614.37400000,386827.60569000
1777158000000,2026-04-25 23:00:00,629.57000000,629.67000000,628.40000000,628.53000000,2125.30100000,1777161599999,1336980.20839000,9817,821.38000000,516696.95281000
1777161600000,2026-04-26 00:00:00,628.52000000,629.34000000,627.50000000,628.81000000,2487.50400000,1777165199999,1563446.40656000,14472,1416.05800000,890296.21678000
1777165200000,2026-04-26 01:00:00,628.82000000,630.35000000,628.24000000,629.77000000,2323.55000000,1777168799999,1462671.29804000,15102,1283.33200000,808065.50406000
1777168800000,2026-04-26 02:00:00,629.77000000,630.11000000,629.18000000,629.94000000,1329.35700000,1777172399999,836952.54531000,9941,490.54100000,308822.51695000
1777172400000,2026-04-26 03:00:00,629.95000000,629.99000000,627.00000000,628.63000000,1773.53300000,1777175999999,1114788.35384000,14024,804.10100000,505327.33466000
1777176000000,2026-04-26 04:00:00,628.63000000,630.72000000,628.27000000,630.09000000,1965.91800000,1777179599999,1236934.13471000,15121,1399.45300000,880487.87487000
1777179600000,2026-04-26 05:00:00,630.09000000,632.79000000,630.01000000,631.62000000,2962.86600000,1777183199999,1871539.73482000,20703,1580.71700000,998522.56679000
1777183200000,2026-04-26 06:00:00,631.62000000,632.46000000,630.76000000,631.04000000,2165.51800000,1777186799999,1367675.39910000,13259,910.81200000,575301.68486000
1777186800000,2026-04-26 07:00:00,631.05000000,632.61000000,630.96000000,632.52000000,2718.10100000,1777190399999,1716554.66804000,12263,1362.93000000,860657.35671000
1777190400000,2026-04-26 08:00:00,632.52000000,632.75000000,629.90000000,630.60000000,3854.85300000,1777193999999,2432232.88233000,19719,1646.92400000,1039150.66491000
1777194000000,2026-04-26 09:00:00,630.61000000,632.31000000,630.00000000,631.70000000,3126.56500000,1777197599999,1973033.82368000,13230,2161.81500000,1364457.10929000
1777197600000,2026-04-26 10:00:00,631.70000000,631.84000000,631.19000000,631.44000000,1371.69300000,1777201199999,866280.42339000,11414,725.08300000,457917.33591000
1777201200000,2026-04-26 11:00:00,631.44000000,632.70000000,631.44000000,632.54000000,1459.70100000,1777204799999,922732.49188000,11868,742.45800000,469339.48204000
1777204800000,2026-04-26 12:00:00,632.55000000,632.55000000,630.60000000,630.97000000,1960.95500000,1777208399999,1238075.22710000,13772,956.19400000,603660.12229000
1777208400000,2026-04-26 13:00:00,630.98000000,631.86000000,630.64000000,631.37000000,1905.48700000,1777211999999,1202879.09331000,13772,1041.44700000,657497.45980000
1777212000000,2026-04-26 14:00:00,631.38000000,633.03000000,630.88000000,632.14000000,3605.97900000,1777215599999,2278583.90548000,22225,1670.90100000,1056185.69922000
1777215600000,2026-04-26 15:00:00,632.14000000,632.88000000,631.62000000,632.29000000,1904.96800000,1777219199999,1204338.15262000,12485,914.85800000,578349.85895000
1777219200000,2026-04-26 16:00:00,632.29000000,632.54000000,631.08000000,631.15000000,1188.98900000,1777222799999,751013.72326000,10544,551.63900000,348415.95480000
1777222800000,2026-04-26 17:00:00,631.14000000,632.00000000,630.59000000,631.99000000,787.61700000,1777226399999,497366.66488000,10187,462.76600000,292233.55080000
1777226400000,2026-04-26 18:00:00,631.99000000,634.40000000,631.72000000,633.87000000,2853.77200000,1777229999999,1807357.53560000,20551,1709.72100000,1082837.63883000
1777230000000,2026-04-26 19:00:00,633.86000000,636.74000000,633.50000000,635.89000000,4110.50000000,1777233599999,2612070.24369000,25677,2552.91300000,1622561.03199000
1777233600000,2026-04-26 20:00:00,635.90000000,636.28000000,634.54000000,634.62000000,1181.82700000,1777237199999,750933.37835000,11172,639.18700000,406143.99520000
1777237200000,2026-04-26 21:00:00,634.62000000,636.84000000,633.00000000,635.70000000,2625.48400000,1777240799999,1667447.00599000,25681,1312.43500000,833543.17476000
1777240800000,2026-04-26 22:00:00,635.70000000,638.06000000,633.69000000,635.02000000,1879.35100000,1777244399999,1195771.50369000,25314,998.91200000,635678.94992000
1777244400000,2026-04-26 23:00:00,635.03000000,636.79000000,633.84000000,635.76000000,2902.25200000,1777247999999,1844370.21962000,17674,1116.60500000,709640.55084000
1777248000000,2026-04-27 00:00:00,635.77000000,638.39000000,633.74000000,638.29000000,3026.52000000,1777251599999,1926143.03411000,24578,1635.84600000,1041750.21541000
1777251600000,2026-04-27 01:00:00,638.30000000,639.81000000,635.73000000,638.49000000,5661.45000000,1777255199999,3611821.43626000,37786,3161.50600000,2017266.13562000
1777255200000,2026-04-27 02:00:00,638.49000000,639.65000000,637.21000000,638.47000000,6653.15200000,1777258799999,4247518.75336000,30358,2870.49000000,1833453.82969000
1777258800000,2026-04-27 03:00:00,638.48000000,639.78000000,638.18000000,638.27000000,2702.99100000,1777262399999,1727156.74353000,15276,1543.02300000,986039.44837000
1777262400000,2026-04-27 04:00:00,638.27000000,638.64000000,636.40000000,636.87000000,3931.95300000,1777265999999,2508090.53182000,18285,1674.70500000,1068298.32762000
1777266000000,2026-04-27 05:00:00,636.88000000,637.11000000,627.88000000,629.20000000,11427.82800000,1777269599999,7211179.49893000,73898,3942.42100000,2486572.75028000
1777269600000,2026-04-27 06:00:00,629.20000000,629.67000000,625.15000000,627.31000000,8870.59000000,1777273199999,5565866.33419000,39654,5670.96900000,3558883.03897000
1777273200000,2026-04-27 07:00:00,627.32000000,627.59000000,625.50000000,625.87000000,4179.68100000,1777276799999,2618150.24879000,27944,2079.77900000,1302903.06218000
1777276800000,2026-04-27 08:00:00,625.87000000,628.27000000,625.40000000,628.04000000,4345.81300000,1777280399999,2724007.71505000,28405,2408.26300000,1509829.68058000
1777280400000,2026-04-27 09:00:00,628.04000000,628.94000000,627.30000000,628.49000000,2774.06200000,1777283999999,1742986.28674000,21132,1579.25100000,992276.74185000
1777284000000,2026-04-27 10:00:00,628.49000000,628.62000000,627.62000000,627.80000000,1619.31200000,1777287599999,1017002.91632000,14692,748.99300000,470380.79904000
1777287600000,2026-04-27 11:00:00,627.80000000,627.92000000,626.57000000,627.40000000,2197.54400000,1777291199999,1378439.78505000,15351,1029.74000000,645945.26615000
1777291200000,2026-04-27 12:00:00,627.39000000,627.39000000,625.20000000,625.79000000,3674.32700000,1777294799999,2300383.31668000,17773,1399.35500000,876118.27205000
1777294800000,2026-04-27 13:00:00,625.79000000,627.02000000,624.17000000,625.49000000,4835.46500000,1777298399999,3025874.26216000,33337,2133.61900000,1335295.78695000
1777298400000,2026-04-27 14:00:00,625.49000000,628.56000000,625.00000000,626.29000000,5291.12200000,1777301999999,3314606.70244000,41079,2161.97200000,1354409.19383000
1777302000000,2026-04-27 15:00:00,626.30000000,626.45000000,618.38000000,620.94000000,11576.96100000,1777305599999,7193948.16732000,78154,5389.47900000,3349533.94884000
1777305600000,2026-04-27 16:00:00,620.93000000,622.30000000,620.50000000,621.50000000,4483.67800000,1777309199999,2785515.84712000,29681,3002.49100000,1865170.75736000
1777309200000,2026-04-27 17:00:00,621.50000000,624.02000000,621.49000000,623.06000000,4400.11300000,1777312799999,2742545.38178000,26781,2239.51600000,1395659.08189000
1777312800000,2026-04-27 18:00:00,623.05000000,623.80000000,622.25000000,623.49000000,2511.35900000,1777316399999,1564375.62767000,19273,1047.72500000,652704.77269000
1777316400000,2026-04-27 19:00:00,623.49000000,623.58000000,621.01000000,623.53000000,2251.73900000,1777319999999,1401491.38309000,19088,1050.94000000,654174.62944000
1777320000000,2026-04-27 20:00:00,623.53000000,624.36000000,623.52000000,623.95000000,1240.72700000,1777323599999,774126.36628000,11527,550.89800000,343723.79679000
1777323600000,2026-04-27 21:00:00,623.96000000,624.68000000,623.33000000,623.34000000,2093.59200000,1777327199999,1306233.10485000,13090,897.31900000,559858.19875000
1777327200000,2026-04-27 22:00:00,623.34000000,625.12000000,623.13000000,624.78000000,1378.74600000,1777330799999,860752.80203000,13151,704.69100000,439936.15864000
1777330800000,2026-04-27 23:00:00,624.78000000,627.31000000,624.30000000,626.83000000,2816.76300000,1777334399999,1762320.81740000,16379,1681.54100000,1051815.95523000
1777334400000,2026-04-28 00:00:00,626.83000000,627.58000000,626.01000000,627.08000000,1550.84500000,1777337999999,972039.28862000,16987,599.04700000,375501.32545000
1777338000000,2026-04-28 01:00:00,627.07000000,627.10000000,625.50000000,625.82000000,1700.77200000,1777341599999,1065150.97174000,12123,618.52800000,387465.76092000
1777341600000,2026-04-28 02:00:00,625.83000000,626.64000000,623.28000000,624.43000000,2348.92100000,1777345199999,1467589.75684000,16620,982.92900000,614095.86114000
1777345200000,2026-04-28 03:00:00,624.42000000,624.66000000,623.44000000,624.52000000,1525.96900000,1777348799999,952151.24810000,13973,650.28200000,405748.62245000
1777348800000,2026-04-28 04:00:00,624.52000000,625.99000000,623.87000000,625.51000000,3005.75100000,1777352399999,1878719.26498000,16628,1655.33800000,1034334.87255000
1777352400000,2026-04-28 05:00:00,625.51000000,626.62000000,624.43000000,624.75000000,2731.95500000,1777355999999,1708947.95863000,19802,1393.90700000,872036.25741000
1777356000000,2026-04-28 06:00:00,624.75000000,625.96000000,623.09000000,623.16000000,5546.39400000,1777359599999,3465882.40296000,21969,2488.13100000,1555015.77551000
1777359600000,2026-04-28 07:00:00,623.16000000,624.50000000,621.86000000,624.26000000,5223.99000000,1777363199999,3255634.73105000,23102,2254.18500000,1404831.56927000
1777363200000,2026-04-28 08:00:00,624.26000000,625.47000000,623.76000000,624.54000000,2067.30700000,1777366799999,1291065.43233000,17109,979.87900000,611962.47243000
1777366800000,2026-04-28 09:00:00,624.55000000,624.91000000,622.40000000,622.97000000,2458.51400000,1777370399999,1532834.01609000,20842,1246.95600000,777413.81439000
1777370400000,2026-04-28 10:00:00,622.97000000,623.83000000,622.41000000,622.71000000,2359.95300000,1777373999999,1470584.13803000,20543,1110.93400000,692365.70174000
1777374000000,2026-04-28 11:00:00,622.70000000,622.96000000,621.21000000,621.85000000,2790.75100000,1777377599999,1735660.56898000,26907,1410.77000000,877373.73118000
1777377600000,2026-04-28 12:00:00,621.86000000,623.54000000,621.13000000,623.26000000,3280.39300000,1777381199999,2041703.45482000,29039,1827.33500000,1137379.38893000
1777381200000,2026-04-28 13:00:00,623.26000000,623.63000000,620.54000000,622.22000000,4927.96900000,1777384799999,3063649.80423000,34248,2794.20000000,1737049.99804000
1777384800000,2026-04-28 14:00:00,622.22000000,622.29000000,619.00000000,622.29000000,5463.35300000,1777388399999,3390208.23533000,35486,2356.24500000,1462313.30267000
1777388400000,2026-04-28 15:00:00,622.30000000,623.00000000,621.81000000,622.82000000,3209.09500000,1777391999999,1997782.60130000,22360,1540.31300000,958906.33027000
1777392000000,2026-04-28 16:00:00,622.82000000,623.59000000,621.82000000,623.48000000,2351.29400000,1777395599999,1464037.66082000,19665,949.75200000,591396.77348000
1777395600000,2026-04-28 17:00:00,623.48000000,624.00000000,622.43000000,623.52000000,2139.00100000,1777399199999,1333015.83998000,17801,882.14500000,549791.69955000
1777399200000,2026-04-28 18:00:00,623.52000000,624.01000000,623.05000000,623.73000000,1294.77500000,1777402799999,807483.49409000,10467,682.82400000,425810.68359000
1777402800000,2026-04-28 19:00:00,623.73000000,624.30000000,622.97000000,624.17000000,1352.80100000,1777406399999,843886.83896000,7761,912.96900000,569539.72245000
1777406400000,2026-04-28 20:00:00,624.17000000,624.46000000,623.74000000,624.28000000,1865.94000000,1777409999999,1164490.22380000,9485,810.16300000,505595.49590000
1777410000000,2026-04-28 21:00:00,624.29000000,624.66000000,623.00000000,623.61000000,1262.25900000,1777413599999,787409.31487000,9386,469.30500000,292786.08907000
1777413600000,2026-04-28 22:00:00,623.61000000,624.38000000,622.87000000,623.24000000,947.53100000,1777417199999,590794.02123000,8608,453.40300000,282654.87015000
1777417200000,2026-04-28 23:00:00,623.24000000,624.64000000,622.95000000,624.55000000,942.20900000,1777420799999,587845.94040000,7016,483.85100000,301877.71551000
1777420800000,2026-04-29 00:00:00,624.56000000,624.91000000,623.57000000,624.60000000,1524.91000000,1777424399999,952146.81397000,13501,738.10500000,460904.97457000
1777424400000,2026-04-29 01:00:00,624.61000000,625.33000000,622.56000000,624.72000000,2042.12400000,1777427999999,1274603.93967000,16703,1076.38900000,671923.07728000
1777428000000,2026-04-29 02:00:00,624.73000000,625.30000000,623.61000000,624.18000000,1881.41900000,1777431599999,1174748.58299000,12136,881.05500000,550093.51981000
1777431600000,2026-04-29 03:00:00,624.19000000,626.73000000,624.11000000,626.05000000,4232.68900000,1777435199999,2648543.77455000,29393,1965.50200000,1229909.67298000
1777435200000,2026-04-29 04:00:00,626.05000000,628.50000000,625.00000000,627.86000000,5066.66900000,1777438799999,3177548.02161000,25742,2982.09200000,1870008.11299000
1777438800000,2026-04-29 05:00:00,627.86000000,628.23000000,627.05000000,627.35000000,3185.83600000,1777442399999,1999719.13837000,14838,1028.30200000,645399.21809000
1777442400000,2026-04-29 06:00:00,627.35000000,627.61000000,625.49000000,626.06000000,3185.45900000,1777445999999,1995327.59845000,19343,1644.56400000,1030179.68926000
1777446000000,2026-04-29 07:00:00,626.06000000,626.73000000,625.00000000,625.13000000,5208.46300000,1777449599999,3260243.56975000,21600,2029.56800000,1270364.85120000
1777449600000,2026-04-29 08:00:00,625.13000000,625.86000000,624.54000000,625.62000000,4525.75800000,1777453199999,2829633.20648000,20246,1937.73600000,1211531.89268000
1777453200000,2026-04-29 09:00:00,625.62000000,629.45000000,625.25000000,629.05000000,5079.58700000,1777456799999,3187367.83178000,36327,2614.36300000,1640836.56628000
1777456800000,2026-04-29 10:00:00,629.06000000,629.61000000,627.46000000,627.85000000,3873.10500000,1777460399999,2434907.55580000,30208,1624.50900000,1021359.35314000
1777460400000,2026-04-29 11:00:00,627.85000000,628.00000000,625.92000000,626.02000000,6000.83600000,1777463999999,3760310.14702000,28237,1886.62900000,1182164.93544000
1777464000000,2026-04-29 12:00:00,626.01000000,626.06000000,622.19000000,623.88000000,4988.26100000,1777467599999,3110924.51573000,42653,1983.23100000,1236676.75431000
1777467600000,2026-04-29 13:00:00,623.88000000,624.20000000,620.02000000,622.17000000,4039.95600000,1777471199999,2513112.23093000,37547,2001.80500000,1245348.93209000
1777471200000,2026-04-29 14:00:00,622.16000000,622.86000000,620.63000000,621.13000000,3858.49700000,1777474799999,2399358.60367000,28095,1425.88900000,886624.87497000
1777474800000,2026-04-29 15:00:00,621.14000000,621.33000000,615.48000000,616.51000000,8198.36400000,1777478399999,5065778.34516000,48929,3331.33200000,2057588.36074000
1777478400000,2026-04-29 16:00:00,616.52000000,618.01000000,616.21000000,617.73000000,4088.90000000,1777481999999,2523632.14278000,32957,1975.90400000,1219572.85669000
1777482000000,2026-04-29 17:00:00,617.73000000,620.01000000,617.73000000,619.92000000,3826.14500000,1777485599999,2368756.49220000,24204,1739.83100000,1076962.47122000
1777485600000,2026-04-29 18:00:00,619.92000000,620.28000000,610.26000000,613.76000000,15726.03700000,1777489199999,9643110.07349000,90941,6436.90100000,3945550.42884000
1777489200000,2026-04-29 19:00:00,613.76000000,614.46000000,612.37000000,613.31000000,2913.08600000,1777492799999,1786922.89330000,23369,1250.05300000,766811.82340000
1777492800000,2026-04-29 20:00:00,613.32000000,616.15000000,613.02000000,615.39000000,2991.72900000,1777496399999,1839268.27581000,21839,1826.96400000,1123286.90346000
1777496400000,2026-04-29 21:00:00,615.38000000,618.58000000,615.03000000,617.19000000,2498.51100000,1777499999999,1540611.00736000,15772,1273.13100000,785225.71769000
1777500000000,2026-04-29 22:00:00,617.18000000,618.14000000,616.56000000,618.03000000,1278.41800000,1777503599999,789209.78398000,11738,555.13400000,342699.17819000
1777503600000,2026-04-29 23:00:00,618.03000000,618.24000000,616.72000000,617.39000000,1598.41300000,1777507199999,987069.23823000,13025,809.49600000,499899.37696000
1777507200000,2026-04-30 00:00:00,617.39000000,620.41000000,616.33000000,620.28000000,4532.13100000,1777510799999,2801072.73250000,23616,1765.27700000,1092081.75163000
1777510800000,2026-04-30 01:00:00,620.27000000,620.53000000,619.22000000,619.23000000,2057.65100000,1777514399999,1275486.49220000,17357,783.76000000,485870.41540000
1777514400000,2026-04-30 02:00:00,619.23000000,620.18000000,616.03000000,617.43000000,3999.70500000,1777517999999,2472140.43549000,35379,2009.64300000,1242283.92908000
1777518000000,2026-04-30 03:00:00,617.42000000,618.48000000,616.99000000,617.88000000,1976.60500000,1777521599999,1220920.43443000,15186,890.63000000,550153.05151000
1777521600000,2026-04-30 04:00:00,617.88000000,618.00000000,614.53000000,614.66000000,2812.09100000,1777525199999,1731932.95316000,19486,961.86500000,592306.42236000
1777525200000,2026-04-30 05:00:00,614.66000000,616.51000000,613.47000000,616.35000000,5333.21900000,1777528799999,3283530.21801000,20753,2051.68000000,1263120.62417000
1777528800000,2026-04-30 06:00:00,616.34000000,616.80000000,615.52000000,615.64000000,4085.44700000,1777532399999,2517394.87404000,22743,1582.26100000,974992.00257000
1777532400000,2026-04-30 07:00:00,615.65000000,618.26000000,615.52000000,617.50000000,6566.30400000,1777535999999,4053202.66846000,21444,2494.03200000,1539183.56127000
1777536000000,2026-04-30 08:00:00,617.50000000,618.29000000,616.60000000,616.61000000,3506.39300000,1777539599999,2164331.96802000,17552,1402.56700000,865815.33189000
1777539600000,2026-04-30 09:00:00,616.61000000,618.75000000,616.57000000,616.90000000,2324.81200000,1777543199999,1435037.09576000,19159,840.37000000,518753.30475000
1777543200000,2026-04-30 10:00:00,616.90000000,617.28000000,615.62000000,615.84000000,2833.00800000,1777546799999,1745707.49276000,19379,949.83000000,585344.42992000
1777546800000,2026-04-30 11:00:00,615.85000000,617.33000000,614.38000000,615.63000000,5077.11900000,1777550399999,3126930.26101000,26275,1363.21000000,839647.99973000
1777550400000,2026-04-30 12:00:00,615.64000000,616.80000000,615.00000000,615.28000000,4345.72600000,1777553999999,2676336.17229000,27212,1538.72600000,947754.98133000
1777554000000,2026-04-30 13:00:00,615.29000000,616.70000000,614.14000000,615.60000000,4067.24500000,1777557599999,2503372.79415000,34414,1900.36300000,1169725.07403000
1777557600000,2026-04-30 14:00:00,615.61000000,616.51000000,613.58000000,616.43000000,6486.73800000,1777561199999,3992635.89055000,41168,3331.34500000,2050619.20983000
1777561200000,2026-04-30 15:00:00,616.42000000,618.13000000,615.76000000,617.10000000,4235.35200000,1777564799999,2612440.41119000,35222,2106.48000000,1299374.81449000
1777564800000,2026-04-30 16:00:00,617.09000000,617.15000000,616.00000000,616.33000000,2402.69700000,1777568399999,1481725.58917000,16663,1146.22700000,706876.05425000
1777568400000,2026-04-30 17:00:00,616.33000000,617.36000000,615.75000000,617.11000000,2126.60100000,1777571999999,1310568.94115000,14227,953.19100000,587483.19387000
1777572000000,2026-04-30 18:00:00,617.11000000,618.69000000,617.10000000,617.56000000,1601.47100000,1777575599999,989609.33899000,14700,740.79400000,457779.26325000
1777575600000,2026-04-30 19:00:00,617.57000000,618.84000000,617.23000000,618.45000000,1891.52300000,1777579199999,1169523.22189000,14268,853.36200000,527647.37598000
1777579200000,2026-04-30 20:00:00,618.44000000,618.61000000,617.73000000,617.74000000,1528.01700000,1777582799999,944477.22340000,11138,362.49800000,224058.50428000
1777582800000,2026-04-30 21:00:00,617.73000000,617.79000000,616.00000000,616.01000000,1540.67800000,1777586399999,950665.45585000,12631,478.78600000,295451.89608000
1777586400000,2026-04-30 22:00:00,616.01000000,616.41000000,614.91000000,615.08000000,1793.65500000,1777589999999,1104354.41914000,15550,585.37600000,360511.30152000
1777590000000,2026-04-30 23:00:00,615.08000000,615.63000000,614.79000000,615.38000000,1488.25700000,1777593599999,915588.37231000,10832,401.83300000,247207.97166000
1777593600000,2026-05-01 00:00:00,615.38000000,616.80000000,615.28000000,615.57000000,2894.36500000,1777597199999,1783319.20613000,17976,1354.28300000,834433.70068000
1777597200000,2026-05-01 01:00:00,615.57000000,617.54000000,615.50000000,617.51000000,1918.18900000,1777600799999,1182685.41414000,12735,953.18800000,587762.32760000
1777600800000,2026-05-01 02:00:00,617.51000000,617.54000000,616.50000000,617.18000000,3678.68100000,1777604399999,2269703.64456000,13809,1624.32300000,1002169.71764000
1777604400000,2026-05-01 03:00:00,617.18000000,621.29000000,616.90000000,618.50000000,5867.57000000,1777607999999,3633866.63287000,34084,2900.75200000,1797134.01017000
1777608000000,2026-05-01 04:00:00,618.50000000,619.08000000,616.99000000,617.10000000,3437.91000000,1777611599999,2124208.64919000,20517,1326.57800000,819575.97827000
1777611600000,2026-05-01 05:00:00,617.11000000,618.29000000,616.99000000,617.90000000,1881.06800000,1777615199999,1162062.35895000,13419,823.30600000,508604.35964000
1777615200000,2026-05-01 06:00:00,617.90000000,618.37000000,616.03000000,616.66000000,2140.45500000,1777618799999,1321835.57960000,18140,1085.94200000,670742.15528000
1777618800000,2026-05-01 07:00:00,616.67000000,617.61000000,616.13000000,617.42000000,2934.67700000,1777622399999,1810535.76515000,15604,1457.48300000,899202.99255000
1777622400000,2026-05-01 08:00:00,617.42000000,619.56000000,617.13000000,618.67000000,2320.24200000,1777625999999,1434738.13981000,17211,1108.41000000,685424.63390000
1777626000000,2026-05-01 09:00:00,618.66000000,618.70000000,616.44000000,616.87000000,2813.90000000,1777629599999,1737439.81583000,16748,1037.80700000,640721.70710000
1777629600000,2026-05-01 10:00:00,616.87000000,617.41000000,615.94000000,617.40000000,4370.99900000,1777633199999,2695782.44509000,19924,2143.74000000,1322127.46252000
1777633200000,2026-05-01 11:00:00,617.41000000,619.00000000,617.41000000,618.92000000,3728.48300000,1777636799999,2305299.43953000,16519,1618.25200000,1000546.78416000
1777636800000,2026-05-01 12:00:00,618.92000000,620.84000000,618.44000000,619.14000000,7659.51800000,1777640399999,4746330.19606000,36764,3503.03700000,2170874.99679000
1777640400000,2026-05-01 13:00:00,619.14000000,622.84000000,619.14000000,622.48000000,7664.28300000,1777643999999,4762003.25107000,45711,3639.23400000,2260870.75069000
1777644000000,2026-05-01 14:00:00,622.47000000,622.82000000,619.56000000,620.70000000,5312.87000000,1777647599999,3301834.31203000,33499,1806.76600000,1122839.48215000
1777647600000,2026-05-01 15:00:00,620.71000000,622.62000000,619.74000000,620.83000000,4811.64700000,1777651199999,2989218.28621000,26064,1945.71200000,1208792.23316000
1777651200000,2026-05-01 16:00:00,620.83000000,621.79000000,619.35000000,619.55000000,3583.01300000,1777654799999,2222383.76329000,25058,1457.40800000,903982.83177000
1777654800000,2026-05-01 17:00:00,619.55000000,620.50000000,618.98000000,620.36000000,2074.05600000,1777658399999,1285403.36749000,15781,949.78800000,588646.35847000
1777658400000,2026-05-01 18:00:00,620.36000000,620.78000000,619.00000000,619.26000000,1754.88600000,1777661999999,1088196.72800000,14325,684.86000000,424747.29013000
1777662000000,2026-05-01 19:00:00,619.26000000,620.38000000,618.90000000,619.24000000,1465.18800000,1777665599999,907908.20166000,13257,555.91700000,344462.79091000
1777665600000,2026-05-01 20:00:00,619.24000000,619.37000000,616.40000000,616.94000000,3082.45000000,1777669199999,1905471.49371000,13832,1338.73300000,828017.89711000
1777669200000,2026-05-01 21:00:00,616.94000000,617.69000000,616.73000000,617.32000000,1848.35900000,1777672799999,1140941.66875000,17670,754.90000000,465983.59744000
1777672800000,2026-05-01 22:00:00,617.33000000,617.88000000,614.94000000,615.13000000,7672.39700000,1777676399999,4724556.50287000,18614,4161.00400000,2561183.11866000
1777676400000,2026-05-01 23:00:00,615.12000000,615.66000000,613.79000000,615.34000000,3138.53400000,1777679999999,1929756.72451000,12355,902.07700000,554807.77091000
1777680000000,2026-05-02 00:00:00,615.34000000,616.13000000,614.78000000,615.86000000,2589.41200000,1777683599999,1593380.85270000,16399,1279.53000000,787309.92350000
1777683600000,2026-05-02 01:00:00,615.86000000,616.58000000,615.59000000,615.81000000,1561.13200000,1777687199999,961778.34279000,12098,787.29900000,485055.97150000
1777687200000,2026-05-02 02:00:00,615.82000000,617.26000000,615.61000000,616.11000000,1684.15600000,1777690799999,1037807.04116000,11947,694.84500000,428194.05827000
1777690800000,2026-05-02 03:00:00,616.11000000,616.87000000,615.40000000,616.19000000,1766.26000000,1777694399999,1088256.59147000,10631,821.20700000,505984.22695000
1777694400000,2026-05-02 04:00:00,616.19000000,616.22000000,614.48000000,615.01000000,3363.20100000,1777697999999,2069122.90770000,13660,995.06700000,612115.16392000
1777698000000,2026-05-02 05:00:00,615.01000000,615.67000000,614.15000000,615.21000000,1700.76300000,1777701599999,1046125.96787000,12825,839.41400000,516318.32856000
1777701600000,2026-05-02 06:00:00,615.21000000,616.30000000,614.86000000,616.21000000,1376.90800000,1777705199999,847555.73646000,10522,568.16500000,349746.89019000
1777705200000,2026-05-02 07:00:00,616.21000000,616.40000000,615.25000000,615.91000000,1312.02300000,1777708799999,807958.68364000,8083,560.13800000,344930.54009000
1777708800000,2026-05-02 08:00:00,615.90000000,616.20000000,615.24000000,615.73000000,2066.39000000,1777712399999,1272520.92190000,10329,925.96400000,570226.15139000
1777712400000,2026-05-02 09:00:00,615.74000000,615.93000000,615.22000000,615.64000000,1543.40100000,1777715999999,950119.64428000,9204,701.65300000,431939.02746000
1777716000000,2026-05-02 10:00:00,615.63000000,615.86000000,615.16000000,615.76000000,1436.75200000,1777719599999,884302.96936000,7537,698.48700000,429929.26706000
1777719600000,2026-05-02 11:00:00,615.76000000,615.76000000,614.71000000,615.66000000,1613.30700000,1777723199999,992630.77787000,10020,781.68400000,480949.21587000
1777723200000,2026-05-02 12:00:00,615.67000000,616.45000000,615.38000000,615.89000000,2966.67400000,1777726799999,1827145.65006000,12667,1464.99500000,902287.11341000
1777726800000,2026-05-02 13:00:00,615.89000000,617.19000000,615.89000000,617.18000000,2842.74300000,1777730399999,1753066.26808000,12773,1414.72100000,872443.41688000
1777730400000,2026-05-02 14:00:00,617.18000000,617.62000000,616.65000000,616.77000000,3751.83900000,1777733999999,2315013.96320000,15059,1816.44500000,1120824.33380000
1777734000000,2026-05-02 15:00:00,616.77000000,618.27000000,616.69000000,618.22000000,2639.99200000,1777737599999,1630566.06231000,14505,1432.37500000,884710.95539000
1777737600000,2026-05-02 16:00:00,618.22000000,619.38000000,617.73000000,618.63000000,3447.53300000,1777741199999,2132008.28830000,16407,1568.55200000,969930.44356000
1777741200000,2026-05-02 17:00:00,618.63000000,618.89000000,618.02000000,618.33000000,2070.72400000,1777744799999,1280577.32226000,11644,1053.21600000,651350.41824000
1777744800000,2026-05-02 18:00:00,618.32000000,619.21000000,617.71000000,618.63000000,1678.53900000,1777748399999,1038184.81450000,10314,810.31400000,501171.52854000
1777748400000,2026-05-02 19:00:00,618.63000000,618.97000000,618.23000000,618.83000000,1378.04400000,1777751999999,852436.99797000,10311,598.15400000,370006.26927000
1777752000000,2026-05-02 20:00:00,618.84000000,618.85000000,618.26000000,618.56000000,1506.93300000,1777755599999,932200.11990000,9279,638.49400000,394969.28650000
1777755600000,2026-05-02 21:00:00,618.57000000,621.81000000,618.56000000,619.57000000,3686.95800000,1777759199999,2285141.74374000,27374,2182.45800000,1352844.82565000
1777759200000,2026-05-02 22:00:00,619.57000000,619.88000000,618.34000000,619.72000000,1730.13100000,1777762799999,1071021.98452000,15017,742.97500000,459914.64237000
1777762800000,2026-05-02 23:00:00,619.71000000,619.71000000,617.77000000,618.03000000,2260.17900000,1777766399999,1397632.36714000,12492,778.57800000,481419.90015000
1777766400000,2026-05-03 00:00:00,618.03000000,618.49000000,617.00000000,617.70000000,2163.22200000,1777769999999,1336309.24457000,15070,1105.60800000,683010.97614000
1777770000000,2026-05-03 01:00:00,617.70000000,617.77000000,615.55000000,616.02000000,2674.02400000,1777773599999,1647947.18229000,13942,1173.50300000,723193.51601000
1777773600000,2026-05-03 02:00:00,616.02000000,616.23000000,615.09000000,615.67000000,3621.00700000,1777777199999,2228944.16068000,15287,1273.94900000,784233.59905000
1777777200000,2026-05-03 03:00:00,615.67000000,616.56000000,615.35000000,616.22000000,2207.24300000,1777780799999,1359357.78644000,10280,1313.77400000,809047.12410000
1777780800000,2026-05-03 04:00:00,616.22000000,616.29000000,615.42000000,615.58000000,1697.09600000,1777784399999,1045238.19808000,9115,710.45200000,437572.05099000
1777784400000,2026-05-03 05:00:00,615.58000000,617.60000000,615.57000000,617.09000000,2424.96100000,1777787999999,1495918.15092000,12264,1344.01600000,829076.79104000
1777788000000,2026-05-03 06:00:00,617.09000000,617.22000000,615.31000000,616.88000000,3716.31400000,1777791599999,2289219.06388000,14433,1071.82900000,660259.04863000
1777791600000,2026-05-03 07:00:00,616.88000000,618.35000000,616.49000000,616.96000000,1911.70800000,1777795199999,1180730.08465000,13143,832.93800000,514458.44860000
1777795200000,2026-05-03 08:00:00,616.97000000,617.84000000,616.68000000,617.57000000,2568.15100000,1777798799999,1585413.10832000,11863,1649.81600000,1018518.56935000
1777798800000,2026-05-03 09:00:00,617.58000000,619.40000000,617.55000000,618.64000000,3449.37400000,1777802399999,2134706.20061000,14028,2100.22300000,1299808.40736000
1777802400000,2026-05-03 10:00:00,618.65000000,618.72000000,617.64000000,617.64000000,2947.45500000,1777805999999,1821920.42617000,11786,1324.18300000,818517.04998000
1777806000000,2026-05-03 11:00:00,617.64000000,619.54000000,617.14000000,618.81000000,3991.35700000,1777809599999,2469148.93528000,18450,2488.56400000,1539692.49966000
1777809600000,2026-05-03 12:00:00,618.81000000,619.80000000,618.81000000,619.05000000,2808.03300000,1777813199999,1738989.44351000,13535,1387.72600000,859484.50996000
1777813200000,2026-05-03 13:00:00,619.06000000,619.25000000,618.14000000,619.00000000,3138.18500000,1777816799999,1941735.92040000,14215,1467.94500000,908345.04442000
1777816800000,2026-05-03 14:00:00,619.00000000,620.21000000,618.90000000,620.00000000,4112.62700000,1777820399999,2547987.30360000,15087,2598.09800000,1609652.88716000
1777820400000,2026-05-03 15:00:00,619.99000000,620.57000000,619.59000000,619.87000000,3597.36600000,1777823999999,2230302.88898000,14649,1528.82600000,947870.83635000
1777824000000,2026-05-03 16:00:00,619.87000000,620.34000000,618.78000000,619.88000000,2334.97800000,1777827599999,1446912.34344000,15005,1047.02500000,648769.80698000
1777827600000,2026-05-03 17:00:00,619.88000000,620.78000000,618.95000000,619.78000000,3632.14200000,1777831199999,2251541.78399000,16943,1483.72700000,919684.78083000
1777831200000,2026-05-03 18:00:00,619.78000000,619.96000000,619.10000000,619.49000000,1799.88200000,1777834799999,1115069.73470000,12305,780.56100000,483556.05958000
1777834800000,2026-05-03 19:00:00,619.50000000,619.96000000,618.91000000,619.26000000,1831.31400000,1777838399999,1134120.28804000,12934,822.50300000,509365.67441000
1777838400000,2026-05-03 20:00:00,619.26000000,620.93000000,618.80000000,619.58000000,2935.30600000,1777841999999,1819178.24526000,20868,1588.59600000,984530.02260000
1777842000000,2026-05-03 21:00:00,619.59000000,619.95000000,617.90000000,618.88000000,3141.56500000,1777845599999,1945039.53137000,17058,1255.40500000,777179.03787000
1777845600000,2026-05-03 22:00:00,618.88000000,622.00000000,618.88000000,620.82000000,6399.60300000,1777849199999,3971256.49784000,36982,4343.92500000,2695684.32287000
1777849200000,2026-05-03 23:00:00,620.83000000,622.27000000,617.00000000,617.27000000,3747.21700000,1777852799999,2320462.19122000,25003,1269.95000000,786861.84471000
1777852800000,2026-05-04 00:00:00,617.28000000,617.54000000,615.61000000,617.18000000,5142.09300000,1777856399999,3169233.02630000,28823,2046.21300000,1261364.14225000
1777856400000,2026-05-04 01:00:00,617.18000000,623.20000000,616.33000000,622.21000000,5446.48800000,1777859999999,3375777.02576000,38782,3035.59600000,1881717.30731000
1777860000000,2026-05-04 02:00:00,622.22000000,626.66000000,621.81000000,624.76000000,17256.27100000,1777863599999,10771010.62364000,79263,7432.05600000,4641498.17658000
1777863600000,2026-05-04 03:00:00,624.76000000,626.58000000,623.88000000,626.57000000,9575.08000000,1777867199999,5985928.37370000,42137,4502.85700000,2815149.46262000
1777867200000,2026-05-04 04:00:00,626.58000000,639.00000000,626.58000000,632.65000000,30948.66200000,1777870799999,19627327.16978000,89042,16203.19400000,10270935.40126000
1777870800000,2026-05-04 05:00:00,632.65000000,634.63000000,631.84000000,633.26000000,13842.20500000,1777874399999,8765651.59708000,34439,4914.40400000,3110618.18565000
1777874400000,2026-05-04 06:00:00,633.26000000,634.13000000,626.88000000,628.45000000,11387.35700000,1777877999999,7169586.82050000,58658,4922.70600000,3098605.38378000
1777878000000,2026-05-04 07:00:00,628.46000000,629.58000000,627.68000000,628.40000000,4659.31100000,1777881599999,2928791.97962000,31846,2080.58000000,1307898.76815000
1777881600000,2026-05-04 08:00:00,628.40000000,628.99000000,627.51000000,628.08000000,5494.79400000,1777885199999,3452050.07386000,26610,2440.10700000,1533004.73970000
1777885200000,2026-05-04 09:00:00,628.09000000,631.01000000,627.73000000,630.55000000,4071.68100000,1777888799999,2563179.76062000,24248,1956.28300000,1231430.06908000
1777888800000,2026-05-04 10:00:00,630.55000000,630.60000000,620.00000000,623.72000000,20388.27600000,1777892399999,12719005.79130000,117195,7707.15500000,4802398.26362000
1777892400000,2026-05-04 11:00:00,623.71000000,624.57000000,622.36000000,622.90000000,4574.80800000,1777895999999,2851157.43170000,29980,1902.39700000,1185558.11693000
1777896000000,2026-05-04 12:00:00,622.91000000,623.48000000,622.02000000,622.26000000,6629.27300000,1777899599999,4129246.31992000,28967,3640.73300000,2267835.09958000
1777899600000,2026-05-04 13:00:00,622.27000000,624.50000000,621.19000000,623.36000000,9042.74200000,1777903199999,5635188.70808000,44811,3888.49400000,2423137.16511000
1777903200000,2026-05-04 14:00:00,623.36000000,628.44000000,621.45000000,627.19000000,12256.11300000,1777906799999,7663550.61898000,63267,5547.72600000,3468936.16553000
1777906800000,2026-05-04 15:00:00,627.19000000,628.43000000,623.48000000,625.47000000,15590.55100000,1777910399999,9761046.48284000,75857,5365.48000000,3357947.31162000
1777910400000,2026-05-04 16:00:00,625.47000000,626.84000000,623.50000000,625.84000000,7400.54700000,1777913999999,4629259.08254000,56198,3199.76100000,2001695.27909000
1777914000000,2026-05-04 17:00:00,625.84000000,628.80000000,625.71000000,627.74000000,5776.41300000,1777917599999,3623850.00598000,42459,2801.28100000,1757468.08547000
1777917600000,2026-05-04 18:00:00,627.75000000,628.00000000,625.44000000,625.80000000,3495.09600000,1777921199999,2189930.48909000,23378,1480.86900000,927794.79501000
1777921200000,2026-05-04 19:00:00,625.80000000,625.86000000,624.72000000,624.93000000,2607.58800000,1777924799999,1630251.80510000,21912,1044.24600000,652844.56851000
1777924800000,2026-05-04 20:00:00,624.93000000,625.63000000,622.71000000,623.14000000,4832.66500000,1777928399999,3015604.94239000,20418,1515.54800000,945772.72532000
1777928400000,2026-05-04 21:00:00,623.15000000,625.41000000,623.14000000,625.03000000,2384.13900000,1777931999999,1488784.22185000,18022,1117.44800000,697762.73562000
1777932000000,2026-05-04 22:00:00,625.02000000,625.91000000,624.14000000,624.30000000,1892.08900000,1777935599999,1182717.67327000,17622,887.17300000,554589.56836000
1777935600000,2026-05-04 23:00:00,624.31000000,624.31000000,622.60000000,622.63000000,1954.75900000,1777939199999,1218292.97919000,14709,754.72000000,470397.55989000
1777939200000,2026-05-05 00:00:00,622.64000000,624.97000000,622.58000000,624.80000000,3454.31000000,1777942799999,2155641.02167000,23090,2001.81600000,1249168.81070000
1777942800000,2026-05-05 01:00:00,624.80000000,625.68000000,624.14000000,624.65000000,3394.78400000,1777946399999,2122045.26005000,22037,1438.81200000,899417.18732000
1777946400000,2026-05-05 02:00:00,624.64000000,626.86000000,624.35000000,625.20000000,5106.27100000,1777949999999,3194138.41616000,28802,2583.55500000,1616159.45318000
1777950000000,2026-05-05 03:00:00,625.21000000,628.86000000,624.80000000,627.81000000,7243.93900000,1777953599999,4543159.74696000,30224,3937.73600000,2470225.34679000
1777953600000,2026-05-05 04:00:00,627.80000000,627.96000000,625.89000000,626.19000000,5115.39600000,1777957199999,3206010.92641000,24090,1806.09300000,1131876.61985000
1777957200000,2026-05-05 05:00:00,626.19000000,628.60000000,625.73000000,628.21000000,4093.02300000,1777960799999,2567966.68008000,26462,2169.15000000,1360933.49449000
1777960800000,2026-05-05 06:00:00,628.20000000,628.34000000,626.17000000,627.04000000,5711.07900000,1777964399999,3580888.15946000,28008,2383.53900000,1494678.10157000
1777964400000,2026-05-05 07:00:00,627.04000000,628.81000000,626.78000000,627.54000000,7659.56000000,1777967999999,4811094.54759000,25906,2430.77500000,1526576.04635000
1777968000000,2026-05-05 08:00:00,627.54000000,628.90000000,627.15000000,627.32000000,6116.39600000,1777971599999,3841663.63382000,20743,2013.28800000,1264508.28487000
1777971600000,2026-05-05 09:00:00,627.32000000,627.47000000,625.94000000,626.99000000,5171.36500000,1777975199999,3240806.43490000,25672,2093.51200000,1311993.87626000
1777975200000,2026-05-05 10:00:00,626.99000000,628.63000000,626.58000000,628.33000000,3840.33100000,1777978799999,2410770.53865000,20888,2326.85700000,1460691.24610000
1777978800000,2026-05-05 11:00:00,628.32000000,628.94000000,627.93000000,628.59000000,8855.59800000,1777982399999,5567841.78949000,22451,6123.88200000,3850693.94853000
1777982400000,2026-05-05 12:00:00,628.60000000,630.43000000,628.05000000,629.92000000,6350.75800000,1777985999999,3997112.49752000,26925,3463.96600000,2180020.71835000
1777986000000,2026-05-05 13:00:00,629.92000000,634.00000000,629.91000000,631.04000000,13809.90300000,1777989599999,8728815.51436000,59471,7228.73400000,4568931.45753000
1777989600000,2026-05-05 14:00:00,631.05000000,631.46000000,628.51000000,630.65000000,9406.74700000,1777993199999,5925137.46089000,49734,3591.59200000,2262686.70359000
1777993200000,2026-05-05 15:00:00,630.65000000,632.34000000,630.23000000,631.01000000,5542.85800000,1777996799999,3499475.65334000,31768,2601.86900000,1642480.34584000
1777996800000,2026-05-05 16:00:00,631.01000000,631.95000000,628.79000000,629.29000000,7200.00600000,1778000399999,4537402.49544000,34131,3228.91800000,2034567.49970000
1778000400000,2026-05-05 17:00:00,629.30000000,629.42000000,627.81000000,628.97000000,7648.19400000,1778003999999,4808300.39453000,28751,2906.25800000,1826996.40454000
1778004000000,2026-05-05 18:00:00,628.98000000,630.44000000,628.97000000,630.33000000,2745.51600000,1778007599999,1729012.28561000,19226,1217.91400000,767028.67228000
1778007600000,2026-05-05 19:00:00,630.33000000,632.38000000,630.18000000,631.72000000,5789.88600000,1778011199999,3655855.68063000,27677,3274.56900000,2067655.71843000
1778011200000,2026-05-05 20:00:00,631.73000000,634.50000000,631.59000000,633.24000000,5975.41700000,1778014799999,3784123.47534000,31472,3304.74800000,2092927.73458000
1778014800000,2026-05-05 21:00:00,633.24000000,635.00000000,631.70000000,633.28000000,5875.35500000,1778018399999,3722510.06465000,32197,3143.11300000,1991725.29462000
1778018400000,2026-05-05 22:00:00,633.30000000,634.67000000,630.18000000,631.89000000,6975.85400000,1778021999999,4411954.85674000,45287,3038.50800000,1922226.56792000
1778022000000,2026-05-05 23:00:00,631.88000000,632.31000000,629.71000000,630.42000000,3939.24900000,1778025599999,2485468.87037000,22723,1658.81000000,1046794.60107000
1778025600000,2026-05-06 00:00:00,630.41000000,631.69000000,628.97000000,630.94000000,5027.86200000,1778029199999,3169729.47089000,27806,2688.47600000,1695211.88541000
1778029200000,2026-05-06 01:00:00,630.93000000,634.46000000,630.53000000,634.35000000,4402.83800000,1778032799999,2787761.09325000,26997,2485.08800000,1573254.99621000
1778032800000,2026-05-06 02:00:00,634.36000000,635.00000000,632.65000000,634.16000000,5154.55100000,1778036399999,3267392.55295000,29849,2264.26000000,1435487.38308000
1778036400000,2026-05-06 03:00:00,634.16000000,636.01000000,631.16000000,635.17000000,8780.12800000,1778039999999,5567788.38994000,39577,5101.13700000,3236033.10566000
1778040000000,2026-05-06 04:00:00,635.18000000,636.19000000,633.51000000,634.65000000,4657.17100000,1778043599999,2957538.55713000,35680,2466.07600000,1566174.18511000
1778043600000,2026-05-06 05:00:00,634.65000000,634.94000000,632.85000000,634.85000000,3546.00800000,1778047199999,2248211.03795000,24459,1938.11000000,1228937.27405000
1778047200000,2026-05-06 06:00:00,634.86000000,636.17000000,634.50000000,635.87000000,4027.87400000,1778050799999,2559401.06967000,22570,2261.56200000,1437040.75059000
1778050800000,2026-05-06 07:00:00,635.88000000,640.43000000,635.69000000,637.99000000,13222.48800000,1778054399999,8441243.67080000,42912,8536.82400000,5449930.58305000
1778054400000,2026-05-06 08:00:00,637.98000000,646.59000000,637.95000000,646.18000000,18204.55400000,1778057999999,11704343.07607000,65729,10786.86300000,6933550.16980000
1778058000000,2026-05-06 09:00:00,646.18000000,647.70000000,643.44000000,646.96000000,15236.71100000,1778061599999,9836550.78564000,61939,6836.79500000,4415406.36738000
1778061600000,2026-05-06 10:00:00,646.97000000,648.33000000,644.97000000,645.51000000,16548.52000000,1778065199999,10698210.37207000,48748,8149.10700000,5267477.37012000
1778065200000,2026-05-06 11:00:00,645.51000000,652.66000000,645.39000000,652.56000000,28136.78800000,1778068799999,18281432.22284000,87666,17380.13700000,11294377.88749000
1778068800000,2026-05-06 12:00:00,652.56000000,664.26000000,651.12000000,657.08000000,49770.69800000,1778072399999,32698765.48597000,140366,29873.47200000,19617727.68003000
1778072400000,2026-05-06 13:00:00,657.08000000,657.09000000,645.86000000,647.41000000,15639.21200000,1778075999999,10181430.62431000,95690,5854.10200000,3810221.44636000
1778076000000,2026-05-06 14:00:00,647.41000000,650.30000000,643.58000000,647.33000000,10650.27700000,1778079599999,6894422.68270000,68517,5419.78400000,3509348.43371000
1778079600000,2026-05-06 15:00:00,647.34000000,649.54000000,646.71000000,648.51000000,5741.23700000,1778083199999,3722162.27994000,39770,3063.65300000,1986478.27895000
1778083200000,2026-05-06 16:00:00,648.51000000,650.73000000,646.29000000,649.50000000,5950.47200000,1778086799999,3858056.96796000,39409,3083.96700000,2000576.26701000
1778086800000,2026-05-06 17:00:00,649.50000000,650.41000000,647.80000000,648.59000000,4856.92500000,1778090399999,3152583.04505000,28681,2646.51400000,1717781.08417000
1778090400000,2026-05-06 18:00:00,648.60000000,650.49000000,647.32000000,649.77000000,5875.30800000,1778093999999,3814371.27506000,34675,3448.26300000,2238983.95712000
1778094000000,2026-05-06 19:00:00,649.77000000,650.93000000,648.78000000,650.45000000,3312.53800000,1778097599999,2152690.45534000,24855,1845.48600000,1199330.86655000
1778097600000,2026-05-06 20:00:00,650.44000000,651.49000000,647.66000000,648.87000000,3055.02000000,1778101199999,1984152.65240000,22301,1286.27900000,835437.98010000
1778101200000,2026-05-06 21:00:00,648.87000000,650.51000000,647.38000000,649.78000000,1950.72900000,1778104799999,1266591.49326000,19189,1004.73000000,652395.34189000
1778104800000,2026-05-06 22:00:00,649.79000000,650.16000000,646.61000000,646.86000000,3583.75100000,1778108399999,2322516.86689000,21476,1616.03700000,1047088.81726000
1778108400000,2026-05-06 23:00:00,646.86000000,647.76000000,644.46000000,647.74000000,4363.59600000,1778111999999,2819897.74841000,24550,2475.53200000,1599673.04480000
1778112000000,2026-05-07 00:00:00,647.74000000,649.81000000,644.70000000,644.88000000,4766.74000000,1778115599999,3085695.04363000,34945,2458.38900000,1591999.99323000
1778115600000,2026-05-07 01:00:00,644.88000000,645.46000000,641.94000000,645.11000000,11514.50200000,1778119199999,7414669.74031000,44626,4654.27400000,2997729.31978000
1778119200000,2026-05-07 02:00:00,645.12000000,645.33000000,642.01000000,643.93000000,5883.63800000,1778122799999,3785808.56958000,38220,2813.51300000,1810600.34816000
1778122800000,2026-05-07 03:00:00,643.94000000,644.51000000,641.64000000,642.53000000,7666.11600000,1778126399999,4931644.02183000,33242,3847.02100000,2474506.57644000
1778126400000,2026-05-07 04:00:00,642.54000000,644.18000000,642.10000000,644.18000000,3731.79200000,1778129999999,2399817.44506000,27026,1845.62500000,1186724.21181000
1778130000000,2026-05-07 05:00:00,644.18000000,647.08000000,644.13000000,647.08000000,4086.09300000,1778133599999,2637743.78318000,24912,2695.62600000,1740208.56173000
1778133600000,2026-05-07 06:00:00,647.08000000,648.18000000,644.91000000,648.18000000,4855.54800000,1778137199999,3139992.43361000,30570,2458.95500000,1589982.75771000
1778137200000,2026-05-07 07:00:00,648.18000000,653.49000000,647.62000000,651.91000000,6642.01000000,1778140799999,4324524.66747000,43493,4312.46700000,2807240.67265000
1778140800000,2026-05-07 08:00:00,651.92000000,653.10000000,649.15000000,651.04000000,5158.69600000,1778144399999,3357462.15219000,35507,2490.33600000,1620533.11600000
1778144400000,2026-05-07 09:00:00,651.05000000,651.07000000,647.48000000,648.91000000,7708.64100000,1778147999999,5002587.45452000,31387,3708.08700000,2406895.90084000
1778148000000,2026-05-07 10:00:00,648.91000000,649.65000000,646.15000000,647.66000000,3866.91900000,1778151599999,2504859.30005000,29821,1716.96100000,1112032.25421000
1778151600000,2026-05-07 11:00:00,647.66000000,649.23000000,646.51000000,648.01000000,4867.84400000,1778155199999,3154508.54149000,28775,2069.51600000,1340980.62637000
1778155200000,2026-05-07 12:00:00,648.01000000,651.00000000,647.28000000,650.80000000,3966.89500000,1778158799999,2576057.55028000,27185,2294.86600000,1490411.88884000
1778158800000,2026-05-07 13:00:00,650.80000000,650.80000000,645.36000000,646.82000000,7082.23100000,1778162399999,4587316.15219000,49711,2661.29900000,1724067.11315000
1778162400000,2026-05-07 14:00:00,646.83000000,647.08000000,640.60000000,642.37000000,9140.01900000,1778165999999,5880324.53041000,58825,4027.12400000,2591881.52002000
1778166000000,2026-05-07 15:00:00,642.37000000,644.02000000,639.41000000,642.45000000,9280.91800000,1778169599999,5953982.97318000,48906,3495.10200000,2244219.56882000
1778169600000,2026-05-07 16:00:00,642.46000000,643.59000000,639.33000000,641.45000000,7909.23200000,1778173199999,5075231.41023000,48267,3442.72000000,2210249.72357000
1778173200000,2026-05-07 17:00:00,641.45000000,643.65000000,639.75000000,643.63000000,4914.54000000,1778176799999,3153287.31504000,39741,2377.68300000,1525999.97311000
1778176800000,2026-05-07 18:00:00,643.63000000,644.70000000,642.20000000,643.35000000,2673.18800000,1778180399999,1721091.50805000,28011,1452.56700000,935202.15398000
1778180400000,2026-05-07 19:00:00,643.35000000,644.19000000,641.92000000,643.71000000,2202.61500000,1778183999999,1416417.44359000,23564,1076.18800000,692065.64753000
1778184000000,2026-05-07 20:00:00,643.71000000,645.65000000,643.36000000,643.40000000,5723.42000000,1778187599999,3688640.49066000,23536,4167.78700000,2686247.64367000
1778187600000,2026-05-07 21:00:00,643.41000000,643.92000000,641.22000000,642.48000000,2749.54200000,1778191199999,1766750.90062000,18626,1249.93000000,803195.20537000
1778191200000,2026-05-07 22:00:00,642.47000000,642.47000000,633.68000000,635.57000000,15114.03100000,1778194799999,9619845.70289000,67373,6909.33400000,4395331.51282000
1778194800000,2026-05-07 23:00:00,635.57000000,637.50000000,634.35000000,637.02000000,2668.63900000,1778198399999,1698052.60243000,22251,1447.35200000,921002.89307000
1778198400000,2026-05-08 00:00:00,637.02000000,639.12000000,636.67000000,637.85000000,4557.39300000,1778201999999,2907415.21804000,29207,2270.73200000,1448499.60876000
1778202000000,2026-05-08 01:00:00,637.85000000,638.53000000,636.00000000,638.10000000,2470.01900000,1778205599999,1574707.70617000,22757,1246.41600000,794864.81296000
1778205600000,2026-05-08 02:00:00,638.10000000,639.87000000,635.46000000,638.69000000,4681.68100000,1778209199999,2986399.86830000,36739,2796.21000000,1784529.42775000
1778209200000,2026-05-08 03:00:00,638.69000000,640.54000000,636.81000000,639.44000000,3703.02400000,1778212799999,2365953.83084000,34987,1923.58500000,1228733.85150000
1778212800000,2026-05-08 04:00:00,639.44000000,641.00000000,638.19000000,639.82000000,3288.61600000,1778216399999,2103358.26266000,20746,2029.29600000,1297922.80222000
1778216400000,2026-05-08 05:00:00,639.83000000,640.13000000,638.00000000,638.00000000,3162.67100000,1778219999999,2022129.21392000,22179,1653.22400000,1057098.11715000
1778220000000,2026-05-08 06:00:00,638.01000000,638.38000000,634.76000000,636.64000000,9441.31000000,1778223599999,6009766.08936000,38237,3060.64900000,1947646.07232000
1778223600000,2026-05-08 07:00:00,636.64000000,637.07000000,634.91000000,636.91000000,8400.31100000,1778227199999,5342782.57909000,30326,3827.58700000,2434193.01529000
1778227200000,2026-05-08 08:00:00,636.91000000,638.22000000,635.89000000,638.22000000,9632.42700000,1778230799999,6133147.82814000,25127,4324.94900000,2753786.90592000
1778230800000,2026-05-08 09:00:00,638.22000000,639.66000000,637.54000000,638.38000000,3782.00200000,1778234399999,2414208.60414000,21572,2043.09800000,1304359.65190000
1778234400000,2026-05-08 10:00:00,638.39000000,640.10000000,637.82000000,639.55000000,3831.66900000,1778237999999,2449149.50868000,23583,2258.53000000,1443728.05104000
1778238000000,2026-05-08 11:00:00,639.55000000,641.56000000,639.55000000,641.02000000,4306.93100000,1778241599999,2758808.31657000,23562,2668.13200000,1709130.56519000
1778241600000,2026-05-08 12:00:00,641.03000000,641.26000000,639.16000000,639.72000000,4182.50100000,1778245199999,2677380.60358000,28252,1708.98000000,1094103.92963000
1778245200000,2026-05-08 13:00:00,639.72000000,640.09000000,637.54000000,638.96000000,3838.37200000,1778248799999,2451081.36683000,35157,1696.84200000,1083576.37723000
1778248800000,2026-05-08 14:00:00,638.97000000,642.77000000,638.91000000,642.26000000,4532.97500000,1778252399999,2905843.73930000,42897,2306.70400000,1478816.45231000
1778252400000,2026-05-08 15:00:00,642.26000000,644.00000000,639.42000000,643.92000000,5925.31200000,1778255999999,3805123.98737000,34282,4263.67000000,2738930.00192000
1778256000000,2026-05-08 16:00:00,643.92000000,644.15000000,642.36000000,642.47000000,2523.88000000,1778259599999,1622990.50971000,23122,1224.85900000,787620.31932000
1778259600000,2026-05-08 17:00:00,642.47000000,647.08000000,642.38000000,645.75000000,4934.11500000,1778263199999,3182295.53171000,41539,3037.42300000,1959277.91248000
1778263200000,2026-05-08 18:00:00,645.76000000,649.50000000,645.76000000,647.70000000,4763.44800000,1778266799999,3086835.51827000,41370,2647.15200000,1715448.82643000
1778266800000,2026-05-08 19:00:00,647.71000000,648.77000000,646.89000000,648.09000000,2833.68800000,1778270399999,1835512.73356000,24767,1553.59600000,1006349.67201000
1778270400000,2026-05-08 20:00:00,648.10000000,648.94000000,645.86000000,646.66000000,4486.01200000,1778273999999,2903681.07215000,24676,1393.06500000,902108.40641000
1778274000000,2026-05-08 21:00:00,646.67000000,650.01000000,646.19000000,650.01000000,2636.47400000,1778277599999,1709401.64566000,16906,1659.06300000,1075903.09761000
1778277600000,2026-05-08 22:00:00,650.02000000,651.53000000,649.99000000,650.07000000,3484.23500000,1778281199999,2267596.36685000,20686,1715.09600000,1116269.79913000
1778281200000,2026-05-08 23:00:00,650.07000000,650.50000000,647.81000000,649.36000000,2353.61000000,1778284799999,1527544.66888000,16848,1139.16100000,739404.29122000
1778284800000,2026-05-09 00:00:00,649.37000000,652.41000000,649.01000000,651.90000000,4427.70200000,1778288399999,2883185.85534000,22440,2910.20800000,1895056.00846000
1778288400000,2026-05-09 01:00:00,651.90000000,655.88000000,651.87000000,654.41000000,6373.98000000,1778291999999,4168662.82196000,31942,3853.96600000,2520477.69444000
1778292000000,2026-05-09 02:00:00,654.41000000,655.17000000,653.70000000,654.26000000,4306.74700000,1778295599999,2818585.03340000,25103,2232.80700000,1461243.96878000
1778295600000,2026-05-09 03:00:00,654.26000000,654.92000000,652.98000000,653.66000000,3344.88600000,1778299199999,2187240.28362000,22749,1727.99400000,1129902.42526000
1778299200000,2026-05-09 04:00:00,653.67000000,656.00000000,652.96000000,653.17000000,7758.84100000,1778302799999,5078252.69025000,32194,5009.95100000,3279291.21361000
1778302800000,2026-05-09 05:00:00,653.17000000,653.17000000,650.91000000,651.15000000,14679.74800000,1778306399999,9570454.11510000,45497,3937.58100000,2567043.98602000
1778306400000,2026-05-09 06:00:00,651.16000000,651.93000000,649.88000000,651.60000000,6798.25800000,1778309999999,4426698.59077000,30264,3098.30800000,2017491.33457000
1778310000000,2026-05-09 07:00:00,651.60000000,651.60000000,648.95000000,649.77000000,3369.14900000,1778313599999,2190913.74357000,21092,1284.60500000,835284.55342000
1778313600000,2026-05-09 08:00:00,649.77000000,650.96000000,649.66000000,650.63000000,1954.07300000,1778317199999,1270839.25508000,14999,1033.38200000,672060.38359000
1778317200000,2026-05-09 09:00:00,650.63000000,651.03000000,648.55000000,649.80000000,2443.21300000,1778320799999,1586975.56418000,19441,1175.67900000,763737.13573000
1778320800000,2026-05-09 10:00:00,649.80000000,649.91000000,648.43000000,649.18000000,2669.91200000,1778324399999,1732734.39154000,17549,1331.25300000,863972.33754000
1778324400000,2026-05-09 11:00:00,649.19000000,650.61000000,649.07000000,650.04000000,2755.42900000,1778327999999,1791468.37438000,18512,1586.85800000,1031665.52255000
1778328000000,2026-05-09 12:00:00,650.05000000,650.67000000,649.07000000,649.83000000,2516.72000000,1778331599999,1635619.41949000,19044,1529.44900000,994020.37081000
1778331600000,2026-05-09 13:00:00,649.84000000,649.96000000,648.42000000,649.46000000,2857.32300000,1778335199999,1855140.55098000,19020,1438.26200000,933910.35940000
1778335200000,2026-05-09 14:00:00,649.46000000,649.51000000,646.85000000,647.00000000,3317.14500000,1778338799999,2149107.33507000,24163,1386.25300000,898102.85473000
1778338800000,2026-05-09 15:00:00,647.00000000,648.50000000,646.23000000,647.66000000,2677.53800000,1778342399999,1733395.94836000,23130,1228.07300000,795121.72032000
1778342400000,2026-05-09 16:00:00,647.67000000,649.79000000,647.01000000,648.35000000,5753.77500000,1778345999999,3730898.36771000,26478,1986.26100000,1287831.05279000
1778346000000,2026-05-09 17:00:00,648.35000000,650.62000000,648.34000000,649.90000000,6760.88100000,1778349599999,4392507.02075000,24050,2417.54400000,1570832.01837000
1778349600000,2026-05-09 18:00:00,649.90000000,651.84000000,649.87000000,651.08000000,1857.93900000,1778353199999,1209132.26935000,15292,1002.26100000,652244.95843000
1778353200000,2026-05-09 19:00:00,651.09000000,651.27000000,650.46000000,651.01000000,1236.50100000,1778356799999,804841.00235000,11453,621.42000000,404491.69419000
1778356800000,2026-05-09 20:00:00,651.01000000,651.38000000,650.00000000,650.62000000,2647.71400000,1778360399999,1722948.22636000,10788,1782.10600000,1159781.02934000
1778360400000,2026-05-09 21:00:00,650.63000000,652.33000000,650.61000000,651.48000000,4837.19600000,1778363999999,3152313.47178000,19760,3053.12200000,1989653.03749000
1778364000000,2026-05-09 22:00:00,651.49000000,652.36000000,650.49000000,651.00000000,1773.34000000,1778367599999,1155234.52691000,14334,835.62500000,544434.69437000
1778367600000,2026-05-09 23:00:00,650.99000000,651.59000000,649.53000000,649.75000000,1234.88200000,1778371199999,802940.25561000,9244,570.05100000,370692.53861000
1778371200000,2026-05-10 00:00:00,649.76000000,650.50000000,646.49000000,646.90000000,7885.40800000,1778374799999,5109298.96444000,22511,3711.08200000,2403947.22464000
1778374800000,2026-05-10 01:00:00,646.90000000,646.90000000,644.84000000,646.69000000,4043.91200000,1778378399999,2611730.48691000,22059,1884.24700000,1217023.01933000
1778378400000,2026-05-10 02:00:00,646.69000000,647.86000000,645.63000000,647.69000000,2478.35000000,1778381999999,1603471.04156000,19174,1576.01900000,1019780.35507000
1778382000000,2026-05-10 03:00:00,647.70000000,648.89000000,646.95000000,647.70000000,3616.46400000,1778385599999,2342541.28916000,16241,1804.54800000,1169069.03611000
1778385600000,2026-05-10 04:00:00,647.71000000,648.68000000,647.34000000,648.01000000,1281.78300000,1778389199999,830540.45531000,13628,659.54500000,427335.27695000
1778389200000,2026-05-10 05:00:00,648.00000000,648.79000000,647.58000000,648.39000000,1810.67200000,1778392799999,1174018.85805000,13458,953.76800000,618389.54935000
1778392800000,2026-05-10 06:00:00,648.39000000,648.95000000,647.28000000,648.51000000,2809.22100000,1778396399999,1820484.44212000,14082,1401.23000000,907977.77871000
1778396400000,2026-05-10 07:00:00,648.51000000,649.29000000,647.83000000,648.28000000,2697.37200000,1778399999999,1749551.06549000,14517,1185.06500000,768631.05247000
1778400000000,2026-05-10 08:00:00,648.29000000,650.72000000,648.00000000,650.37000000,3265.29600000,1778403599999,2121558.05404000,18265,1634.19400000,1061711.16078000
1778403600000,2026-05-10 09:00:00,650.37000000,651.90000000,649.64000000,651.37000000,6704.57400000,1778407199999,4365950.44266000,22341,2745.79700000,1787742.70885000
1778407200000,2026-05-10 10:00:00,651.37000000,651.63000000,649.82000000,650.90000000,2560.84000000,1778410799999,1665907.71196000,20370,1319.27800000,858185.63990000
1778410800000,2026-05-10 11:00:00,650.91000000,651.41000000,647.71000000,649.59000000,3531.25500000,1778414399999,2292959.80800000,20561,1504.09500000,976482.22037000
1778414400000,2026-05-10 12:00:00,649.59000000,649.64000000,648.47000000,649.61000000,2186.29700000,1778417999999,1419086.52782000,17126,1130.28800000,733723.25643000
1778418000000,2026-05-10 13:00:00,649.62000000,651.52000000,649.18000000,651.09000000,3861.15200000,1778421599999,2511491.51334000,19750,2100.08500000,1365675.13462000
1778421600000,2026-05-10 14:00:00,651.10000000,652.49000000,649.99000000,651.70000000,3921.31000000,1778425199999,2553212.65669000,23601,1853.95000000,1207234.01413000
1778425200000,2026-05-10 15:00:00,651.71000000,656.20000000,651.70000000,655.50000000,7514.22600000,1778428799999,4913958.17743000,34646,3957.08500000,2588275.62940000
1778428800000,2026-05-10 16:00:00,655.51000000,657.54000000,654.40000000,657.12000000,5192.06100000,1778432399999,3406786.77282000,35938,2920.80600000,1916842.74979000
1778432400000,2026-05-10 17:00:00,657.13000000,661.00000000,656.16000000,660.60000000,6627.96700000,1778435999999,4367764.04169000,38064,4256.50500000,2805240.13162000
1778436000000,2026-05-10 18:00:00,660.61000000,662.00000000,659.46000000,660.65000000,5202.07800000,1778439599999,3437161.62575000,30865,3019.30800000,1994948.85972000
1778439600000,2026-05-10 19:00:00,660.66000000,662.38000000,658.80000000,661.14000000,2633.70600000,1778443199999,1741129.69667000,24544,1399.88500000,925485.75082000
1778443200000,2026-05-10 20:00:00,661.14000000,662.68000000,648.71000000,651.68000000,10292.33000000,1778446799999,6751120.49620000,64894,4174.97000000,2738349.94540000
1778446800000,2026-05-10 21:00:00,651.68000000,654.66000000,650.77000000,652.53000000,6042.28500000,1778450399999,3942683.35746000,35217,3445.28700000,2247676.87044000
1778450400000,2026-05-10 22:00:00,652.52000000,666.50000000,651.80000000,665.79000000,16892.65300000,1778453999999,11179519.91639000,97910,10031.10100000,6638116.45588000
1778454000000,2026-05-10 23:00:00,665.79000000,666.66000000,663.24000000,663.55000000,6226.00500000,1778457599999,4141041.78668000,35874,3015.14900000,2006193.11134000
1778457600000,2026-05-11 00:00:00,663.56000000,664.85000000,656.46000000,657.82000000,6733.12900000,1778461199999,4449081.69347000,53339,2984.59200000,1973182.68872000
1778461200000,2026-05-11 01:00:00,657.82000000,660.54000000,655.76000000,657.20000000,7393.92300000,1778464799999,4863471.97695000,49360,3996.90300000,2629764.71568000
1778464800000,2026-05-11 02:00:00,657.20000000,657.95000000,654.03000000,655.34000000,6930.17900000,1778468399999,4543224.35007000,40631,3486.23900000,2285749.60466000
1778468400000,2026-05-11 03:00:00,655.35000000,655.35000000,650.07000000,651.79000000,9632.18000000,1778471999999,6281785.16434000,54301,4343.36700000,2832225.64699000
1778472000000,2026-05-11 04:00:00,651.80000000,653.29000000,650.63000000,652.04000000,7741.23200000,1778475599999,5049253.83552000,42120,4069.07200000,2654395.77998000
1778475600000,2026-05-11 05:00:00,652.05000000,653.84000000,651.04000000,652.99000000,6231.34000000,1778479199999,4067131.54666000,34756,2946.60900000,1923359.33413000
1778479200000,2026-05-11 06:00:00,652.99000000,654.17000000,650.78000000,651.50000000,6268.15200000,1778482799999,4091475.64768000,38241,2991.79400000,1953048.12400000
1778482800000,2026-05-11 07:00:00,651.50000000,651.50000000,650.03000000,650.61000000,6626.85000000,1778486399999,4312557.22876000,30832,2903.14800000,1889202.99040000
1778486400000,2026-05-11 08:00:00,650.61000000,651.98000000,649.46000000,651.06000000,6694.32500000,1778489999999,4356669.71607000,34714,2956.68500000,1924581.51769000
1778490000000,2026-05-11 09:00:00,651.06000000,653.22000000,650.91000000,653.07000000,7488.57100000,1778493599999,4883455.56699000,32641,4444.39000000,2897875.39896000
1778493600000,2026-05-11 10:00:00,653.06000000,654.64000000,652.88000000,653.89000000,6908.95500000,1778497199999,4517344.55293000,37031,3041.12300000,1988375.87684000
1778497200000,2026-05-11 11:00:00,653.89000000,655.92000000,653.20000000,655.92000000,6638.85600000,1778500799999,4348138.91748000,29946,3393.14600000,2222489.06340000
1778500800000,2026-05-11 12:00:00,655.92000000,656.52000000,654.17000000,654.75000000,6077.35600000,1778504399999,3983162.13506000,34481,2855.97500000,1871885.26589000
1778504400000,2026-05-11 13:00:00,654.75000000,656.72000000,651.49000000,654.50000000,7710.36100000,1778507999999,5043736.45422000,45135,3120.00700000,2041089.03932000
1778508000000,2026-05-11 14:00:00,654.51000000,656.46000000,651.80000000,656.24000000,7434.14700000,1778511599999,4864878.46471000,53295,3460.98700000,2265028.83660000
1778511600000,2026-05-11 15:00:00,656.24000000,661.51000000,655.71000000,661.50000000,9835.20500000,1778515199999,6481194.30163000,49445,5902.18000000,3889741.10857000
1778515200000,2026-05-11 16:00:00,661.51000000,663.31000000,659.87000000,661.51000000,8591.55800000,1778518799999,5684219.44994000,46473,4025.31000000,2663433.38236000
1778518800000,2026-05-11 17:00:00,661.52000000,663.00000000,659.50000000,662.54000000,5348.27200000,1778522399999,3535577.46525000,34382,3151.22000000,2083080.45260000
1778522400000,2026-05-11 18:00:00,662.54000000,663.40000000,661.28000000,661.53000000,6192.67000000,1778525999999,4104224.79466000,30173,3203.75700000,2123246.99580000
1778526000000,2026-05-11 19:00:00,661.54000000,663.56000000,660.98000000,663.32000000,7006.30600000,1778529599999,4639835.93410000,32074,4200.58800000,2781699.75372000
1778529600000,2026-05-11 20:00:00,663.31000000,663.90000000,661.02000000,662.66000000,4717.59300000,1778533199999,3125341.96022000,27221,3006.33200000,1991722.85407000
1778533200000,2026-05-11 21:00:00,662.66000000,664.36000000,662.46000000,663.94000000,4115.55900000,1778536799999,2729827.79649000,27812,2630.78700000,1745058.15785000
1778536800000,2026-05-11 22:00:00,663.94000000,671.46000000,663.15000000,670.06000000,20457.09400000,1778540399999,13636185.03344000,59745,13298.55700000,8862342.58795000
1778540400000,2026-05-11 23:00:00,670.07000000,673.00000000,668.14000000,670.60000000,10891.43200000,1778543999999,7299751.80511000,52267,5757.74800000,3858789.76560000
1778544000000,2026-05-12 00:00:00,670.60000000,671.47000000,667.54000000,668.71000000,8667.84900000,1778547599999,5801615.64733000,45596,4065.30600000,2720272.65569000
1778547600000,2026-05-12 01:00:00,668.71000000,669.70000000,659.09000000,663.45000000,17387.45600000,1778551199999,11524146.42480000,92527,8366.05600000,5541738.87145000
1778551200000,2026-05-12 02:00:00,663.44000000,665.12000000,661.18000000,662.88000000,5417.19800000,1778554799999,3592781.44213000,37731,2545.19200000,1688363.17478000
1778554800000,2026-05-12 03:00:00,662.89000000,663.65000000,661.04000000,662.02000000,2863.55800000,1778558399999,1897689.81397000,21531,1237.03500000,819811.62448000
1778558400000,2026-05-12 04:00:00,662.02000000,664.31000000,661.14000000,662.58000000,5215.84600000,1778561999999,3458043.95027000,27473,2113.57200000,1401249.83315000
1778562000000,2026-05-12 05:00:00,662.58000000,664.18000000,662.37000000,662.37000000,3902.34700000,1778565599999,2588768.19954000,29224,1789.90300000,1187508.70444000
1778565600000,2026-05-12 06:00:00,662.38000000,663.52000000,659.89000000,660.16000000,4846.77800000,1778569199999,3206508.46737000,29430,1960.10800000,1296841.23526000
1778569200000,2026-05-12 07:00:00,660.17000000,660.86000000,657.76000000,658.59000000,5579.73000000,1778572799999,3679358.65510000,34041,2508.29300000,1653860.93454000
1778572800000,2026-05-12 08:00:00,658.60000000,660.30000000,657.55000000,659.38000000,4607.49300000,1778576399999,3036400.39853000,29700,2664.51900000,1755793.09126000
1778576400000,2026-05-12 09:00:00,659.38000000,662.00000000,658.62000000,661.86000000,3843.41700000,1778579999999,2537936.76790000,32240,1940.87600000,1282024.22957000
1778580000000,2026-05-12 10:00:00,661.85000000,662.48000000,660.24000000,661.54000000,4040.64300000,1778583599999,2672621.76043000,31902,1854.67500000,1226718.51450000
1778583600000,2026-05-12 11:00:00,661.55000000,663.40000000,660.76000000,663.40000000,5813.31800000,1778587199999,3849174.95518000,39404,2988.87400000,1979163.58999000
1778587200000,2026-05-12 12:00:00,663.40000000,664.75000000,661.17000000,661.51000000,7608.40300000,1778590799999,5045698.23787000,48848,3030.94700000,2010529.99550000
1778590800000,2026-05-12 13:00:00,661.52000000,662.87000000,656.40000000,657.14000000,9603.63400000,1778594399999,6341576.33657000,66700,3915.59900000,2585246.77880000
1778594400000,2026-05-12 14:00:00,657.15000000,658.74000000,652.78000000,654.06000000,14974.17800000,1778597999999,9820197.65005000,70196,7543.13200000,4947604.70980000
1778598000000,2026-05-12 15:00:00,654.07000000,656.32000000,650.49000000,652.26000000,12962.88800000,1778601599999,8465781.84765000,62202,5186.04400000,3387974.12766000
1778601600000,2026-05-12 16:00:00,652.26000000,654.00000000,650.56000000,651.85000000,4493.71900000,1778605199999,2931956.47828000,38102,2187.99600000,1427568.72783000
1778605200000,2026-05-12 17:00:00,651.86000000,656.80000000,651.86000000,656.45000000,4589.45800000,1778608799999,3006452.80786000,29542,2683.76100000,1758196.47003000
1778608800000,2026-05-12 18:00:00,656.45000000,660.84000000,656.25000000,660.38000000,6850.44200000,1778612399999,4513022.05602000,36197,4664.10100000,3072942.57424000
1778612400000,2026-05-12 19:00:00,660.39000000,663.38000000,660.38000000,663.07000000,5620.54600000,1778615999999,3721451.60904000,38597,3602.13300000,2384923.38414000
1778616000000,2026-05-12 20:00:00,663.07000000,665.69000000,663.06000000,665.42000000,5537.27800000,1778619599999,3680007.06078000,33448,4099.13800000,2724275.63287000
1778619600000,2026-05-12 21:00:00,665.42000000,667.29000000,664.48000000,665.26000000,6494.57600000,1778623199999,4325726.94418000,33705,3427.85700000,2283247.90211000
1778623200000,2026-05-12 22:00:00,665.26000000,668.00000000,665.26000000,666.27000000,5108.96100000,1778626799999,3408168.05637000,31773,2972.39200000,1982839.68683000
1778626800000,2026-05-12 23:00:00,666.27000000,666.68000000,664.10000000,664.95000000,5587.37300000,1778630399999,3716137.95514000,30843,3748.41700000,2492994.19392000
1778630400000,2026-05-13 00:00:00,664.95000000,668.14000000,664.36000000,667.57000000,6216.01600000,1778633999999,4145092.10865000,41742,3975.64300000,2650839.75935000
1778634000000,2026-05-13 01:00:00,667.57000000,679.87000000,666.99000000,678.34000000,31170.06600000,1778637599999,21070125.01564000,137912,20767.50400000,14036949.40859000
1778637600000,2026-05-13 02:00:00,678.35000000,680.81000000,677.67000000,680.44000000,13214.82300000,1778641199999,8977065.53730000,74608,8701.52900000,5910969.04930000
1778641200000,2026-05-13 03:00:00,680.44000000,682.95000000,679.66000000,681.28000000,12880.16400000,1778644799999,8772716.91175000,53221,8340.75100000,5680596.33172000
1778644800000,2026-05-13 04:00:00,681.28000000,682.18000000,676.60000000,679.81000000,9762.27200000,1778648399999,6629939.75880000,50201,5529.59500000,3755250.66782000
1778648400000,2026-05-13 05:00:00,679.81000000,681.30000000,677.70000000,678.15000000,10407.90400000,1778651999999,7074014.83906000,40528,4776.33600000,3246081.79800000
1778652000000,2026-05-13 06:00:00,678.16000000,678.87000000,675.94000000,676.36000000,5831.06400000,1778655599999,3949710.01511000,33852,3079.18900000,2085701.46274000
1778655600000,2026-05-13 07:00:00,676.37000000,679.03000000,676.02000000,679.02000000,5686.46500000,1778659199999,3853457.89080000,30318,3423.07000000,2319687.22715000
1778659200000,2026-05-13 08:00:00,679.02000000,683.00000000,678.41000000,683.00000000,9785.85800000,1778662799999,6662465.19437000,47709,6665.80100000,4539064.95681000
1778662800000,2026-05-13 09:00:00,683.00000000,685.68000000,681.79000000,685.18000000,11549.83200000,1778666399999,7899595.57722000,53081,7509.65500000,5136721.11199000
1778666400000,2026-05-13 10:00:00,685.19000000,685.44000000,680.38000000,680.38000000,7476.42100000,1778669999999,5100225.89185000,50130,3189.55200000,2175910.35881000
1778670000000,2026-05-13 11:00:00,680.39000000,680.90000000,677.41000000,678.42000000,7334.71900000,1778673599999,4977551.51988000,41772,3616.58100000,2454378.63101000
1778673600000,2026-05-13 12:00:00,678.42000000,680.30000000,668.89000000,672.76000000,19908.39100000,1778677199999,13398379.65415000,98688,9137.04100000,6153021.79527000
1778677200000,2026-05-13 13:00:00,672.76000000,674.80000000,667.17000000,667.67000000,13681.37800000,1778680799999,9187336.27462000,87002,6548.63700000,4397754.10265000
1778680800000,2026-05-13 14:00:00,667.67000000,673.41000000,665.50000000,672.10000000,14319.07300000,1778684399999,9602706.91591000,85771,9086.75600000,6096020.10260000
1778684400000,2026-05-13 15:00:00,672.11000000,673.87000000,663.77000000,664.19000000,13891.59500000,1778687999999,9277432.06953000,81405,6260.82700000,4183198.67080000
1778688000000,2026-05-13 16:00:00,664.19000000,670.45000000,664.17000000,670.24000000,8432.82300000,1778691599999,5636054.22896000,55502,4586.99000000,3065951.48566000
1778691600000,2026-05-13 17:00:00,670.24000000,671.40000000,669.08000000,670.76000000,5082.00000000,1778695199999,3405984.42239000,37063,2628.39600000,1761722.34330000
1778695200000,2026-05-13 18:00:00,670.77000000,674.71000000,670.77000000,671.75000000,4125.28100000,1778698799999,2774963.37441000,31924,2460.88900000,1655458.79569000
1778698800000,2026-05-13 19:00:00,671.74000000,672.05000000,669.10000000,671.32000000,3389.17000000,1778702399999,2272258.95171000,29167,1759.59400000,1179757.81514000
1778702400000,2026-05-13 20:00:00,671.33000000,672.50000000,670.77000000,672.47000000,2684.24800000,1778705999999,1802679.33708000,18492,1472.15800000,988701.30492000
1778706000000,2026-05-13 21:00:00,672.47000000,672.50000000,669.07000000,669.28000000,2931.10500000,1778709599999,1964398.50293000,22575,1490.73300000,999189.36681000
1778709600000,2026-05-13 22:00:00,669.28000000,672.25000000,668.20000000,672.08000000,2829.46200000,1778713199999,1896410.13979000,24072,1727.33100000,1157936.22744000
1778713200000,2026-05-13 23:00:00,672.09000000,673.84000000,671.15000000,671.68000000,3472.63800000,1778716799999,2334259.96371000,27389,1879.35800000,1263276.23718000
1778716800000,2026-05-14 00:00:00,671.68000000,677.52000000,671.51000000,675.18000000,9694.16400000,1778720399999,6546699.14915000,52990,5272.20500000,3559845.38188000
1778720400000,2026-05-14 01:00:00,675.18000000,676.39000000,673.86000000,675.50000000,4853.94500000,1778723999999,3277572.06593000,39363,2277.90700000,1538279.81991000
1778724000000,2026-05-14 02:00:00,675.50000000,675.69000000,669.34000000,669.93000000,4115.39700000,1778727599999,2768994.00104000,42244,1414.15000000,951580.43390000
1778727600000,2026-05-14 03:00:00,669.94000000,671.64000000,665.42000000,665.92000000,6888.81200000,1778731199999,4602473.24299000,68990,3540.96400000,2366555.73573000
1778731200000,2026-05-14 04:00:00,665.91000000,668.53000000,665.47000000,667.47000000,5541.64300000,1778734799999,3699117.79503000,40322,3015.97700000,2013297.76837000
1778734800000,2026-05-14 05:00:00,667.47000000,671.50000000,667.05000000,669.75000000,6766.68500000,1778738399999,4526566.26006000,44665,3503.41000000,2343320.48107000
1778738400000,2026-05-14 06:00:00,669.75000000,671.49000000,668.80000000,670.11000000,5589.75200000,1778741999999,3746089.27491000,41289,2875.15200000,1926935.00266000
1778742000000,2026-05-14 07:00:00,670.11000000,672.06000000,668.20000000,669.34000000,6346.65300000,1778745599999,4255077.00282000,37169,3430.79200000,2300224.22070000
1778745600000,2026-05-14 08:00:00,669.33000000,673.45000000,668.55000000,673.02000000,5586.12600000,1778749199999,3750735.08527000,39547,3243.93000000,2178179.34093000
1778749200000,2026-05-14 09:00:00,673.02000000,673.39000000,669.33000000,670.63000000,5811.41000000,1778752799999,3899344.12308000,36060,3057.84800000,2051745.08191000
1778752800000,2026-05-14 10:00:00,670.63000000,673.34000000,670.46000000,673.20000000,4702.75100000,1778756399999,3159274.40224000,34370,2910.04100000,1954977.53347000
1778756400000,2026-05-14 11:00:00,673.21000000,673.96000000,670.84000000,670.85000000,4787.91000000,1778759999999,3218734.93483000,37112,2557.18700000,1719617.47957000
1778760000000,2026-05-14 12:00:00,670.85000000,678.56000000,670.62000000,678.25000000,11877.12800000,1778763599999,8018914.49383000,51269,8669.10900000,5854111.83009000
1778763600000,2026-05-14 13:00:00,678.25000000,678.64000000,673.79000000,674.36000000,8359.15400000,1778767199999,5651417.52169000,65504,4748.44500000,3210670.28544000
1778767200000,2026-05-14 14:00:00,674.37000000,680.36000000,673.89000000,678.29000000,12136.98800000,1778770799999,8226247.54965000,77443,7622.03700000,5165976.83525000
1778770800000,2026-05-14 15:00:00,678.29000000,680.58000000,676.40000000,679.98000000,10891.43300000,1778774399999,7393676.00740000,63340,5514.69200000,3743818.09798000
1778774400000,2026-05-14 16:00:00,679.98000000,682.74000000,678.48000000,682.51000000,8495.61500000,1778777999999,5786030.65395000,58707,4597.78400000,3131812.56151000
1778778000000,2026-05-14 17:00:00,682.51000000,687.66000000,680.67000000,682.00000000,12991.00600000,1778781599999,8886800.42871000,75912,6526.54100000,4466272.99830000
1778781600000,2026-05-14 18:00:00,682.01000000,685.11000000,680.47000000,682.51000000,8836.66500000,1778785199999,6031452.83162000,43866,5699.43400000,3890072.74802000
1778785200000,2026-05-14 19:00:00,682.51000000,683.06000000,679.18000000,680.20000000,4189.79200000,1778788799999,2853430.24375000,27684,1774.64500000,1209081.30758000
1778788800000,2026-05-14 20:00:00,680.21000000,680.55000000,677.84000000,680.55000000,3658.79700000,1778792399999,2486201.39736000,24074,2269.52200000,1542352.47435000
1778792400000,2026-05-14 21:00:00,680.54000000,681.30000000,679.33000000,681.13000000,2530.38700000,1778795999999,1721794.30855000,17182,1513.79800000,1030005.61906000
1778796000000,2026-05-14 22:00:00,681.14000000,681.99000000,680.30000000,680.75000000,2004.44500000,1778799599999,1365235.75953000,15423,1073.52500000,731216.05286000
1778799600000,2026-05-14 23:00:00,680.75000000,680.75000000,677.20000000,678.27000000,3143.37200000,1778803199999,2132747.43926000,17941,1222.48300000,829298.14339000
1778803200000,2026-05-15 00:00:00,678.28000000,686.00000000,677.98000000,683.43000000,10947.22400000,1778806799999,7482003.55844000,60738,6337.48300000,4330549.88662000
1778806800000,2026-05-15 01:00:00,683.43000000,685.04000000,679.56000000,679.82000000,6118.28200000,1778810399999,4173764.27618000,43537,2643.08900000,1803450.12049000
1778810400000,2026-05-15 02:00:00,679.83000000,680.63000000,677.24000000,679.83000000,8477.24900000,1778813999999,5756039.88351000,45823,5190.71400000,3524257.53406000
1778814000000,2026-05-15 03:00:00,679.84000000,683.80000000,678.67000000,681.95000000,6048.03200000,1778817599999,4123009.25201000,35998,3188.06100000,2173594.11472000
1778817600000,2026-05-15 04:00:00,681.95000000,681.95000000,678.25000000,678.38000000,3103.50500000,1778821199999,2109652.45591000,26544,1252.68900000,851623.81329000
1778821200000,2026-05-15 05:00:00,678.38000000,679.68000000,673.79000000,676.36000000,7709.47200000,1778824799999,5215786.78778000,49805,3977.89600000,2691546.86590000
1778824800000,2026-05-15 06:00:00,676.36000000,683.57000000,675.82000000,683.06000000,6801.31100000,1778828399999,4628488.03887000,38569,3738.95300000,2543617.49761000
1778828400000,2026-05-15 07:00:00,683.07000000,689.14000000,681.29000000,684.30000000,17240.80600000,1778831999999,11816364.37220000,68126,9962.31500000,6830015.69166000
1778832000000,2026-05-15 08:00:00,684.31000000,687.24000000,682.69000000,685.81000000,9857.39300000,1778835599999,6751241.15126000,60965,5015.26200000,3435195.45607000
1778835600000,2026-05-15 09:00:00,685.82000000,686.17000000,681.63000000,683.03000000,8038.87600000,1778839199999,5494986.58283000,55666,3479.58600000,2377783.45049000
1778839200000,2026-05-15 10:00:00,683.04000000,689.98000000,682.24000000,689.11000000,7127.83600000,1778842799999,4895636.97672000,44963,4654.41000000,3196857.34782000
1778842800000,2026-05-15 11:00:00,689.12000000,689.67000000,685.40000000,686.47000000,6917.46900000,1778846399999,4759918.71810000,44562,3560.90100000,2450581.83243000
1778846400000,2026-05-15 12:00:00,686.47000000,686.74000000,682.15000000,682.74000000,9412.36300000,1778849999999,6439545.63465000,58909,4579.79900000,3133130.95966000
1778850000000,2026-05-15 13:00:00,682.75000000,682.75000000,670.65000000,671.51000000,18900.49700000,1778853599999,12791817.93861000,139981,7831.85800000,5301958.70012000
1778853600000,2026-05-15 14:00:00,671.51000000,676.73000000,670.00000000,676.04000000,9644.94800000,1778857199999,6500161.49928000,76066,5218.87000000,3516803.96540000
1778857200000,2026-05-15 15:00:00,676.03000000,676.50000000,669.16000000,671.73000000,8287.86000000,1778860799999,5574443.72711000,53135,3674.82700000,2471620.40834000
1778860800000,2026-05-15 16:00:00,671.73000000,675.24000000,671.16000000,674.66000000,3406.59700000,1778864399999,2294924.98344000,34797,1810.37600000,1219557.51209000
1778864400000,2026-05-15 17:00:00,674.67000000,676.72000000,674.44000000,675.31000000,2985.07900000,1778867999999,2016677.55647000,26270,1362.59700000,920716.12205000
1778868000000,2026-05-15 18:00:00,675.32000000,676.59000000,673.13000000,674.41000000,2132.77200000,1778871599999,1439108.19196000,24836,890.34800000,600854.12274000
1778871600000,2026-05-15 19:00:00,674.40000000,675.31000000,672.42000000,674.04000000,1891.43000000,1778875199999,1274857.42078000,18713,852.95200000,574994.80590000
1778875200000,2026-05-15 20:00:00,674.04000000,674.46000000,671.92000000,673.69000000,2122.95400000,1778878799999,1429566.21314000,17828,1064.10000000,716577.24342000
1778878800000,2026-05-15 21:00:00,673.69000000,674.56000000,671.68000000,672.10000000,4261.59500000,1778882399999,2867901.58719000,17622,1023.55600000,688835.77609000
1778882400000,2026-05-15 22:00:00,672.10000000,673.67000000,671.89000000,673.55000000,2522.18400000,1778885999999,1696663.42144000,11184,785.91400000,528723.68231000
1778886000000,2026-05-15 23:00:00,673.54000000,673.59000000,671.21000000,672.38000000,2548.63700000,1778889599999,1713790.74686000,13206,640.93200000,430945.22457000
1778889600000,2026-05-16 00:00:00,672.37000000,674.92000000,671.87000000,672.26000000,2742.20900000,1778893199999,1846556.89273000,20163,1403.28200000,945104.20391000
1778893200000,2026-05-16 01:00:00,672.27000000,673.68000000,670.44000000,670.46000000,3614.52000000,1778896799999,2427444.73227000,21722,1767.50200000,1187173.84753000
1778896800000,2026-05-16 02:00:00,670.47000000,671.17000000,667.00000000,668.69000000,4504.02500000,1778900399999,3014002.91141000,30967,1772.59000000,1186378.80440000
1778900400000,2026-05-16 03:00:00,668.69000000,668.91000000,664.90000000,665.29000000,7387.44700000,1778903999999,4923351.64888000,38723,2153.70000000,1435540.15411000
1778904000000,2026-05-16 04:00:00,665.29000000,665.29000000,660.51000000,662.74000000,10775.31200000,1778907599999,7138225.24249000,66648,4515.62300000,2991347.31286000
1778907600000,2026-05-16 05:00:00,662.73000000,665.04000000,661.59000000,664.48000000,5574.85100000,1778911199999,3702107.28118000,31984,3439.05900000,2283810.22986000
1778911200000,2026-05-16 06:00:00,664.48000000,665.06000000,659.29000000,660.40000000,8232.78300000,1778914799999,5452938.13971000,50422,3468.81800000,2299008.18453000
1778914800000,2026-05-16 07:00:00,660.40000000,661.32000000,656.20000000,660.68000000,15480.44100000,1778918399999,10207233.61524000,78133,7515.90600000,4955963.95505000
1778918400000,2026-05-16 08:00:00,660.68000000,661.84000000,659.64000000,661.74000000,5644.24400000,1778921999999,3730485.26840000,29392,3160.63700000,2088888.25983000
1778922000000,2026-05-16 09:00:00,661.74000000,661.97000000,651.21000000,652.49000000,18817.32700000,1778925599999,12320012.69673000,103682,7789.76700000,5100120.30452000
1778925600000,2026-05-16 10:00:00,652.49000000,655.59000000,650.70000000,654.12000000,9706.97600000,1778929199999,6339351.13644000,61936,5611.22300000,3666533.18667000
1778929200000,2026-05-16 11:00:00,654.13000000,656.20000000,654.12000000,654.28000000,4323.16500000,1778932799999,2832288.01587000,33038,2355.03000000,1542853.49645000
1778932800000,2026-05-16 12:00:00,654.28000000,654.62000000,652.96000000,653.54000000,4630.36500000,1778936399999,3026895.19131000,30404,1853.84400000,1211854.84910000
1778936400000,2026-05-16 13:00:00,653.54000000,653.62000000,651.95000000,652.28000000,3655.44100000,1778939999999,2385755.98005000,31676,1523.26300000,994112.62076000
1778940000000,2026-05-16 14:00:00,652.28000000,655.09000000,651.10000000,653.21000000,6065.41200000,1778943599999,3960279.55239000,39489,2963.22100000,1934996.44037000
1778943600000,2026-05-16 15:00:00,653.20000000,658.00000000,653.11000000,655.20000000,4904.96500000,1778947199999,3214520.96982000,35091,2553.98300000,1674090.38264000
1778947200000,2026-05-16 16:00:00,655.19000000,657.00000000,654.92000000,656.85000000,2932.38500000,1778950799999,1924270.29526000,24948,1685.10200000,1105847.33764000
1778950800000,2026-05-16 17:00:00,656.86000000,657.47000000,655.20000000,655.78000000,2214.51800000,1778954399999,1453073.34368000,17383,931.80000000,611402.21443000
1778954400000,2026-05-16 18:00:00,655.78000000,658.34000000,655.47000000,657.82000000,2277.30400000,1778957999999,1495184.84518000,17644,1325.21500000,870284.18813000
1778958000000,2026-05-16 19:00:00,657.82000000,657.89000000,655.90000000,656.16000000,1408.32800000,1778961599999,924965.75455000,13011,742.20100000,487411.52078000
1778961600000,2026-05-16 20:00:00,656.16000000,657.51000000,656.04000000,656.67000000,1303.56800000,1778965199999,856241.11622000,11986,748.43900000,491584.20159000
1778965200000,2026-05-16 21:00:00,656.67000000,657.62000000,656.20000000,657.40000000,1296.58100000,1778968799999,851683.30962000,10086,465.96700000,306063.98932000
1778968800000,2026-05-16 22:00:00,657.39000000,657.44000000,656.34000000,656.47000000,767.45900000,1778972399999,504106.19709000,10976,368.27200000,241875.63623000
1778972400000,2026-05-16 23:00:00,656.47000000,657.13000000,655.73000000,656.20000000,1518.71000000,1778975999999,996887.73532000,16875,761.93700000,500129.26813000
1778976000000,2026-05-17 00:00:00,656.20000000,657.28000000,651.14000000,652.00000000,7138.04300000,1778979599999,4666145.86053000,36842,2650.18900000,1732583.06494000
1778979600000,2026-05-17 01:00:00,652.00000000,654.02000000,650.00000000,650.68000000,5365.33300000,1778983199999,3495730.35954000,39816,2049.89300000,1336301.45928000
1778983200000,2026-05-17 02:00:00,650.68000000,652.51000000,650.67000000,651.36000000,3310.04300000,1778986799999,2157227.41714000,27134,1752.56900000,1142214.50047000
1778986800000,2026-05-17 03:00:00,651.36000000,653.88000000,651.36000000,652.77000000,2524.61400000,1778990399999,1647950.51350000,20781,1090.94800000,712136.01597000
1778990400000,2026-05-17 04:00:00,652.77000000,654.91000000,652.41000000,654.74000000,2455.68500000,1778993999999,1606248.92436000,16983,1512.29500000,989230.89526000
1778994000000,2026-05-17 05:00:00,654.74000000,656.35000000,654.66000000,655.16000000,3311.55500000,1778997599999,2170778.76922000,18675,1804.06100000,1182537.48432000
1778997600000,2026-05-17 06:00:00,655.16000000,656.06000000,654.45000000,655.26000000,2305.54400000,1779001199999,1510555.86277000,13531,1065.49300000,698089.27876000
1779001200000,2026-05-17 07:00:00,655.26000000,655.89000000,654.47000000,655.31000000,1842.57100000,1779004799999,1207388.41335000,10785,810.33000000,530970.75504000
1779004800000,2026-05-17 08:00:00,655.31000000,655.39000000,653.64000000,653.83000000,2240.03600000,1779008399999,1465760.11665000,13586,828.03500000,541845.48311000
1779008400000,2026-05-17 09:00:00,653.84000000,654.47000000,650.00000000,653.21000000,10620.71100000,1779011999999,6924396.15128000,32074,3057.06500000,1993336.74083000
1779012000000,2026-05-17 10:00:00,653.21000000,655.44000000,653.21000000,654.81000000,3981.81600000,1779015599999,2606952.80249000,22505,1822.93700000,1193368.72991000
1779015600000,2026-05-17 11:00:00,654.81000000,655.45000000,653.65000000,655.07000000,3250.84300000,1779019199999,2128246.93326000,16339,1532.27600000,1003069.78522000
1779019200000,2026-05-17 12:00:00,655.07000000,657.51000000,654.63000000,656.50000000,3357.96600000,1779022799999,2203230.82854000,15893,1734.64600000,1138367.89422000
1779022800000,2026-05-17 13:00:00,656.49000000,656.50000000,653.00000000,653.63000000,4035.60200000,1779026399999,2640400.16826000,20689,1835.83700000,1201467.31144000
1779026400000,2026-05-17 14:00:00,653.64000000,653.77000000,650.57000000,652.11000000,4503.24000000,1779029999999,2937632.87036000,27231,2239.35300000,1460735.23431000
1779030000000,2026-05-17 15:00:00,652.11000000,653.00000000,651.09000000,652.40000000,2566.47000000,1779033599999,1673561.85048000,15956,1408.84200000,918648.81692000
1779033600000,2026-05-17 16:00:00,652.41000000,653.56000000,651.36000000,651.71000000,2113.89500000,1779037199999,1379349.47464000,14206,964.76800000,629612.76489000
1779037200000,2026-05-17 17:00:00,651.70000000,652.07000000,650.22000000,651.74000000,2269.56800000,1779040799999,1477719.57126000,15802,877.77800000,571621.17231000
1779040800000,2026-05-17 18:00:00,651.75000000,653.46000000,650.87000000,653.46000000,2258.33800000,1779044399999,1472610.89224000,17261,1186.87200000,774007.87080000
1779044400000,2026-05-17 19:00:00,653.47000000,656.35000000,653.47000000,656.04000000,1484.69700000,1779047999999,972384.84770000,13803,958.86200000,628006.51548000
1779048000000,2026-05-17 20:00:00,656.04000000,656.27000000,653.87000000,654.59000000,1269.62400000,1779051599999,831322.32851000,12434,572.34600000,374730.90967000
1779051600000,2026-05-17 21:00:00,654.59000000,657.60000000,654.27000000,657.00000000,2352.22300000,1779055199999,1543503.97918000,13924,1437.58000000,943153.13163000
1779055200000,2026-05-17 22:00:00,657.00000000,657.00000000,653.06000000,653.77000000,2221.00800000,1779058799999,1454285.71184000,30265,1010.26300000,661621.64504000
1779058800000,2026-05-17 23:00:00,653.77000000,653.84000000,640.01000000,649.48000000,19032.52700000,1779062399999,12302076.67560000,94196,7650.27900000,4943000.82260000
1779062400000,2026-05-18 00:00:00,649.48000000,649.70000000,644.86000000,646.24000000,9471.04400000,1779065999999,6122201.18202000,57328,4121.05100000,2663691.57351000
1779066000000,2026-05-18 01:00:00,646.25000000,646.66000000,642.13000000,646.38000000,5666.93600000,1779069599999,3649843.48411000,41973,2694.38400000,1736132.45111000
1779069600000,2026-05-18 02:00:00,646.37000000,648.07000000,644.00000000,644.50000000,5366.75300000,1779073199999,3466539.97172000,31226,2505.34500000,1617824.70309000
1779073200000,2026-05-18 03:00:00,644.50000000,645.72000000,643.13000000,643.44000000,3565.38700000,1779076799999,2296958.40610000,24916,1914.49500000,1233411.76424000
1779076800000,2026-05-18 04:00:00,643.44000000,644.53000000,640.96000000,643.74000000,5489.75100000,1779080399999,3528910.82468000,33129,2168.81500000,1394764.29434000
1779080400000,2026-05-18 05:00:00,643.75000000,644.58000000,641.60000000,641.84000000,3495.88500000,1779083999999,2248464.73196000,28552,1706.91300000,1098012.35800000
1779084000000,2026-05-18 06:00:00,641.85000000,642.72000000,637.54000000,640.62000000,8953.74000000,1779087599999,5727465.00515000,50312,3503.86100000,2241982.44017000
1779087600000,2026-05-18 07:00:00,640.62000000,642.36000000,639.00000000,641.85000000,4169.67000000,1779091199999,2673032.10003000,33741,2095.07000000,1343155.54888000
1779091200000,2026-05-18 08:00:00,641.86000000,642.14000000,638.74000000,640.21000000,4494.24300000,1779094799999,2876924.73804000,27098,2422.19300000,1550873.03285000
1779094800000,2026-05-18 09:00:00,640.21000000,640.63000000,638.80000000,639.36000000,4317.78000000,1779098399999,2763079.41383000,26159,2131.80400000,1364160.47512000
1779098400000,2026-05-18 10:00:00,639.36000000,639.46000000,637.54000000,638.34000000,3453.50800000,1779101999999,2204005.37603000,24329,1342.81500000,857200.79316000
1779102000000,2026-05-18 11:00:00,638.35000000,643.69000000,637.64000000,641.75000000,3999.97300000,1779105599999,2561880.47308000,32561,2224.31600000,1424406.58643000
1779105600000,2026-05-18 12:00:00,641.75000000,645.54000000,641.67000000,643.28000000,6425.74200000,1779109199999,4136568.99560000,45408,2750.51100000,1771020.61988000
1779109200000,2026-05-18 13:00:00,643.29000000,643.34000000,637.77000000,640.06000000,6242.88000000,1779112799999,3999064.70396000,46075,2719.83200000,1742434.14824000
1779112800000,2026-05-18 14:00:00,640.05000000,640.05000000,635.11000000,636.89000000,9282.81000000,1779116399999,5916256.90580000,54826,3555.13900000,2266176.25290000
1779116400000,2026-05-18 15:00:00,636.89000000,637.63000000,634.30000000,637.03000000,6847.29700000,1779119999999,4354374.80713000,43772,3469.55700000,2206523.38858000
1779120000000,2026-05-18 16:00:00,637.04000000,640.19000000,635.74000000,639.49000000,11370.24000000,1779123599999,7263416.12618000,35787,5998.39400000,3831145.72147000
1779123600000,2026-05-18 17:00:00,639.49000000,641.06000000,638.85000000,640.45000000,2109.49200000,1779127199999,1350651.50358000,24345,1043.32100000,667994.53350000
1779127200000,2026-05-18 18:00:00,640.45000000,640.49000000,636.08000000,637.78000000,2827.36300000,1779130799999,1804670.83019000,32741,1167.89700000,745520.12330000
1779130800000,2026-05-18 19:00:00,637.79000000,644.92000000,637.47000000,644.78000000,9105.76300000,1779134399999,5846155.06607000,51761,5895.72400000,3785040.25823000
1779134400000,2026-05-18 20:00:00,644.79000000,645.51000000,642.19000000,642.70000000,2224.34300000,1779137999999,1432893.21199000,17554,1012.65900000,652662.63828000
1779138000000,2026-05-18 21:00:00,642.71000000,646.05000000,641.89000000,645.54000000,2323.40900000,1779141599999,1496939.46312000,19781,1179.59700000,760163.35612000
1779141600000,2026-05-18 22:00:00,645.54000000,646.40000000,644.00000000,645.02000000,3050.46400000,1779145199999,1968968.69821000,17201,1670.30100000,1078115.80731000
1779145200000,2026-05-18 23:00:00,645.02000000,645.85000000,642.97000000,643.53000000,1926.74700000,1779148799999,1241326.68193000,13002,832.18600000,536180.64205000
1779148800000,2026-05-19 00:00:00,643.53000000,647.19000000,643.42000000,645.73000000,2592.65400000,1779152399999,1673865.24263000,23776,1525.12500000,984659.00010000
1779152400000,2026-05-19 01:00:00,645.73000000,645.99000000,642.99000000,642.99000000,2961.47700000,1779155999999,1909605.63402000,22896,1397.82700000,901438.33463000
1779156000000,2026-05-19 02:00:00,642.99000000,644.64000000,641.17000000,641.96000000,4070.30300000,1779159599999,2615660.59975000,27403,1899.51600000,1220659.94268000
1779159600000,2026-05-19 03:00:00,641.96000000,644.78000000,641.32000000,642.88000000,5457.33200000,1779163199999,3511636.39986000,20189,3181.73500000,2047416.84812000
1779163200000,2026-05-19 04:00:00,642.87000000,644.53000000,641.71000000,643.38000000,2419.53000000,1779166799999,1556076.22356000,20451,1053.46300000,677407.16504000
1779166800000,2026-05-19 05:00:00,643.37000000,643.93000000,640.95000000,643.84000000,2463.01200000,1779170399999,1582913.09049000,24289,1208.54200000,776756.56918000
1779170400000,2026-05-19 06:00:00,643.84000000,645.33000000,643.12000000,644.45000000,3525.52500000,1779173999999,2270921.26236000,20753,2099.44400000,1352374.68441000
1779174000000,2026-05-19 07:00:00,644.46000000,646.34000000,643.25000000,645.93000000,4470.69800000,1779177599999,2883337.44862000,25888,2099.28900000,1354257.41454000
1779177600000,2026-05-19 08:00:00,645.93000000,646.02000000,641.83000000,642.33000000,4568.73300000,1779181199999,2939883.36701000,29705,1783.70900000,1147615.72236000
1779181200000,2026-05-19 09:00:00,642.33000000,642.57000000,639.80000000,640.50000000,3891.07800000,1779184799999,2494463.82356000,29576,1444.34600000,925999.76255000
1779184800000,2026-05-19 10:00:00,640.50000000,641.17000000,637.98000000,640.07000000,5575.47100000,1779188399999,3567245.27511000,36077,2390.50100000,1529560.16980000
1779188400000,2026-05-19 11:00:00,640.08000000,640.86000000,638.34000000,639.88000000,4196.23400000,1779191999999,2685231.18516000,24620,2247.18000000,1437974.64614000
1779192000000,2026-05-19 12:00:00,639.87000000,641.57000000,639.32000000,641.47000000,4185.82500000,1779195599999,2680941.15335000,18236,2286.55400000,1464571.37729000
1779195600000,2026-05-19 13:00:00,641.46000000,642.05000000,638.71000000,640.19000000,5694.38400000,1779199199999,3646288.38612000,39984,2552.23200000,1634462.58639000
1779199200000,2026-05-19 14:00:00,640.18000000,641.29000000,636.10000000,638.19000000,7158.84600000,1779202799999,4570571.10432000,52429,3342.84700000,2134191.42563000
1779202800000,2026-05-19 15:00:00,638.20000000,640.57000000,637.76000000,638.73000000,5115.45000000,1779206399999,3269958.98665000,30370,2032.25600000,1299054.88066000
1779206400000,2026-05-19 16:00:00,638.74000000,640.74000000,637.87000000,640.61000000,2663.23500000,1779209999999,1702268.05226000,20815,1346.86800000,860935.34422000
1779210000000,2026-05-19 17:00:00,640.62000000,641.54000000,639.60000000,640.62000000,1488.17200000,1779213599999,953442.76532000,15445,754.56600000,483437.69723000
1779213600000,2026-05-19 18:00:00,640.63000000,641.19000000,639.24000000,640.38000000,1650.25000000,1779217199999,1056756.06521000,13064,822.06500000,526474.84767000
1779217200000,2026-05-19 19:00:00,640.38000000,641.88000000,639.33000000,639.99000000,1157.63200000,1779220799999,741490.56286000,15492,524.30000000,335832.86822000
1779220800000,2026-05-19 20:00:00,639.98000000,641.30000000,639.89000000,641.24000000,1168.04600000,1779224399999,748048.86646000,9744,617.05800000,395210.52287000
1779224400000,2026-05-19 21:00:00,641.23000000,641.66000000,640.29000000,640.42000000,830.74900000,1779227999999,532631.14837000,10482,330.14700000,211667.24140000
1779228000000,2026-05-19 22:00:00,640.42000000,640.42000000,637.87000000,638.63000000,2037.88900000,1779231599999,1302235.03683000,17436,566.10300000,361715.69648000
1779231600000,2026-05-19 23:00:00,638.64000000,641.41000000,638.18000000,640.02000000,1611.41200000,1779235199999,1031636.10700000,15211,985.31200000,630722.82159000
1779235200000,2026-05-20 00:00:00,640.03000000,640.12000000,637.52000000,639.49000000,2219.10800000,1779238799999,1417643.28125000,24604,1062.20200000,678578.06742000
1779238800000,2026-05-20 01:00:00,639.48000000,640.95000000,637.80000000,640.32000000,2257.12700000,1779242399999,1443141.40696000,26437,975.96000000,624226.39746000
1779242400000,2026-05-20 02:00:00,640.33000000,640.64000000,638.11000000,639.13000000,4559.95500000,1779245999999,2914717.02656000,22165,1255.87900000,802728.14965000
1779246000000,2026-05-20 03:00:00,639.14000000,640.52000000,638.13000000,640.12000000,1962.22000000,1779249599999,1254713.51939000,17978,859.62400000,549592.82732000
1779249600000,2026-05-20 04:00:00,640.13000000,640.73000000,638.38000000,639.84000000,1632.70500000,1779253199999,1043860.03538000,12244,848.37000000,542354.01183000
1779253200000,2026-05-20 05:00:00,639.84000000,643.60000000,639.83000000,642.63000000,6421.93300000,1779256799999,4123631.05751000,27925,3320.60900000,2131902.63888000
1779256800000,2026-05-20 06:00:00,642.63000000,644.00000000,641.28000000,643.88000000,6060.94600000,1779260399999,3893283.47506000,23712,3392.23900000,2179252.17710000
1779260400000,2026-05-20 07:00:00,643.89000000,645.00000000,643.07000000,643.41000000,2911.23100000,1779263999999,1874552.44689000,18141,1331.96700000,857722.21899000
1779264000000,2026-05-20 08:00:00,643.41000000,645.31000000,643.23000000,644.40000000,2923.17700000,1779267599999,1883937.38907000,17119,1626.97800000,1048582.56911000
1779267600000,2026-05-20 09:00:00,644.40000000,645.18000000,643.69000000,644.43000000,2425.78600000,1779271199999,1562940.81555000,12258,1455.15900000,937555.86318000
1779271200000,2026-05-20 10:00:00,644.43000000,645.30000000,643.71000000,643.90000000,3204.66600000,1779274799999,2065162.70729000,15494,1489.13700000,959594.29478000
1779274800000,2026-05-20 11:00:00,643.91000000,644.11000000,642.30000000,643.33000000,2375.55500000,1779278399999,1528428.33296000,15594,1140.66400000,733910.51222000
1779278400000,2026-05-20 12:00:00,643.33000000,646.00000000,642.92000000,644.95000000,2968.01000000,1779281999999,1913336.09879000,17509,1964.53900000,1266841.62681000
1779282000000,2026-05-20 13:00:00,644.96000000,645.17000000,641.75000000,643.19000000,3643.00800000,1779285599999,2343780.32027000,26746,1687.30100000,1085556.81452000
1779285600000,2026-05-20 14:00:00,643.19000000,649.46000000,641.34000000,647.92000000,8075.51500000,1779289199999,5219008.01173000,63759,4721.07700000,3052024.88389000
1779289200000,2026-05-20 15:00:00,647.93000000,649.97000000,646.85000000,648.80000000,6491.73200000,1779292799999,4211132.19520000,48853,3501.51200000,2271453.62994000
1779292800000,2026-05-20 16:00:00,648.81000000,649.77000000,646.01000000,648.71000000,2802.24400000,1779296399999,1815809.14416000,29387,1397.84100000,906017.88565000
1779296400000,2026-05-20 17:00:00,648.72000000,651.19000000,647.75000000,649.64000000,3999.76500000,1779299999999,2599261.35884000,24320,2395.43300000,1556833.53174000
1779300000000,2026-05-20 18:00:00,649.63000000,649.99000000,648.50000000,648.81000000,2425.06000000,1779303599999,1574504.00158000,18597,1079.77000000,701159.81285000
1779303600000,2026-05-20 19:00:00,648.81000000,651.00000000,648.00000000,650.57000000,2845.56400000,1779307199999,1849272.23692000,20586,1185.53400000,770500.93854000
1779307200000,2026-05-20 20:00:00,650.56000000,651.50000000,648.80000000,651.26000000,2271.43100000,1779310799999,1477230.03231000,19838,1142.36500000,743003.42859000
1779310800000,2026-05-20 21:00:00,651.27000000,651.77000000,649.39000000,649.41000000,4342.77300000,1779314399999,2824388.35293000,13585,1292.68200000,841088.54022000
1779314400000,2026-05-20 22:00:00,649.41000000,649.41000000,647.17000000,648.70000000,2136.56300000,1779317999999,1385333.37479000,19603,952.52100000,617616.02594000
1779318000000,2026-05-20 23:00:00,648.69000000,649.73000000,647.43000000,649.50000000,1986.57900000,1779321599999,1288972.54645000,11943,869.01000000,563740.42536000
1779321600000,2026-05-21 00:00:00,649.50000000,653.84000000,649.31000000,653.71000000,4136.09200000,1779325199999,2697200.43150000,26622,2359.19200000,1538446.58080000
1779325200000,2026-05-21 01:00:00,653.71000000,654.78000000,652.31000000,653.07000000,3952.96200000,1779328799999,2581925.08792000,28112,1931.39900000,1261679.61463000
1779328800000,2026-05-21 02:00:00,653.07000000,655.42000000,652.45000000,653.88000000,4403.65800000,1779332399999,2882247.23649000,22103,2220.15700000,1453107.97169000
1779332400000,2026-05-21 03:00:00,653.87000000,656.00000000,653.00000000,654.81000000,3934.11400000,1779335999999,2575356.94075000,19404,2485.12700000,1627413.44690000
1779336000000,2026-05-21 04:00:00,654.81000000,655.31000000,653.37000000,654.39000000,2392.59900000,1779339599999,1565630.11690000,14518,1270.87000000,831732.75203000
1779339600000,2026-05-21 05:00:00,654.39000000,655.33000000,651.91000000,652.83000000,4586.37900000,1779343199999,2998858.62470000,23010,1870.66600000,1223947.40388000
1779343200000,2026-05-21 06:00:00,652.82000000,652.97000000,650.13000000,651.38000000,3815.55000000,1779346799999,2486880.84316000,26578,1828.81800000,1191962.66482000
1779346800000,2026-05-21 07:00:00,651.38000000,653.14000000,651.02000000,652.93000000,4379.77700000,1779350399999,2854513.67206000,17862,1657.89100000,1080742.16489000
1779350400000,2026-05-21 08:00:00,652.93000000,656.00000000,652.83000000,654.92000000,3632.87400000,1779353999999,2379390.10917000,24769,2121.60500000,1389499.58326000
1779354000000,2026-05-21 09:00:00,654.93000000,655.47000000,652.96000000,653.31000000,2721.69200000,1779357599999,1780587.86295000,16479,935.37200000,611930.75829000
1779357600000,2026-05-21 10:00:00,653.31000000,653.99000000,648.05000000,648.38000000,7296.95800000,1779361199999,4748262.72356000,43893,3762.93900000,2448182.11069000
1779361200000,2026-05-21 11:00:00,648.38000000,649.56000000,647.36000000,647.77000000,2745.55500000,1779364799999,1780346.11187000,20757,1168.26800000,757655.22089000
1779364800000,2026-05-21 12:00:00,647.78000000,650.89000000,647.54000000,649.67000000,4315.36800000,1779368399999,2800522.03500000,23839,2459.84400000,1597086.71995000
1779368400000,2026-05-21 13:00:00,649.67000000,650.89000000,646.33000000,649.60000000,5709.37500000,1779371999999,3705226.15788000,43234,2906.80700000,1886403.21604000
1779372000000,2026-05-21 14:00:00,649.61000000,651.30000000,647.81000000,648.90000000,5386.74100000,1779375599999,3498573.02067000,41553,3022.64700000,1963220.94922000
1779375600000,2026-05-21 15:00:00,648.90000000,653.08000000,648.75000000,652.39000000,6872.67400000,1779379199999,4475244.28807000,31848,3459.63200000,2252607.81403000
1779379200000,2026-05-21 16:00:00,652.39000000,653.33000000,650.23000000,651.10000000,3531.28600000,1779382799999,2300994.69019000,22254,1870.49400000,1218767.89741000
1779382800000,2026-05-21 17:00:00,651.10000000,659.82000000,651.00000000,657.79000000,10461.07100000,1779386399999,6871672.00044000,53804,6614.86500000,4344836.83059000
1779386400000,2026-05-21 18:00:00,657.79000000,659.41000000,654.46000000,655.95000000,8368.70600000,1779389999999,5502144.59264000,45854,4368.08000000,2872679.09716000
1779390000000,2026-05-21 19:00:00,655.94000000,658.53000000,655.82000000,657.87000000,2988.17300000,1779393599999,1963129.27163000,25332,1925.30600000,1264869.18359000
1779393600000,2026-05-21 20:00:00,657.88000000,658.51000000,657.05000000,657.36000000,1676.94100000,1779397199999,1102791.47394000,11360,950.06100000,624807.97893000
1779397200000,2026-05-21 21:00:00,657.35000000,659.00000000,657.35000000,657.51000000,1314.89500000,1779400799999,865756.11648000,11624,651.79600000,429180.13048000
1779400800000,2026-05-21 22:00:00,657.52000000,658.08000000,656.11000000,656.90000000,1067.43900000,1779404399999,701444.07171000,10412,408.32800000,268372.40585000
1779404400000,2026-05-21 23:00:00,656.90000000,658.66000000,656.35000000,658.58000000,3364.79900000,1779407999999,2213616.56915000,10808,1814.01200000,1193367.86323000
1779408000000,2026-05-22 00:00:00,658.58000000,659.33000000,656.92000000,656.98000000,3576.46200000,1779411599999,2354018.47780000,20515,1637.18800000,1077723.43208000
1779411600000,2026-05-22 01:00:00,656.98000000,660.20000000,656.14000000,659.34000000,3596.27500000,1779415199999,2366938.46726000,19206,2186.17100000,1439300.53992000
1779415200000,2026-05-22 02:00:00,659.34000000,661.00000000,658.69000000,660.31000000,8892.20500000,1779418799999,5867008.01042000,29143,5512.52000000,3636986.98049000
1779418800000,2026-05-22 03:00:00,660.31000000,661.42000000,659.34000000,659.61000000,3892.98500000,1779422399999,2570448.99417000,21211,2359.48500000,1558034.00954000
1779422400000,2026-05-22 04:00:00,659.62000000,660.59000000,658.43000000,659.13000000,4930.88000000,1779425999999,3250175.52498000,17412,2740.76700000,1806472.20227000
1779426000000,2026-05-22 05:00:00,659.13000000,659.23000000,656.56000000,657.15000000,7782.62800000,1779429599999,5121510.57840000,24506,3637.26100000,2393855.79715000
1779429600000,2026-05-22 06:00:00,657.15000000,657.75000000,655.81000000,656.12000000,2950.52900000,1779433199999,1937928.84941000,20575,1251.13000000,821734.33213000
1779433200000,2026-05-22 07:00:00,656.13000000,659.72000000,655.48000000,659.49000000,3381.94200000,1779436799999,2226016.14003000,19229,1881.69200000,1238648.89612000
1779436800000,2026-05-22 08:00:00,659.49000000,661.10000000,658.82000000,659.16000000,4093.51700000,1779440399999,2701320.32341000,23766,2231.67600000,1472860.41941000
1779440400000,2026-05-22 09:00:00,659.16000000,659.16000000,656.20000000,657.25000000,8595.13600000,1779443999999,5650036.86252000,28159,3525.17900000,2317135.49740000
1779444000000,2026-05-22 10:00:00,657.25000000,657.26000000,654.79000000,656.08000000,4676.38300000,1779447599999,3067629.70185000,24131,1609.90100000,1056054.73181000
1779447600000,2026-05-22 11:00:00,656.08000000,657.95000000,655.31000000,657.94000000,2055.31500000,1779451199999,1349344.56109000,19043,1209.91700000,794285.70678000
1779451200000,2026-05-22 12:00:00,657.95000000,660.62000000,657.77000000,660.62000000,4904.05000000,1779454799999,3233287.73448000,22579,2540.27000000,1674957.57646000
1779454800000,2026-05-22 13:00:00,660.62000000,664.00000000,660.21000000,663.99000000,8517.52800000,1779458399999,5640653.40897000,44726,4795.82100000,3176002.18170000
1779458400000,2026-05-22 14:00:00,664.00000000,664.20000000,656.61000000,657.39000000,9619.78000000,1779461999999,6346963.75793000,51600,3585.11700000,2365211.43543000
1779462000000,2026-05-22 15:00:00,657.39000000,659.83000000,656.45000000,658.51000000,4599.40200000,1779465599999,3027293.01333000,31964,2413.74500000,1588640.07089000
1779465600000,2026-05-22 16:00:00,658.51000000,660.84000000,657.93000000,660.52000000,4660.48500000,1779469199999,3072710.66848000,27181,2826.71400000,1864065.36859000
1779469200000,2026-05-22 17:00:00,660.53000000,661.58000000,658.72000000,659.83000000,5089.26300000,1779472799999,3360932.90273000,27963,1857.68600000,1226839.77635000
1779472800000,2026-05-22 18:00:00,659.83000000,659.89000000,648.55000000,653.53000000,9200.43700000,1779476399999,6011696.48488000,50639,3693.15300000,2413428.65699000
1779476400000,2026-05-22 19:00:00,653.53000000,654.11000000,648.31000000,652.48000000,7946.71600000,1779479999999,5173653.23063000,61483,4188.96900000,2727308.56345000
1779480000000,2026-05-22 20:00:00,652.48000000,654.03000000,651.84000000,653.22000000,3223.78800000,1779483599999,2104860.56057000,21167,1603.01600000,1046586.65995000
1779483600000,2026-05-22 21:00:00,653.22000000,654.03000000,652.36000000,653.23000000,1903.23300000,1779487199999,1243446.95579000,12313,834.30900000,545056.74897000
1779487200000,2026-05-22 22:00:00,653.23000000,653.53000000,650.75000000,652.53000000,2149.75900000,1779490799999,1401976.74297000,15289,814.97100000,531447.97508000
1779490800000,2026-05-22 23:00:00,652.53000000,653.37000000,648.70000000,650.44000000,3668.92200000,1779494399999,2387857.96297000,26706,1742.13400000,1133716.48394000
1779494400000,2026-05-23 00:00:00,650.45000000,652.15000000,648.07000000,650.99000000,5169.20100000,1779497999999,3360474.44895000,38055,2686.14700000,1746550.48309000
1779498000000,2026-05-23 01:00:00,651.00000000,652.31000000,649.57000000,650.36000000,1971.19900000,1779501599999,1282859.78682000,20148,1011.97800000,658568.45325000
1779501600000,2026-05-23 02:00:00,650.36000000,651.70000000,649.66000000,651.51000000,2214.62500000,1779505199999,1440567.71806000,16250,937.64100000,609831.48343000
1779505200000,2026-05-23 03:00:00,651.51000000,653.00000000,650.16000000,652.34000000,3506.46000000,1779508799999,2283420.65651000,17755,1552.22700000,1010942.48338000
1779508800000,2026-05-23 04:00:00,652.33000000,652.78000000,649.85000000,650.18000000,3086.51900000,1779512399999,2008578.63749000,14731,1525.58100000,992771.67944000
1779512400000,2026-05-23 05:00:00,650.19000000,650.31000000,648.33000000,648.97000000,5051.79200000,1779515999999,3280020.83646000,19630,2363.86300000,1534763.52178000
1779516000000,2026-05-23 06:00:00,648.97000000,649.69000000,648.21000000,648.68000000,3481.91500000,1779519599999,2259760.62671000,18439,2022.70100000,1312798.53098000
1779519600000,2026-05-23 07:00:00,648.69000000,648.98000000,635.29000000,636.76000000,18338.89200000,1779523199999,11750842.86811000,73702,6372.19900000,4081304.66200000
1779523200000,2026-05-23 08:00:00,636.76000000,640.53000000,635.64000000,640.32000000,8255.88200000,1779526799999,5269227.99029000,45374,4096.68100000,2614683.25192000
1779526800000,2026-05-23 09:00:00,640.33000000,640.76000000,638.63000000,638.63000000,3915.51000000,1779530399999,2505855.55120000,22982,2002.66100000,1281732.67994000
1779530400000,2026-05-23 10:00:00,638.64000000,640.72000000,638.64000000,640.20000000,2808.92900000,1779533999999,1796705.81654000,16629,1446.15600000,925004.90312000
1779534000000,2026-05-23 11:00:00,640.20000000,641.27000000,639.76000000,640.22000000,4274.00100000,1779537599999,2737570.26561000,15113,2153.57800000,1379429.93993000
1779537600000,2026-05-23 12:00:00,640.23000000,640.89000000,639.28000000,640.68000000,1734.39300000,1779541199999,1110270.84988000,12512,804.43800000,515008.55808000
1779541200000,2026-05-23 13:00:00,640.67000000,643.43000000,640.51000000,643.06000000,5146.33000000,1779544799999,3305183.88223000,29315,2669.10400000,1714237.40513000
1779544800000,2026-05-23 14:00:00,643.07000000,647.85000000,642.24000000,647.36000000,4863.70700000,1779548399999,3138499.89285000,26602,3085.82900000,1991319.25298000
1779548400000,2026-05-23 15:00:00,647.36000000,648.80000000,646.35000000,647.49000000,4359.68300000,1779551999999,2822898.60048000,26206,2182.43200000,1413225.11906000
1779552000000,2026-05-23 16:00:00,647.49000000,648.24000000,646.27000000,646.76000000,2897.53000000,1779555599999,1875618.94944000,23165,1179.73500000,763600.23207000
1779555600000,2026-05-23 17:00:00,646.76000000,649.54000000,646.76000000,649.12000000,2477.78300000,1779559199999,1605822.54572000,16050,1367.69500000,886420.22740000
1779559200000,2026-05-23 18:00:00,649.12000000,653.00000000,648.97000000,651.61000000,3407.31900000,1779562799999,2219425.69879000,28607,2035.47000000,1325575.52699000
1779562800000,2026-05-23 19:00:00,651.62000000,653.17000000,650.77000000,652.34000000,2139.43200000,1779566399999,1394953.80812000,15433,1321.32500000,861535.85498000
1779566400000,2026-05-23 20:00:00,652.34000000,661.44000000,651.73000000,661.43000000,9260.16900000,1779569999999,6079791.81864000,60061,6300.24000000,4137415.90388000
1779570000000,2026-05-23 21:00:00,661.43000000,663.93000000,655.12000000,657.66000000,9359.98400000,1779573599999,6178187.86357000,54782,4462.20800000,2946368.39562000
1779573600000,2026-05-23 22:00:00,657.66000000,658.50000000,654.44000000,656.67000000,2736.62700000,1779577199999,1796339.17432000,22632,1186.56400000,779161.90794000
1779577200000,2026-05-23 23:00:00,656.66000000,657.53000000,655.99000000,656.26000000,2551.75600000,1779580799999,1675866.20360000,17349,1266.31000000,831661.99832000
1779580800000,2026-05-24 00:00:00,656.26000000,657.89000000,655.47000000,656.59000000,2660.75300000,1779584399999,1747274.99310000,24450,1420.90400000,933158.45600000
1779584400000,2026-05-24 01:00:00,656.59000000,658.17000000,656.36000000,657.40000000,2196.55700000,1779587999999,1443821.84618000,13214,1223.11500000,803934.24200000
1779588000000,2026-05-24 02:00:00,657.40000000,658.75000000,656.13000000,657.89000000,3068.89900000,1779591599999,2017629.49812000,21946,1506.83400000,990574.50830000
1779591600000,2026-05-24 03:00:00,657.90000000,658.91000000,656.36000000,657.14000000,2304.74600000,1779595199999,1515394.49735000,19306,1097.29000000,721434.75918000
1779595200000,2026-05-24 04:00:00,657.14000000,658.05000000,656.33000000,656.36000000,1535.08500000,1779598799999,1008585.58613000,15498,896.90900000,589305.28190000
1779598800000,2026-05-24 05:00:00,656.36000000,656.36000000,654.01000000,655.35000000,3363.01000000,1779602399999,2202752.74143000,17726,1650.91100000,1081170.99425000
1779602400000,2026-05-24 06:00:00,655.34000000,657.93000000,654.89000000,657.43000000,5205.17900000,1779605999999,3412482.76621000,20072,2815.67900000,1846021.20163000
1779606000000,2026-05-24 07:00:00,657.43000000,657.65000000,655.93000000,656.64000000,1386.67300000,1779609599999,910503.48434000,12387,635.66000000,417353.69814000
1779609600000,2026-05-24 08:00:00,656.64000000,659.00000000,656.22000000,658.68000000,2857.68500000,1779613199999,1880124.27605000,16286,1827.30500000,1202128.81833000
1779613200000,2026-05-24 09:00:00,658.69000000,660.17000000,658.08000000,659.79000000,4822.43500000,1779616799999,3180810.50513000,19887,2391.95700000,1577550.89216000
1779616800000,2026-05-24 10:00:00,659.79000000,662.60000000,659.01000000,660.85000000,5312.81000000,1779620399999,3508747.70032000,24998,2277.64700000,1505124.11901000
1779620400000,2026-05-24 11:00:00,660.86000000,662.60000000,660.51000000,661.27000000,4101.90900000,1779623999999,2712927.21648000,23362,1524.83900000,1008646.95199000
1779624000000,2026-05-24 12:00:00,661.27000000,661.31000000,658.47000000,660.13000000,4153.10300000,1779627599999,2739054.25921000,18134,1823.06900000,1202262.75585000
1779627600000,2026-05-24 13:00:00,660.13000000,660.80000000,656.46000000,657.45000000,3730.34000000,1779631199999,2458547.91818000,27003,1127.62100000,743385.67477000
1779631200000,2026-05-24 14:00:00,657.45000000,658.40000000,652.07000000,655.62000000,7580.18300000,1779634799999,4969528.60102000,50286,3145.67200000,2062327.88659000
1779634800000,2026-05-24 15:00:00,655.61000000,656.65000000,655.16000000,655.51000000,2181.25700000,1779638399999,1430652.85277000,17816,791.63000000,519203.77631000
1779638400000,2026-05-24 16:00:00,655.54000000,657.71000000,655.24000000,656.79000000,2114.36200000,1779641999999,1388059.64040000,17964,1173.00200000,770182.87050000
1779642000000,2026-05-24 17:00:00,656.78000000,657.54000000,656.29000000,656.29000000,1584.36900000,1779645599999,1040941.26050000,12262,827.39400000,543648.95017000
1779645600000,2026-05-24 18:00:00,656.29000000,656.38000000,655.00000000,655.38000000,1842.35600000,1779649199999,1207641.95726000,11369,720.91700000,472642.65876000
1779649200000,2026-05-24 19:00:00,655.39000000,656.45000000,655.21000000,656.16000000,802.78600000,1779652799999,526507.28205000,9517,497.33800000,326182.10857000
1779652800000,2026-05-24 20:00:00,656.16000000,656.28000000,655.00000000,655.16000000,1083.98300000,1779656399999,710692.64117000,14583,398.04600000,260974.59753000
1779656400000,2026-05-24 21:00:00,655.16000000,655.93000000,649.68000000,650.20000000,3854.27500000,1779659999999,2514048.72007000,28817,1280.19300000,834702.71212000
1779660000000,2026-05-24 22:00:00,650.20000000,656.00000000,650.19000000,654.68000000,4157.78600000,1779663599999,2722227.28335000,35125,2526.85400000,1654621.72168000
1779663600000,2026-05-24 23:00:00,654.68000000,657.65000000,654.68000000,656.57000000,1767.63600000,1779667199999,1159891.78680000,18366,1130.71600000,741955.85806000
1779667200000,2026-05-25 00:00:00,656.58000000,659.71000000,656.58000000,658.91000000,2545.87000000,1779670799999,1675982.83922000,25926,1481.93500000,975489.74073000
1779670800000,2026-05-25 01:00:00,658.92000000,659.85000000,655.76000000,655.89000000,1894.74600000,1779674399999,1247402.92752000,21189,849.36300000,559422.13356000
1779674400000,2026-05-25 02:00:00,655.90000000,659.98000000,655.90000000,657.01000000,2720.10700000,1779677999999,1790525.51978000,27340,1286.57800000,846998.81850000
1779678000000,2026-05-25 03:00:00,657.01000000,657.46000000,655.96000000,657.07000000,1795.94800000,1779681599999,1179168.66815000,15030,646.95800000,424725.59814000
1779681600000,2026-05-25 04:00:00,657.08000000,659.88000000,656.40000000,659.36000000,2363.77200000,1779685199999,1556080.75273000,19529,1350.91800000,889485.21137000
1779685200000,2026-05-25 05:00:00,659.37000000,661.29000000,659.16000000,660.77000000,3758.66100000,1779688799999,2481885.51426000,20317,2317.15300000,1530129.81831000
1779688800000,2026-05-25 06:00:00,660.77000000,661.98000000,659.14000000,660.81000000,3088.40700000,1779692399999,2040913.96410000,20893,1343.54000000,887845.58999000
1779692400000,2026-05-25 07:00:00,660.81000000,661.98000000,660.08000000,661.92000000,4186.96300000,1779695999999,2767701.57948000,22302,2226.93200000,1472139.82766000
1779696000000,2026-05-25 08:00:00,661.92000000,662.74000000,660.86000000,662.10000000,3953.31700000,1779699599999,2616065.90039000,20806,2182.33600000,1444106.59930000
1779699600000,2026-05-25 09:00:00,662.11000000,663.38000000,661.13000000,661.51000000,3070.47700000,1779703199999,2033257.96130000,20484,1490.11900000,986873.55365000
1779703200000,2026-05-25 10:00:00,661.51000000,662.50000000,661.23000000,661.69000000,2558.38000000,1779706799999,1693074.22381000,15710,1369.83200000,906530.16841000
1779706800000,2026-05-25 11:00:00,661.69000000,662.48000000,660.86000000,662.25000000,5015.12700000,1779710399999,3318478.51789000,19420,2793.57400000,1848353.34570000
1779710400000,2026-05-25 12:00:00,662.25000000,671.16000000,662.13000000,669.61000000,16610.64200000,1779713999999,11086983.29305000,85270,9767.37100000,6516215.19604000
1779714000000,2026-05-25 13:00:00,669.61000000,671.98000000,669.04000000,671.97000000,9600.42500000,1779717599999,6439765.36537000,40212,4372.46300000,2933022.41529000
1779717600000,2026-05-25 14:00:00,671.98000000,673.07000000,670.50000000,671.39000000,7926.22800000,1779721199999,5323923.80860000,37376,3743.16000000,2514306.27783000
1779721200000,2026-05-25 15:00:00,671.39000000,671.62000000,666.74000000,667.78000000,8992.83100000,1779724799999,6022312.14659000,27136,3090.75000000,2068456.05661000
1779724800000,2026-05-25 16:00:00,667.78000000,668.25000000,666.48000000,667.07000000,3262.06100000,1779728399999,2176972.14808000,19276,1838.49900000,1226941.88122000
1779728400000,2026-05-25 17:00:00,667.07000000,667.40000000,660.87000000,661.06000000,8477.45700000,1779731999999,5621083.97821000,43444,3611.88300000,2394396.07523000
1779732000000,2026-05-25 18:00:00,661.07000000,664.02000000,660.95000000,662.98000000,6215.01000000,1779735599999,4115218.56766000,29293,3375.92000000,2235051.29840000
1779735600000,2026-05-25 19:00:00,662.98000000,663.05000000,661.07000000,662.37000000,2378.37500000,1779739199999,1574900.27371000,19110,1100.13800000,728427.03500000
1779739200000,2026-05-25 20:00:00,662.37000000,663.00000000,660.43000000,661.37000000,3677.65600000,1779742799999,2433861.00372000,19852,1581.90200000,1046684.55050000
1779742800000,2026-05-25 21:00:00,661.37000000,662.40000000,661.35000000,661.82000000,1753.36700000,1779746399999,1160509.36823000,13656,855.96700000,566492.42240000
1779746400000,2026-05-25 22:00:00,661.82000000,663.09000000,660.38000000,660.72000000,4452.37300000,1779749999999,2946493.28932000,25172,2267.69500000,1500631.02644000
1779750000000,2026-05-25 23:00:00,660.72000000,663.29000000,660.49000000,663.15000000,3946.55300000,1779753599999,2614662.79250000,22956,1926.59400000,1276398.68667000
1779753600000,2026-05-26 00:00:00,663.15000000,663.75000000,657.20000000,659.52000000,14244.00100000,1779757199999,9412648.44396000,47049,4672.92700000,3089346.38386000
1779757200000,2026-05-26 01:00:00,659.52000000,659.79000000,656.04000000,657.70000000,4419.56900000,1779760799999,2906493.58908000,38438,2205.48000000,1450430.86666000
1779760800000,2026-05-26 02:00:00,657.70000000,659.71000000,656.99000000,659.34000000,6019.34600000,1779764399999,3964705.20235000,31350,3103.62600000,2044136.71006000
1779764400000,2026-05-26 03:00:00,659.34000000,659.49000000,657.12000000,658.05000000,4313.21000000,1779767999999,2838881.30781000,22676,1765.29100000,1161873.54030000
1779768000000,2026-05-26 04:00:00,658.06000000,659.59000000,656.95000000,658.83000000,4487.46500000,1779771599999,2954727.19495000,20897,2189.27100000,1441643.51735000
1779771600000,2026-05-26 05:00:00,658.84000000,659.80000000,658.18000000,659.27000000,3059.65100000,1779775199999,2016516.05439000,23258,1288.28700000,849068.14978000
1779775200000,2026-05-26 06:00:00,659.27000000,659.82000000,657.56000000,658.11000000,3812.65400000,1779778799999,2511695.15990000,26089,1469.76100000,968174.54523000
1779778800000,2026-05-26 07:00:00,658.12000000,658.96000000,655.34000000,657.73000000,8803.96300000,1779782399999,5782736.46171000,30326,3309.98900000,2174463.59606000
1779782400000,2026-05-26 08:00:00,657.73000000,658.12000000,656.43000000,657.14000000,3174.40300000,1779785999999,2086652.51953000,19631,1718.79300000,1129671.60519000
1779786000000,2026-05-26 09:00:00,657.14000000,657.91000000,656.30000000,656.83000000,2830.33000000,1779789599999,1859514.13162000,23870,1483.66800000,974751.76998000
1779789600000,2026-05-26 10:00:00,656.82000000,664.60000000,656.44000000,662.78000000,7049.51400000,1779793199999,4659631.83211000,47779,3992.86800000,2638865.48808000
1779793200000,2026-05-26 11:00:00,662.78000000,663.76000000,661.66000000,662.48000000,3697.95500000,1779796799999,2450443.18955000,24757,2079.15900000,1377838.88049000
1779796800000,2026-05-26 12:00:00,662.48000000,662.95000000,660.21000000,662.48000000,3728.32800000,1779800399999,2466846.56154000,25113,1697.64800000,1123413.30703000
1779800400000,2026-05-26 13:00:00,662.47000000,665.10000000,660.71000000,663.35000000,8024.95900000,1779803999999,5319192.43684000,45881,4554.72600000,3019133.17801000
1779804000000,2026-05-26 14:00:00,663.36000000,668.01000000,660.88000000,662.89000000,10641.85700000,1779807599999,7072900.68912000,68610,4941.28500000,3285346.77637000
1779807600000,2026-05-26 15:00:00,662.89000000,663.50000000,657.28000000,660.28000000,10706.22600000,1779811199999,7071188.05008000,72641,5905.25800000,3901031.46318000
1779811200000,2026-05-26 16:00:00,660.29000000,661.05000000,657.67000000,659.77000000,6664.31600000,1779814799999,4397918.97494000,60836,3535.33500000,2333069.71819000
1779814800000,2026-05-26 17:00:00,659.77000000,660.30000000,653.45000000,655.77000000,6095.13800000,1779818399999,3998021.34869000,52009,2696.77000000,1768669.88220000
1779818400000,2026-05-26 18:00:00,655.77000000,657.75000000,655.04000000,655.53000000,1908.02400000,1779821999999,1252087.31373000,31644,1057.72500000,694167.29941000
1779822000000,2026-05-26 19:00:00,655.54000000,657.81000000,654.92000000,657.20000000,1293.74100000,1779825599999,849358.77057000,23578,698.37400000,458574.66580000
1779825600000,2026-05-26 20:00:00,657.21000000,657.85000000,656.60000000,657.30000000,1728.28000000,1779829199999,1135763.58726000,20444,1089.09700000,715718.40378000
1779829200000,2026-05-26 21:00:00,657.31000000,657.60000000,655.14000000,656.48000000,1642.83500000,1779832799999,1078740.50038000,22699,703.29100000,461783.29257000
1779832800000,2026-05-26 22:00:00,656.49000000,657.50000000,655.31000000,655.98000000,2604.78400000,1779836399999,1709771.77908000,27416,1157.66900000,759924.38634000
1779836400000,2026-05-26 23:00:00,655.99000000,657.84000000,655.99000000,656.43000000,1382.73300000,1779839999999,908299.73962000,23153,640.89400000,420979.03606000
1779840000000,2026-05-27 00:00:00,656.43000000,658.62000000,656.32000000,658.54000000,1842.70900000,1779843599999,1211508.56842000,22088,1017.63400000,669118.72613000
1779843600000,2026-05-27 01:00:00,658.55000000,659.11000000,656.85000000,657.32000000,2987.30900000,1779847199999,1965975.71494000,19684,1691.89800000,1113565.78387000
1779847200000,2026-05-27 02:00:00,657.33000000,657.44000000,654.63000000,656.66000000,3159.57400000,1779850799999,2071155.56450000,23331,1278.58300000,838185.07413000
1779850800000,2026-05-27 03:00:00,656.66000000,656.86000000,654.00000000,654.38000000,3614.36800000,1779854399999,2369771.62920000,25170,1561.21700000,1023677.58910000
1779854400000,2026-05-27 04:00:00,654.39000000,654.47000000,650.75000000,654.31000000,5262.49900000,1779857999999,3434477.94740000,34279,1941.21500000,1267114.14919000
1779858000000,2026-05-27 05:00:00,654.32000000,654.71000000,653.00000000,653.25000000,3337.47400000,1779861599999,2182213.34611000,22060,2055.98800000,1344319.46828000
1779861600000,2026-05-27 06:00:00,653.25000000,653.80000000,652.08000000,652.92000000,5401.03700000,1779865199999,3526628.56123000,28711,3200.98300000,2090321.64238000
1779865200000,2026-05-27 07:00:00,652.92000000,653.54000000,651.52000000,653.50000000,8096.62200000,1779868799999,5282721.70101000,31456,4293.96400000,2802070.60136000
1779868800000,2026-05-27 08:00:00,653.47000000,654.94000000,652.31000000,653.72000000,5048.76700000,1779872399999,3301504.75809000,24056,2870.91600000,1877425.75992000
1779872400000,2026-05-27 09:00:00,653.72000000,654.68000000,652.94000000,654.09000000,2453.61400000,1779875999999,1604246.74305000,18313,1216.82400000,795683.58339000
1779876000000,2026-05-27 10:00:00,654.09000000,655.77000000,652.76000000,654.62000000,4005.94800000,1779879599999,2620736.81688000,19657,1222.84800000,800622.14525000
1779879600000,2026-05-27 11:00:00,654.63000000,655.64000000,653.73000000,653.84000000,3352.58100000,1779883199999,2194923.10086000,16859,1790.15800000,1171887.06674000
1779883200000,2026-05-27 12:00:00,653.85000000,657.22000000,653.18000000,655.21000000,4677.41000000,1779886799999,3065530.59282000,32972,2170.78700000,1422951.99974000
1779886800000,2026-05-27 13:00:00,655.22000000,655.51000000,650.14000000,652.43000000,5882.57600000,1779890399999,3837155.75629000,47520,2272.46300000,1482453.03063000
1779890400000,2026-05-27 14:00:00,652.43000000,654.38000000,651.42000000,654.12000000,5539.24000000,1779893999999,3617078.53084000,42574,2525.49000000,1649302.30169000
1779894000000,2026-05-27 15:00:00,654.12000000,658.27000000,653.94000000,657.66000000,6706.70200000,1779897599999,4404286.36234000,35241,3797.84500000,2495253.23419000
1779897600000,2026-05-27 16:00:00,657.67000000,659.90000000,654.78000000,655.99000000,3456.19800000,1779901199999,2271963.71877000,27157,1692.12300000,1112926.63846000
1779901200000,2026-05-27 17:00:00,656.00000000,656.10000000,650.32000000,651.05000000,4390.99500000,1779904799999,2865478.00918000,32671,1540.41400000,1005310.75763000
1779904800000,2026-05-27 18:00:00,651.06000000,653.82000000,650.27000000,653.74000000,2030.92100000,1779908399999,1324132.68995000,20849,1118.14100000,729090.94369000
1779908400000,2026-05-27 19:00:00,653.74000000,654.28000000,652.78000000,653.39000000,2023.68500000,1779911999999,1322700.05784000,17126,1009.44500000,659821.41782000
1779912000000,2026-05-27 20:00:00,653.40000000,654.97000000,653.15000000,653.92000000,2289.35900000,1779915599999,1497031.01569000,15032,745.46100000,487521.98984000
1779915600000,2026-05-27 21:00:00,653.92000000,654.26000000,646.87000000,648.70000000,9293.99700000,1779919199999,6050009.94868000,52461,2613.34800000,1700214.60691000
1779919200000,2026-05-27 22:00:00,648.70000000,650.13000000,647.00000000,647.01000000,3173.19200000,1779922799999,2058953.91380000,33692,1636.94800000,1062233.26216000
1779922800000,2026-05-27 23:00:00,647.01000000,649.45000000,646.57000000,648.84000000,3710.81700000,1779926399999,2405775.04974000,22232,1533.59300000,994444.98575000
1779926400000,2026-05-28 00:00:00,648.83000000,649.03000000,646.99000000,648.95000000,2876.56700000,1779929999999,1864341.36169000,24393,1420.05400000,920400.68033000
1779930000000,2026-05-28 01:00:00,648.96000000,649.38000000,645.35000000,646.66000000,3893.90700000,1779933599999,2519210.46752000,33549,1678.69100000,1086305.71594000
1779933600000,2026-05-28 02:00:00,646.67000000,647.01000000,644.00000000,644.91000000,3150.93000000,1779937199999,2033470.39905000,26453,1257.47900000,811613.05296000
1779937200000,2026-05-28 03:00:00,644.91000000,645.67000000,636.76000000,637.81000000,17259.52200000,1779940799999,11051455.79766000,91983,5827.23400000,3733201.85923000
1779940800000,2026-05-28 04:00:00,637.81000000,637.91000000,633.11000000,636.59000000,15645.91100000,1779944399999,9943948.36497000,70621,5470.38600000,3476959.67670000
1779944400000,2026-05-28 05:00:00,636.60000000,636.60000000,632.99000000,634.70000000,6681.17700000,1779947999999,4241408.73492000,45335,2929.20200000,1859915.51751000
1779948000000,2026-05-28 06:00:00,634.70000000,635.27000000,631.47000000,634.03000000,7780.09800000,1779951599999,4928133.82451000,39176,3229.71800000,2046237.46022000
1779951600000,2026-05-28 07:00:00,634.04000000,636.70000000,633.63000000,634.98000000,7504.29400000,1779955199999,4767078.23007000,30466,3854.66500000,2448498.49814000
1779955200000,2026-05-28 08:00:00,634.99000000,635.36000000,633.65000000,634.74000000,4469.87500000,1779958799999,2836673.11035000,25379,2131.73700000,1352924.67046000
1779958800000,2026-05-28 09:00:00,634.74000000,635.28000000,632.30000000,634.25000000,6795.11300000,1779962399999,4303358.98112000,29727,2706.98600000,1714261.32189000
1779962400000,2026-05-28 10:00:00,634.25000000,635.13000000,632.59000000,633.42000000,5409.71600000,1779965999999,3430337.76302000,22973,2255.60800000,1430340.37772000
1779966000000,2026-05-28 11:00:00,633.42000000,633.59000000,631.35000000,632.90000000,5915.53800000,1779969599999,3741384.69919000,30097,2471.40800000,1563094.85034000
1779969600000,2026-05-28 12:00:00,632.90000000,633.54000000,630.42000000,633.16000000,5661.17900000,1779973199999,3577726.74326000,34655,2048.44400000,1294732.56033000
1779973200000,2026-05-28 13:00:00,633.15000000,633.80000000,629.36000000,631.45000000,7891.51700000,1779976799999,4981029.52943000,46894,3233.79300000,2041733.53790000
1779976800000,2026-05-28 14:00:00,631.45000000,636.66000000,628.22000000,635.21000000,10275.41500000,1779980399999,6504440.88618000,70048,5770.89000000,3654658.26944000
1779980400000,2026-05-28 15:00:00,635.21000000,635.90000000,631.47000000,634.79000000,5794.95300000,1779983999999,3674093.46630000,43840,2776.07600000,1760414.89712000
1779984000000,2026-05-28 16:00:00,634.79000000,640.61000000,633.45000000,640.23000000,8468.17700000,1779987599999,5402041.29376000,48315,4997.23400000,3187912.74848000
1779987600000,2026-05-28 17:00:00,640.24000000,641.90000000,639.00000000,640.21000000,5508.12700000,1779991199999,3526696.40072000,35088,3298.95000000,2112403.55639000
1779991200000,2026-05-28 18:00:00,640.22000000,642.59000000,640.14000000,641.83000000,2643.74200000,1779994799999,1696208.77020000,25624,1709.72900000,1096912.81331000
1779994800000,2026-05-28 19:00:00,641.84000000,641.98000000,639.71000000,639.71000000,1896.97200000,1779998399999,1215283.28637000,18073,686.74500000,440033.16765000
1779998400000,2026-05-28 20:00:00,639.72000000,641.52000000,638.44000000,640.92000000,2290.50100000,1780001999999,1466349.48400000,16671,1233.70700000,789970.25110000
1780002000000,2026-05-28 21:00:00,640.93000000,642.53000000,640.59000000,641.88000000,2160.82000000,1780005599999,1387145.72561000,15601,1152.82000000,740055.72623000
1780005600000,2026-05-28 22:00:00,641.89000000,642.43000000,638.46000000,638.87000000,1881.43100000,1780009199999,1203596.24420000,15739,872.72100000,558341.46065000
1780009200000,2026-05-28 23:00:00,638.87000000,639.79000000,637.56000000,638.24000000,3402.20300000,1780012799999,2173138.64070000,13777,1411.18100000,901599.15156000
1780012800000,2026-05-29 00:00:00,638.23000000,639.47000000,638.23000000,638.49000000,2752.76900000,1780016399999,1758715.61250000,22789,1699.88400000,1085980.14018000
1780016400000,2026-05-29 01:00:00,638.50000000,639.22000000,635.78000000,636.96000000,2224.79700000,1780019999999,1417483.19216000,18528,874.33300000,557128.89857000
1780020000000,2026-05-29 02:00:00,636.97000000,637.53000000,633.79000000,634.27000000,3354.62500000,1780023599999,2131364.88684000,23135,1073.18600000,682016.78977000
1780023600000,2026-05-29 03:00:00,634.27000000,636.78000000,634.27000000,635.61000000,2484.84600000,1780027199999,1579632.24899000,17481,1328.27400000,844459.10830000
1780027200000,2026-05-29 04:00:00,635.60000000,636.75000000,634.56000000,636.57000000,2955.21100000,1780030799999,1879002.40498000,18439,1873.02300000,1190975.80475000
1780030800000,2026-05-29 05:00:00,636.57000000,638.49000000,636.40000000,638.44000000,3739.95600000,1780034399999,2383569.26902000,17433,2481.18600000,1581313.16725000
1780034400000,2026-05-29 06:00:00,638.43000000,639.49000000,637.48000000,638.16000000,4565.99600000,1780037999999,2914194.98383000,19172,2686.92100000,1714742.02370000
1780038000000,2026-05-29 07:00:00,638.17000000,638.56000000,635.82000000,637.04000000,7305.06200000,1780041599999,4653081.33914000,24095,2885.31600000,1838298.35241000
1780041600000,2026-05-29 08:00:00,637.04000000,638.27000000,636.68000000,636.75000000,3024.80700000,1780045199999,1928327.55039000,20600,1459.51800000,930553.63980000
1780045200000,2026-05-29 09:00:00,636.75000000,640.95000000,636.71000000,640.73000000,5717.11400000,1780048799999,3654557.74176000,24699,3449.28100000,2205101.30514000
1780048800000,2026-05-29 10:00:00,640.73000000,641.19000000,638.98000000,639.13000000,4637.02900000,1780052399999,2969241.30864000,22183,1546.83300000,990485.52009000
1780052400000,2026-05-29 11:00:00,639.13000000,639.34000000,635.25000000,637.14000000,3455.81000000,1780055999999,2203466.93673000,25448,1480.89500000,943961.79867000
1780056000000,2026-05-29 12:00:00,637.14000000,637.17000000,635.20000000,635.91000000,2799.42500000,1780059599999,1780674.06022000,26544,1219.39100000,775631.39171000
1780059600000,2026-05-29 13:00:00,635.91000000,636.79000000,634.01000000,635.58000000,6162.53300000,1780063199999,3915780.01945000,44057,2390.59700000,1519036.82890000
1780063200000,2026-05-29 14:00:00,635.58000000,636.83000000,630.86000000,634.90000000,11820.03800000,1780066799999,7493575.32427000,71751,5364.24300000,3400825.56613000
1780066800000,2026-05-29 15:00:00,634.91000000,643.04000000,634.45000000,639.74000000,13874.09500000,1780070399999,8879444.86601000,84623,6127.94500000,3920345.24374000
1780070400000,2026-05-29 16:00:00,639.75000000,644.08000000,638.16000000,644.00000000,11092.21200000,1780073999999,7118311.86869000,57304,4359.12500000,2797218.69435000
1780074000000,2026-05-29 17:00:00,644.01000000,645.00000000,641.95000000,642.42000000,6554.28900000,1780077599999,4219343.92940000,46474,2345.66400000,1510197.05725000
1780077600000,2026-05-29 18:00:00,642.43000000,643.00000000,638.32000000,639.64000000,4498.26000000,1780081199999,2883748.70718000,34242,1861.22200000,1193417.86780000
1780081200000,2026-05-29 19:00:00,639.65000000,642.93000000,639.17000000,641.45000000,3007.15500000,1780084799999,1928970.55360000,26206,1570.94900000,1007561.27180000
1780084800000,2026-05-29 20:00:00,641.46000000,643.33000000,641.45000000,642.21000000,2565.29700000,1780088399999,1648092.02460000,14261,1059.11500000,680472.52429000
1780088400000,2026-05-29 21:00:00,642.21000000,643.87000000,641.48000000,641.73000000,2410.81600000,1780091999999,1549392.18200000,15798,1024.56600000,658503.68374000
1780092000000,2026-05-29 22:00:00,641.73000000,643.50000000,641.66000000,642.80000000,1906.32400000,1780095599999,1224749.65437000,12861,857.33400000,550769.09863000
1780095600000,2026-05-29 23:00:00,642.79000000,643.38000000,641.36000000,643.10000000,2346.79700000,1780099199999,1507495.14532000,14162,1130.67300000,726493.55220000
1780099200000,2026-05-30 00:00:00,643.11000000,647.36000000,642.66000000,646.89000000,9524.45800000,1780102799999,6150181.31657000,25050,3926.40000000,2534628.18200000
1780102800000,2026-05-30 01:00:00,646.89000000,653.73000000,646.17000000,653.24000000,11845.79900000,1780106399999,7689705.88013000,36281,6138.98800000,3985918.26780000
1780106400000,2026-05-30 02:00:00,653.25000000,658.67000000,651.99000000,658.01000000,25983.38000000,1780109999999,17033498.72523000,79211,13429.30300000,8801103.37063000
1780110000000,2026-05-30 03:00:00,658.02000000,661.01000000,657.03000000,658.19000000,12759.12300000,1780113599999,8409952.79748000,47757,4831.62500000,3184588.37883000
1780113600000,2026-05-30 04:00:00,658.20000000,660.62000000,656.52000000,658.91000000,8749.24000000,1780117199999,5762252.80611000,57679,4164.61800000,2742950.47238000
1780117200000,2026-05-30 05:00:00,658.91000000,666.84000000,658.40000000,666.43000000,14419.01600000,1780120799999,9557647.58478000,56828,8521.01600000,5647694.94489000
1780120800000,2026-05-30 06:00:00,666.43000000,668.94000000,665.09000000,667.54000000,16333.50200000,1780124399999,10896682.04037000,62203,7922.65700000,5285558.92846000
1780124400000,2026-05-30 07:00:00,667.54000000,674.25000000,667.02000000,672.92000000,17876.40000000,1780127999999,11996943.10326000,78531,11045.08200000,7410789.13417000
1780128000000,2026-05-30 08:00:00,672.93000000,675.47000000,669.50000000,673.30000000,12916.16500000,1780131599999,8684252.17880000,52343,6320.39100000,4251947.75321000
1780131600000,2026-05-30 09:00:00,673.31000000,677.34000000,670.68000000,674.77000000,10038.91700000,1780135199999,6761521.78215000,46112,5426.57700000,3657135.71641000
1780135200000,2026-05-30 10:00:00,674.78000000,676.01000000,674.20000000,675.19000000,6105.43600000,1780138799999,4120527.07810000,22735,3260.19500000,2200178.90596000
1780138800000,2026-05-30 11:00:00,675.18000000,675.18000000,669.97000000,673.82000000,11687.94100000,1780142399999,7853768.90866000,40844,4550.95600000,3058959.41784000
1780142400000,2026-05-30 12:00:00,673.82000000,674.07000000,671.72000000,673.13000000,4524.10700000,1780145999999,3045668.98625000,20200,2011.08200000,1353952.72058000
1780146000000,2026-05-30 13:00:00,673.13000000,674.93000000,671.11000000,674.86000000,5845.69700000,1780149599999,3934491.57873000,29600,3278.65200000,2206672.33558000
1780149600000,2026-05-30 14:00:00,674.87000000,687.58000000,674.30000000,686.67000000,36539.36200000,1780153199999,24955769.62125000,121871,22129.48400000,15104427.51559000
1780153200000,2026-05-30 15:00:00,686.67000000,695.00000000,685.32000000,694.53000000,35930.68100000,1780156799999,24797291.78977000,124599,21393.39900000,14769647.25891000
1780156800000,2026-05-30 16:00:00,694.53000000,710.38000000,694.40000000,708.57000000,53548.83200000,1780160399999,37638395.82404000,185013,32006.13800000,22492802.34650000
1780160400000,2026-05-30 17:00:00,708.56000000,717.22000000,700.43000000,713.09000000,48845.44500000,1780163999999,34619006.19184000,198772,24401.98600000,17305015.25435000
1780164000000,2026-05-30 18:00:00,713.09000000,717.00000000,708.89000000,716.55000000,20330.41200000,1780167599999,14480386.26890000,97462,10245.09500000,7300223.29129000
1780167600000,2026-05-30 19:00:00,716.56000000,724.56000000,712.61000000,721.12000000,71297.11500000,1780171199999,51313624.33577000,199112,28685.35900000,20633816.61057000
1780171200000,2026-05-30 20:00:00,721.13000000,723.67000000,717.83000000,719.65000000,53131.00200000,1780174799999,38262461.76577000,100067,20864.40600000,15027104.54277000
1780174800000,2026-05-30 21:00:00,719.65000000,729.00000000,717.74000000,719.35000000,46271.81000000,1780178399999,33385758.98331000,95133,24723.22600000,17838886.87301000
1780178400000,2026-05-30 22:00:00,719.35000000,720.06000000,707.31000000,715.97000000,22045.42500000,1780181999999,15733189.28139000,97767,9354.21600000,6670967.34907000
1780182000000,2026-05-30 23:00:00,715.97000000,720.40000000,715.81000000,718.74000000,9831.70100000,1780185599999,7061090.20580000,68517,5743.18900000,4124652.17773000
1780185600000,2026-05-31 00:00:00,718.74000000,727.37000000,718.74000000,723.32000000,19558.11500000,1780189199999,14161500.00734000,119640,11066.51700000,8013153.14471000
1780189200000,2026-05-31 01:00:00,723.32000000,729.69000000,722.47000000,728.14000000,18793.64200000,1780192799999,13655622.03420000,97794,9613.18100000,6983534.22245000
1780192800000,2026-05-31 02:00:00,728.14000000,743.57000000,727.27000000,739.89000000,47396.30700000,1780196399999,34912448.45362000,200987,24616.03900000,18121567.64021000
1780196400000,2026-05-31 03:00:00,739.88000000,745.74000000,734.70000000,740.03000000,27951.38600000,1780199999999,20672978.61747000,130468,13441.40300000,9947110.43955000
1780200000000,2026-05-31 04:00:00,740.02000000,742.28000000,731.29000000,734.32000000,18319.45400000,1780203599999,13485047.04191000,119006,9478.56500000,6975328.60713000
1780203600000,2026-05-31 05:00:00,734.32000000,741.33000000,732.23000000,737.47000000,13442.50500000,1780207199999,9918191.10364000,80964,6948.16200000,5127364.80970000
1780207200000,2026-05-31 06:00:00,737.47000000,737.57000000,731.85000000,735.94000000,17094.86100000,1780210799999,12567901.66793000,89961,7385.68200000,5430211.75916000
1780210800000,2026-05-31 07:00:00,735.94000000,735.94000000,716.67000000,719.71000000,35886.45600000,1780214399999,25979457.12452000,157745,16356.60200000,11838212.11133000
1780214400000,2026-05-31 08:00:00,719.71000000,725.23000000,718.78000000,723.41000000,16033.97900000,1780217999999,11579865.41399000,72940,7986.90700000,5769401.03824000
1780218000000,2026-05-31 09:00:00,723.42000000,725.44000000,717.56000000,720.04000000,12556.90400000,1780221599999,9067177.46122000,75628,5681.47400000,4103291.75268000
1780221600000,2026-05-31 10:00:00,720.04000000,724.39000000,719.39000000,721.06000000,9682.31100000,1780225199999,6991294.82400000,70397,4714.58400000,3404572.62025000
1780225200000,2026-05-31 11:00:00,721.05000000,724.61000000,720.00000000,722.89000000,5745.38500000,1780228799999,4149698.31402000,45786,3224.57600000,2328969.33387000
1780228800000,2026-05-31 12:00:00,722.89000000,726.16000000,721.77000000,724.88000000,9188.73500000,1780232399999,6657511.07531000,51257,4564.19800000,3306615.33806000
1780232400000,2026-05-31 13:00:00,724.89000000,733.80000000,724.03000000,727.46000000,15363.14800000,1780235999999,11203467.21341000,89598,8115.17600000,5919702.30690000
1780236000000,2026-05-31 14:00:00,727.46000000,730.00000000,718.36000000,719.79000000,20013.35400000,1780239599999,14469504.45793000,102183,8290.86600000,5996026.09597000
1780239600000,2026-05-31 15:00:00,719.79000000,725.00000000,719.38000000,720.84000000,8609.06600000,1780243199999,6214063.30413000,46967,4338.01600000,3131646.62292000
1780243200000,2026-05-31 16:00:00,720.84000000,722.00000000,703.00000000,709.19000000,30004.12800000,1780246799999,21320113.83184000,112881,13054.46400000,9272720.93921000
1780246800000,2026-05-31 17:00:00,709.19000000,717.61000000,708.96000000,713.92000000,11116.67800000,1780250399999,7937134.83012000,51564,5688.46900000,4060405.20638000
1780250400000,2026-05-31 18:00:00,713.92000000,713.92000000,708.43000000,709.62000000,10507.81900000,1780253999999,7469740.35340000,46921,3514.12100000,2497546.95018000
1780254000000,2026-05-31 19:00:00,709.63000000,710.77000000,707.18000000,708.55000000,5790.24000000,1780257599999,4104441.65510000,28113,2790.13900000,1978112.13184000
1780257600000,2026-05-31 20:00:00,708.55000000,711.32000000,708.55000000,710.22000000,5803.30800000,1780261199999,4120488.67397000,34904,2637.00500000,1872404.69312000
1780261200000,2026-05-31 21:00:00,710.22000000,711.89000000,707.00000000,711.01000000,6273.48000000,1780264799999,4450409.63733000,31175,3268.97200000,2318859.27735000
1780264800000,2026-05-31 22:00:00,711.02000000,714.83000000,707.66000000,711.46000000,7695.84100000,1780268399999,5480499.88594000,38306,4069.11000000,2898432.39432000
1780268400000,2026-05-31 23:00:00,711.46000000,713.12000000,706.26000000,710.55000000,7338.63000000,1780271999999,5208056.39650000,43987,3313.67400000,2352030.97742000
1780272000000,2026-06-01 00:00:00,710.54000000,717.32000000,708.93000000,710.63000000,29105.51000000,1780275599999,20793339.25015000,97472,9032.59500000,6443642.97512000
1780275600000,2026-06-01 01:00:00,710.63000000,710.89000000,693.05000000,695.09000000,47977.62600000,1780279199999,33617618.82097000,161468,27453.12200000,19229017.95007000
1780279200000,2026-06-01 02:00:00,695.10000000,708.87000000,693.97000000,707.54000000,20850.72200000,1780282799999,14664414.65186000,88056,12427.29900000,8736795.73181000
1780282800000,2026-06-01 03:00:00,707.55000000,710.15000000,702.96000000,703.65000000,13764.89300000,1780286399999,9727369.25325000,63227,5147.66200000,3638113.67334000
1780286400000,2026-06-01 04:00:00,703.65000000,705.57000000,696.00000000,698.01000000,16725.35100000,1780289999999,11687403.58219000,92236,8849.82300000,6183025.62553000
1780290000000,2026-06-01 05:00:00,698.01000000,698.44000000,694.30000000,695.78000000,9020.71400000,1780293599999,6284386.22589000,51083,4566.36300000,3182061.13625000
1780293600000,2026-06-01 06:00:00,695.78000000,696.26000000,691.09000000,693.39000000,21323.94300000,1780297199999,14799031.12042000,82560,11774.34200000,8170901.81770000
1780297200000,2026-06-01 07:00:00,693.40000000,694.25000000,684.72000000,686.08000000,24125.39100000,1780300799999,16609274.10977000,95489,8881.28800000,6116468.84553000
1780300800000,2026-06-01 08:00:00,686.08000000,689.78000000,685.25000000,689.61000000,10912.67300000,1780304399999,7505147.93515000,74259,5806.61600000,3992703.56260000
1780304400000,2026-06-01 09:00:00,689.61000000,729.57000000,688.58000000,711.01000000,87825.45700000,1780307999999,62698430.58379000,342032,49301.55000000,35181957.81421000
1780308000000,2026-06-01 10:00:00,711.01000000,714.53000000,695.05000000,702.27000000,49420.42000000,1780311599999,34745046.23771000,229605,20946.16700000,14736815.73225000
1780311600000,2026-06-01 11:00:00,702.28000000,708.29000000,695.09000000,697.14000000,20847.70800000,1780315199999,14632337.32261000,138147,9523.78100000,6687027.50736000
1780315200000,2026-06-01 12:00:00,697.14000000,698.38000000,686.16000000,692.70000000,23548.99100000,1780318799999,16308091.18148000,148790,11773.96700000,8154690.14181000
1780318800000,2026-06-01 13:00:00,692.71000000,693.19000000,679.30000000,686.70000000,31962.24100000,1780322399999,21939189.66128000,175390,14591.26900000,10019950.25870000
1780322400000,2026-06-01 14:00:00,686.71000000,686.74000000,674.51000000,678.58000000,23904.40700000,1780325999999,16250942.59481000,148421,10968.85900000,7457364.68366000
1780326000000,2026-06-01 15:00:00,678.59000000,685.50000000,677.23000000,677.58000000,15760.33400000,1780329599999,10730799.18295000,84110,7352.66200000,5007002.54438000
1780329600000,2026-06-01 16:00:00,677.59000000,685.93000000,674.07000000,684.66000000,14820.43100000,1780333199999,10085794.06418000,79787,7513.15400000,5115780.55577000
1780333200000,2026-06-01 17:00:00,684.66000000,689.39000000,683.60000000,687.69000000,14717.02500000,1780336799999,10101846.64834000,65210,9727.30800000,6677549.28487000
1780336800000,2026-06-01 18:00:00,687.69000000,695.68000000,686.48000000,691.28000000,14434.61400000,1780340399999,10000321.81472000,67076,7456.49900000,5165071.50055000
1780340400000,2026-06-01 19:00:00,691.29000000,696.33000000,690.68000000,696.15000000,6111.51300000,1780343999999,4244150.62623000,43035,3610.71400000,2507478.70625000
1780344000000,2026-06-01 20:00:00,696.14000000,701.73000000,694.82000000,695.81000000,12304.09900000,1780347599999,8592441.79877000,56241,6125.60300000,4278447.63391000
1780347600000,2026-06-01 21:00:00,695.82000000,695.92000000,689.10000000,690.09000000,12453.69000000,1780351199999,8615963.60568000,45129,5861.90200000,4056064.05323000
1780351200000,2026-06-01 22:00:00,690.09000000,694.50000000,688.42000000,693.52000000,8349.24500000,1780354799999,5772428.22979000,34281,3872.06300000,2678326.32113000
1780354800000,2026-06-01 23:00:00,693.53000000,695.94000000,692.15000000,693.10000000,3075.52800000,1780358399999,2134726.83829000,21937,1707.79500000,1185552.72618000
1780358400000,2026-06-02 00:00:00,693.10000000,693.97000000,690.01000000,690.47000000,5964.70100000,1780361999999,4125029.48295000,47010,2708.49400000,1873161.80112000
1780362000000,2026-06-02 01:00:00,690.48000000,692.43000000,684.50000000,684.81000000,7434.74500000,1780365599999,5111441.68796000,67932,3030.28000000,2084432.28134000
1780365600000,2026-06-02 02:00:00,684.82000000,693.30000000,681.18000000,691.12000000,17230.74200000,1780369199999,11832692.25740000,100823,10686.74500000,7342372.86806000
1780369200000,2026-06-02 03:00:00,691.13000000,695.51000000,690.11000000,693.68000000,7352.91000000,1780372799999,5100796.66524000,58267,4516.87900000,3133130.91235000
1780372800000,2026-06-02 04:00:00,693.68000000,694.24000000,686.00000000,686.61000000,9613.46600000,1780376399999,6623342.12795000,69741,3580.02500000,2466054.46397000
1780376400000,2026-06-02 05:00:00,686.61000000,689.08000000,683.16000000,683.74000000,6482.11400000,1780379999999,4444093.58795000,62171,2729.42900000,1871824.17699000
1780380000000,2026-06-02 06:00:00,683.74000000,685.39000000,680.47000000,683.30000000,8813.34200000,1780383599999,6022185.29420000,64719,4399.78900000,3007308.31709000
1780383600000,2026-06-02 07:00:00,683.31000000,686.39000000,680.54000000,681.84000000,8335.77600000,1780387199999,5694636.70945000,58881,3152.44100000,2154240.41315000
1780387200000,2026-06-02 08:00:00,681.84000000,685.57000000,680.75000000,681.81000000,6129.64900000,1780390799999,4186432.81725000,45682,2986.05900000,2039766.25495000
1780390800000,2026-06-02 09:00:00,681.82000000,682.34000000,676.09000000,677.77000000,15926.03300000,1780394399999,10804107.26278000,85632,7118.06300000,4826816.01681000
1780394400000,2026-06-02 10:00:00,677.77000000,681.15000000,675.58000000,680.11000000,8478.12900000,1780397999999,5751604.82286000,61429,3744.28200000,2540333.64531000
1780398000000,2026-06-02 11:00:00,680.12000000,680.18000000,676.73000000,678.13000000,6630.37500000,1780401599999,4499539.87048000,44992,2998.27500000,2035232.62899000
1780401600000,2026-06-02 12:00:00,678.13000000,680.21000000,675.05000000,676.12000000,10507.61400000,1780405199999,7116502.38192000,57104,4755.15200000,3220153.48878000
1780405200000,2026-06-02 13:00:00,676.12000000,676.97000000,671.72000000,674.72000000,16530.85900000,1780408799999,11156236.60153000,110100,7722.36100000,5211399.69971000
1780408800000,2026-06-02 14:00:00,674.73000000,677.50000000,666.67000000,673.35000000,27174.84800000,1780412399999,18283140.08144000,151171,10965.83400000,7378573.48945000
1780412400000,2026-06-02 15:00:00,673.36000000,673.51000000,658.00000000,663.13000000,38112.73500000,1780415999999,25336560.26132000,165731,17317.53100000,11509795.40728000
1780416000000,2026-06-02 16:00:00,663.14000000,671.50000000,660.50000000,663.95000000,14395.13000000,1780419599999,9608351.09990000,90205,7631.62000000,5093561.99650000
1780419600000,2026-06-02 17:00:00,663.95000000,667.43000000,663.38000000,666.38000000,10879.12600000,1780423199999,7243837.41066000,42542,4675.61500000,3112385.49903000
1780423200000,2026-06-02 18:00:00,666.38000000,667.59000000,659.15000000,659.76000000,13136.11200000,1780426799999,8713791.25120000,43198,6272.39200000,4151947.56775000
1780426800000,2026-06-02 19:00:00,659.76000000,662.23000000,652.36000000,660.31000000,12545.93600000,1780430399999,8244563.02045000,59579,5529.98700000,3635958.45430000
1780430400000,2026-06-02 20:00:00,660.31000000,662.88000000,656.19000000,661.60000000,6024.03000000,1780433999999,3975505.90341000,33165,3307.70200000,2183463.93569000
1780434000000,2026-06-02 21:00:00,661.61000000,663.45000000,658.88000000,659.81000000,9403.99300000,1780437599999,6219447.65122000,28407,4229.84900000,2796943.36611000
1780437600000,2026-06-02 22:00:00,659.80000000,659.80000000,642.47000000,648.39000000,24461.09700000,1780441199999,15918096.16969000,93596,10061.35300000,6550008.13730000
1780441200000,2026-06-02 23:00:00,648.39000000,651.86000000,645.26000000,650.69000000,18573.87800000,1780444799999,12045281.69907000,75476,8618.85400000,5593080.51280000
1780444800000,2026-06-03 00:00:00,650.70000000,657.51000000,650.22000000,654.63000000,11520.21000000,1780448399999,7538702.75587000,72222,6053.93600000,3961538.10891000
1780448400000,2026-06-03 01:00:00,654.63000000,655.00000000,646.61000000,649.97000000,20527.58200000,1780451999999,13356041.27440000,69054,13099.95900000,8524626.72361000
1780452000000,2026-06-03 02:00:00,649.98000000,650.49000000,644.04000000,644.77000000,14952.09700000,1780455599999,9669968.33486000,51694,8309.37100000,5375190.03748000
1780455600000,2026-06-03 03:00:00,644.78000000,646.71000000,630.35000000,633.99000000,29370.22200000,1780459199999,18734126.17599000,110159,9129.30000000,5824706.40159000
1780459200000,2026-06-03 04:00:00,633.97000000,640.11000000,632.81000000,636.66000000,18020.12100000,1780462799999,11460299.42709000,99408,8006.09100000,5092167.34509000
1780462800000,2026-06-03 05:00:00,636.67000000,646.30000000,636.02000000,645.99000000,20929.44000000,1780466399999,13443558.77204000,87647,13592.69800000,8738148.15504000
1780466400000,2026-06-03 06:00:00,646.00000000,646.78000000,640.34000000,640.63000000,7045.67600000,1780469999999,4542132.92554000,54050,3076.75100000,1984443.68707000
1780470000000,2026-06-03 07:00:00,640.64000000,645.34000000,640.11000000,644.10000000,6121.82900000,1780473599999,3939630.52550000,35607,2976.01200000,1914859.03014000
1780473600000,2026-06-03 08:00:00,644.10000000,645.90000000,640.91000000,644.70000000,5398.88400000,1780477199999,3473673.42745000,36142,3001.10300000,1931053.73817000
1780477200000,2026-06-03 09:00:00,644.70000000,646.06000000,638.81000000,641.84000000,7009.91500000,1780480799999,4502880.05806000,49657,3021.66200000,1940400.17628000
1780480800000,2026-06-03 10:00:00,641.84000000,646.01000000,640.90000000,641.70000000,5371.91400000,1780484399999,3453686.66113000,44771,2698.79300000,1735435.94385000
1780484400000,2026-06-03 11:00:00,641.70000000,645.00000000,637.04000000,637.38000000,9225.30700000,1780487999999,5910809.77399000,57070,4036.17600000,2587187.96072000
1780488000000,2026-06-03 12:00:00,637.38000000,637.53000000,633.12000000,635.43000000,13516.34800000,1780491599999,8586237.46836000,68395,7784.80800000,4945555.55220000
1780491600000,2026-06-03 13:00:00,635.43000000,637.24000000,630.05000000,633.11000000,12653.36600000,1780495199999,8012945.77039000,81384,4503.09300000,2854069.67542000
1780495200000,2026-06-03 14:00:00,633.11000000,637.64000000,630.18000000,637.02000000,8149.29400000,1780498799999,5163118.10778000,53685,3786.89300000,2401006.89623000
1780498800000,2026-06-03 15:00:00,637.04000000,639.31000000,632.85000000,632.99000000,7974.21900000,1780502399999,5070753.70499000,46848,4150.02100000,2639993.45137000
1780502400000,2026-06-03 16:00:00,633.00000000,633.60000000,620.00000000,628.25000000,26014.28800000,1780505999999,16264423.13733000,107236,11603.69100000,7254694.04105000
1780506000000,2026-06-03 17:00:00,628.26000000,629.33000000,623.80000000,627.16000000,8781.30700000,1780509599999,5500911.77654000,46831,4558.47800000,2857360.55707000
1780509600000,2026-06-03 18:00:00,627.16000000,629.00000000,625.23000000,628.13000000,3931.31800000,1780513199999,2465424.17763000,28072,1796.48200000,1127007.25264000
1780513200000,2026-06-03 19:00:00,628.13000000,628.98000000,621.74000000,622.77000000,7868.89700000,1780516799999,4917953.07903000,41868,2776.89100000,1737837.90826000
1780516800000,2026-06-03 20:00:00,622.77000000,625.78000000,616.21000000,619.80000000,16410.68000000,1780520399999,10180509.23596000,61658,5606.72300000,3481679.34369000
1780520400000,2026-06-03 21:00:00,619.80000000,629.63000000,618.88000000,629.43000000,14405.88900000,1780523999999,9009967.51474000,46836,9732.96900000,6091485.29021000
1780524000000,2026-06-03 22:00:00,629.44000000,630.00000000,625.83000000,627.43000000,16222.80200000,1780527599999,10193498.82137000,48146,3889.27600000,2444543.98898000
1780527600000,2026-06-03 23:00:00,627.43000000,627.94000000,620.32000000,620.63000000,9491.83800000,1780531199999,5919029.40622000,45650,2799.52300000,1744741.34412000
1780531200000,2026-06-04 00:00:00,620.63000000,624.57000000,612.93000000,616.23000000,18380.52000000,1780534799999,11345309.36290000,123421,8662.91300000,5348244.75040000
1780534800000,2026-06-04 01:00:00,616.23000000,617.72000000,599.14000000,602.49000000,47294.91100000,1780538399999,28665860.18468000,159769,20022.70500000,12137208.21392000
1780538400000,2026-06-04 02:00:00,602.50000000,609.99000000,590.46000000,608.05000000,48303.27400000,1780541999999,29026279.42428000,198965,26032.40900000,15654363.49582000
1780542000000,2026-06-04 03:00:00,608.05000000,621.40000000,608.04000000,618.99000000,18063.02800000,1780545599999,11140271.50196000,111959,10228.30700000,6306027.53251000
1780545600000,2026-06-04 04:00:00,618.99000000,621.36000000,613.87000000,614.63000000,10211.68700000,1780549199999,6303283.65979000,70099,3896.13100000,2406367.60144000
1780549200000,2026-06-04 05:00:00,614.63000000,614.63000000,600.61000000,604.23000000,73980.68200000,1780552799999,44736017.71074000,142162,52502.76300000,31739857.12726000
1780552800000,2026-06-04 06:00:00,604.24000000,610.98000000,603.49000000,605.40000000,11243.98700000,1780556399999,6823599.06816000,73058,5460.77900000,3315025.27143000
1780556400000,2026-06-04 07:00:00,605.40000000,605.84000000,599.22000000,600.20000000,19246.77600000,1780559999999,11590003.32463000,95344,8824.97300000,5316078.44316000
1780560000000,2026-06-04 08:00:00,600.20000000,603.70000000,596.45000000,602.28000000,10079.18000000,1780563599999,6048576.56009000,84603,5104.42800000,3064282.35113000
1780563600000,2026-06-04 09:00:00,602.29000000,602.48000000,591.16000000,597.99000000,17195.49000000,1780567199999,10235429.32602000,115706,7965.27600000,4740989.42319000
1780567200000,2026-06-04 10:00:00,597.99000000,598.09000000,588.10000000,590.47000000,18887.63700000,1780570799999,11177704.77323000,104176,7743.46500000,4583007.36299000
1780570800000,2026-06-04 11:00:00,590.48000000,595.52000000,588.95000000,595.30000000,12611.73700000,1780574399999,7466355.33753000,89290,6295.66300000,3726874.21385000
1780574400000,2026-06-04 12:00:00,595.31000000,604.98000000,593.94000000,603.55000000,14518.41800000,1780577999999,8712494.91992000,102094,7743.29900000,4647292.40902000
1780578000000,2026-06-04 13:00:00,603.56000000,606.04000000,597.01000000,604.81000000,12780.27800000,1780581599999,7694480.13505000,94189,6027.84400000,3629691.47918000
1780581600000,2026-06-04 14:00:00,604.82000000,606.56000000,602.17000000,604.75000000,12557.30800000,1780585199999,7591310.49708000,73539,5616.19700000,3395587.23190000
1780585200000,2026-06-04 15:00:00,604.74000000,609.50000000,603.85000000,606.40000000,10729.25900000,1780588799999,6503308.66792000,56827,4621.09200000,2802607.61103000
1780588800000,2026-06-04 16:00:00,606.40000000,607.46000000,603.03000000,603.74000000,10994.11100000,1780592399999,6658510.58901000,37128,6400.09400000,3877101.38177000
1780592400000,2026-06-04 17:00:00,603.73000000,605.37000000,599.31000000,604.54000000,6651.58100000,1780595999999,4007082.93590000,36204,2819.96100000,1698640.51498000
1780596000000,2026-06-04 18:00:00,604.54000000,610.35000000,602.87000000,609.17000000,5099.78100000,1780599599999,3099528.84774000,30317,3422.61100000,2080859.17759000
1780599600000,2026-06-04 19:00:00,609.17000000,610.19000000,605.15000000,606.35000000,2597.66700000,1780603199999,1578875.01438000,19680,1158.58000000,704408.96581000
1780603200000,2026-06-04 20:00:00,606.35000000,606.56000000,603.10000000,605.42000000,2684.95100000,1780606799999,1624104.03954000,20293,1309.47300000,792282.25325000
1780606800000,2026-06-04 21:00:00,605.42000000,607.59000000,597.99000000,599.29000000,7755.48000000,1780610399999,4670308.12975000,38263,2650.69400000,1597797.86160000
1780610400000,2026-06-04 22:00:00,599.29000000,603.71000000,598.15000000,603.00000000,5477.92800000,1780613999999,3289227.94952000,35365,2827.35300000,1698656.66420000
1780614000000,2026-06-04 23:00:00,602.97000000,605.32000000,599.16000000,604.53000000,4086.09400000,1780617599999,2461918.98798000,23690,1952.55300000,1176345.80807000
1780617600000,2026-06-05 00:00:00,604.50000000,608.00000000,601.72000000,602.09000000,7177.33200000,1780621199999,4345044.57712000,52082,3817.62100000,2312525.10903000
1780621200000,2026-06-05 01:00:00,602.09000000,602.99000000,595.75000000,602.47000000,8235.02000000,1780624799999,4937420.77456000,58229,3887.49700000,2331459.57886000
1780624800000,2026-06-05 02:00:00,602.47000000,603.12000000,594.56000000,595.92000000,9098.76900000,1780628399999,5447606.70222000,70968,4252.25200000,2546616.57722000
1780628400000,2026-06-05 03:00:00,595.95000000,598.00000000,591.40000000,595.76000000,17604.83300000,1780631999999,10468030.54857000,104902,8831.29900000,5251431.85963000
1780632000000,2026-06-05 04:00:00,595.76000000,602.74000000,593.47000000,602.01000000,16393.80500000,1780635599999,9793842.88535000,88780,10276.63200000,6140875.40613000
1780635600000,2026-06-05 05:00:00,602.02000000,602.85000000,583.27000000,584.55000000,26109.98600000,1780639199999,15421611.22107000,155664,11107.62000000,6557806.64329000
1780639200000,2026-06-05 06:00:00,584.55000000,585.42000000,570.61000000,580.62000000,52962.80300000,1780642799999,30593250.16129000,245692,21251.15100000,12287449.05054000
1780642800000,2026-06-05 07:00:00,580.62000000,593.56000000,574.36000000,593.26000000,27976.01500000,1780646399999,16352579.02721000,161383,16122.04100000,9427661.64545000
1780646400000,2026-06-05 08:00:00,593.26000000,593.26000000,585.60000000,587.02000000,10783.03400000,1780649999999,6340549.26766000,78807,5215.95500000,3067837.22886000
1780650000000,2026-06-05 09:00:00,587.02000000,597.00000000,586.68000000,596.14000000,11893.82200000,1780653599999,7052079.01586000,69078,7237.69800000,4291615.93566000
1780653600000,2026-06-05 10:00:00,596.14000000,596.72000000,590.88000000,592.89000000,7426.39400000,1780657199999,4403556.76148000,61369,3885.19000000,2303334.00129000
1780657200000,2026-06-05 11:00:00,592.89000000,595.51000000,589.37000000,590.11000000,9080.90100000,1780660799999,5375185.97271000,67128,4400.97800000,2605380.18935000
1780660800000,2026-06-05 12:00:00,590.12000000,593.75000000,586.74000000,591.15000000,16505.21200000,1780664399999,9738343.68234000,69223,9140.29500000,5394005.15080000
1780664400000,2026-06-05 13:00:00,591.16000000,596.27000000,580.58000000,581.02000000,17282.29500000,1780667999999,10208891.48839000,78951,8175.04800000,4834691.29397000
1780668000000,2026-06-05 14:00:00,581.02000000,589.96000000,580.00000000,582.93000000,24271.97100000,1780671599999,14202367.55776000,130670,12376.97800000,7243610.61775000
1780671600000,2026-06-05 15:00:00,582.94000000,583.93000000,574.66000000,578.75000000,29111.59800000,1780675199999,16855460.82688000,132085,15511.33800000,8984207.46843000
1780675200000,2026-06-05 16:00:00,578.75000000,583.00000000,567.79000000,577.76000000,100817.63300000,1780678799999,57903937.80856000,231832,52127.31600000,29962851.19172000
1780678800000,2026-06-05 17:00:00,577.76000000,579.96000000,572.73000000,576.06000000,13599.09200000,1780682399999,7831289.75845000,52290,6145.64500000,3542651.30902000
1780682400000,2026-06-05 18:00:00,576.09000000,576.90000000,560.83000000,561.32000000,35231.74600000,1780685999999,20002556.49358000,80275,12150.07500000,6887380.31553000
1780686000000,2026-06-05 19:00:00,561.32000000,570.00000000,556.46000000,567.33000000,27872.22200000,1780689599999,15643722.28783000,98906,14399.49500000,8085015.79032000
1780689600000,2026-06-05 20:00:00,567.28000000,578.37000000,563.19000000,577.54000000,12872.82200000,1780693199999,7374201.27277000,57650,7728.24000000,4429475.11459000
1780693200000,2026-06-05 21:00:00,577.53000000,579.40000000,575.65000000,576.50000000,13318.71400000,1780696799999,7691647.15950000,37271,9249.50900000,5342749.20546000
1780696800000,2026-06-05 22:00:00,576.50000000,578.10000000,572.23000000,577.01000000,18470.74500000,1780700399999,10639943.23072000,36425,8892.03100000,5128164.78612000
1780700400000,2026-06-05 23:00:00,577.01000000,578.00000000,566.89000000,572.22000000,20741.27100000,1780703999999,11909154.26110000,37028,4629.85200000,2653869.25170000
1780704000000,2026-06-06 00:00:00,572.17000000,577.80000000,571.99000000,576.52000000,12610.79200000,1780707599999,7270071.19081000,43592,7086.07700000,4086576.01884000
1780707600000,2026-06-06 01:00:00,576.52000000,579.70000000,574.57000000,576.40000000,19109.92200000,1780711199999,11030871.29624000,46163,11501.43500000,6643695.39553000
1780711200000,2026-06-06 02:00:00,576.39000000,579.00000000,573.65000000,576.40000000,19832.74000000,1780714799999,11430669.06008000,55647,7874.38900000,4544133.56049000
1780714800000,2026-06-06 03:00:00,576.41000000,576.82000000,570.60000000,573.13000000,8924.16700000,1780718399999,5123792.29956000,54381,3570.92400000,2047801.02132000
1780718400000,2026-06-06 04:00:00,573.13000000,575.67000000,559.68000000,565.47000000,20625.62100000,1780721999999,11644491.60826000,144336,9611.76000000,5424476.53194000
1780722000000,2026-06-06 05:00:00,565.47000000,576.89000000,560.41000000,576.28000000,14502.95500000,1780725599999,8251334.87605000,115234,8103.34500000,4614329.86360000
1780725600000,2026-06-06 06:00:00,576.27000000,579.09000000,574.80000000,576.39000000,22140.38500000,1780729199999,12772660.22080000,61110,12883.90800000,7437760.72535000
1780729200000,2026-06-06 07:00:00,576.39000000,581.58000000,575.90000000,579.06000000,15575.80100000,1780732799999,9006636.04187000,50123,11259.75600000,6511760.26230000
1780732800000,2026-06-06 08:00:00,579.06000000,584.43000000,578.00000000,580.78000000,6495.90800000,1780736399999,3776955.80565000,41820,3844.40200000,2234792.38413000
1780736400000,2026-06-06 09:00:00,580.79000000,582.62000000,575.00000000,576.55000000,7235.73400000,1780739999999,4183757.81356000,46028,2726.33900000,1578865.59321000
1780740000000,2026-06-06 10:00:00,576.55000000,576.57000000,571.05000000,573.81000000,17131.73300000,1780743599999,9833229.69012000,69014,5113.18100000,2933840.26141000
1780743600000,2026-06-06 11:00:00,573.80000000,576.69000000,573.37000000,574.06000000,7736.10500000,1780747199999,4447831.27323000,40875,3855.30700000,2216573.92874000
1780747200000,2026-06-06 12:00:00,574.07000000,577.40000000,571.89000000,575.91000000,5963.98200000,1780750799999,3426636.84061000,38995,3527.79100000,2027256.90504000
1780750800000,2026-06-06 13:00:00,575.91000000,577.20000000,573.19000000,574.49000000,6537.79000000,1780754399999,3761920.61327000,36309,3459.90500000,1991077.32472000
1780754400000,2026-06-06 14:00:00,574.50000000,577.20000000,574.03000000,574.95000000,5664.94100000,1780757999999,3263423.10283000,26191,2808.66800000,1618531.61845000
1780758000000,2026-06-06 15:00:00,574.95000000,576.87000000,571.04000000,575.86000000,5683.40400000,1780761599999,3262746.03937000,30628,3459.30600000,1985952.12771000
1780761600000,2026-06-06 16:00:00,575.86000000,577.66000000,571.25000000,574.11000000,7438.34300000,1780765199999,4272463.60329000,30292,4505.19300000,2588491.81796000
1780765200000,2026-06-06 17:00:00,574.12000000,575.32000000,572.66000000,573.92000000,4356.59800000,1780768799999,2499922.23904000,25512,2044.09600000,1173117.62692000
1780768800000,2026-06-06 18:00:00,573.92000000,576.08000000,573.06000000,574.38000000,2410.22900000,1780772399999,1384339.17221000,12266,1404.93800000,806986.92778000
1780772400000,2026-06-06 19:00:00,574.37000000,576.01000000,573.48000000,573.73000000,3221.19000000,1780775999999,1850318.01327000,13548,1626.54900000,934313.75139000
1780776000000,2026-06-06 20:00:00,573.74000000,575.61000000,572.65000000,574.80000000,3257.06700000,1780779599999,1870162.69303000,12810,1537.01200000,882641.93552000
1780779600000,2026-06-06 21:00:00,574.81000000,576.86000000,574.56000000,575.02000000,1971.54700000,1780783199999,1134875.99975000,11295,950.12400000,546944.36562000
1780783200000,2026-06-06 22:00:00,575.01000000,575.01000000,570.93000000,572.46000000,4040.90100000,1780786799999,2313735.21564000,20214,2096.10400000,1200036.80553000
1780786800000,2026-06-06 23:00:00,572.46000000,575.50000000,572.16000000,574.53000000,3722.66800000,1780790399999,2138478.40505000,12903,2374.54200000,1364450.15088000
1780790400000,2026-06-07 00:00:00,574.54000000,576.10000000,573.90000000,574.13000000,4566.59500000,1780793999999,2625625.91519000,20507,3368.96200000,1937476.55980000
1780794000000,2026-06-07 01:00:00,574.14000000,581.64000000,573.60000000,579.74000000,19320.52000000,1780797599999,11162209.60844000,65998,14152.69300000,8171922.27090000
1780797600000,2026-06-07 02:00:00,579.73000000,581.28000000,577.00000000,579.08000000,8265.83900000,1780801199999,4789687.11793000,40320,5170.59200000,2996720.53401000
1780801200000,2026-06-07 03:00:00,579.08000000,581.34000000,578.00000000,581.10000000,3817.04900000,1780804799999,2213343.45412000,33886,2208.13200000,1280608.92312000
1780804800000,2026-06-07 04:00:00,581.09000000,582.95000000,578.00000000,582.79000000,6438.26400000,1780808399999,3740128.52566000,33183,4140.93800000,2406423.91503000
1780808400000,2026-06-07 05:00:00,582.79000000,587.00000000,581.65000000,585.24000000,15959.06100000,1780811999999,9335053.86723000,56988,9657.87100000,5649125.93761000
1780812000000,2026-06-07 06:00:00,585.24000000,589.00000000,583.85000000,588.40000000,11341.39600000,1780815599999,6657942.36691000,46664,7512.19700000,4412027.55549000
1780815600000,2026-06-07 07:00:00,588.40000000,590.00000000,587.33000000,589.67000000,6330.93500000,1780819199999,3729191.85398000,31929,3838.91100000,2261259.75374000
1780819200000,2026-06-07 08:00:00,589.67000000,599.00000000,587.45000000,597.94000000,15790.87900000,1780822799999,9353537.01320000,46593,10114.70000000,5990694.25360000
1780822800000,2026-06-07 09:00:00,597.94000000,598.24000000,592.00000000,592.94000000,8499.45400000,1780826399999,5060185.57769000,41952,4177.95600000,2487575.90811000
1780826400000,2026-06-07 10:00:00,592.95000000,594.00000000,590.04000000,592.82000000,6731.51600000,1780829999999,3984498.02632000,35242,3594.07200000,2127100.76844000
1780830000000,2026-06-07 11:00:00,592.82000000,595.48000000,592.48000000,593.38000000,4790.13400000,1780833599999,2844433.87145000,27471,3013.04300000,1789147.39942000
1780833600000,2026-06-07 12:00:00,593.37000000,593.99000000,585.73000000,588.51000000,13356.85000000,1780837199999,7865212.14561000,50411,5792.21900000,3410390.05883000
1780837200000,2026-06-07 13:00:00,588.51000000,589.88000000,587.00000000,588.89000000,4585.18200000,1780840799999,2695626.66999000,24347,2337.14500000,1374292.79063000
1780840800000,2026-06-07 14:00:00,588.89000000,593.91000000,588.67000000,591.40000000,5370.88000000,1780844399999,3175727.07360000,29943,3020.24900000,1785118.14186000
1780844400000,2026-06-07 15:00:00,591.40000000,593.16000000,589.08000000,591.52000000,5310.96000000,1780847999999,3139948.14727000,25974,3263.05700000,1929408.75476000
1780848000000,2026-06-07 16:00:00,591.53000000,595.28000000,590.04000000,594.05000000,5442.74000000,1780851599999,3228403.96387000,21147,3424.52100000,2031067.58501000
1780851600000,2026-06-07 17:00:00,594.06000000,597.39000000,593.56000000,596.14000000,3506.59100000,1780855199999,2089988.29576000,14736,1959.37100000,1167675.36867000
1780855200000,2026-06-07 18:00:00,596.16000000,597.65000000,594.88000000,595.10000000,1619.63200000,1780858799999,966027.97257000,9840,875.31000000,522234.37858000
1780858800000,2026-06-07 19:00:00,595.11000000,595.40000000,586.70000000,588.62000000,7149.26100000,1780862399999,4217326.31465000,28134,2614.06300000,1541478.41211000
1780862400000,2026-06-07 20:00:00,588.64000000,594.55000000,587.80000000,593.92000000,3859.87100000,1780865999999,2282693.21923000,13550,2121.50100000,1254933.29708000
1780866000000,2026-06-07 21:00:00,593.92000000,595.10000000,592.44000000,594.08000000,2114.58800000,1780869599999,1255420.76888000,10398,1213.05900000,720255.13552000
1780869600000,2026-06-07 22:00:00,594.09000000,610.54000000,592.93000000,603.45000000,21554.28500000,1780873199999,13022096.47700000,61676,14570.69400000,8801356.22032000
1780873200000,2026-06-07 23:00:00,603.36000000,605.99000000,602.88000000,604.44000000,7121.88000000,1780876799999,4304073.13783000,21675,4131.79200000,2497406.78720000
1780876800000,2026-06-08 00:00:00,604.44000000,608.39000000,603.00000000,605.65000000,7292.64800000,1780880399999,4419792.96216000,38030,3818.87900000,2314105.75632000
1780880400000,2026-06-08 01:00:00,605.65000000,605.92000000,599.00000000,604.04000000,5783.48400000,1780883999999,3481110.14836000,40792,2666.97800000,1605419.41582000
1780884000000,2026-06-08 02:00:00,604.05000000,604.47000000,601.45000000,601.93000000,3223.28200000,1780887599999,1942893.65701000,22811,1666.55400000,1004489.67803000
1780887600000,2026-06-08 03:00:00,601.92000000,604.41000000,601.01000000,603.35000000,2348.28800000,1780891199999,1415393.52833000,17900,1200.98400000,723966.57112000
1780891200000,2026-06-08 04:00:00,603.36000000,603.70000000,596.00000000,596.40000000,6493.41800000,1780894799999,3885391.34248000,37638,2889.36300000,1728421.21302000
1780894800000,2026-06-08 05:00:00,596.41000000,597.36000000,591.55000000,595.12000000,6226.67400000,1780898399999,3699096.87993000,35317,3018.11200000,1792662.32313000
1780898400000,2026-06-08 06:00:00,595.12000000,597.54000000,594.86000000,595.88000000,5250.66500000,1780901999999,3130324.19900000,36035,2408.56800000,1435992.63941000
1780902000000,2026-06-08 07:00:00,595.89000000,597.57000000,593.58000000,596.39000000,6961.08000000,1780905599999,4148538.32062000,46299,3225.12100000,1922437.87116000
1780905600000,2026-06-08 08:00:00,596.40000000,596.44000000,593.43000000,595.33000000,5122.89100000,1780909199999,3046943.69253000,41567,1888.63900000,1123364.68224000
1780909200000,2026-06-08 09:00:00,595.33000000,601.00000000,595.27000000,599.72000000,7089.15500000,1780912799999,4242480.33381000,47812,3997.39500000,2392165.85717000
1780912800000,2026-06-08 10:00:00,599.72000000,600.02000000,596.86000000,598.02000000,4059.52100000,1780916399999,2429577.81291000,28004,1729.50800000,1035417.16404000
1780916400000,2026-06-08 11:00:00,598.02000000,604.39000000,597.09000000,602.29000000,5979.22700000,1780919999999,3595685.59869000,41673,3469.07800000,2085913.55796000
1780920000000,2026-06-08 12:00:00,602.29000000,603.59000000,597.86000000,603.36000000,7471.71900000,1780923599999,4488096.78504000,43535,3948.95400000,2372182.50938000
1780923600000,2026-06-08 13:00:00,603.38000000,603.60000000,598.20000000,600.34000000,9166.89600000,1780927199999,5509639.93960000,56762,3388.41200000,2036443.40409000
1780927200000,2026-06-08 14:00:00,600.35000000,603.48000000,599.49000000,603.29000000,5770.86600000,1780930799999,3470381.50268000,23848,2755.01100000,1657019.83107000
1780930800000,2026-06-08 15:00:00,603.29000000,606.28000000,603.21000000,604.20000000,7552.27900000,1780934399999,4567357.82930000,25533,3535.83800000,2138581.42221000
1780934400000,2026-06-08 16:00:00,604.21000000,607.75000000,603.33000000,603.84000000,4133.44700000,1780937999999,2502912.84946000,17335,2000.93400000,1211964.54455000
1780938000000,2026-06-08 17:00:00,603.85000000,607.99000000,602.38000000,607.95000000,3831.34900000,1780941599999,2317137.82798000,14378,2192.26600000,1326438.07692000
1780941600000,2026-06-08 18:00:00,607.95000000,609.98000000,606.61000000,607.77000000,5409.86300000,1780945199999,3293134.82169000,17124,3249.12800000,1978348.54987000
1780945200000,2026-06-08 19:00:00,607.76000000,608.60000000,606.35000000,607.66000000,2308.14600000,1780948799999,1402464.50557000,11947,1130.26100000,686844.24438000
1780948800000,2026-06-08 20:00:00,607.67000000,608.19000000,605.48000000,606.83000000,1786.03100000,1780952399999,1083059.47641000,9053,872.11100000,528836.03427000
1780952400000,2026-06-08 21:00:00,606.83000000,610.44000000,606.63000000,607.60000000,2894.17800000,1780955999999,1763318.73142000,12153,1666.71900000,1015577.09422000
1780956000000,2026-06-08 22:00:00,607.59000000,607.59000000,604.24000000,606.27000000,2297.50100000,1780959599999,1391927.34790000,11171,1138.58900000,689693.34183000
1780959600000,2026-06-08 23:00:00,606.30000000,607.54000000,601.09000000,601.86000000,3022.89800000,1780963199999,1824124.42275000,12599,1104.60700000,666992.65298000
1780963200000,2026-06-09 00:00:00,601.86000000,602.92000000,593.10000000,595.72000000,10253.25800000,1780966799999,6121127.43286000,46833,3813.54100000,2276978.44054000
1780966800000,2026-06-09 01:00:00,595.72000000,599.02000000,594.84000000,597.69000000,4160.44700000,1780970399999,2484630.75000000,26686,2238.30200000,1336653.77772000
1780970400000,2026-06-09 02:00:00,597.69000000,598.34000000,594.59000000,598.32000000,3453.27600000,1780973999999,2060300.91648000,19181,1413.91300000,843890.98094000
1780974000000,2026-06-09 03:00:00,598.32000000,599.96000000,597.35000000,599.14000000,4210.24500000,1780977599999,2521251.74216000,17695,2483.23800000,1486954.56197000
1780977600000,2026-06-09 04:00:00,599.14000000,603.25000000,596.50000000,602.40000000,4959.32800000,1780981199999,2978375.79492000,31267,3272.32700000,1965490.52089000
1780981200000,2026-06-09 05:00:00,602.41000000,605.68000000,600.64000000,603.54000000,4351.20900000,1780984799999,2626106.39327000,26475,2736.36100000,1651850.03367000
1780984800000,2026-06-09 06:00:00,603.55000000,605.20000000,602.81000000,604.04000000,3625.31400000,1780988399999,2189405.01769000,18571,1956.87800000,1181899.03210000
1780988400000,2026-06-09 07:00:00,604.04000000,605.00000000,601.15000000,604.23000000,6961.75200000,1780991999999,4202567.30501000,29761,4012.37500000,2423107.86096000
1780992000000,2026-06-09 08:00:00,604.24000000,604.58000000,601.24000000,601.95000000,4081.93500000,1780995599999,2459702.86579000,27700,1510.58600000,910461.45637000
1780995600000,2026-06-09 09:00:00,601.94000000,603.74000000,599.46000000,600.19000000,4416.25600000,1780999199999,2654879.27538000,31117,1551.03600000,932886.75116000
1780999200000,2026-06-09 10:00:00,600.19000000,601.09000000,597.05000000,600.09000000,4955.37900000,1781002799999,2969357.63173000,33735,2315.71000000,1387518.78740000
1781002800000,2026-06-09 11:00:00,600.08000000,600.23000000,596.22000000,596.94000000,5236.14300000,1781006399999,3129619.68091000,31869,1911.74900000,1142850.12883000
1781006400000,2026-06-09 12:00:00,596.93000000,599.68000000,596.10000000,597.46000000,6945.04100000,1781009999999,4152520.72234000,39246,2748.82900000,1643937.28035000
1781010000000,2026-06-09 13:00:00,597.46000000,598.51000000,593.43000000,594.58000000,8779.70000000,1781013599999,5226855.29004000,54733,2865.54100000,1706227.81332000
1781013600000,2026-06-09 14:00:00,594.58000000,595.50000000,584.63000000,588.79000000,14919.23000000,1781017199999,8783202.73883000,96523,6330.97000000,3726499.62852000
1781017200000,2026-06-09 15:00:00,588.80000000,591.58000000,586.04000000,586.91000000,7890.54600000,1781020799999,4645072.11995000,44631,3490.51700000,2055175.57815000
1781020800000,2026-06-09 16:00:00,586.91000000,589.53000000,583.84000000,588.60000000,10721.04100000,1781024399999,6288637.93548000,61746,5410.36100000,3174897.77844000
1781024400000,2026-06-09 17:00:00,588.61000000,593.26000000,588.44000000,591.65000000,6167.06000000,1781027999999,3648156.87373000,37758,3065.66100000,1813957.48262000
1781028000000,2026-06-09 18:00:00,591.65000000,595.15000000,591.25000000,594.34000000,3292.08700000,1781031599999,1954285.79600000,27480,1904.50500000,1130371.29269000
1781031600000,2026-06-09 19:00:00,594.34000000,596.97000000,593.36000000,596.76000000,3690.35400000,1781035199999,2196333.47452000,29951,2445.49700000,1455634.66413000
1781035200000,2026-06-09 20:00:00,596.76000000,598.62000000,596.06000000,597.04000000,2454.20300000,1781038799999,1465485.59538000,18568,1375.98300000,821737.54618000
1781038800000,2026-06-09 21:00:00,597.04000000,597.39000000,594.04000000,594.56000000,2731.96600000,1781042399999,1626666.85227000,20902,1071.98900000,638336.86826000
1781042400000,2026-06-09 22:00:00,594.56000000,596.02000000,592.44000000,592.89000000,2512.87000000,1781045999999,1492923.78590000,22129,1100.36300000,653759.51580000
1781046000000,2026-06-09 23:00:00,592.88000000,593.96000000,590.90000000,593.44000000,3868.08500000,1781049599999,2292605.45975000,24916,1837.12000000,1089002.52186000
1781049600000,2026-06-10 00:00:00,593.44000000,594.83000000,590.03000000,593.43000000,4191.96600000,1781053199999,2485117.76580000,31350,2207.78300000,1309833.68621000
1781053200000,2026-06-10 01:00:00,593.43000000,594.23000000,590.62000000,591.76000000,2952.23300000,1781056799999,1748907.57893000,32650,1177.00100000,697372.91974000
1781056800000,2026-06-10 02:00:00,591.77000000,592.77000000,586.48000000,586.86000000,4615.66600000,1781060399999,2716919.34617000,30032,1697.37000000,998745.10698000
1781060400000,2026-06-10 03:00:00,586.85000000,589.33000000,586.52000000,587.87000000,2497.38300000,1781063999999,1467875.01138000,21089,1189.31900000,699126.42740000
1781064000000,2026-06-10 04:00:00,587.88000000,588.24000000,584.15000000,585.39000000,4612.59600000,1781067599999,2704637.76825000,23143,1379.96000000,808719.62724000
1781067600000,2026-06-10 05:00:00,585.39000000,586.83000000,583.58000000,585.52000000,5544.87200000,1781071199999,3244442.21213000,28035,2132.51000000,1248161.57382000
1781071200000,2026-06-10 06:00:00,585.53000000,586.79000000,583.99000000,586.10000000,6187.95200000,1781074799999,3623785.96267000,37236,2812.17800000,1647410.36566000
1781074800000,2026-06-10 07:00:00,586.10000000,589.46000000,585.86000000,588.63000000,3930.98300000,1781078399999,2312206.32257000,22791,2448.60000000,1440308.51880000
1781078400000,2026-06-10 08:00:00,588.63000000,588.64000000,583.96000000,584.68000000,4414.35600000,1781081999999,2586501.01946000,30940,2030.61100000,1189822.62639000
1781082000000,2026-06-10 09:00:00,584.69000000,585.56000000,581.26000000,584.89000000,5412.58900000,1781085599999,3159690.84270000,35856,2710.07500000,1582595.28098000
1781085600000,2026-06-10 10:00:00,584.89000000,585.82000000,583.00000000,584.49000000,2798.14200000,1781089199999,1634874.63934000,18327,1423.08100000,831584.49653000
1781089200000,2026-06-10 11:00:00,584.50000000,584.93000000,580.68000000,583.00000000,6007.41800000,1781092799999,3499315.26482000,33487,3113.97800000,1813939.56822000
1781092800000,2026-06-10 12:00:00,583.01000000,591.32000000,582.40000000,589.00000000,7449.60800000,1781096399999,4375962.95888000,42474,4300.30300000,2525551.56473000
1781096400000,2026-06-10 13:00:00,589.01000000,596.63000000,587.68000000,592.87000000,8888.92600000,1781099999999,5268694.86965000,50032,4958.09000000,2940699.56828000
1781100000000,2026-06-10 14:00:00,592.88000000,594.36000000,590.42000000,592.99000000,5021.47700000,1781103599999,2973831.94345000,39286,3000.62500000,1777364.67576000
1781103600000,2026-06-10 15:00:00,593.00000000,598.52000000,591.30000000,596.90000000,9136.19500000,1781107199999,5437285.80953000,57578,4675.43100000,2783329.63404000
1781107200000,2026-06-10 16:00:00,596.90000000,597.16000000,590.75000000,592.45000000,5389.12400000,1781110799999,3201665.30037000,30155,2666.53400000,1584433.09129000
1781110800000,2026-06-10 17:00:00,592.48000000,594.02000000,587.58000000,590.10000000,6085.06400000,1781114399999,3591069.34678000,40398,2653.50900000,1566627.24133000
1781114400000,2026-06-10 18:00:00,590.10000000,590.80000000,587.05000000,589.84000000,2543.36500000,1781117999999,1498284.56298000,19328,1312.82500000,773511.15868000
1781118000000,2026-06-10 19:00:00,589.84000000,590.52000000,587.15000000,588.06000000,2598.04000000,1781121599999,1529346.04282000,16788,1212.79000000,713988.33641000
1781121600000,2026-06-10 20:00:00,588.05000000,589.22000000,586.24000000,587.25000000,3583.47600000,1781125199999,2105505.91758000,15134,1976.41600000,1161542.15877000
1781125200000,2026-06-10 21:00:00,587.23000000,587.23000000,582.10000000,583.35000000,4635.12000000,1781128799999,2711789.61778000,20164,1708.31100000,999721.09780000
1781128800000,2026-06-10 22:00:00,583.35000000,585.96000000,582.31000000,584.00000000,3409.44500000,1781132399999,1991733.27646000,18007,1422.99500000,831349.66087000
1781132400000,2026-06-10 23:00:00,584.01000000,587.18000000,582.86000000,586.53000000,2940.00600000,1781135999999,1720807.00641000,15825,1677.59700000,982261.46218000
1781136000000,2026-06-11 00:00:00,586.51000000,590.00000000,586.51000000,589.02000000,2519.61500000,1781139599999,1483096.54929000,19262,1523.39200000,896674.99481000
1781139600000,2026-06-11 01:00:00,589.04000000,594.20000000,589.04000000,593.01000000,3956.46300000,1781143199999,2343019.79998000,27286,2597.93600000,1538389.94898000
1781143200000,2026-06-11 02:00:00,593.02000000,593.25000000,589.51000000,592.35000000,3700.23400000,1781146799999,2187694.50695000,23702,1922.83400000,1136830.11953000
1781146800000,2026-06-11 03:00:00,592.36000000,597.75000000,591.43000000,596.43000000,6778.77700000,1781150399999,4033517.31272000,31985,4758.65700000,2832417.94682000
1781150400000,2026-06-11 04:00:00,596.43000000,596.57000000,594.04000000,595.14000000,4571.76100000,1781153999999,2721460.32788000,32615,2195.33200000,1306873.75359000
1781154000000,2026-06-11 05:00:00,595.14000000,595.70000000,593.72000000,594.35000000,4579.74500000,1781157599999,2724173.22716000,26668,2441.07300000,1452160.56472000
1781157600000,2026-06-11 06:00:00,594.35000000,597.63000000,594.00000000,596.08000000,3478.28900000,1781161199999,2074080.95532000,22816,1998.33900000,1191812.61959000
1781161200000,2026-06-11 07:00:00,596.09000000,598.26000000,595.11000000,598.21000000,3219.63000000,1781164799999,1920268.14991000,17807,1694.04500000,1010715.73945000
1781164800000,2026-06-11 08:00:00,598.21000000,603.77000000,598.15000000,601.20000000,11637.76500000,1781168399999,7000646.41178000,41169,6731.41800000,4049137.08061000
1781168400000,2026-06-11 09:00:00,601.20000000,601.51000000,598.80000000,600.57000000,4094.61500000,1781171999999,2457048.63513000,22461,2046.63100000,1228100.56838000
1781172000000,2026-06-11 10:00:00,600.58000000,600.83000000,598.50000000,599.86000000,5730.15300000,1781175599999,3435667.38403000,28083,3104.03000000,1861127.71582000
1781175600000,2026-06-11 11:00:00,599.86000000,602.74000000,598.50000000,600.63000000,4743.22700000,1781179199999,2848771.28201000,25756,2624.58500000,1576929.90989000
1781179200000,2026-06-11 12:00:00,600.64000000,601.08000000,597.28000000,599.88000000,6923.98900000,1781182799999,4148752.29879000,41538,3374.78400000,2022189.11829000
1781182800000,2026-06-11 13:00:00,599.88000000,602.99000000,598.22000000,601.64000000,4408.49900000,1781186399999,2647664.37548000,26762,2346.07300000,1409323.26510000
1781186400000,2026-06-11 14:00:00,601.65000000,602.20000000,598.04000000,598.85000000,3888.62400000,1781189999999,2333251.13790000,26965,1839.75900000,1104005.76635000
1781190000000,2026-06-11 15:00:00,598.84000000,600.00000000,597.20000000,598.48000000,4278.55300000,1781193599999,2560762.96793000,29963,2205.95000000,1320335.15991000
1781193600000,2026-06-11 16:00:00,598.48000000,600.52000000,598.00000000,598.39000000,3947.07400000,1781197199999,2365328.15590000,18932,1746.10300000,1046400.61156000
1781197200000,2026-06-11 17:00:00,598.39000000,606.00000000,596.03000000,605.82000000,12343.01200000,1781200799999,7421686.24240000,44803,7762.39700000,4668564.45946000
1781200800000,2026-06-11 18:00:00,605.77000000,607.33000000,603.33000000,604.67000000,3852.24900000,1781204399999,2331809.10217000,22504,2196.40300000,1329952.67569000
1781204400000,2026-06-11 19:00:00,604.67000000,606.57000000,602.66000000,604.46000000,5158.55500000,1781207999999,3117468.36487000,17618,2697.75000000,1630385.30351000
1781208000000,2026-06-11 20:00:00,604.44000000,604.68000000,600.80000000,602.50000000,2696.73600000,1781211599999,1624231.16589000,13349,1136.34800000,684367.55113000
1781211600000,2026-06-11 21:00:00,602.50000000,604.91000000,602.50000000,603.28000000,3757.33900000,1781215199999,2269602.82079000,11381,1529.51300000,923855.56463000
1781215200000,2026-06-11 22:00:00,603.29000000,604.90000000,603.18000000,603.50000000,1598.72600000,1781218799999,965670.11104000,8966,972.65000000,587509.26968000
1781218800000,2026-06-11 23:00:00,603.51000000,606.32000000,602.30000000,605.76000000,3942.29900000,1781222399999,2381872.34111000,11802,1965.61900000,1188652.86810000
1781222400000,2026-06-12 00:00:00,605.77000000,606.00000000,603.77000000,604.19000000,2970.36200000,1781225999999,1796895.02439000,17009,1619.76900000,979850.10920000
1781226000000,2026-06-12 01:00:00,604.20000000,604.20000000,601.22000000,601.80000000,2328.30100000,1781229599999,1403286.85933000,15579,1062.90800000,640898.09920000
1781229600000,2026-06-12 02:00:00,601.80000000,606.15000000,601.80000000,604.80000000,5357.38800000,1781233199999,3235742.92412000,22131,2873.70300000,1735566.03715000
1781233200000,2026-06-12 03:00:00,604.79000000,604.84000000,602.07000000,602.24000000,3446.30000000,1781236799999,2078191.20982000,16615,1176.08400000,709283.15136000
1781236800000,2026-06-12 04:00:00,602.24000000,604.90000000,601.79000000,603.53000000,4026.96500000,1781240399999,2428726.44228000,19302,2052.33600000,1237602.40726000
1781240400000,2026-06-12 05:00:00,603.54000000,603.67000000,600.47000000,600.61000000,2801.62800000,1781243999999,1685616.61793000,15550,1038.00900000,624543.94275000
1781244000000,2026-06-12 06:00:00,600.60000000,601.95000000,596.58000000,598.15000000,5056.86300000,1781247599999,3027439.12473000,27177,1599.98300000,958453.92781000
1781247600000,2026-06-12 07:00:00,598.16000000,601.41000000,598.11000000,599.82000000,4888.44300000,1781251199999,2930798.07680000,22536,2366.34600000,1419235.56218000
1781251200000,2026-06-12 08:00:00,599.83000000,606.00000000,599.78000000,605.23000000,5240.88600000,1781254799999,3163861.50388000,26959,3695.21900000,2230736.61871000
1781254800000,2026-06-12 09:00:00,605.23000000,607.94000000,604.50000000,606.96000000,4680.72200000,1781258399999,2838188.36238000,27098,2488.85800000,1509245.93689000
1781258400000,2026-06-12 10:00:00,606.96000000,607.83000000,604.56000000,605.98000000,3301.27700000,1781261999999,2000318.39596000,22699,1606.99100000,973636.91502000
1781262000000,2026-06-12 11:00:00,605.99000000,608.68000000,605.89000000,606.65000000,5340.86000000,1781265599999,3244372.97914000,26036,2936.09100000,1783148.42562000
1781265600000,2026-06-12 12:00:00,606.64000000,606.64000000,604.87000000,606.36000000,5257.55300000,1781269199999,3185634.55247000,26659,2577.38500000,1561887.68312000
1781269200000,2026-06-12 13:00:00,606.37000000,607.33000000,603.48000000,605.29000000,5616.08900000,1781272799999,3401074.25987000,31762,2782.50300000,1684898.21363000
1781272800000,2026-06-12 14:00:00,605.30000000,610.19000000,604.93000000,609.54000000,8846.30800000,1781276399999,5379462.54964000,44105,4962.15100000,3017807.90534000
1781276400000,2026-06-12 15:00:00,609.54000000,613.39000000,605.03000000,605.34000000,15771.95900000,1781279999999,9622302.49270000,65901,8665.72600000,5289884.13437000
1781280000000,2026-06-12 16:00:00,605.34000000,609.04000000,604.70000000,608.51000000,4625.63800000,1781283599999,2809417.89795000,31978,2818.16700000,1711776.15179000
1781283600000,2026-06-12 17:00:00,608.52000000,609.47000000,605.83000000,606.87000000,2874.27800000,1781287199999,1745214.41100000,22309,1581.64300000,960186.56085000
1781287200000,2026-06-12 18:00:00,606.87000000,607.95000000,605.59000000,605.86000000,2659.11100000,1781290799999,1612897.64707000,18137,1280.65800000,776829.98283000
1781290800000,2026-06-12 19:00:00,605.85000000,606.55000000,602.74000000,603.45000000,2711.52700000,1781294399999,1640256.10135000,19761,992.70500000,600772.46666000
1781294400000,2026-06-12 20:00:00,603.46000000,604.61000000,602.74000000,602.85000000,1907.45300000,1781297999999,1151495.97501000,13555,858.53500000,518214.89941000
1781298000000,2026-06-12 21:00:00,602.84000000,604.52000000,602.33000000,603.56000000,2092.79600000,1781301599999,1263535.81718000,10363,621.66600000,375233.20703000
1781301600000,2026-06-12 22:00:00,603.57000000,604.08000000,602.38000000,602.97000000,1764.03800000,1781305199999,1063533.38438000,11847,775.19400000,467390.31831000
1781305200000,2026-06-12 23:00:00,602.97000000,604.02000000,602.11000000,603.83000000,1769.58200000,1781308799999,1067637.93743000,10702,1030.67700000,621869.52446000
1781308800000,2026-06-13 00:00:00,603.84000000,605.27000000,603.42000000,604.88000000,2261.27200000,1781312399999,1366995.51723000,14523,1161.43300000,702157.30875000
1781312400000,2026-06-13 01:00:00,604.89000000,606.27000000,603.83000000,606.08000000,1651.11200000,1781315999999,999111.11630000,12153,1090.21800000,659737.57833000
1781316000000,2026-06-13 02:00:00,606.09000000,606.15000000,603.33000000,603.72000000,3198.62600000,1781319599999,1934329.33252000,13129,1572.22800000,950833.16174000
1781319600000,2026-06-13 03:00:00,603.72000000,604.62000000,599.33000000,600.37000000,11330.85500000,1781323199999,6819932.13908000,21499,2737.92700000,1649341.76866000
1781323200000,2026-06-13 04:00:00,600.37000000,601.27000000,599.50000000,599.55000000,3869.35700000,1781326799999,2323178.93752000,15708,1787.74700000,1073500.83189000
1781326800000,2026-06-13 05:00:00,599.56000000,600.60000000,599.48000000,600.56000000,3064.59300000,1781330399999,1839031.50477000,16682,1702.69900000,1021874.04342000
1781330400000,2026-06-13 06:00:00,600.56000000,602.93000000,600.41000000,602.70000000,4201.67300000,1781333999999,2527656.76136000,17809,2726.60200000,1640381.56457000
1781334000000,2026-06-13 07:00:00,602.71000000,604.00000000,601.85000000,603.27000000,2179.23100000,1781337599999,1313955.07218000,14759,1006.77400000,607168.05333000
1781337600000,2026-06-13 08:00:00,603.28000000,604.50000000,602.72000000,603.88000000,3498.01200000,1781341199999,2112117.13108000,32403,2111.86700000,1275103.56662000
1781341200000,2026-06-13 09:00:00,603.88000000,604.30000000,603.07000000,603.77000000,3757.14100000,1781344799999,2268142.68125000,34473,1525.20800000,920756.99152000
1781344800000,2026-06-13 10:00:00,603.78000000,605.62000000,603.58000000,604.97000000,1863.18200000,1781348399999,1126947.90498000,16439,1092.49400000,660808.94797000
1781348400000,2026-06-13 11:00:00,604.97000000,607.49000000,604.83000000,606.67000000,2621.93500000,1781351999999,1590021.55396000,18393,1825.01800000,1106668.98716000
1781352000000,2026-06-13 12:00:00,606.67000000,609.00000000,606.16000000,608.90000000,5598.02000000,1781355599999,3400757.93574000,21593,3086.57200000,1875413.53661000
1781355600000,2026-06-13 13:00:00,608.91000000,610.16000000,608.01000000,608.61000000,5023.70700000,1781359199999,3060305.91532000,23035,2189.59800000,1334060.68044000
1781359200000,2026-06-13 14:00:00,608.61000000,610.57000000,607.87000000,610.45000000,3730.70900000,1781362799999,2272078.09212000,19742,1789.34000000,1089865.76096000
1781362800000,2026-06-13 15:00:00,610.46000000,611.08000000,609.35000000,610.37000000,2597.50400000,1781366399999,1585176.74843000,19957,1479.71200000,903070.96923000
1781366400000,2026-06-13 16:00:00,610.38000000,610.49000000,607.49000000,608.90000000,2921.86700000,1781369999999,1778757.70855000,22743,1121.14500000,682567.74368000
1781370000000,2026-06-13 17:00:00,608.91000000,609.24000000,606.69000000,607.09000000,1984.36400000,1781373599999,1206483.62528000,14973,935.69800000,568933.31064000
1781373600000,2026-06-13 18:00:00,607.09000000,608.69000000,607.09000000,607.81000000,709.30400000,1781377199999,431283.28303000,7936,360.71500000,219352.38024000
1781377200000,2026-06-13 19:00:00,607.81000000,608.79000000,607.35000000,608.48000000,877.87700000,1781380799999,533823.88945000,6487,538.22600000,327268.80861000
1781380800000,2026-06-13 20:00:00,608.49000000,609.47000000,607.68000000,608.99000000,1018.19500000,1781384399999,619798.15587000,6010,575.39700000,350276.78868000
1781384400000,2026-06-13 21:00:00,608.99000000,612.33000000,608.60000000,609.77000000,2521.05900000,1781387999999,1538095.28376000,15087,1550.45700000,946185.49049000
1781388000000,2026-06-13 22:00:00,609.78000000,609.87000000,608.42000000,609.09000000,1437.29500000,1781391599999,875349.44431000,12158,632.59700000,385291.89571000
1781391600000,2026-06-13 23:00:00,609.08000000,610.76000000,608.80000000,609.65000000,1574.26300000,1781395199999,959671.72089000,11635,865.77000000,527789.16716000
1781395200000,2026-06-14 00:00:00,609.66000000,610.13000000,608.88000000,609.47000000,1331.43800000,1781398799999,811449.49793000,9913,609.82200000,371737.00296000
1781398800000,2026-06-14 01:00:00,609.47000000,611.01000000,609.00000000,609.26000000,2482.22200000,1781402399999,1514215.18555000,12749,1381.52600000,842905.62755000
1781402400000,2026-06-14 02:00:00,609.26000000,610.62000000,609.08000000,609.33000000,1774.65100000,1781405999999,1081993.87191000,9019,766.83600000,467560.41495000
1781406000000,2026-06-14 03:00:00,609.33000000,610.21000000,608.51000000,610.04000000,2868.00100000,1781409599999,1747230.52389000,9713,989.65400000,603016.10861000
1781409600000,2026-06-14 04:00:00,610.04000000,610.21000000,608.00000000,608.81000000,3743.10700000,1781413199999,2279368.96307000,10447,733.05100000,446422.83347000
1781413200000,2026-06-14 05:00:00,608.82000000,610.16000000,608.70000000,610.15000000,2975.20700000,1781416799999,1812841.87121000,11597,1132.95600000,690386.13134000
1781416800000,2026-06-14 06:00:00,610.14000000,612.10000000,610.14000000,611.32000000,2218.75400000,1781420399999,1355926.29563000,17127,1249.51200000,763621.05652000
1781420400000,2026-06-14 07:00:00,611.31000000,611.61000000,609.80000000,610.31000000,3248.74800000,1781423999999,1983971.01086000,16429,1170.72100000,715051.00353000
1781424000000,2026-06-14 08:00:00,610.32000000,611.63000000,610.13000000,610.54000000,2147.50700000,1781427599999,1311664.26769000,13226,1049.87200000,641268.40544000
1781427600000,2026-06-14 09:00:00,610.54000000,612.98000000,609.73000000,611.86000000,4484.27600000,1781431199999,2741409.48940000,15435,2679.59500000,1639185.20780000
1781431200000,2026-06-14 10:00:00,611.87000000,613.03000000,610.90000000,611.09000000,4477.12800000,1781434799999,2739799.97111000,13089,1953.59700000,1196045.71940000
1781434800000,2026-06-14 11:00:00,611.09000000,612.90000000,611.09000000,612.26000000,3309.89000000,1781438399999,2026704.14260000,13188,2265.79200000,1387446.41888000
1781438400000,2026-06-14 12:00:00,612.26000000,612.50000000,610.01000000,611.26000000,7754.35900000,1781441999999,4739673.94082000,18843,2373.09500000,1450482.27138000
1781442000000,2026-06-14 13:00:00,611.26000000,612.16000000,611.10000000,611.31000000,6213.00000000,1781445599999,3799373.92900000,15757,2567.93900000,1570631.83193000
1781445600000,2026-06-14 14:00:00,611.31000000,611.83000000,605.34000000,605.85000000,11146.85200000,1781449199999,6787026.02460000,42708,3739.69700000,2274700.14926000
1781449200000,2026-06-14 15:00:00,605.85000000,608.38000000,605.73000000,608.15000000,6191.04400000,1781452799999,3757777.13593000,28205,1813.66200000,1100818.30274000
1781452800000,2026-06-14 16:00:00,608.16000000,608.76000000,606.00000000,606.20000000,4319.32100000,1781456399999,2625193.29118000,27554,1759.29600000,1069285.27249000
1781456400000,2026-06-14 17:00:00,606.20000000,607.63000000,604.00000000,604.19000000,4045.54200000,1781459999999,2450123.09315000,30142,1565.66000000,948356.46328000
1781460000000,2026-06-14 18:00:00,604.20000000,605.49000000,603.57000000,604.40000000,4702.11600000,1781463599999,2842639.49525000,20647,2011.34100000,1215793.69886000
1781463600000,2026-06-14 19:00:00,604.39000000,604.95000000,602.88000000,603.28000000,4326.18200000,1781467199999,2612328.96813000,22371,1134.90200000,685334.88768000
1781467200000,2026-06-14 20:00:00,603.27000000,605.86000000,602.79000000,604.92000000,2435.71500000,1781470799999,1471312.56343000,19910,1046.20700000,632214.12992000
1781470800000,2026-06-14 21:00:00,604.92000000,617.24000000,604.73000000,614.58000000,14779.08500000,1781474399999,9053330.55704000,56677,11164.14000000,6837125.71920000
1781474400000,2026-06-14 22:00:00,614.59000000,616.57000000,611.68000000,614.11000000,16503.99700000,1781477999999,10125642.71217000,60432,11917.53200000,7311223.97755000
1781478000000,2026-06-14 23:00:00,614.11000000,616.92000000,612.76000000,616.79000000,4549.46900000,1781481599999,2799621.81430000,30415,2108.77100000,1298055.25496000
1781481600000,2026-06-15 00:00:00,616.79000000,618.08000000,614.70000000,615.51000000,5805.46400000,1781485199999,3578765.00495000,29810,3188.58200000,1966081.13607000
1781485200000,2026-06-15 01:00:00,615.51000000,616.13000000,613.08000000,613.56000000,4810.27800000,1781488799999,2955793.80069000,24224,2584.67200000,1588391.67221000
1781488800000,2026-06-15 02:00:00,613.56000000,616.81000000,612.66000000,615.62000000,2672.03600000,1781492399999,1644382.31429000,19523,1506.26300000,926984.62059000
1781492400000,2026-06-15 03:00:00,615.62000000,618.30000000,615.30000000,617.83000000,3272.40800000,1781495999999,2019320.23270000,20044,1938.84100000,1196558.02743000
1781496000000,2026-06-15 04:00:00,617.84000000,617.99000000,615.97000000,616.67000000,3023.89300000,1781499599999,1865552.25781000,16274,1407.71900000,868296.80618000
1781499600000,2026-06-15 05:00:00,616.68000000,618.29000000,616.00000000,617.64000000,5594.48000000,1781503199999,3450748.38983000,17200,2384.97000000,1471332.17988000
1781503200000,2026-06-15 06:00:00,617.64000000,619.00000000,616.50000000,617.44000000,5311.19900000,1781506799999,3281836.47454000,21242,2592.55600000,1602018.73867000
1781506800000,2026-06-15 07:00:00,617.44000000,617.66000000,615.49000000,615.58000000,4369.19500000,1781510399999,2693494.65432000,19628,2608.79300000,1608241.01187000
1781510400000,2026-06-15 08:00:00,615.59000000,617.15000000,615.32000000,616.13000000,2444.22000000,1781513999999,1506009.06313000,13983,1145.42800000,705769.47000000
1781514000000,2026-06-15 09:00:00,616.14000000,616.22000000,612.74000000,614.23000000,5109.25300000,1781517599999,3140534.26333000,32948,1545.59300000,950061.73123000
1781517600000,2026-06-15 10:00:00,614.24000000,618.42000000,614.14000000,617.53000000,4761.34000000,1781521199999,2932402.54965000,29698,2397.02900000,1476722.33000000
1781521200000,2026-06-15 11:00:00,617.53000000,622.88000000,616.53000000,620.65000000,13777.46800000,1781524799999,8551164.53845000,63041,7485.62500000,4646242.47359000
1781524800000,2026-06-15 12:00:00,620.65000000,624.50000000,619.34000000,624.50000000,9418.08600000,1781528399999,5852052.60965000,46151,4215.15100000,2620312.15962000
1781528400000,2026-06-15 13:00:00,624.50000000,632.90000000,623.52000000,626.33000000,31812.21100000,1781531999999,19987131.13438000,121287,15199.30500000,9553524.30762000
1781532000000,2026-06-15 14:00:00,626.33000000,629.35000000,625.37000000,627.90000000,9348.55600000,1781535599999,5861166.69631000,54052,4427.81100000,2776147.64297000
1781535600000,2026-06-15 15:00:00,627.91000000,630.28000000,624.26000000,629.07000000,18979.72500000,1781539199999,11897785.97771000,87174,7220.18500000,4529970.18214000
1781539200000,2026-06-15 16:00:00,629.07000000,629.68000000,627.20000000,627.71000000,8772.50800000,1781542799999,5511908.64500000,49292,3233.86300000,2032091.84420000
1781542800000,2026-06-15 17:00:00,627.71000000,627.71000000,623.96000000,625.18000000,5777.82000000,1781546399999,3616232.51825000,43886,1671.56000000,1046033.74497000
1781546400000,2026-06-15 18:00:00,625.19000000,625.19000000,621.92000000,622.02000000,4376.44600000,1781549999999,2727464.71338000,40199,1528.09900000,952437.20307000
1781550000000,2026-06-15 19:00:00,622.01000000,624.18000000,618.69000000,620.91000000,6926.05400000,1781553599999,4302207.43088000,37799,2449.15600000,1521823.20016000
1781553600000,2026-06-15 20:00:00,620.91000000,621.77000000,619.33000000,619.68000000,3327.61600000,1781557199999,2065389.14307000,24435,1406.16800000,872974.30686000
1781557200000,2026-06-15 21:00:00,619.67000000,621.00000000,618.05000000,619.32000000,2669.50300000,1781560799999,1653390.37231000,18389,1038.03500000,642947.89377000
1781560800000,2026-06-15 22:00:00,619.32000000,620.25000000,615.66000000,615.67000000,4813.53600000,1781564399999,2970460.07909000,29240,2187.21800000,1349851.70233000
1781564400000,2026-06-15 23:00:00,615.67000000,618.00000000,615.30000000,617.87000000,3364.34700000,1781567999999,2074211.66303000,21615,1450.36700000,894008.43626000
1781568000000,2026-06-16 00:00:00,617.87000000,619.13000000,615.48000000,615.94000000,5167.77700000,1781571599999,3188550.37807000,29952,1598.47400000,986510.94286000
1781571600000,2026-06-16 01:00:00,615.94000000,618.00000000,615.54000000,615.80000000,3582.80400000,1781575199999,2210308.45795000,19494,1664.34900000,1026748.47511000
1781575200000,2026-06-16 02:00:00,615.79000000,615.92000000,611.10000000,612.44000000,8520.74000000,1781578799999,5223501.15158000,37506,3170.36400000,1943430.03746000
1781578800000,2026-06-16 03:00:00,612.44000000,615.36000000,611.80000000,615.06000000,4869.39700000,1781582399999,2985742.66685000,24058,2113.91300000,1296697.38926000
1781582400000,2026-06-16 04:00:00,615.07000000,615.88000000,611.80000000,612.90000000,7012.98900000,1781585999999,4298505.22339000,22777,1445.54600000,886880.72949000
1781586000000,2026-06-16 05:00:00,612.91000000,615.08000000,612.90000000,613.65000000,4430.33400000,1781589599999,2720380.01901000,17379,2555.75000000,1569442.89193000
1781589600000,2026-06-16 06:00:00,613.66000000,616.50000000,613.66000000,615.38000000,5816.95200000,1781593199999,3579314.71677000,18265,3467.28300000,2133478.77603000
1781593200000,2026-06-16 07:00:00,615.38000000,619.21000000,615.31000000,615.77000000,17125.61600000,1781596799999,10567076.91248000,34951,7687.46100000,4744065.28409000
1781596800000,2026-06-16 08:00:00,615.77000000,619.50000000,615.48000000,619.06000000,8839.63200000,1781600399999,5453584.76122000,42921,3413.89800000,2106401.54025000
1781600400000,2026-06-16 09:00:00,619.06000000,619.32000000,614.70000000,615.15000000,7144.44100000,1781603999999,4406976.93562000,44324,2804.18100000,1729875.13251000
1781604000000,2026-06-16 10:00:00,615.16000000,616.32000000,613.60000000,613.87000000,6862.06600000,1781607599999,4218381.59600000,38572,2360.05200000,1451013.15712000
1781607600000,2026-06-16 11:00:00,613.87000000,614.83000000,613.30000000,614.28000000,6789.64000000,1781611199999,4168807.00791000,32102,1812.88700000,1113182.95013000
1781611200000,2026-06-16 12:00:00,614.29000000,617.94000000,613.36000000,614.54000000,9250.02200000,1781614799999,5690714.15512000,53870,2958.02200000,1821090.27393000
1781614800000,2026-06-16 13:00:00,614.54000000,614.59000000,601.33000000,606.35000000,42955.52400000,1781618399999,26130746.45265000,133587,12668.31200000,7690408.15828000
1781618400000,2026-06-16 14:00:00,606.36000000,608.15000000,602.30000000,605.72000000,16884.50100000,1781621999999,10216852.96970000,82410,5664.79700000,3428690.38839000
1781622000000,2026-06-16 15:00:00,605.72000000,607.93000000,604.98000000,606.47000000,4985.29300000,1781625599999,3022924.26187000,48295,2084.32800000,1264020.26153000
1781625600000,2026-06-16 16:00:00,606.48000000,608.00000000,604.05000000,604.26000000,6569.83600000,1781629199999,3980000.64106000,42922,2168.97000000,1314167.63465000
1781629200000,2026-06-16 17:00:00,604.27000000,608.74000000,604.01000000,607.94000000,4493.53400000,1781632799999,2720807.80090000,33932,1836.42400000,1112514.45539000
1781632800000,2026-06-16 18:00:00,607.94000000,610.76000000,607.17000000,607.98000000,3245.05100000,1781636399999,1974824.97132000,27933,1574.96100000,958811.13796000
1781636400000,2026-06-16 19:00:00,607.97000000,608.12000000,605.97000000,607.05000000,4171.37200000,1781639999999,2532216.55395000,30457,1297.83700000,787767.81558000
1781640000000,2026-06-16 20:00:00,607.06000000,608.93000000,606.42000000,608.32000000,2520.58100000,1781643599999,1532194.74192000,19008,1028.16000000,625032.18750000
1781643600000,2026-06-16 21:00:00,608.32000000,608.55000000,606.04000000,607.28000000,2741.62300000,1781647199999,1664942.18018000,21568,870.38600000,528585.05780000
1781647200000,2026-06-16 22:00:00,607.29000000,608.00000000,605.28000000,606.15000000,3687.97000000,1781650799999,2236910.92715000,28814,1317.14000000,799149.90174000
1781650800000,2026-06-16 23:00:00,606.16000000,607.18000000,604.56000000,604.94000000,4521.72200000,1781654399999,2737940.09351000,25214,1589.58600000,962778.89631000
1781654400000,2026-06-17 00:00:00,604.94000000,606.54000000,604.73000000,605.09000000,4049.60100000,1781657999999,2452290.70644000,30514,1613.10500000,976613.23784000
1781658000000,2026-06-17 01:00:00,605.09000000,607.79000000,603.10000000,607.49000000,3899.28800000,1781661599999,2359565.18829000,31080,1438.65100000,870743.40208000
1781661600000,2026-06-17 02:00:00,607.50000000,608.40000000,604.19000000,605.23000000,4782.99600000,1781665199999,2900753.47385000,30321,2086.84000000,1265970.37359000
1781665200000,2026-06-17 03:00:00,605.23000000,605.71000000,604.00000000,604.77000000,3668.92800000,1781668799999,2218593.16975000,27340,918.49100000,555396.55072000
1781668800000,2026-06-17 04:00:00,604.78000000,609.40000000,604.30000000,607.59000000,6417.09800000,1781672399999,3896484.90599000,37892,3843.54600000,2334209.08559000
1781672400000,2026-06-17 05:00:00,607.59000000,609.70000000,606.52000000,607.89000000,4542.54300000,1781675999999,2762741.25618000,28963,2219.09400000,1349897.28810000
1781676000000,2026-06-17 06:00:00,607.89000000,608.31000000,605.55000000,607.15000000,4696.29000000,1781679599999,2850800.42732000,29214,1881.89100000,1142423.63826000
1781679600000,2026-06-17 07:00:00,607.15000000,607.95000000,605.02000000,606.62000000,6216.17700000,1781683199999,3769851.67673000,29960,3027.29300000,1836075.84628000
1781683200000,2026-06-17 08:00:00,606.63000000,606.69000000,601.42000000,602.43000000,7990.25100000,1781686799999,4821953.05926000,36820,2796.54600000,1686670.48053000
1781686800000,2026-06-17 09:00:00,602.42000000,603.21000000,600.90000000,601.38000000,5415.07900000,1781690399999,3260816.33112000,30117,2228.67900000,1342170.08204000
1781690400000,2026-06-17 10:00:00,601.38000000,603.14000000,600.99000000,602.05000000,3438.14200000,1781693999999,2070138.12795000,22132,1472.75600000,886795.22486000
1781694000000,2026-06-17 11:00:00,602.05000000,604.86000000,600.90000000,604.07000000,5455.24000000,1781697599999,3292221.18011000,28291,2906.21200000,1753724.92101000
1781697600000,2026-06-17 12:00:00,604.07000000,609.60000000,603.74000000,609.47000000,11013.02100000,1781701199999,6685885.03352000,55552,7075.26100000,4296384.26355000
1781701200000,2026-06-17 13:00:00,609.48000000,612.50000000,608.50000000,608.59000000,15477.51200000,1781704799999,9445467.90092000,73049,7358.89000000,4491147.53093000
1781704800000,2026-06-17 14:00:00,608.59000000,608.59000000,601.01000000,601.60000000,26451.60400000,1781708399999,15999819.29268000,87294,10968.04400000,6626682.99590000
1781708400000,2026-06-17 15:00:00,601.61000000,606.27000000,601.61000000,605.55000000,5073.33800000,1781711999999,3063147.87363000,37447,2592.31100000,1565347.71702000
1781712000000,2026-06-17 16:00:00,605.56000000,609.40000000,602.35000000,605.69000000,9183.96100000,1781715599999,5565098.91422000,44230,4776.85200000,2895736.28948000
1781715600000,2026-06-17 17:00:00,605.69000000,609.19000000,605.05000000,608.66000000,3745.51000000,1781719199999,2272492.31017000,27069,2066.57800000,1253886.45324000
1781719200000,2026-06-17 18:00:00,608.67000000,609.75000000,600.39000000,607.76000000,10384.79700000,1781722799999,6287764.81605000,52119,4920.02500000,2980295.18010000
1781722800000,2026-06-17 19:00:00,607.77000000,609.39000000,597.03000000,598.62000000,13434.64200000,1781726399999,8070189.86941000,52015,6022.81900000,3615225.34943000
1781726400000,2026-06-17 20:00:00,598.60000000,601.02000000,597.60000000,600.86000000,5686.18000000,1781729999999,3405142.78267000,17598,3492.12600000,2091474.51624000
1781730000000,2026-06-17 21:00:00,600.86000000,602.00000000,599.09000000,599.45000000,2215.81100000,1781733599999,1331198.91274000,13057,1030.65800000,619283.95840000
1781733600000,2026-06-17 22:00:00,599.45000000,601.11000000,595.11000000,599.52000000,4324.50300000,1781737199999,2588499.67358000,21422,1662.50500000,995301.87263000
1781737200000,2026-06-17 23:00:00,599.52000000,602.29000000,599.48000000,601.63000000,1821.67700000,1781740799999,1095005.79453000,12056,1100.15100000,661342.73077000
1781740800000,2026-06-18 00:00:00,601.63000000,603.35000000,601.36000000,602.32000000,3485.87600000,1781744399999,2100646.84018000,26220,2132.41900000,1285064.49431000
1781744400000,2026-06-18 01:00:00,602.33000000,604.31000000,600.66000000,601.72000000,2384.51900000,1781747999999,1436607.57386000,20402,1186.85100000,715418.57214000
1781748000000,2026-06-18 02:00:00,601.73000000,603.47000000,600.74000000,601.80000000,4652.61800000,1781751599999,2801005.95632000,23452,1506.55000000,907105.02973000
1781751600000,2026-06-18 03:00:00,601.81000000,602.02000000,596.25000000,596.60000000,7121.60800000,1781755199999,4260840.34498000,35668,2342.07200000,1400733.69038000
1781755200000,2026-06-18 04:00:00,596.60000000,597.04000000,590.75000000,591.23000000,10544.33900000,1781758799999,6251951.31300000,56095,3723.78800000,2206054.71096000
1781758800000,2026-06-18 05:00:00,591.24000000,591.35000000,587.50000000,589.58000000,11594.66700000,1781762399999,6829009.57381000,56644,4446.40100000,2618516.55173000
1781762400000,2026-06-18 06:00:00,589.58000000,590.51000000,587.38000000,589.37000000,7059.72400000,1781765999999,4156097.49950000,40836,2954.82600000,1739545.52920000
1781766000000,2026-06-18 07:00:00,589.38000000,590.77000000,587.97000000,589.57000000,7251.35600000,1781769599999,4275446.66932000,40668,2698.51800000,1591160.73653000
1781769600000,2026-06-18 08:00:00,589.56000000,592.80000000,589.13000000,591.59000000,4427.17000000,1781773199999,2617352.24524000,27672,2535.33600000,1498830.35254000
1781773200000,2026-06-18 09:00:00,591.58000000,592.71000000,590.28000000,590.66000000,2307.89300000,1781776799999,1364997.14104000,13948,1227.24300000,725893.40219000
1781776800000,2026-06-18 10:00:00,590.67000000,591.20000000,588.84000000,590.36000000,3579.29200000,1781780399999,2110074.45262000,18610,1904.91100000,1122865.88656000
1781780400000,2026-06-18 11:00:00,590.36000000,591.12000000,588.49000000,589.64000000,2770.87000000,1781783999999,1633907.03316000,18146,1309.33400000,772110.22072000
1781784000000,2026-06-18 12:00:00,589.64000000,591.96000000,589.02000000,591.51000000,6095.47300000,1781787599999,3600076.47458000,26105,3693.09000000,2181158.92172000
1781787600000,2026-06-18 13:00:00,591.52000000,592.50000000,587.67000000,589.55000000,5272.91300000,1781791199999,3111646.85346000,34853,1697.72400000,1001982.43458000
1781791200000,2026-06-18 14:00:00,589.56000000,592.40000000,588.10000000,589.55000000,3811.95700000,1781794799999,2248697.67478000,32008,1901.43500000,1121914.83248000
1781794800000,2026-06-18 15:00:00,589.54000000,589.54000000,573.00000000,573.74000000,28972.47300000,1781798399999,16805166.85513000,86306,11217.51700000,6505365.38751000
1781798400000,2026-06-18 16:00:00,573.75000000,579.83000000,573.48000000,577.66000000,12013.71500000,1781801999999,6931021.65179000,56031,6178.20400000,3564791.94693000
1781802000000,2026-06-18 17:00:00,577.67000000,578.29000000,574.50000000,576.07000000,5597.30700000,1781805599999,3225897.95556000,32602,2555.87800000,1473003.74520000
1781805600000,2026-06-18 18:00:00,576.08000000,577.87000000,575.00000000,576.19000000,6065.07700000,1781809199999,3495220.51984000,24799,3446.39000000,1986031.19415000
1781809200000,2026-06-18 19:00:00,576.19000000,579.37000000,575.62000000,578.88000000,3761.01100000,1781812799999,2170781.81480000,14414,1927.08200000,1112103.23019000
1781812800000,2026-06-18 20:00:00,578.88000000,581.12000000,578.88000000,579.88000000,3152.19200000,1781816399999,1828503.32442000,17669,1775.47500000,1029996.19662000
1781816400000,2026-06-18 21:00:00,579.89000000,580.08000000,578.07000000,579.57000000,3137.54000000,1781819999999,1817823.08609000,15898,1240.01300000,718546.46585000
1781820000000,2026-06-18 22:00:00,579.57000000,580.64000000,577.45000000,578.23000000,4260.99900000,1781823599999,2467005.74714000,18446,2043.36600000,1183151.43222000
1781823600000,2026-06-18 23:00:00,578.22000000,578.89000000,576.94000000,578.48000000,2248.22300000,1781827199999,1299452.68652000,9097,1373.01800000,793682.45574000
1781827200000,2026-06-19 00:00:00,578.48000000,579.89000000,577.62000000,579.38000000,2661.67200000,1781830799999,1540872.06730000,16380,1684.67600000,975292.61128000
1781830800000,2026-06-19 01:00:00,579.39000000,582.52000000,579.39000000,581.95000000,2999.77500000,1781834399999,1743830.28208000,19674,2052.44200000,1193140.51404000
1781834400000,2026-06-19 02:00:00,581.96000000,582.84000000,580.56000000,582.49000000,2646.89600000,1781837999999,1539546.60040000,17661,1548.72500000,900864.99508000
1781838000000,2026-06-19 03:00:00,582.50000000,583.29000000,575.90000000,578.19000000,6380.17800000,1781841599999,3690448.90458000,31849,2913.96500000,1685256.53741000
1781841600000,2026-06-19 04:00:00,578.19000000,578.89000000,570.82000000,572.61000000,8363.38100000,1781845199999,4798318.33015000,39191,3328.12100000,1910262.68894000
1781845200000,2026-06-19 05:00:00,572.61000000,576.11000000,572.47000000,575.87000000,2280.63300000,1781848799999,1310684.35868000,20148,1302.81800000,748707.42230000
1781848800000,2026-06-19 06:00:00,575.87000000,577.16000000,573.49000000,574.50000000,5113.42900000,1781852399999,2940912.06083000,27201,1461.65500000,840824.25847000
1781852400000,2026-06-19 07:00:00,574.51000000,575.59000000,572.82000000,574.97000000,5594.45200000,1781855999999,3212319.58306000,28370,2646.01600000,1519229.55594000
1781856000000,2026-06-19 08:00:00,574.97000000,575.28000000,573.26000000,574.17000000,4771.96100000,1781859599999,2740021.90716000,27427,1542.89600000,885889.83800000
1781859600000,2026-06-19 09:00:00,574.17000000,574.46000000,571.07000000,571.44000000,5475.48200000,1781863199999,3133241.53461000,31181,2037.22500000,1165697.24261000
1781863200000,2026-06-19 10:00:00,571.44000000,573.42000000,571.00000000,573.04000000,4164.73200000,1781866799999,2382339.38352000,25524,1817.92400000,1040017.30172000
1781866800000,2026-06-19 11:00:00,573.04000000,573.86000000,571.81000000,573.28000000,2797.88000000,1781870399999,1603076.13058000,20318,1098.28300000,629266.93022000
1781870400000,2026-06-19 12:00:00,573.29000000,576.17000000,572.12000000,575.55000000,4986.35300000,1781873999999,2862894.75170000,32059,1950.32800000,1119703.76788000
1781874000000,2026-06-19 13:00:00,575.56000000,578.50000000,573.22000000,577.73000000,7096.90200000,1781877599999,4084828.98279000,34671,3068.42900000,1767002.31256000
1781877600000,2026-06-19 14:00:00,577.73000000,579.24000000,576.47000000,577.61000000,4494.79300000,1781881199999,2597223.21324000,26028,2178.99500000,1259495.00300000
1781881200000,2026-06-19 15:00:00,577.60000000,579.73000000,576.47000000,578.77000000,4777.95500000,1781884799999,2762953.70185000,20821,3204.82800000,1852859.60115000
1781884800000,2026-06-19 16:00:00,578.77000000,580.70000000,577.20000000,577.46000000,3956.17700000,1781888399999,2291360.02586000,18955,1863.44900000,1079609.46599000
1781888400000,2026-06-19 17:00:00,577.47000000,580.26000000,577.20000000,579.92000000,2277.95900000,1781891999999,1318140.75359000,18617,1199.15700000,693974.65625000
1781892000000,2026-06-19 18:00:00,579.93000000,580.16000000,578.26000000,579.25000000,1000.85100000,1781895599999,579658.33693000,18555,449.53500000,260365.49024000
1781895600000,2026-06-19 19:00:00,579.25000000,582.00000000,577.87000000,579.93000000,2394.81300000,1781899199999,1388263.43667000,19340,1306.64300000,757588.43958000
1781899200000,2026-06-19 20:00:00,579.94000000,581.86000000,578.97000000,581.70000000,3396.25400000,1781902799999,1969926.67956000,14232,1951.84000000,1132031.09993000
1781902800000,2026-06-19 21:00:00,581.70000000,582.47000000,579.86000000,580.14000000,1761.25900000,1781906399999,1023458.47532000,10115,929.07100000,539873.28316000
1781906400000,2026-06-19 22:00:00,580.13000000,581.50000000,579.83000000,580.57000000,1968.42700000,1781909999999,1143186.41307000,5541,1493.27200000,867315.43221000
1781910000000,2026-06-19 23:00:00,580.57000000,582.40000000,580.08000000,581.42000000,2980.97700000,1781913599999,1731981.33470000,8267,2295.14100000,1333515.31303000
1781913600000,2026-06-20 00:00:00,581.41000000,582.75000000,580.70000000,580.91000000,5547.49300000,1781917199999,3227094.24358000,24374,3633.05200000,2113485.30613000
1781917200000,2026-06-20 01:00:00,580.91000000,581.77000000,580.42000000,581.25000000,4133.62000000,1781920799999,2402487.43996000,20132,2780.65500000,1616179.80797000
1781920800000,2026-06-20 02:00:00,581.25000000,581.48000000,580.13000000,580.18000000,2973.67100000,1781924399999,1726742.92021000,10958,1559.66200000,905640.39457000
1781924400000,2026-06-20 03:00:00,580.19000000,581.10000000,580.12000000,580.60000000,2670.22000000,1781927999999,1550376.64617000,7788,2065.31700000,1199174.65017000
1781928000000,2026-06-20 04:00:00,580.60000000,581.20000000,580.24000000,581.00000000,5001.39100000,1781931599999,2904566.37334000,16363,3308.72600000,1921582.69985000
1781931600000,2026-06-20 05:00:00,581.00000000,584.20000000,580.87000000,582.83000000,10503.43700000,1781935199999,6120916.97650000,30953,7182.27300000,4185223.05845000
1781935200000,2026-06-20 06:00:00,582.83000000,588.50000000,582.83000000,587.25000000,5281.29200000,1781938799999,3097040.98179000,23690,3365.40200000,1973210.62850000
1781938800000,2026-06-20 07:00:00,587.25000000,589.43000000,585.27000000,587.69000000,3879.36800000,1781942399999,2279164.79512000,22045,2122.35300000,1247014.50475000
1781942400000,2026-06-20 08:00:00,587.70000000,587.87000000,585.38000000,585.67000000,4614.45400000,1781945999999,2704815.59026000,15771,2565.10100000,1503527.95510000
1781946000000,2026-06-20 09:00:00,585.68000000,588.30000000,585.61000000,587.81000000,4007.03100000,1781949599999,2352490.56440000,17379,2623.32100000,1540263.75584000
1781949600000,2026-06-20 10:00:00,587.81000000,587.92000000,585.68000000,586.98000000,2658.45500000,1781953199999,1559631.43700000,13416,1402.75300000,822852.27403000
1781953200000,2026-06-20 11:00:00,586.98000000,587.76000000,586.15000000,586.38000000,2964.67000000,1781956799999,1739959.38924000,15090,1597.71800000,937699.09111000
1781956800000,2026-06-20 12:00:00,586.37000000,587.15000000,585.71000000,586.42000000,1931.26900000,1781960399999,1132503.70740000,14405,1081.88300000,634438.02250000
1781960400000,2026-06-20 13:00:00,586.42000000,586.77000000,583.13000000,584.73000000,4301.90400000,1781963999999,2514794.62800000,20530,2213.23900000,1293386.07980000
1781964000000,2026-06-20 14:00:00,584.73000000,588.27000000,582.00000000,586.04000000,6330.07200000,1781967599999,3700740.95300000,35297,3239.10300000,1894888.38287000
1781967600000,2026-06-20 15:00:00,586.04000000,589.00000000,585.09000000,587.20000000,5669.86100000,1781971199999,3327688.19780000,29594,3584.69200000,2103835.62471000
1781971200000,2026-06-20 16:00:00,587.21000000,587.40000000,585.47000000,586.80000000,2356.79800000,1781974799999,1382338.03017000,15884,1016.00700000,595819.07117000
1781974800000,2026-06-20 17:00:00,586.80000000,586.80000000,584.00000000,585.34000000,1648.48600000,1781978399999,964953.49347000,13993,690.48500000,404243.72091000
1781978400000,2026-06-20 18:00:00,585.34000000,587.04000000,585.30000000,585.37000000,1152.55700000,1781981999999,675441.88778000,8280,538.37300000,315526.00569000
1781982000000,2026-06-20 19:00:00,585.37000000,586.53000000,585.30000000,585.92000000,1086.00400000,1781985599999,636383.69247000,9356,617.14800000,361622.36735000
1781985600000,2026-06-20 20:00:00,585.92000000,586.55000000,585.00000000,586.39000000,1092.27000000,1781989199999,639734.53941000,7973,434.81200000,254663.61724000
1781989200000,2026-06-20 21:00:00,586.40000000,587.37000000,585.64000000,586.46000000,1027.67300000,1781992799999,602475.50973000,9772,645.91400000,378690.60712000
1781992800000,2026-06-20 22:00:00,586.46000000,588.50000000,585.99000000,587.91000000,2124.50300000,1781996399999,1248249.93862000,14858,1252.04800000,735637.29140000
1781996400000,2026-06-20 23:00:00,587.91000000,588.50000000,587.38000000,588.03000000,1583.67100000,1781999999999,931263.41054000,8365,750.76200000,441465.73947000
1782000000000,2026-06-21 00:00:00,588.03000000,588.65000000,587.32000000,587.49000000,2336.63900000,1782003599999,1373768.78550000,21607,1383.55000000,813430.05209000
1782003600000,2026-06-21 01:00:00,587.48000000,590.22000000,587.00000000,589.44000000,2145.18200000,1782007199999,1263303.36637000,15143,1297.41000000,764262.75234000
1782007200000,2026-06-21 02:00:00,589.44000000,589.70000000,588.41000000,589.52000000,1499.51200000,1782010799999,883407.87099000,10113,708.08800000,417135.51044000
1782010800000,2026-06-21 03:00:00,589.53000000,591.00000000,589.02000000,590.36000000,4386.66000000,1782014399999,2587844.16419000,20105,2824.19500000,1666050.65653000
1782014400000,2026-06-21 04:00:00,590.37000000,590.86000000,589.10000000,589.24000000,3040.47900000,1782017999999,1793954.50913000,14782,1199.53000000,707921.68905000
1782018000000,2026-06-21 05:00:00,589.24000000,590.63000000,588.81000000,589.76000000,1478.67700000,1782021599999,871794.12135000,10126,647.19000000,381602.73332000
1782021600000,2026-06-21 06:00:00,589.76000000,591.65000000,589.07000000,590.27000000,3073.47300000,1782025199999,1814658.35717000,13225,1449.90800000,856112.50786000
1782025200000,2026-06-21 07:00:00,590.28000000,591.83000000,589.58000000,590.94000000,1834.52100000,1782028799999,1083515.42405000,12545,992.90500000,586475.35208000
1782028800000,2026-06-21 08:00:00,590.94000000,591.01000000,587.51000000,588.88000000,3718.67500000,1782032399999,2189950.56989000,17942,1701.66100000,1001838.83695000
1782032400000,2026-06-21 09:00:00,588.89000000,590.44000000,588.19000000,589.97000000,2337.99200000,1782035999999,1377796.78460000,16734,1078.94300000,635557.34490000
1782036000000,2026-06-21 10:00:00,589.97000000,591.78000000,589.76000000,590.21000000,2133.01700000,1782039599999,1259270.66709000,17158,1132.40000000,668582.38563000
1782039600000,2026-06-21 11:00:00,590.22000000,590.79000000,588.00000000,588.45000000,2413.04600000,1782043199999,1421389.64879000,21399,1138.15100000,670408.72840000
1782043200000,2026-06-21 12:00:00,588.44000000,588.56000000,585.15000000,587.08000000,8919.25900000,1782046799999,5232266.68526000,32087,5029.44100000,2950404.54187000
1782046800000,2026-06-21 13:00:00,587.09000000,589.16000000,586.77000000,588.42000000,2358.93500000,1782050399999,1386692.22142000,13158,1340.53400000,787872.39945000
1782050400000,2026-06-21 14:00:00,588.43000000,589.83000000,587.84000000,589.82000000,1923.12300000,1782053999999,1132399.76562000,12036,971.01700000,571737.21360000
1782054000000,2026-06-21 15:00:00,589.82000000,590.50000000,589.32000000,589.88000000,1969.77000000,1782057599999,1161939.60606000,13100,1039.69100000,613317.32837000
1782057600000,2026-06-21 16:00:00,589.88000000,590.39000000,588.58000000,589.80000000,1650.26700000,1782061199999,972949.36710000,16067,874.65300000,515715.38835000
1782061200000,2026-06-21 17:00:00,589.80000000,591.44000000,589.74000000,590.86000000,1976.19600000,1782064799999,1167371.51076000,14112,963.91100000,569360.01737000
1782064800000,2026-06-21 18:00:00,590.85000000,591.78000000,589.14000000,591.68000000,1700.30900000,1782068399999,1004267.53688000,13549,841.18700000,496885.91901000
1782068400000,2026-06-21 19:00:00,591.68000000,592.56000000,591.33000000,591.85000000,1556.07500000,1782071999999,921282.68790000,9022,1083.24200000,641436.69419000
1782072000000,2026-06-21 20:00:00,591.85000000,591.89000000,587.40000000,588.46000000,1672.69300000,1782075599999,986038.10857000,12540,559.64200000,330087.41863000
1782075600000,2026-06-21 21:00:00,588.48000000,588.66000000,585.14000000,587.68000000,2494.85400000,1782079199999,1463917.42321000,19906,1125.16600000,660323.00395000
1782079200000,2026-06-21 22:00:00,587.67000000,588.90000000,585.58000000,587.49000000,3004.92900000,1782082799999,1764550.80870000,20895,1561.00300000,916549.39582000
1782082800000,2026-06-21 23:00:00,587.50000000,587.50000000,583.60000000,584.23000000,3736.96900000,1782086399999,2187297.23631000,27405,1547.73300000,905750.66274000
1782086400000,2026-06-22 00:00:00,584.23000000,589.43000000,584.07000000,587.88000000,3019.69500000,1782089999999,1771861.78121000,36477,1911.31700000,1121308.46673000
1782090000000,2026-06-22 01:00:00,587.88000000,596.31000000,587.11000000,594.51000000,10651.33500000,1782093599999,6318540.09565000,54122,7405.93100000,4394642.90088000
1782093600000,2026-06-22 02:00:00,594.52000000,594.72000000,591.32000000,591.33000000,5398.40200000,1782097199999,3202942.17743000,22259,2815.88100000,1670774.21578000
1782097200000,2026-06-22 03:00:00,591.32000000,592.70000000,589.07000000,590.05000000,3536.43600000,1782100799999,2089772.67940000,21153,1620.01600000,957372.56955000
1782100800000,2026-06-22 04:00:00,590.05000000,590.67000000,589.31000000,590.57000000,3441.16400000,1782104399999,2030502.57722000,20854,1728.06900000,1019727.53485000
1782104400000,2026-06-22 05:00:00,590.56000000,592.99000000,590.11000000,592.99000000,2003.41500000,1782107999999,1184858.49960000,16472,1093.40300000,646670.64867000
1782108000000,2026-06-22 06:00:00,593.00000000,594.12000000,590.46000000,590.82000000,3656.23500000,1782111599999,2164968.75462000,22641,1554.35900000,920323.99723000
1782111600000,2026-06-22 07:00:00,590.83000000,595.03000000,590.59000000,593.96000000,5770.68300000,1782115199999,3426364.90179000,28245,2784.00000000,1652769.63492000
1782115200000,2026-06-22 08:00:00,593.97000000,594.90000000,592.41000000,593.18000000,2854.06300000,1782118799999,1694560.01289000,21039,1476.88900000,876835.28734000
1782118800000,2026-06-22 09:00:00,593.18000000,593.66000000,592.38000000,593.12000000,2822.64300000,1782122399999,1673949.45547000,17365,1232.12800000,730667.17148000
1782122400000,2026-06-22 10:00:00,593.11000000,593.33000000,591.23000000,592.07000000,2510.36900000,1782125999999,1486897.21510000,16542,1018.73900000,603375.10469000
1782126000000,2026-06-22 11:00:00,592.07000000,598.00000000,591.88000000,597.17000000,6219.05900000,1782129599999,3703921.25098000,30049,4065.91500000,2421024.87778000
1782129600000,2026-06-22 12:00:00,597.17000000,601.00000000,597.17000000,600.63000000,7927.90100000,1782133199999,4751205.90277000,35829,4644.77900000,2784166.03925000
1782133200000,2026-06-22 13:00:00,600.64000000,602.31000000,599.21000000,602.10000000,6136.85500000,1782136799999,3686499.09997000,40132,2737.57800000,1644469.66357000
1782136800000,2026-06-22 14:00:00,602.11000000,602.30000000,596.12000000,597.96000000,11432.05500000,1782140399999,6839114.63515000,51103,4142.75200000,2476632.73167000
1782140400000,2026-06-22 15:00:00,597.95000000,599.38000000,595.50000000,596.25000000,4992.02400000,1782143999999,2984636.12965000,34379,2000.05700000,1195905.65810000
1782144000000,2026-06-22 16:00:00,596.25000000,596.43000000,592.58000000,594.79000000,4302.81800000,1782147599999,2557828.65327000,31609,1816.05000000,1079516.59115000
1782147600000,2026-06-22 17:00:00,594.79000000,595.73000000,593.01000000,595.44000000,2515.29000000,1782151199999,1495875.65568000,15353,1253.12600000,745116.12035000
1782151200000,2026-06-22 18:00:00,595.44000000,597.00000000,593.17000000,593.35000000,2442.62200000,1782154799999,1455072.04988000,14441,1068.27700000,636233.73732000
1782154800000,2026-06-22 19:00:00,593.34000000,593.96000000,590.23000000,592.29000000,4947.44500000,1782158399999,2927427.84312000,25840,2496.67600000,1477089.91718000
1782158400000,2026-06-22 20:00:00,592.29000000,593.15000000,589.92000000,591.56000000,2918.29500000,1782161999999,1726570.66870000,13303,1360.42200000,805105.57659000
1782162000000,2026-06-22 21:00:00,591.56000000,592.07000000,589.17000000,591.17000000,1354.20100000,1782165599999,799975.88303000,10357,476.91600000,281809.60420000
1782165600000,2026-06-22 22:00:00,591.16000000,591.94000000,587.88000000,589.97000000,2716.24600000,1782169199999,1600504.01524000,15549,1377.08800000,811386.18048000
1782169200000,2026-06-22 23:00:00,589.97000000,591.19000000,589.00000000,590.15000000,1862.37900000,1782172799999,1099151.40478000,9438,809.43900000,477757.09578000
1782172800000,2026-06-23 00:00:00,590.14000000,591.77000000,588.80000000,591.40000000,3291.91300000,1782176399999,1943262.23043000,17580,1608.12000000,949299.74300000
1782176400000,2026-06-23 01:00:00,591.40000000,592.27000000,588.03000000,590.38000000,2804.63900000,1782179999999,1655894.14107000,22783,1246.45600000,735736.48309000
1782180000000,2026-06-23 02:00:00,590.38000000,592.83000000,589.85000000,592.62000000,2578.66600000,1782183599999,1525347.45952000,22049,1234.23100000,730300.99868000
1782183600000,2026-06-23 03:00:00,592.63000000,592.67000000,589.76000000,591.96000000,2973.22400000,1782187199999,1759017.06136000,20455,1425.58300000,843342.18870000
1782187200000,2026-06-23 04:00:00,591.97000000,592.31000000,587.10000000,587.21000000,2560.55600000,1782190799999,1509334.69059000,23766,1137.36000000,670601.47377000
1782190800000,2026-06-23 05:00:00,587.21000000,588.03000000,585.00000000,585.60000000,3695.87200000,1782194399999,2166715.15773000,31310,1505.08300000,882605.00208000
1782194400000,2026-06-23 06:00:00,585.61000000,585.97000000,577.46000000,581.14000000,10166.26200000,1782197999999,5905304.55869000,59008,4310.12300000,2503044.98981000
1782198000000,2026-06-23 07:00:00,581.14000000,582.66000000,580.74000000,580.88000000,3828.88400000,1782201599999,2227367.31799000,28473,1824.36800000,1061373.77943000
1782201600000,2026-06-23 08:00:00,580.87000000,581.43000000,570.57000000,574.08000000,14856.34400000,1782205199999,8550627.12962000,82883,6928.73400000,3988757.67167000
1782205200000,2026-06-23 09:00:00,574.08000000,574.83000000,571.51000000,571.92000000,9033.77900000,1782208799999,5173417.98339000,49104,3480.64100000,1993324.97829000
1782208800000,2026-06-23 10:00:00,571.92000000,573.61000000,570.86000000,572.11000000,7952.01500000,1782212399999,4548718.43140000,45682,3096.52400000,1771199.54551000
1782212400000,2026-06-23 11:00:00,572.11000000,574.68000000,571.71000000,574.07000000,7108.93600000,1782215999999,4077574.80084000,33663,2798.18100000,1604214.33323000
1782216000000,2026-06-23 12:00:00,574.07000000,575.60000000,573.00000000,573.76000000,5043.46200000,1782219599999,2896628.99993000,27850,2569.48900000,1475702.53128000
1782219600000,2026-06-23 13:00:00,573.75000000,575.46000000,571.21000000,575.28000000,6484.26500000,1782223199999,3716762.18374000,48930,3000.77300000,1720283.40159000
1782223200000,2026-06-23 14:00:00,575.27000000,577.02000000,573.21000000,573.84000000,4879.01700000,1782226799999,2806529.75951000,39037,2573.36200000,1480726.60840000
1782226800000,2026-06-23 15:00:00,573.84000000,574.96000000,572.07000000,574.67000000,3133.82800000,1782230399999,1797035.90422000,30559,1699.77200000,974774.16217000
1782230400000,2026-06-23 16:00:00,574.67000000,577.25000000,574.12000000,574.72000000,2958.17000000,1782233999999,1702795.48608000,27392,1788.74400000,1029983.75235000
1782234000000,2026-06-23 17:00:00,574.71000000,575.92000000,573.48000000,574.08000000,2498.20100000,1782237599999,1435227.65583000,19369,1475.21200000,847535.83991000
1782237600000,2026-06-23 18:00:00,574.07000000,575.19000000,572.70000000,573.82000000,1908.63300000,1782241199999,1095462.33007000,19599,945.36500000,542582.04144000
1782241200000,2026-06-23 19:00:00,573.81000000,576.81000000,573.78000000,576.20000000,4047.80500000,1782244799999,2327929.90537000,14770,2402.78300000,1381557.25930000
1782244800000,2026-06-23 20:00:00,576.20000000,577.11000000,575.51000000,576.25000000,1485.50400000,1782248399999,856260.22832000,9357,606.02400000,349381.36620000
1782248400000,2026-06-23 21:00:00,576.25000000,577.83000000,576.09000000,577.00000000,2129.48100000,1782251999999,1228951.76166000,15855,1193.15900000,688679.72304000
1782252000000,2026-06-23 22:00:00,577.01000000,578.40000000,576.48000000,577.99000000,1742.95300000,1782255599999,1006295.12092000,12014,1084.26100000,626004.10424000
1782255600000,2026-06-23 23:00:00,577.98000000,579.24000000,576.60000000,578.08000000,1692.47300000,1782259199999,977729.98030000,11257,727.08600000,420031.23331000
1782259200000,2026-06-24 00:00:00,578.09000000,581.11000000,577.95000000,579.82000000,2631.98100000,1782262799999,1526000.25865000,36031,1414.63200000,820085.68567000
1782262800000,2026-06-24 01:00:00,579.82000000,581.63000000,578.77000000,579.54000000,2489.81400000,1782266399999,1444413.77823000,33573,1253.64900000,727226.62893000
1782266400000,2026-06-24 02:00:00,579.54000000,579.75000000,577.33000000,577.49000000,1521.06600000,1782269999999,879642.69014000,17441,684.74700000,396013.06738000
1782270000000,2026-06-24 03:00:00,577.48000000,578.59000000,575.38000000,577.85000000,1952.54000000,1782273599999,1126076.74228000,20942,852.27800000,491656.11026000
1782273600000,2026-06-24 04:00:00,577.85000000,578.81000000,574.24000000,577.45000000,2238.54500000,1782277199999,1290597.27108000,21064,1082.39600000,624116.06495000
1782277200000,2026-06-24 05:00:00,577.46000000,581.40000000,577.24000000,579.93000000,1649.20100000,1782280799999,955885.73891000,12035,974.58600000,564820.33535000
1782280800000,2026-06-24 06:00:00,579.92000000,580.58000000,578.84000000,579.00000000,1356.04500000,1782284399999,785972.34260000,11935,670.17700000,388414.18633000
1782284400000,2026-06-24 07:00:00,579.00000000,579.17000000,576.30000000,576.92000000,3357.40500000,1782287999999,1939601.35923000,25872,1192.70100000,689049.90745000
1782288000000,2026-06-24 08:00:00,576.93000000,578.13000000,576.53000000,577.88000000,3287.13400000,1782291599999,1897363.65936000,28255,1316.80300000,760035.45433000
1782291600000,2026-06-24 09:00:00,577.89000000,577.89000000,576.07000000,577.01000000,2045.99000000,1782295199999,1180343.17171000,19323,1068.79600000,616554.39922000
1782295200000,2026-06-24 10:00:00,577.00000000,577.05000000,575.22000000,575.52000000,3447.24000000,1782298799999,1985704.09352000,19332,1503.85900000,866299.89693000
1782298800000,2026-06-24 11:00:00,575.53000000,582.21000000,573.84000000,579.79000000,5068.22200000,1782302399999,2925392.92494000,32390,2726.88400000,1574490.96097000
1782302400000,2026-06-24 12:00:00,579.79000000,580.33000000,576.54000000,576.75000000,4607.77300000,1782305999999,2667118.37265000,26007,2027.80900000,1173775.27944000
1782306000000,2026-06-24 13:00:00,576.75000000,576.97000000,568.29000000,570.11000000,15787.25800000,1782309599999,9016512.09257000,81411,6441.82500000,3678819.19883000
1782309600000,2026-06-24 14:00:00,570.14000000,571.76000000,567.59000000,570.45000000,9240.69300000,1782313199999,5265464.93816000,59032,4499.25500000,2564380.36377000
1782313200000,2026-06-24 15:00:00,570.46000000,570.46000000,561.02000000,561.41000000,13788.59400000,1782316799999,7793852.06438000,69696,5346.38500000,3022009.94700000
1782316800000,2026-06-24 16:00:00,561.40000000,563.79000000,552.00000000,554.75000000,24694.07400000,1782320399999,13769979.99331000,92985,7915.69900000,4414675.86881000
1782320400000,2026-06-24 17:00:00,554.74000000,557.15000000,546.60000000,549.04000000,26835.27800000,1782323999999,14802769.77457000,119453,10363.48400000,5722018.60063000
1782324000000,2026-06-24 18:00:00,549.05000000,556.00000000,548.14000000,553.59000000,8267.77900000,1782327599999,4571213.92271000,54539,4124.94900000,2280469.69957000
1782327600000,2026-06-24 19:00:00,553.60000000,555.61000000,552.25000000,555.57000000,3791.25300000,1782331199999,2100228.21974000,23463,2072.09000000,1147870.32175000
1782331200000,2026-06-24 20:00:00,555.57000000,564.61000000,554.67000000,563.20000000,10971.39600000,1782334799999,6159273.77862000,44735,6689.25800000,3755176.83006000
1782334800000,2026-06-24 21:00:00,563.22000000,564.24000000,559.94000000,564.21000000,3833.83500000,1782338399999,2155312.25803000,17372,1981.45100000,1113975.55278000
1782338400000,2026-06-24 22:00:00,564.21000000,566.26000000,562.92000000,563.35000000,4982.78600000,1782341999999,2812184.68760000,16001,1979.36200000,1116753.58351000
1782342000000,2026-06-24 23:00:00,563.35000000,565.00000000,562.73000000,564.67000000,3062.09600000,1782345599999,1727418.72801000,12998,1006.00300000,567559.16847000
1782345600000,2026-06-25 00:00:00,564.66000000,565.98000000,563.09000000,564.05000000,3609.00300000,1782349199999,2038094.85145000,47025,1701.70600000,960909.14434000
1782349200000,2026-06-25 01:00:00,564.05000000,566.76000000,563.48000000,566.21000000,2442.14100000,1782352799999,1380307.22927000,27799,1414.31500000,799557.29999000
1782352800000,2026-06-25 02:00:00,566.20000000,567.11000000,565.32000000,565.82000000,3485.97900000,1782356399999,1973901.70906000,26548,1878.54900000,1063667.29616000
1782356400000,2026-06-25 03:00:00,565.81000000,566.91000000,564.56000000,565.79000000,2178.24100000,1782359999999,1232384.34409000,22000,974.72900000,551502.14882000
1782360000000,2026-06-25 04:00:00,565.78000000,568.96000000,563.79000000,568.46000000,2922.78500000,1782363599999,1654720.01902000,18824,1738.71400000,984501.74373000
1782363600000,2026-06-25 05:00:00,568.46000000,571.18000000,567.98000000,570.19000000,9522.89400000,1782367199999,5427719.51369000,40778,6147.31500000,3503801.28905000
1782367200000,2026-06-25 06:00:00,570.19000000,572.72000000,570.18000000,571.30000000,4083.87800000,1782370799999,2333811.48185000,26499,1981.65200000,1132611.99987000
1782370800000,2026-06-25 07:00:00,571.31000000,572.06000000,569.88000000,570.47000000,3701.72400000,1782374399999,2112737.33615000,28804,1351.32000000,771302.75333000
1782374400000,2026-06-25 08:00:00,570.47000000,570.61000000,568.99000000,569.56000000,4649.17300000,1782377999999,2648658.46835000,19243,2180.22800000,1242149.33999000
1782378000000,2026-06-25 09:00:00,569.56000000,570.29000000,568.31000000,568.68000000,5185.72300000,1782381599999,2951470.09746000,23378,2605.52100000,1482856.40440000
1782381600000,2026-06-25 10:00:00,568.67000000,568.87000000,562.44000000,563.70000000,5714.04600000,1782385199999,3234157.30418000,31624,1920.67200000,1087779.86185000
1782385200000,2026-06-25 11:00:00,563.71000000,564.25000000,560.46000000,562.70000000,5992.07500000,1782388799999,3369020.49488000,33566,2408.94200000,1354866.64657000
1782388800000,2026-06-25 12:00:00,562.71000000,566.90000000,561.07000000,563.06000000,6658.66700000,1782392399999,3754169.62646000,40127,3755.51100000,2118227.63440000
1782392400000,2026-06-25 13:00:00,563.06000000,568.58000000,540.60000000,542.20000000,29723.13000000,1782395999999,16443833.82305000,141655,12533.39800000,6946189.75668000
1782396000000,2026-06-25 14:00:00,542.20000000,559.47000000,542.20000000,553.16000000,30936.51500000,1782399599999,17079254.70599000,146653,15276.19500000,8435875.47889000
1782399600000,2026-06-25 15:00:00,553.16000000,554.56000000,548.24000000,554.04000000,9318.82500000,1782403199999,5141446.87240000,65825,4894.03900000,2700885.36892000
1782403200000,2026-06-25 16:00:00,554.04000000,557.35000000,552.46000000,554.17000000,4781.41900000,1782406799999,2652741.70499000,42033,2530.79700000,1404044.01296000
1782406800000,2026-06-25 17:00:00,554.17000000,559.63000000,553.23000000,559.63000000,3899.46700000,1782410399999,2173113.53369000,35251,2222.42400000,1238544.21356000
1782410400000,2026-06-25 18:00:00,559.63000000,560.24000000,554.72000000,555.52000000,4765.99400000,1782413999999,2655958.19703000,22230,2498.29000000,1392405.69410000
1782414000000,2026-06-25 19:00:00,555.52000000,555.54000000,552.55000000,554.27000000,2473.80600000,1782417599999,1370244.63684000,14631,1208.20100000,669191.49527000
1782417600000,2026-06-25 20:00:00,554.28000000,557.20000000,554.27000000,555.47000000,2064.45700000,1782421199999,1147265.18571000,13046,1158.37000000,643797.34245000
1782421200000,2026-06-25 21:00:00,555.46000000,561.63000000,555.42000000,561.41000000,2718.75100000,1782424799999,1518532.11418000,16704,1846.90000000,1031435.81721000
1782424800000,2026-06-25 22:00:00,561.40000000,561.40000000,559.51000000,560.37000000,2666.30600000,1782428399999,1493954.97792000,15053,1369.28000000,767213.66757000
1782428400000,2026-06-25 23:00:00,560.37000000,563.00000000,559.27000000,560.62000000,2772.91700000,1782431999999,1556730.54729000,13481,1165.34500000,654422.74911000
1782432000000,2026-06-26 00:00:00,560.63000000,564.98000000,559.60000000,560.80000000,13649.18700000,1782435599999,7671813.68324000,48320,7304.98600000,4109609.82557000
1782435600000,2026-06-26 01:00:00,560.80000000,561.49000000,557.03000000,558.53000000,3799.22400000,1782439199999,2123319.20526000,60848,1921.68200000,1073856.70970000
1782439200000,2026-06-26 02:00:00,558.53000000,558.63000000,550.37000000,552.43000000,12133.47400000,1782442799999,6715437.40518000,62008,6556.52500000,3628637.95152000
1782442800000,2026-06-26 03:00:00,552.44000000,563.63000000,551.01000000,562.99000000,9672.76000000,1782446399999,5391354.43870000,59753,5647.52700000,3148499.92628000
1782446400000,2026-06-26 04:00:00,562.99000000,563.31000000,559.52000000,560.28000000,5299.19800000,1782449999999,2973973.57828000,36942,2372.10300000,1331162.71428000
1782450000000,2026-06-26 05:00:00,560.29000000,561.83000000,559.19000000,561.09000000,6750.55900000,1782453599999,3784135.72646000,44798,3099.32900000,1737427.70495000
1782453600000,2026-06-26 06:00:00,561.10000000,565.32000000,559.04000000,564.14000000,6738.74100000,1782457199999,3791557.24732000,39482,3362.66000000,1893136.98956000
1782457200000,2026-06-26 07:00:00,564.14000000,570.34000000,564.10000000,569.48000000,11913.63600000,1782460799999,6760593.65294000,57051,7279.92800000,4131172.44000000
1782460800000,2026-06-26 08:00:00,569.49000000,569.96000000,566.70000000,568.58000000,6891.74300000,1782464399999,3915085.83548000,42268,3982.00200000,2261982.80074000
1782464400000,2026-06-26 09:00:00,568.58000000,568.68000000,563.43000000,564.21000000,8875.51600000,1782467999999,5028423.84637000,49395,3600.29100000,2039581.58980000
1782468000000,2026-06-26 10:00:00,564.21000000,566.49000000,563.03000000,564.17000000,9495.74000000,1782471599999,5363407.76907000,55629,5023.34500000,2837653.02820000
1782471600000,2026-06-26 11:00:00,564.16000000,565.64000000,558.82000000,558.99000000,11503.36800000,1782475199999,6474799.46192000,58079,5472.83000000,3082024.13147000
1782475200000,2026-06-26 12:00:00,558.99000000,561.41000000,554.36000000,556.27000000,18016.88100000,1782478799999,10065005.58894000,77840,6908.38500000,3858999.72000000
1782478800000,2026-06-26 13:00:00,556.27000000,564.21000000,551.92000000,563.88000000,11062.19600000,1782482399999,6173009.89916000,49668,5900.41000000,3291324.31900000
1782482400000,2026-06-26 14:00:00,563.90000000,564.90000000,559.15000000,559.80000000,12443.80500000,1782485999999,6990568.10891000,49451,5487.21500000,3084121.20635000
1782486000000,2026-06-26 15:00:00,559.81000000,567.20000000,559.60000000,565.28000000,9102.19200000,1782489599999,5135627.09913000,38001,4752.30100000,2681161.47434000
1782489600000,2026-06-26 16:00:00,565.28000000,568.98000000,562.77000000,566.83000000,9004.92100000,1782493199999,5098466.46314000,40470,5144.90300000,2913515.83964000
1782493200000,2026-06-26 17:00:00,566.83000000,568.32000000,566.21000000,567.45000000,4057.05500000,1782496799999,2300987.48775000,25716,2240.48300000,1270784.82359000
1782496800000,2026-06-26 18:00:00,567.45000000,568.57000000,564.80000000,565.30000000,3331.00100000,1782500399999,1889137.43664000,21261,2071.28900000,1175161.57199000
1782500400000,2026-06-26 19:00:00,565.30000000,568.68000000,564.85000000,565.82000000,3773.22400000,1782503999999,2139781.00169000,18651,1735.03900000,984060.21095000
1782504000000,2026-06-26 20:00:00,565.85000000,568.59000000,564.63000000,565.05000000,2871.73300000,1782507599999,1625823.71312000,17223,1414.73000000,800916.26689000
1782507600000,2026-06-26 21:00:00,565.06000000,568.26000000,564.46000000,568.00000000,2166.12700000,1782511199999,1228565.60747000,11336,955.62000000,541796.41475000
1782511200000,2026-06-26 22:00:00,568.01000000,568.50000000,565.72000000,568.23000000,2153.75900000,1782514799999,1222426.27631000,12333,1139.22400000,646499.43427000
1782514800000,2026-06-26 23:00:00,568.23000000,568.68000000,567.12000000,567.64000000,1497.36700000,1782518399999,850516.45191000,7555,638.35500000,362609.04608000
1782518400000,2026-06-27 00:00:00,567.65000000,568.66000000,565.80000000,567.72000000,1909.33700000,1782521999999,1083192.28886000,37360,1128.14400000,640136.98553000
1782522000000,2026-06-27 01:00:00,567.72000000,567.75000000,565.62000000,565.76000000,1666.71900000,1782525599999,944047.37269000,20946,799.79000000,453050.40364000
1782525600000,2026-06-27 02:00:00,565.75000000,568.44000000,565.23000000,567.88000000,4020.27400000,1782529199999,2280605.95839000,21692,1623.61400000,921246.42804000
1782529200000,2026-06-27 03:00:00,567.87000000,568.12000000,566.04000000,566.96000000,3071.85800000,1782532799999,1740966.27680000,20059,1754.25400000,994268.95489000
1782532800000,2026-06-27 04:00:00,566.96000000,567.95000000,564.34000000,564.54000000,3183.32600000,1782536399999,1802857.67488000,20271,1149.86300000,651390.22686000
1782536400000,2026-06-27 05:00:00,564.54000000,566.34000000,563.93000000,565.46000000,6619.12800000,1782539999999,3742692.87434000,24619,3657.51800000,2068031.28819000
1782540000000,2026-06-27 06:00:00,565.45000000,566.70000000,564.41000000,565.43000000,2889.80300000,1782543599999,1633988.18871000,16808,1163.84300000,658046.01091000
1782543600000,2026-06-27 07:00:00,565.43000000,565.78000000,564.93000000,565.53000000,3093.82600000,1782547199999,1749174.24126000,15099,1452.53300000,821266.09568000
1782547200000,2026-06-27 08:00:00,565.53000000,565.72000000,564.30000000,565.41000000,4964.33000000,1782550799999,2804615.83028000,18536,2284.28100000,1290573.93589000
1782550800000,2026-06-27 09:00:00,565.40000000,565.69000000,564.17000000,564.63000000,2268.18800000,1782554399999,1280914.11051000,15067,730.35100000,412425.70181000
1782554400000,2026-06-27 10:00:00,564.62000000,564.77000000,563.63000000,564.64000000,3828.93100000,1782557999999,2160729.84797000,21077,1502.06500000,847636.37012000
1782558000000,2026-06-27 11:00:00,564.64000000,564.69000000,562.53000000,563.16000000,2146.58600000,1782561599999,1208939.47290000,25649,986.14300000,555328.53206000
1782561600000,2026-06-27 12:00:00,563.16000000,564.67000000,562.47000000,564.30000000,1869.39800000,1782565199999,1053318.75562000,26262,874.56500000,492837.27240000
1782565200000,2026-06-27 13:00:00,564.29000000,565.49000000,563.68000000,564.18000000,3913.19800000,1782568799999,2208592.62241000,27838,1481.94900000,836517.22152000
1782568800000,2026-06-27 14:00:00,564.18000000,565.29000000,563.18000000,564.50000000,3631.45600000,1782572399999,2049521.58337000,21546,1446.44300000,816298.24823000
1782572400000,2026-06-27 15:00:00,564.50000000,567.04000000,564.22000000,565.46000000,5628.72900000,1782575999999,3184361.64002000,33075,2327.89200000,1317185.52696000
1782576000000,2026-06-27 16:00:00,565.47000000,566.60000000,565.00000000,566.51000000,2922.63900000,1782579599999,1652793.99223000,16591,1232.59100000,697153.50217000
1782579600000,2026-06-27 17:00:00,566.50000000,566.76000000,563.29000000,563.30000000,3819.05900000,1782583199999,2155990.22462000,19223,1453.68200000,820656.73324000
1782583200000,2026-06-27 18:00:00,563.30000000,563.51000000,561.80000000,562.24000000,2163.07400000,1782586799999,1216706.02865000,13015,1082.55700000,608896.88582000
1782586800000,2026-06-27 19:00:00,562.24000000,562.90000000,557.95000000,559.12000000,3238.30100000,1782590399999,1813610.81497000,22610,1104.77900000,618592.40235000
1782590400000,2026-06-27 20:00:00,559.11000000,559.99000000,559.03000000,559.73000000,2017.97100000,1782593999999,1129399.68672000,10719,1026.11100000,574260.36221000
1782594000000,2026-06-27 21:00:00,559.75000000,563.28000000,556.25000000,557.41000000,5795.87000000,1782597599999,3249798.16567000,21470,2712.84700000,1521094.78945000
1782597600000,2026-06-27 22:00:00,557.40000000,559.07000000,554.53000000,559.00000000,5627.36100000,1782601199999,3130969.59097000,24168,2231.85900000,1244060.80354000
1782601200000,2026-06-27 23:00:00,558.99000000,559.12000000,556.98000000,557.20000000,1122.54800000,1782604799999,626299.56751000,9644,594.86900000,331862.49403000
1782604800000,2026-06-28 00:00:00,557.19000000,558.48000000,556.85000000,557.87000000,1728.57000000,1782608399999,964176.49542000,36658,1097.94900000,612418.86275000
1782608400000,2026-06-28 01:00:00,557.88000000,558.31000000,556.46000000,558.03000000,1371.05800000,1782611999999,764279.51288000,36415,610.49400000,340337.13810000
1782612000000,2026-06-28 02:00:00,558.03000000,558.80000000,556.78000000,557.57000000,1711.57000000,1782615599999,954866.13670000,19085,882.64000000,492405.51744000
1782615600000,2026-06-28 03:00:00,557.56000000,558.85000000,557.56000000,558.74000000,1056.06400000,1782619199999,589814.29946000,12879,651.40300000,363802.93583000
1782619200000,2026-06-28 04:00:00,558.74000000,558.74000000,556.78000000,556.92000000,1374.68100000,1782622799999,766701.44466000,10714,538.62300000,300392.72457000
1782622800000,2026-06-28 05:00:00,556.92000000,557.30000000,554.66000000,556.05000000,2517.44000000,1782626399999,1399219.90353000,16319,970.16400000,539218.94150000
1782626400000,2026-06-28 06:00:00,556.06000000,556.37000000,554.03000000,554.94000000,2802.62400000,1782629999999,1555612.55612000,17124,1163.56700000,645734.70724000
1782630000000,2026-06-28 07:00:00,554.94000000,556.80000000,554.93000000,556.45000000,2072.33300000,1782633599999,1152567.80566000,17579,1043.11200000,580189.43497000
1782633600000,2026-06-28 08:00:00,556.46000000,558.89000000,555.30000000,557.37000000,2768.92400000,1782637199999,1542383.91326000,21668,1272.91100000,709277.71699000
1782637200000,2026-06-28 09:00:00,557.40000000,558.03000000,555.16000000,555.25000000,3901.51000000,1782640799999,2172582.85552000,17838,1415.57400000,788354.21481000
1782640800000,2026-06-28 10:00:00,555.26000000,556.24000000,554.35000000,555.16000000,2385.57900000,1782644399999,1324555.35063000,16864,736.59000000,408964.50460000
1782644400000,2026-06-28 11:00:00,555.17000000,557.41000000,555.02000000,557.29000000,5715.84300000,1782647999999,3179984.79869000,20155,3390.58400000,1886641.93902000
1782648000000,2026-06-28 12:00:00,557.29000000,558.00000000,555.50000000,556.63000000,2741.00000000,1782651599999,1525407.15605000,20091,1674.91800000,932212.27929000
1782651600000,2026-06-28 13:00:00,556.63000000,556.71000000,554.14000000,555.28000000,2921.33200000,1782655199999,1622075.62511000,20532,811.68900000,450767.75554000
1782655200000,2026-06-28 14:00:00,555.28000000,557.09000000,554.94000000,554.95000000,2670.95600000,1782658799999,1484139.70962000,22007,1088.45000000,604837.89129000
1782658800000,2026-06-28 15:00:00,554.95000000,556.09000000,553.80000000,554.55000000,2687.26400000,1782662399999,1491048.19960000,19463,1046.94400000,580915.98002000
1782662400000,2026-06-28 16:00:00,554.56000000,554.84000000,551.48000000,552.42000000,3221.49500000,1782665999999,1781980.31244000,27273,1269.29100000,702192.70396000
1782666000000,2026-06-28 17:00:00,552.42000000,553.43000000,550.00000000,551.98000000,3946.31600000,1782669599999,2175608.02893000,25468,1414.49000000,780143.73532000
1782669600000,2026-06-28 18:00:00,551.98000000,553.94000000,551.32000000,553.86000000,2314.49300000,1782673199999,1278487.32748000,17049,1045.04400000,577221.48799000
1782673200000,2026-06-28 19:00:00,553.86000000,553.86000000,547.23000000,548.45000000,7821.89700000,1782676799999,4299340.99813000,32601,2799.63600000,1537979.56255000
1782676800000,2026-06-28 20:00:00,548.44000000,555.28000000,548.33000000,550.10000000,9253.37100000,1782680399999,5105137.13659000,40846,5019.86600000,2769522.31188000
1782680400000,2026-06-28 21:00:00,550.10000000,551.67000000,548.44000000,548.94000000,1368.30800000,1782683999999,752968.89642000,14582,726.41700000,399751.05852000
1782684000000,2026-06-28 22:00:00,548.94000000,553.13000000,545.62000000,547.29000000,5020.20600000,1782687599999,2756137.52029000,30157,2406.36000000,1321842.26578000
1782687600000,2026-06-28 23:00:00,547.28000000,553.26000000,546.90000000,551.07000000,3495.02300000,1782691199999,1925515.76280000,21090,1864.40800000,1026789.14408000
1782691200000,2026-06-29 00:00:00,551.07000000,553.09000000,546.67000000,552.84000000,3164.29200000,1782694799999,1739967.53481000,44377,1469.88100000,808267.55570000
1782694800000,2026-06-29 01:00:00,552.83000000,553.07000000,549.64000000,552.27000000,2362.64800000,1782698399999,1303218.45642000,32735,922.11300000,508705.77848000
1782698400000,2026-06-29 02:00:00,552.28000000,554.80000000,547.42000000,553.78000000,3297.47000000,1782701999999,1819714.50352000,29068,1655.79300000,913613.98197000
1782702000000,2026-06-29 03:00:00,553.78000000,556.69000000,553.55000000,555.19000000,4093.21800000,1782705599999,2272351.12250000,22598,2529.80900000,1404580.70967000
1782705600000,2026-06-29 04:00:00,555.20000000,555.26000000,550.91000000,551.33000000,2640.21200000,1782709199999,1459092.10624000,23129,1030.69200000,569557.99771000
1782709200000,2026-06-29 05:00:00,551.33000000,553.33000000,548.37000000,553.33000000,3819.27900000,1782712799999,2102719.96059000,24147,1725.79600000,950607.81323000
1782712800000,2026-06-29 06:00:00,553.33000000,555.53000000,553.01000000,554.00000000,4337.85700000,1782716399999,2403347.73985000,29883,2130.01200000,1180217.34605000
1782716400000,2026-06-29 07:00:00,554.00000000,554.66000000,552.73000000,553.60000000,3558.86300000,1782719999999,1970106.83296000,22404,1515.04900000,838781.36093000
1782720000000,2026-06-29 08:00:00,553.60000000,554.48000000,551.52000000,552.94000000,4013.76200000,1782723599999,2220081.81543000,21758,2197.62700000,1215752.32216000
1782723600000,2026-06-29 09:00:00,552.95000000,554.62000000,552.32000000,553.60000000,5032.16300000,1782727199999,2785444.78604000,25190,1965.21800000,1087695.50308000
1782727200000,2026-06-29 10:00:00,553.59000000,555.78000000,553.51000000,553.80000000,3512.01300000,1782730799999,1947475.50061000,19864,1755.92200000,973850.01639000
1782730800000,2026-06-29 11:00:00,553.81000000,554.69000000,550.51000000,551.87000000,3898.73400000,1782734399999,2153268.60773000,27005,1994.92400000,1101971.83987000
1782734400000,2026-06-29 12:00:00,551.86000000,558.42000000,549.68000000,553.30000000,7307.81300000,1782737999999,4054490.07425000,51075,3840.28600000,2131424.37455000
1782738000000,2026-06-29 13:00:00,553.30000000,555.94000000,549.00000000,550.70000000,7584.57400000,1782741599999,4189889.16547000,56302,2997.35400000,1656712.71991000
1782741600000,2026-06-29 14:00:00,550.71000000,552.04000000,546.17000000,550.98000000,7730.21100000,1782745199999,4242488.12153000,48040,3281.97700000,1801362.73449000
1782745200000,2026-06-29 15:00:00,551.00000000,552.62000000,547.50000000,551.97000000,4146.02300000,1782748799999,2281699.66320000,29757,2223.83700000,1224712.16826000
1782748800000,2026-06-29 16:00:00,551.97000000,559.04000000,550.34000000,556.15000000,14936.30700000,1782752399999,8306998.69483000,32349,7622.72100000,4233958.88458000
1782752400000,2026-06-29 17:00:00,556.15000000,562.96000000,556.05000000,561.12000000,7657.34800000,1782755999999,4291885.82356000,38354,3958.85900000,2219013.60263000
1782756000000,2026-06-29 18:00:00,561.13000000,562.40000000,560.34000000,561.14000000,2710.69200000,1782759599999,1521455.84597000,16488,1350.57400000,758186.72409000
1782759600000,2026-06-29 19:00:00,561.14000000,563.16000000,559.94000000,561.78000000,3657.28700000,1782763199999,2054454.41681000,12641,2320.40400000,1304091.16831000
1782763200000,2026-06-29 20:00:00,561.78000000,562.21000000,559.98000000,560.08000000,1845.76500000,1782766799999,1035819.02028000,12431,714.03500000,400690.18251000
1782766800000,2026-06-29 21:00:00,560.08000000,561.84000000,559.42000000,561.20000000,2031.71000000,1782770399999,1138398.00090000,12169,774.69800000,434094.93487000
1782770400000,2026-06-29 22:00:00,561.20000000,561.88000000,560.01000000,560.12000000,1398.13000000,1782773999999,784314.32807000,8580,614.04500000,344502.21320000
1782774000000,2026-06-29 23:00:00,560.12000000,560.55000000,559.28000000,559.52000000,1057.75300000,1782777599999,592184.29112000,6609,480.47300000,268997.05007000
1782777600000,2026-06-30 00:00:00,559.51000000,560.40000000,555.27000000,555.71000000,2840.08300000,1782781199999,1583751.17888000,41685,1394.46700000,777812.00375000
1782781200000,2026-06-30 01:00:00,555.72000000,557.16000000,555.00000000,555.80000000,2265.45000000,1782784799999,1259191.40260000,35928,1127.01900000,626370.48611000
1782784800000,2026-06-30 02:00:00,555.80000000,557.38000000,554.53000000,556.59000000,2167.56800000,1782788399999,1205085.18119000,20526,1059.49400000,589279.18203000
1782788400000,2026-06-30 03:00:00,556.59000000,556.91000000,553.76000000,553.77000000,6410.79200000,1782791999999,3561076.99375000,23804,2759.92300000,1533158.50413000
1782792000000,2026-06-30 04:00:00,553.76000000,554.73000000,551.62000000,553.17000000,3679.17300000,1782795599999,2035441.38048000,18388,1271.82800000,703587.41075000
1782795600000,2026-06-30 05:00:00,553.17000000,554.14000000,552.00000000,554.12000000,4697.82300000,1782799199999,2596728.72502000,19599,2156.41500000,1192024.24478000
1782799200000,2026-06-30 06:00:00,554.13000000,554.19000000,552.48000000,553.30000000,2113.61200000,1782802799999,1169279.09584000,12971,1043.09200000,576941.87591000
1782802800000,2026-06-30 07:00:00,553.31000000,553.59000000,551.83000000,552.42000000,2549.11600000,1782806399999,1408322.02883000,15245,1069.31100000,590720.05397000
1782806400000,2026-06-30 08:00:00,552.42000000,553.06000000,549.53000000,550.16000000,5435.18300000,1782809999999,2993659.47689000,26774,2113.52000000,1164117.96073000
1782810000000,2026-06-30 09:00:00,550.16000000,551.37000000,549.14000000,549.83000000,9552.21800000,1782813599999,5251357.58185000,22796,6696.36500000,3680676.11512000
1782813600000,2026-06-30 10:00:00,549.83000000,550.60000000,549.16000000,549.45000000,4257.42400000,1782817199999,2340364.16087000,19691,1211.53400000,666062.26905000
1782817200000,2026-06-30 11:00:00,549.44000000,549.60000000,547.00000000,547.70000000,4055.73200000,1782820799999,2224061.53722000,24724,1715.25100000,940420.82854000
1782820800000,2026-06-30 12:00:00,547.71000000,547.77000000,543.79000000,543.80000000,10641.24900000,1782824399999,5806290.15399000,38369,3236.98500000,1767042.34551000
1782824400000,2026-06-30 13:00:00,543.80000000,548.80000000,543.68000000,548.56000000,7193.05200000,1782827999999,3929131.90125000,47964,3698.61900000,2021056.45403000
1782828000000,2026-06-30 14:00:00,548.56000000,551.56000000,544.94000000,545.57000000,8452.86700000,1782831599999,4631474.04771000,41150,4601.02500000,2520913.00697000
1782831600000,2026-06-30 15:00:00,545.57000000,547.49000000,543.68000000,544.96000000,5562.83100000,1782835199999,3033585.44164000,37823,2534.09000000,1382210.81915000
1782835200000,2026-06-30 16:00:00,544.96000000,547.94000000,544.86000000,546.76000000,4532.84400000,1782838799999,2475700.60971000,28821,2012.10000000,1099154.65434000
1782838800000,2026-06-30 17:00:00,546.76000000,548.66000000,545.87000000,546.82000000,3421.89100000,1782842399999,1872128.20279000,23043,1626.21800000,889662.55283000
1782842400000,2026-06-30 18:00:00,546.83000000,548.55000000,545.52000000,546.94000000,2938.03300000,1782845999999,1605236.97879000,19937,1866.08500000,1019375.73338000
1782846000000,2026-06-30 19:00:00,546.94000000,547.92000000,545.88000000,547.40000000,1845.96000000,1782849599999,1009921.87041000,16059,817.03300000,446960.58122000
1782849600000,2026-06-30 20:00:00,547.38000000,547.70000000,545.22000000,545.52000000,3762.48500000,1782853199999,2055371.81959000,18510,1583.39800000,864944.51109000
1782853200000,2026-06-30 21:00:00,545.52000000,545.82000000,544.13000000,545.02000000,2952.69600000,1782856799999,1608537.01118000,14680,954.27900000,519903.63122000
1782856800000,2026-06-30 22:00:00,545.03000000,545.97000000,544.41000000,544.87000000,3294.81600000,1782860399999,1796632.53664000,10004,1278.49000000,697170.95770000
1782860400000,2026-06-30 23:00:00,544.87000000,546.80000000,544.85000000,546.52000000,1692.62200000,1782863999999,923882.21420000,8696,1008.94900000,550861.60334000
1782864000000,2026-07-01 00:00:00,546.52000000,548.56000000,545.25000000,547.86000000,5761.52100000,1782867599999,3153405.84396000,24292,4287.17600000,2346767.90785000
1782867600000,2026-07-01 01:00:00,547.87000000,549.76000000,540.00000000,547.85000000,10504.27000000,1782871199999,5718398.22539000,58198,4482.47600000,2442651.87914000
1782871200000,2026-07-01 02:00:00,547.85000000,550.50000000,547.12000000,549.78000000,5945.62300000,1782874799999,3266773.24785000,22782,4214.87700000,2316543.11051000
1782874800000,2026-07-01 03:00:00,549.78000000,552.83000000,548.73000000,551.52000000,4062.82700000,1782878399999,2236993.20837000,21727,2405.01700000,1324149.58742000
1782878400000,2026-07-01 04:00:00,551.52000000,552.65000000,550.67000000,551.09000000,4767.39900000,1782881999999,2630048.76189000,17414,3128.61400000,1726678.77309000
1782882000000,2026-07-01 05:00:00,551.09000000,551.64000000,549.81000000,551.01000000,2970.73600000,1782885599999,1635835.71404000,11818,1790.11500000,985760.21290000
1782885600000,2026-07-01 06:00:00,551.01000000,551.12000000,545.08000000,545.91000000,5155.97000000,1782889199999,2822941.60054000,24925,2622.22200000,1435298.43687000
1782889200000,2026-07-01 07:00:00,545.92000000,547.74000000,545.22000000,546.89000000,3091.27600000,1782892799999,1689359.48371000,17380,1244.43200000,680062.34619000
1782892800000,2026-07-01 08:00:00,546.88000000,547.31000000,544.06000000,547.25000000,5693.32800000,1782896399999,3106066.49559000,26868,2412.65300000,1316364.86084000
1782896400000,2026-07-01 09:00:00,547.25000000,547.69000000,544.79000000,545.26000000,5607.39300000,1782899999999,3062255.85551000,29120,2159.11900000,1179378.21694000
1782900000000,2026-07-01 10:00:00,545.26000000,545.73000000,542.00000000,542.21000000,6623.97900000,1782903599999,3602026.93940000,29018,2103.82300000,1144191.68235000
1782903600000,2026-07-01 11:00:00,542.21000000,544.44000000,537.25000000,542.64000000,16438.38800000,1782907199999,8887201.96638000,50716,6776.05200000,3664977.01288000
1782907200000,2026-07-01 12:00:00,542.64000000,543.72000000,541.32000000,542.66000000,4932.40400000,1782910799999,2674948.64071000,37040,2596.36900000,1408000.25655000
1782910800000,2026-07-01 13:00:00,542.65000000,550.74000000,542.65000000,549.13000000,17753.92200000,1782914399999,9690705.50475000,61210,7709.66500000,4211609.37532000
1782914400000,2026-07-01 14:00:00,549.13000000,552.53000000,547.37000000,549.48000000,9010.57400000,1782917999999,4957983.02815000,45889,4155.72800000,2287318.29721000
1782918000000,2026-07-01 15:00:00,549.49000000,555.68000000,549.42000000,554.36000000,12303.44100000,1782921599999,6810492.21696000,56200,6788.02200000,3758283.76093000
1782921600000,2026-07-01 16:00:00,554.36000000,554.96000000,550.79000000,551.66000000,8308.60600000,1782925199999,4594365.59408000,36146,3309.51400000,1830248.69714000
1782925200000,2026-07-01 17:00:00,551.66000000,554.47000000,550.15000000,554.25000000,4932.03600000,1782928799999,2724763.96785000,30919,2109.97400000,1166137.48568000
1782928800000,2026-07-01 18:00:00,554.25000000,554.35000000,552.23000000,552.92000000,4003.51100000,1782932399999,2215156.93475000,21721,1900.91400000,1051776.42842000
1782932400000,2026-07-01 19:00:00,552.92000000,554.02000000,550.43000000,551.25000000,8065.95000000,1782935999999,4448602.44600000,24802,3742.74800000,2063252.77191000
1782936000000,2026-07-01 20:00:00,551.26000000,552.48000000,550.03000000,552.47000000,2024.84200000,1782939599999,1115916.18865000,9748,834.10800000,459683.60022000
1782939600000,2026-07-01 21:00:00,552.48000000,557.12000000,552.47000000,556.26000000,5175.65200000,1782943199999,2873011.18215000,18311,3054.30900000,1695304.24985000
1782943200000,2026-07-01 22:00:00,556.25000000,559.55000000,553.20000000,553.70000000,6928.25800000,1782946799999,3856138.23149000,23796,3688.71800000,2053144.58649000
1782946800000,2026-07-01 23:00:00,553.70000000,553.74000000,550.14000000,550.44000000,2011.26600000,1782950399999,1109738.64934000,12333,716.91900000,395621.57131000
1782950400000,2026-07-02 00:00:00,550.45000000,550.56000000,546.21000000,547.78000000,3147.81400000,1782953999999,1726154.09568000,25115,1342.85900000,736313.44443000
1782954000000,2026-07-02 01:00:00,547.79000000,551.84000000,547.74000000,550.44000000,2917.62900000,1782957599999,1605088.31898000,15937,1443.69000000,794150.93527000
1782957600000,2026-07-02 02:00:00,550.44000000,551.89000000,549.00000000,551.05000000,3494.70300000,1782961199999,1924650.83600000,19848,1949.28500000,1073549.84942000
1782961200000,2026-07-02 03:00:00,551.05000000,561.19000000,550.16000000,556.94000000,13729.15500000,1782964799999,7635906.19827000,31589,10378.25100000,5776022.68199000
1782964800000,2026-07-02 04:00:00,556.93000000,556.93000000,552.80000000,554.33000000,5159.39700000,1782968399999,2861081.18025000,31204,2717.54700000,1506955.21038000
1782968400000,2026-07-02 05:00:00,554.33000000,554.33000000,551.94000000,552.09000000,6769.32800000,1782971999999,3743224.95709000,26195,3205.70000000,1773110.51013000
1782972000000,2026-07-02 06:00:00,552.09000000,552.27000000,549.00000000,549.03000000,5028.41100000,1782975599999,2770314.06841000,25042,1839.59900000,1013698.86234000
1782975600000,2026-07-02 07:00:00,549.03000000,549.99000000,548.74000000,549.40000000,3803.36200000,1782979199999,2089500.97860000,19264,1774.21200000,974845.96387000
1782979200000,2026-07-02 08:00:00,549.40000000,551.13000000,549.25000000,550.87000000,3646.76500000,1782982799999,2006910.12302000,18049,2248.88600000,1237608.08537000
1782982800000,2026-07-02 09:00:00,550.87000000,555.99000000,550.16000000,554.56000000,7117.47700000,1782986399999,3942834.93781000,37207,4380.07000000,2426501.75781000
1782986400000,2026-07-02 10:00:00,554.56000000,556.83000000,553.87000000,555.95000000,10259.27000000,1782989999999,5699511.11909000,35944,5044.19700000,2802689.53637000
1782990000000,2026-07-02 11:00:00,555.95000000,561.73000000,555.64000000,559.93000000,14037.64000000,1782993599999,7852423.38761000,49745,8011.25200000,4481401.13684000
1782993600000,2026-07-02 12:00:00,559.94000000,563.30000000,559.14000000,563.05000000,9819.10300000,1782997199999,5508470.68883000,55769,5046.85600000,2831673.36406000
1782997200000,2026-07-02 13:00:00,563.05000000,567.17000000,561.49000000,565.15000000,25043.08300000,1783000799999,14139766.06978000,75500,13387.24100000,7559007.82536000
1783000800000,2026-07-02 14:00:00,565.15000000,566.41000000,560.02000000,561.99000000,10739.77200000,1783004399999,6044812.83507000,54533,5853.53000000,3296058.75050000
1783004400000,2026-07-02 15:00:00,562.00000000,563.55000000,560.33000000,562.54000000,3629.86000000,1783007999999,2040752.45842000,27548,2048.11600000,1151622.91027000
1783008000000,2026-07-02 16:00:00,562.54000000,564.16000000,559.44000000,561.89000000,4014.23800000,1783011599999,2254029.86147000,32412,1693.23100000,950941.00671000
1783011600000,2026-07-02 17:00:00,561.89000000,563.59000000,559.87000000,560.68000000,5678.45700000,1783015199999,3189199.13281000,30479,3031.83700000,1702479.37205000
1783015200000,2026-07-02 18:00:00,560.69000000,561.82000000,559.88000000,560.16000000,1835.06300000,1783018799999,1029658.37869000,13537,659.02200000,369817.05446000
1783018800000,2026-07-02 19:00:00,560.16000000,560.35000000,558.00000000,558.14000000,3222.09000000,1783022399999,1801276.86094000,15120,1928.96400000,1078414.99389000
1783022400000,2026-07-02 20:00:00,558.14000000,558.88000000,557.39000000,558.42000000,1741.96300000,1783025999999,972059.94504000,8773,800.19000000,446560.39788000
1783026000000,2026-07-02 21:00:00,558.42000000,558.49000000,557.22000000,557.52000000,2292.60700000,1783029599999,1279025.18993000,9816,1077.90600000,601303.01899000
1783029600000,2026-07-02 22:00:00,557.52000000,558.33000000,556.16000000,557.37000000,3213.82400000,1783033199999,1789699.67301000,10945,1660.70900000,924674.97394000
1783033200000,2026-07-02 23:00:00,557.36000000,559.60000000,556.66000000,558.96000000,1975.80300000,1783036799999,1103471.20249000,8052,926.86600000,517555.50523000
1783036800000,2026-07-03 00:00:00,558.95000000,559.26000000,556.99000000,557.69000000,3362.50400000,1783040399999,1877078.37059000,16967,1445.58100000,806934.61628000
1783040400000,2026-07-03 01:00:00,557.69000000,562.12000000,557.22000000,561.58000000,4077.47800000,1783043999999,2286093.45245000,22874,2179.95400000,1222123.60321000
1783044000000,2026-07-03 02:00:00,561.58000000,562.01000000,559.14000000,561.52000000,2465.88400000,1783047599999,1382963.61780000,17912,1107.99700000,621393.46500000
1783047600000,2026-07-03 03:00:00,561.52000000,561.82000000,559.54000000,561.03000000,2313.14000000,1783051199999,1296883.30363000,16014,1039.31100000,582802.06803000
1783051200000,2026-07-03 04:00:00,561.03000000,561.71000000,560.04000000,560.74000000,2402.77300000,1783054799999,1347690.22622000,16291,1241.36300000,696345.70858000
1783054800000,2026-07-03 05:00:00,560.74000000,563.31000000,560.40000000,562.56000000,2587.48200000,1783058399999,1454359.03818000,17738,1432.83200000,805378.29822000
1783058400000,2026-07-03 06:00:00,562.56000000,563.97000000,561.34000000,561.54000000,3503.18800000,1783061999999,1971100.27363000,22187,1660.84900000,934408.27965000
1783062000000,2026-07-03 07:00:00,561.54000000,562.47000000,561.14000000,561.69000000,3879.41600000,1783065599999,2179790.84052000,20821,1743.27200000,979552.48560000
1783065600000,2026-07-03 08:00:00,561.68000000,564.00000000,561.34000000,562.29000000,4887.89700000,1783069199999,2748415.64386000,24439,2386.00400000,1341657.82142000
1783069200000,2026-07-03 09:00:00,562.29000000,564.39000000,561.71000000,562.86000000,5726.67500000,1783072799999,3225446.43931000,29359,2755.23600000,1552476.02029000
1783072800000,2026-07-03 10:00:00,562.87000000,566.50000000,562.66000000,565.91000000,6880.74800000,1783076399999,3884803.81668000,33658,3838.94500000,2168613.33486000
1783076400000,2026-07-03 11:00:00,565.91000000,567.58000000,565.14000000,566.77000000,8853.93100000,1783079999999,5016059.24809000,26555,2502.27400000,1418253.52814000
1783080000000,2026-07-03 12:00:00,566.78000000,567.84000000,564.38000000,564.97000000,5403.95700000,1783083599999,3057638.10113000,24546,1952.09600000,1104871.75013000
1783083600000,2026-07-03 13:00:00,564.98000000,567.78000000,564.74000000,566.92000000,6165.14800000,1783087199999,3490829.98845000,39876,3423.63300000,1938459.49434000
1783087200000,2026-07-03 14:00:00,566.91000000,566.91000000,563.23000000,565.89000000,6734.72700000,1783090799999,3805476.95743000,33758,2292.91600000,1295990.68893000
1783090800000,2026-07-03 15:00:00,565.90000000,568.45000000,564.82000000,565.65000000,6584.53400000,1783094399999,3729011.89429000,32922,1934.79200000,1096261.97467000
1783094400000,2026-07-03 16:00:00,565.66000000,567.24000000,564.60000000,566.74000000,2315.17600000,1783097999999,1310376.75731000,20730,1191.38800000,674361.75286000
1783098000000,2026-07-03 17:00:00,566.74000000,568.26000000,566.37000000,567.86000000,4276.49900000,1783101599999,2426248.56899000,22992,2620.71900000,1486605.13117000
1783101600000,2026-07-03 18:00:00,567.87000000,568.77000000,567.67000000,568.42000000,3398.32000000,1783105199999,1930736.20525000,18410,1127.20000000,640424.85084000
1783105200000,2026-07-03 19:00:00,568.43000000,571.50000000,567.70000000,569.69000000,4537.07100000,1783108799999,2584449.39090000,23205,2309.17400000,1315632.26126000
1783108800000,2026-07-03 20:00:00,569.69000000,574.73000000,569.51000000,573.17000000,5540.14300000,1783112399999,3169309.98597000,28937,3333.97400000,1907032.48019000
1783112400000,2026-07-03 21:00:00,573.17000000,574.94000000,571.85000000,573.94000000,3040.86700000,1783115999999,1743736.28262000,23967,1121.98100000,643416.56196000
1783116000000,2026-07-03 22:00:00,573.94000000,574.37000000,572.34000000,573.14000000,2041.94200000,1783119599999,1169973.13361000,15599,1049.86000000,601484.56560000
1783119600000,2026-07-03 23:00:00,573.14000000,575.21000000,572.61000000,573.81000000,3679.49100000,1783123199999,2112677.99840000,16287,1526.58600000,876577.66556000
1783123200000,2026-07-04 00:00:00,573.81000000,575.71000000,573.46000000,574.08000000,3271.84300000,1783126799999,1879737.21016000,27752,1769.83400000,1016907.27950000
1783126800000,2026-07-04 01:00:00,574.08000000,574.08000000,570.93000000,571.84000000,3613.27800000,1783130399999,2066806.84200000,29090,1311.33000000,749975.70964000
1783130400000,2026-07-04 02:00:00,571.84000000,572.56000000,571.16000000,571.91000000,3063.14800000,1783133999999,1752057.49533000,14745,1682.83000000,962525.62666000
1783134000000,2026-07-04 03:00:00,571.90000000,573.00000000,571.45000000,572.23000000,2743.02700000,1783137599999,1570620.77134000,19994,1886.93900000,1080570.82790000
1783137600000,2026-07-04 04:00:00,572.23000000,573.36000000,571.46000000,573.18000000,2707.63700000,1783141199999,1550427.16783000,19748,1300.25200000,744422.13491000
1783141200000,2026-07-04 05:00:00,573.17000000,573.17000000,569.90000000,571.35000000,5447.09400000,1783144799999,3111314.98116000,19448,2525.67800000,1442472.86498000
1783144800000,2026-07-04 06:00:00,571.36000000,572.38000000,568.74000000,569.96000000,5339.75800000,1783148399999,3046614.42354000,22553,2176.17100000,1241384.58595000
1783148400000,2026-07-04 07:00:00,569.96000000,570.10000000,568.70000000,569.70000000,5855.27500000,1783151999999,3333768.86401000,23633,2228.15700000,1268593.17978000
1783152000000,2026-07-04 08:00:00,569.71000000,576.24000000,569.21000000,575.21000000,9135.47300000,1783155599999,5233712.65842000,37326,5141.00800000,2946096.07250000
1783155600000,2026-07-04 09:00:00,575.21000000,575.37000000,572.20000000,572.61000000,3658.42800000,1783159199999,2097354.32524000,25530,1293.48400000,741627.85060000
1783159200000,2026-07-04 10:00:00,572.62000000,573.00000000,571.36000000,572.01000000,5345.15600000,1783162799999,3058112.08023000,23833,2326.83300000,1331677.64747000
1783162800000,2026-07-04 11:00:00,572.00000000,572.76000000,571.24000000,571.91000000,1842.20000000,1783166399999,1053840.61279000,13982,900.46200000,515126.44262000
1783166400000,2026-07-04 12:00:00,571.91000000,573.66000000,571.90000000,573.28000000,1666.42900000,1783169999999,954493.90979000,14167,839.95000000,481057.56318000
1783170000000,2026-07-04 13:00:00,573.28000000,574.50000000,572.21000000,573.30000000,2262.09300000,1783173599999,1296244.38787000,15148,984.15800000,564007.54763000
1783173600000,2026-07-04 14:00:00,573.29000000,576.00000000,573.19000000,574.63000000,3879.36400000,1783177199999,2229309.69058000,21033,1935.05000000,1112006.15141000
1783177200000,2026-07-04 15:00:00,574.64000000,578.23000000,574.00000000,576.74000000,10571.11700000,1783180799999,6095914.58279000,47472,5084.30700000,2931949.95990000
1783180800000,2026-07-04 16:00:00,576.74000000,576.82000000,574.84000000,575.78000000,6165.22400000,1783184399999,3550929.45410000,25899,2467.52100000,1420920.89131000
1783184400000,2026-07-04 17:00:00,575.78000000,578.79000000,574.46000000,578.48000000,4266.45900000,1783187999999,2461620.91166000,26894,2202.88100000,1271389.74849000
1783188000000,2026-07-04 18:00:00,578.48000000,578.82000000,576.46000000,576.87000000,1903.58100000,1783191599999,1099316.73707000,13919,847.05000000,489160.13758000
1783191600000,2026-07-04 19:00:00,576.88000000,577.22000000,575.51000000,575.52000000,1719.75400000,1783195199999,990878.92451000,13022,651.76300000,375561.55126000
1783195200000,2026-07-04 20:00:00,575.52000000,575.95000000,573.16000000,573.21000000,3048.38900000,1783198799999,1749602.65764000,13266,1510.05100000,866308.26687000
1783198800000,2026-07-04 21:00:00,573.21000000,575.47000000,572.57000000,574.68000000,2820.62000000,1783202399999,1619544.03712000,14581,1860.49600000,1068416.05525000
1783202400000,2026-07-04 22:00:00,574.68000000,578.27000000,574.49000000,576.67000000,3193.49400000,1783205999999,1841719.53160000,20267,1906.77800000,1099635.56699000
1783206000000,2026-07-04 23:00:00,576.68000000,576.80000000,573.70000000,575.37000000,3195.29300000,1783209599999,1838633.64040000,17535,1150.67400000,661959.31254000
1783209600000,2026-07-05 00:00:00,575.38000000,575.43000000,572.15000000,573.26000000,2964.55600000,1783213199999,1700910.74663000,18772,1258.49900000,722184.57721000
1783213200000,2026-07-05 01:00:00,573.25000000,573.90000000,569.89000000,572.00000000,4179.77500000,1783216799999,2389659.90042000,23371,1855.07800000,1060895.58214000
1783216800000,2026-07-05 02:00:00,571.99000000,572.28000000,568.19000000,569.38000000,4375.01600000,1783220399999,2493102.34442000,30354,1962.89100000,1118531.17665000
1783220400000,2026-07-05 03:00:00,569.37000000,571.09000000,569.37000000,570.44000000,2272.27000000,1783223999999,1295915.74242000,15165,1024.87800000,584514.85385000
1783224000000,2026-07-05 04:00:00,570.44000000,572.14000000,569.88000000,571.48000000,2831.60600000,1783227599999,1618125.65443000,14766,1755.87700000,1003524.09588000
1783227600000,2026-07-05 05:00:00,571.47000000,572.14000000,570.36000000,571.61000000,6229.72000000,1783231199999,3558415.32501000,20864,2889.10300000,1649991.74213000
1783231200000,2026-07-05 06:00:00,571.62000000,572.40000000,570.58000000,571.61000000,3007.98100000,1783234799999,1719136.89945000,17802,1503.06300000,859035.47701000
1783234800000,2026-07-05 07:00:00,571.61000000,575.83000000,571.44000000,575.64000000,3489.99500000,1783238399999,2000791.14161000,18822,2383.38400000,1366365.00792000
1783238400000,2026-07-05 08:00:00,575.65000000,579.00000000,574.84000000,578.32000000,6996.71500000,1783241999999,4037761.44984000,31801,4265.22500000,2461387.33585000
1783242000000,2026-07-05 09:00:00,578.32000000,578.36000000,572.48000000,574.61000000,8037.23900000,1783245599999,4630252.10265000,34678,2390.18700000,1375174.10481000
1783245600000,2026-07-05 10:00:00,574.60000000,576.39000000,573.80000000,576.13000000,5310.19900000,1783249199999,3054983.63323000,26169,2262.83300000,1301891.60287000
1783249200000,2026-07-05 11:00:00,576.13000000,578.28000000,574.49000000,577.05000000,5766.80000000,1783252799999,3324223.48154000,33094,2747.75600000,1584070.27321000
1783252800000,2026-07-05 12:00:00,577.06000000,586.54000000,576.19000000,583.72000000,10621.30400000,1783256399999,6188183.37775000,53015,5860.03200000,3412962.25768000
1783256400000,2026-07-05 13:00:00,583.72000000,587.73000000,582.25000000,586.88000000,13009.75800000,1783259999999,7613349.64433000,57355,7123.05800000,4168836.51100000
1783260000000,2026-07-05 14:00:00,586.87000000,589.82000000,586.29000000,587.29000000,9867.42000000,1783263599999,5804933.96326000,53902,4887.60600000,2875454.27544000
1783263600000,2026-07-05 15:00:00,587.29000000,589.85000000,586.59000000,587.34000000,6167.39700000,1783267199999,3625835.50596000,39717,3006.66100000,1767619.59493000
1783267200000,2026-07-05 16:00:00,587.34000000,588.95000000,584.87000000,585.76000000,5660.86700000,1783270799999,3319144.51897000,27911,2396.90400000,1405493.17059000
1783270800000,2026-07-05 17:00:00,585.76000000,587.21000000,584.48000000,585.35000000,2588.31100000,1783274399999,1515687.14040000,17415,1186.66500000,694993.08266000
1783274400000,2026-07-05 18:00:00,585.34000000,591.80000000,583.49000000,590.59000000,7889.25800000,1783277999999,4639369.64718000,47880,4850.06800000,2853153.02560000
1783278000000,2026-07-05 19:00:00,590.59000000,591.11000000,588.84000000,589.45000000,4439.49900000,1783281599999,2619992.09332000,29509,1818.24500000,1073125.46503000
1783281600000,2026-07-05 20:00:00,589.44000000,590.60000000,587.62000000,588.07000000,2679.99200000,1783285199999,1578401.56010000,17206,1124.42500000,662459.00597000
1783285200000,2026-07-05 21:00:00,588.07000000,591.27000000,585.84000000,589.65000000,3903.62700000,1783288799999,2296850.98563000,22318,2198.03100000,1294013.38359000
1783288800000,2026-07-05 22:00:00,589.65000000,593.47000000,588.90000000,591.55000000,6074.12100000,1783292399999,3589685.16999000,32948,3078.48900000,1819591.32849000
1783292400000,2026-07-05 23:00:00,591.55000000,593.10000000,589.03000000,589.87000000,4473.40800000,1783295999999,2642995.15672000,21025,1959.36900000,1158142.30629000
1783296000000,2026-07-06 00:00:00,589.88000000,591.87000000,587.01000000,591.77000000,4249.57000000,1783299599999,2506169.80555000,40069,1881.93700000,1109723.75054000
1783299600000,2026-07-06 01:00:00,591.77000000,593.10000000,587.89000000,588.53000000,5955.81800000,1783303199999,3517045.91708000,40469,2700.08900000,1595320.18667000
1783303200000,2026-07-06 02:00:00,588.53000000,589.32000000,585.47000000,586.41000000,4584.88800000,1783306799999,2691394.74157000,31663,1949.10000000,1144066.68736000
1783306800000,2026-07-06 03:00:00,586.40000000,586.64000000,582.67000000,585.41000000,6864.78600000,1783310399999,4010656.72910000,33907,2676.34400000,1563696.21626000
1783310400000,2026-07-06 04:00:00,585.41000000,585.68000000,583.43000000,584.07000000,2673.32900000,1783313999999,1563020.45695000,17835,1135.48000000,663941.21408000
1783314000000,2026-07-06 05:00:00,584.08000000,584.66000000,581.13000000,583.17000000,6444.83300000,1783317599999,3756784.01925000,27635,2309.98500000,1346643.16126000
1783317600000,2026-07-06 06:00:00,583.17000000,583.39000000,581.62000000,582.39000000,3482.68200000,1783321199999,2028607.19632000,22444,1654.53700000,963762.22023000
1783321200000,2026-07-06 07:00:00,582.38000000,582.88000000,581.03000000,582.08000000,4264.39800000,1783324799999,2481662.60005000,21943,2239.12700000,1302948.61538000
1783324800000,2026-07-06 08:00:00,582.07000000,582.90000000,579.90000000,580.63000000,6123.92600000,1783328399999,3560553.15337000,32473,2680.75800000,1558802.01422000
1783328400000,2026-07-06 09:00:00,580.63000000,580.63000000,576.10000000,577.43000000,6703.41700000,1783331999999,3876783.98476000,34782,3034.45100000,1755089.09422000
1783332000000,2026-07-06 10:00:00,577.44000000,581.00000000,577.30000000,580.18000000,2848.86200000,1783335599999,1651262.50953000,20920,1424.63200000,825640.64747000
1783335600000,2026-07-06 11:00:00,580.19000000,581.13000000,577.81000000,577.81000000,3421.05100000,1783339199999,1983654.48565000,18851,1585.00800000,919365.89290000
1783339200000,2026-07-06 12:00:00,577.81000000,577.86000000,571.85000000,571.95000000,13817.58300000,1783342799999,7936874.60866000,72275,6532.66300000,3754192.67020000
1783342800000,2026-07-06 13:00:00,571.96000000,575.18000000,570.12000000,573.04000000,8725.60200000,1783346399999,4989739.24909000,59205,4100.82700000,2346251.98982000
1783346400000,2026-07-06 14:00:00,573.05000000,578.93000000,572.95000000,577.10000000,11497.68100000,1783349999999,6624143.06817000,48913,5849.36900000,3369015.80889000
1783350000000,2026-07-06 15:00:00,577.10000000,585.00000000,576.95000000,584.74000000,11087.27000000,1783353599999,6445477.11691000,56748,7117.97000000,4136858.09170000
1783353600000,2026-07-06 16:00:00,584.75000000,586.71000000,583.32000000,585.31000000,10371.24100000,1783357199999,6066324.16209000,59135,4686.27700000,2741653.95234000
1783357200000,2026-07-06 17:00:00,585.31000000,586.13000000,582.85000000,583.06000000,7435.42100000,1783360799999,4344904.58370000,31521,3654.14900000,2134861.78682000
1783360800000,2026-07-06 18:00:00,583.07000000,585.19000000,582.85000000,584.40000000,1894.98200000,1783364399999,1107275.47385000,14327,896.30800000,523733.18475000
1783364400000,2026-07-06 19:00:00,584.39000000,585.98000000,584.01000000,585.15000000,2507.85000000,1783367999999,1467188.89281000,12277,1309.00000000,765957.09477000
1783368000000,2026-07-06 20:00:00,585.15000000,586.29000000,583.55000000,585.72000000,2588.60400000,1783371599999,1514011.42246000,14615,1371.48600000,802232.15553000
1783371600000,2026-07-06 21:00:00,585.72000000,592.10000000,585.72000000,589.51000000,7134.47100000,1783375199999,4206361.87829000,33657,4372.98100000,2578477.22592000
1783375200000,2026-07-06 22:00:00,589.52000000,589.71000000,587.47000000,588.11000000,3537.32800000,1783378799999,2081640.86477000,13948,1853.42400000,1090765.44672000
1783378800000,2026-07-06 23:00:00,588.11000000,588.91000000,585.54000000,586.01000000,2589.90200000,1783382399999,1520272.91172000,11562,1113.62200000,653757.35556000
1783382400000,2026-07-07 00:00:00,586.02000000,587.92000000,585.57000000,586.91000000,3254.59400000,1783385999999,1909256.27954000,18474,2012.14500000,1180445.71537000
1783386000000,2026-07-07 01:00:00,586.91000000,586.91000000,582.48000000,582.93000000,3667.71100000,1783389599999,2141305.86316000,32558,1358.76800000,793184.46043000
1783389600000,2026-07-07 02:00:00,582.94000000,583.50000000,580.24000000,580.98000000,3117.29000000,1783393199999,1813443.61247000,20622,1218.96300000,709147.17307000
1783393200000,2026-07-07 03:00:00,580.98000000,581.92000000,578.22000000,579.18000000,3572.44600000,1783396799999,2072233.23316000,20854,1694.84500000,983300.48736000
1783396800000,2026-07-07 04:00:00,579.18000000,579.41000000,577.61000000,578.84000000,2497.57100000,1783400399999,1445039.29606000,16455,1320.35100000,763965.72561000
1783400400000,2026-07-07 05:00:00,578.85000000,579.84000000,576.39000000,579.04000000,3173.88200000,1783403999999,1835203.88150000,25503,1598.33800000,924283.55169000
1783404000000,2026-07-07 06:00:00,579.04000000,580.79000000,578.06000000,579.98000000,4676.85700000,1783407599999,2710238.51298000,19744,2915.69700000,1689486.52644000
1783407600000,2026-07-07 07:00:00,579.98000000,580.40000000,578.28000000,578.33000000,3979.50300000,1783411199999,2306219.69959000,21145,1915.25700000,1109980.98216000
1783411200000,2026-07-07 08:00:00,578.32000000,578.56000000,576.52000000,577.22000000,3627.70200000,1783414799999,2094791.06899000,22168,1570.21500000,906727.70241000
1783414800000,2026-07-07 09:00:00,577.22000000,578.58000000,576.82000000,577.93000000,3215.67100000,1783418399999,1858152.67554000,19147,1249.61800000,722115.82603000
1783418400000,2026-07-07 10:00:00,577.94000000,580.00000000,577.82000000,578.47000000,3240.51500000,1783421999999,1875767.88942000,21108,1690.64400000,978583.50890000
1783422000000,2026-07-07 11:00:00,578.46000000,580.40000000,577.27000000,580.23000000,3702.43100000,1783425599999,2144279.95231000,22779,1654.20700000,958285.44084000
1783425600000,2026-07-07 12:00:00,580.23000000,582.40000000,579.98000000,581.09000000,4598.24000000,1783429199999,2672545.96682000,25845,2239.03500000,1301321.53402000
1783429200000,2026-07-07 13:00:00,581.08000000,581.28000000,576.85000000,577.48000000,4490.29900000,1783432799999,2598193.91623000,34983,2244.70200000,1298888.27050000
1783432800000,2026-07-07 14:00:00,577.50000000,581.52000000,575.28000000,581.01000000,6211.70700000,1783436399999,3590843.51996000,44162,3020.12900000,1746697.12815000
1783436400000,2026-07-07 15:00:00,581.01000000,585.61000000,579.50000000,584.74000000,6826.74600000,1783439999999,3983323.74804000,39183,3771.71800000,2200939.42500000
1783440000000,2026-07-07 16:00:00,584.73000000,587.16000000,583.41000000,585.28000000,4804.60200000,1783443599999,2811271.17777000,34700,2241.03500000,1311513.18437000
1783443600000,2026-07-07 17:00:00,585.28000000,586.49000000,584.20000000,585.97000000,4903.82700000,1783447199999,2871385.97795000,33080,2461.50000000,1441438.26516000
1783447200000,2026-07-07 18:00:00,585.98000000,585.98000000,582.28000000,582.38000000,3597.61300000,1783450799999,2102049.42548000,23955,1403.07000000,819896.98899000
1783450800000,2026-07-07 19:00:00,582.38000000,584.29000000,580.01000000,583.29000000,4385.15500000,1783454399999,2553122.29778000,24780,2130.43600000,1240422.88869000
1783454400000,2026-07-07 20:00:00,583.29000000,583.80000000,580.18000000,580.71000000,2862.77800000,1783457999999,1664982.88030000,12689,811.50100000,471910.75738000
1783458000000,2026-07-07 21:00:00,580.72000000,581.54000000,577.82000000,578.04000000,4540.94700000,1783461599999,2631476.37186000,20993,1528.05200000,886061.53886000
1783461600000,2026-07-07 22:00:00,578.05000000,579.63000000,576.69000000,578.59000000,2222.80200000,1783465199999,1285980.00867000,16516,734.65000000,425059.64869000
1783465200000,2026-07-07 23:00:00,578.58000000,579.25000000,576.40000000,576.82000000,1897.60000000,1783468799999,1097384.41874000,12844,602.60600000,348640.17953000
1783468800000,2026-07-08 00:00:00,576.83000000,578.94000000,576.16000000,578.62000000,3099.06700000,1783472399999,1789678.94457000,28895,1468.88200000,848070.71864000
1783472400000,2026-07-08 01:00:00,578.63000000,579.00000000,571.39000000,572.06000000,7098.01000000,1783475999999,4073249.20998000,44929,2047.82100000,1175082.33556000
1783476000000,2026-07-08 02:00:00,572.07000000,572.07000000,567.45000000,571.14000000,8698.68600000,1783479599999,4958913.95399000,45774,3963.17700000,2258614.99250000
1783479600000,2026-07-08 03:00:00,571.15000000,572.47000000,568.55000000,569.05000000,3654.81800000,1783483199999,2086092.84749000,27021,1204.26800000,687560.32368000
1783483200000,2026-07-08 04:00:00,569.06000000,569.87000000,568.19000000,569.54000000,3034.57500000,1783486799999,1726786.67403000,25610,1352.31600000,769586.11794000
1783486800000,2026-07-08 05:00:00,569.55000000,570.31000000,567.52000000,568.20000000,2408.67900000,1783490399999,1370162.41257000,19385,879.29000000,500331.89373000
1783490400000,2026-07-08 06:00:00,568.21000000,568.37000000,565.98000000,566.56000000,5992.60100000,1783493999999,3397141.76727000,27987,2639.45000000,1496041.62394000
1783494000000,2026-07-08 07:00:00,566.56000000,568.10000000,565.23000000,567.94000000,4031.61900000,1783497599999,2286007.97008000,31418,1821.00900000,1032637.13719000
1783497600000,2026-07-08 08:00:00,567.94000000,568.76000000,560.73000000,561.55000000,9116.35800000,1783501199999,5140521.18133000,57366,3688.40000000,2079699.24716000
1783501200000,2026-07-08 09:00:00,561.56000000,563.38000000,560.40000000,561.50000000,4525.84500000,1783504799999,2543054.02930000,29909,2122.33800000,1192685.04733000
1783504800000,2026-07-08 10:00:00,561.51000000,563.36000000,560.61000000,562.83000000,4648.18500000,1783508399999,2611712.49190000,24920,1956.46800000,1099610.54623000
1783508400000,2026-07-08 11:00:00,562.83000000,568.78000000,562.28000000,566.13000000,5834.56000000,1783511999999,3297322.14151000,33803,3331.36100000,1882212.60778000
1783512000000,2026-07-08 12:00:00,566.14000000,566.72000000,563.76000000,563.93000000,2974.30900000,1783515599999,1681392.06881000,22667,1382.70200000,781759.39644000
1783515600000,2026-07-08 13:00:00,563.94000000,566.05000000,562.73000000,565.36000000,4455.72100000,1783519199999,2514926.89940000,33342,2275.51100000,1284670.78109000
1783519200000,2026-07-08 14:00:00,565.37000000,567.38000000,563.31000000,564.48000000,6452.04700000,1783522799999,3645665.96203000,32388,2887.46200000,1631666.42442000
1783522800000,2026-07-08 15:00:00,564.48000000,564.62000000,560.94000000,562.36000000,3692.87400000,1783526399999,2075626.47367000,28535,1472.35300000,827542.04008000
1783526400000,2026-07-08 16:00:00,562.36000000,566.80000000,561.64000000,566.59000000,4743.14600000,1783529999999,2674687.95470000,25437,2592.01700000,1461822.34220000
1783530000000,2026-07-08 17:00:00,566.59000000,567.87000000,564.46000000,564.71000000,4013.94900000,1783533599999,2273074.59070000,19725,1812.97100000,1027153.19597000
1783533600000,2026-07-08 18:00:00,564.71000000,566.92000000,564.30000000,566.29000000,2170.60900000,1783537199999,1227144.92086000,15410,1223.41000000,691739.07100000
1783537200000,2026-07-08 19:00:00,566.30000000,567.50000000,565.63000000,566.94000000,1400.53900000,1783540799999,793513.63041000,11054,633.75800000,359076.84700000
1783540800000,2026-07-08 20:00:00,566.95000000,567.72000000,565.83000000,566.25000000,2202.71300000,1783544399999,1248546.19673000,9344,1181.92900000,670085.68758000
1783544400000,2026-07-08 21:00:00,566.26000000,567.02000000,564.77000000,566.86000000,1680.14900000,1783547999999,950944.76448000,10172,795.81300000,450486.61349000
1783548000000,2026-07-08 22:00:00,566.87000000,568.35000000,566.51000000,568.03000000,1938.05800000,1783551599999,1099730.53746000,11666,965.58400000,547915.34918000
1783551600000,2026-07-08 23:00:00,568.03000000,568.98000000,567.15000000,568.66000000,1549.87100000,1783555199999,880433.06135000,9417,763.30100000,433606.80369000
1783555200000,2026-07-09 00:00:00,568.66000000,569.36000000,567.65000000,568.67000000,2331.02800000,1783558799999,1325083.53883000,15095,1181.62700000,671763.47094000
1783558800000,2026-07-09 01:00:00,568.68000000,572.81000000,566.97000000,567.25000000,4242.21600000,1783562399999,2418871.50715000,24086,2521.38200000,1438494.89175000
1783562400000,2026-07-09 02:00:00,567.25000000,569.44000000,566.05000000,566.11000000,2475.91800000,1783565999999,1404572.02455000,17159,1390.57800000,788774.95808000
1783566000000,2026-07-09 03:00:00,566.11000000,568.50000000,565.48000000,568.26000000,2157.85600000,1783569599999,1223927.37787000,17690,1139.19300000,646199.84675000
1783569600000,2026-07-09 04:00:00,568.26000000,570.51000000,567.66000000,570.50000000,2790.50700000,1783573199999,1588337.26311000,19643,1481.19700000,843234.69315000
1783573200000,2026-07-09 05:00:00,570.51000000,573.73000000,569.42000000,573.67000000,4704.28800000,1783576799999,2686796.25019000,21150,2914.19600000,1664911.80701000
1783576800000,2026-07-09 06:00:00,573.67000000,575.21000000,572.43000000,574.75000000,4821.14800000,1783580399999,2767569.21388000,29322,1949.97700000,1119575.01182000
1783580400000,2026-07-09 07:00:00,574.75000000,577.15000000,572.27000000,572.74000000,7477.49400000,1783583999999,4294542.32639000,35324,2304.73300000,1325080.89133000
1783584000000,2026-07-09 08:00:00,572.74000000,573.52000000,571.93000000,572.20000000,7618.41400000,1783587599999,4363712.00688000,29405,2919.62900000,1672528.44665000
1783587600000,2026-07-09 09:00:00,572.20000000,573.50000000,570.67000000,573.06000000,9199.19200000,1783591199999,5258243.37023000,33069,3881.63900000,2219038.63855000
1783591200000,2026-07-09 10:00:00,573.07000000,573.27000000,569.45000000,569.94000000,4022.89500000,1783594799999,2298535.60258000,22023,1312.73300000,750122.07772000
1783594800000,2026-07-09 11:00:00,569.94000000,570.59000000,568.93000000,569.77000000,3200.15000000,1783598399999,1822722.91027000,18547,1396.53200000,795461.68740000
1783598400000,2026-07-09 12:00:00,569.77000000,570.73000000,568.12000000,569.04000000,4957.60200000,1783601999999,2823741.87722000,35470,2378.51400000,1354872.98057000
1783602000000,2026-07-09 13:00:00,569.05000000,572.29000000,568.07000000,570.99000000,4193.80200000,1783605599999,2389940.70588000,36532,1765.09400000,1006034.58381000
1783605600000,2026-07-09 14:00:00,570.99000000,572.11000000,568.81000000,572.07000000,3598.84700000,1783609199999,2052756.20751000,29243,1587.25600000,905507.35220000
1783609200000,2026-07-09 15:00:00,572.07000000,573.00000000,570.62000000,571.03000000,2300.14800000,1783612799999,1315046.82816000,20547,932.86300000,533319.33216000
1783612800000,2026-07-09 16:00:00,571.02000000,571.59000000,569.30000000,569.90000000,3028.82700000,1783616399999,1727731.75546000,24699,1380.34200000,787365.82343000
1783616400000,2026-07-09 17:00:00,569.91000000,572.58000000,569.46000000,571.57000000,2112.27900000,1783619999999,1206042.75635000,18575,877.62000000,501085.20544000
1783620000000,2026-07-09 18:00:00,571.58000000,573.67000000,571.04000000,571.86000000,2560.50900000,1783623599999,1466175.29595000,19501,1367.57000000,783198.59536000
1783623600000,2026-07-09 19:00:00,571.87000000,571.95000000,570.09000000,570.26000000,1837.87600000,1783627199999,1049589.17465000,11566,845.18200000,482683.23883000
1783627200000,2026-07-09 20:00:00,570.26000000,570.75000000,569.47000000,570.08000000,1268.79900000,1783630799999,723369.46290000,9031,536.56200000,305903.03315000
1783630800000,2026-07-09 21:00:00,570.08000000,571.21000000,570.01000000,570.36000000,1244.87100000,1783634399999,710070.85738000,8071,558.06700000,318322.96287000
1783634400000,2026-07-09 22:00:00,570.36000000,571.06000000,569.76000000,570.43000000,1723.12200000,1783637999999,982732.32656000,8193,866.89400000,494429.26531000
1783638000000,2026-07-09 23:00:00,570.43000000,570.54000000,568.62000000,568.72000000,1753.82100000,1783641599999,998228.80851000,10131,620.57100000,353257.06315000
1783641600000,2026-07-10 00:00:00,568.73000000,570.80000000,568.02000000,570.80000000,2038.10200000,1783645199999,1160248.03159000,13776,1162.51200000,661913.73572000
1783645200000,2026-07-10 01:00:00,570.80000000,576.69000000,569.66000000,574.95000000,6068.86000000,1783648799999,3487146.71324000,27875,3559.92500000,2045529.35253000
1783648800000,2026-07-10 02:00:00,574.95000000,575.70000000,574.00000000,575.41000000,5549.36300000,1783652399999,3190118.99893000,20949,3355.40500000,1929059.93427000
1783652400000,2026-07-10 03:00:00,575.42000000,575.88000000,574.44000000,575.52000000,4047.58100000,1783655999999,2328620.16783000,15271,2721.97900000,1566142.53731000
1783656000000,2026-07-10 04:00:00,575.52000000,577.34000000,575.01000000,576.19000000,2718.33500000,1783659599999,1566149.19811000,14081,1613.83100000,930010.80285000
1783659600000,2026-07-10 05:00:00,576.20000000,578.14000000,575.39000000,577.42000000,2842.35500000,1783663199999,1639902.66624000,15393,1633.53200000,942709.98275000
1783663200000,2026-07-10 06:00:00,577.42000000,577.66000000,575.91000000,576.57000000,6605.70000000,1783666799999,3809987.42472000,19629,3219.03200000,1856952.75936000
1783666800000,2026-07-10 07:00:00,576.58000000,577.18000000,573.86000000,574.00000000,8386.58400000,1783670399999,4827335.42708000,25666,2928.05900000,1685072.46651000
1783670400000,2026-07-10 08:00:00,574.00000000,577.16000000,573.93000000,576.05000000,5184.89600000,1783673999999,2986137.72360000,28866,2445.68900000,1408567.48286000
1783674000000,2026-07-10 09:00:00,576.06000000,577.16000000,574.79000000,576.62000000,3585.47200000,1783677599999,2065811.89148000,25544,1675.40200000,965308.94057000
1783677600000,2026-07-10 10:00:00,576.63000000,577.66000000,575.45000000,576.33000000,4607.29800000,1783681199999,2656011.58946000,25280,1962.55900000,1131687.36614000
1783681200000,2026-07-10 11:00:00,576.34000000,577.32000000,574.75000000,575.59000000,4452.25200000,1783684799999,2564283.07629000,21184,1917.31600000,1104726.50452000
1783684800000,2026-07-10 12:00:00,575.60000000,577.00000000,573.56000000,573.63000000,4777.02400000,1783688399999,2748877.34228000,23478,1853.04800000,1066536.14295000
1783688400000,2026-07-10 13:00:00,573.63000000,576.69000000,573.00000000,575.59000000,3298.74300000,1783691999999,1894522.14259000,27885,1721.40300000,988614.48464000
1783692000000,2026-07-10 14:00:00,575.59000000,575.70000000,569.63000000,572.22000000,4641.86400000,1783695599999,2657491.99673000,32894,1895.48300000,1085218.69625000
1783695600000,2026-07-10 15:00:00,572.22000000,574.54000000,572.12000000,573.86000000,3500.02500000,1783699199999,2007316.64072000,20605,2132.06900000,1222717.49196000
1783699200000,2026-07-10 16:00:00,573.86000000,577.50000000,573.86000000,577.17000000,3323.31600000,1783702799999,1912316.80449000,18941,1648.36400000,948772.15235000
1783702800000,2026-07-10 17:00:00,577.17000000,578.31000000,575.92000000,575.93000000,2214.57700000,1783706399999,1277396.97398000,17639,991.49300000,571989.54116000
1783706400000,2026-07-10 18:00:00,575.93000000,577.58000000,574.75000000,575.28000000,1794.95500000,1783709999999,1034534.07741000,10947,923.24200000,532291.74326000
1783710000000,2026-07-10 19:00:00,575.29000000,576.78000000,573.87000000,575.99000000,2764.17500000,1783713599999,1590754.34458000,15659,1492.70700000,859228.64714000
1783713600000,2026-07-10 20:00:00,575.99000000,576.37000000,574.73000000,575.23000000,1518.34400000,1783717199999,873989.43197000,10142,718.24700000,413485.17702000
1783717200000,2026-07-10 21:00:00,575.23000000,577.01000000,574.69000000,575.85000000,1497.28600000,1783720799999,862542.83827000,9258,785.41900000,452413.56679000
1783720800000,2026-07-10 22:00:00,575.86000000,576.57000000,575.65000000,576.04000000,1009.73800000,1783724399999,581680.38647000,11234,566.04800000,326068.18861000
1783724400000,2026-07-10 23:00:00,576.05000000,576.42000000,575.16000000,575.43000000,1079.52900000,1783727999999,621533.93443000,14165,519.37600000,299027.60430000
1783728000000,2026-07-11 00:00:00,575.44000000,575.76000000,574.42000000,574.73000000,1429.64700000,1783731599999,822172.74888000,11102,678.42300000,390167.32028000
1783731600000,2026-07-11 01:00:00,574.73000000,576.07000000,573.27000000,573.32000000,1582.11400000,1783735199999,908946.45142000,20135,600.16300000,344861.47203000
1783735200000,2026-07-11 02:00:00,573.32000000,575.10000000,573.06000000,575.00000000,1289.26500000,1783738799999,740088.49215000,12396,642.26000000,368735.57275000
1783738800000,2026-07-11 03:00:00,575.01000000,576.00000000,574.15000000,574.91000000,10090.68100000,1783742399999,5807373.73173000,12910,3762.20800000,2165002.43492000
1783742400000,2026-07-11 04:00:00,574.92000000,576.00000000,574.31000000,575.27000000,3456.66400000,1783745999999,1988073.55861000,14638,2156.17700000,1239990.79652000
1783746000000,2026-07-11 05:00:00,575.27000000,576.33000000,574.90000000,575.23000000,3218.49800000,1783749599999,1852368.39874000,14739,1698.55300000,977750.82626000
1783749600000,2026-07-11 06:00:00,575.24000000,576.33000000,574.88000000,576.20000000,1938.67000000,1783753199999,1116360.08924000,11166,1139.23200000,656019.18161000
1783753200000,2026-07-11 07:00:00,576.21000000,577.72000000,575.99000000,576.92000000,2805.19000000,1783756799999,1618126.73003000,12130,1876.24300000,1082209.74054000
1783756800000,2026-07-11 08:00:00,576.92000000,579.28000000,576.61000000,579.26000000,2715.18700000,1783760399999,1569704.40168000,14420,1283.57000000,742068.26457000
1783760400000,2026-07-11 09:00:00,579.26000000,579.84000000,577.36000000,577.72000000,2448.24900000,1783763999999,1415966.27312000,15598,1068.79200000,618078.73697000
1783764000000,2026-07-11 10:00:00,577.72000000,578.91000000,577.04000000,578.91000000,2546.98500000,1783767599999,1472097.07075000,13298,1707.96400000,987278.76682000
1783767600000,2026-07-11 11:00:00,578.90000000,579.39000000,577.76000000,579.39000000,2596.26900000,1783771199999,1501922.79178000,13062,1817.65800000,1051590.41328000
1783771200000,2026-07-11 12:00:00,579.39000000,580.36000000,578.76000000,579.49000000,2542.18100000,1783774799999,1473455.06326000,16296,1545.73600000,896015.06058000
1783774800000,2026-07-11 13:00:00,579.48000000,582.18000000,579.29000000,581.21000000,3452.98000000,1783778399999,2006032.80354000,18664,2082.87100000,1209960.44452000
1783778400000,2026-07-11 14:00:00,581.21000000,583.01000000,580.91000000,581.70000000,6564.32800000,1783781999999,3820302.35800000,27078,3047.27300000,1773640.04574000
1783782000000,2026-07-11 15:00:00,581.71000000,582.17000000,577.81000000,579.86000000,4505.55400000,1783785599999,2616197.35339000,27879,1843.63700000,1070610.27644000
1783785600000,2026-07-11 16:00:00,579.87000000,580.45000000,579.23000000,579.89000000,1743.10300000,1783789199999,1010670.52550000,14800,661.04100000,383265.03700000
1783789200000,2026-07-11 17:00:00,579.88000000,581.18000000,579.62000000,580.66000000,1559.98900000,1783792799999,905508.91883000,12099,970.00000000,563084.75487000
1783792800000,2026-07-11 18:00:00,580.65000000,581.31000000,580.41000000,580.92000000,1155.95100000,1783796399999,671478.06181000,12021,531.87200000,308960.23716000
1783796400000,2026-07-11 19:00:00,580.93000000,581.52000000,580.29000000,580.56000000,1174.77400000,1783799999999,682340.23198000,7976,412.47600000,239597.23319000
1783800000000,2026-07-11 20:00:00,580.57000000,581.51000000,580.57000000,580.99000000,701.38200000,1783803599999,407513.47562000,5747,356.11500000,206906.58263000
1783803600000,2026-07-11 21:00:00,581.00000000,581.52000000,580.86000000,581.18000000,1118.17500000,1783807199999,649884.79961000,7383,378.39100000,219937.60130000
1783807200000,2026-07-11 22:00:00,581.18000000,582.08000000,579.73000000,580.23000000,1626.79800000,1783810799999,944895.90976000,10840,708.40900000,411538.58193000
1783810800000,2026-07-11 23:00:00,580.23000000,580.71000000,574.65000000,574.65000000,3453.70500000,1783814399999,1991870.92860000,22244,1352.51800000,780272.52224000
1783814400000,2026-07-12 00:00:00,574.65000000,575.28000000,570.30000000,571.29000000,4723.75900000,1783817999999,2702579.29624000,31358,1864.11300000,1066193.89641000
1783818000000,2026-07-12 01:00:00,571.30000000,574.28000000,570.78000000,574.04000000,3131.66100000,1783821599999,1793145.80795000,18365,1709.18900000,978719.26610000
1783821600000,2026-07-12 02:00:00,574.05000000,574.51000000,572.93000000,574.28000000,1907.39800000,1783825199999,1094364.79991000,10412,971.65000000,557516.41208000
1783825200000,2026-07-12 03:00:00,574.28000000,575.89000000,574.00000000,575.39000000,1614.12200000,1783828799999,928123.11326000,12573,843.29200000,484906.68471000
1783828800000,2026-07-12 04:00:00,575.40000000,575.89000000,573.89000000,574.40000000,2342.03700000,1783832399999,1345310.03402000,11304,596.48900000,342800.61995000
1783832400000,2026-07-12 05:00:00,574.41000000,574.48000000,572.68000000,573.09000000,2458.51500000,1783835999999,1409776.55993000,11403,1306.16300000,748913.69494000
1783836000000,2026-07-12 06:00:00,573.09000000,573.09000000,570.13000000,571.89000000,4632.92300000,1783839599999,2646179.22270000,19345,1309.46100000,748176.04144000
1783839600000,2026-07-12 07:00:00,571.89000000,572.72000000,571.67000000,572.37000000,2559.96100000,1783843199999,1465411.50756000,10579,1291.47700000,739250.85236000
1783843200000,2026-07-12 08:00:00,572.37000000,573.99000000,572.26000000,573.69000000,5808.47100000,1783846799999,3329976.77218000,13813,3581.84100000,2053728.90420000
1783846800000,2026-07-12 09:00:00,573.68000000,575.05000000,572.33000000,574.41000000,3697.21900000,1783850399999,2121717.48101000,17488,1779.84700000,1021422.91824000
1783850400000,2026-07-12 10:00:00,574.41000000,574.80000000,573.73000000,574.42000000,1725.81800000,1783853999999,991104.05549000,14171,836.24500000,480241.95338000
1783854000000,2026-07-12 11:00:00,574.43000000,580.53000000,573.71000000,580.17000000,5956.98900000,1783857599999,3442591.19163000,34103,3423.77200000,1978306.50245000
1783857600000,2026-07-12 12:00:00,580.18000000,584.63000000,580.11000000,582.30000000,10661.57000000,1783861199999,6204167.93018000,46793,4629.15700000,2693916.98089000
1783861200000,2026-07-12 13:00:00,582.30000000,582.45000000,580.48000000,581.02000000,3931.09000000,1783864799999,2284493.06697000,18388,1394.51400000,810323.81352000
1783864800000,2026-07-12 14:00:00,581.02000000,582.82000000,579.36000000,581.55000000,3334.30800000,1783868399999,1936965.36514000,20360,1667.43600000,968629.71958000
1783868400000,2026-07-12 15:00:00,581.54000000,581.54000000,580.12000000,581.10000000,3489.15800000,1783871999999,2026083.21902000,18223,1007.20700000,584888.98790000
1783872000000,2026-07-12 16:00:00,581.09000000,582.07000000,580.81000000,581.12000000,2790.46000000,1783875599999,1622028.16355000,15492,1327.85200000,771835.89638000
1783875600000,2026-07-12 17:00:00,581.12000000,581.22000000,578.88000000,579.30000000,3972.01500000,1783879199999,2303262.89781000,17359,1688.63400000,979103.28162000
1783879200000,2026-07-12 18:00:00,579.30000000,579.75000000,579.05000000,579.45000000,1330.63800000,1783882799999,770930.13838000,9008,706.48600000,409313.10685000
1783882800000,2026-07-12 19:00:00,579.45000000,579.88000000,578.88000000,579.86000000,1471.06600000,1783886399999,851994.97233000,5878,420.34300000,243518.73558000
1783886400000,2026-07-12 20:00:00,579.87000000,579.96000000,578.28000000,578.84000000,2034.18300000,1783889999999,1177693.22650000,6638,391.92600000,226951.58702000
1783890000000,2026-07-12 21:00:00,578.85000000,579.43000000,575.69000000,575.75000000,1964.73900000,1783893599999,1135212.24234000,11913,916.85500000,530172.01204000
1783893600000,2026-07-12 22:00:00,575.75000000,575.75000000,572.89000000,574.16000000,4872.07300000,1783897199999,2795985.89308000,21017,1767.16500000,1014196.86364000
1783897200000,2026-07-12 23:00:00,574.16000000,574.99000000,573.15000000,573.91000000,1305.87900000,1783900799999,749573.08174000,10996,658.47600000,377987.12896000
1783900800000,2026-07-13 00:00:00,573.91000000,579.89000000,573.08000000,577.93000000,4729.91100000,1783904399999,2729413.40309000,31990,2701.24600000,1558677.74734000
1783904400000,2026-07-13 01:00:00,577.93000000,579.08000000,572.19000000,572.30000000,3585.61500000,1783907999999,2064713.73748000,27931,1553.50400000,895301.20093000
1783908000000,2026-07-13 02:00:00,572.31000000,573.77000000,570.87000000,572.04000000,5065.51300000,1783911599999,2898501.48470000,31169,1804.67000000,1032781.91609000
1783911600000,2026-07-13 03:00:00,572.05000000,572.05000000,566.67000000,569.04000000,7761.95100000,1783915199999,4417104.08937000,36989,2281.25600000,1297318.36109000
1783915200000,2026-07-13 04:00:00,569.05000000,569.63000000,567.28000000,567.31000000,2553.15900000,1783918799999,1451417.70461000,19315,989.84100000,562774.91168000
1783918800000,2026-07-13 05:00:00,567.32000000,569.53000000,566.28000000,568.59000000,3718.24200000,1783922399999,2112951.02164000,22289,1737.23100000,987830.75884000
1783922400000,2026-07-13 06:00:00,568.60000000,569.34000000,567.69000000,568.57000000,1503.61600000,1783925999999,855037.75829000,13690,749.10300000,425977.23131000
1783926000000,2026-07-13 07:00:00,568.57000000,570.58000000,567.88000000,570.11000000,3094.07200000,1783929599999,1762640.83045000,17042,1755.13600000,999889.46592000
1783929600000,2026-07-13 08:00:00,570.11000000,571.10000000,569.43000000,570.37000000,3498.00800000,1783933199999,1994208.31197000,14593,1485.94600000,847072.01853000
1783933200000,2026-07-13 09:00:00,570.37000000,570.40000000,569.29000000,569.62000000,3286.70600000,1783936799999,1872795.08370000,15570,1425.29600000,812130.19005000
1783936800000,2026-07-13 10:00:00,569.62000000,570.39000000,568.45000000,569.65000000,2646.89200000,1783940399999,1507538.01866000,18605,1238.32400000,705223.66980000
1783940400000,2026-07-13 11:00:00,569.65000000,570.92000000,569.31000000,569.66000000,2955.44700000,1783943999999,1684703.36949000,18520,1201.04700000,684684.53958000
1783944000000,2026-07-13 12:00:00,569.67000000,569.77000000,567.56000000,568.41000000,2631.44200000,1783947599999,1496182.97117000,17544,1064.13100000,605090.11965000
1783947600000,2026-07-13 13:00:00,568.41000000,569.57000000,566.41000000,568.05000000,3483.73300000,1783951199999,1978256.38399000,26075,1787.34500000,1015078.30673000
1783951200000,2026-07-13 14:00:00,568.06000000,570.73000000,565.61000000,570.70000000,5148.81300000,1783954799999,2925733.70953000,30508,2272.06200000,1291368.62435000
1783954800000,2026-07-13 15:00:00,570.71000000,571.78000000,568.31000000,568.72000000,2479.32300000,1783958399999,1412894.65849000,20174,945.24600000,538657.27238000
1783958400000,2026-07-13 16:00:00,568.72000000,568.88000000,565.67000000,566.07000000,2806.81200000,1783961999999,1591646.89559000,19047,1204.43600000,682991.88791000
1783962000000,2026-07-13 17:00:00,566.07000000,566.70000000,562.40000000,562.62000000,3718.62900000,1783965599999,2099815.98300000,23238,1346.51800000,760634.26370000
1783965600000,2026-07-13 18:00:00,562.62000000,565.33000000,562.37000000,564.44000000,3059.84200000,1783969199999,1725970.99192000,26013,1630.40100000,919671.63370000
1783969200000,2026-07-13 19:00:00,564.44000000,566.35000000,564.04000000,566.29000000,2431.99200000,1783972799999,1374216.06110000,13242,1121.19600000,633747.29848000
1783972800000,2026-07-13 20:00:00,566.29000000,566.70000000,564.45000000,565.34000000,1830.03000000,1783976399999,1034979.75206000,9907,773.26000000,437343.49339000
1783976400000,2026-07-13 21:00:00,565.35000000,565.59000000,563.31000000,564.86000000,2072.81500000,1783979999999,1170379.48666000,10723,958.08900000,541106.69256000
1783980000000,2026-07-13 22:00:00,564.86000000,566.64000000,564.69000000,565.31000000,1036.45800000,1783983599999,586535.79675000,9840,482.55000000,273072.58003000
1783983600000,2026-07-13 23:00:00,565.31000000,567.50000000,565.09000000,567.49000000,1626.10200000,1783987199999,920810.54973000,10428,718.64100000,407078.40728000
1783987200000,2026-07-14 00:00:00,567.50000000,569.90000000,566.74000000,569.28000000,2561.08300000,1783990799999,1454853.45983000,17170,1666.96100000,947019.49215000
1783990800000,2026-07-14 01:00:00,569.27000000,570.57000000,568.61000000,569.95000000,2594.72000000,1783994399999,1477979.49433000,13610,1387.64300000,790562.95086000
1783994400000,2026-07-14 02:00:00,569.95000000,570.42000000,567.57000000,570.00000000,3181.58800000,1783997999999,1811067.06394000,16294,1559.12800000,887695.95395000
1783998000000,2026-07-14 03:00:00,570.00000000,570.54000000,568.02000000,569.98000000,3562.60100000,1784001599999,2029190.92174000,18093,1239.22700000,705865.01855000
1784001600000,2026-07-14 04:00:00,569.99000000,571.50000000,569.81000000,571.16000000,4747.84900000,1784005199999,2709568.82155000,25008,2789.82200000,1592365.53134000
1784005200000,2026-07-14 05:00:00,571.17000000,571.68000000,570.00000000,570.45000000,3889.63700000,1784008799999,2220799.06184000,15741,2065.53100000,1179688.42756000
1784008800000,2026-07-14 06:00:00,570.44000000,570.45000000,568.93000000,569.28000000,2513.92400000,1784012399999,1432011.40472000,12211,1060.70100000,604285.51938000
1784012400000,2026-07-14 07:00:00,569.29000000,570.46000000,568.93000000,570.15000000,2227.67700000,1784015999999,1268949.85705000,13163,1237.64800000,705017.85115000
1784016000000,2026-07-14 08:00:00,570.16000000,571.74000000,569.14000000,570.68000000,2904.44100000,1784019599999,1657855.45181000,16940,1154.18500000,658662.29094000
1784019600000,2026-07-14 09:00:00,570.68000000,571.24000000,569.48000000,569.99000000,2814.80700000,1784023199999,1605765.55048000,14835,1206.42600000,688156.47441000
1784023200000,2026-07-14 10:00:00,569.99000000,571.18000000,569.32000000,570.95000000,3489.78200000,1784026799999,1990591.93961000,17191,1587.17600000,905335.55018000
1784026800000,2026-07-14 11:00:00,570.96000000,571.46000000,570.45000000,570.96000000,3113.98900000,1784030399999,1778003.77581000,17651,1789.46500000,1021800.18161000
1784030400000,2026-07-14 12:00:00,570.96000000,577.94000000,570.21000000,577.41000000,13080.21200000,1784033999999,7518830.41887000,53624,7308.10600000,4201013.49267000
1784034000000,2026-07-14 13:00:00,577.42000000,582.00000000,576.24000000,578.97000000,18673.09600000,1784037599999,10817568.52828000,63296,8120.81300000,4705027.55589000
1784037600000,2026-07-14 14:00:00,578.97000000,582.29000000,577.57000000,581.48000000,12856.06100000,1784041199999,7451697.05874000,42283,5447.44700000,3157822.28031000
1784041200000,2026-07-14 15:00:00,581.48000000,584.64000000,581.09000000,582.87000000,9581.24700000,1784044799999,5582927.11201000,43563,4146.04800000,2416082.62948000
1784044800000,2026-07-14 16:00:00,582.87000000,583.41000000,581.54000000,581.63000000,5159.05600000,1784048399999,3004719.25833000,21015,1774.76800000,1033652.79616000
1784048400000,2026-07-14 17:00:00,581.63000000,581.67000000,579.10000000,580.84000000,9200.64000000,1784051999999,5337506.93349000,23757,2248.98200000,1304876.77263000
1784052000000,2026-07-14 18:00:00,580.85000000,581.12000000,579.70000000,579.89000000,2747.31400000,1784055599999,1594162.06487000,11610,1141.20100000,662214.37305000
1784055600000,2026-07-14 19:00:00,579.88000000,581.56000000,579.88000000,580.64000000,2705.63400000,1784059199999,1571041.05785000,14268,1218.11800000,707462.99921000
1784059200000,2026-07-14 20:00:00,580.65000000,580.97000000,579.50000000,579.90000000,1894.47400000,1784062799999,1099164.35577000,8863,716.51300000,415744.41174000
1784062800000,2026-07-14 21:00:00,579.91000000,581.25000000,579.56000000,580.68000000,1490.11700000,1784066399999,865023.01758000,8689,738.80500000,428889.75699000
1784066400000,2026-07-14 22:00:00,580.68000000,582.91000000,579.27000000,581.67000000,4001.90100000,1784069999999,2326658.47461000,21900,2383.90200000,1386106.92226000
1784070000000,2026-07-14 23:00:00,581.75000000,582.90000000,581.11000000,581.87000000,4243.33600000,1784073599999,2469434.11950000,13895,2342.34200000,1363121.98733000
1784073600000,2026-07-15 00:00:00,581.88000000,583.17000000,581.44000000,582.22000000,4543.82600000,1784077199999,2646456.13131000,16309,1835.01600000,1068913.96153000
1784077200000,2026-07-15 01:00:00,582.23000000,582.23000000,579.95000000,580.09000000,3751.02200000,1784080799999,2179393.97334000,15196,1465.52200000,851628.89659000
1784080800000,2026-07-15 02:00:00,580.08000000,581.11000000,579.20000000,579.94000000,3220.09800000,1784084399999,1868125.65487000,15245,1463.22900000,848854.77696000
1784084400000,2026-07-15 03:00:00,579.95000000,581.29000000,579.67000000,580.71000000,3290.73500000,1784087999999,1910867.25113000,14315,1641.84100000,953392.93929000
1784088000000,2026-07-15 04:00:00,580.72000000,581.24000000,577.29000000,579.66000000,3858.44400000,1784091599999,2235805.62223000,17824,1489.12300000,862937.95685000
1784091600000,2026-07-15 05:00:00,579.67000000,580.77000000,578.71000000,580.60000000,3261.53800000,1784095199999,1889734.46156000,15202,1381.61000000,800666.40889000
1784095200000,2026-07-15 06:00:00,580.60000000,582.28000000,579.78000000,579.78000000,3779.46100000,1784098799999,2196127.75690000,20084,1861.32300000,1081630.44522000
1784098800000,2026-07-15 07:00:00,579.79000000,580.19000000,576.49000000,576.49000000,9743.30000000,1784102399999,5632051.06918000,24610,4883.42400000,2823820.64363000
1784102400000,2026-07-15 08:00:00,576.50000000,577.70000000,575.80000000,577.13000000,5287.45300000,1784105999999,3048419.44869000,27021,1999.07800000,1152641.65735000
1784106000000,2026-07-15 09:00:00,577.12000000,577.98000000,576.56000000,577.14000000,4011.44300000,1784109599999,2316041.98621000,18382,1758.14900000,1014973.25223000
1784109600000,2026-07-15 10:00:00,577.14000000,578.86000000,576.99000000,578.82000000,5247.95300000,1784113199999,3034486.53128000,22514,2545.81100000,1472008.37380000
1784113200000,2026-07-15 11:00:00,578.82000000,579.10000000,577.83000000,579.01000000,3709.24100000,1784116799999,2146187.55234000,18527,1272.49100000,736313.70491000
1784116800000,2026-07-15 12:00:00,579.02000000,584.52000000,577.22000000,582.59000000,9320.89300000,1784120399999,5408975.19274000,39179,4394.00100000,2551052.80344000
1784120400000,2026-07-15 13:00:00,582.60000000,585.30000000,580.99000000,582.47000000,12170.85400000,1784123999999,7098077.74279000,60855,5863.40300000,3420509.00718000
1784124000000,2026-07-15 14:00:00,582.48000000,583.72000000,580.21000000,581.62000000,6402.89600000,1784127599999,3725234.67390000,44401,2497.98300000,1453349.45865000
1784127600000,2026-07-15 15:00:00,581.62000000,582.33000000,580.40000000,581.73000000,6796.06200000,1784131199999,3950588.12494000,35084,2355.22900000,1369573.81802000
1784131200000,2026-07-15 16:00:00,581.74000000,581.79000000,576.63000000,578.64000000,7227.60800000,1784134799999,4184565.10873000,34537,2871.56400000,1661965.92781000
1784134800000,2026-07-15 17:00:00,578.65000000,580.83000000,578.35000000,580.09000000,3701.86000000,1784138399999,2145546.32640000,19928,1442.36400000,835890.93145000
1784138400000,2026-07-15 18:00:00,580.10000000,581.91000000,579.51000000,579.74000000,2267.16900000,1784141999999,1316784.86479000,14245,845.72000000,491274.19623000
1784142000000,2026-07-15 19:00:00,579.75000000,580.37000000,578.55000000,579.48000000,1732.74400000,1784145599999,1004678.83001000,12669,897.79900000,520648.12951000
1784145600000,2026-07-15 20:00:00,579.50000000,581.32000000,579.30000000,580.78000000,1734.46400000,1784149199999,1007051.04583000,10026,841.13100000,488423.39066000
1784149200000,2026-07-15 21:00:00,580.78000000,581.49000000,580.48000000,581.09000000,2571.61600000,1784152799999,1494003.94485000,9694,989.73400000,575063.21653000
1784152800000,2026-07-15 22:00:00,581.10000000,581.97000000,580.53000000,581.06000000,2800.78400000,1784156399999,1627571.33620000,14129,1032.90900000,600315.17991000
1784156400000,2026-07-15 23:00:00,581.07000000,581.66000000,579.90000000,580.55000000,2464.39300000,1784159999999,1431290.05762000,11969,873.72500000,507415.49583000
1784160000000,2026-07-16 00:00:00,580.56000000,582.40000000,578.00000000,579.51000000,5371.39300000,1784163599999,3115242.24139000,31644,2347.37400000,1362061.82669000
1784163600000,2026-07-16 01:00:00,579.51000000,580.49000000,577.85000000,579.91000000,4703.79900000,1784167199999,2725133.80112000,32593,2224.82900000,1289318.40322000
1784167200000,2026-07-16 02:00:00,579.91000000,580.68000000,579.45000000,580.36000000,1819.51900000,1784170799999,1055262.61312000,12531,845.23400000,490188.88758000
1784170800000,2026-07-16 03:00:00,580.36000000,581.52000000,580.15000000,581.46000000,2839.04900000,1784174399999,1649114.10950000,13748,1264.69300000,734661.57232000
1784174400000,2026-07-16 04:00:00,581.47000000,582.25000000,580.53000000,580.76000000,2044.48200000,1784177999999,1188474.34056000,11122,835.94700000,485968.36426000
1784178000000,2026-07-16 05:00:00,580.76000000,585.87000000,580.76000000,583.60000000,6071.44900000,1784181599999,3546799.61749000,25649,3387.10700000,1978589.22811000
1784181600000,2026-07-16 06:00:00,583.61000000,584.64000000,581.63000000,582.97000000,2783.55100000,1784185199999,1623123.82197000,15161,1156.24300000,674446.18044000
1784185200000,2026-07-16 07:00:00,582.98000000,583.12000000,578.88000000,579.86000000,3294.06700000,1784188799999,1912977.17654000,19408,1174.10300000,681798.20175000
1784188800000,2026-07-16 08:00:00,579.86000000,580.07000000,574.57000000,577.01000000,6999.32200000,1784192399999,4037865.71546000,31725,2580.49400000,1488583.75589000
1784192400000,2026-07-16 09:00:00,577.01000000,578.09000000,576.70000000,577.58000000,2926.16400000,1784195999999,1689986.48419000,16790,1151.87600000,665213.12447000
1784196000000,2026-07-16 10:00:00,577.58000000,578.25000000,577.20000000,577.61000000,2139.31700000,1784199599999,1235882.44398000,13991,873.64300000,504731.78389000
1784199600000,2026-07-16 11:00:00,577.61000000,578.48000000,576.31000000,578.09000000,2438.10000000,1784203199999,1407681.03368000,16951,959.49600000,553971.16041000
1784203200000,2026-07-16 12:00:00,578.09000000,578.09000000,575.66000000,576.68000000,2939.10900000,1784206799999,1695187.90900000,18671,1055.31000000,608750.46228000
1784206800000,2026-07-16 13:00:00,576.67000000,579.57000000,576.15000000,578.31000000,2921.51400000,1784210399999,1689031.96110000,24935,1101.98300000,637137.16027000
1784210400000,2026-07-16 14:00:00,578.31000000,581.21000000,578.00000000,579.80000000,3962.75600000,1784213999999,2297596.80868000,24225,1474.09300000,854707.71249000
1784214000000,2026-07-16 15:00:00,579.80000000,580.97000000,577.15000000,579.48000000,5413.22000000,1784217599999,3136094.06166000,27798,2186.51900000,1267248.56728000
1784217600000,2026-07-16 16:00:00,579.49000000,579.56000000,576.81000000,576.98000000,6944.99200000,1784221199999,4013789.25579000,23671,3090.95800000,1786336.35838000
1784221200000,2026-07-16 17:00:00,576.99000000,576.99000000,574.28000000,575.22000000,5908.67500000,1784224799999,3402351.45880000,22133,1815.73100000,1045494.55614000
1784224800000,2026-07-16 18:00:00,575.23000000,576.65000000,575.00000000,576.07000000,2735.85300000,1784228399999,1575706.34950000,14119,1308.63900000,753684.86321000
1784228400000,2026-07-16 19:00:00,576.07000000,576.38000000,575.16000000,575.80000000,2547.41000000,1784231999999,1466790.33834000,11393,886.24300000,510285.09497000
1784232000000,2026-07-16 20:00:00,575.81000000,576.00000000,574.74000000,574.85000000,2260.38800000,1784235599999,1300212.34084000,8805,833.45800000,479455.87305000
1784235600000,2026-07-16 21:00:00,574.85000000,576.86000000,574.68000000,576.23000000,1589.09500000,1784239199999,915571.02839000,8100,674.51600000,388569.31955000
1784239200000,2026-07-16 22:00:00,576.23000000,577.00000000,573.58000000,573.69000000,2322.84800000,1784242799999,1335627.36913000,13093,717.87600000,413101.35644000
1784242800000,2026-07-16 23:00:00,573.70000000,573.91000000,571.69000000,572.45000000,3373.17100000,1784246399999,1931962.03022000,18403,1299.95200000,744525.24122000
1784246400000,2026-07-17 00:00:00,572.45000000,573.88000000,570.65000000,573.88000000,5360.26800000,1784249999999,3067299.59979000,25025,2918.83200000,1670612.33759000
1784250000000,2026-07-17 01:00:00,573.88000000,574.84000000,571.21000000,571.62000000,3840.66500000,1784253599999,2202568.22103000,21184,1699.49400000,975047.86646000
1784253600000,2026-07-17 02:00:00,571.61000000,572.43000000,570.32000000,570.94000000,3726.98100000,1784257199999,2128631.63861000,19483,1489.46100000,850900.07760000
1784257200000,2026-07-17 03:00:00,570.94000000,573.47000000,570.69000000,572.36000000,4012.31200000,1784260799999,2297929.15816000,16934,1275.45200000,730250.01181000
1784260800000,2026-07-17 04:00:00,572.37000000,572.74000000,570.42000000,571.93000000,3042.19900000,1784264399999,1739005.49732000,14455,979.27200000,559708.57455000
1784264400000,2026-07-17 05:00:00,571.94000000,571.94000000,567.27000000,567.80000000,8126.65100000,1784267999999,4630667.13708000,30191,2958.44500000,1686279.42822000
1784268000000,2026-07-17 06:00:00,567.80000000,570.00000000,567.32000000,570.00000000,3952.69300000,1784271599999,2247487.72987000,17774,1537.80200000,874366.68319000
1784271600000,2026-07-17 07:00:00,570.00000000,570.15000000,566.00000000,566.00000000,5099.31700000,1784275199999,2894252.37588000,22653,1233.28700000,700560.68233000
1784275200000,2026-07-17 08:00:00,566.01000000,566.01000000,562.86000000,564.64000000,8083.40100000,1784278799999,4563037.21990000,36607,2149.08300000,1212987.98740000
1784278800000,2026-07-17 09:00:00,564.64000000,565.61000000,564.17000000,564.36000000,10477.20600000,1784282399999,5918126.47928000,28818,3996.47100000,2257273.16080000
1784282400000,2026-07-17 10:00:00,564.36000000,565.59000000,563.81000000,564.19000000,14166.86500000,1784285999999,8002227.03874000,29717,7678.41500000,4337971.16909000
1784286000000,2026-07-17 11:00:00,564.18000000,564.82000000,563.00000000,564.78000000,16345.03900000,1784289599999,9214782.42326000,31884,8034.69400000,4530004.08859000
1784289600000,2026-07-17 12:00:00,564.78000000,565.13000000,561.27000000,561.37000000,11933.67100000,1784293199999,6719020.88876000,38191,3743.71400000,2108317.32936000
1784293200000,2026-07-17 13:00:00,561.38000000,561.38000000,555.59000000,560.54000000,13436.46600000,1784296799999,7505113.64366000,64353,5286.75300000,2951707.26545000
1784296800000,2026-07-17 14:00:00,560.54000000,563.06000000,560.28000000,561.86000000,4624.29000000,1784300399999,2598727.89840000,29064,2562.80000000,1440287.14469000
1784300400000,2026-07-17 15:00:00,561.87000000,562.97000000,559.29000000,562.97000000,5495.52100000,1784303999999,3084514.59814000,33441,2505.64300000,1406434.67512000
1784304000000,2026-07-17 16:00:00,562.97000000,565.02000000,562.19000000,564.19000000,5805.25100000,1784307599999,3271234.25804000,27328,2885.23200000,1625949.53970000
1784307600000,2026-07-17 17:00:00,564.20000000,567.77000000,564.19000000,566.19000000,6074.92400000,1784311199999,3439612.65045000,29451,3950.59900000,2236805.31418000
1784311200000,2026-07-17 18:00:00,566.20000000,568.00000000,565.82000000,567.31000000,2479.93000000,1784314799999,1405750.60610000,15065,1284.66800000,728161.83581000
1784314800000,2026-07-17 19:00:00,567.31000000,568.05000000,565.66000000,568.05000000,1861.42300000,1784318399999,1055501.05842000,15141,1012.76500000,574399.07581000
1784318400000,2026-07-17 20:00:00,568.05000000,568.30000000,567.03000000,567.85000000,1464.56900000,1784321999999,831306.19210000,9600,822.58700000,466907.89861000
1784322000000,2026-07-17 21:00:00,567.85000000,569.16000000,567.84000000,568.62000000,1146.80300000,1784325599999,652020.57189000,7746,679.05000000,386094.53411000
1784325600000,2026-07-17 22:00:00,568.62000000,568.78000000,567.13000000,567.51000000,1103.38800000,1784329199999,626398.38689000,7872,459.27900000,260725.75417000
1784329200000,2026-07-17 23:00:00,567.51000000,568.61000000,566.62000000,568.09000000,1005.35800000,1784332799999,570928.04670000,6528,445.90700000,253185.93436000
1784332800000,2026-07-18 00:00:00,568.09000000,569.21000000,567.51000000,567.87000000,1664.39200000,1784336399999,945926.01771000,7932,1114.76200000,633588.30549000
1784336400000,2026-07-18 01:00:00,567.87000000,567.87000000,566.66000000,566.82000000,1693.02700000,1784339999999,960050.34430000,7325,549.19700000,311396.78892000
1784340000000,2026-07-18 02:00:00,566.82000000,568.40000000,566.25000000,567.79000000,3605.48500000,1784343599999,2046559.99201000,10497,2311.03700000,1311791.06933000
1784343600000,2026-07-18 03:00:00,567.79000000,568.85000000,567.74000000,568.39000000,4641.19200000,1784347199999,2636999.05177000,10601,2347.21300000,1333667.81468000
1784347200000,2026-07-18 04:00:00,568.39000000,568.43000000,566.92000000,567.19000000,2619.80400000,1784350799999,1486925.78502000,10590,1308.81400000,742790.16430000
1784350800000,2026-07-18 05:00:00,567.20000000,567.67000000,566.92000000,567.67000000,5055.17900000,1784354399999,2867528.14830000,13015,2472.12300000,1402257.84140000
1784354400000,2026-07-18 06:00:00,567.67000000,568.50000000,566.39000000,567.16000000,2262.78500000,1784357999999,1283620.51439000,10865,865.59000000,491070.13160000
1784358000000,2026-07-18 07:00:00,567.16000000,567.99000000,567.15000000,567.97000000,2205.54700000,1784361599999,1251873.19651000,10114,1065.70500000,604892.37295000
1784361600000,2026-07-18 08:00:00,567.97000000,568.94000000,567.80000000,567.85000000,4045.76200000,1784365199999,2298751.16333000,14366,2009.92200000,1142026.73470000
1784365200000,2026-07-18 09:00:00,567.85000000,568.84000000,567.69000000,568.48000000,4702.13100000,1784368799999,2671168.38679000,16252,2334.94200000,1326477.76352000
1784368800000,2026-07-18 10:00:00,568.48000000,569.83000000,568.32000000,569.56000000,2225.05200000,1784372399999,1265754.40952000,11075,1313.11100000,746977.16702000
1784372400000,2026-07-18 11:00:00,569.56000000,570.51000000,569.54000000,569.76000000,3259.99800000,1784375999999,1858124.73305000,14525,1928.66000000,1099181.49333000
1784376000000,2026-07-18 12:00:00,569.76000000,571.87000000,568.99000000,571.29000000,3402.72700000,1784379599999,1940798.44528000,16083,2111.72400000,1204264.15911000
1784379600000,2026-07-18 13:00:00,571.29000000,571.29000000,569.00000000,569.45000000,2089.30600000,1784383199999,1190380.25411000,13047,857.83200000,488758.06698000
1784383200000,2026-07-18 14:00:00,569.44000000,571.06000000,569.00000000,570.85000000,2895.26100000,1784386799999,1651701.09885000,17365,1106.18900000,631018.73127000
1784386800000,2026-07-18 15:00:00,570.85000000,570.92000000,569.72000000,570.86000000,2006.34100000,1784390399999,1144557.05357000,9739,765.44900000,436619.13309000
1784390400000,2026-07-18 16:00:00,570.86000000,571.47000000,570.06000000,571.18000000,1861.26300000,1784393999999,1062104.81836000,12455,1047.61000000,597824.16983000
1784394000000,2026-07-18 17:00:00,571.19000000,572.75000000,570.55000000,571.38000000,2940.50600000,1784397599999,1680489.87618000,19531,1531.54500000,875323.89718000
1784397600000,2026-07-18 18:00:00,571.39000000,572.74000000,570.35000000,570.61000000,2714.36400000,1784401199999,1550712.57008000,24548,1555.99700000,889034.04628000
1784401200000,2026-07-18 19:00:00,570.62000000,571.46000000,570.41000000,570.64000000,973.13300000,1784404799999,555484.29810000,11078,406.07500000,231811.39098000
1784404800000,2026-07-18 20:00:00,570.65000000,572.22000000,570.50000000,571.44000000,985.43500000,1784408399999,563024.54191000,8377,529.99100000,302845.85515000
1784408400000,2026-07-18 21:00:00,571.45000000,572.50000000,570.09000000,570.82000000,1935.41200000,1784411999999,1105351.22975000,11429,619.23600000,353820.34095000
1784412000000,2026-07-18 22:00:00,570.83000000,571.46000000,569.80000000,570.30000000,1551.94900000,1784415599999,885315.47819000,10643,635.04500000,362236.89112000
1784415600000,2026-07-18 23:00:00,570.31000000,571.22000000,569.66000000,570.65000000,1203.49200000,1784419199999,686630.00489000,8194,614.57000000,350637.91076000
1784419200000,2026-07-19 00:00:00,570.66000000,571.60000000,570.65000000,571.10000000,1476.14000000,1784422799999,843075.30951000,17108,871.65700000,497847.91920000
1784422800000,2026-07-19 01:00:00,571.10000000,571.11000000,570.24000000,570.59000000,1600.17200000,1784426399999,913034.12527000,15540,631.68100000,360394.20554000
1784426400000,2026-07-19 02:00:00,570.59000000,572.61000000,570.56000000,571.07000000,2652.42000000,1784429999999,1515904.97529000,16402,1428.54900000,816419.61915000
1784430000000,2026-07-19 03:00:00,571.07000000,571.20000000,568.70000000,569.15000000,2541.73700000,1784433599999,1447515.36651000,12851,1260.46100000,717791.45131000
1784433600000,2026-07-19 04:00:00,569.15000000,569.37000000,567.31000000,568.85000000,3385.03800000,1784437199999,1923953.24662000,15905,1539.80000000,875241.09797000
1784437200000,2026-07-19 05:00:00,568.84000000,569.41000000,568.59000000,568.84000000,2664.62900000,1784440799999,1516327.29506000,11560,1329.12600000,756359.54297000
1784440800000,2026-07-19 06:00:00,568.84000000,569.24000000,568.58000000,569.24000000,1200.69600000,1784444399999,683120.56236000,9415,664.01700000,377791.14650000
1784444400000,2026-07-19 07:00:00,569.24000000,569.68000000,568.64000000,569.04000000,1401.83000000,1784447999999,797778.57105000,6907,724.56300000,412347.85552000
1784448000000,2026-07-19 08:00:00,569.05000000,569.51000000,568.49000000,568.64000000,6978.98400000,1784451599999,3970851.17051000,13811,3343.62700000,1902301.57243000
1784451600000,2026-07-19 09:00:00,568.65000000,568.75000000,567.13000000,568.03000000,3052.26300000,1784455199999,1733708.59316000,14218,1239.10900000,703723.83677000
1784455200000,2026-07-19 10:00:00,568.02000000,569.03000000,567.51000000,568.25000000,1750.91200000,1784458799999,994508.02626000,12132,863.11600000,490319.67386000
1784458800000,2026-07-19 11:00:00,568.26000000,570.00000000,567.78000000,568.01000000,3109.55600000,1784462399999,1767944.52722000,14298,1427.21800000,811491.78116000
1784462400000,2026-07-19 12:00:00,568.01000000,568.02000000,567.00000000,568.02000000,2308.49900000,1784465999999,1310028.94823000,15910,893.61800000,507116.53436000
1784466000000,2026-07-19 13:00:00,568.03000000,568.34000000,567.15000000,568.34000000,1392.45900000,1784469599999,790527.11994000,10179,565.08300000,320844.48229000
1784469600000,2026-07-19 14:00:00,568.34000000,570.04000000,567.70000000,569.76000000,1885.13400000,1784473199999,1072378.23574000,13619,1147.05200000,652514.30395000
1784473200000,2026-07-19 15:00:00,569.76000000,570.96000000,569.41000000,570.16000000,1829.42000000,1784476799999,1043180.42855000,13712,821.47000000,468413.24032000
1784476800000,2026-07-19 16:00:00,570.16000000,570.47000000,568.21000000,568.40000000,1926.50800000,1784480399999,1097181.35738000,14573,843.83200000,480648.51863000
1784480400000,2026-07-19 17:00:00,568.40000000,569.77000000,567.03000000,568.36000000,2687.08300000,1784483999999,1528452.48120000,16462,1045.02100000,594407.67109000
1784484000000,2026-07-19 18:00:00,568.36000000,568.41000000,566.33000000,567.46000000,3090.03800000,1784487599999,1753058.20731000,16491,1445.84500000,820311.16659000
1784487600000,2026-07-19 19:00:00,567.47000000,568.16000000,566.85000000,568.15000000,685.56500000,1784491199999,389156.02490000,6925,380.66500000,216074.02938000
1784491200000,2026-07-19 20:00:00,568.16000000,569.79000000,568.16000000,569.78000000,703.38300000,1784494799999,400171.53757000,6882,416.61000000,237027.85215000
1784494800000,2026-07-19 21:00:00,569.79000000,569.92000000,568.00000000,568.65000000,963.47300000,1784498399999,548394.63626000,8198,508.26100000,289376.73105000
1784498400000,2026-07-19 22:00:00,568.65000000,571.75000000,568.33000000,570.72000000,3870.05100000,1784501999999,2209148.78258000,27410,1571.65900000,896775.26438000
1784502000000,2026-07-19 23:00:00,570.73000000,571.75000000,569.95000000,571.06000000,1941.21300000,1784505599999,1108404.24481000,17412,1055.46100000,602699.16122000
1784505600000,2026-07-20 00:00:00,571.06000000,573.94000000,568.40000000,569.34000000,6414.59600000,1784509199999,3663120.35575000,32511,3902.44400000,2228034.89297000
1784509200000,2026-07-20 01:00:00,569.35000000,572.75000000,568.23000000,569.01000000,3207.32100000,1784512799999,1830889.67223000,30513,1705.28900000,973767.56901000
1784512800000,2026-07-20 02:00:00,569.01000000,571.64000000,568.70000000,570.39000000,2604.94300000,1784516399999,1486281.89384000,25150,1092.11900000,623067.64051000
1784516400000,2026-07-20 03:00:00,570.39000000,571.00000000,569.12000000,570.13000000,2959.41700000,1784519999999,1686977.48216000,20200,1272.69700000,725451.54285000
1784520000000,2026-07-20 04:00:00,570.13000000,570.23000000,567.41000000,567.42000000,3171.08300000,1784523599999,1803531.83942000,17551,1493.04000000,849119.49152000
1784523600000,2026-07-20 05:00:00,567.42000000,567.63000000,564.00000000,565.30000000,5685.56100000,1784527199999,3217877.42819000,32216,1955.41900000,1106672.39705000
1784527200000,2026-07-20 06:00:00,565.31000000,565.79000000,562.97000000,564.48000000,4184.21400000,1784530799999,2360963.31516000,24338,1426.34100000,804903.38857000
1784530800000,2026-07-20 07:00:00,564.49000000,566.86000000,563.90000000,566.69000000,3034.53900000,1784534399999,1716323.77352000,18795,1618.21400000,915190.11672000
1784534400000,2026-07-20 08:00:00,566.70000000,567.04000000,564.35000000,565.29000000,3685.49300000,1784537999999,2084683.79150000,23615,1261.13100000,713350.49929000
1784538000000,2026-07-20 09:00:00,565.30000000,567.04000000,564.85000000,565.86000000,3043.56000000,1784541599999,1723366.31578000,14798,953.03000000,539581.31887000
1784541600000,2026-07-20 10:00:00,565.86000000,567.68000000,565.68000000,566.62000000,3555.24400000,1784545199999,2015180.75033000,19779,1567.34800000,888414.11271000
1784545200000,2026-07-20 11:00:00,566.62000000,571.43000000,566.41000000,571.01000000,8191.77600000,1784548799999,4667296.65909000,38156,3827.85300000,2181382.76778000
1784548800000,2026-07-20 12:00:00,571.02000000,571.03000000,569.02000000,569.31000000,5311.22900000,1784552399999,3026354.73727000,31869,2156.23500000,1228606.37062000
1784552400000,2026-07-20 13:00:00,569.31000000,569.93000000,566.16000000,566.76000000,5633.91600000,1784555999999,3203946.65079000,38460,1991.70300000,1132877.09195000
1784556000000,2026-07-20 14:00:00,566.77000000,568.52000000,565.00000000,567.61000000,4747.63500000,1784559599999,2690994.98206000,44243,1905.00600000,1079922.74832000
1784559600000,2026-07-20 15:00:00,567.61000000,574.60000000,567.61000000,573.91000000,7838.52800000,1784563199999,4482841.93166000,36711,4378.79200000,2504655.53571000
1784563200000,2026-07-20 16:00:00,573.92000000,574.90000000,572.39000000,573.29000000,9025.28700000,1784566799999,5178952.38222000,32554,4542.31200000,2607052.98356000
1784566800000,2026-07-20 17:00:00,573.30000000,574.82000000,572.21000000,574.01000000,3568.15500000,1784570399999,2045526.75119000,21764,1835.12600000,1052214.08215000
1784570400000,2026-07-20 18:00:00,574.01000000,575.91000000,572.05000000,572.32000000,5937.83600000,1784573999999,3410661.76431000,27915,3430.53000000,1971714.09391000
1784574000000,2026-07-20 19:00:00,572.32000000,572.60000000,571.05000000,571.30000000,3914.36800000,1784577599999,2238601.96493000,18585,1597.15300000,913530.99550000
1784577600000,2026-07-20 20:00:00,571.30000000,572.96000000,570.86000000,572.43000000,1660.68600000,1784581199999,950038.41495000,10685,617.64200000,353382.46550000
1784581200000,2026-07-20 21:00:00,572.43000000,572.73000000,571.20000000,571.28000000,2019.58200000,1784584799999,1154830.29437000,11738,859.14400000,491169.88163000
1784584800000,2026-07-20 22:00:00,571.29000000,571.29000000,569.91000000,570.00000000,1374.02200000,1784588399999,783839.99351000,10626,543.03100000,309788.59505000
1784588400000,2026-07-20 23:00:00,570.00000000,571.60000000,569.86000000,571.27000000,1977.81600000,1784591999999,1128826.31338000,17107,977.20800000,557711.06080000
1784592000000,2026-07-21 00:00:00,571.28000000,573.78000000,570.75000000,573.51000000,2280.87000000,1784595599999,1305532.74802000,24723,1234.86400000,706707.39713000
1784595600000,2026-07-21 01:00:00,573.51000000,574.12000000,572.02000000,572.16000000,2129.42000000,1784599199999,1220206.11858000,16817,844.52800000,484013.84127000
1784599200000,2026-07-21 02:00:00,572.17000000,574.28000000,571.31000000,573.37000000,2285.55900000,1784602799999,1309055.58593000,14215,1238.01600000,709105.05287000
1784602800000,2026-07-21 03:00:00,573.38000000,575.37000000,573.38000000,575.25000000,3615.82300000,1784606399999,2077658.22776000,18509,2007.46400000,1153578.82988000
1784606400000,2026-07-21 04:00:00,575.25000000,576.08000000,573.76000000,573.91000000,5521.47000000,1784609999999,3175766.87653000,18103,2009.82100000,1155586.28494000
1784610000000,2026-07-21 05:00:00,573.91000000,575.80000000,573.90000000,574.94000000,3964.80400000,1784613599999,2277936.12182000,20863,1937.43800000,1113030.56429000
1784613600000,2026-07-21 06:00:00,574.94000000,576.96000000,574.83000000,576.39000000,4852.30400000,1784617199999,2796269.05866000,20889,1818.05700000,1047625.73350000
1784617200000,2026-07-21 07:00:00,576.40000000,576.90000000,575.15000000,576.85000000,6400.97700000,1784620799999,3686972.05059000,21276,2741.35700000,1579141.22677000
1784620800000,2026-07-21 08:00:00,576.86000000,578.61000000,576.32000000,577.68000000,8886.17200000,1784624399999,5132419.10968000,29403,5507.66100000,3181411.99988000
1784624400000,2026-07-21 09:00:00,577.68000000,579.77000000,577.06000000,579.42000000,4240.91000000,1784627999999,2453800.54207000,23653,2074.70800000,1200445.73740000
1784628000000,2026-07-21 10:00:00,579.42000000,579.79000000,577.32000000,577.76000000,5916.34100000,1784631599999,3421186.19980000,21097,3158.47300000,1826197.47940000
1784631600000,2026-07-21 11:00:00,577.76000000,577.96000000,576.18000000,576.66000000,5460.37500000,1784635199999,3150345.13724000,17766,1657.12300000,956133.81773000
1784635200000,2026-07-21 12:00:00,576.67000000,578.00000000,576.18000000,577.74000000,4359.54200000,1784638799999,2516786.96528000,27280,2022.54600000,1167601.87318000
1784638800000,2026-07-21 13:00:00,577.74000000,577.93000000,576.22000000,577.71000000,6429.40000000,1784642399999,3709977.32043000,27222,2640.47600000,1523451.74241000
1784642400000,2026-07-21 14:00:00,577.72000000,577.80000000,574.48000000,575.79000000,11586.09000000,1784645999999,6667828.95370000,45200,4715.64200000,2713630.22420000
1784646000000,2026-07-21 15:00:00,575.79000000,575.82000000,574.53000000,575.17000000,3573.00700000,1784649599999,2055430.92440000,19395,1332.83400000,766778.53269000
1784649600000,2026-07-21 16:00:00,575.17000000,575.60000000,574.00000000,574.70000000,3322.36300000,1784653199999,1909514.94888000,19400,1388.89100000,798305.70242000
1784653200000,2026-07-21 17:00:00,574.69000000,574.79000000,572.15000000,573.03000000,5680.80900000,1784656799999,3258232.01464000,26794,2142.79900000,1228927.54685000
1784656800000,2026-07-21 18:00:00,573.04000000,573.78000000,572.33000000,573.27000000,3367.59300000,1784660399999,1929826.92939000,18583,1295.18200000,742232.17678000
1784660400000,2026-07-21 19:00:00,573.28000000,573.39000000,572.61000000,572.75000000,2283.51400000,1784663999999,1308428.48952000,13834,811.28800000,464865.84229000
1784664000000,2026-07-21 20:00:00,572.74000000,573.64000000,572.50000000,573.12000000,1043.01600000,1784667599999,597664.28348000,7193,467.81100000,268071.45176000
1784667600000,2026-07-21 21:00:00,573.12000000,573.99000000,572.60000000,573.38000000,1956.30800000,1784671199999,1121677.31708000,11179,894.33200000,512815.72050000
1784671200000,2026-07-21 22:00:00,573.38000000,573.61000000,572.25000000,572.81000000,1455.39400000,1784674799999,833799.70858000,10662,544.31500000,311837.39371000
1784674800000,2026-07-21 23:00:00,572.82000000,574.16000000,571.81000000,573.95000000,2368.40300000,1784678399999,1356582.72320000,14195,1093.13100000,626184.90153000
1784678400000,2026-07-22 00:00:00,573.96000000,575.63000000,573.52000000,574.79000000,6154.78600000,1784681999999,3538478.70022000,22096,3385.64000000,1946173.08064000
1784682000000,2026-07-22 01:00:00,574.79000000,574.97000000,573.05000000,573.37000000,2539.14100000,1784685599999,1457149.88786000,14669,1185.71500000,680498.14755000
1784685600000,2026-07-22 02:00:00,573.37000000,574.16000000,572.54000000,572.69000000,1942.18500000,1784689199999,1113405.25761000,12267,683.69600000,392006.04508000
1784689200000,2026-07-22 03:00:00,572.70000000,572.89000000,570.90000000,571.08000000,3052.63700000,1784692799999,1745708.98959000,17050,1225.74600000,700938.18970000
1784692800000,2026-07-22 04:00:00,571.07000000,572.58000000,570.49000000,572.15000000,2582.32700000,1784696399999,1475955.49285000,14017,956.30300000,546600.39967000
1784696400000,2026-07-22 05:00:00,572.16000000,572.16000000,568.59000000,569.21000000,3372.68800000,1784699999999,1922242.06176000,22004,1298.33500000,739971.00536000
1784700000000,2026-07-22 06:00:00,569.22000000,569.65000000,566.89000000,568.02000000,3910.95200000,1784703599999,2222082.80019000,20212,1643.29700000,933991.63608000
1784703600000,2026-07-22 07:00:00,568.02000000,568.56000000,567.38000000,568.27000000,3390.43500000,1784707199999,1925466.02620000,18207,1900.93400000,1079605.54977000
1784707200000,2026-07-22 08:00:00,568.27000000,570.40000000,568.18000000,570.13000000,3255.67400000,1784710799999,1855308.36266000,17106,1731.99600000,986929.63490000
1784710800000,2026-07-22 09:00:00,570.13000000,571.26000000,569.19000000,571.08000000,3219.72500000,1784714399999,1835328.33798000,17397,1730.86300000,986751.05244000
1784714400000,2026-07-22 10:00:00,571.09000000,571.77000000,570.85000000,570.94000000,3023.05300000,1784717999999,1727174.64019000,14432,1062.14700000,606803.58781000
1784718000000,2026-07-22 11:00:00,570.95000000,571.77000000,570.40000000,570.97000000,3156.97400000,1784721599999,1802989.77517000,18569,1360.76900000,777118.60129000
1784721600000,2026-07-22 12:00:00,570.97000000,570.98000000,569.37000000,570.12000000,2372.12700000,1784725199999,1352783.17879000,15823,734.99400000,419147.93952000
1784725200000,2026-07-22 13:00:00,570.12000000,572.66000000,569.91000000,572.31000000,3538.82100000,1784728799999,2022148.75703000,27029,1637.42100000,935731.05345000
1784728800000,2026-07-22 14:00:00,572.31000000,575.25000000,570.41000000,571.01000000,6072.33900000,1784732399999,3474216.38701000,30809,3006.67800000,1720594.29525000
1784732400000,2026-07-22 15:00:00,571.01000000,573.28000000,571.01000000,572.50000000,7332.30000000,1784735999999,4196769.15363000,26480,3453.76300000,1976665.95989000
1784736000000,2026-07-22 16:00:00,572.50000000,575.18000000,570.93000000,574.83000000,6207.87600000,1784739599999,3559806.43704000,31038,3275.76100000,1879508.60769000
1784739600000,2026-07-22 17:00:00,574.84000000,575.50000000,571.40000000,571.82000000,6973.95800000,1784743199999,3998402.33165000,29361,2773.06100000,1590156.00856000
1784743200000,2026-07-22 18:00:00,571.83000000,572.37000000,569.60000000,570.18000000,4877.61800000,1784746799999,2784293.60529000,20656,2436.46400000,1390261.94758000
1784746800000,2026-07-22 19:00:00,570.19000000,570.31000000,568.98000000,570.16000000,1501.26200000,1784750399999,855513.33434000,13397,671.37300000,382585.65963000
1784750400000,2026-07-22 20:00:00,570.16000000,570.97000000,569.61000000,570.55000000,2376.50600000,1784753999999,1355194.67678000,14453,975.65600000,556430.05414000
1784754000000,2026-07-22 21:00:00,570.56000000,572.18000000,570.45000000,571.34000000,1657.92100000,1784757599999,947326.91487000,9649,448.49400000,256251.80853000
1784757600000,2026-07-22 22:00:00,571.35000000,571.51000000,570.29000000,571.38000000,1263.82600000,1784761199999,721523.53044000,11960,484.43100000,276542.79200000
1784761200000,2026-07-22 23:00:00,571.38000000,571.39000000,569.38000000,571.08000000,1108.86500000,1784764799999,632482.97753000,9778,501.23200000,285872.57514000
1784764800000,2026-07-23 00:00:00,571.09000000,572.24000000,570.86000000,571.35000000,2000.13600000,1784768399999,1143497.58721000,12092,851.97600000,487070.27119000
1784768400000,2026-07-23 01:00:00,571.36000000,571.80000000,570.01000000,570.81000000,2791.26900000,1784771999999,1593263.88030000,13705,928.65300000,530056.53950000
1784772000000,2026-07-23 02:00:00,570.82000000,571.04000000,570.00000000,570.80000000,1426.32100000,1784775599999,813895.59122000,10856,609.30900000,347696.12383000
1784775600000,2026-07-23 03:00:00,570.81000000,571.15000000,569.62000000,570.38000000,2333.74100000,1784779199999,1331394.19189000,12250,1098.21700000,626524.58655000
1784779200000,2026-07-23 04:00:00,570.38000000,570.52000000,569.55000000,569.77000000,2356.94500000,1784782799999,1343600.63525000,12762,963.35900000,549120.59369000
1784782800000,2026-07-23 05:00:00,569.78000000,570.64000000,569.00000000,569.90000000,1897.79000000,1784786399999,1081001.93474000,11354,1035.83900000,589978.75504000
1784786400000,2026-07-23 06:00:00,569.90000000,570.58000000,569.34000000,570.33000000,2272.09900000,1784789999999,1295323.48689000,11891,983.75200000,560825.76496000
1784790000000,2026-07-23 07:00:00,570.33000000,570.33000000,568.23000000,569.82000000,2453.09200000,1784793599999,1396915.24946000,14673,1184.60700000,674528.16732000
1784793600000,2026-07-23 08:00:00,569.83000000,571.51000000,569.68000000,570.49000000,2971.82500000,1784797199999,1695647.15150000,15392,1072.06700000,611712.67401000
1784797200000,2026-07-23 09:00:00,570.50000000,570.98000000,568.91000000,569.30000000,4938.58900000,1784800799999,2814852.60663000,16195,1231.55200000,702056.37094000
1784800800000,2026-07-23 10:00:00,569.31000000,570.28000000,569.13000000,569.96000000,2783.67100000,1784804399999,1586130.18063000,12245,1309.99300000,746441.90081000
1784804400000,2026-07-23 11:00:00,569.97000000,571.00000000,569.54000000,569.99000000,3565.09900000,1784807999999,2033143.44462000,13962,1240.02100000,707162.42579000
1784808000000,2026-07-23 12:00:00,570.00000000,570.28000000,566.80000000,569.01000000,6455.05500000,1784811599999,3671561.34706000,27291,2253.95300000,1282517.86974000
1784811600000,2026-07-23 13:00:00,569.01000000,569.46000000,566.25000000,566.25000000,5272.05100000,1784815199999,2995754.29674000,38674,2252.64900000,1280343.39942000
1784815200000,2026-07-23 14:00:00,566.26000000,568.30000000,565.93000000,566.95000000,6616.44600000,1784818799999,3752406.58448000,36789,3489.87700000,1979712.97022000
1784818800000,2026-07-23 15:00:00,566.96000000,567.87000000,563.71000000,567.66000000,5964.29400000,1784822399999,3374492.82592000,33796,2662.30000000,1506524.64104000
1784822400000,2026-07-23 16:00:00,567.66000000,567.79000000,566.21000000,566.69000000,2741.50300000,1784825999999,1554053.11039000,20386,1327.41100000,752343.99730000
1784826000000,2026-07-23 17:00:00,566.69000000,567.72000000,565.01000000,565.56000000,2370.22800000,1784829599999,1343352.87335000,16866,1068.38700000,605607.00818000
1784829600000,2026-07-23 18:00:00,565.57000000,567.69000000,565.57000000,567.26000000,1356.77500000,1784833199999,768882.22038000,14788,543.21800000,307842.62210000
1784833200000,2026-07-23 19:00:00,567.27000000,567.55000000,565.43000000,566.64000000,1213.07900000,1784836799999,687436.23514000,11625,651.01000000,368874.03670000
1784836800000,2026-07-23 20:00:00,566.64000000,568.80000000,566.60000000,567.79000000,1327.03700000,1784840399999,753790.22047000,9958,654.58100000,371828.13228000
1784840400000,2026-07-23 21:00:00,567.79000000,568.09000000,566.82000000,567.37000000,1860.41200000,1784843999999,1055312.36257000,10971,1037.83400000,588676.27651000
1784844000000,2026-07-23 22:00:00,567.37000000,567.96000000,566.14000000,567.96000000,2453.08200000,1784847599999,1391138.27559000,12417,1326.92600000,752578.28513000
1784847600000,2026-07-23 23:00:00,567.96000000,568.33000000,567.18000000,567.41000000,1185.70600000,1784851199999,673233.63224000,9069,495.22400000,281196.23648000
1784851200000,2026-07-24 00:00:00,567.41000000,567.99000000,565.92000000,567.95000000,2908.37800000,1784854799999,1649561.34734000,18151,1349.73000000,765586.78182000
1784854800000,2026-07-24 01:00:00,567.95000000,568.67000000,567.46000000,567.97000000,1256.37100000,1784858399999,713702.51308000,10925,576.36600000,327421.56622000
1784858400000,2026-07-24 02:00:00,567.97000000,568.43000000,566.56000000,567.35000000,1295.25500000,1784861999999,735148.86340000,12716,615.25100000,349214.27853000
1784862000000,2026-07-24 03:00:00,567.36000000,570.39000000,567.00000000,569.15000000,3457.35100000,1784865599999,1968528.35978000,17533,1673.38900000,952848.27181000
1784865600000,2026-07-24 04:00:00,569.15000000,569.28000000,567.15000000,567.29000000,2020.04100000,1784869199999,1147864.48745000,11967,909.87100000,516971.85823000
1784869200000,2026-07-24 05:00:00,567.29000000,567.97000000,566.81000000,567.64000000,2474.33400000,1784872799999,1404071.13859000,17202,1156.83300000,656468.94137000
1784872800000,2026-07-24 06:00:00,567.65000000,569.31000000,567.46000000,568.58000000,1991.76800000,1784876399999,1132137.74083000,16559,1062.23400000,603812.61486000
1784876400000,2026-07-24 07:00:00,568.59000000,571.31000000,568.58000000,569.50000000,4882.16700000,1784879999999,2783416.66904000,25460,2648.78500000,1510056.37346000
1784880000000,2026-07-24 08:00:00,569.51000000,569.63000000,568.05000000,568.17000000,2765.26700000,1784883599999,1572621.68446000,15068,1317.98600000,749582.91747000
1784883600000,2026-07-24 09:00:00,568.18000000,568.44000000,566.51000000,568.42000000,4159.88800000,1784887199999,2359555.76391000,16817,1205.52400000,683913.41345000
1784887200000,2026-07-24 10:00:00,568.42000000,568.66000000,566.76000000,566.97000000,1657.97800000,1784890799999,941068.97095000,12903,517.67800000,293879.33192000
1784890800000,2026-07-24 11:00:00,566.97000000,567.00000000,565.18000000,566.98000000,4306.97700000,1784894399999,2438662.35007000,22242,1624.38600000,919804.47909000
1784894400000,2026-07-24 12:00:00,566.98000000,566.99000000,563.00000000,563.88000000,6298.86700000,1784897999999,3560964.29565000,25301,2031.61200000,1148765.08190000
1784898000000,2026-07-24 13:00:00,563.88000000,563.93000000,556.00000000,558.90000000,16406.92400000,1784901599999,9186620.96016000,76734,6776.33600000,3794809.88525000
1784901600000,2026-07-24 14:00:00,558.89000000,560.66000000,556.60000000,560.65000000,9917.75400000,1784905199999,5538372.28238000,43425,5522.38600000,3084369.61498000
1784905200000,2026-07-24 15:00:00,560.66000000,562.71000000,559.55000000,561.41000000,5293.06600000,1784908799999,2972181.87392000,26647,3082.14300000,1730751.77860000
1784908800000,2026-07-24 16:00:00,561.41000000,562.02000000,560.00000000,560.47000000,4123.52900000,1784912399999,2313071.66078000,21673,1973.87400000,1107311.30417000
1784912400000,2026-07-24 17:00:00,560.48000000,562.80000000,560.33000000,562.33000000,2817.48800000,1784915999999,1581630.07612000,17127,1366.63300000,767212.42170000
1784916000000,2026-07-24 18:00:00,562.34000000,562.80000000,561.34000000,562.29000000,2144.02200000,1784919599999,1205028.32960000,13856,1243.90700000,699069.85345000
1784919600000,2026-07-24 19:00:00,562.29000000,566.37000000,562.29000000,565.16000000,6106.08100000,1784923199999,3451319.15870000,27016,3146.41500000,1778319.84375000
1784923200000,2026-07-24 20:00:00,565.17000000,565.71000000,564.81000000,565.01000000,1914.01400000,1784926799999,1081842.16133000,10347,656.70000000,371168.53937000
1784926800000,2026-07-24 21:00:00,565.02000000,565.25000000,563.60000000,563.78000000,1664.13400000,1784930399999,939406.30596000,13245,805.30400000,454596.30482000
1784930400000,2026-07-24 22:00:00,563.78000000,565.25000000,563.77000000,564.83000000,1084.28000000,1784933999999,612335.27919000,10315,591.28100000,333886.37588000
1784934000000,2026-07-24 23:00:00,564.83000000,565.23000000,564.26000000,564.90000000,1542.93900000,1784937599999,871410.30273000,7735,724.21400000,408984.19533000
1784937600000,2026-07-25 00:00:00,564.91000000,565.29000000,564.35000000,564.97000000,2537.13400000,1784941199999,1433372.47655000,9167,1077.01500000,608429.00354000
1784941200000,2026-07-25 01:00:00,564.98000000,565.41000000,564.18000000,565.15000000,3773.08500000,1784944799999,2131726.82231000,9586,1763.61100000,996462.14290000
1784944800000,2026-07-25 02:00:00,565.16000000,566.13000000,564.71000000,566.13000000,1926.98200000,1784948399999,1089424.43608000,8524,837.96400000,473856.77618000
1784948400000,2026-07-25 03:00:00,566.13000000,566.47000000,565.05000000,565.37000000,2960.92700000,1784951999999,1674863.14936000,9740,1373.53000000,776901.86352000
1784952000000,2026-07-25 04:00:00,565.37000000,565.78000000,565.05000000,565.61000000,2349.43800000,1784955599999,1328455.80396000,7245,1245.24200000,704142.91771000
1784955600000,2026-07-25 05:00:00,565.61000000,566.15000000,564.76000000,565.00000000,2337.79100000,1784959199999,1322058.20309000,8452,1398.81700000,791124.67340000
1784959200000,2026-07-25 06:00:00,565.00000000,565.14000000,564.25000000,565.02000000,1792.40400000,1784962799999,1012326.38993000,10002,718.92900000,405999.71946000
1784962800000,2026-07-25 07:00:00,565.02000000,565.23000000,563.90000000,564.81000000,1484.11900000,1784966399999,837941.95289000,9514,724.56000000,409087.75864000
1784966400000,2026-07-25 08:00:00,564.81000000,565.43000000,564.34000000,564.84000000,2829.22900000,1784969999999,1598191.20881000,11814,1394.38200000,787690.32469000
1784970000000,2026-07-25 09:00:00,564.84000000,565.90000000,564.39000000,565.51000000,1977.17400000,1784973599999,1117528.61346000,8936,767.82700000,434011.31010000
1784973600000,2026-07-25 10:00:00,565.52000000,566.09000000,565.30000000,565.69000000,2197.28300000,1784977199999,1242911.50285000,7987,1428.56200000,808091.05400000
1784977200000,2026-07-25 11:00:00,565.69000000,566.16000000,565.01000000,565.74000000,2330.74900000,1784980799999,1318437.97469000,8792,1296.83700000,733538.92515000
1784980800000,2026-07-25 12:00:00,565.75000000,566.85000000,564.98000000,566.79000000,2109.01400000,1784984399999,1192935.92263000,9378,783.33700000,443230.95416000
1784984400000,2026-07-25 13:00:00,566.80000000,569.33000000,566.80000000,568.29000000,3613.42800000,1784987999999,2052099.97861000,17699,2078.77100000,1180533.25750000
1784988000000,2026-07-25 14:00:00,568.29000000,568.29000000,566.55000000,567.08000000,2918.83400000,1784991599999,1655688.94551000,13772,1112.06000000,630904.59804000
1784991600000,2026-07-25 15:00:00,567.08000000,567.68000000,566.43000000,567.38000000,3848.05800000,1784995199999,2181863.38146000,12576,1628.62800000,923454.18001000
1784995200000,2026-07-25 16:00:00,567.39000000,568.16000000,566.51000000,567.36000000,3128.66400000,1784998799999,1775171.34199000,13409,1094.13400000,620783.81718000
1784998800000,2026-07-25 17:00:00,567.35000000,568.97000000,566.91000000,568.31000000,2006.59200000,1785002399999,1139719.09821000,11046,1041.26900000,591453.63806000
1785002400000,2026-07-25 18:00:00,568.32000000,569.10000000,568.12000000,568.95000000,1521.86300000,1785005999999,865396.26698000,9351,978.41100000,556347.92032000
1785006000000,2026-07-25 19:00:00,568.96000000,569.02000000,568.42000000,568.70000000,863.67100000,1785009599999,491134.55255000,6049,525.74600000,298972.37840000
1785009600000,2026-07-25 20:00:00,568.70000000,569.07000000,568.28000000,568.41000000,1103.54300000,1785013199999,627564.46938000,6168,740.58700000,421185.84781000
1785013200000,2026-07-25 21:00:00,568.42000000,570.00000000,568.23000000,568.86000000,1622.90200000,1785016799999,923864.52434000,8698,937.94600000,533938.24951000
1785016800000,2026-07-25 22:00:00,568.86000000,569.98000000,568.80000000,569.59000000,1120.09300000,1785020399999,637651.10096000,7317,593.56200000,337918.75534000
1785020400000,2026-07-25 23:00:00,569.60000000,569.68000000,568.87000000,568.94000000,1044.29800000,1785023999999,594583.43055000,4333,491.27800000,279702.73192000
1785024000000,2026-07-26 00:00:00,568.94000000,570.53000000,568.94000000,570.31000000,2726.46300000,1785027599999,1553832.79483000,9833,1328.38000000,757121.77235000
1785027600000,2026-07-26 01:00:00,570.31000000,570.41000000,569.69000000,570.17000000,2496.73600000,1785031199999,1423334.59508000,7690,1159.93400000,661256.37555000
1785031200000,2026-07-26 02:00:00,570.18000000,570.30000000,569.54000000,570.30000000,2945.06500000,1785034799999,1678396.29120000,8733,1501.25400000,855568.61562000
1785034800000,2026-07-26 03:00:00,570.30000000,570.84000000,570.09000000,570.43000000,1472.38600000,1785038399999,839865.00891000,7645,943.43100000,538134.12299000
1785038400000,2026-07-26 04:00:00,570.44000000,571.48000000,569.93000000,570.88000000,1777.82600000,1785041999999,1014696.06289000,9386,1129.87800000,644882.79264000
1785042000000,2026-07-26 05:00:00,570.89000000,571.97000000,570.47000000,571.19000000,2131.24000000,1785045599999,1217912.40847000,11366,918.46800000,524879.05576000
1785045600000,2026-07-26 06:00:00,571.20000000,572.39000000,570.31000000,572.37000000,5804.61400000,1785049199999,3315559.77931000,17795,2920.78700000,1668471.26835000
1785049200000,2026-07-26 07:00:00,572.38000000,572.91000000,571.30000000,571.57000000,2330.88300000,1785052799999,1333331.75802000,12075,1122.18300000,641980.67029000
1785052800000,2026-07-26 08:00:00,571.56000000,571.86000000,570.88000000,571.72000000,4832.45800000,1785056399999,2761540.52004000,11245,2459.67600000,1405622.09498000
1785056400000,2026-07-26 09:00:00,571.73000000,572.45000000,571.11000000,571.44000000,1891.18100000,1785059999999,1080945.37819000,9264,706.83200000,403948.54570000
1785060000000,2026-07-26 10:00:00,571.45000000,571.47000000,570.80000000,571.08000000,1481.06900000,1785063599999,845907.46621000,7751,874.10000000,499217.65525000
1785063600000,2026-07-26 11:00:00,571.08000000,571.19000000,570.44000000,570.65000000,1361.41600000,1785067199999,777090.21480000,6388,677.44500000,386638.36344000
1785067200000,2026-07-26 12:00:00,570.66000000,571.85000000,570.32000000,570.78000000,3618.33800000,1785070799999,2065268.57442000,9472,2383.06500000,1359967.91298000
1785070800000,2026-07-26 13:00:00,570.78000000,571.88000000,570.01000000,571.46000000,2062.82200000,1785074399999,1177298.33240000,12577,872.09800000,497727.80451000
1785074400000,2026-07-26 14:00:00,571.46000000,572.89000000,571.45000000,572.77000000,5035.45400000,1785077999999,2880944.32881000,20271,3234.95500000,1850749.70817000
1785078000000,2026-07-26 15:00:00,572.78000000,573.99000000,572.44000000,573.79000000,4432.88200000,1785081599999,2540823.52825000,19650,2896.87200000,1660501.87369000
1785081600000,2026-07-26 16:00:00,573.80000000,574.75000000,573.00000000,573.34000000,3349.28500000,1785085199999,1921626.53255000,15994,1911.24200000,1096610.75884000
1785085200000,2026-07-26 17:00:00,573.35000000,573.74000000,572.82000000,572.89000000,2276.09500000,1785088799999,1304519.52832000,11672,1063.13200000,609319.26005000
