open_time,datetime,open,high,low,close,volume,close_time,quote_volume,trades,taker_buy_base,taker_buy_quote
1753560000000,2025-07-26 20:00:00,118232.11000000,118276.66000000,117883.86000000,117919.99000000,858.64895000,1753574399999,101349587.45095100,108749,343.44877000,40541358.64819870
1753574400000,2025-07-27 00:00:00,117919.99000000,118358.18000000,117825.50000000,118182.83000000,1007.50696000,1753588799999,119027557.08593030,112389,575.64347000,68009812.95415000
1753588800000,2025-07-27 04:00:00,118182.83000000,118438.83000000,118066.74000000,118095.95000000,808.21213000,1753603199999,95561585.86911340,104278,390.89967000,46221367.12602860
1753603200000,2025-07-27 08:00:00,118095.95000000,118292.86000000,117859.98000000,118072.71000000,835.96960000,1753617599999,98708410.16136550,120595,388.89313000,45917656.82305550
1753617600000,2025-07-27 12:00:00,118072.71000000,118588.00000000,117890.00000000,118585.74000000,1586.05165000,1753631999999,187626934.03330280,182821,894.22688000,105793419.62169720
1753632000000,2025-07-27 16:00:00,118585.75000000,119540.01000000,118585.75000000,118960.00000000,3418.37234000,1753646399999,407360766.69086950,354026,2213.46507000,263777127.92719770
1753646400000,2025-07-27 20:00:00,118960.01000000,119766.65000000,118713.74000000,119415.55000000,1672.19651000,1753660799999,199598288.32021670,220971,775.17536000,92542176.79859870
1753660800000,2025-07-28 00:00:00,119415.56000000,119800.00000000,118960.50000000,119287.99000000,1824.53168000,1753675199999,217797781.98470390,289119,835.00751000,99693864.72561300
1753675200000,2025-07-28 04:00:00,119287.99000000,119701.07000000,118774.31000000,118900.00000000,2360.06220000,1753689599999,281402696.38436020,233844,1325.92556000,158105257.64512300
1753689600000,2025-07-28 08:00:00,118900.01000000,119102.69000000,118475.47000000,118827.49000000,2060.18220000,1753703999999,244734013.26132420,212608,1199.17319000,142442771.81538390
1753704000000,2025-07-28 12:00:00,118827.49000000,119093.68000000,117895.73000000,118174.90000000,3792.61028000,1753718399999,449216545.14388690,519386,1973.63361000,233868099.64591840
1753718400000,2025-07-28 16:00:00,118174.89000000,118376.61000000,117427.50000000,118068.73000000,2575.55527000,1753732799999,303595815.91548300,339420,1162.08076000,137000465.18141000
1753732800000,2025-07-28 20:00:00,118068.73000000,118350.01000000,117500.09000000,118062.32000000,1348.80591000,1753747199999,159135383.20675980,230400,729.09711000,86017895.20996050
1753747200000,2025-07-29 00:00:00,118062.32000000,118800.00000000,117450.00000000,118764.85000000,2242.87768000,1753761599999,264931696.50738920,338133,1064.89944000,125786428.91931720
1753761600000,2025-07-29 04:00:00,118764.85000000,119273.36000000,118416.66000000,118882.37000000,2579.99271000,1753775999999,306618607.48295110,246815,1366.61947000,162425984.93775510
1753776000000,2025-07-29 08:00:00,118882.37000000,119051.00000000,118160.87000000,118592.38000000,1962.95351000,1753790399999,232866007.20018230,254130,1149.33314000,136328523.16735520
1753790400000,2025-07-29 12:00:00,118592.38000000,119080.81000000,117272.00000000,117400.01000000,4173.95638000,1753804799999,493253408.48979560,537143,2136.27132000,252608273.25779040
1753804800000,2025-07-29 16:00:00,117400.02000000,118057.05000000,116950.75000000,117525.29000000,2441.06334000,1753819199999,286940381.00647480,348254,1310.73632000,154102943.12500350
1753819200000,2025-07-29 20:00:00,117525.28000000,118000.00000000,117094.96000000,117950.76000000,1737.09083000,1753833599999,204071982.99885330,232219,961.07767000,112910646.66736600
1753833600000,2025-07-30 00:00:00,117950.75000000,118250.00000000,117412.53000000,118161.87000000,1226.38506000,1753847999999,144627350.19250080,204212,577.29595000,68094460.43263800
1753848000000,2025-07-30 04:00:00,118161.86000000,118412.11000000,117667.33000000,118123.01000000,1232.08963000,1753862399999,145539686.03839050,163007,584.57123000,69050731.03533750
1753862400000,2025-07-30 08:00:00,118123.00000000,118481.81000000,117358.84000000,117579.99000000,2228.01795000,1753876799999,263126870.00675140,269076,1355.22594000,160120274.35017970
1753876800000,2025-07-30 12:00:00,117579.99000000,118792.00000000,117358.84000000,118000.01000000,3794.91612000,1753891199999,447809337.55603830,531501,1801.39831000,212515821.49137400
1753891200000,2025-07-30 16:00:00,118000.01000000,118037.18000000,115796.23000000,116916.73000000,5721.15052000,1753905599999,669195849.83574750,634913,2682.71622000,313703390.33402680
1753905600000,2025-07-30 20:00:00,116916.73000000,117908.40000000,116880.64000000,117840.30000000,1384.17703000,1753919999999,162397784.59355740,194660,802.40669000,94148212.59009660
1753920000000,2025-07-31 00:00:00,117840.29000000,118600.00000000,117781.87000000,118466.14000000,2307.57332000,1753934399999,273029834.87625920,229192,1101.81254000,130368526.60297830
1753934400000,2025-07-31 04:00:00,118466.15000000,118922.45000000,118287.63000000,118665.97000000,1907.96734000,1753948799999,226269774.17070440,169906,993.07835000,117797073.44015820
1753948800000,2025-07-31 08:00:00,118665.98000000,118770.07000000,118278.91000000,118371.25000000,1290.20631000,1753963199999,152936940.90352170,133783,621.28930000,73645567.11696990
1753963200000,2025-07-31 12:00:00,118371.25000000,118702.10000000,117807.35000000,118306.18000000,3457.28095000,1753977599999,408607161.84151310,436764,1809.57930000,213890978.32444580
1753977600000,2025-07-31 16:00:00,118306.18000000,118879.14000000,116763.43000000,116785.79000000,4228.22018000,1753991999999,497971783.61370450,468442,2111.35785000,248807747.26664130
1753992000000,2025-07-31 20:00:00,116785.78000000,116990.04000000,115500.00000000,115764.08000000,3818.75920000,1754006399999,444054521.29653970,421445,1676.39882000,195009469.31734890
1754006400000,2025-08-01 00:00:00,115764.07000000,116052.00000000,114313.13000000,115648.03000000,5440.32571000,1754020799999,627188117.32296190,650051,2522.97319000,290948735.01040860
1754020800000,2025-08-01 04:00:00,115648.03000000,115916.43000000,114633.18000000,115081.77000000,2952.50734000,1754035199999,340199535.79870660,411115,1345.40877000,154984984.83842860
1754035200000,2025-08-01 08:00:00,115081.76000000,115340.00000000,114116.00000000,115305.65000000,3338.52917000,1754049599999,383326052.96004840,463102,1553.96108000,178459723.08960990
1754049600000,2025-08-01 12:00:00,115305.64000000,116019.30000000,113988.47000000,115357.82000000,5325.96286000,1754063999999,613558143.14864540,1084066,2524.83820000,291034014.42167780
1754064000000,2025-08-01 16:00:00,115357.82000000,115695.52000000,113221.93000000,113328.68000000,4135.47502000,1754078399999,472437940.42125180,924319,1966.15620000,224637144.46577310
1754078400000,2025-08-01 20:00:00,113328.67000000,114094.08000000,112722.58000000,113297.93000000,3294.30196000,1754092799999,373558787.49975580,628176,1573.88376000,178528816.23535680
1754092800000,2025-08-02 00:00:00,113297.92000000,113921.94000000,113198.63000000,113909.86000000,1422.97261000,1754107199999,161699096.20081790,346530,710.60713000,80745020.26571740
1754107200000,2025-08-02 04:00:00,113909.87000000,114063.49000000,113469.43000000,113982.49000000,1674.39001000,1754121599999,190562803.04439680,227553,838.67346000,95432539.11819060
1754121600000,2025-08-02 08:00:00,113982.49000000,114040.29000000,113425.58000000,113787.12000000,1135.36227000,1754135999999,129100147.29776490,222031,456.36308000,51889678.52989690
1754136000000,2025-08-02 12:00:00,113787.11000000,113787.12000000,112802.31000000,112840.71000000,1922.72871000,1754150399999,217838216.01231600,320277,761.89323000,86333566.24300680
1754150400000,2025-08-02 16:00:00,112840.70000000,113420.00000000,112003.00000000,112229.42000000,3414.70659000,1754164799999,384611629.97070750,639368,1372.46140000,154627663.10634820
1754164800000,2025-08-02 20:00:00,112229.42000000,113058.82000000,112069.86000000,112546.35000000,1937.17409000,1754179199999,218070844.80071890,409955,920.01005000,103557915.80857140
1754179200000,2025-08-03 00:00:00,112546.35000000,113740.69000000,111920.00000000,113604.20000000,2106.54410000,1754193599999,237947445.47649270,418118,954.66072000,107943735.79204510
1754193600000,2025-08-03 04:00:00,113604.20000000,113720.16000000,113341.06000000,113700.00000000,764.27697000,1754207999999,86778251.94677570,130998,368.11441000,41801748.61287170
1754208000000,2025-08-03 08:00:00,113700.00000000,114260.31000000,113551.00000000,113862.18000000,1260.20877000,1754222399999,143489089.11397830,156276,725.50976000,82603501.58516330
1754222400000,2025-08-03 12:00:00,113862.19000000,114098.45000000,113579.69000000,113959.06000000,1131.56686000,1754236799999,128830422.64836460,251886,558.89691000,63627834.54520130
1754236800000,2025-08-03 16:00:00,113959.06000000,114799.97000000,113775.55000000,114313.19000000,1254.96509000,1754251199999,143410319.15863650,246789,702.85838000,80315428.02462050
1754251200000,2025-08-03 20:00:00,114313.19000000,114612.24000000,114066.56000000,114208.80000000,880.19867000,1754265599999,100634505.81000630,215214,428.14313000,48953972.73562850
1754265600000,2025-08-04 00:00:00,114208.81000000,115000.00000000,114107.60000000,114570.61000000,1525.00586000,1754279999999,174778603.67585500,304162,749.69907000,85930718.27213140
1754280000000,2025-08-04 04:00:00,114570.61000000,114778.50000000,114148.58000000,114652.97000000,1221.27307000,1754294399999,139739546.26412080,197361,526.28258000,60226436.98126630
1754294400000,2025-08-04 08:00:00,114652.98000000,114750.00000000,114217.97000000,114493.09000000,1188.64494000,1754308799999,136090921.96312800,247694,515.96378000,59076360.92978970
1754308800000,2025-08-04 12:00:00,114493.09000000,115466.00000000,114121.00000000,114826.00000000,2885.46126000,1754323199999,331541729.67811560,530974,1497.28882000,172049625.15537430
1754323200000,2025-08-04 16:00:00,114826.01000000,115720.00000000,114732.65000000,114777.62000000,1843.11618000,1754337599999,212273932.32412840,412414,942.51512000,108540416.74690340
1754337600000,2025-08-04 20:00:00,114777.62000000,115340.00000000,114616.33000000,115055.03000000,1004.17785000,1754351999999,115514140.15762300,261625,483.54414000,55619716.72390960
1754352000000,2025-08-05 00:00:00,115055.03000000,115127.81000000,114256.85000000,114256.85000000,1398.92395000,1754366399999,160455069.04299710,287638,652.16816000,74827506.76525640
1754366400000,2025-08-05 04:00:00,114256.85000000,114500.66000000,113725.72000000,113969.70000000,2125.54323000,1754380799999,242804599.54892070,261124,882.25638000,100789177.32516810
1754380800000,2025-08-05 08:00:00,113969.70000000,115096.73000000,113928.87000000,114827.07000000,1593.56232000,1754395199999,182617724.54586360,317175,877.52425000,100547792.88685630
1754395200000,2025-08-05 12:00:00,114827.07000000,114893.13000000,112650.00000000,112934.00000000,4590.46840000,1754409599999,520992544.53318060,1006379,2107.07878000,239124723.51650150
1754409600000,2025-08-05 16:00:00,112934.00000000,113763.27000000,112815.68000000,113616.52000000,1434.52074000,1754423999999,162586192.65822270,478510,673.47754000,76323722.19165300
1754424000000,2025-08-05 20:00:00,113616.51000000,114228.88000000,113304.00000000,114129.75000000,899.77214000,1754438399999,102405616.81743190,230226,430.16243000,48957851.41563310
1754438400000,2025-08-06 00:00:00,114129.75000000,114139.38000000,113400.00000000,113509.97000000,1061.53764000,1754452799999,120724616.06978040,286080,408.49037000,46459434.27880910
1754452800000,2025-08-06 04:00:00,113509.98000000,114417.02000000,113355.13000000,114227.91000000,1437.03071000,1754467199999,163790419.89220040,302903,717.83329000,81849402.02118460
1754467200000,2025-08-06 08:00:00,114227.90000000,114404.23000000,113727.57000000,114226.69000000,1280.29764000,1754481599999,146061959.12462190,269803,657.13818000,74963935.36910360
1754481600000,2025-08-06 12:00:00,114226.68000000,115515.09000000,113579.90000000,115413.87000000,3509.68013000,1754495999999,402461313.76963260,704802,1966.03693000,225500696.20519320
1754496000000,2025-08-06 16:00:00,115413.87000000,115716.00000000,114942.18000000,115259.99000000,1727.95909000,1754510399999,199297200.14588150,308639,796.77912000,91906515.33393940
1754510400000,2025-08-06 20:00:00,115260.00000000,115260.00000000,114793.01000000,114992.27000000,744.64797000,1754524799999,85693223.85680160,154273,325.96959000,37513224.46884210
1754524800000,2025-08-07 00:00:00,114992.27000000,115185.58000000,114404.22000000,114546.03000000,1192.91433000,1754539199999,136893563.39058050,198112,576.15563000,66121446.95062500
1754539200000,2025-08-07 04:00:00,114546.03000000,114876.79000000,114259.00000000,114787.99000000,1290.96115000,1754553599999,147895974.17281160,209354,642.22974000,73587812.71544700
1754553600000,2025-08-07 08:00:00,114787.99000000,116828.93000000,114787.98000000,116519.53000000,3698.10885000,1754567999999,428983588.28952740,492704,2172.12244000,251905570.66366380
1754568000000,2025-08-07 12:00:00,116519.54000000,116791.11000000,116035.84000000,116689.81000000,2746.73177000,1754582399999,319832114.29082850,546103,1392.81119000,162191741.76677130
1754582400000,2025-08-07 16:00:00,116689.80000000,117520.00000000,115632.31000000,117461.98000000,2735.62556000,1754596799999,319105083.73857840,558042,1355.20075000,158156893.97553170
1754596800000,2025-08-07 20:00:00,117461.99000000,117621.00000000,117012.00000000,117472.01000000,1804.22097000,1754611199999,211743973.95460060,310356,870.21778000,102125404.37259320
1754611200000,2025-08-08 00:00:00,117472.02000000,117630.00000000,116694.28000000,116737.35000000,2393.91974000,1754625599999,280094573.21877490,511625,1027.18014000,120182644.98185050
1754625600000,2025-08-08 04:00:00,116737.34000000,116973.30000000,116401.00000000,116817.19000000,1456.27491000,1754639999999,169950858.20349400,224401,651.58146000,76032292.33163510
1754640000000,2025-08-08 08:00:00,116817.20000000,116914.60000000,116317.08000000,116891.51000000,1108.98011000,1754654399999,129319112.12395610,268792,500.07248000,58317543.84967950
1754654400000,2025-08-08 12:00:00,116891.51000000,117271.73000000,115878.71000000,116207.69000000,2540.81848000,1754668799999,296106840.90685470,544209,1165.72876000,135864534.51828190
1754668800000,2025-08-08 16:00:00,116207.70000000,116900.00000000,116006.14000000,116453.41000000,1690.79713000,1754683199999,196921937.46157410,394422,897.94096000,104583069.38222230
1754683200000,2025-08-08 20:00:00,116453.41000000,116980.00000000,116319.06000000,116674.74000000,854.52241000,1754697599999,99806456.80960090,151855,342.40194000,39990513.40508090
1754697600000,2025-08-09 00:00:00,116674.74000000,116750.00000000,116299.13000000,116384.01000000,971.89236000,1754711999999,113203432.96729540,135431,363.74375000,42373446.36462610
1754712000000,2025-08-09 04:00:00,116384.01000000,116980.00000000,116339.45000000,116756.01000000,2021.01259000,1754726399999,235841895.56564860,278492,1064.09266000,124184023.88844800
1754726400000,2025-08-09 08:00:00,116756.00000000,117944.05000000,116756.00000000,117110.00000000,2353.37140000,1754740799999,276230205.14161790,354468,1301.13377000,152715702.36481770
1754740800000,2025-08-09 12:00:00,117110.00000000,117238.04000000,116700.01000000,116892.47000000,1382.66437000,1754755199999,161718872.45679210,247175,725.15110000,84820284.11578380
1754755200000,2025-08-09 16:00:00,116892.48000000,116947.16000000,116500.00000000,116535.69000000,1202.78039000,1754769599999,140321045.55335640,167656,648.16143000,75620589.85457250
1754769600000,2025-08-09 20:00:00,116535.68000000,117021.16000000,116359.89000000,116462.25000000,1582.41033000,1754783999999,184522150.01766180,207729,767.57145000,89514254.52874650
1754784000000,2025-08-10 00:00:00,116462.25000000,118500.00000000,116460.63000000,118500.00000000,3892.68324000,1754798399999,458141314.95796170,470884,2375.20894000,279581483.76813730
1754798400000,2025-08-10 04:00:00,118500.00000000,118741.77000000,117466.34000000,117808.30000000,2444.08380000,1754812799999,288972231.84477770,431454,1147.37239000,135694183.56681510
1754812800000,2025-08-10 08:00:00,117808.29000000,118500.00000000,117608.01000000,118330.58000000,1506.32503000,1754827199999,178057964.90205020,346119,810.23724000,95770671.91276980
1754827200000,2025-08-10 12:00:00,118330.58000000,119113.94000000,118232.00000000,118815.00000000,2809.22760000,1754841599999,333423155.38639830,437945,1512.40831000,179523977.42781020
1754841600000,2025-08-10 16:00:00,118815.00000000,118944.24000000,118433.80000000,118663.08000000,995.85812000,1754855999999,118153752.24991770,213690,508.95628000,60381942.81299010
1754856000000,2025-08-10 20:00:00,118663.09000000,119311.11000000,118074.99000000,119294.01000000,2674.59294000,1754870399999,317450328.53076520,416973,1669.25197000,198130214.23279950
1754870400000,2025-08-11 00:00:00,119294.27000000,122164.07000000,118972.59000000,121728.99000000,7626.19257000,1754884799999,921251175.81507960,1013671,4168.58541000,503187520.39857680
1754884800000,2025-08-11 04:00:00,121729.00000000,122335.16000000,121466.08000000,121537.15000000,4279.88790000,1754899199999,521892702.93019280,571340,1995.64419000,243413431.60808960
1754899200000,2025-08-11 08:00:00,121537.14000000,121823.00000000,120286.40000000,120561.54000000,4216.26732000,1754913599999,510604967.33673560,566188,2009.30795000,243363090.73219670
1754913600000,2025-08-11 12:00:00,120561.53000000,120667.54000000,119382.91000000,120314.40000000,5236.26223000,1754927999999,628472627.86360910,907593,2755.26055000,330700606.76292750
1754928000000,2025-08-11 16:00:00,120314.40000000,120794.05000000,118604.17000000,119089.30000000,2812.92272000,1754942399999,336787744.58204000,546834,1178.39313000,141139661.18345410
1754942400000,2025-08-11 20:00:00,119089.30000000,119172.63000000,118050.11000000,118686.00000000,2322.80155000,1754956799999,275602312.01341220,416117,1136.23823000,134836150.95783210
1754956800000,2025-08-12 00:00:00,118686.00000000,119275.46000000,118593.39000000,118857.70000000,1894.63528000,1754971199999,225356508.46322640,299409,991.91785000,117983741.14562760
1754971200000,2025-08-12 04:00:00,118857.70000000,119158.06000000,118424.86000000,118986.72000000,3135.38397000,1754985599999,372768949.64902420,286057,1943.73871000,231145984.33742430
1754985600000,2025-08-12 08:00:00,118986.73000000,119058.43000000,118207.47000000,118522.22000000,2346.37900000,1754999999999,278386557.94518650,313590,1302.79783000,154614971.11551760
1755000000000,2025-08-12 12:00:00,118522.22000000,119960.00000000,118285.00000000,119933.00000000,4914.05441000,1755014399999,585444041.27978050,916587,2630.84115000,313496129.45013710
1755014400000,2025-08-12 16:00:00,119933.00000000,120192.10000000,119172.62000000,119665.27000000,2309.07117000,1755028799999,276328760.25884310,537021,1187.53513000,142136568.06655550
1755028800000,2025-08-12 20:00:00,119665.27000000,120324.43000000,119485.84000000,120134.08000000,2120.58510000,1755043199999,254477655.98919700,385177,1208.22895000,144990604.08090950
1755043200000,2025-08-13 00:00:00,120134.09000000,120192.10000000,119094.28000000,119482.01000000,2361.00135000,1755057599999,282270802.47443370,373931,993.87621000,118817933.77903870
1755057600000,2025-08-13 04:00:00,119482.01000000,119820.18000000,118920.92000000,119580.40000000,2324.10298000,1755071999999,277456148.01295650,346612,1164.99875000,139112413.80885710
1755072000000,2025-08-13 08:00:00,119580.40000000,120732.94000000,119446.22000000,120570.41000000,3213.18528000,1755086399999,386212646.90826060,414155,1742.78544000,209457283.68930130
1755086400000,2025-08-13 12:00:00,120570.41000000,122200.00000000,120106.02000000,120920.62000000,7228.67197000,1755100799999,876073760.93010120,1223418,3448.06635000,417943044.85693230
1755100800000,2025-08-13 16:00:00,120920.61000000,122839.47000000,120920.61000000,122744.21000000,4167.90157000,1755115199999,508080168.05941110,716576,2589.17326000,315617346.50495580
1755115200000,2025-08-13 20:00:00,122744.22000000,123667.79000000,122298.20000000,123306.43000000,3915.20787000,1755129599999,481487822.00229430,638125,1992.36824000,245097965.40922940
1755129600000,2025-08-14 00:00:00,123306.44000000,124474.00000000,123250.50000000,123337.14000000,3481.67631600,1755143999999,430716617.87809690,617531,1608.17731600,198973024.48032700
1755144000000,2025-08-14 04:00:00,123337.14000000,123428.60000000,121313.86000000,121725.31000000,3755.65744000,1755158399999,458788510.16118820,539320,1768.22072000,215899266.56434690
1755158400000,2025-08-14 08:00:00,121725.31000000,122045.90000000,120694.00000000,120949.67000000,3456.28874000,1755172799999,419594475.26750270,441000,1710.19796000,207713575.62730400
1755172800000,2025-08-14 12:00:00,120949.66000000,121183.06000000,117632.00000000,118257.25000000,11617.06761000,1755187199999,1381540969.81337900,1687597,5493.20366000,653319261.60213050
1755187200000,2025-08-14 16:00:00,118257.26000000,118535.00000000,117180.00000000,117945.92000000,3545.40524000,1755201599999,417837878.03212400,703952,1709.97434000,201572968.09206640
1755201600000,2025-08-14 20:00:00,117945.92000000,118516.81000000,117302.33000000,118295.09000000,2124.85224000,1755215999999,250649939.95623300,361049,1112.30448000,131241488.50355880
1755216000000,2025-08-15 00:00:00,118295.09000000,119077.71000000,118032.32000000,118968.91000000,1883.55436000,1755230399999,223413129.69180380,427333,862.49336000,102299646.53472930
1755230400000,2025-08-15 04:00:00,118968.91000000,119216.82000000,118629.58000000,118956.45000000,1732.90691000,1755244799999,206149632.50697560,314291,769.91399000,91583236.49876010
1755244800000,2025-08-15 08:00:00,118956.45000000,119144.50000000,118600.00000000,119006.01000000,1129.82607000,1755259199999,134389731.26065360,277559,554.91425000,66017792.30555360
1755259200000,2025-08-15 12:00:00,119006.01000000,119130.77000000,116827.29000000,117275.22000000,5128.89360000,1755273599999,604073837.83902830,1056138,2121.84638000,249971034.61203400
1755273600000,2025-08-15 16:00:00,117275.23000000,117882.35000000,116803.99000000,116936.27000000,2393.46089000,1755287999999,280682572.64475020,597487,1156.02326000,135609226.00175510
1755288000000,2025-08-15 20:00:00,116936.28000000,117761.88000000,116862.50000000,117342.05000000,1354.69691000,1755302399999,158900425.74188960,222208,676.22584000,79318699.86441460
1755302400000,2025-08-16 00:00:00,117342.04000000,117898.99000000,117231.14000000,117429.63000000,1420.52550000,1755316799999,167039941.70739580,275371,694.26476000,81634732.56507140
1755316800000,2025-08-16 04:00:00,117429.63000000,117884.00000000,117278.00000000,117596.07000000,925.25596000,1755331199999,108775709.73159160,203205,487.86019000,57355488.27601250
1755331200000,2025-08-16 08:00:00,117596.07000000,117703.92000000,117143.98000000,117378.52000000,1206.04130000,1755345599999,141632924.33217130,223925,555.80229000,65262409.11239150
1755345600000,2025-08-16 12:00:00,117378.52000000,117825.00000000,117327.63000000,117676.70000000,1191.50027000,1755359999999,140188940.06324620,209982,581.96097000,68475509.59156970
1755360000000,2025-08-16 16:00:00,117676.70000000,117817.65000000,117629.94000000,117672.12000000,817.42683000,1755374399999,96233958.53678290,121434,386.26416000,45473516.04058040
1755374400000,2025-08-16 20:00:00,117672.13000000,117713.51000000,117219.34000000,117380.66000000,832.93131000,1755388799999,97847917.40117600,145925,289.07628000,33957125.51082960
1755388800000,2025-08-17 00:00:00,117380.66000000,117771.37000000,117172.21000000,117684.95000000,770.53091000,1755403199999,90497907.75013060,177443,366.14855000,43006974.08611990
1755403200000,2025-08-17 04:00:00,117684.96000000,118230.82000000,117684.95000000,118005.98000000,1109.68335000,1755417599999,130931507.91083150,177443,590.28392000,69648555.70073640
1755417600000,2025-08-17 08:00:00,118005.98000000,118484.00000000,117922.00000000,118308.01000000,1007.67549000,1755431999999,119183257.33457440,197461,550.06661000,65051754.07597330
1755432000000,2025-08-17 12:00:00,118308.00000000,118575.00000000,118059.12000000,118246.16000000,974.27271000,1755446399999,115208961.89534390,178505,420.11469000,49689616.72569290
1755446400000,2025-08-17 16:00:00,118246.15000000,118316.01000000,117321.53000000,117570.07000000,1326.17558000,1755460799999,156204693.65765280,270938,570.31811000,67171534.11733170
1755460800000,2025-08-17 20:00:00,117570.07000000,117995.37000000,117371.65000000,117405.01000000,710.30388000,1755475199999,83602869.35527410,175773,307.79925000,36231013.38451120
1755475200000,2025-08-18 00:00:00,117405.01000000,117543.75000000,115000.00000000,115319.00000000,5801.42298000,1755489599999,673780931.17651780,973728,2456.39552000,285283810.78122810
1755489600000,2025-08-18 04:00:00,115319.00000000,115712.49000000,114878.71000000,115205.98000000,3433.42415000,1755503999999,395866077.87857660,570851,1405.82751000,162118689.09352320
1755504000000,2025-08-18 08:00:00,115205.99000000,115402.51000000,114640.14000000,114947.27000000,2793.98984000,1755518399999,321376818.73935550,485363,1159.25007000,133348030.77238320
1755518400000,2025-08-18 12:00:00,114947.27000000,116186.97000000,114825.00000000,116145.34000000,2772.17945000,1755532799999,319990073.13056000,650916,1456.17184000,168133589.66489520
1755532800000,2025-08-18 16:00:00,116145.34000000,116800.00000000,115818.86000000,116313.99000000,1731.37273000,1755547199999,201448268.70422980,418825,715.63515000,83277668.62901580
1755547200000,2025-08-18 20:00:00,116314.00000000,116980.00000000,115980.32000000,116227.05000000,1213.55039000,1755561599999,141351915.84253780,246597,454.42658000,52947190.54770300
1755561600000,2025-08-19 00:00:00,116227.05000000,116725.69000000,114787.23000000,114810.00000000,2390.89748000,1755575999999,276523497.66327090,629615,974.28091000,112696255.70555230
1755576000000,2025-08-19 04:00:00,114810.01000000,115483.24000000,114366.00000000,114978.14000000,2499.12321000,1755590399999,287170834.57208710,563407,1161.24152000,133455731.77954870
1755590400000,2025-08-19 08:00:00,114978.15000000,115650.00000000,114804.00000000,115508.71000000,1471.04277000,1755604799999,169605923.13183090,298029,843.37696000,97223158.10172680
1755604800000,2025-08-19 12:00:00,115508.71000000,115875.84000000,113587.68000000,113786.38000000,5294.46316000,1755619199999,605597290.21785770,857149,2543.82655000,291010341.64676160
1755619200000,2025-08-19 16:00:00,113786.39000000,113897.58000000,112767.06000000,113132.48000000,3784.35052000,1755633599999,428905575.20465540,591076,2018.11062000,228747669.66903240
1755633600000,2025-08-19 20:00:00,113132.49000000,113589.48000000,112732.58000000,112872.94000000,2625.59710000,1755647999999,297207775.06876440,351906,1068.57714000,120960388.69180030
1755648000000,2025-08-20 00:00:00,112872.95000000,113636.13000000,112566.01000000,113525.91000000,3116.70576000,1755662399999,352631514.87738570,510162,1164.01315000,131714471.25126240
1755662400000,2025-08-20 04:00:00,113525.90000000,113837.93000000,113432.00000000,113490.13000000,1367.41482000,1755676799999,155379967.26592940,226386,683.43432000,77663127.05745590
1755676800000,2025-08-20 08:00:00,113490.14000000,114016.77000000,113060.08000000,113666.68000000,2352.50644000,1755691199999,267518086.25844220,377977,1066.60404000,121301550.14080420
1755691200000,2025-08-20 12:00:00,113666.69000000,114326.35000000,112380.00000000,113353.94000000,4605.43198000,1755705599999,522278044.57226530,980643,2123.07459000,240877531.68571480
1755705600000,2025-08-20 16:00:00,113353.94000000,114444.00000000,113264.01000000,114276.66000000,2624.00614000,1755719999999,298829017.13062470,634049,1342.66385000,152899931.09307650
1755720000000,2025-08-20 20:00:00,114276.66000000,114615.38000000,114000.00000000,114271.24000000,1570.27680000,1755734399999,179512936.02012630,269153,829.79580000,94874358.98754810
1755734400000,2025-08-21 00:00:00,114271.23000000,114821.76000000,113906.01000000,113954.62000000,1626.72781000,1755748799999,185841315.90159620,376353,808.20883000,92356069.79020040
1755748800000,2025-08-21 04:00:00,113954.62000000,114033.84000000,113582.43000000,113896.03000000,1612.36321000,1755763199999,183481882.07337650,278315,870.46157000,99045269.10060130
1755763200000,2025-08-21 08:00:00,113896.03000000,113990.00000000,113000.00000000,113148.66000000,1509.65106000,1755777599999,171287136.95961630,338663,634.87235000,72052473.70516610
1755777600000,2025-08-21 12:00:00,113148.65000000,113995.11000000,112608.64000000,112792.08000000,2521.11028000,1755791999999,285394179.23457840,562395,1189.66013000,134689675.90509470
1755792000000,2025-08-21 16:00:00,112792.08000000,112969.47000000,112015.67000000,112193.71000000,2468.80417000,1755806399999,277549685.11226940,499262,1258.41931000,141481694.24451910
1755806400000,2025-08-21 20:00:00,112193.71000000,112870.94000000,112067.46000000,112500.00000000,1101.03582000,1755820799999,123819589.33412610,302392,584.85788000,65775158.70891120
1755820800000,2025-08-22 00:00:00,112500.00000000,113525.00000000,112335.60000000,112929.24000000,1610.19525000,1755835199999,182026286.43214790,367861,995.49538000,112552643.57663110
1755835200000,2025-08-22 04:00:00,112929.24000000,113394.76000000,112708.81000000,113094.83000000,1656.25720000,1755849599999,187332321.37900830,331580,887.04271000,100334516.09173060
1755849600000,2025-08-22 08:00:00,113094.83000000,113319.30000000,112177.27000000,112320.00000000,1932.43574000,1755863999999,217921342.75416910,317304,924.65796000,104288496.33898460
1755864000000,2025-08-22 12:00:00,112320.01000000,117296.12000000,111684.79000000,116370.75000000,11505.26127000,1755878399999,1319396835.13821840,1584774,6041.80772000,693092581.05100730
1755878400000,2025-08-22 16:00:00,116370.75000000,117429.05000000,116116.00000000,116655.79000000,4307.94644000,1755892799999,502648352.26454390,577064,2128.81326000,248441571.90658640
1755892800000,2025-08-22 20:00:00,116655.79000000,117174.43000000,116550.96000000,116935.99000000,2115.99447000,1755907199999,247299984.30969890,259935,865.78008000,101197902.90772930
1755907200000,2025-08-23 00:00:00,116936.00000000,117030.00000000,115458.20000000,115568.77000000,2647.58419000,1755921599999,307518062.91591250,507557,1007.23464000,117041716.91650450
1755921600000,2025-08-23 04:00:00,115568.77000000,116034.53000000,115551.20000000,115799.47000000,2258.18362000,1755935999999,261617133.78858280,247598,1110.53791000,128658846.83235600
1755936000000,2025-08-23 08:00:00,115799.46000000,115861.80000000,115223.43000000,115310.13000000,1313.89391000,1755950399999,151932657.12032250,171068,625.01231000,72288422.77567940
1755950400000,2025-08-23 12:00:00,115310.13000000,115486.97000000,114560.00000000,114812.87000000,3027.56166000,1755964799999,348062480.90316210,373481,1303.05919000,149801287.58571390
1755964800000,2025-08-23 16:00:00,114812.88000000,115190.74000000,114684.11000000,115133.91000000,1105.55067000,1755979199999,127121304.50689660,151735,446.56857000,51348035.30536820
1755979200000,2025-08-23 20:00:00,115133.92000000,115454.12000000,115001.88000000,115438.05000000,976.58792000,1755993599999,112573788.77948210,108130,590.93752000,68135583.71582130
1755993600000,2025-08-24 00:00:00,115438.06000000,115666.68000000,114934.21000000,115036.00000000,1995.92433000,1756007999999,230109582.59534010,291862,1007.06495000,116114555.08681210
1756008000000,2025-08-24 04:00:00,115036.01000000,115283.21000000,114846.14000000,114888.19000000,1715.68730000,1756022399999,197387179.73029000,205688,587.93262000,67632167.10410240
1756022400000,2025-08-24 08:00:00,114888.19000000,115060.99000000,114600.00000000,114730.22000000,2223.47925000,1756036799999,255263363.45455190,267625,995.18062000,114257369.62055180
1756036800000,2025-08-24 12:00:00,114730.22000000,114869.41000000,114350.57000000,114400.00000000,2662.01905000,1756051199999,305089212.15292840,339333,1116.24094000,127945653.39436890
1756051200000,2025-08-24 16:00:00,114400.01000000,114917.10000000,110680.00000000,112600.00000000,8322.01988000,1756065599999,943283691.76260140,791837,3650.90078000,413888935.50766550
1756065600000,2025-08-24 20:00:00,112600.00000000,113692.97000000,111632.85000000,113493.59000000,4256.85481000,1756079999999,480151576.49346460,677561,1967.74719000,222016520.62081160
1756080000000,2025-08-25 00:00:00,113493.59000000,113667.28000000,112159.00000000,112916.84000000,2384.97290000,1756094399999,269655699.25748960,665721,1121.82787000,126832729.81323790
1756094400000,2025-08-25 04:00:00,112916.84000000,113059.52000000,111284.05000000,111511.55000000,4054.02521000,1756108799999,454597068.91029520,667424,1925.81482000,215964679.10904130
1756108800000,2025-08-25 08:00:00,111511.56000000,111850.13000000,110929.48000000,111214.97000000,4028.25788000,1756123199999,448564942.27145510,624668,1929.68354000,214949901.61912730
1756123200000,2025-08-25 12:00:00,111214.97000000,112580.00000000,110588.00000000,112200.64000000,4593.32060000,1756137599999,513032034.67396390,914685,2398.82756000,267986773.11341450
1756137600000,2025-08-25 16:00:00,112200.65000000,112937.26000000,110655.01000000,110716.13000000,3109.40411000,1756151999999,348208706.36696460,685712,1261.82967000,141419773.48185360
1756152000000,2025-08-25 20:00:00,110716.13000000,111092.54000000,109274.10000000,110111.98000000,7012.81309000,1756166399999,771512202.15085460,1137508,2749.59824000,302509128.20750530
1756166400000,2025-08-26 00:00:00,110111.98000000,110111.98000000,108666.66000000,109879.56000000,4155.39206000,1756180799999,455011698.22493690,1097720,1983.06646000,217185031.08963400
1756180800000,2025-08-26 04:00:00,109879.57000000,110547.31000000,109765.93000000,110303.20000000,1910.05232000,1756195199999,210359826.37700550,624551,1025.54731000,112960716.09120120
1756195200000,2025-08-26 08:00:00,110303.20000000,110455.13000000,109570.34000000,109876.52000000,1852.10166000,1756209599999,203892967.45228500,344139,870.12354000,95800304.58410740
1756209600000,2025-08-26 12:00:00,109876.53000000,110818.60000000,109393.93000000,109666.33000000,4559.68511000,1756223999999,501940355.73113050,1065558,2450.01989000,269746462.00346270
1756224000000,2025-08-26 16:00:00,109666.34000000,111162.59000000,109450.00000000,111116.03000000,3548.51055000,1756238399999,391349262.89399800,569890,2212.50107000,244219208.03903890
1756238400000,2025-08-26 20:00:00,111116.03000000,112371.00000000,110918.26000000,111763.22000000,2426.69707000,1756252799999,270883236.82058330,375616,1322.17330000,147556771.78951970
1756252800000,2025-08-27 00:00:00,111763.22000000,111825.16000000,110918.26000000,111418.15000000,2172.27313000,1756267199999,241949639.30677750,410582,925.30522000,103068605.98792800
1756267200000,2025-08-27 04:00:00,111418.15000000,111737.26000000,110622.50000000,110725.18000000,1809.80294000,1756281599999,201194156.60015460,370060,762.79756000,84846421.76324390
1756281600000,2025-08-27 08:00:00,110725.19000000,111374.45000000,110345.42000000,111322.07000000,1594.26753000,1756295999999,176776430.32148620,317061,785.60547000,87145518.07569220
1756296000000,2025-08-27 12:00:00,111322.07000000,112625.00000000,111019.02000000,112000.00000000,3310.10060000,1756310399999,369950416.97553700,824967,1672.05486000,186863860.89385300
1756310400000,2025-08-27 16:00:00,111999.99000000,112600.00000000,111541.23000000,112080.69000000,1902.42552000,1756324799999,213222697.39975690,506775,907.01397000,101668324.69289520
1756324800000,2025-08-27 20:00:00,112080.68000000,112452.05000000,110921.79000000,111262.01000000,2603.73903000,1756339199999,290681586.58711960,682051,1209.06842000,134993612.76386730
1756339200000,2025-08-28 00:00:00,111262.01000000,112042.04000000,110862.42000000,112000.01000000,1203.77782000,1756353599999,134253218.26864630,375072,597.52028000,66649542.65631200
1756353600000,2025-08-28 04:00:00,112000.00000000,113360.00000000,111945.07000000,113114.11000000,2481.91862000,1756367999999,280232965.37310330,395525,1238.58901000,139818288.77542760
1756368000000,2025-08-28 08:00:00,113114.11000000,113351.51000000,112826.22000000,112909.18000000,1419.04336000,1756382399999,160395511.26407400,164734,540.02909000,61048034.11729170
1756382400000,2025-08-28 12:00:00,112909.18000000,113485.90000000,112391.56000000,112678.53000000,3088.93350000,1756396799999,348792906.07042900,597709,1381.73513000,156076823.95085140
1756396800000,2025-08-28 16:00:00,112678.53000000,113186.56000000,111901.35000000,111901.36000000,1813.29699000,1756411199999,203973679.42619300,360972,798.74966000,89870954.53001890
1756411200000,2025-08-28 20:00:00,111901.36000000,112575.98000000,111872.06000000,112566.90000000,1097.30715000,1756425599999,123140201.54287620,172768,582.84192000,65402359.65391320
1756425600000,2025-08-29 00:00:00,112566.90000000,112638.64000000,111302.27000000,111704.23000000,2123.00621000,1756439999999,237282218.20052350,405287,965.39965000,107902817.37234550
1756440000000,2025-08-29 04:00:00,111704.24000000,111850.56000000,109899.99000000,110019.38000000,4260.97180000,1756454399999,472460597.88746470,499168,1929.05760000,213853323.43897240
1756454400000,2025-08-29 08:00:00,110019.38000000,110270.30000000,109414.18000000,110098.81000000,2848.31026000,1756468799999,313002938.91835020,448903,1604.11242000,176286557.33932710
1756468800000,2025-08-29 12:00:00,110098.81000000,111517.07000000,108103.00000000,108386.23000000,7729.28040000,1756483199999,845034516.96281830,1246052,3797.67907000,415295549.56517970
1756483200000,2025-08-29 16:00:00,108386.23000000,108832.00000000,107934.24000000,108212.01000000,2605.64538000,1756497599999,282494047.12716180,591209,1064.08261000,115386931.30598950
1756497600000,2025-08-29 20:00:00,108212.01000000,108549.99000000,107463.90000000,108377.40000000,3013.09640000,1756511999999,325218173.48121120,416340,1256.02509000,135596334.08264290
1756512000000,2025-08-30 00:00:00,108377.40000000,108436.21000000,107350.10000000,108436.20000000,3244.13736000,1756526399999,350563966.56231610,430111,1572.81933000,169958646.69980130
1756526400000,2025-08-30 04:00:00,108436.21000000,108697.28000000,108120.00000000,108524.26000000,3052.32523000,1756540799999,330960187.67573420,285923,1928.41443000,209129100.05219530
1756540800000,2025-08-30 08:00:00,108524.26000000,108777.43000000,108400.00000000,108680.01000000,1416.95390000,1756555199999,153824302.46667540,167658,803.45769000,87222342.94688020
1756555200000,2025-08-30 12:00:00,108680.01000000,108926.15000000,108190.52000000,108869.98000000,1540.53972000,1756569599999,167213327.05550190,272361,744.34436000,80816639.28406480
1756569600000,2025-08-30 16:00:00,108869.98000000,108900.00000000,108625.46000000,108828.33000000,677.58629000,1756583999999,73708948.90090160,133138,358.75258000,39025143.87433790
1756584000000,2025-08-30 20:00:00,108828.32000000,108838.27000000,108468.77000000,108816.33000000,776.84909000,1756598399999,84396040.07762310,121849,389.38944000,42305921.98612150
1756598400000,2025-08-31 00:00:00,108816.33000000,109480.02000000,108801.35000000,109223.84000000,1756.83146000,1756612799999,191851864.51821470,262048,907.25205000,99101944.62700990
1756612800000,2025-08-31 04:00:00,109223.84000000,109231.41000000,108523.49000000,108708.26000000,1177.25929000,1756627199999,128038261.11718590,168415,433.77972000,47170551.15249270
1756627200000,2025-08-31 08:00:00,108708.25000000,109100.00000000,108303.21000000,108389.76000000,1590.89462000,1756641599999,172733411.24566250,234357,619.64134000,67289247.58149260
1756641600000,2025-08-31 12:00:00,108389.77000000,108858.43000000,108191.29000000,108818.69000000,2441.88905000,1756655999999,264753055.11295950,277584,1270.38908000,137781179.95396140
1756656000000,2025-08-31 16:00:00,108818.69000000,109237.51000000,108555.00000000,108930.00000000,1232.50315000,1756670399999,134226505.07892460,189011,701.32991000,76368930.44484660
1756670400000,2025-08-31 20:00:00,108930.00000000,109230.00000000,108076.93000000,108246.35000000,1290.13839000,1756684799999,140203797.27838460,235218,641.21848000,69695034.40938510
1756684800000,2025-09-01 00:00:00,108246.36000000,108482.98000000,107393.00000000,107660.01000000,3206.34097000,1756699199999,345784012.64506980,678736,1375.11859000,148293046.64138160
1756699200000,2025-09-01 04:00:00,107660.00000000,109432.99000000,107255.00000000,109432.99000000,2904.17280000,1756713599999,314052268.67128990,493783,1561.84645000,169036237.61859190
1756713600000,2025-09-01 08:00:00,109432.99000000,109912.40000000,108186.41000000,108782.88000000,3111.29125000,1756727999999,339723577.21505800,498993,1419.73877000,155028031.51873520
1756728000000,2025-09-01 12:00:00,108782.89000000,109520.00000000,108566.00000000,108784.33000000,2266.34513000,1756742399999,247152798.24657160,411529,1002.90732000,109391704.18917580
1756742400000,2025-09-01 16:00:00,108784.33000000,109329.65000000,108391.30000000,109217.64000000,1553.15049000,1756756799999,169171627.41311090,266402,729.82289000,79485942.09904600
1756756800000,2025-09-01 20:00:00,109217.65000000,109442.95000000,107459.49000000,109237.42000000,3012.30155000,1756771199999,326632354.59003500,379941,1443.55699000,156495986.91750290
1756771200000,2025-09-02 00:00:00,109237.43000000,110623.97000000,108883.80000000,110322.18000000,3166.02008000,1756785599999,347302857.09203740,400395,1758.40749000,192932933.82073590
1756785600000,2025-09-02 04:00:00,110322.19000000,110610.50000000,110000.00000000,110233.92000000,1952.71608000,1756799999999,215347311.92848680,328089,994.93733000,109733095.59170230
1756800000000,2025-09-02 08:00:00,110233.91000000,110711.10000000,109563.87000000,109733.34000000,2462.01591000,1756814399999,271307194.73283180,361037,1048.27551000,115579298.95149500
1756814400000,2025-09-02 12:00:00,109733.33000000,111771.52000000,108393.39000000,110829.17000000,6768.89317000,1756828799999,747343925.58072980,880798,3315.12492000,366060490.73815770
1756828800000,2025-09-02 16:00:00,110829.16000000,111119.58000000,110200.00000000,110806.00000000,2585.23037000,1756843199999,286198581.18941530,430929,1163.37175000,128803940.00837420
1756843200000,2025-09-02 20:00:00,110806.01000000,111538.17000000,110716.77000000,111240.01000000,1575.41195000,1756857599999,175181581.37813730,195080,808.60027000,89923046.42633440
1756857600000,2025-09-03 00:00:00,111240.01000000,111782.21000000,110892.14000000,111054.01000000,2263.61693000,1756871999999,251962277.51238080,400128,1035.13985000,115264434.13091300
1756872000000,2025-09-03 04:00:00,111054.00000000,111151.99000000,110528.71000000,111099.88000000,1539.69973000,1756886399999,170595738.50876580,260732,572.85090000,63480328.84472480
1756886400000,2025-09-03 08:00:00,111099.87000000,111708.00000000,110889.29000000,111437.77000000,1514.83708000,1756900799999,168636555.41170260,286651,811.07758000,90303943.38083840
1756900800000,2025-09-03 12:00:00,111437.77000000,112500.00000000,111031.61000000,112222.74000000,3550.00487000,1756915199999,396916280.07101570,746472,1807.53585000,202109934.96599240
1756915200000,2025-09-03 16:00:00,112222.73000000,112575.27000000,111686.24000000,112193.74000000,1957.30873000,1756929599999,219492588.71274140,351115,913.79838000,102476028.15755290
1756929600000,2025-09-03 20:00:00,112193.74000000,112250.00000000,111613.98000000,111705.71000000,948.25350000,1756943999999,106159177.12705820,169151,398.89206000,44659007.02749640
1756944000000,2025-09-04 00:00:00,111705.72000000,112180.00000000,111136.00000000,111148.97000000,1484.75903000,1756958399999,165748620.00623790,303729,652.02619000,72804148.40546280
1756958400000,2025-09-04 04:00:00,111148.97000000,111318.84000000,110279.68000000,110463.36000000,2293.72804000,1756972799999,253892672.88128080,341359,895.54519000,99123553.26362450
1756972800000,2025-09-04 08:00:00,110463.36000000,111154.93000000,110415.72000000,110810.00000000,1251.00126000,1756987199999,138632770.05667890,246423,668.87931000,74125292.96236330
1756987200000,2025-09-04 12:00:00,110810.00000000,111123.99000000,109329.12000000,109510.31000000,3057.95062000,1757001599999,336674953.01896190,635685,1500.41170000,165173050.41215980
1757001600000,2025-09-04 16:00:00,109510.32000000,110218.39000000,109363.26000000,109799.99000000,2124.63495000,1757015999999,233220356.07925450,376615,1370.88022000,150452129.13521630
1757016000000,2025-09-04 20:00:00,109800.00000000,111765.31000000,109755.59000000,110730.87000000,1991.06146000,1757030399999,220861953.48967060,326444,983.03890000,109003011.64688340
1757030400000,2025-09-05 00:00:00,110730.87000000,111482.09000000,110435.75000000,111311.77000000,1665.57580000,1757044799999,184903566.38100620,310264,896.56239000,99523095.37650180
1757044800000,2025-09-05 04:00:00,111311.78000000,112999.00000000,111144.51000000,112954.32000000,3481.17531000,1757059199999,390189332.51001230,410628,1791.39517000,200892965.23502570
1757059200000,2025-09-05 08:00:00,112954.32000000,112985.00000000,112131.02000000,112354.00000000,1956.82884000,1757073599999,220089308.29147490,280041,945.71148000,106345395.03086400
1757073600000,2025-09-05 12:00:00,112354.00000000,113384.62000000,110286.91000000,110716.82000000,9805.88987000,1757087999999,1098894219.30964330,1310302,5024.28213000,563019857.17222220
1757088000000,2025-09-05 16:00:00,110716.82000000,111627.51000000,110206.96000000,111614.54000000,2167.09419000,1757102399999,240396957.97819890,350335,1005.04190000,111487864.14964540
1757102400000,2025-09-05 20:00:00,111614.54000000,111700.00000000,110375.60000000,110659.99000000,2510.84487000,1757116799999,278658816.15298940,308849,1124.81820000,124797084.26294190
1757116800000,2025-09-06 00:00:00,110660.00000000,111307.70000000,110552.56000000,111082.22000000,800.18218000,1757131199999,88738263.42799800,140100,353.50927000,39209399.27270470
1757131200000,2025-09-06 04:00:00,111082.23000000,111082.23000000,110687.69000000,110825.60000000,687.98406000,1757145599999,76249293.02100220,94842,247.55686000,27432976.90144220
1757145600000,2025-09-06 08:00:00,110825.59000000,110968.00000000,110675.58000000,110781.02000000,621.90211000,1757159999999,68882709.44001820,93699,313.76931000,34752578.20476860
1757160000000,2025-09-06 12:00:00,110781.03000000,110999.83000000,110358.11000000,110384.15000000,886.00942000,1757174399999,98108968.71789900,142658,460.89526000,51042181.36652530
1757174400000,2025-09-06 16:00:00,110384.16000000,110402.00000000,109977.00000000,110038.41000000,1391.66059000,1757188799999,153326892.03409560,233868,605.91642000,66759272.27371200
1757188800000,2025-09-06 20:00:00,110038.42000000,110282.82000000,110034.44000000,110187.97000000,612.56061000,1757203199999,67479809.90245690,90034,327.18585000,36041018.92685820
1757203200000,2025-09-07 00:00:00,110187.98000000,110733.12000000,110180.00000000,110629.15000000,948.63792000,1757217599999,104787931.40718370,116828,389.49018000,43022071.94874020
1757217600000,2025-09-07 04:00:00,110629.15000000,110911.42000000,110463.10000000,110753.42000000,872.74711000,1757231999999,96571750.76981000,108685,381.50211000,42229956.33231190
1757232000000,2025-09-07 08:00:00,110753.41000000,111377.19000000,110720.01000000,111292.13000000,1214.41306000,1757246399999,134950562.86242730,190930,552.37185000,61369941.35678530
1757246400000,2025-09-07 12:00:00,111292.12000000,111412.00000000,111042.60000000,111329.99000000,837.52385000,1757260799999,93137851.40595570,142417,344.09796000,38265361.05512750
1757260800000,2025-09-07 16:00:00,111329.99000000,111371.35000000,110861.20000000,111259.99000000,940.48526000,1757275199999,104481951.63920650,147101,469.78447000,52170540.84610150
1757275200000,2025-09-07 20:00:00,111259.99000000,111600.00000000,111001.45000000,111137.34000000,867.49224000,1757289599999,96517902.07428570,169000,433.60542000,48246052.00139590
1757289600000,2025-09-08 00:00:00,111137.35000000,111372.00000000,110621.78000000,111052.11000000,1701.47085000,1757303999999,188935229.57061340,308906,836.79910000,92904009.12259770
1757304000000,2025-09-08 04:00:00,111052.11000000,111609.04000000,110899.69000000,111280.39000000,1330.12513000,1757318399999,147913206.12595220,184140,701.81909000,78044546.82714720
1757318400000,2025-09-08 08:00:00,111280.40000000,112186.98000000,111252.90000000,112052.43000000,2723.68786000,1757332799999,304673937.23712620,309105,1317.82578000,147374478.79212260
1757332800000,2025-09-08 12:00:00,112052.43000000,112924.37000000,111877.64000000,112631.75000000,3018.22348000,1757347199999,339071513.52155890,466756,1572.71776000,176693309.59464820
1757347200000,2025-09-08 16:00:00,112631.74000000,112670.06000000,111978.67000000,112097.31000000,1681.81458000,1757361599999,188910893.98617280,316939,615.64599000,69157804.79041590
1757361600000,2025-09-08 20:00:00,112097.31000000,112512.71000000,111896.00000000,112065.23000000,1127.08021000,1757375999999,126399082.02353680,158752,486.85197000,54599126.23069910
1757376000000,2025-09-09 00:00:00,112065.23000000,112104.41000000,111111.00000000,111708.00000000,2091.77038000,1757390399999,233281366.99759270,364708,1119.70716000,124850202.96638540
1757390400000,2025-09-09 04:00:00,111708.01000000,113293.29000000,111624.12000000,112991.11000000,2906.59440000,1757404799999,327413687.28500880,352029,1393.69534000,156948740.48939340
1757404800000,2025-09-09 08:00:00,112991.11000000,113176.51000000,112403.91000000,112433.59000000,1848.92022000,1757419199999,208676364.39617630,210918,778.05933000,87830424.61282960
1757419200000,2025-09-09 12:00:00,112433.59000000,112950.00000000,110766.66000000,110880.76000000,4662.13241000,1757433599999,521744273.15140730,742791,2061.34504000,230751567.39885640
1757433600000,2025-09-09 16:00:00,110880.76000000,111388.04000000,110788.00000000,111301.53000000,2121.49527000,1757447999999,235604707.70760970,252884,1219.72460000,135439035.79615950
1757448000000,2025-09-09 20:00:00,111301.53000000,111745.69000000,111090.07000000,111546.39000000,1748.36980000,1757462399999,194745598.36857120,219912,1024.84891000,114153204.91394410
1757462400000,2025-09-10 00:00:00,111546.38000000,111586.26000000,110917.45000000,111545.88000000,1667.04272000,1757476799999,185465386.61559640,285335,805.56444000,89625575.41568200
1757476800000,2025-09-10 04:00:00,111545.88000000,112602.35000000,111372.42000000,112553.65000000,2477.25860000,1757491199999,277249952.52496740,275054,1291.20908000,144582430.69017270
1757491200000,2025-09-10 08:00:00,112553.65000000,112859.80000000,112097.20000000,112299.99000000,2579.59736000,1757505599999,290014477.68668190,286707,1008.77698000,113415730.16324630
1757505600000,2025-09-10 12:00:00,112300.00000000,114313.13000000,112299.99000000,113853.99000000,6630.72074000,1757519999999,752976102.98552950,774516,3390.81038000,384880932.48969830
1757520000000,2025-09-10 16:00:00,113853.99000000,114074.46000000,113155.03000000,113574.52000000,2628.46871000,1757534399999,298513456.48038900,357649,953.94643000,108328664.73569500
1757534400000,2025-09-10 20:00:00,113574.53000000,114025.78000000,113528.01000000,113960.00000000,1534.33010000,1757548799999,174615373.92914730,203273,824.33267000,93813363.98783810
1757548800000,2025-09-11 00:00:00,113960.00000000,114434.23000000,113669.82000000,114400.01000000,1596.62879000,1757563199999,182015809.94844740,263136,961.52159000,109618338.08634040
1757563200000,2025-09-11 04:00:00,114400.01000000,114459.65000000,113957.20000000,114083.58000000,1954.14285000,1757577599999,223126882.04170470,250844,925.38594000,105675000.56733420
1757577600000,2025-09-11 08:00:00,114083.58000000,114200.00000000,113776.00000000,113999.99000000,1512.60333000,1757591999999,172426276.75729320,230229,687.23071000,78339092.89556980
1757592000000,2025-09-11 12:00:00,113999.99000000,114715.02000000,113430.00000000,114180.31000000,5143.69337000,1757606399999,586732694.63006630,862926,2412.18460000,275257309.96635390
1757606400000,2025-09-11 16:00:00,114180.32000000,114605.54000000,114102.00000000,114419.99000000,1437.71411000,1757620799999,164436578.72479370,279325,662.48431000,75761951.15958420
1757620800000,2025-09-11 20:00:00,114420.00000000,115488.09000000,114246.04000000,115482.69000000,2031.94874000,1757635199999,233502902.85423570,279899,1095.49278000,125943730.01533880
1757635200000,2025-09-12 00:00:00,115482.69000000,116331.81000000,115045.45000000,115194.14000000,3703.00155000,1757649599999,428356309.20896320,563995,1926.14769000,222855145.58434580
1757649600000,2025-09-12 04:00:00,115194.14000000,115656.87000000,115086.70000000,115086.70000000,1630.41759000,1757663999999,188078296.73253520,252459,713.19737000,82280586.33433440
1757664000000,2025-09-12 08:00:00,115086.70000000,115273.12000000,114888.01000000,114913.45000000,1958.78975000,1757678399999,225295701.80976550,242507,1059.45555000,121850301.85111830
1757678400000,2025-09-12 12:00:00,114913.45000000,115500.95000000,114740.99000000,115121.18000000,2042.13901000,1757692799999,235016851.08326300,545024,1043.10430000,120057659.02116840
1757692800000,2025-09-12 16:00:00,115121.18000000,116665.63000000,115030.30000000,116632.51000000,3863.84437000,1757707199999,448507362.63907920,485400,2325.63773000,269971516.79455820
1757707200000,2025-09-12 20:00:00,116632.51000000,116632.51000000,115752.68000000,116029.42000000,2125.91492000,1757721599999,246867748.02825740,392106,928.03012000,107760180.27141450
1757721600000,2025-09-13 00:00:00,116029.41000000,116298.78000000,115576.26000000,115957.00000000,2254.31226000,1757735999999,261424386.40744380,283017,797.29772000,92472022.51640340
1757736000000,2025-09-13 04:00:00,115957.00000000,115957.01000000,115657.81000000,115778.71000000,1062.20470000,1757750399999,122972028.19498550,141293,452.32207000,52362368.88514660
1757750400000,2025-09-13 08:00:00,115778.72000000,116166.71000000,115767.33000000,115974.11000000,1228.90503000,1757764799999,142484356.35699640,143877,653.86468000,75813012.04637850
1757764800000,2025-09-13 12:00:00,115974.11000000,116060.00000000,115603.98000000,115768.68000000,1373.33567000,1757779199999,159057213.32081700,243380,622.10718000,72047224.87732550
1757779200000,2025-09-13 16:00:00,115768.68000000,115817.37000000,115127.27000000,115797.12000000,1589.96184000,1757793599999,183620137.42837770,291478,742.20207000,85724072.03629970
1757793600000,2025-09-13 20:00:00,115797.12000000,115991.29000000,115797.11000000,115918.29000000,760.68444000,1757807999999,88166098.94114070,120590,322.29987000,37354329.07779900
1757808000000,2025-09-14 00:00:00,115918.29000000,116109.00000000,115651.99000000,115679.98000000,879.64203000,1757822399999,101912530.94192830,182719,448.54268000,51966994.55571050
1757822400000,2025-09-14 04:00:00,115679.99000000,115936.00000000,115449.59000000,115805.39000000,914.78349000,1757836799999,105892525.68561350,131190,504.47234000,58398068.43394520
1757836800000,2025-09-14 08:00:00,115805.39000000,116165.19000000,115748.78000000,115794.91000000,840.40714000,1757851199999,97461407.15320890,148132,364.91910000,42315741.29929630
1757851200000,2025-09-14 12:00:00,115794.92000000,115878.49000000,115141.80000000,115224.01000000,2036.51269000,1757865599999,235055297.99864420,365569,1029.19419000,118798605.60387380
1757865600000,2025-09-14 16:00:00,115224.01000000,115657.50000000,115193.90000000,115634.99000000,869.12927000,1757879999999,100365108.81303440,166241,529.68951000,61162930.28544920
1757880000000,2025-09-14 20:00:00,115634.99000000,116087.35000000,115135.00000000,115268.01000000,1167.12735000,1757894399999,135075494.37616980,243367,530.08995000,61334719.12526710
1757894400000,2025-09-15 00:00:00,115268.01000000,115594.90000000,114825.00000000,115445.45000000,1291.49944000,1757908799999,148755333.59167810,309719,645.87650000,74396767.24585490
1757908800000,2025-09-15 04:00:00,115445.46000000,116757.99000000,115400.00000000,115806.62000000,2645.45158000,1757923199999,307301863.21300750,460919,1400.41903000,162689713.37340390
1757923200000,2025-09-15 08:00:00,115806.62000000,115806.62000000,114625.87000000,115070.00000000,3497.27876000,1757937599999,402341170.19463320,597624,1627.73693000,187272169.64518180
1757937600000,2025-09-15 12:00:00,115070.01000000,115099.00000000,114384.00000000,114842.90000000,2995.41636000,1757951999999,343782363.52896000,770538,1546.13431000,177457203.01098530
1757952000000,2025-09-15 16:00:00,114842.90000000,115570.00000000,114600.00000000,115307.78000000,1872.69025000,1757966399999,215446534.44747110,524766,1032.15362000,118739803.15764560
1757966400000,2025-09-15 20:00:00,115307.78000000,115605.07000000,115200.07000000,115349.71000000,910.17510000,1757980799999,105020970.24776540,194423,369.04321000,42582929.25195340
1757980800000,2025-09-16 00:00:00,115349.71000000,115520.00000000,114945.01000000,115307.25000000,864.47636000,1757995199999,99591672.05962510,245700,315.94643000,36392856.36049060
1757995200000,2025-09-16 04:00:00,115307.26000000,116009.62000000,114930.00000000,115840.00000000,1899.99942000,1758009599999,219806608.63743820,299283,925.54470000,107072896.84875460
1758009600000,2025-09-16 08:00:00,115839.99000000,115981.17000000,115206.15000000,115287.83000000,1345.53241000,1758023999999,155508383.82022350,239032,642.66269000,74263269.63666950
1758024000000,2025-09-16 12:00:00,115287.84000000,115905.89000000,114737.11000000,115905.88000000,2622.65829000,1758038399999,302186446.59042710,530203,1256.64052000,144829750.86593250
1758038400000,2025-09-16 16:00:00,115905.88000000,116870.76000000,115608.28000000,116800.12000000,2955.38019000,1758052799999,343968787.58147110,534667,1561.23821000,181675574.32735700
1758052800000,2025-09-16 20:00:00,116800.13000000,116964.27000000,116584.45000000,116788.96000000,1238.86273000,1758067199999,144717388.82774170,198173,590.15110000,68948220.95271430
1758067200000,2025-09-17 00:00:00,116788.96000000,117077.16000000,116371.81000000,116372.04000000,1657.75299000,1758081599999,193491339.81008770,290146,815.63490000,95235176.22922890
1758081600000,2025-09-17 04:00:00,116372.05000000,117286.73000000,116160.22000000,117162.48000000,2485.03317000,1758095999999,290584490.39789000,331949,1244.97129000,145570415.80491210
1758096000000,2025-09-17 08:00:00,117162.48000000,117189.86000000,116253.27000000,116258.13000000,1655.08810000,1758110399999,193052633.85378710,275626,616.39614000,71876604.82226690
1758110400000,2025-09-17 12:00:00,116258.12000000,116516.93000000,115432.00000000,115875.32000000,2848.33061000,1758124799999,330110290.72195140,580758,1431.82591000,165929205.94850880
1758124800000,2025-09-17 16:00:00,115875.33000000,116333.33000000,114720.81000000,115652.02000000,5738.81221000,1758139199999,663313189.17896010,1271634,2797.54671000,323392837.82956480
1758139200000,2025-09-17 20:00:00,115652.02000000,116990.68000000,115307.33000000,116447.59000000,2369.22832000,1758153599999,275531760.65906940,477305,1068.62695000,124277870.19859750
1758153600000,2025-09-18 00:00:00,116447.60000000,117896.00000000,116092.76000000,117581.66000000,3081.68078000,1758167999999,360962395.08196600,545534,1552.10912000,181734851.19817400
1758168000000,2025-09-18 04:00:00,117581.67000000,117750.00000000,116888.02000000,117086.01000000,1789.62789000,1758182399999,209885864.13961750,336315,688.09658000,80699444.82398450
1758182400000,2025-09-18 08:00:00,117086.01000000,117413.04000000,117010.59000000,117063.40000000,1165.75229000,1758196799999,136644267.16767080,265319,615.10674000,72102169.69079360
1758196800000,2025-09-18 12:00:00,117063.41000000,117843.83000000,116977.59000000,117583.56000000,2416.33194000,1758211199999,283846467.09226430,482957,1302.94828000,153061674.61871160
1758211200000,2025-09-18 16:00:00,117583.56000000,117900.00000000,117196.33000000,117450.21000000,1828.62350000,1758225599999,215116042.78037830,374290,981.62432000,115472670.55768360
1758225600000,2025-09-18 20:00:00,117450.21000000,117657.17000000,116612.03000000,117073.53000000,1375.21725000,1758239999999,161058311.22461250,248239,577.46034000,67629742.04538040
1758240000000,2025-09-19 00:00:00,117073.53000000,117459.99000000,116871.61000000,116977.58000000,1326.38784000,1758254399999,155402024.03295700,312981,533.62089000,62517867.86585390
1758254400000,2025-09-19 04:00:00,116977.58000000,117100.00000000,116633.86000000,116909.97000000,1538.09106000,1758268799999,179715411.02232820,281722,576.66272000,67382362.12074040
1758268800000,2025-09-19 08:00:00,116909.98000000,117090.36000000,116300.00000000,116394.72000000,1243.82831000,1758283199999,145090230.80511020,210628,486.01225000,56690954.63572180
1758283200000,2025-09-19 12:00:00,116394.72000000,116529.08000000,115464.19000000,115884.03000000,2657.87565000,1758297599999,308378000.22729850,466145,1293.13634000,150024130.86997050
1758297600000,2025-09-19 16:00:00,115884.03000000,116136.00000000,115112.58000000,115125.12000000,1413.65495000,1758311999999,163452273.25479540,290425,676.66257000,78251783.94873560
1758312000000,2025-09-19 20:00:00,115125.13000000,115657.28000000,115100.00000000,115632.38000000,812.25284000,1758326399999,93754462.11074960,170570,454.72006000,52478883.63765770
1758326400000,2025-09-20 00:00:00,115632.39000000,115730.41000000,115408.47000000,115445.00000000,717.06298000,1758340799999,82888500.38146520,124296,346.11885000,40008333.14995570
1758340800000,2025-09-20 04:00:00,115445.00000000,115985.20000000,115409.08000000,115968.56000000,759.46126000,1758355199999,87855071.45374150,110606,467.47497000,54074433.54654270
1758355200000,2025-09-20 08:00:00,115968.56000000,115968.57000000,115664.11000000,115894.06000000,793.04586000,1758369599999,91828050.91084840,136003,360.32496000,41724695.46654950
1758369600000,2025-09-20 12:00:00,115894.05000000,116121.81000000,115804.47000000,115986.69000000,836.91424000,1758383999999,97054572.13504620,133819,365.84809000,42427792.07254300
1758384000000,2025-09-20 16:00:00,115986.70000000,116079.46000000,115698.08000000,115702.00000000,898.20806000,1758398399999,104049061.31061800,121605,392.98161000,45522079.38976900
1758398400000,2025-09-20 20:00:00,115702.00000000,115944.70000000,115603.42000000,115685.63000000,670.23512000,1758412799999,77589017.04997010,114122,343.41635000,39754136.21789890
1758412800000,2025-09-21 00:00:00,115685.63000000,115732.94000000,115441.83000000,115669.41000000,919.05922000,1758427199999,106244847.86826770,138632,382.21256000,44187619.19627150
1758427200000,2025-09-21 04:00:00,115669.42000000,115815.98000000,115487.56000000,115815.97000000,806.93980000,1758441599999,93317224.35886330,135618,396.77304000,45885341.45019600
1758441600000,2025-09-21 08:00:00,115815.98000000,115819.06000000,115329.03000000,115603.45000000,786.85295000,1758455999999,90947602.10522750,168670,343.18454000,39664581.11508440
1758456000000,2025-09-21 12:00:00,115603.45000000,115747.23000000,115473.19000000,115531.61000000,671.32040000,1758470399999,77628802.41639730,148679,286.47799000,33124406.79987650
1758470400000,2025-09-21 16:00:00,115531.62000000,115665.52000000,115209.02000000,115480.05000000,781.11646000,1758484799999,90162089.93084310,192628,363.97115000,42014901.11311980
1758484800000,2025-09-21 20:00:00,115480.05000000,115545.43000000,115188.00000000,115232.29000000,546.23336000,1758499199999,62999184.47081070,161738,244.10561000,28154689.07244490
1758499200000,2025-09-22 00:00:00,115232.29000000,115379.25000000,114150.00000000,114649.89000000,3078.59053000,1758513599999,352684754.11777710,736906,1425.26822000,163246716.89603170
1758513600000,2025-09-22 04:00:00,114649.89000000,114649.90000000,111800.00000000,112519.99000000,7290.80289000,1758527999999,823530281.51200680,728222,3253.38510000,367502330.86163850
1758528000000,2025-09-22 08:00:00,112520.00000000,112976.02000000,112173.52000000,112876.97000000,3052.23045000,1758542399999,343444834.82094120,432429,1529.16275000,172070503.33346660
1758542400000,2025-09-22 12:00:00,112876.97000000,113432.76000000,112380.00000000,112815.50000000,3313.50245000,1758556799999,374108351.03113050,540240,1462.92194000,165183779.00933880
1758556800000,2025-09-22 16:00:00,112815.50000000,112888.00000000,111936.40000000,112122.90000000,2731.51753000,1758571199999,307062428.91799760,394676,1008.47504000,113372531.37514730
1758571200000,2025-09-22 20:00:00,112122.90000000,112977.41000000,111975.28000000,112650.99000000,1315.06971000,1758585599999,148041861.29902190,213403,633.14472000,71308405.42256470
1758585600000,2025-09-23 00:00:00,112650.99000000,112833.09000000,111478.00000000,112339.99000000,2398.09582000,1758599999999,269043870.04109740,423585,1029.92621000,115566420.27788150
1758600000000,2025-09-23 04:00:00,112339.99000000,113114.01000000,111876.15000000,113090.13000000,2504.81638000,1758614399999,282369160.46170410,475088,1192.47496000,134434490.33527400
1758614400000,2025-09-23 08:00:00,113090.13000000,113281.50000000,112683.33000000,112975.99000000,1814.57634000,1758628799999,205068866.18582340,305733,821.37518000,92832278.57402130
1758628800000,2025-09-23 12:00:00,112975.99000000,113290.50000000,112496.61000000,112882.19000000,1948.83266000,1758643199999,219993237.52754170,451279,823.53111000,92978126.21790460
1758643200000,2025-09-23 16:00:00,112882.20000000,112958.58000000,111540.20000000,111655.29000000,2394.18192000,1758657599999,268491504.71853940,575584,1073.49522000,120384847.72395070
1758657600000,2025-09-23 20:00:00,111655.29000000,112220.54000000,111458.73000000,111998.80000000,1240.81718000,1758671999999,138903161.33899710,224460,602.55822000,67469495.59100070
1758672000000,2025-09-24 00:00:00,111998.80000000,112500.00000000,111683.09000000,111683.09000000,2848.03309000,1758686399999,319231715.78306920,450413,1269.95521000,142335429.33395300
1758686400000,2025-09-24 04:00:00,111683.10000000,112779.37000000,111042.66000000,112583.54000000,2905.68984000,1758700799999,325878156.69843920,422986,1541.70360000,172928360.70714090
1758700800000,2025-09-24 08:00:00,112583.54000000,113162.17000000,112405.62000000,113029.46000000,1567.72874000,1758715199999,176833681.46212980,250830,860.06127000,97021284.84561540
1758715200000,2025-09-24 12:00:00,113029.45000000,113890.00000000,112808.00000000,113346.41000000,2535.05067000,1758729599999,287303312.80478710,552852,1318.87422000,149507527.40252870
1758729600000,2025-09-24 16:00:00,113346.40000000,113940.00000000,113163.21000000,113420.01000000,1318.69585000,1758743999999,149795073.91134420,322583,604.02160000,68627497.35902840
1758744000000,2025-09-24 20:00:00,113420.00000000,113647.58000000,113204.71000000,113307.00000000,1194.06148000,1758758399999,135428687.84281250,230173,506.07897000,57406181.57221060
1758758400000,2025-09-25 00:00:00,113307.01000000,113510.23000000,112214.74000000,112546.21000000,3049.61418000,1758772799999,344005575.81568140,658203,1427.22747000,160957165.18388540
1758772800000,2025-09-25 04:00:00,112546.22000000,112614.43000000,111450.42000000,111766.72000000,2930.20950000,1758787199999,327663142.00683150,596111,1372.57018000,153492918.47400550
1758787200000,2025-09-25 08:00:00,111766.73000000,112246.46000000,111283.63000000,111348.00000000,2287.76235000,1758801599999,255646380.39669940,406141,980.94778000,109635663.45243120
1758801600000,2025-09-25 12:00:00,111347.99000000,111729.52000000,110629.99000000,111580.77000000,4734.75828000,1758815999999,527008326.88953170,1120064,2052.45708000,228443277.30341460
1758816000000,2025-09-25 16:00:00,111580.77000000,111672.58000000,108631.51000000,109360.00000000,6129.42446000,1758830399999,672975159.27256590,1060870,2585.28818000,283641411.30006550
1758830400000,2025-09-25 20:00:00,109360.00000000,109685.72000000,108765.00000000,108994.49000000,2099.38080000,1758844799999,229341105.54390470,568564,1092.58868000,119357100.05464250
1758844800000,2025-09-26 00:00:00,108994.49000000,109798.84000000,108809.24000000,109580.01000000,2323.19574000,1758859199999,254245438.68470750,534083,1052.66880000,115195891.11143690
1758859200000,2025-09-26 04:00:00,109580.00000000,109625.94000000,108913.00000000,109320.02000000,3055.89804000,1758873599999,333796210.85090300,475637,1727.78782000,188665223.80385670
1758873600000,2025-09-26 08:00:00,109320.02000000,109690.98000000,108620.07000000,109133.50000000,2675.46214000,1758887999999,291980121.86979700,532784,991.18565000,108189935.86158570
1758888000000,2025-09-26 12:00:00,109133.50000000,109779.73000000,108764.76000000,109027.78000000,3241.92440000,1758902399999,354169754.92829400,961751,1645.14827000,179782119.84430670
1758902400000,2025-09-26 16:00:00,109027.79000000,110300.00000000,109027.78000000,109172.20000000,2093.42859000,1758916799999,229566570.70964500,543828,1090.71555000,119610460.27671280
1758916800000,2025-09-26 20:00:00,109172.21000000,109687.69000000,109087.57000000,109643.46000000,853.10700000,1758931199999,93340818.89591310,209072,470.78424000,51511811.85450120
1758931200000,2025-09-27 00:00:00,109643.46000000,109743.91000000,109324.42000000,109553.77000000,1041.65919000,1758945599999,114071463.21404600,170335,510.68488000,55917374.07404540
1758945600000,2025-09-27 04:00:00,109553.77000000,109742.27000000,109332.02000000,109411.20000000,908.84116000,1758959999999,99561610.80098340,118897,406.08444000,44487440.48758670
1758960000000,2025-09-27 08:00:00,109411.19000000,109477.69000000,109064.40000000,109310.21000000,1356.29029000,1758974399999,148229649.56176290,194483,596.20681000,65164372.50049190
1758974400000,2025-09-27 12:00:00,109310.22000000,109477.59000000,109193.00000000,109402.24000000,1151.38343000,1758988799999,125875777.06509470,178012,511.03924000,55871636.53244890
1758988800000,2025-09-27 16:00:00,109402.25000000,109440.00000000,109243.89000000,109424.20000000,590.81859000,1759003199999,64619444.69863240,145696,234.92135000,25691898.22871310
1759003200000,2025-09-27 20:00:00,109424.21000000,109699.98000000,109362.72000000,109635.85000000,452.79377000,1759017599999,49589643.65655710,112171,264.32214000,28947779.17090940
1759017600000,2025-09-28 00:00:00,109635.85000000,109787.75000000,109325.05000000,109436.00000000,822.14827000,1759031999999,90044713.87016250,223878,412.28027000,45150225.50851850
1759032000000,2025-09-28 04:00:00,109436.00000000,109537.80000000,109260.00000000,109513.06000000,569.05076000,1759046399999,62257046.29739510,92356,294.31340000,32198424.27673750
1759046400000,2025-09-28 08:00:00,109513.06000000,109585.39000000,109250.00000000,109369.02000000,862.93461000,1759060799999,94420289.04633350,183426,420.99379000,46061702.51652680
1759060800000,2025-09-28 12:00:00,109369.02000000,110037.93000000,109189.99000000,110037.93000000,1349.20291000,1759075199999,147898941.38906380,288876,555.96741000,60956478.86828100
1759075200000,2025-09-28 16:00:00,110037.92000000,110393.63000000,110008.54000000,110337.60000000,1215.77694000,1759089599999,134010225.16023950,241509,612.71660000,67540466.26410240
1759089600000,2025-09-28 20:00:00,110337.61000000,112350.00000000,110294.78000000,112163.95000000,2723.21811000,1759103999999,303623728.55714090,454821,1485.60459000,165588459.73518380
1759104000000,2025-09-29 00:00:00,112163.96000000,112310.00000000,111588.07000000,111857.51000000,2297.47362000,1759118399999,257214538.02497690,442060,1048.98960000,117456642.63784110
1759118400000,2025-09-29 04:00:00,111857.51000000,111904.34000000,111560.65000000,111865.95000000,1831.36016000,1759132799999,204592458.62763950,299499,1004.26408000,112180456.46137010
1759132800000,2025-09-29 08:00:00,111865.96000000,112421.99000000,111865.95000000,112100.00000000,2126.24195000,1759147199999,238342829.85522600,324984,1077.07667000,120736060.17852760
1759147200000,2025-09-29 12:00:00,112100.00000000,114231.56000000,111901.26000000,113815.57000000,5064.79852000,1759161599999,573716293.18183780,789340,2663.77606000,301574004.71322660
1759161600000,2025-09-29 16:00:00,113815.57000000,114390.93000000,113449.74000000,114265.55000000,2716.40525000,1759175999999,309483410.94878900,354517,1227.93720000,139934824.24231550
1759176000000,2025-09-29 20:00:00,114265.56000000,114400.00000000,114020.00000000,114311.96000000,1504.84055000,1759190399999,171898105.23266680,232253,814.64407000,93052999.33547210
1759190400000,2025-09-30 00:00:00,114311.97000000,114792.00000000,114040.35000000,114376.39000000,2494.38118000,1759204799999,285442214.86781880,444227,1122.69104000,128499719.71322000
1759204800000,2025-09-30 04:00:00,114376.39000000,114376.40000000,113585.00000000,113699.23000000,2326.82117000,1759219199999,265116049.17012070,334134,947.88151000,107991936.52511960
1759219200000,2025-09-30 08:00:00,113699.24000000,113741.37000000,112656.27000000,113055.01000000,2869.29172000,1759233599999,324570286.34938870,462307,1534.32514000,173519351.10107890
1759233600000,2025-09-30 12:00:00,113055.00000000,113677.23000000,112866.11000000,113106.16000000,2840.28661000,1759247999999,321540741.98797550,878794,1300.30916000,147218631.20985640
1759248000000,2025-09-30 16:00:00,113106.15000000,114563.46000000,112800.00000000,114359.99000000,2535.88761000,1759262399999,288029255.11497640,512164,1287.09650000,146251134.04037590
1759262400000,2025-09-30 20:00:00,114359.99000000,114754.87000000,113765.42000000,114048.93000000,1977.48804000,1759276799999,226014719.63981540,386705,993.41819000,113563688.68053070
1759276800000,2025-10-01 00:00:00,114048.94000000,114551.76000000,113966.67000000,114176.92000000,2042.57116000,1759291199999,233499606.04922240,365189,973.35718000,111273026.30331280
1759291200000,2025-10-01 04:00:00,114176.93000000,114740.00000000,114151.00000000,114539.02000000,1996.43364000,1759305599999,228584340.51596940,453781,805.82104000,92262770.03152040
1759305600000,2025-10-01 08:00:00,114539.02000000,116795.85000000,114484.43000000,116789.58000000,5217.93036000,1759319999999,604751911.29038270,730334,2969.42682000,343980662.63906420
1759320000000,2025-10-01 12:00:00,116789.57000000,117649.99000000,116363.38000000,117423.73000000,4518.34600000,1759334399999,528495971.58234100,849968,2190.22932000,256223578.84746030
1759334400000,2025-10-01 16:00:00,117423.73000000,118199.00000000,116724.56000000,117439.53000000,3814.32316000,1759348799999,448255889.93332880,583662,1823.08956000,214253035.20857870
1759348800000,2025-10-01 20:00:00,117439.53000000,118649.10000000,117163.25000000,118594.99000000,2446.79084000,1759363199999,288509261.89468920,447409,1309.11700000,154429584.37658100
1759363200000,2025-10-02 00:00:00,118594.99000000,119456.92000000,118368.05000000,118733.99000000,4187.34775000,1759377599999,497627797.11437860,736652,2192.53340000,260588560.74015300
1759377600000,2025-10-02 04:00:00,118733.99000000,118930.29000000,118279.31000000,118489.76000000,1772.36438000,1759391999999,210107178.01584700,347710,665.88412000,78943010.65534770
1759392000000,2025-10-02 08:00:00,118489.76000000,118926.49000000,118354.61000000,118765.73000000,1460.00845000,1759406399999,173263672.07406360,264264,747.60980000,88726117.37654980
1759406400000,2025-10-02 12:00:00,118765.72000000,119910.79000000,118516.39000000,119910.78000000,5099.16626000,1759420799999,608427409.90587330,967574,2836.67768000,338496859.04429270
1759420800000,2025-10-02 16:00:00,119910.78000000,121022.07000000,119359.63000000,120836.49000000,4869.11141000,1759435199999,585412473.74573860,780175,2457.56897000,295486797.20501880
1759435200000,2025-10-02 20:00:00,120836.49000000,120914.00000000,120072.46000000,120529.35000000,2282.83678000,1759449599999,275022596.48867940,375698,852.80451000,102745078.96844550
1759449600000,2025-10-03 00:00:00,120529.35000000,120550.90000000,119820.00000000,120225.89000000,2268.65523000,1759463999999,272710904.27956340,425555,853.57434000,102601163.44525290
1759464000000,2025-10-03 04:00:00,120225.88000000,120324.53000000,119610.59000000,119640.21000000,2293.91523000,1759478399999,274941005.21233860,319426,763.91801000,91596948.73996820
1759478400000,2025-10-03 08:00:00,119640.22000000,120515.89000000,119248.30000000,120334.50000000,3467.40526000,1759492799999,416272468.78557710,428903,1447.39533000,173798057.30156550
1759492800000,2025-10-03 12:00:00,120334.51000000,122366.00000000,119881.24000000,122258.05000000,4929.42106000,1759507199999,596531230.46443710,1074937,2734.65596000,331036842.48699540
1759507200000,2025-10-03 16:00:00,122258.04000000,123894.99000000,121466.25000000,122660.99000000,9447.66952000,1759521599999,1159833334.65435830,1647932,4768.99657000,585662876.94861530
1759521600000,2025-10-03 20:00:00,122661.00000000,122734.92000000,121999.33000000,122232.00000000,1529.26170000,1759535999999,187092133.28504430,350067,720.08334000,88096718.69122410
1759536000000,2025-10-04 00:00:00,122232.21000000,122325.60000000,121684.97000000,122243.99000000,1730.57720000,1759550399999,211099963.95431260,424870,816.50953000,99613426.53432030
1759550400000,2025-10-04 04:00:00,122243.99000000,122800.00000000,122219.30000000,122324.08000000,1516.17531000,1759564799999,185707032.54270780,298681,710.92006000,87079947.34376070
1759564800000,2025-10-04 08:00:00,122324.08000000,122539.83000000,121962.81000000,121973.26000000,1268.73633000,1759579199999,155133843.53270200,219801,623.33043000,76223673.62505060
1759579200000,2025-10-04 12:00:00,121973.26000000,122509.52000000,121698.88000000,121791.31000000,1464.05666000,1759593599999,178686185.50319400,361807,623.71437000,76136650.14428400
1759593600000,2025-10-04 16:00:00,121791.31000000,121964.95000000,121510.00000000,121959.25000000,1443.23464000,1759607999999,175708446.32154880,245128,615.43498000,74935077.83484410
1759608000000,2025-10-04 20:00:00,121959.25000000,122410.00000000,121871.01000000,122391.00000000,785.38664000,1759622399999,95937431.49018200,153303,377.89398000,46165657.64140220
1759622400000,2025-10-05 00:00:00,122390.99000000,124362.28000000,122136.00000000,123776.22000000,4212.02615000,1759636799999,520334194.48993320,691499,2464.54974000,304379319.50981660
1759636800000,2025-10-05 04:00:00,123776.23000000,125708.42000000,123734.00000000,124713.63000000,7342.54920300,1759651199999,918195583.57300200,999184,4023.05115300,503093246.96551080
1759651200000,2025-10-05 08:00:00,124713.63000000,124838.37000000,122520.24000000,123464.64000000,4455.30964000,1759665599999,550076667.52752170,798480,2105.16480000,259759835.85968740
1759665600000,2025-10-05 12:00:00,123464.64000000,123464.65000000,122675.00000000,122803.17000000,2233.09004000,1759679999999,274872969.06457120,362179,1132.83436000,139463431.11552050
1759680000000,2025-10-05 16:00:00,122803.17000000,123464.00000000,122301.63000000,122591.79000000,2386.16050000,1759694399999,293327214.60724370,500385,1262.23472000,155197705.07311310
1759694400000,2025-10-05 20:00:00,122591.80000000,123548.83000000,122473.62000000,123482.31000000,1413.96202000,1759708799999,174010841.67729220,338943,792.83763000,97584862.38734790
1759708800000,2025-10-06 00:00:00,123482.32000000,124358.46000000,123084.00000000,123839.09000000,3025.28443000,1759723199999,374435028.79986240,822567,1514.54440000,187472078.53372990
1759723200000,2025-10-06 04:00:00,123839.09000000,124165.56000000,123280.49000000,123390.47000000,2210.62835000,1759737599999,273410254.40127530,473306,912.42819000,112855684.84648900
1759737600000,2025-10-06 08:00:00,123390.47000000,124531.66000000,123390.46000000,124215.00000000,2768.21181000,1759751999999,343203564.65059130,423106,1659.13306000,205727617.78519450
1759752000000,2025-10-06 12:00:00,124215.00000000,125408.29000000,124178.00000000,125000.00000000,4567.69480000,1759766399999,570039253.68215230,1183562,2348.48905000,293097929.81617900
1759766400000,2025-10-06 16:00:00,125000.00000000,126199.63000000,124800.00000000,125410.81000000,4722.17235300,1759780799999,592646648.27343420,853093,2580.04856300,323906136.90161590
1759780800000,2025-10-06 20:00:00,125410.80000000,125534.00000000,124511.15000000,124658.54000000,2200.63705000,1759795199999,275094202.45800280,450533,948.36489000,118565681.83451000
1759795200000,2025-10-07 00:00:00,124658.54000000,125082.27000000,124101.26000000,124329.74000000,1773.60979000,1759809599999,220920573.76823910,491779,864.88818000,107758799.10802200
1759809600000,2025-10-07 04:00:00,124329.74000000,124654.47000000,123567.60000000,123667.99000000,2455.22590000,1759823999999,304622336.04908810,470777,978.62711000,121447489.71830410
1759824000000,2025-10-07 08:00:00,123668.00000000,124509.60000000,123322.90000000,124453.38000000,2444.73415000,1759838399999,303046034.76347480,452817,1222.21828000,151582526.91055010
1759838400000,2025-10-07 12:00:00,124453.37000000,125126.00000000,121172.89000000,121846.01000000,7360.01455000,1759852799999,905286859.80157790,1464124,3253.15942000,400336339.53722110
1759852800000,2025-10-07 16:00:00,121846.01000000,122084.14000000,120574.94000000,121637.17000000,5726.89600000,1759867199999,695188027.58233990,1000405,2550.82405000,309673616.05836590
1759867200000,2025-10-07 20:00:00,121637.18000000,122292.62000000,121258.08000000,121332.95000000,1873.51346000,1759881599999,228341967.90582880,510883,829.63395000,101148970.36644260
1759881600000,2025-10-08 00:00:00,121332.96000000,122229.66000000,121200.00000000,121374.75000000,2406.76826000,1759895999999,293072607.11187850,691439,1164.40966000,141825662.06698160
1759896000000,2025-10-08 04:00:00,121374.76000000,121910.24000000,121066.14000000,121597.06000000,2670.85944000,1759910399999,324564761.87183740,585514,1288.46007000,156576311.28406210
1759910400000,2025-10-08 08:00:00,121597.05000000,123200.00000000,121524.01000000,122884.14000000,3408.74044000,1759924799999,417698564.08653910,681423,2059.58628000,252263865.08248720
1759924800000,2025-10-08 12:00:00,122884.14000000,123350.00000000,121649.68000000,122189.72000000,3373.36830000,1759939199999,413472933.84703670,1039222,1761.36381000,215957082.10997720
1759939200000,2025-10-08 16:00:00,122189.72000000,124197.25000000,122110.08000000,123450.00000000,3795.53021000,1759953599999,468725361.06308990,896830,2110.11538000,260570178.91050690
1759953600000,2025-10-08 20:00:00,123450.01000000,123737.00000000,122794.40000000,123306.00000000,1357.35135000,1759967999999,167308614.46123530,290569,655.12702000,80783165.24084460
1759968000000,2025-10-09 00:00:00,123306.01000000,123348.32000000,121475.98000000,122038.01000000,2319.17839000,1759982399999,283578287.06055600,548381,1061.61448000,129742045.29798820
1759982400000,2025-10-09 04:00:00,122038.01000000,122264.00000000,121724.71000000,121906.10000000,1451.14790000,1759996799999,177032613.48002480,351374,678.82991000,82810764.94710660
1759996800000,2025-10-09 08:00:00,121906.09000000,122833.02000000,121145.49000000,122737.57000000,2689.44106000,1760011199999,327913491.37966740,614086,1321.39836000,161086013.21581150
1760011200000,2025-10-09 12:00:00,122737.56000000,123762.94000000,120673.99000000,121147.14000000,6566.06200000,1760025599999,802158864.04645970,1257871,3132.48226000,382886650.71182700
1760025600000,2025-10-09 16:00:00,121147.15000000,121481.90000000,119651.47000000,120951.72000000,6174.05969000,1760039999999,744428050.47005680,1020022,2595.55881000,312958583.58452960
1760040000000,2025-10-09 20:00:00,120951.72000000,121900.00000000,120838.00000000,121662.40000000,2359.47103000,1760054399999,286326781.12996840,439433,1354.26982000,164398775.80697600
1760054400000,2025-10-10 00:00:00,121662.41000000,121874.13000000,120900.00000000,121026.01000000,2094.68145000,1760068799999,254275035.70168650,516650,955.65412000,116026684.80004380
1760068800000,2025-10-10 04:00:00,121026.00000000,121754.34000000,120855.41000000,120932.05000000,2566.54979000,1760083199999,311351111.01304550,596873,1052.11332000,127707284.61349640
1760083200000,2025-10-10 08:00:00,120932.05000000,121777.07000000,120916.44000000,121554.55000000,1553.83694000,1760097599999,188695320.93428830,445775,835.88684000,101510363.65615800
1760097600000,2025-10-10 12:00:00,121554.55000000,122550.00000000,118500.00000000,119018.98000000,7767.59253000,1760111999999,934592515.31947690,1732958,3669.89821000,441938383.39794500
1760112000000,2025-10-10 16:00:00,119018.99000000,119456.28000000,115952.47000000,116661.50000000,8454.54427000,1760126399999,994807629.57088090,2022673,3793.97209000,446619279.93523020
1760126400000,2025-10-10 20:00:00,116661.50000000,117214.64000000,102000.00000000,112774.50000000,41734.73429000,1760140799999,4666029292.50177920,6089593,20194.61839000,2259496456.44313430
1760140800000,2025-10-11 00:00:00,112774.49000000,113322.39000000,111019.43000000,112300.01000000,11533.52669000,1760155199999,1293681040.67509890,2026502,5110.80551000,573335130.39242580
1760155200000,2025-10-11 04:00:00,112300.00000000,112991.16000000,110090.29000000,110384.61000000,7142.76272000,1760169599999,797960337.70062370,1228503,3044.40272000,340310800.09882880
1760169600000,2025-10-11 08:00:00,110384.60000000,112359.67000000,110162.23000000,112280.00000000,5929.13992000,1760183999999,661351285.92256900,1017523,2692.80191000,300419021.08388840
1760184000000,2025-10-11 12:00:00,112280.01000000,112500.00000000,111793.20000000,111793.20000000,3681.24351000,1760198399999,412916020.17511150,650037,1364.49025000,153067514.69771550
1760198400000,2025-10-11 16:00:00,111793.21000000,112185.53000000,110865.82000000,111178.31000000,3138.91159000,1760212799999,350434516.21946350,678020,1392.25845000,155445077.55367720
1760212800000,2025-10-11 20:00:00,111178.30000000,111368.29000000,109561.59000000,110644.40000000,4022.93209000,1760227199999,444726272.53826970,1061344,1771.18912000,195852055.74041650
1760227200000,2025-10-12 00:00:00,110644.40000000,111368.14000000,109565.06000000,110676.00000000,4785.58424000,1760241599999,527734464.99480780,1108600,2476.96052000,273173790.56971350
1760241600000,2025-10-12 04:00:00,110676.00000000,112125.51000000,110617.10000000,111525.20000000,2731.29761000,1760255999999,304716749.81612510,607932,1477.25750000,164825649.67710120
1760256000000,2025-10-12 08:00:00,111525.19000000,112133.33000000,111139.87000000,111848.36000000,2810.82095000,1760270399999,313927758.07705480,603209,1642.22975000,183428181.66277760
1760270400000,2025-10-12 12:00:00,111848.35000000,113745.84000000,111177.75000000,113198.20000000,9020.41664000,1760284799999,1014104335.29719340,1362515,4653.69522000,523225849.13482730
1760284800000,2025-10-12 16:00:00,113198.20000000,114700.00000000,113198.20000000,114342.28000000,6635.34892000,1760299199999,756389128.24520870,1144133,3685.75078000,420151541.27759350
1760299200000,2025-10-12 20:00:00,114342.28000000,115770.00000000,114217.75000000,114958.80000000,6271.83436000,1760313599999,721674092.30976600,1222186,2979.55156000,342871466.85523780
1760313600000,2025-10-13 00:00:00,114958.81000000,115963.81000000,114619.45000000,114821.12000000,4123.60858000,1760327999999,475323620.27149950,1164854,2174.32736000,250632301.02132630
1760328000000,2025-10-13 04:00:00,114821.13000000,115554.83000000,114398.24000000,115399.67000000,3437.01313000,1760342399999,394916947.33842730,736105,1463.28676000,168265163.29489260
1760342400000,2025-10-13 08:00:00,115399.66000000,115438.17000000,113616.50000000,114180.00000000,4560.86246000,1760356799999,523095735.56426370,873810,1919.26850000,220015762.35308800
1760356800000,2025-10-13 12:00:00,114180.00000000,115530.00000000,113800.01000000,114312.10000000,5538.12887000,1760371199999,634545221.89615510,1607879,2528.50751000,289748367.09501470
1760371200000,2025-10-13 16:00:00,114312.09000000,115891.30000000,114215.79000000,115792.84000000,3368.92301000,1760385599999,387384812.75319190,929742,1926.78270000,221567028.23752510
1760385600000,2025-10-13 20:00:00,115792.84000000,115868.00000000,115005.44000000,115166.00000000,1528.70428000,1760399999999,176565323.16221170,426962,698.72440000,80721961.84061980
1760400000000,2025-10-14 00:00:00,115166.00000000,115409.96000000,113279.76000000,113500.00000000,3456.84461000,1760414399999,394674575.75338980,805132,1323.21364000,150943873.64252020
1760414400000,2025-10-14 04:00:00,113500.00000000,113691.00000000,111355.01000000,111724.41000000,6286.29915000,1760428799999,707088652.31309020,1394120,2719.93617000,305898644.00992760
1760428800000,2025-10-14 08:00:00,111724.41000000,112140.00000000,110012.24000000,111313.98000000,5281.83478000,1760443199999,587216179.59909420,1285881,2512.77526000,279377550.88687940
1760443200000,2025-10-14 12:00:00,111313.98000000,112943.82000000,109866.00000000,112900.43000000,7186.98731000,1760457599999,799750593.43009110,1807844,3813.50177000,424684587.78846380
1760457600000,2025-10-14 16:00:00,112900.44000000,113544.53000000,111692.31000000,112613.70000000,7436.01163000,1760471999999,838223618.24299450,1608065,3642.46928000,410719177.73103840
1760472000000,2025-10-14 20:00:00,112613.69000000,113577.00000000,112230.46000000,113028.14000000,2222.35226000,1760486399999,251187159.46983890,524600,932.29585000,105387558.57555130
1760486400000,2025-10-15 00:00:00,113028.13000000,113612.35000000,111825.93000000,112024.29000000,3526.54912000,1760500799999,397532853.03578300,952530,1322.04541000,149048214.45436080
1760500800000,2025-10-15 04:00:00,112024.30000000,112680.00000000,111746.76000000,112584.50000000,3442.20374000,1760515199999,386508741.52025990,684213,1626.18854000,182636474.79341180
1760515200000,2025-10-15 08:00:00,112584.49000000,113520.88000000,111693.26000000,111905.73000000,3699.08334000,1760529599999,416606520.08440720,682792,1814.49868000,204405905.07585880
1760529600000,2025-10-15 12:00:00,111905.72000000,112238.41000000,110400.00000000,110798.01000000,6590.50038000,1760543999999,733692945.28886140,1400159,3070.62390000,341849663.57600090
1760544000000,2025-10-15 16:00:00,110798.01000000,111557.70000000,110164.00000000,111271.73000000,3317.74779000,1760558399999,367768608.86049960,900352,1590.42532000,176349438.25173040
1760558400000,2025-10-15 20:00:00,111271.73000000,111556.27000000,110500.00000000,110763.28000000,2410.40374000,1760572799999,267529972.56295750,623095,1075.53646000,119389098.76941120
1760572800000,2025-10-16 00:00:00,110763.28000000,111867.17000000,110361.00000000,111329.48000000,2715.42468000,1760587199999,301615168.74998910,687631,1221.15877000,135759727.12809650
1760587200000,2025-10-16 04:00:00,111329.48000000,111773.70000000,110553.19000000,110584.20000000,3097.14260000,1760601599999,344138789.93560110,607552,1467.52379000,163043206.55192590
1760601600000,2025-10-16 08:00:00,110584.21000000,111728.70000000,109635.15000000,111404.72000000,5282.11808000,1760615999999,585711124.99510880,846206,2170.84547000,240725496.97367200
1760616000000,2025-10-16 12:00:00,111404.73000000,111982.45000000,108361.69000000,108549.21000000,8252.81169000,1760630399999,908795953.14954920,1477274,3577.93392000,394363524.07099250
1760630400000,2025-10-16 16:00:00,108549.21000000,109254.00000000,107577.57000000,108197.66000000,8255.26892000,1760644799999,893885761.44353560,1758203,3666.66106000,397060507.69159610
1760644800000,2025-10-16 20:00:00,108197.67000000,108500.00000000,107427.00000000,108194.28000000,2254.40655000,1760659199999,243449696.48813560,750228,1022.82818000,110464412.71009410
1760659200000,2025-10-17 00:00:00,108194.27000000,109240.00000000,107934.40000000,109176.74000000,2417.89309000,1760673599999,262915949.64678930,657181,1309.43949000,142426417.46825860
1760673600000,2025-10-17 04:00:00,109176.74000000,109236.01000000,105542.09000000,105633.75000000,8020.07533000,1760687999999,857923296.86673990,1248905,3466.17504000,370683205.32271730
1760688000000,2025-10-17 08:00:00,105633.75000000,106651.22000000,103528.23000000,105683.72000000,13908.33322000,1760702399999,1461210664.78745070,2109169,6475.98178000,680680009.37603140
1760702400000,2025-10-17 12:00:00,105683.71000000,106852.14000000,104533.21000000,106803.53000000,7847.34313000,1760716799999,828727762.14203950,1868165,3982.71375000,420695579.78051330
1760716800000,2025-10-17 16:00:00,106803.52000000,107575.60000000,106071.42000000,106454.72000000,3916.46744000,1760731199999,418155597.41056440,1193604,1951.77304000,208397224.00649760
1760731200000,2025-10-17 20:00:00,106457.24000000,107440.02000000,106342.47000000,106431.68000000,1810.55617000,1760745599999,193712364.36761810,493661,810.91636000,86772051.50220260
1760745600000,2025-10-18 00:00:00,106431.68000000,107306.06000000,106322.20000000,107070.40000000,2668.30340000,1760759999999,285143227.21919690,488768,1167.19239000,124722456.75520810
1760760000000,2025-10-18 04:00:00,107070.41000000,107499.00000000,106439.38000000,106665.00000000,2976.33507000,1760774399999,318150467.67952250,378449,1207.02099000,129059224.78808610
1760774400000,2025-10-18 08:00:00,106665.01000000,107222.00000000,106605.93000000,107208.60000000,2336.72819000,1760788799999,249659994.42995920,363923,996.76784000,106514411.98271140
1760788800000,2025-10-18 12:00:00,107208.61000000,107300.00000000,106739.33000000,106948.75000000,1425.61863000,1760803199999,152511346.81025600,365786,659.35452000,70540224.50488860
1760803200000,2025-10-18 16:00:00,106948.75000000,107091.87000000,106484.00000000,107080.14000000,911.25891000,1760817599999,97309012.85446310,268451,409.53078000,43731737.45734410
1760817600000,2025-10-18 20:00:00,107080.14000000,107339.03000000,106851.84000000,107185.01000000,804.94346000,1760831999999,86228950.14971530,240073,405.98989000,43497661.17357460
1760832000000,2025-10-19 00:00:00,107185.00000000,107367.16000000,106734.17000000,107275.78000000,1058.11210000,1760846399999,113246566.50249440,305193,572.41603000,61273472.66982330
1760846400000,2025-10-19 04:00:00,107275.79000000,107290.00000000,106558.61000000,106786.00000000,1247.19589000,1760860799999,133330673.61976110,272779,361.59131000,38656942.27153640
1760860800000,2025-10-19 08:00:00,106786.00000000,108260.50000000,106103.36000000,107783.47000000,5059.55867000,1760875199999,542791265.76612820,948083,2432.26809000,261073470.30236680
1760875200000,2025-10-19 12:00:00,107783.47000000,108621.68000000,107355.02000000,108486.70000000,3636.47308000,1760889599999,392685804.18583840,731160,1585.52233000,171308469.11391470
1760889600000,2025-10-19 16:00:00,108486.71000000,109450.07000000,108240.00000000,108908.43000000,2430.56297000,1760903999999,264893608.88442130,535349,1325.22838000,144435789.74854060
1760904000000,2025-10-19 20:00:00,108908.43000000,109370.99000000,108471.10000000,108642.78000000,2048.76152000,1760918399999,223126160.62159090,413076,823.28399000,89675391.71155600
1760918400000,2025-10-20 00:00:00,108642.77000000,110427.86000000,107402.52000000,110145.44000000,3683.55508000,1760932799999,400176360.51037360,862320,1992.32352000,216654841.64830770
1760932800000,2025-10-20 04:00:00,110145.45000000,111445.67000000,109951.96000000,111169.92000000,3967.97672000,1760947199999,439977425.89974130,790304,1907.72918000,211492108.07026680
1760947200000,2025-10-20 08:00:00,111169.91000000,111679.25000000,110608.27000000,111016.75000000,3452.86704000,1760961599999,383080871.95537960,590987,1486.07636000,164926436.98444480
1760961600000,2025-10-20 12:00:00,111016.75000000,111705.56000000,110588.23000000,111144.55000000,3006.20504000,1760975999999,334068083.14582060,771423,1648.65176000,183249326.62701760
1760976000000,2025-10-20 16:00:00,111144.55000000,111303.05000000,109855.83000000,110803.22000000,3716.65669000,1760990399999,411207595.25859160,889862,1643.19253000,181822061.23186200
1760990400000,2025-10-20 20:00:00,110803.22000000,111272.00000000,110418.25000000,110532.09000000,1366.18103000,1761004799999,151401848.82356160,378646,602.52740000,66781014.15980020
1761004800000,2025-10-21 00:00:00,110532.09000000,110532.09000000,109052.09000000,109059.22000000,2405.81342000,1761019199999,264127437.21169580,608324,963.84762000,105811746.73016580
1761019200000,2025-10-21 04:00:00,109059.23000000,109059.23000000,107473.72000000,108086.37000000,4930.32680000,1761033599999,532321148.44264440,940512,2446.76182000,264160920.63192270
1761033600000,2025-10-21 08:00:00,108086.38000000,108811.47000000,107484.22000000,108580.01000000,2989.72657000,1761047999999,322984406.77116010,559059,1544.84835000,166933622.99076850
1761048000000,2025-10-21 12:00:00,108580.00000000,113557.62000000,107922.06000000,113422.61000000,10002.10737000,1761062399999,1110813673.19708970,1543981,5298.66251000,588737592.25422460
1761062400000,2025-10-21 16:00:00,113422.60000000,114000.00000000,111324.29000000,111780.39000000,10731.47816000,1761076799999,1207361848.57936080,1252490,4129.02854000,464925674.40134800
1761076800000,2025-10-21 20:00:00,111780.40000000,111801.41000000,108045.81000000,108297.67000000,6168.56427000,1761091199999,676869335.73010330,1099697,2650.92271000,290758194.32618320
1761091200000,2025-10-22 00:00:00,108297.66000000,108678.21000000,107841.20000000,108216.02000000,4851.56459000,1761105599999,524908590.84702240,840507,2194.03944000,237412756.45514790
1761105600000,2025-10-22 04:00:00,108216.03000000,108638.99000000,107610.00000000,108321.63000000,3883.15964000,1761119999999,419961683.11696630,613952,1887.78021000,204123537.55507380
1761120000000,2025-10-22 08:00:00,108321.64000000,108358.76000000,106708.18000000,107555.05000000,4012.65986000,1761134399999,432338324.06202630,727719,1930.54933000,208061542.90295110
1761134400000,2025-10-22 12:00:00,107555.04000000,109163.88000000,107443.01000000,108416.50000000,7925.67327000,1761148799999,857769493.46711660,1583429,4129.73038000,447004110.56004140
1761148800000,2025-10-22 16:00:00,108416.50000000,108796.42000000,107463.29000000,107870.35000000,4008.05438000,1761163199999,433349013.24843580,1045907,1834.81673000,198388126.94250520
1761163200000,2025-10-22 20:00:00,107870.35000000,108069.93000000,106666.69000000,107567.44000000,3929.67277000,1761177599999,421964601.70241430,736389,1789.67252000,192189829.18425940
1761177600000,2025-10-23 00:00:00,107567.45000000,108720.39000000,107500.00000000,108377.96000000,2373.50317000,1761191999999,256864135.28960750,464589,1373.58763000,148679711.22645820
1761192000000,2025-10-23 04:00:00,108377.96000000,110298.29000000,108350.36000000,109269.90000000,3314.78585000,1761206399999,362892986.84639030,570401,1722.12985000,188470327.31864090
1761206400000,2025-10-23 08:00:00,109269.90000000,109903.83000000,109100.40000000,109253.89000000,2204.01103000,1761220799999,241264711.48125920,502649,923.15956000,101051716.92231110
1761220800000,2025-10-23 12:00:00,109253.88000000,110109.99000000,108685.72000000,109908.28000000,4284.59025000,1761235199999,468467126.05045160,1007719,2008.23313000,219658516.82841870
1761235200000,2025-10-23 16:00:00,109908.29000000,111293.61000000,109647.34000000,110200.00000000,3640.32069000,1761249599999,402236205.45681640,768104,1754.75645000,193897589.02789710
1761249600000,2025-10-23 20:00:00,110200.01000000,110200.01000000,109341.28000000,110078.18000000,1755.88195000,1761263999999,192857124.28686880,408152,793.47054000,87147456.37968470
1761264000000,2025-10-24 00:00:00,110078.19000000,110829.67000000,109983.93000000,110441.46000000,1538.88446000,1761278399999,169931815.11104180,426487,769.67825000,84994925.61602570
1761278400000,2025-10-24 04:00:00,110441.46000000,111522.30000000,110332.00000000,111054.61000000,2705.19443000,1761292799999,300689589.96854450,509244,1279.54685000,142216068.54217700
1761292800000,2025-10-24 08:00:00,111054.61000000,111482.99000000,110600.00000000,111066.29000000,1981.64658000,1761307199999,220141112.18637800,471346,923.35826000,102590422.05462070
1761307200000,2025-10-24 12:00:00,111066.29000000,112104.98000000,109700.01000000,110046.91000000,5533.12257000,1761321599999,612803819.68739330,1129774,2878.10124000,318815710.87111490
1761321600000,2025-10-24 16:00:00,110046.92000000,110945.39000000,109797.13000000,110615.07000000,1470.06782000,1761335999999,162275454.82058950,449401,724.51583000,79977673.90280560
1761336000000,2025-10-24 20:00:00,110615.07000000,111138.62000000,110478.00000000,111004.89000000,1776.25327000,1761350399999,196964973.17938530,254770,936.04297000,103795653.82087870
1761350400000,2025-10-25 00:00:00,111004.90000000,111226.67000000,110672.86000000,111029.99000000,829.34913000,1761364799999,92046527.25413000,194895,367.77401000,40820815.41895470
1761364800000,2025-10-25 04:00:00,111029.99000000,111820.87000000,111029.99000000,111489.60000000,1417.09029000,1761379199999,157850455.66227980,227170,724.70347000,80727189.87474580
1761379200000,2025-10-25 08:00:00,111489.59000000,111850.13000000,111375.81000000,111563.81000000,1378.18654000,1761393599999,153829671.01956260,266206,653.34634000,72934111.00710620
1761393600000,2025-10-25 12:00:00,111563.81000000,111943.19000000,111311.19000000,111385.18000000,1254.08497000,1761407999999,140016832.32685150,244526,638.99355000,71348352.93527360
1761408000000,2025-10-25 16:00:00,111385.18000000,111731.78000000,111164.39000000,111623.45000000,963.51944000,1761422399999,107373824.60536790,163190,469.08267000,52279905.65885200
1761422400000,2025-10-25 20:00:00,111623.46000000,111683.64000000,111342.25000000,111646.27000000,565.73827000,1761436799999,63084022.10693060,142212,233.18656000,26003556.90501290
1761436800000,2025-10-26 00:00:00,111646.27000000,111899.56000000,111260.45000000,111260.46000000,1026.78183000,1761451199999,114618902.34025810,243633,493.56294000,55102642.18806540
1761451200000,2025-10-26 04:00:00,111260.46000000,111724.96000000,111260.46000000,111723.98000000,665.50994000,1761465599999,74245097.48287320,135224,295.10796000,32917227.94134560
1761465600000,2025-10-26 08:00:00,111723.98000000,113466.23000000,111708.63000000,113286.09000000,2987.57218000,1761479999999,336251998.90545930,530342,1692.61555000,190470997.02635120
1761480000000,2025-10-26 12:00:00,113286.09000000,114000.00000000,113279.85000000,113694.97000000,3506.31151000,1761494399999,398495383.47311540,638258,1810.59530000,205784535.04910010
1761494400000,2025-10-26 16:00:00,113694.97000000,113793.93000000,113290.62000000,113585.99000000,1360.11589000,1761508799999,154479293.13946870,264232,700.62746000,79576417.30422390
1761508800000,2025-10-26 20:00:00,113585.98000000,115466.80000000,112901.00000000,114559.40000000,3908.18602000,1761523199999,447017960.53365430,652262,1989.67233000,227610529.84251940
1761523200000,2025-10-27 00:00:00,114559.41000000,115445.39000000,114362.26000000,114958.51000000,3281.65267000,1761537599999,377376939.95511680,577231,1589.72571000,182815398.58710630
1761537600000,2025-10-27 04:00:00,114958.52000000,116400.00000000,114938.01000000,115554.60000000,5478.94550000,1761551999999,633955282.06237310,586816,2646.60413000,306259140.24850200
1761552000000,2025-10-27 08:00:00,115554.59000000,115607.48000000,114814.69000000,115362.02000000,3701.92326000,1761566399999,426625263.46932380,613711,1915.00076000,220708684.50489810
1761566400000,2025-10-27 12:00:00,115362.02000000,115437.48000000,114503.99000000,114969.68000000,4493.43933000,1761580799999,516855472.91437840,851039,2572.36483000,295949796.01883060
1761580800000,2025-10-27 16:00:00,114969.68000000,115790.00000000,114790.81000000,114942.64000000,2258.20754000,1761595199999,260415633.17640470,566697,1231.23640000,141982997.80594250
1761595200000,2025-10-27 20:00:00,114942.64000000,114942.64000000,113830.01000000,114107.65000000,2236.06411000,1761609599999,255644152.97137130,464994,1014.76999000,116037519.83211030
1761609600000,2025-10-28 00:00:00,114107.65000000,114547.20000000,113569.91000000,113908.24000000,2184.14279000,1761623999999,249078499.17575480,534662,1062.96518000,121263244.50565580
1761624000000,2025-10-28 04:00:00,113908.25000000,114364.99000000,113483.30000000,114188.37000000,2190.67870000,1761638399999,249610851.30832060,440948,1177.15207000,134176578.42595450
1761638400000,2025-10-28 08:00:00,114188.38000000,114673.68000000,114113.30000000,114357.73000000,1236.93368000,1761652799999,141553113.37531410,319441,693.52322000,79367303.02501140
1761652800000,2025-10-28 12:00:00,114357.72000000,116086.00000000,114138.06000000,114641.38000000,4008.51256000,1761667199999,461318636.60888170,953393,2144.82032000,246823604.61125620
1761667200000,2025-10-28 16:00:00,114641.38000000,115591.41000000,113566.44000000,113689.99000000,2719.79536000,1761681599999,311866109.38281170,808093,1185.87128000,135977926.47220320
1761681600000,2025-10-28 20:00:00,113689.00000000,113703.32000000,112211.00000000,112898.45000000,3183.35948000,1761695999999,359326320.01319140,773308,1500.98367000,169423028.97629140
1761696000000,2025-10-29 00:00:00,112898.44000000,112975.75000000,112100.00000000,112523.49000000,2076.22141000,1761710399999,233656087.46441260,535194,1052.79215000,118493920.49103820
1761710400000,2025-10-29 04:00:00,112523.49000000,113577.90000000,112505.58000000,113577.90000000,2036.63326000,1761724799999,230406563.47121770,476864,1223.31581000,138415870.08883500
1761724800000,2025-10-29 08:00:00,113577.90000000,113624.12000000,112732.91000000,113132.36000000,1970.99326000,1761739199999,222834417.53913540,499662,930.48855000,105201400.17206480
1761739200000,2025-10-29 12:00:00,113132.35000000,113643.73000000,111401.50000000,111509.74000000,4606.39611000,1761753599999,518205638.83404190,909507,2103.06792000,236646386.00103010
1761753600000,2025-10-29 16:00:00,111509.74000000,112030.23000000,109200.00000000,110640.00000000,7741.83881000,1761767999999,858061551.38728850,1495250,3882.32757000,430461370.18229960
1761768000000,2025-10-29 20:00:00,110640.00000000,111800.00000000,109733.22000000,110021.29000000,2647.63091000,1761782399999,293551727.83744950,565003,1215.08033000,134766660.42164080
1761782400000,2025-10-30 00:00:00,110021.30000000,111011.99000000,109703.43000000,110751.47000000,2342.18582000,1761796799999,258931839.89521190,739026,1268.55359000,140259365.83410840
1761796800000,2025-10-30 04:00:00,110751.48000000,111592.00000000,107925.06000000,111366.72000000,6581.76635000,1761811199999,721393750.98240340,1411519,3091.55131000,339023420.52186120
1761811200000,2025-10-30 08:00:00,111366.72000000,111467.01000000,109692.30000000,109717.29000000,2970.54213000,1761825599999,328280743.30532370,654575,1446.01162000,159930939.73422950
1761825600000,2025-10-30 12:00:00,109717.19000000,109777.93000000,107328.00000000,107711.56000000,6544.11088000,1761839999999,708189412.36955010,1517196,2818.22871000,304917344.57699070
1761840000000,2025-10-30 16:00:00,107711.56000000,108214.85000000,106304.34000000,106536.39000000,4367.26208000,1761854399999,468198728.55431050,1236676,2160.61074000,231675933.97527400
1761854400000,2025-10-30 20:00:00,106536.39000000,108334.53000000,106316.17000000,108322.88000000,3182.96112000,1761868799999,342226812.31599810,814459,1766.17547000,189864832.10312860
1761868800000,2025-10-31 00:00:00,108322.87000000,110042.16000000,108275.28000000,109227.86000000,4174.28130000,1761883199999,455966040.94216250,960277,2155.33116000,235335604.37036930
1761883200000,2025-10-31 04:00:00,109227.87000000,110215.00000000,109114.88000000,109449.31000000,3598.46922000,1761897599999,394846317.42010490,658157,1883.72644000,206691602.44366120
1761897600000,2025-10-31 08:00:00,109449.32000000,110550.00000000,109214.13000000,110415.61000000,2439.82294000,1761911999999,268095333.79047240,774441,1270.09048000,139585215.28066720
1761912000000,2025-10-31 12:00:00,110415.62000000,111190.00000000,109366.91000000,110202.90000000,6113.31690000,1761926399999,674176528.02866320,1364081,3026.98946000,333794177.44850030
1761926400000,2025-10-31 16:00:00,110202.90000000,110300.00000000,108635.00000000,109828.78000000,3864.41061000,1761940799999,422927587.12721600,1112496,1832.91090000,200615614.15076200
1761940800000,2025-10-31 20:00:00,109828.78000000,109828.79000000,109329.15000000,109608.01000000,1327.90342000,1761955199999,145578630.63279160,387420,629.49094000,69012077.22981970
1761955200000,2025-11-01 00:00:00,109608.01000000,110315.54000000,109394.81000000,110226.37000000,1329.53082000,1761969599999,146006095.13733150,385004,653.50096000,71803407.48244760
1761969600000,2025-11-01 04:00:00,110226.38000000,110564.49000000,109933.86000000,110071.40000000,1273.91172000,1761983999999,140381375.20220160,380643,639.76727000,70516318.61621290
1761984000000,2025-11-01 08:00:00,110071.40000000,110270.90000000,109854.72000000,110137.59000000,1127.98746000,1761998399999,124209420.19100380,295459,472.46328000,52025258.51342440
1761998400000,2025-11-01 12:00:00,110137.59000000,110348.00000000,109702.66000000,110310.65000000,1527.00509000,1762012799999,168019813.01416150,382377,660.93732000,72733912.50921440
1762012800000,2025-11-01 16:00:00,110310.65000000,110529.99000000,110192.00000000,110299.99000000,1247.33562000,1762027199999,137620948.55515930,289313,518.27214000,57179425.63534000
1762027200000,2025-11-01 20:00:00,110300.00000000,110516.17000000,109858.44000000,110098.10000000,872.73360000,1762041599999,96151564.33482210,261418,461.74304000,50868633.32433290
1762041600000,2025-11-02 00:00:00,110098.10000000,110263.91000000,109879.39000000,110053.23000000,856.27323000,1762055999999,94206511.20791700,267327,394.71748000,43427375.81639130
1762056000000,2025-11-02 04:00:00,110053.22000000,111045.09000000,110030.06000000,110895.53000000,4429.20302000,1762070399999,489250033.64313090,461181,2123.47602000,234576743.35384980
1762070400000,2025-11-02 08:00:00,110895.53000000,111229.78000000,110346.15000000,111196.99000000,2428.29839000,1762084799999,269043636.51866950,459169,1376.45057000,152531674.26447490
1762084800000,2025-11-02 12:00:00,111196.99000000,111250.01000000,110096.32000000,110117.48000000,1689.37947000,1762099199999,186792574.79959330,635447,684.37845000,75667811.83595660
1762099200000,2025-11-02 16:00:00,110117.49000000,110331.00000000,109735.59000000,110180.84000000,1185.47603000,1762113599999,130460363.67125550,393116,548.03472000,60313933.34489600
1762113600000,2025-11-02 20:00:00,110180.85000000,110742.26000000,109471.34000000,110540.68000000,1518.37073000,1762127999999,167117411.30093510,435948,794.80729000,87499411.63940910
1762128000000,2025-11-03 00:00:00,110540.69000000,110750.00000000,107907.44000000,107937.45000000,3966.52950000,1762142399999,432603763.74470690,1081477,1549.53784000,169089269.75014650
1762142400000,2025-11-03 04:00:00,107937.45000000,108075.00000000,107006.05000000,107468.23000000,3863.52296000,1762156799999,415777364.35502580,1021779,1732.68723000,186488212.40925550
1762156800000,2025-11-03 08:00:00,107468.23000000,107920.92000000,106726.63000000,107787.42000000,3470.56341000,1762171199999,372521974.05006570,843738,1336.89855000,143566135.88646470
1762171200000,2025-11-03 12:00:00,107787.42000000,108333.00000000,105511.00000000,105745.71000000,6164.15776000,1762185599999,658853370.06006160,1406770,2736.08562000,292713084.95608620
1762185600000,2025-11-03 16:00:00,105745.71000000,107783.20000000,105306.56000000,107090.00000000,7788.41484000,1762199999999,831009280.84604140,1607380,3941.81189000,420832902.89159470
1762200000000,2025-11-03 20:00:00,107090.00000000,107169.68000000,105755.59000000,106583.04000000,3427.99932000,1762214399999,365240898.94566620,1113402,1550.06461000,165179500.77463000
1762214400000,2025-11-04 00:00:00,106583.05000000,107298.74000000,105852.37000000,107158.79000000,4088.97853000,1762228799999,436423930.82185960,1143312,2165.32008000,231160851.19730460
1762228800000,2025-11-04 04:00:00,107158.79000000,107299.00000000,104200.00000000,104490.72000000,8029.86674000,1762243199999,843886603.04962230,1331077,3545.81771000,372635866.52159020
1762243200000,2025-11-04 08:00:00,104490.73000000,104699.07000000,103605.00000000,104584.76000000,5321.10046000,1762257599999,553645646.13641240,1134201,2356.12744000,245227214.89426040
1762257600000,2025-11-04 12:00:00,104584.75000000,104842.63000000,102915.05000000,103197.01000000,7422.89891000,1762271999999,771384225.02818840,1426626,3369.74360000,350343743.47787130
1762272000000,2025-11-04 16:00:00,103197.02000000,103500.05000000,100010.73000000,100542.64000000,13452.93585000,1762286399999,1365558040.85499980,2318110,5835.50979000,592159463.66141540
1762286400000,2025-11-04 20:00:00,100542.64000000,101893.09000000,98944.36000000,101497.22000000,12219.09327000,1762300799999,1226799189.32133060,1746283,6116.47171000,614659573.41808790
1762300800000,2025-11-05 00:00:00,101497.23000000,102272.23000000,98966.80000000,102130.00000000,11012.84461000,1762315199999,1112866261.74712390,1673739,5994.42193000,606434384.07175410
1762315200000,2025-11-05 04:00:00,102130.00000000,102370.00000000,101500.00000000,101993.02000000,4661.84078000,1762329599999,475097234.83173590,851440,2746.17482000,279901652.57416230
1762329600000,2025-11-05 08:00:00,101993.03000000,102203.48000000,101176.47000000,102070.61000000,3577.50149000,1762343999999,363913571.27303160,951725,1707.09793000,173678197.12994540
1762344000000,2025-11-05 12:00:00,102070.62000000,103798.37000000,101916.77000000,103728.30000000,6345.91865000,1762358399999,653026807.78414900,1351515,3373.83408000,347148140.13919310
1762358400000,2025-11-05 16:00:00,103728.30000000,104529.41000000,103057.56000000,104008.09000000,5492.77185000,1762372799999,570411754.09405680,1024155,2970.15061000,308477445.34230220
1762372800000,2025-11-05 20:00:00,104008.09000000,104534.74000000,103305.05000000,103885.16000000,2687.89833000,1762387199999,278958292.97028780,647794,1335.16891000,138592457.77565400
1762387200000,2025-11-06 00:00:00,103885.16000000,103933.33000000,102716.26000000,103636.03000000,3781.79437000,1762401599999,390929714.24654910,780423,1749.99479000,180979875.21861050
1762401600000,2025-11-06 04:00:00,103636.92000000,104200.00000000,102910.66000000,103185.48000000,2970.86552000,1762415999999,307362272.81810780,691840,1440.19015000,149002888.02251960
1762416000000,2025-11-06 08:00:00,103184.75000000,103440.00000000,102651.63000000,103227.58000000,2657.25315000,1762430399999,273797105.78150730,601119,1218.27403000,125558071.41161330
1762430400000,2025-11-06 12:00:00,103227.59000000,103626.46000000,101630.00000000,102014.48000000,6680.54627000,1762444799999,684922658.90816760,1423851,3077.74547000,315571206.30049840
1762444800000,2025-11-06 16:00:00,102014.49000000,102393.51000000,100300.95000000,101388.81000000,6059.26390000,1762459199999,614113022.67704130,1486946,2872.87721000,291193915.75492790
1762459200000,2025-11-06 20:00:00,101388.82000000,101643.28000000,100541.17000000,101346.04000000,3664.89818000,1762473599999,370643071.87445390,770822,1613.46631000,163168216.31225870
1762473600000,2025-11-07 00:00:00,101346.04000000,102500.00000000,100749.94000000,101916.29000000,3965.61372000,1762487999999,403088110.39778900,943483,2128.87551000,216449745.77954460
1762488000000,2025-11-07 04:00:00,101916.30000000,102527.00000000,101582.92000000,102010.00000000,3062.61099000,1762502399999,312471284.79447900,509762,1574.51690000,160653541.84645480
1762502400000,2025-11-07 08:00:00,102009.99000000,102050.00000000,99803.58000000,100411.89000000,6600.41114000,1762516799999,664666294.16890730,918643,2879.09401000,289994391.35709790
1762516800000,2025-11-07 12:00:00,100411.89000000,101253.99000000,99260.86000000,100797.95000000,8633.01674000,1762531199999,866264177.91528510,1737051,4148.59622000,416359938.74405480
1762531200000,2025-11-07 16:00:00,100797.95000000,103395.25000000,100517.06000000,103395.25000000,6836.56812000,1762545599999,697868477.57218250,1502726,3813.60430000,389443591.17201650
1762545600000,2025-11-07 20:00:00,103395.92000000,104096.36000000,102958.00000000,103339.08000000,2961.28871000,1762559999999,306754634.45724110,724094,1512.11888000,156662950.21741130
1762560000000,2025-11-08 00:00:00,103339.09000000,103406.22000000,102539.49000000,102592.76000000,2401.80651000,1762574399999,247393811.11030640,629572,1113.71411000,114721359.99916640
1762574400000,2025-11-08 04:00:00,102592.76000000,102836.00000000,101902.64000000,102352.96000000,2041.96251000,1762588799999,209096178.94724760,476427,926.76290000,94914090.68317130
1762588800000,2025-11-08 08:00:00,102352.96000000,102687.72000000,101715.76000000,101857.10000000,1838.21057000,1762603199999,188094724.24426800,312208,946.25001000,96870375.41308650
1762603200000,2025-11-08 12:00:00,101857.10000000,102186.99000000,101454.00000000,101711.45000000,3063.13156000,1762617599999,311920799.26898880,599586,1422.70684000,144874458.84453080
1762617600000,2025-11-08 16:00:00,101711.46000000,102219.39000000,101522.08000000,101989.65000000,2120.40711000,1762631999999,216053546.78948290,466017,1020.21972000,103954201.07156040
1762632000000,2025-11-08 20:00:00,101989.65000000,102482.20000000,101957.94000000,102312.94000000,925.26159000,1762646399999,94606505.01497640,260009,433.00619000,44276869.35563130
1762646400000,2025-11-09 00:00:00,102312.95000000,102337.89000000,101400.00000000,101662.05000000,2156.33613000,1762660799999,219537593.39204380,616651,908.61541000,92497094.64735000
1762660800000,2025-11-09 04:00:00,101662.05000000,102130.61000000,101635.96000000,101944.59000000,1101.66332000,1762675199999,112197860.87614880,363847,619.14252000,63055519.23332330
1762675200000,2025-11-09 08:00:00,101944.60000000,102307.68000000,101500.00000000,102239.41000000,1825.56978000,1762689599999,185981154.42502120,353586,835.87780000,85164742.76543920
1762689600000,2025-11-09 12:00:00,102239.41000000,104168.00000000,102050.64000000,103762.17000000,4687.64884000,1762703999999,483748413.73318440,722447,2499.46338000,257925660.77049640
1762704000000,2025-11-09 16:00:00,103762.18000000,104805.57000000,103316.23000000,104805.57000000,2824.51417000,1762718399999,293847990.86660870,607461,1503.79538000,156497160.61093190
1762718400000,2025-11-09 20:00:00,104805.57000000,105495.62000000,104058.59000000,104722.96000000,3743.23872000,1762732799999,391707809.07381390,740212,1858.05490000,194480479.05936890
1762732800000,2025-11-10 00:00:00,104722.95000000,106670.11000000,104265.02000000,106027.97000000,6501.34292000,1762747199999,688330751.36494140,1105300,3466.31181000,367007356.66590460
1762747200000,2025-11-10 04:00:00,106027.97000000,106539.40000000,105846.26000000,106461.45000000,2684.13909000,1762761599999,285126740.59654170,551715,1261.23025000,133980596.15078910
1762761600000,2025-11-10 08:00:00,106461.46000000,106599.47000000,105836.00000000,106176.50000000,2356.44228000,1762775999999,250303165.19680590,517348,1127.69901000,119810855.03326120
1762776000000,2025-11-10 12:00:00,106176.50000000,106589.89000000,104667.00000000,105079.99000000,5720.78074000,1762790399999,603764964.61561580,1082422,2898.48369000,305814225.76834470
1762790400000,2025-11-10 16:00:00,105079.99000000,106094.31000000,104784.36000000,105817.99000000,2756.40939000,1762804799999,290768599.34062960,824659,1450.70631000,153091630.45769770
1762804800000,2025-11-10 20:00:00,105818.00000000,106299.22000000,105280.00000000,106011.13000000,2663.14231000,1762819199999,281847443.27480730,629513,1391.38837000,147261224.67077250
1762819200000,2025-11-11 00:00:00,106011.13000000,107500.00000000,105500.00000000,106456.00000000,4935.02762000,1762833599999,525356395.76815770,1218316,2617.96478000,278682284.14789340
1762833600000,2025-11-11 04:00:00,106456.00000000,106546.00000000,104741.20000000,104783.98000000,3316.23424000,1762847999999,349279323.97086470,762108,1407.46249000,148211331.68933010
1762848000000,2025-11-11 08:00:00,104783.99000000,105497.99000000,104762.23000000,105311.90000000,1804.62899000,1762862399999,189782002.69277480,556080,897.09756000,94346867.69019270
1762862400000,2025-11-11 12:00:00,105311.90000000,105500.00000000,103170.33000000,103455.99000000,8851.06900000,1762876799999,922656573.81633210,1300049,3063.03921000,319059751.49052540
1762876800000,2025-11-11 16:00:00,103455.99000000,103730.00000000,102840.22000000,103126.39000000,2547.95909000,1762891199999,263209913.29398040,951372,1328.94058000,137297054.02384740
1762891200000,2025-11-11 20:00:00,103126.39000000,103224.29000000,102476.09000000,103058.99000000,2741.58824000,1762905599999,281994861.46481180,744224,1402.52933000,144293295.15798750
1762905600000,2025-11-12 00:00:00,103059.00000000,103440.96000000,102687.72000000,103310.00000000,2672.05561000,1762919999999,275664621.79534140,712109,1480.03804000,152691305.04303470
1762920000000,2025-11-12 04:00:00,103310.00000000,103654.38000000,103011.00000000,103112.66000000,2165.62446000,1762934399999,223876678.59250970,456907,1018.37117000,105290412.13916740
1762934400000,2025-11-12 08:00:00,103112.65000000,105200.00000000,103112.24000000,105020.83000000,3543.70691000,1762948799999,370288160.23051800,859788,1825.19245000,190745516.86616060
1762948800000,2025-11-12 12:00:00,105020.82000000,105333.33000000,101961.97000000,102173.51000000,5192.00313000,1762963199999,538988254.46131070,1263432,2521.51117000,261973942.44819200
1762963200000,2025-11-12 16:00:00,102173.51000000,102285.18000000,100813.59000000,101297.31000000,4869.26591000,1762977599999,494776144.55708840,1384266,2243.41540000,227983243.98082900
1762977600000,2025-11-12 20:00:00,101297.31000000,101999.35000000,101141.03000000,101654.37000000,2014.98304000,1762991999999,204920545.62410900,637630,1067.19272000,108529642.66090330
1762992000000,2025-11-13 00:00:00,101654.37000000,102604.00000000,100922.55000000,102130.21000000,3586.47221000,1763006399999,365966664.77125300,997540,1921.36522000,196165514.15192480
1763006400000,2025-11-13 04:00:00,102130.21000000,104085.01000000,101665.59000000,103475.66000000,4325.82278000,1763020799999,445801818.96748210,1055068,2133.16561000,219842704.78862690
1763020800000,2025-11-13 08:00:00,103475.66000000,103811.49000000,102553.63000000,102936.50000000,3138.63943000,1763035199999,323760207.89943510,710617,1347.00783000,138967377.84552530
1763035200000,2025-11-13 12:00:00,102936.49000000,103483.83000000,101184.14000000,101382.64000000,6264.43277000,1763049599999,641236574.50672240,1473530,3143.15912000,321699438.80366230
1763049600000,2025-11-13 16:00:00,101382.63000000,101540.93000000,98147.40000000,98682.14000000,12921.08077000,1763063999999,1287758119.74310280,2330556,5791.94365000,577182744.55559680
1763064000000,2025-11-13 20:00:00,98682.13000000,100501.31000000,98000.40000000,99692.02000000,5962.05975000,1763078399999,590174640.65238510,1558093,2913.58283000,288591337.43102460
1763078400000,2025-11-14 00:00:00,99692.03000000,99866.02000000,98700.00000000,99139.38000000,5839.81569000,1763092799999,579385672.37833360,1486546,2349.26877000,233173956.01174150
1763092800000,2025-11-14 04:00:00,99139.38000000,99178.58000000,95933.75000000,97151.98000000,11116.73192000,1763107199999,1082194107.92546890,1934993,4907.35592000,477783627.13180640
1763107200000,2025-11-14 08:00:00,97151.97000000,97553.70000000,95711.00000000,96167.44000000,5255.60132000,1763121599999,508642583.37145060,1178503,2404.70579000,232864999.50434640
1763121600000,2025-11-14 12:00:00,96167.45000000,97322.35000000,94560.48000000,96796.14000000,14312.72078000,1763135999999,1368309339.18178380,2297886,6690.99008000,640143497.18921060
1763136000000,2025-11-14 16:00:00,96796.14000000,97411.11000000,94800.55000000,95778.29000000,5605.64502000,1763150399999,538749646.77808850,1457872,2651.43720000,254866154.48602630
1763150400000,2025-11-14 20:00:00,95778.30000000,95940.00000000,94012.45000000,94594.00000000,5157.63008000,1763164799999,488803807.11208140,1195225,2181.15742000,206710052.54035230
1763164800000,2025-11-15 00:00:00,94594.00000000,96846.68000000,94558.49000000,96417.12000000,4376.79077000,1763179199999,419031979.36271250,1195381,2164.97401000,207241482.17042330
1763179200000,2025-11-15 04:00:00,96417.12000000,96570.65000000,95921.21000000,96333.86000000,2543.94362000,1763193599999,244679611.03326390,641163,1090.17010000,104866837.92376120
1763193600000,2025-11-15 08:00:00,96333.87000000,96350.52000000,95630.00000000,95696.87000000,2336.22638000,1763207999999,224112917.96833200,674696,990.39475000,95026053.49157890
1763208000000,2025-11-15 12:00:00,95696.86000000,96471.22000000,95565.17000000,96260.00000000,1987.28578000,1763222399999,191000911.96519870,613438,1162.56841000,111745008.83106870
1763222400000,2025-11-15 16:00:00,96259.99000000,96419.65000000,95731.32000000,96012.01000000,1880.65231000,1763236799999,180615313.35485050,606029,785.62033000,75444815.98978360
1763236800000,2025-11-15 20:00:00,96012.01000000,96012.01000000,95119.94000000,95596.24000000,1985.99505000,1763251199999,189633285.38312800,532851,922.05438000,88034762.34742640
1763251200000,2025-11-16 00:00:00,95596.23000000,95979.79000000,94841.62000000,95825.02000000,1896.67006000,1763265599999,180972003.22498100,707070,817.99101000,78073689.15646770
1763265600000,2025-11-16 04:00:00,95825.02000000,96192.00000000,95650.72000000,96099.99000000,1279.33932000,1763279999999,122697999.08792990,382061,606.20691000,58143485.30782890
1763280000000,2025-11-16 08:00:00,96099.98000000,96635.11000000,95500.00000000,95627.13000000,2585.38054000,1763294399999,248513218.16087690,623310,1235.02376000,118734930.74980170
1763294400000,2025-11-16 12:00:00,95627.13000000,95900.00000000,94368.24000000,94573.46000000,2546.31874000,1763308799999,242632992.92647710,690257,1202.65843000,114625248.94724590
1763308800000,2025-11-16 16:00:00,94573.46000000,95567.79000000,93770.48000000,94020.00000000,9045.25375000,1763323199999,853639465.41080210,1473727,3975.70515000,375378868.46303270
1763323200000,2025-11-16 20:00:00,94020.49000000,94739.74000000,93005.55000000,94261.44000000,6536.44269000,1763337599999,612839846.00627230,1264969,2991.04226000,280583918.68680970
1763337600000,2025-11-17 00:00:00,94261.45000000,95559.99000000,93767.27000000,95496.77000000,4124.53725000,1763351999999,391504736.33196490,1135975,2086.79653000,198101893.68423010
1763352000000,2025-11-17 04:00:00,95496.77000000,95880.00000000,94849.37000000,95653.77000000,3839.84656000,1763366399999,365771025.07187880,788414,1581.42331000,150719106.59748580
1763366400000,2025-11-17 08:00:00,95653.78000000,96026.71000000,95309.68000000,95565.38000000,3415.65942000,1763380799999,326842370.10440800,679485,1656.65060000,158554635.92651990
1763380800000,2025-11-17 12:00:00,95565.38000000,96043.00000000,93571.30000000,93959.67000000,8085.63652000,1763395199999,764814718.28653650,1983815,3751.03663000,354852583.01150780
1763395200000,2025-11-17 16:00:00,93959.68000000,94419.88000000,91588.00000000,91678.93000000,11700.57582000,1763409599999,1085955476.33903480,2188278,5558.63017000,516145425.08954060
1763409600000,2025-11-17 20:00:00,91678.93000000,92399.48000000,91220.00000000,92215.14000000,8052.34249000,1763423999999,739673744.10478300,1358355,4055.65521000,372605823.47697650
1763424000000,2025-11-18 00:00:00,92215.14000000,92357.51000000,89700.00000000,90842.72000000,10647.23561000,1763438399999,969857683.61861830,2138663,4600.11000000,419264962.33422470
1763438400000,2025-11-18 04:00:00,90842.72000000,90851.66000000,89253.78000000,90512.10000000,9028.06735000,1763452799999,812809745.08583180,1837168,4673.42212000,420828764.72921890
1763452800000,2025-11-18 08:00:00,90512.10000000,91617.17000000,90509.79000000,91517.82000000,5777.46408000,1763467199999,526929876.28048180,1109288,3206.70333000,292532261.13856550
1763467200000,2025-11-18 12:00:00,91517.83000000,93049.91000000,90905.70000000,92910.10000000,7097.51563000,1763481599999,652476690.14981110,1705672,3807.31402000,350283547.56134820
1763481600000,2025-11-18 16:00:00,92910.10000000,93836.01000000,92579.23000000,93195.61000000,4917.36921000,1763495999999,459032298.34487840,1387970,2625.81615000,245152627.06361290
1763496000000,2025-11-18 20:00:00,93195.61000000,93423.74000000,92462.72000000,92960.83000000,2367.49581000,1763510399999,219926892.82083700,607832,1217.59395000,113114442.31485330
1763510400000,2025-11-19 00:00:00,92960.83000000,92980.22000000,91660.49000000,91874.52000000,3065.15376000,1763524799999,282892410.44712200,878701,1329.84380000,122784923.37921700
1763524800000,2025-11-19 04:00:00,91874.51000000,92028.92000000,90025.06000000,91863.64000000,5635.23952000,1763539199999,513241437.17218060,1010213,2641.69703000,240555347.15700840
1763539200000,2025-11-19 08:00:00,91863.64000000,91950.00000000,91072.41000000,91410.22000000,2540.86239000,1763553599999,232472194.87887110,595720,1166.20226000,106718077.63735760
1763553600000,2025-11-19 12:00:00,91410.23000000,92384.61000000,89880.00000000,89951.70000000,6014.09197000,1763567999999,548507714.83717340,1395185,2964.08986000,270478563.32944690
1763568000000,2025-11-19 16:00:00,89951.70000000,90232.56000000,88630.71000000,88884.56000000,8787.19485000,1763582399999,785175046.25513890,1789579,3784.52139000,338295751.83120720
1763582400000,2025-11-19 20:00:00,88884.56000000,91594.00000000,88608.00000000,91554.96000000,6244.09511000,1763596799999,563484847.66547190,1152776,3173.73017000,286368145.84032000
1763596800000,2025-11-20 00:00:00,91554.96000000,92798.14000000,91185.26000000,92440.32000000,3929.05974000,1763611199999,362738132.57146210,861074,2031.33559000,187558182.62072890
1763611200000,2025-11-20 04:00:00,92440.33000000,93160.00000000,91687.07000000,92320.18000000,3791.89000000,1763625599999,350450961.49088700,689632,1763.83980000,163087598.97480520
1763625600000,2025-11-20 08:00:00,92320.18000000,92400.94000000,91440.55000000,91934.00000000,3200.83736000,1763639999999,294143817.00132010,604208,1551.98113000,142618379.29251410
1763640000000,2025-11-20 12:00:00,91934.01000000,92541.92000000,89835.34000000,89869.88000000,6162.85424000,1763654399999,561744726.37044170,1523260,2615.11965000,238591097.86580910
1763654400000,2025-11-20 16:00:00,89869.88000000,89911.73000000,86100.00000000,86921.28000000,17595.68288000,1763668799999,1539224276.09231090,2861076,8021.76303000,701877036.20336760
1763668800000,2025-11-20 20:00:00,86921.27000000,88250.00000000,86325.23000000,86637.23000000,5052.86651000,1763683199999,440648421.57200000,1302145,2299.80127000,200524196.00020720
1763683200000,2025-11-21 00:00:00,86637.22000000,87498.94000000,85360.00000000,85821.34000000,6428.51913000,1763697599999,555093018.38532410,1586552,2850.59083000,246120061.01423810
1763697600000,2025-11-21 04:00:00,85821.35000000,86459.53000000,82000.00000000,84049.39000000,14205.49105000,1763711999999,1199795118.92597370,1641145,6018.86321000,509307222.62611350
1763712000000,2025-11-21 08:00:00,84049.38000000,84709.89000000,81648.00000000,82309.66000000,16184.92659000,1763726399999,1343106329.74399040,2251660,7626.86024000,632811393.45202680
1763726400000,2025-11-21 12:00:00,82309.67000000,85496.00000000,80600.00000000,82932.47000000,23041.35364000,1763740799999,1917924309.59135180,3417829,11122.21930000,926495562.18345080
1763740800000,2025-11-21 16:00:00,82932.46000000,85572.82000000,82333.00000000,84209.30000000,8107.54282000,1763755199999,682501538.15676000,1954647,4221.23064000,355432155.64908400
1763755200000,2025-11-21 20:00:00,84209.30000000,85416.66000000,83464.96000000,85129.43000000,4288.29356000,1763769599999,362928441.53816410,974647,2232.09406000,188966828.29913910
1763769600000,2025-11-22 00:00:00,85129.42000000,85620.00000000,84212.39000000,84440.47000000,2923.21557000,1763783999999,247913204.00942630,991735,1233.41344000,104665711.77468120
1763784000000,2025-11-22 04:00:00,84440.48000000,84799.54000000,83832.91000000,84580.06000000,2218.31844000,1763798399999,186898532.63640570,819905,1020.44136000,85998303.27599470
1763798400000,2025-11-22 08:00:00,84580.06000000,84586.62000000,83500.00000000,84098.94000000,3342.45829000,1763812799999,280746105.59709510,901844,1426.28561000,119835427.36174190
1763812800000,2025-11-22 12:00:00,84098.94000000,84755.83000000,83620.16000000,84284.01000000,2668.44444000,1763827199999,224607385.26724750,882768,1422.65951000,119778809.51688000
1763827200000,2025-11-22 16:00:00,84284.01000000,84899.00000000,84219.62000000,84609.76000000,1351.08151000,1763841599999,114287671.10103310,553793,733.49477000,62044122.75828370
1763841600000,2025-11-22 20:00:00,84609.77000000,85260.00000000,84237.70000000,84739.74000000,1690.41438000,1763855999999,143204456.35783080,547548,852.49959000,72239774.24981170
1763856000000,2025-11-23 00:00:00,84739.75000000,86349.84000000,84667.57000000,86308.54000000,4004.15131000,1763870399999,343235336.54313660,1032051,2249.66409000,192852878.21068280
1763870400000,2025-11-23 04:00:00,86308.54000000,86860.00000000,85420.00000000,85782.19000000,2913.01357000,1763884799999,251077917.70524020,746069,1398.30044000,120590948.75614450
1763884800000,2025-11-23 08:00:00,85782.18000000,86465.24000000,85768.22000000,86331.28000000,2087.40357000,1763899199999,179759555.46693780,565039,1080.39479000,93050358.61197190
1763899200000,2025-11-23 12:00:00,86331.28000000,87244.51000000,86271.10000000,87087.44000000,3471.36676000,1763913599999,301124160.41489580,973649,1804.76785000,156567936.53609740
1763913600000,2025-11-23 16:00:00,87087.44000000,87689.47000000,86502.47000000,87325.01000000,3711.95740000,1763927999999,323385633.81381870,852740,2046.61852000,178331250.35239460
1763928000000,2025-11-23 20:00:00,87325.01000000,88127.64000000,86701.54000000,86830.00000000,3546.57157000,1763942399999,310102426.33584040,893945,1826.77134000,159817141.05315610
1763942400000,2025-11-24 00:00:00,86830.00000000,88059.44000000,85946.65000000,87460.02000000,4318.16094000,1763956799999,375876420.91017020,1236315,2217.03652000,193080558.48555680
1763956800000,2025-11-24 04:00:00,87460.03000000,87837.57000000,86450.00000000,87050.39000000,3276.33960000,1763971199999,285255612.78226370,936876,1668.21376000,145237135.72371850
1763971200000,2025-11-24 08:00:00,87050.39000000,87050.39000000,85696.56000000,86264.72000000,3484.50939000,1763985599999,300365800.24993410,780595,1403.39685000,121012754.00588290
1763985600000,2025-11-24 12:00:00,86264.71000000,86741.50000000,85272.00000000,86616.44000000,4635.50962000,1763999999999,399404588.44611180,1222371,2278.54073000,196393624.09932300
1764000000000,2025-11-24 16:00:00,86616.44000000,88834.62000000,86616.43000000,88327.29000000,6003.91247000,1764014399999,527992281.98086590,1336207,3277.84441000,288194443.12252840
1764014400000,2025-11-24 20:00:00,88327.29000000,89228.00000000,88252.50000000,88300.01000000,2944.69593000,1764028799999,261498982.55097260,676792,1593.84291000,141566873.58640710
1764028800000,2025-11-25 00:00:00,88300.01000000,88300.01000000,87457.53000000,87822.12000000,2506.39849000,1764043199999,220331553.16672260,718329,1223.39995000,107562812.64240410
1764043200000,2025-11-25 04:00:00,87822.12000000,88519.99000000,87300.00000000,87384.81000000,3032.60485000,1764057599999,266408589.14111840,530000,1333.93744000,117217700.55097520
1764057600000,2025-11-25 08:00:00,87384.81000000,87606.57000000,86666.00000000,87361.71000000,3402.11161000,1764071999999,296473926.99285390,640821,1492.00874000,130057562.54292380
1764072000000,2025-11-25 12:00:00,87361.71000000,87792.20000000,86116.00000000,86988.94000000,4897.62850000,1764086399999,426141853.51535020,1307941,2646.42207000,230328719.62996010
1764086400000,2025-11-25 16:00:00,86988.93000000,88155.65000000,86182.49000000,86882.85000000,3228.35208000,1764100799999,281469175.04755410,941495,1516.86464000,132303120.26940380
1764100800000,2025-11-25 20:00:00,86882.84000000,87889.38000000,86565.48000000,87369.96000000,2499.94557000,1764115199999,218163902.17533790,700161,1210.54701000,105653609.50458890
1764115200000,2025-11-26 00:00:00,87369.97000000,88224.00000000,87069.97000000,87119.92000000,2235.27320000,1764129599999,195922182.28300760,643805,1061.72153000,93124293.21482020
1764129600000,2025-11-26 04:00:00,87119.93000000,87970.00000000,86909.99000000,87935.05000000,1828.65169000,1764143999999,160001922.21216130,436112,836.95215000,73237632.98798660
1764144000000,2025-11-26 08:00:00,87935.05000000,87941.58000000,86670.36000000,87095.79000000,2199.53135000,1764158399999,191569271.07884760,427447,989.08919000,86134594.90022960
1764158400000,2025-11-26 12:00:00,87095.78000000,87693.21000000,86306.77000000,86978.00000000,4198.26229000,1764172799999,365237565.81206700,1082707,2221.78476000,193333966.49631390
1764172800000,2025-11-26 16:00:00,86977.99000000,90418.39000000,86956.61000000,89957.36000000,7510.43418000,1764187199999,670312427.56363130,1372233,3656.19817000,326029626.66545540
1764187200000,2025-11-26 20:00:00,89957.37000000,90656.08000000,89508.85000000,90484.02000000,3703.66968000,1764201599999,333808527.72025410,705976,2117.86483000,190905261.55157750
1764201600000,2025-11-27 00:00:00,90484.01000000,91950.00000000,90089.91000000,91091.68000000,5743.81731000,1764215999999,523694098.00392460,994376,3707.80474000,338255832.24514020
1764216000000,2025-11-27 04:00:00,91091.68000000,91554.49000000,90889.11000000,91408.34000000,2443.78349000,1764230399999,223017837.19275820,576372,1210.68643000,110483816.24660460
1764230400000,2025-11-27 08:00:00,91408.34000000,91940.18000000,91221.17000000,91371.88000000,2353.99141000,1764244799999,215497148.10776660,503281,1064.90174000,97491722.27523480
1764244800000,2025-11-27 12:00:00,91371.87000000,91457.36000000,90438.43000000,90958.30000000,2921.51001000,1764259199999,265400566.64045560,722578,1254.74921000,113994226.69029900
1764259200000,2025-11-27 16:00:00,90958.29000000,91843.59000000,90850.77000000,91528.21000000,2279.61546000,1764273599999,208448052.27199800,723061,1149.92802000,105125494.56393510
1764273600000,2025-11-27 20:00:00,91528.22000000,91600.00000000,91114.52000000,91333.95000000,1090.79164000,1764287999999,99720404.36180480,400504,510.28821000,46654406.73827380
1764288000000,2025-11-28 00:00:00,91333.94000000,91417.99000000,90652.55000000,91208.85000000,1930.05393000,1764302399999,175658067.20114440,516691,805.80353000,73338642.00541100
1764302400000,2025-11-28 04:00:00,91208.85000000,91707.79000000,90867.43000000,90910.87000000,1873.92377000,1764316799999,171144098.05291390,398306,930.22241000,84983808.37248780
1764316800000,2025-11-28 08:00:00,90910.87000000,92030.00000000,90907.98000000,91437.64000000,3175.31997000,1764331199999,290621530.77934650,636485,1963.70870000,179804767.14592430
1764331200000,2025-11-28 12:00:00,91437.64000000,93092.00000000,91380.94000000,92362.49000000,5046.61300000,1764345599999,465677668.28387990,1169797,2755.25249000,254272858.08989090
1764345600000,2025-11-28 16:00:00,92362.50000000,92376.00000000,90180.63000000,91157.44000000,5779.19663000,1764359999999,524932988.20583360,1123919,2085.02780000,189528664.32606160
1764360000000,2025-11-28 20:00:00,91157.44000000,91247.16000000,90705.57000000,90890.70000000,1025.75282000,1764374399999,93383682.55644130,384556,421.63219000,38386988.97891540
1764374400000,2025-11-29 00:00:00,90890.71000000,91119.99000000,90546.36000000,90680.26000000,940.81817000,1764388799999,85440015.27930880,272716,397.75977000,36129166.55533520
1764388800000,2025-11-29 04:00:00,90680.26000000,90931.56000000,90311.92000000,90567.67000000,1229.54953000,1764403199999,111405939.65704580,281479,607.30263000,55032867.81293620
1764403200000,2025-11-29 08:00:00,90567.66000000,90738.17000000,90376.37000000,90673.19000000,957.44805000,1764417599999,86728867.46260490,262722,459.08625000,41587415.50628420
1764417600000,2025-11-29 12:00:00,90673.20000000,91110.36000000,90530.93000000,91063.50000000,1148.02698000,1764431999999,104197481.43103250,260166,577.64245000,52436029.71421620
1764432000000,2025-11-29 16:00:00,91063.50000000,91165.65000000,90155.47000000,90640.78000000,2192.51887000,1764446399999,198659741.92350080,374175,937.92616000,84981827.96218730
1764446400000,2025-11-29 20:00:00,90640.77000000,91051.87000000,90400.21000000,90802.44000000,961.52131000,1764460799999,87293607.22527270,226602,379.33206000,34446911.59429920
1764460800000,2025-11-30 00:00:00,90802.44000000,91055.50000000,90471.00000000,90909.35000000,1115.17062000,1764475199999,101298590.10184710,344851,580.74626000,52757294.39540860
1764475200000,2025-11-30 04:00:00,90909.35000000,91037.72000000,90670.40000000,90968.16000000,549.91781000,1764489599999,49969473.93384670,188119,289.72643000,26328773.27059640
1764489600000,2025-11-30 08:00:00,90968.16000000,91632.00000000,90927.16000000,91048.78000000,2515.69204000,1764503999999,229620466.05286470,468615,1567.74523000,143099036.20063740
1764504000000,2025-11-30 12:00:00,91048.79000000,92000.01000000,91009.00000000,91435.31000000,2629.14986000,1764518399999,240851279.94911190,455275,1250.72975000,114604685.13901560
1764518400000,2025-11-30 16:00:00,91435.31000000,91850.00000000,91159.42000000,91460.79000000,1049.01646000,1764532799999,95980059.47904230,279043,518.18064000,47415252.67805240
1764532800000,2025-11-30 20:00:00,91460.79000000,91626.75000000,90336.90000000,90360.00000000,1828.79496000,1764547199999,166331903.64882110,418127,795.83867000,72401448.43661420
1764547200000,2025-12-01 00:00:00,90360.01000000,90417.00000000,86161.61000000,86346.13000000,10249.65966000,1764561599999,897849123.32293470,1722973,4191.17162000,367273730.33779700
1764561600000,2025-12-01 04:00:00,86346.13000000,86578.06000000,85604.00000000,86550.30000000,4937.16707000,1764575999999,425115017.96600560,893445,2255.05761000,194226852.17226640
1764576000000,2025-12-01 08:00:00,86550.30000000,86938.01000000,86131.01000000,86149.15000000,3005.76787000,1764590399999,260281847.23506650,691575,1246.98554000,108038831.50814500
1764590400000,2025-12-01 12:00:00,86146.59000000,86674.00000000,83822.76000000,84677.87000000,8124.37241000,1764604799999,694074542.67680660,1860732,3634.31812000,310708906.57400690
1764604800000,2025-12-01 16:00:00,84677.87000000,85555.00000000,84030.95000000,85024.50000000,4598.10295000,1764619199999,390099606.47917200,1456458,2365.71048000,200745256.41412170
1764619200000,2025-12-01 20:00:00,85024.50000000,86860.00000000,85007.69000000,86286.01000000,3593.94231000,1764633599999,309603909.54317530,1084502,1831.09009000,157725216.99497530
1764633600000,2025-12-02 00:00:00,86286.01000000,87350.00000000,86184.39000000,86976.99000000,3245.81604000,1764647999999,281278192.56528880,988788,1587.16677000,137592391.83866540
1764648000000,2025-12-02 04:00:00,86977.00000000,87288.48000000,86818.14000000,87012.65000000,1733.23534000,1764662399999,150818966.70392480,565292,966.30676000,84088679.11595250
1764662400000,2025-12-02 08:00:00,87012.64000000,87628.78000000,86296.21000000,87368.92000000,3361.03567000,1764676799999,292051091.32580030,691900,1527.03312000,132822108.30764050
1764676800000,2025-12-02 12:00:00,87368.92000000,91200.00000000,87032.75000000,90850.01000000,9300.50019000,1764691199999,828829075.36829370,1777835,4675.20580000,416512652.33953740
1764691200000,2025-12-02 16:00:00,90850.01000000,92307.65000000,90201.00000000,91903.39000000,6152.68006000,1764705599999,562560814.08737910,1475045,3016.32759000,276018814.36236220
1764705600000,2025-12-02 20:00:00,91903.38000000,92000.00000000,90720.87000000,91277.88000000,4416.96002000,1764719999999,403977037.61167810,898439,1740.29945000,159165252.32999310
1764720000000,2025-12-03 00:00:00,91277.88000000,93087.09000000,90990.23000000,92628.91000000,4425.07634000,1764734399999,407605964.31150600,1098418,2511.58280000,231412016.91213310
1764734400000,2025-12-03 04:00:00,92628.91000000,93958.58000000,92625.00000000,92999.99000000,4546.45939000,1764748799999,424081680.75505260,1111918,2318.08523000,216256878.98971090
1764748800000,2025-12-03 08:00:00,93000.00000000,93389.62000000,92666.00000000,93005.68000000,2770.10259000,1764763199999,257454271.63370650,768262,1298.84422000,120744517.91503270
1764763200000,2025-12-03 12:00:00,93005.68000000,93700.00000000,91697.00000000,92373.30000000,6523.23972000,1764777599999,604028242.31178360,1739446,2958.74846000,274114818.79846940
1764777600000,2025-12-03 16:00:00,92373.30000000,93500.00000000,91786.99000000,93024.99000000,3624.68485000,1764791999999,335769647.15956080,1102688,1811.58126000,167913354.31003920
1764792000000,2025-12-03 20:00:00,93025.00000000,94150.00000000,92825.56000000,93429.95000000,3822.96296000,1764806399999,357283820.68978080,912450,2094.35115000,195777913.53234900
1764806400000,2025-12-04 00:00:00,93429.95000000,94080.00000000,92669.82000000,93543.04000000,3844.70020000,1764820799999,359228089.13302760,1056754,1717.21133000,160600800.42496270
1764820800000,2025-12-04 04:00:00,93543.03000000,93588.48000000,92775.00000000,93397.67000000,3070.50786000,1764835199999,285984729.86748780,680127,857.29798000,79868881.44565520
1764835200000,2025-12-04 08:00:00,93397.67000000,93621.31000000,92736.90000000,92948.31000000,1917.02375000,1764849599999,178702673.69011710,677175,914.02926000,85206363.94058270
1764849600000,2025-12-04 12:00:00,92948.32000000,93257.00000000,91801.00000000,92971.49000000,4296.15789000,1764863999999,397884715.18197880,1327417,1858.99168000,172156702.06900940
1764864000000,2025-12-04 16:00:00,92971.49000000,93174.55000000,90889.00000000,91975.44000000,4860.71120000,1764878399999,447377780.44941510,1465264,2171.05462000,199877964.39834150
1764878400000,2025-12-04 20:00:00,91975.43000000,92718.53000000,91688.92000000,92078.06000000,1814.83969000,1764892799999,167467641.01259370,649312,794.11052000,73281522.92944050
1764892800000,2025-12-05 00:00:00,92078.06000000,92692.36000000,91959.92000000,92142.75000000,1751.29187000,1764907199999,161800535.26892990,542821,687.76232000,63546385.68072660
1764907200000,2025-12-05 04:00:00,92142.75000000,92497.51000000,91813.37000000,92258.65000000,1387.19156000,1764921599999,127796108.00423850,455365,671.46890000,61858007.94412700
1764921600000,2025-12-05 08:00:00,92258.64000000,92258.65000000,90956.25000000,91351.43000000,2431.69816000,1764935999999,222417519.51795170,686521,945.23747000,86427443.69229670
1764936000000,2025-12-05 12:00:00,91351.44000000,91478.67000000,89874.70000000,90459.35000000,5344.16253000,1764950399999,484727444.66346610,1438120,2519.39785000,228585412.78387740
1764950400000,2025-12-05 16:00:00,90459.34000000,90498.59000000,88056.00000000,89629.26000000,6507.53794000,1764964799999,579877633.54936970,1765020,3103.31905000,276382515.99360780
1764964800000,2025-12-05 20:00:00,89629.27000000,89745.37000000,88901.60000000,89330.04000000,2371.09012000,1764979199999,211817742.80669870,632505,794.95436000,71009957.62668840
1764979200000,2025-12-06 00:00:00,89330.04000000,89806.43000000,89030.67000000,89688.35000000,1531.03301000,1764993599999,137000423.44475280,472479,844.04144000,75570643.89338730
1764993600000,2025-12-06 04:00:00,89688.35000000,89764.19000000,89459.19000000,89597.13000000,769.52350000,1765007999999,68975153.59114480,317855,363.64344000,32597114.69743060
1765008000000,2025-12-06 08:00:00,89597.14000000,89750.01000000,89217.59000000,89631.28000000,1504.70502000,1765022399999,134746295.33429430,391682,699.08802000,62615823.24664840
1765022400000,2025-12-06 12:00:00,89631.29000000,90289.97000000,89490.98000000,89758.77000000,2052.08066000,1765036799999,184403373.62870880,521954,1007.76995000,90561906.23696320
1765036800000,2025-12-06 16:00:00,89758.77000000,89981.20000000,89077.60000000,89405.64000000,1483.59614000,1765051199999,132901947.03702270,401554,723.50433000,64841450.82790360
1765051200000,2025-12-06 20:00:00,89405.65000000,89615.34000000,88908.01000000,89236.79000000,1068.56183000,1765065599999,95393486.77040250,376697,403.68116000,36045847.36723830
1765065600000,2025-12-07 00:00:00,89236.80000000,89749.59000000,89176.52000000,89722.37000000,712.48717000,1765079999999,63757900.53430570,304401,400.85579000,35867810.74919180
1765080000000,2025-12-07 04:00:00,89722.37000000,89799.96000000,89200.00000000,89379.72000000,739.06202000,1765094399999,66180741.41037720,236205,336.52799000,30133414.12615670
1765094400000,2025-12-07 08:00:00,89379.73000000,89538.70000000,89050.01000000,89149.18000000,786.60016000,1765108799999,70198804.86365590,293142,366.55688000,32718654.31750570
1765108800000,2025-12-07 12:00:00,89149.18000000,89707.54000000,87719.28000000,89554.52000000,3916.92116000,1765123199999,347176970.06241040,1024955,1867.69729000,165577650.84958180
1765123200000,2025-12-07 16:00:00,89554.52000000,91760.00000000,89115.85000000,91425.52000000,3838.31073000,1765137599999,347996504.84232400,1101167,2003.22026000,181623252.17204940
1765137600000,2025-12-07 20:00:00,91425.51000000,91510.40000000,88995.33000000,90395.31000000,3027.73061000,1765151999999,272555565.13244810,993201,1395.70862000,125626455.64228170
1765152000000,2025-12-08 00:00:00,90395.32000000,91700.00000000,89860.00000000,91068.29000000,2453.60415000,1765166399999,223164565.50508970,929534,1286.81132000,117046673.41507710
1765166400000,2025-12-08 04:00:00,91068.30000000,91868.76000000,91023.06000000,91565.46000000,1592.48822000,1765180799999,145635293.29467620,544242,611.10911000,55878048.64828290
1765180800000,2025-12-08 08:00:00,91565.46000000,92287.15000000,91486.46000000,91968.29000000,1953.05465000,1765195199999,179609219.30160580,595711,991.35161000,91163251.11790310
1765195200000,2025-12-08 12:00:00,91968.29000000,92122.08000000,89612.00000000,89961.37000000,5223.15445000,1765209599999,475162683.57906310,1533948,2201.94382000,200117862.29986080
1765209600000,2025-12-08 16:00:00,89961.36000000,90527.30000000,89679.79000000,90124.48000000,2589.84253000,1765223999999,233374301.78670230,1174722,1230.83870000,110924863.36174920
1765224000000,2025-12-08 20:00:00,90124.49000000,91374.00000000,90124.49000000,90634.34000000,1981.49487000,1765238399999,179973955.42647620,680574,974.68872000,88523876.60931040
1765238400000,2025-12-09 00:00:00,90634.35000000,90846.26000000,89795.84000000,90405.01000000,2355.41188000,1765252799999,212376096.12172670,712026,1146.45776000,103381678.39855380
1765252800000,2025-12-09 04:00:00,90405.02000000,90528.67000000,89500.00000000,90496.80000000,1867.61874000,1765267199999,168193879.57925080,531617,784.37194000,70657958.67528160
1765267200000,2025-12-09 08:00:00,90496.80000000,90600.00000000,89912.48000000,90384.55000000,1562.48442000,1765281599999,141106216.74027740,566006,771.95574000,69721211.58976280
1765281600000,2025-12-09 12:00:00,90384.54000000,92876.92000000,90004.73000000,92707.51000000,4917.67396000,1765295999999,448695424.95790310,1409402,2514.29776000,229576658.51379980
1765296000000,2025-12-09 16:00:00,92707.50000000,94588.99000000,92693.50000000,93800.83000000,7304.45224000,1765310399999,685503843.61091540,1712675,3834.30378000,359854039.03844280
1765310400000,2025-12-09 20:00:00,93800.83000000,93857.47000000,92254.92000000,92678.80000000,3232.78890000,1765324799999,300385604.59709990,1008497,1466.37261000,136234459.90642200
1765324800000,2025-12-10 00:00:00,92678.81000000,92786.35000000,91976.00000000,92410.62000000,1996.99930000,1765339199999,184407692.22741690,565288,944.03964000,87193986.76597810
1765339200000,2025-12-10 04:00:00,92410.62000000,92782.92000000,92386.83000000,92782.91000000,1363.84988000,1765353599999,126282796.88331110,396363,693.53554000,64220810.18951050
1765353600000,2025-12-10 08:00:00,92782.91000000,93291.50000000,91763.69000000,92120.45000000,2623.05995000,1765367999999,242620175.55004270,792121,1054.15142000,97576939.77969330
1765368000000,2025-12-10 12:00:00,92120.45000000,92226.00000000,91563.15000000,92063.69000000,2523.14963000,1765382399999,231984456.62537590,962593,1090.82012000,100301966.04183700
1765382400000,2025-12-10 16:00:00,92063.69000000,93243.59000000,91684.39000000,92957.67000000,5420.48480000,1765396799999,501711398.79370370,1736481,2665.15345000,246744009.90851740
1765396800000,2025-12-10 20:00:00,92957.67000000,94476.00000000,91878.00000000,92015.37000000,5071.13727000,1765411199999,471766756.16795450,1572861,2749.63099000,255974582.71117520
1765411200000,2025-12-11 00:00:00,92015.38000000,92080.32000000,89389.63000000,89880.01000000,4081.14690000,1765425599999,369422213.29849150,1299577,1821.09069000,164842640.78239190
1765425600000,2025-12-11 04:00:00,89880.00000000,90480.14000000,89694.81000000,90272.75000000,2245.33099000,1765439999999,202438480.27461440,581646,1120.02890000,100996476.53340280
1765440000000,2025-12-11 08:00:00,90272.76000000,90504.19000000,89971.11000000,90242.35000000,1503.95888000,1765454399999,135701407.05841620,426897,652.85667000,58917262.79964650
1765454400000,2025-12-11 12:00:00,90242.36000000,90653.33000000,89260.63000000,89872.51000000,3541.05902000,1765468799999,318747599.95128570,1225571,1555.48212000,140046995.80405390
1765468800000,2025-12-11 16:00:00,89872.51000000,91538.26000000,89333.00000000,90839.81000000,3643.99089000,1765483199999,329510316.52890250,1402644,1622.25090000,146707772.92270030
1765483200000,2025-12-11 20:00:00,90839.81000000,93555.00000000,90797.76000000,92513.38000000,4957.10090000,1765497599999,458502101.95413860,1314103,2379.18869000,220018774.96668650
1765497600000,2025-12-12 00:00:00,92513.38000000,92754.00000000,91448.31000000,92283.40000000,2164.71329000,1765511999999,199548794.72113220,797038,1019.46510000,93964229.24599420
1765512000000,2025-12-12 04:00:00,92283.40000000,92720.00000000,92078.91000000,92425.34000000,1494.20203000,1765526399999,138033207.36387630,396811,695.58944000,64255956.32340750
1765526400000,2025-12-12 08:00:00,92425.33000000,92650.01000000,92044.80000000,92418.19000000,1624.00539000,1765540799999,149977956.69743030,407755,743.28510000,68659793.66154730
1765540800000,2025-12-12 12:00:00,92418.19000000,92660.74000000,89780.00000000,89935.14000000,5560.13281000,1765555199999,508130152.85545800,1237161,2759.78821000,252291847.01365280
1765555200000,2025-12-12 16:00:00,89935.13000000,90666.00000000,89480.00000000,90198.22000000,4659.32825000,1765569599999,419822507.00645990,1651232,2199.97967000,198257684.34926010
1765569600000,2025-12-12 20:00:00,90198.23000000,90404.13000000,89898.61000000,90268.42000000,1176.80992000,1765583999999,106170806.92044370,466722,568.57521000,51294846.79479440
1765584000000,2025-12-13 00:00:00,90268.43000000,90469.71000000,90120.00000000,90345.54000000,648.76329000,1765598399999,58584471.02963030,180558,246.95388000,22302970.20959850
1765598400000,2025-12-13 04:00:00,90345.55000000,90410.50000000,90268.91000000,90329.97000000,451.53525000,1765612799999,40792419.21410610,141736,208.05847000,18796398.44246950
1765612800000,2025-12-13 08:00:00,90329.98000000,90634.55000000,90290.00000000,90330.36000000,1525.87319000,1765627199999,138043020.32944190,238149,617.10719000,55841397.06613010
1765627200000,2025-12-13 12:00:00,90330.36000000,90470.30000000,89932.99000000,90092.16000000,1906.98893000,1765641599999,172074761.10483490,351955,551.47192000,49765716.94429620
1765641600000,2025-12-13 16:00:00,90092.17000000,90268.13000000,89981.00000000,90178.16000000,675.23738000,1765655999999,60842798.48295650,184041,295.99207000,26669170.70212030
1765656000000,2025-12-13 20:00:00,90178.17000000,90280.76000000,89766.39000000,90240.01000000,687.30984000,1765670399999,61913074.42943180,267315,318.40117000,28689866.13152600
1765670400000,2025-12-14 00:00:00,90240.00000000,90472.40000000,90117.05000000,90258.98000000,710.94131000,1765684799999,64203085.72726860,199495,319.46004000,28850048.90222950
1765684800000,2025-12-14 04:00:00,90258.99000000,90329.24000000,90050.74000000,90245.60000000,689.83584000,1765699199999,62200424.26926630,175002,223.54004000,20155775.74086620
1765699200000,2025-12-14 08:00:00,90245.60000000,90280.01000000,88687.27000000,89360.00000000,2036.12797000,1765713599999,182206100.37628970,571874,759.79902000,67977252.11270560
1765713600000,2025-12-14 12:00:00,89360.01000000,89666.00000000,88882.66000000,89022.91000000,1729.70637000,1765727999999,154306575.66228880,652367,803.62461000,71714928.83188890
1765728000000,2025-12-14 16:00:00,89022.92000000,89398.71000000,88497.02000000,88644.88000000,1685.20822000,1765742399999,149709964.07185710,647849,833.16573000,74031853.16620350
1765742400000,2025-12-14 20:00:00,88644.88000000,88827.71000000,87577.36000000,88172.17000000,2565.12033000,1765756799999,226452980.73089460,869162,1066.11891000,94175298.57277560
1765756800000,2025-12-15 00:00:00,88172.16000000,90052.64000000,88074.37000000,89282.60000000,2699.66065000,1765771199999,240519602.72303380,990956,1353.44123000,120560441.46437150
1765771200000,2025-12-15 04:00:00,89282.60000000,89918.48000000,89272.88000000,89753.42000000,1316.93789000,1765785599999,118014903.02121780,439659,577.01336000,51716246.76741800
1765785600000,2025-12-15 08:00:00,89753.43000000,89986.68000000,89572.05000000,89641.28000000,1524.38986000,1765799999999,136900760.12419490,447628,811.47592000,72887409.32422310
1765800000000,2025-12-15 12:00:00,89641.28000000,89876.42000000,86621.91000000,87033.22000000,5888.02922000,1765814399999,518425885.90660860,1809099,2795.72071000,246015026.36677690
1765814400000,2025-12-15 16:00:00,87033.21000000,87220.00000000,85146.64000000,86149.96000000,5789.22914000,1765828799999,498631890.23893590,2131548,2858.67071000,246225632.26571540
1765828800000,2025-12-15 20:00:00,86149.96000000,86472.70000000,85530.01000000,86432.08000000,2560.44514000,1765843199999,220330387.48773770,928277,1196.08883000,102944893.13655740
1765843200000,2025-12-16 00:00:00,86432.08000000,86535.22000000,85386.00000000,85875.92000000,2272.85750000,1765857599999,195351902.88940050,817930,1081.08923000,92942805.93731530
1765857600000,2025-12-16 04:00:00,85875.91000000,86615.38000000,85266.00000000,86021.51000000,2433.06768000,1765871999999,209435498.81946750,609348,1090.66279000,93877622.01779420
1765872000000,2025-12-16 08:00:00,86021.51000000,87330.00000000,85930.97000000,87261.45000000,2417.24589000,1765886399999,209585369.13788840,687177,1233.40972000,106943686.29013730
1765886400000,2025-12-16 12:00:00,87261.46000000,88175.98000000,86107.43000000,87977.43000000,6730.13202000,1765900799999,586929381.12871760,2123876,3310.05361000,288902066.87434420
1765900800000,2025-12-16 16:00:00,87977.44000000,88050.17000000,87061.23000000,87585.77000000,3497.75820000,1765915199999,306446618.40502090,1390900,1801.48247000,157879819.08612110
1765915200000,2025-12-16 20:00:00,87585.76000000,87931.48000000,87343.75000000,87863.42000000,1104.98888000,1765929599999,96924658.27228870,470461,549.27964000,48185082.26074790
1765929600000,2025-12-17 00:00:00,87863.43000000,87950.00000000,87150.01000000,87213.59000000,1179.65134000,1765943999999,103237747.27841340,482964,466.50915000,40835078.86436710
1765944000000,2025-12-17 04:00:00,87213.60000000,87398.54000000,86209.11000000,87045.59000000,2094.81095000,1765958399999,181818702.85030510,617398,994.67179000,86329542.62881370
1765958400000,2025-12-17 08:00:00,87045.59000000,87137.42000000,86238.91000000,86983.26000000,1681.23270000,1765972799999,145696174.92143710,601966,823.45000000,71364416.58510030
1765972800000,2025-12-17 12:00:00,86983.26000000,90365.85000000,86817.27000000,87233.44000000,8132.27731000,1765987199999,720213842.33787270,2001066,3800.42900000,336320060.39134880
1765987200000,2025-12-17 16:00:00,87233.44000000,87769.23000000,85314.00000000,86018.53000000,5045.61646000,1766001599999,436107367.01162050,1771041,2478.71192000,214378157.32187110
1766001600000,2025-12-17 20:00:00,86018.53000000,86431.14000000,85644.09000000,86243.22000000,1700.52853000,1766015999999,146274662.27071060,584203,713.50652000,61390757.46514280
1766016000000,2025-12-18 00:00:00,86243.23000000,86863.75000000,85863.93000000,86618.34000000,1716.00096000,1766030399999,148223978.12373070,619197,835.21438000,72143612.69818010
1766030400000,2025-12-18 04:00:00,86618.35000000,86901.40000000,86384.61000000,86833.84000000,1551.20199000,1766044799999,134495547.35367270,399858,724.23448000,62796673.61984750
1766044800000,2025-12-18 08:00:00,86833.83000000,87453.63000000,86685.14000000,87300.74000000,1894.81711000,1766059199999,165087865.91593020,518982,934.47081000,81431802.90363510
1766059200000,2025-12-18 12:00:00,87300.50000000,89477.61000000,87109.76000000,88513.44000000,7315.08784000,1766073599999,646710766.28336740,2122817,3445.32588000,304601131.43003580
1766073600000,2025-12-18 16:00:00,88513.43000000,88533.61000000,84481.31000000,84483.79000000,9332.10895000,1766087999999,803384928.72006090,2343528,4864.50598000,418805843.58639830
1766088000000,2025-12-18 20:00:00,84483.80000000,85835.90000000,84450.01000000,85516.41000000,3596.20078000,1766102399999,306320786.27288460,942565,1864.78685000,158867790.73193980
1766102400000,2025-12-19 00:00:00,85516.41000000,87568.99000000,85110.24000000,86891.39000000,3311.66901000,1766116799999,285710912.21106340,1182873,1714.05122000,147931228.67993130
1766116800000,2025-12-19 04:00:00,86891.39000000,88449.06000000,86647.51000000,87953.40000000,3713.59538000,1766131199999,325016064.78102870,996103,2059.85020000,180325364.58216020
1766131200000,2025-12-19 08:00:00,87953.39000000,88385.06000000,87742.60000000,88198.70000000,1797.82182000,1766145599999,158386121.04469190,639220,951.51545000,83833607.38366450
1766145600000,2025-12-19 12:00:00,88198.70000000,89399.97000000,87514.59000000,87951.87000000,5988.71834000,1766159999999,528251235.92370540,1639167,2788.52234000,246118269.30367070
1766160000000,2025-12-19 16:00:00,87951.86000000,88882.55000000,86846.16000000,87845.92000000,4584.61046000,1766174399999,402032559.24287510,1417704,2262.86101000,198501866.25058870
1766174400000,2025-12-19 20:00:00,87845.92000000,88426.85000000,87614.79000000,88136.94000000,1860.23503000,1766188799999,163839732.72949940,607186,1103.34429000,97175949.16472620
1766188800000,2025-12-20 00:00:00,88136.95000000,88339.27000000,87961.60000000,88214.98000000,984.44715000,1766203199999,86780474.86093550,224188,583.99044000,51483517.42571590
1766203200000,2025-12-20 04:00:00,88214.98000000,88573.07000000,88123.07000000,88275.41000000,797.87192000,1766217599999,70465230.87775860,199607,370.18006000,32694849.07814550
1766217600000,2025-12-20 08:00:00,88275.41000000,88428.00000000,88107.35000000,88277.66000000,821.72303000,1766231999999,72520013.04052370,186262,330.42295000,29161839.93509600
1766232000000,2025-12-20 12:00:00,88277.66000000,88343.73000000,87795.76000000,88178.71000000,1315.67537000,1766246399999,115955453.27595540,271332,559.81615000,49341498.95854720
1766246400000,2025-12-20 16:00:00,88178.72000000,88418.73000000,88103.54000000,88232.92000000,574.10491000,1766260799999,50646063.75424630,146754,275.81192000,24333152.68544030
1766260800000,2025-12-20 20:00:00,88232.92000000,88443.44000000,88154.06000000,88360.90000000,629.30956000,1766275199999,55551786.91834000,146283,336.14911000,29672787.24625560
1766275200000,2025-12-21 00:00:00,88360.91000000,88433.64000000,87869.35000000,88070.64000000,991.41687000,1766289599999,87337728.98064220,204114,533.39987000,46984600.58384830
1766289600000,2025-12-21 04:00:00,88070.64000000,88201.59000000,88050.00000000,88174.79000000,455.57319000,1766303999999,40140932.57417530,118578,214.68133000,18916909.20794600
1766304000000,2025-12-21 08:00:00,88174.79000000,89081.77000000,88141.87000000,88601.57000000,1439.81605000,1766318399999,127678805.08246590,435641,763.41724000,67698683.63950660
1766318400000,2025-12-21 12:00:00,88601.57000000,88920.01000000,87600.04000000,88067.95000000,2206.50881000,1766332799999,194370742.44310240,679834,897.06796000,79050379.63646530
1766332800000,2025-12-21 16:00:00,88067.96000000,88600.00000000,87950.00000000,88484.01000000,1240.46771000,1766347199999,109522574.31517580,305413,622.66210000,54978063.71967710
1766347200000,2025-12-21 20:00:00,88484.01000000,88823.52000000,88091.96000000,88658.86000000,799.08995000,1766361599999,70670188.39110350,287086,419.16547000,37083425.01058120
1766361600000,2025-12-22 00:00:00,88658.87000000,89627.24000000,87900.00000000,88774.12000000,2619.97992000,1766375999999,232669967.90219190,944640,1347.21776000,119685233.59832190
1766376000000,2025-12-22 04:00:00,88774.13000000,89200.00000000,88712.11000000,89170.10000000,1290.70342000,1766390399999,114842336.74603020,410136,605.09089000,53841276.64356870
1766390400000,2025-12-22 08:00:00,89170.10000000,90118.00000000,89093.44000000,89945.43000000,2622.90199000,1766404799999,235316805.87680540,617031,1264.18938000,113415815.84935780
1766404800000,2025-12-22 12:00:00,89945.43000000,90588.23000000,89196.42000000,89726.92000000,3942.72215000,1766419199999,354542178.66926050,1384546,1960.27565000,176361779.65674040
1766419200000,2025-12-22 16:00:00,89726.93000000,90127.00000000,87965.76000000,88052.43000000,2609.54930000,1766433599999,232598008.54141580,934818,1196.18791000,106645997.13061560
1766433600000,2025-12-22 20:00:00,88052.42000000,88833.33000000,87911.79000000,88620.79000000,1587.36292000,1766447999999,140266334.01222210,556576,896.65276000,79236688.89293780
1766448000000,2025-12-23 00:00:00,88620.79000000,88940.00000000,87800.00000000,88170.00000000,1505.70483000,1766462399999,133118636.51126310,547321,747.57382000,66114215.27474860
1766462400000,2025-12-23 04:00:00,88170.00000000,88368.10000000,87051.52000000,87574.79000000,1996.43062000,1766476799999,174963894.59133480,634232,930.56505000,81551139.43724890
1766476800000,2025-12-23 08:00:00,87574.78000000,87890.00000000,87297.69000000,87856.65000000,1432.37853000,1766491199999,125496999.52133820,396569,711.48464000,62353362.28055570
1766491200000,2025-12-23 12:00:00,87856.66000000,87963.03000000,86601.90000000,87443.45000000,3407.99312000,1766505599999,297693175.87747410,1136288,1418.01615000,123924782.10671430
1766505600000,2025-12-23 16:00:00,87443.45000000,88275.40000000,87162.39000000,87752.87000000,3220.82979000,1766519999999,282898560.83983430,1026418,1543.43463000,135591963.50529890
1766520000000,2025-12-23 20:00:00,87752.88000000,88372.35000000,87180.00000000,87486.00000000,2346.99215000,1766534399999,205728339.92651030,724252,1030.69318000,90369733.28256400
1766534400000,2025-12-24 00:00:00,87486.00000000,87839.66000000,86863.88000000,87336.23000000,1598.88886000,1766548799999,139723636.27323550,520006,795.04089000,69498556.20325420
1766548800000,2025-12-24 04:00:00,87336.23000000,87458.54000000,86796.65000000,86911.53000000,1349.63742000,1766563199999,117515634.91029660,363758,736.56518000,64148825.99739830
1766563200000,2025-12-24 08:00:00,86911.53000000,87359.59000000,86724.05000000,87203.94000000,1188.37005000,1766577599999,103429956.35400380,325876,647.33616000,56350350.22400220
1766577600000,2025-12-24 12:00:00,87203.94000000,87478.59000000,86420.00000000,87049.99000000,2300.52897000,1766591999999,200227835.71629010,818068,1057.57703000,92051510.66026130
1766592000000,2025-12-24 16:00:00,87050.00000000,87670.00000000,86917.25000000,87566.06000000,1746.44928000,1766606399999,152570882.61171460,611177,841.63648000,73508097.45375650
1766606400000,2025-12-24 20:00:00,87566.07000000,88049.89000000,87516.77000000,87669.45000000,956.96862000,1766620799999,83992580.60830560,238354,465.11757000,40828349.86593010
1766620800000,2025-12-25 00:00:00,87669.44000000,87967.50000000,87508.52000000,87840.42000000,652.86225000,1766635199999,57281975.46906110,232606,319.22600000,28010997.50610020
1766635200000,2025-12-25 04:00:00,87840.42000000,87862.20000000,87661.17000000,87837.59000000,568.68423000,1766649599999,49911834.73983660,163730,268.14235000,23534446.28828280
1766649600000,2025-12-25 08:00:00,87837.59000000,87888.00000000,87251.60000000,87519.44000000,1203.75216000,1766663999999,105324203.19623190,309310,638.30940000,55848550.81800350
1766664000000,2025-12-25 12:00:00,87519.45000000,88592.74000000,87398.78000000,88371.27000000,1933.47252000,1766678399999,170049070.36649000,458518,937.79316000,82481337.95816670
1766678400000,2025-12-25 16:00:00,88371.27000000,88478.00000000,87993.21000000,88151.18000000,1039.54656000,1766692799999,91715453.00730070,318589,363.16358000,32032399.38472350
1766692800000,2025-12-25 20:00:00,88151.19000000,88167.65000000,86934.72000000,87225.27000000,1698.26463000,1766707199999,148687916.87084440,509419,864.32259000,75683396.76802740
1766707200000,2025-12-26 00:00:00,87225.27000000,89440.00000000,86891.70000000,88844.87000000,4964.62578000,1766721599999,440136115.03657000,1156160,2893.89677000,256665800.25954520
1766721600000,2025-12-26 04:00:00,88844.88000000,89567.75000000,88347.45000000,88470.75000000,3154.47608000,1766735999999,280602305.84000120,561031,1526.58906000,135848924.88397170
1766736000000,2025-12-26 08:00:00,88470.75000000,88918.59000000,88414.81000000,88533.42000000,1250.32549000,1766750399999,110927289.51485930,454317,566.79396000,50289992.75766600
1766750400000,2025-12-26 12:00:00,88533.43000000,89050.00000000,86655.08000000,87137.81000000,5932.37434000,1766764799999,519288807.73948370,1313391,2387.08473000,209049539.56114850
1766764800000,2025-12-26 16:00:00,87137.81000000,87580.29000000,86818.18000000,87501.83000000,1940.76351000,1766779199999,169312314.08879200,724963,989.66696000,86354498.99381750
1766779200000,2025-12-26 20:00:00,87501.83000000,87792.70000000,87321.40000000,87369.56000000,1102.04985000,1766793599999,96455283.41693980,299620,482.77465000,42256121.26875750
1766793600000,2025-12-27 00:00:00,87369.56000000,87532.00000000,87253.05000000,87514.22000000,675.35016000,1766807999999,59033918.00641510,144399,281.44121000,24601790.40788780
1766808000000,2025-12-27 04:00:00,87514.23000000,87702.00000000,87417.93000000,87539.26000000,515.35353000,1766822399999,45098842.62531550,126334,252.08790000,22061891.83428960
1766822400000,2025-12-27 08:00:00,87539.26000000,87677.00000000,87370.73000000,87475.98000000,1077.75463000,1766836799999,94371773.20562620,203278,521.01795000,45618001.15631530
1766836800000,2025-12-27 12:00:00,87475.99000000,87589.99000000,87308.05000000,87551.25000000,749.39054000,1766851199999,65545804.52972370,164504,237.17487000,20746636.05045930
1766851200000,2025-12-27 16:00:00,87551.26000000,87591.00000000,87442.08000000,87569.39000000,566.59122000,1766865599999,49589439.85477370,120742,321.99177000,28180390.85597560
1766865600000,2025-12-27 20:00:00,87569.39000000,87984.00000000,87499.99000000,87877.01000000,885.11148000,1766879999999,77634427.05258180,198279,452.01035000,39651770.93431480
1766880000000,2025-12-28 00:00:00,87877.00000000,87961.37000000,87705.97000000,87740.01000000,672.08653000,1766894399999,59020193.86226640,171873,300.15109000,26360278.38899690
1766894400000,2025-12-28 04:00:00,87740.00000000,87837.99000000,87614.79000000,87730.85000000,442.23022000,1766908799999,38793569.16635900,147395,235.63871000,20672232.44937790
1766908800000,2025-12-28 08:00:00,87730.86000000,88010.00000000,87720.00000000,87883.25000000,760.04376000,1766923199999,66780892.09906810,199732,395.72913000,34773141.39396090
1766923200000,2025-12-28 12:00:00,87883.25000000,88088.75000000,87794.86000000,87836.27000000,821.25662000,1766937599999,72207877.95763210,201212,393.69996000,34619598.96778970
1766937600000,2025-12-28 16:00:00,87836.27000000,87931.59000000,87500.26000000,87520.75000000,881.83702000,1766951999999,77324955.18195350,239536,428.86264000,37607426.55469580
1766952000000,2025-12-28 20:00:00,87520.75000000,88049.53000000,87435.00000000,87952.71000000,868.83870000,1766966399999,76199810.88299720,281678,476.67063000,41809450.43259310
1766966400000,2025-12-29 00:00:00,87952.71000000,90169.06000000,87813.17000000,90123.55000000,4759.05691000,1766980799999,424102116.69681460,1089924,2545.39022000,226810391.14443590
1766980800000,2025-12-29 04:00:00,90123.55000000,90406.08000000,89507.03000000,89617.71000000,3502.98691000,1766995199999,315179304.71910260,585938,1477.24077000,132913378.49185340
1766995200000,2025-12-29 08:00:00,89617.71000000,89825.01000000,87567.65000000,87567.66000000,4608.77018000,1767009599999,408418166.96090160,868208,2461.25664000,218142362.64166180
1767009600000,2025-12-29 12:00:00,87567.65000000,88190.71000000,86806.50000000,87691.62000000,4178.35066000,1767023999999,365414523.08841770,1229726,2175.09457000,190241007.87308900
1767024000000,2025-12-29 16:00:00,87691.62000000,87996.22000000,87312.34000000,87366.23000000,1457.68333000,1767038399999,127737514.00281070,655328,686.37366000,60149848.08310090
1767038400000,2025-12-29 20:00:00,87366.23000000,87597.59000000,87071.49000000,87237.13000000,1388.13776000,1767052799999,121160367.56974810,364465,733.74516000,64041247.14136100
1767052800000,2025-12-30 00:00:00,87237.13000000,87423.65000000,86845.66000000,87379.00000000,1520.57005000,1767067199999,132542172.22380940,451421,641.49101000,55945117.50571430
1767067200000,2025-12-30 04:00:00,87378.99000000,87600.00000000,87157.07000000,87502.85000000,1077.59137000,1767081599999,94204221.71134510,269750,621.33351000,54322957.26554820
1767081600000,2025-12-30 08:00:00,87502.85000000,88224.76000000,87502.84000000,87903.89000000,2468.25039000,1767095999999,216982206.29994770,533361,1211.55538000,106521026.42384510
1767096000000,2025-12-30 12:00:00,87903.89000000,89159.52000000,87834.01000000,89016.35000000,3882.44573000,1767110399999,343157806.76045860,1101973,1996.52555000,176446624.26192940
1767110400000,2025-12-30 16:00:00,89016.36000000,89400.00000000,87960.20000000,88226.16000000,2912.38545000,1767124799999,258295334.60660670,852811,1384.62362000,122765218.42066120
1767124800000,2025-12-30 20:00:00,88226.15000000,88573.65000000,87886.46000000,88485.49000000,1244.66702000,1767139199999,109834662.87650780,332860,706.03182000,62302443.52484520
1767139200000,2025-12-31 00:00:00,88485.50000000,88819.80000000,88172.15000000,88453.04000000,1131.98072000,1767153599999,100222110.90526390,386708,590.71723000,52299153.38120160
1767153600000,2025-12-31 04:00:00,88453.04000000,88638.76000000,88325.06000000,88613.12000000,972.41187000,1767167999999,86051723.97364680,200993,410.00117000,36282048.85537000
1767168000000,2025-12-31 08:00:00,88613.11000000,89046.60000000,88393.52000000,89011.52000000,1674.66744000,1767182399999,148657365.01099600,320897,728.74170000,64697886.92506500
1767182400000,2025-12-31 12:00:00,89011.51000000,89200.00000000,87766.59000000,87953.97000000,3261.85615000,1767196799999,288734253.88850240,907098,1434.04688000,126929697.60419830
1767196800000,2025-12-31 16:00:00,87953.97000000,88053.49000000,87400.41000000,87541.85000000,2936.14316000,1767211199999,257516516.92382250,751545,1492.25723000,130873226.06550710
1767211200000,2025-12-31 20:00:00,87541.85000000,87879.04000000,87250.00000000,87648.22000000,1581.56113000,1767225599999,138564864.57729520,330155,776.26987000,68022964.13320690
1767225600000,2026-01-01 00:00:00,87648.21000000,88088.10000000,87632.74000000,87846.02000000,833.74412000,1767239999999,73283686.93587010,215223,468.64517000,41189469.86134440
1767240000000,2026-01-01 04:00:00,87846.01000000,87854.81000000,87550.43000000,87631.88000000,1108.52485000,1767254399999,97161465.09495060,194935,510.38550000,44733868.01333040
1767254400000,2026-01-01 08:00:00,87631.88000000,88024.64000000,87631.87000000,88024.64000000,819.82493000,1767268799999,72010111.09863410,177638,368.39485000,32353028.65019390
1767268800000,2026-01-01 12:00:00,88024.64000000,88113.45000000,87810.66000000,88032.18000000,1005.89204000,1767283199999,88469246.41296720,251384,517.36184000,45499838.47775050
1767283200000,2026-01-01 16:00:00,88032.17000000,88500.00000000,87879.03000000,88391.15000000,1140.33499000,1767297599999,100594181.64019700,326168,548.99644000,48430444.29838030
1767297600000,2026-01-01 20:00:00,88391.16000000,88919.45000000,88240.00000000,88839.04000000,1371.25040000,1767311999999,121472944.10848120,283933,709.86156000,62883427.98738220
1767312000000,2026-01-02 00:00:00,88839.05000000,89120.01000000,88379.88000000,88950.65000000,1615.06136000,1767326399999,143387685.48031330,440902,874.98341000,77690405.51174860
1767326400000,2026-01-02 04:00:00,88950.64000000,89079.44000000,88576.56000000,88857.61000000,1190.31720000,1767340799999,105750635.99137620,327007,546.94110000,48592973.35953890
1767340800000,2026-01-02 08:00:00,88857.60000000,89942.44000000,88758.94000000,89502.95000000,3334.56621000,1767355199999,298340380.42890670,598274,1576.75385000,141067110.92410870
1767355200000,2026-01-02 12:00:00,89502.94000000,90135.00000000,88459.96000000,89418.11000000,4573.84370000,1767369599999,408826981.10515860,1544958,2331.39319000,208448047.63681500
1767369600000,2026-01-02 16:00:00,89418.10000000,90961.81000000,89205.92000000,89897.23000000,5155.47201000,1767383999999,465168607.72190830,1670556,2728.26341000,246188729.24077450
1767384000000,2026-01-02 20:00:00,89897.23000000,90400.00000000,89636.77000000,89995.13000000,1527.71253000,1767398399999,137484570.15942440,428514,871.01951000,78393007.29103290
1767398400000,2026-01-03 00:00:00,89995.14000000,90418.32000000,89966.48000000,90321.22000000,1026.19409000,1767412799999,92549932.08761980,270331,622.91098000,56180449.39960540
1767412800000,2026-01-03 04:00:00,90321.23000000,90480.62000000,89314.01000000,89577.13000000,1777.41680000,1767427199999,159695561.08809440,390379,794.93339000,71410002.03186570
1767427200000,2026-01-03 08:00:00,89577.13000000,89982.11000000,89420.75000000,89752.74000000,1301.10920000,1767441599999,116769331.16783420,316613,741.73499000,66578569.04321050
1767441600000,2026-01-03 12:00:00,89752.75000000,90249.99000000,89664.93000000,89969.31000000,1115.15116000,1767455999999,100357970.78005360,273960,611.89371000,55062100.54463770
1767456000000,2026-01-03 16:00:00,89969.31000000,90219.67000000,89918.59000000,90123.77000000,516.07827000,1767470399999,46497756.90847330,173286,260.05087000,23430141.66416790
1767470400000,2026-01-03 20:00:00,90123.76000000,90741.16000000,90017.23000000,90628.01000000,1321.51764000,1767484799999,119644221.57729020,259645,760.19689000,68818290.61809560
1767484800000,2026-01-04 00:00:00,90628.01000000,91610.17000000,90628.00000000,91236.78000000,2719.43418000,1767499199999,248098243.07075030,607982,1426.64991000,130122544.92856790
1767499200000,2026-01-04 04:00:00,91236.78000000,91810.00000000,91183.15000000,91532.00000000,1833.66412000,1767513599999,167749873.26711870,370997,983.89800000,90011198.87597950
1767513600000,2026-01-04 08:00:00,91532.00000000,91620.50000000,91174.46000000,91300.00000000,2596.25909000,1767527999999,237289998.61081970,400130,1224.08955000,111905017.82824120
1767528000000,2026-01-04 12:00:00,91300.01000000,91419.22000000,91014.10000000,91334.94000000,1316.31831000,1767542399999,120080135.70371720,314380,676.15997000,61680493.48430730
1767542400000,2026-01-04 16:00:00,91334.94000000,91455.90000000,90863.47000000,91138.07000000,1140.52954000,1767556799999,104012445.88746200,300008,534.59591000,48757242.53833930
1767556800000,2026-01-04 20:00:00,91138.06000000,91590.00000000,91132.00000000,91529.73000000,820.32446000,1767571199999,74930283.98134050,213540,475.60055000,43442173.93658470
1767571200000,2026-01-05 00:00:00,91529.74000000,93388.00000000,91514.81000000,92878.22000000,5548.56251000,1767585599999,513721467.35895660,837098,3261.94288000,302022337.07086960
1767585600000,2026-01-05 04:00:00,92878.22000000,92947.87000000,92155.00000000,92520.63000000,1838.86690000,1767599999999,170178171.53146230,392945,719.91453000,66633932.00508740
1767600000000,2026-01-05 08:00:00,92520.63000000,93151.00000000,92320.17000000,93134.26000000,2498.18846000,1767614399999,231730879.19592330,545915,1218.65550000,113099105.15282610
1767614400000,2026-01-05 12:00:00,93134.25000000,94000.00000000,92407.13000000,93957.73000000,4224.09624000,1767628799999,394107747.10316690,1498032,2239.84943000,209095125.13163690
1767628800000,2026-01-05 16:00:00,93957.74000000,94500.00000000,93250.00000000,94303.40000000,4190.38211000,1767643199999,394024280.01035540,1421808,2218.58389000,208678560.63980680
1767643200000,2026-01-05 20:00:00,94303.40000000,94789.08000000,93800.00000000,93859.71000000,2373.49962000,1767657599999,223692698.34821150,789691,1234.02327000,116329691.93147600
1767657600000,2026-01-06 00:00:00,93859.71000000,94161.86000000,93529.18000000,93769.24000000,1527.94713000,1767671999999,143284896.66976830,600963,660.32897000,61934091.80542420
1767672000000,2026-01-06 04:00:00,93769.25000000,94000.00000000,93137.98000000,93255.08000000,2037.39443000,1767686399999,190731799.04268540,486634,845.69944000,79191705.82713470
1767686400000,2026-01-06 08:00:00,93255.08000000,93895.00000000,93167.29000000,93840.00000000,1360.24604000,1767700799999,127219766.70233730,398212,758.34694000,70937073.97216120
1767700800000,2026-01-06 12:00:00,93839.99000000,94444.44000000,93352.01000000,93648.99000000,3747.64759000,1767715199999,351851985.86932190,1240205,1760.24950000,165333340.46033670
1767715200000,2026-01-06 16:00:00,93649.00000000,93775.60000000,91262.94000000,92104.50000000,6154.50415000,1767729599999,568541953.05716410,1445150,2330.69871000,215192887.40793860
1767729600000,2026-01-06 20:00:00,92104.49000000,93845.03000000,92098.29000000,93747.97000000,3718.67895000,1767743999999,346415140.95709800,847522,1753.49801000,163409093.92396780
1767744000000,2026-01-07 00:00:00,93747.97000000,93747.97000000,92236.07000000,92815.83000000,2673.21579000,1767758399999,248171557.93449730,791931,1112.08115000,103209870.03240450
1767758400000,2026-01-07 04:00:00,92815.83000000,92930.35000000,92500.00000000,92879.13000000,1043.57297000,1767772799999,96774710.88613910,318478,518.99965000,48136267.86647050
1767772800000,2026-01-07 08:00:00,92879.14000000,92961.53000000,91600.00000000,92087.21000000,2601.79745000,1767787199999,239581112.29346980,570714,1184.98781000,109078445.29249350
1767787200000,2026-01-07 12:00:00,92087.21000000,92299.40000000,91024.00000000,91349.96000000,3623.32777000,1767801599999,332108178.15905240,1172188,1829.74858000,167763612.05242320
1767801600000,2026-01-07 16:00:00,91349.95000000,91790.00000000,90675.52000000,91186.07000000,2653.80915000,1767815999999,242047959.56152180,961726,1162.73994000,106062988.81099350
1767816000000,2026-01-07 20:00:00,91186.07000000,91489.60000000,90778.32000000,91364.16000000,1680.76712000,1767830399999,153223434.14029320,525215,906.31241000,82638282.09341240
1767830400000,2026-01-08 00:00:00,91364.16000000,91687.99000000,90616.36000000,90813.40000000,1794.84191000,1767844799999,163576940.88635920,566090,841.95402000,76782878.61680850
1767844800000,2026-01-08 04:00:00,90813.40000000,91188.00000000,89641.84000000,90548.02000000,3107.77644000,1767859199999,280939164.45360610,743009,1427.61842000,129064735.56760270
1767859200000,2026-01-08 08:00:00,90548.02000000,90917.22000000,89777.25000000,90226.77000000,2431.28077000,1767873599999,219513289.13294460,769596,1099.49121000,99276538.71882320
1767873600000,2026-01-08 12:00:00,90226.77000000,90847.52000000,89311.00000000,90781.57000000,4384.25882000,1767887999999,394726196.33727550,1287084,2490.76537000,224302294.28398570
1767888000000,2026-01-08 16:00:00,90781.57000000,91469.00000000,90312.89000000,90937.41000000,2656.58930000,1767902399999,241747417.33085300,1003195,1320.54723000,120177406.02452350
1767902400000,2026-01-08 20:00:00,90937.42000000,91493.00000000,90568.11000000,91099.99000000,1758.04393000,1767916799999,160119493.06634980,554498,1011.69949000,92164823.76344780
1767916800000,2026-01-09 00:00:00,91100.00000000,91632.10000000,90850.00000000,91220.23000000,1573.86844000,1767931199999,143539695.13636590,484333,838.80137000,76517374.31982040
1767931200000,2026-01-09 04:00:00,91220.24000000,91236.72000000,90738.34000000,90741.84000000,1493.55612000,1767945599999,135891241.08872490,315027,613.84951000,55873513.22460370
1767945600000,2026-01-09 08:00:00,90741.85000000,90843.77000000,89694.66000000,90463.11000000,2586.72373000,1767959999999,233764925.17116990,583927,1321.22306000,119407610.34235400
1767960000000,2026-01-09 12:00:00,90463.12000000,92082.55000000,89850.00000000,91176.47000000,5694.36060000,1767974399999,517909140.42160240,1412867,3433.66926000,312563519.30596750
1767974400000,2026-01-09 16:00:00,91176.48000000,91783.32000000,90190.00000000,90332.15000000,2962.09045000,1767988799999,269968099.03470660,959731,1476.48920000,134645612.63302800
1767988800000,2026-01-09 20:00:00,90332.14000000,90732.01000000,90113.87000000,90641.28000000,1279.68005000,1768003199999,115834079.33447850,399818,828.40030000,74992109.41176000
1768003200000,2026-01-10 00:00:00,90641.27000000,90782.23000000,90527.99000000,90626.14000000,528.98968000,1768017599999,47953156.10890200,139381,230.85112000,20927200.11173470
1768017600000,2026-01-10 04:00:00,90626.15000000,90682.70000000,90408.23000000,90678.50000000,491.62648000,1768031999999,44519778.66107810,128891,237.49201000,21508982.76117280
1768032000000,2026-01-10 08:00:00,90678.50000000,90832.00000000,90618.28000000,90723.86000000,647.39632000,1768046399999,58733899.42495010,150291,411.61228000,37342627.87919980
1768046400000,2026-01-10 12:00:00,90723.87000000,90788.78000000,90538.46000000,90665.75000000,414.48163000,1768060799999,37576099.82111680,122126,183.45599000,16631580.40527290
1768060800000,2026-01-10 16:00:00,90665.76000000,90746.00000000,90504.55000000,90626.54000000,530.14761000,1768075199999,48045037.46756090,93917,258.02975000,23384743.45946860
1768075200000,2026-01-10 20:00:00,90626.54000000,90659.03000000,90404.00000000,90504.70000000,491.47550000,1768089599999,44493403.99669020,131751,230.53268000,20869624.79273810
1768089600000,2026-01-11 00:00:00,90504.70000000,90737.95000000,90451.10000000,90733.50000000,463.88039000,1768103999999,42051077.89090560,124999,269.94224000,24473752.22536600
1768104000000,2026-01-11 04:00:00,90733.49000000,90850.00000000,90585.34000000,90710.79000000,546.84342000,1768118399999,49620691.89734780,110833,242.95420000,22045838.49489630
1768118400000,2026-01-11 08:00:00,90710.80000000,90816.00000000,90610.27000000,90754.99000000,694.37617000,1768132799999,63005915.23241750,134305,369.67722000,33545318.65357380
1768132800000,2026-01-11 12:00:00,90754.99000000,91191.50000000,90708.25000000,90875.79000000,1144.02813000,1768147199999,104038227.40273650,250909,616.55747000,56076322.59451000
1768147200000,2026-01-11 16:00:00,90875.79000000,91283.89000000,90673.30000000,90690.80000000,961.40735000,1768161599999,87473936.33073430,232990,520.00765000,47323137.21002400
1768161600000,2026-01-11 20:00:00,90690.81000000,91041.79000000,90236.00000000,91013.65000000,1666.60048000,1768175999999,151056015.17780820,427993,849.22290000,76983337.63050150
1768176000000,2026-01-12 00:00:00,91013.66000000,92519.95000000,90700.29000000,91808.12000000,3786.46912000,1768190399999,347253069.64964840,953179,1964.80464000,180190844.66581430
1768190400000,2026-01-12 04:00:00,91808.12000000,92290.81000000,91381.36000000,91408.09000000,1706.23351000,1768204799999,156828888.75691210,373934,879.20773000,80849578.91688630
1768204800000,2026-01-12 08:00:00,91408.09000000,91630.13000000,90370.00000000,90620.96000000,2761.14204000,1768219199999,250751817.46973810,581046,1380.59851000,125360708.79548900
1768219200000,2026-01-12 12:00:00,90620.95000000,91665.00000000,90128.44000000,91665.00000000,2904.06995000,1768233599999,263929473.57370710,877382,1387.55676000,126162362.52161480
1768233600000,2026-01-12 16:00:00,91664.99000000,92332.00000000,91000.53000000,91861.27000000,3629.97324000,1768247999999,333268940.84908250,928463,1799.27487000,165197101.49072530
1768248000000,2026-01-12 20:00:00,91861.27000000,92046.23000000,90938.20000000,91296.20000000,1400.19482000,1768262399999,127932671.97021820,385505,681.10029000,62244203.79019250
1768262400000,2026-01-13 00:00:00,91296.20000000,91546.08000000,91042.66000000,91408.91000000,1312.52459000,1768276799999,119841692.45646120,325189,580.95743000,53055863.61940840
1768276800000,2026-01-13 04:00:00,91408.90000000,92275.38000000,91350.71000000,91942.00000000,2568.59009000,1768291199999,236174198.07685920,445438,1329.38190000,122236330.22747870
1768291200000,2026-01-13 08:00:00,91941.99000000,92672.11000000,91924.27000000,92000.74000000,2545.21662000,1768305599999,234776011.94279410,473767,1433.43980000,132234131.26171150
1768305600000,2026-01-13 12:00:00,92000.73000000,93450.00000000,91787.61000000,93449.99000000,4336.89557000,1768319999999,401086823.40860860,1170196,2291.65453000,212001507.20207720
1768320000000,2026-01-13 16:00:00,93449.99000000,94231.82000000,93078.31000000,94226.84000000,4752.59807000,1768334399999,444758231.02562200,1286109,2573.13381000,240844171.77413000
1768334400000,2026-01-13 20:00:00,94226.85000000,96495.00000000,94062.00000000,95414.00000000,7505.68988000,1768348799999,713133844.20735870,1324372,4196.66309000,398695158.16417710
1768348800000,2026-01-14 00:00:00,95413.99000000,95722.01000000,95116.03000000,95720.99000000,2381.89992000,1768363199999,227239900.72234170,643513,1225.32115000,116917073.81075960
1768363200000,2026-01-14 04:00:00,95720.99000000,95799.22000000,94559.28000000,95205.10000000,2873.63420000,1768377599999,273149042.57660230,575454,1251.58289000,118967916.72341610
1768377600000,2026-01-14 08:00:00,95205.11000000,95315.15000000,94737.95000000,94792.99000000,1756.03488000,1768391999999,166885522.15560410,475107,818.94631000,77838899.48974290
1768392000000,2026-01-14 12:00:00,94793.00000000,97084.68000000,94680.67000000,96764.57000000,6031.62524000,1768406399999,580345459.93146470,1435939,3526.46598000,339514463.38079010
1768406400000,2026-01-14 16:00:00,96764.57000000,97777.00000000,96246.56000000,97267.42000000,6680.63165000,1768420799999,649361297.85525700,1470063,3660.98842000,355886391.82122860
1768420800000,2026-01-14 20:00:00,97267.42000000,97924.49000000,96772.02000000,96951.78000000,3128.06839000,1768435199999,304554598.40734490,746136,1491.68354000,145290717.37136550
1768435200000,2026-01-15 00:00:00,96951.78000000,97000.00000000,95777.00000000,95985.10000000,2821.68199000,1768449599999,272054276.57474340,584806,1256.71167000,121213995.61703450
1768449600000,2026-01-15 04:00:00,95985.11000000,96760.15000000,95952.89000000,96630.48000000,2056.29256000,1768463999999,198178492.14644700,462877,1060.47548000,102184478.43278790
1768464000000,2026-01-15 08:00:00,96630.47000000,97193.34000000,96289.98000000,96581.08000000,2793.34386000,1768478399999,270237014.49266070,512597,1438.33168000,139186412.04425060
1768478400000,2026-01-15 12:00:00,96581.07000000,97165.03000000,95435.91000000,96737.04000000,4818.18164000,1768492799999,463879280.84320280,1230231,2614.74111000,251761758.72578030
1768492800000,2026-01-15 16:00:00,96737.04000000,97163.00000000,95183.13000000,95516.01000000,7868.89039000,1768507199999,758114914.49357150,1239335,3817.65242000,368379967.74423770
1768507200000,2026-01-15 20:00:00,95516.01000000,95871.00000000,95134.48000000,95604.80000000,1367.42325000,1768521599999,130544204.29310820,463249,653.41531000,62376450.54739380
1768521600000,2026-01-16 00:00:00,95604.81000000,95855.12000000,95321.58000000,95354.69000000,1207.14110000,1768535999999,115378279.70065720,362766,547.02685000,52286955.01205020
1768536000000,2026-01-16 04:00:00,95354.69000000,95816.83000000,95133.03000000,95653.16000000,2294.92600000,1768550399999,219083322.78909410,358241,938.43824000,89624047.34746040
1768550400000,2026-01-16 08:00:00,95653.16000000,95871.47000000,95261.43000000,95429.09000000,1614.38797000,1768564799999,154250645.18338600,288509,702.37319000,67143396.00647390
1768564800000,2026-01-16 12:00:00,95429.09000000,95809.08000000,94293.46000000,94585.98000000,3014.13280000,1768579199999,286570081.07358240,926894,1312.36511000,124826003.50738850
1768579200000,2026-01-16 16:00:00,94585.99000000,95215.74000000,94508.00000000,95002.09000000,1854.59442000,1768593599999,175975525.53327340,628508,920.37053000,87331368.06439810
1768593600000,2026-01-16 20:00:00,95002.09000000,95600.00000000,94682.00000000,95550.94000000,1182.53231000,1768607999999,112761553.79725830,406641,634.49560000,60511408.14369680
1768608000000,2026-01-17 00:00:00,95550.94000000,95578.20000000,95200.00000000,95372.95000000,520.98136000,1768622399999,49695618.65792460,153215,217.68083000,20764225.46637320
1768622400000,2026-01-17 04:00:00,95372.94000000,95373.64000000,95041.70000000,95101.67000000,558.53587000,1768636799999,53193870.73716470,148515,260.07345000,24771942.09788950
1768636800000,2026-01-17 08:00:00,95101.67000000,95323.86000000,95021.67000000,95323.86000000,614.83515000,1768651199999,58543264.68391110,157393,362.03530000,34476160.28705750
1768651200000,2026-01-17 12:00:00,95323.85000000,95639.45000000,95198.81000000,95573.64000000,1450.99515000,1768665599999,138504947.12109610,240499,677.04368000,64626415.82542760
1768665600000,2026-01-17 16:00:00,95573.65000000,95576.14000000,95212.25000000,95291.38000000,636.49063000,1768679999999,60710385.02337250,164857,328.24382000,31307554.04062100
1768680000000,2026-01-17 20:00:00,95291.37000000,95412.86000000,95050.00000000,95147.77000000,498.96321000,1768694399999,47513855.44843890,156048,214.77575000,20452778.25360130
1768694400000,2026-01-18 00:00:00,95147.77000000,95250.00000000,94876.33000000,95200.29000000,721.03445000,1768708799999,68534005.37904730,216444,302.53425000,28758607.89365080
1768708800000,2026-01-18 04:00:00,95200.29000000,95260.00000000,95028.27000000,95028.27000000,705.29271000,1768723199999,67090007.56078230,141153,331.19778000,31504725.27160630
1768723200000,2026-01-18 08:00:00,95028.27000000,95295.39000000,95021.44000000,95168.06000000,960.00602000,1768737599999,91353052.43952810,156208,478.64207000,45550019.17486590
1768737600000,2026-01-18 12:00:00,95168.06000000,95376.24000000,94910.00000000,95119.28000000,1177.17902000,1768751999999,111962283.80245630,232386,524.22586000,49854269.93167630
1768752000000,2026-01-18 16:00:00,95119.27000000,95521.71000000,95073.02000000,95380.99000000,921.46243000,1768766399999,87865233.96683370,235135,546.30202000,52098897.75909630
1768766400000,2026-01-18 20:00:00,95380.99000000,95531.12000000,93615.40000000,93673.14000000,2410.20356000,1768780799999,227969160.11906410,507459,924.45406000,87451242.79038370
1768780800000,2026-01-19 00:00:00,93673.14000000,93673.14000000,91910.20000000,92690.09000000,6141.54249000,1768795199999,569182623.91563580,1190855,3108.59500000,288074792.59853220
1768795200000,2026-01-19 04:00:00,92690.08000000,92861.41000000,92385.07000000,92841.62000000,1712.23708000,1768809599999,158602697.54721850,328667,892.42630000,82673277.06748680
1768809600000,2026-01-19 08:00:00,92841.62000000,93368.44000000,92702.56000000,93191.96000000,1908.98628000,1768823999999,177660733.40524200,432648,961.24607000,89456879.81267520
1768824000000,2026-01-19 12:00:00,93191.96000000,93226.44000000,92700.00000000,93068.62000000,1798.82427000,1768838399999,167274782.34353790,493053,773.76130000,71960905.67695850
1768838400000,2026-01-19 16:00:00,93068.62000000,93420.00000000,92930.00000000,93105.85000000,1153.18382000,1768852799999,107439280.65568860,373206,540.62572000,50369330.05731410
1768852800000,2026-01-19 20:00:00,93105.85000000,93342.36000000,92158.48000000,92631.00000000,1580.75353000,1768867199999,146610218.18172420,540637,630.18806000,58445819.68284540
1768867200000,2026-01-20 00:00:00,92630.99000000,92870.00000000,92264.70000000,92434.92000000,1260.14088000,1768881599999,116657929.28948010,496044,600.42484000,55589363.79084180
1768881600000,2026-01-20 04:00:00,92434.93000000,92470.37000000,90771.78000000,91177.98000000,4648.13308000,1768895999999,424720877.63391110,1101555,1961.08373000,179184734.54298930
1768896000000,2026-01-20 08:00:00,91177.99000000,91442.88000000,90693.00000000,91218.99000000,2254.13020000,1768910399999,205329533.23136660,671094,1146.90229000,104484774.50926800
1768910400000,2026-01-20 12:00:00,91218.99000000,91371.11000000,89859.06000000,90684.95000000,5038.30665000,1768924799999,456669956.35714800,1454038,2000.35257000,181427851.44121270
1768924800000,2026-01-20 16:00:00,90684.95000000,90974.49000000,89292.48000000,89725.76000000,4114.75823000,1768939199999,369945918.69349640,1306074,1903.49107000,171202013.03366970
1768939200000,2026-01-20 20:00:00,89725.77000000,89854.20000000,87895.98000000,88427.66000000,4691.85706000,1768953599999,416352453.38877610,1035226,2016.94174000,179047686.82111270
1768953600000,2026-01-21 00:00:00,88427.66000000,89598.80000000,88250.00000000,89432.33000000,2980.55061000,1768967999999,265236836.11426760,649549,1645.84484000,146474157.73287930
1768968000000,2026-01-21 04:00:00,89432.33000000,90120.44000000,89093.28000000,89213.95000000,2049.62852000,1768982399999,183603104.50620170,432630,1080.91948000,96830991.37558750
1768982400000,2026-01-21 08:00:00,89213.96000000,89493.46000000,88700.00000000,88789.99000000,2010.92900000,1768996799999,179332525.52432470,561074,1043.69292000,93112230.56518370
1768996800000,2026-01-21 12:00:00,88789.99000000,90574.00000000,88196.72000000,90288.04000000,4684.20136000,1769011199999,418220303.67461830,1648678,2300.36503000,205526884.47963700
1769011200000,2026-01-21 16:00:00,90288.04000000,90450.00000000,87263.53000000,90355.56000000,6425.20187000,1769025599999,569364367.98918590,2360969,2960.29804000,262523453.35948960
1769025600000,2026-01-21 20:00:00,90355.56000000,90377.00000000,89344.98000000,89454.73000000,2466.99236000,1769039999999,221950977.55110510,766153,1234.09271000,111064033.56942350
1769040000000,2026-01-22 00:00:00,89454.73000000,90359.99000000,89454.72000000,89899.51000000,1561.80923000,1769054399999,140523160.28297430,525248,950.36600000,85512174.85666610
1769054400000,2026-01-22 04:00:00,89899.51000000,90215.79000000,89802.00000000,89818.79000000,1213.67268000,1769068799999,109225185.68313000,329803,604.37523000,54387742.11861700
1769068800000,2026-01-22 08:00:00,89818.79000000,90150.00000000,89760.00000000,89941.26000000,1125.90639000,1769083199999,101314930.11446830,348223,538.93731000,48500990.74078370
1769083200000,2026-01-22 12:00:00,89941.26000000,90340.00000000,88515.37000000,89000.01000000,3512.25665000,1769097599999,313969200.39524850,1168941,1713.87928000,153314393.94626980
1769097600000,2026-01-22 16:00:00,89000.00000000,89924.46000000,88676.95000000,89777.90000000,2304.40726000,1769111999999,205774601.16338220,969034,1248.41930000,111507245.48156030
1769112000000,2026-01-22 20:00:00,89777.89000000,89946.13000000,89140.13000000,89559.67000000,1107.45271000,1769126399999,99103545.71678530,402163,473.57054000,42375943.37889280
1769126400000,2026-01-23 00:00:00,89559.68000000,89979.97000000,89450.48000000,89924.78000000,1144.14106000,1769140799999,102694677.23561540,371194,597.71747000,53652672.94460250
1769140800000,2026-01-23 04:00:00,89924.78000000,90088.94000000,89400.00000000,89549.45000000,1729.71757000,1769155199999,155175753.31906900,560274,840.99198000,75436422.29427970
1769155200000,2026-01-23 08:00:00,89549.45000000,89632.18000000,88860.44000000,89202.48000000,1992.68771000,1769169599999,177711327.21804480,580165,892.73692000,79614078.97236280
1769169600000,2026-01-23 12:00:00,89202.47000000,89865.53000000,88578.36000000,89761.61000000,2836.93325000,1769183999999,253071200.32151040,1075371,1429.44282000,127545357.20910120
1769184000000,2026-01-23 16:00:00,89761.61000000,91224.99000000,89489.00000000,89982.79000000,4430.77605000,1769198399999,400289384.55268430,1410872,2291.02155000,206969234.53951530
1769198400000,2026-01-23 20:00:00,89982.79000000,90156.06000000,89200.68000000,89600.26000000,1784.23355000,1769212799999,159829923.03191910,622031,859.26594000,76986648.17249250
1769212800000,2026-01-24 00:00:00,89600.26000000,89957.39000000,89424.39000000,89770.02000000,760.97660000,1769227199999,68253051.29648220,227811,372.07003000,33376340.76343920
1769227200000,2026-01-24 04:00:00,89770.03000000,89853.38000000,89572.81000000,89620.10000000,954.94709000,1769241599999,85657544.75009300,144923,383.39699000,34388121.43339460
1769241600000,2026-01-24 08:00:00,89620.11000000,89686.43000000,89577.97000000,89595.40000000,513.59579000,1769255999999,46029985.17339660,107093,198.11517000,17755955.30358670
1769256000000,2026-01-24 12:00:00,89595.41000000,89595.41000000,89171.75000000,89275.77000000,1016.91516000,1769270399999,90964710.88900660,193981,437.76826000,39160483.23738170
1769270400000,2026-01-24 16:00:00,89275.77000000,89461.40000000,89162.08000000,89331.36000000,560.08706000,1769284799999,50024095.71473510,152909,247.52670000,22107701.74853930
1769284800000,2026-01-24 20:00:00,89331.36000000,89489.84000000,89215.59000000,89225.34000000,420.04567000,1769299199999,37534758.26816770,133137,197.09224000,17612590.95335220
1769299200000,2026-01-25 00:00:00,89225.34000000,89319.13000000,88838.72000000,88960.35000000,949.82753000,1769313599999,84609577.77839580,215983,343.12143000,30567859.95397140
1769313600000,2026-01-25 04:00:00,88960.36000000,89090.13000000,88635.84000000,88659.99000000,1365.03813000,1769327999999,121300375.62686140,241931,439.67300000,39070162.17450340
1769328000000,2026-01-25 08:00:00,88659.99000000,88760.00000000,88136.00000000,88570.17000000,1276.76207000,1769342399999,112976354.38602530,361476,703.86499000,62285737.61793530
1769342400000,2026-01-25 12:00:00,88570.17000000,88971.89000000,88340.75000000,88446.50000000,1271.25718000,1769356799999,112761097.71506500,370622,614.97033000,54559995.52682580
1769356800000,2026-01-25 16:00:00,88446.51000000,88448.85000000,86194.85000000,86495.16000000,6164.82689000,1769371199999,538608130.75629710,1495854,2624.72668000,229325221.04255690
1769371200000,2026-01-25 20:00:00,86495.17000000,87013.79000000,86074.72000000,86670.36000000,3398.50839000,1769385599999,293978153.57893640,1034312,1542.92014000,133495608.25160260
1769385600000,2026-01-26 00:00:00,86670.36000000,87973.11000000,86509.63000000,87282.05000000,4005.56746000,1769399999999,350123125.12824870,1022875,2382.39342000,208261578.19578520
1769400000000,2026-01-26 04:00:00,87282.04000000,88074.48000000,87244.27000000,88000.64000000,3558.66159000,1769414399999,312484747.25345550,643626,2137.19390000,187613642.06005640
1769414400000,2026-01-26 08:00:00,88000.64000000,88424.45000000,87600.69000000,87855.00000000,1820.37120000,1769428799999,160098631.23450440,461359,818.10097000,71961010.03893700
1769428800000,2026-01-26 12:00:00,87855.01000000,88860.00000000,87325.03000000,87641.41000000,4437.30175000,1769443199999,390623196.41567810,1204757,2110.41193000,185882604.02458230
1769443200000,2026-01-26 16:00:00,87641.41000000,88537.95000000,87035.51000000,88013.19000000,2334.22752000,1769457599999,204958111.60122560,1022910,1164.36908000,102262664.07469040
1769457600000,2026-01-26 20:00:00,88013.19000000,88659.09000000,87542.05000000,88347.08000000,1610.38501000,1769471999999,141847947.35610250,442556,816.47276000,71932892.30093850
1769472000000,2026-01-27 00:00:00,88347.08000000,88898.00000000,88194.82000000,88788.00000000,1649.23753000,1769486399999,146115546.38828700,392884,936.57562000,83023875.17456570
1769486400000,2026-01-27 04:00:00,88787.99000000,89010.00000000,88278.03000000,88320.41000000,1448.31937000,1769500799999,128262293.64502520,326245,657.13587000,58215524.34630190
1769500800000,2026-01-27 08:00:00,88320.41000000,88397.85000000,87743.52000000,87992.74000000,1462.63908000,1769515199999,128741689.57729670,339090,646.88291000,56945644.21104090
1769515200000,2026-01-27 12:00:00,87992.74000000,88474.23000000,87578.67000000,88047.46000000,2499.94350000,1769529599999,219898114.52575760,876100,1315.14872000,115706862.21327450
1769529600000,2026-01-27 16:00:00,88047.46000000,88819.89000000,87304.33000000,88408.77000000,3647.91175000,1769543999999,321389992.07094540,1229055,1817.81283000,160147981.31794160
1769544000000,2026-01-27 20:00:00,88408.78000000,89523.16000000,88373.49000000,89250.00000000,2417.35302000,1769558399999,215619217.38219130,623962,1349.31342000,120348708.79415510
1769558400000,2026-01-28 00:00:00,89249.99000000,89497.96000000,88985.00000000,89126.67000000,1094.38637000,1769572799999,97673536.05690120,373642,482.22464000,43041195.84364040
1769572800000,2026-01-28 04:00:00,89126.68000000,89400.00000000,88840.00000000,89134.35000000,1349.92307000,1769587199999,120297987.14177550,343691,547.27575000,48769141.67516540
1769587200000,2026-01-28 08:00:00,89134.35000000,90156.72000000,88833.65000000,90080.00000000,2787.07391000,1769601599999,249307731.53139050,601247,1422.25483000,127283403.81735490
1769601600000,2026-01-28 12:00:00,90079.99000000,90488.00000000,88904.61000000,89479.66000000,4428.88675000,1769615999999,398176089.57228930,1243012,2237.28195000,201232453.33442420
1769616000000,2026-01-28 16:00:00,89479.66000000,90600.00000000,89006.36000000,89402.58000000,3310.08413000,1769630399999,296806111.90544220,1241762,1684.40271000,151069328.36573740
1769630400000,2026-01-28 20:00:00,89402.57000000,89896.00000000,88878.01000000,89299.99000000,1361.83079000,1769644799999,121658384.64367310,582437,642.00348000,57365508.27881410
1769644800000,2026-01-29 00:00:00,89300.00000000,89348.00000000,87704.00000000,88053.71000000,2923.10988000,1769659199999,258458116.20632930,841576,1265.14022000,111789663.45702830
1769659200000,2026-01-29 04:00:00,88053.71000000,88430.05000000,87901.23000000,88352.97000000,1476.91111000,1769673599999,130352487.21880470,319940,769.39960000,67900799.28976150
1769673600000,2026-01-29 08:00:00,88352.96000000,88500.00000000,87750.01000000,87846.50000000,2299.04104000,1769687999999,202350368.07481390,375181,1033.51180000,90964490.20371800
1769688000000,2026-01-29 12:00:00,87846.50000000,88182.29000000,84366.56000000,84934.02000000,10107.55386000,1769702399999,868554873.98652340,1467093,3345.13039000,287773596.21098160
1769702400000,2026-01-29 16:00:00,84934.02000000,85638.30000000,83383.33000000,84012.11000000,10787.89043000,1769716799999,911383998.68714140,1943012,4527.35077000,382622011.87820960
1769716800000,2026-01-29 20:00:00,84012.11000000,84737.69000000,83824.90000000,84650.16000000,2836.87569000,1769731199999,239281743.73639080,651947,1445.05628000,121869823.03631980
1769731200000,2026-01-30 00:00:00,84650.16000000,84735.75000000,81118.00000000,82676.43000000,12245.12313000,1769745599999,1009027615.83698800,1870415,4840.32648000,398496855.09509330
1769745600000,2026-01-30 04:00:00,82676.42000000,83332.20000000,82056.08000000,82816.98000000,4789.41822000,1769759999999,396711858.04601450,878254,2502.16811000,207253463.74492520
1769760000000,2026-01-30 08:00:00,82816.98000000,83314.85000000,82160.00000000,83151.36000000,3255.07609000,1769774399999,269004440.06885260,887515,1920.21556000,158729858.90282110
1769774400000,2026-01-30 12:00:00,83151.36000000,83797.99000000,82382.01000000,82883.94000000,4751.88055000,1769788799999,394682897.05294720,1726639,2488.92866000,206772102.52949120
1769788800000,2026-01-30 16:00:00,82882.84000000,84621.16000000,81871.37000000,84242.99000000,6116.25601000,1769803199999,509866885.26132380,2472068,2963.00775000,247192789.01918590
1769803200000,2026-01-30 20:00:00,84243.00000000,84523.11000000,83539.20000000,84260.49000000,4038.09393000,1769817599999,339330370.21570590,1163938,2034.95128000,171041715.81516430
1769817600000,2026-01-31 00:00:00,84260.50000000,84270.02000000,83815.02000000,84022.69000000,1727.33956000,1769831999999,145238921.81620550,389593,864.33517000,72675491.70756590
1769832000000,2026-01-31 04:00:00,84022.70000000,84146.22000000,83404.67000000,83546.81000000,1349.94572000,1769846399999,113129394.90341430,330990,602.49503000,50497936.65874460
1769846400000,2026-01-31 08:00:00,83546.82000000,83629.08000000,82560.75000000,83020.00000000,2408.78889000,1769860799999,200082196.53669670,720307,1113.05261000,92464381.68513910
1769860800000,2026-01-31 12:00:00,83020.00000000,83140.00000000,80825.76000000,81302.15000000,6811.82932000,1769875199999,556391001.78880560,1469375,2903.41483000,237196778.20771160
1769875200000,2026-01-31 16:00:00,81302.16000000,82200.00000000,75719.90000000,77750.01000000,22029.61555000,1769889599999,1737008005.19526490,3049577,9595.93320000,757298977.78333110
1769889600000,2026-01-31 20:00:00,77750.01000000,79240.00000000,77092.34000000,78741.09000000,5164.37229000,1769903999999,403414573.38265710,1425134,2880.38274000,224986679.94020420
1769904000000,2026-02-01 00:00:00,78741.10000000,79424.00000000,78284.00000000,78868.28000000,4258.38184000,1769918399999,335705316.01504680,1297030,2065.41259000,162898631.62363060
1769918400000,2026-02-01 04:00:00,78868.29000000,79119.30000000,77967.69000000,78343.00000000,2563.15420000,1769932799999,201446289.00758070,844039,1254.12936000,98610437.51221780
1769932800000,2026-02-01 08:00:00,78343.00000000,79220.72000000,78148.10000000,78743.56000000,2450.30839000,1769947199999,192733533.18964870,944371,1212.80072000,95427566.48983110
1769947200000,2026-02-01 12:00:00,78743.57000000,78768.68000000,76761.98000000,77593.40000000,4807.63006000,1769961599999,373985194.71106240,1690995,2159.90848000,168090857.97029110
1769961600000,2026-02-01 16:00:00,77593.40000000,78443.10000000,77000.01000000,77174.78000000,2883.53084000,1769975999999,223871713.26383580,1408260,1307.20006000,101506042.20556220
1769976000000,2026-02-01 20:00:00,77174.77000000,77779.63000000,75700.00000000,76968.21000000,8432.47635000,1769990399999,647178510.86021220,1817211,4032.29271000,309562206.93868440
1769990400000,2026-02-02 00:00:00,76968.22000000,78231.26000000,74604.00000000,76292.98000000,11449.76567000,1770004799999,871702405.18971130,2645338,5536.78517000,422148110.93692730
1770004800000,2026-02-02 04:00:00,76292.98000000,76958.00000000,74911.14000000,76660.79000000,9568.39849000,1770019199999,726240942.86917340,2202613,4537.66191000,344649132.55058240
1770019200000,2026-02-02 08:00:00,76660.78000000,77970.62000000,76628.28000000,77759.99000000,5651.50758000,1770033599999,437537180.67942400,1357946,3295.30169000,255230255.01684100
1770033600000,2026-02-02 12:00:00,77760.00000000,79360.00000000,77564.62000000,78850.06000000,7522.81805000,1770047999999,589203781.78035520,2019514,3998.05226000,313213630.97721950
1770048000000,2026-02-02 16:00:00,78850.06000000,79288.28000000,78283.27000000,78341.50000000,5462.07718000,1770062399999,430453810.75669430,1196930,2814.11429000,221806460.07808080
1770062400000,2026-02-02 20:00:00,78341.50000000,78962.78000000,77888.00000000,78738.61000000,2619.02319000,1770076799999,205614323.18597140,663237,1298.53583000,101929851.66378940
1770076800000,2026-02-03 00:00:00,78738.60000000,79186.81000000,77644.09000000,78753.32000000,4012.52848000,1770091199999,315222030.44065130,1184338,1939.13530000,152363997.66092770
1770091200000,2026-02-03 04:00:00,78753.32000000,78999.99000000,77950.00000000,78794.67000000,2886.84787000,1770105599999,226835689.17365360,861943,1420.26817000,111585624.37676560
1770105600000,2026-02-03 08:00:00,78794.67000000,79084.29000000,77950.00000000,78079.50000000,2794.97467000,1770119999999,219219491.22448650,951934,1362.64236000,106901855.55363640
1770120000000,2026-02-03 12:00:00,78079.50000000,78458.89000000,77055.54000000,78132.33000000,5543.61818000,1770134399999,431840559.06025940,1788491,2699.55827000,210316986.60887780
1770134400000,2026-02-03 16:00:00,78132.34000000,78134.53000000,72945.50000000,74935.00000000,18839.63770000,1770148799999,1410579491.75847750,3077800,7559.19028000,566363553.89784670
1770148800000,2026-02-03 20:00:00,74935.00000000,76960.00000000,74586.54000000,75770.21000000,5042.50199000,1770163199999,383205746.91726360,1334939,2324.08815000,176587378.33798540
1770163200000,2026-02-04 00:00:00,75770.21000000,76971.52000000,75467.22000000,76698.17000000,3573.68321000,1770177599999,272738590.76765440,1118157,1575.94420000,120252372.25793200
1770177600000,2026-02-04 04:00:00,76698.17000000,76830.69000000,76105.30000000,76514.30000000,2837.05050000,1770191999999,217015006.32297540,705472,1205.85593000,92237564.22963320
1770192000000,2026-02-04 08:00:00,76514.30000000,76607.69000000,75666.00000000,76017.25000000,2912.66082000,1770206399999,221824460.47271630,905165,1306.24429000,99505779.32537740
1770206400000,2026-02-04 12:00:00,76017.25000000,76260.85000000,73794.11000000,74136.36000000,8952.94529000,1770220799999,671748276.96584810,2606399,4198.84141000,314944437.27886580
1770220800000,2026-02-04 16:00:00,74136.48000000,74249.83000000,72169.00000000,73923.29000000,13944.22381000,1770235199999,1020412779.47087720,3621129,6330.58783000,463789245.74738950
1770235200000,2026-02-04 20:00:00,73923.30000000,74144.00000000,71888.00000000,73165.83000000,6154.79637000,1770249599999,449095517.53907500,1767680,2656.88203000,193935369.98987460
1770249600000,2026-02-05 00:00:00,73165.84000000,73341.18000000,71152.78000000,71223.25000000,8356.43633000,1770263999999,602690598.16435880,2690802,3967.87661000,286315717.83344530
1770264000000,2026-02-05 04:00:00,71223.25000000,71622.82000000,70140.00000000,70756.85000000,13229.00492000,1770278399999,937889720.23885730,2073704,5786.38006000,410417271.92774280
1770278400000,2026-02-05 08:00:00,70756.86000000,71978.58000000,69922.00000000,70318.35000000,9382.74194000,1770292799999,665219725.67406670,1454638,4586.93432000,325376481.21197430
1770292800000,2026-02-05 12:00:00,70318.35000000,70872.04000000,66720.15000000,67489.07000000,25214.85527000,1770307199999,1731421994.69076750,2967018,11931.49536000,819121001.16433840
1770307200000,2026-02-05 16:00:00,67489.08000000,68681.81000000,65200.00000000,65265.65000000,21297.23210000,1770321599999,1421929542.34385810,2924988,10284.77991000,687340054.48333890
1770321600000,2026-02-05 20:00:00,65265.66000000,65700.00000000,62345.00000000,62909.86000000,28818.55843000,1770335999999,1839594013.16878520,3252860,12485.18380000,797178976.41239990
1770336000000,2026-02-06 00:00:00,62909.87000000,66010.00000000,60000.00000000,64168.33000000,28980.40325000,1770350399999,1825125065.71506430,3736413,14232.10519000,897413525.31493260
1770350400000,2026-02-06 04:00:00,64168.33000000,66826.50000000,63914.62000000,64856.00000000,13204.36329000,1770364799999,862429162.55450200,1922335,7149.11777000,467047863.35521970
1770364800000,2026-02-06 08:00:00,64856.00000000,66755.13000000,64500.00000000,66631.32000000,9652.84585000,1770379199999,633520566.31463950,1492849,5410.40150000,355108944.23057080
1770379200000,2026-02-06 12:00:00,66631.32000000,69192.00000000,66114.49000000,68626.00000000,17606.82465000,1770393599999,1191688651.38544240,2999294,9539.46756000,646341769.31887160
1770393600000,2026-02-06 16:00:00,68625.99000000,71500.00000000,68428.19000000,70731.46000000,17283.69927000,1770407999999,1210438927.93064340,2002331,10176.00021000,712371307.26447300
1770408000000,2026-02-06 20:00:00,70731.45000000,71751.33000000,69837.35000000,70580.26000000,5811.07900000,1770422399999,410854296.71121380,1075306,2970.41975000,210142739.79662050
1770422400000,2026-02-07 00:00:00,70580.26000000,70928.75000000,69718.00000000,70918.99000000,4687.77364000,1770436799999,329436668.63842840,1139290,2309.40822000,162372757.50025390
1770436800000,2026-02-07 04:00:00,70918.99000000,71690.07000000,67300.00000000,68087.14000000,13271.32166000,1770451199999,918746524.71672460,1870659,5369.70353000,372132900.00486240
1770451200000,2026-02-07 08:00:00,68087.13000000,68790.00000000,67582.48000000,67972.65000000,8689.01558000,1770465599999,592443428.25974890,1141821,2923.69195000,199369283.17869930
1770465600000,2026-02-07 12:00:00,67972.65000000,69999.99000000,67901.89000000,69151.50000000,9290.84055000,1770479999999,641961528.78832010,1571055,4007.21272000,276938921.37270600
1770480000000,2026-02-07 16:00:00,69151.50000000,69898.00000000,68531.50000000,69373.61000000,6393.31777000,1770494399999,442987187.82498190,1052092,3131.45705000,217069168.19493180
1770494400000,2026-02-07 20:00:00,69373.61000000,69728.83000000,68787.34000000,69289.38000000,1923.21116000,1770508799999,133408540.84094850,392510,1024.74886000,71106793.17798750
1770508800000,2026-02-08 00:00:00,69289.37000000,69696.57000000,68888.00000000,69099.99000000,2026.40929000,1770523199999,140326686.76087560,636690,983.58164000,68108549.84292240
1770523200000,2026-02-08 04:00:00,69100.00000000,69719.07000000,68952.01000000,69710.69000000,2878.17149000,1770537599999,199578554.51011200,480034,1871.12375000,129774214.32901120
1770537600000,2026-02-08 08:00:00,69710.69000000,71220.00000000,69514.15000000,70999.98000000,5309.31519000,1770551999999,373686854.81413820,1139417,2958.35735000,208236551.22879570
1770552000000,2026-02-08 12:00:00,70999.99000000,71554.95000000,70707.39000000,71188.99000000,3659.21760000,1770566399999,260509753.90712400,916243,2016.87195000,143617751.67444970
1770566400000,2026-02-08 16:00:00,71188.99000000,71538.05000000,70251.33000000,71422.97000000,2720.17356000,1770580799999,193021003.05872660,799162,1352.82949000,96047086.44853390
1770580800000,2026-02-08 20:00:00,71422.96000000,72271.41000000,70000.00000000,70330.38000000,4827.24455000,1770595199999,342880905.60186570,898903,2252.98820000,160114713.75810680
1770595200000,2026-02-09 00:00:00,70330.38000000,71453.53000000,70068.18000000,71307.56000000,4021.31441000,1770609599999,284095679.05747780,1221357,2137.30742000,151055058.23632160
1770609600000,2026-02-09 04:00:00,71307.56000000,71359.37000000,70311.70000000,70422.59000000,2930.60540000,1770623999999,207409154.60268330,751991,1236.39267000,87517663.33883050
1770624000000,2026-02-09 08:00:00,70422.59000000,70608.83000000,68420.58000000,68928.72000000,6108.89766000,1770638399999,423568798.59620260,1323380,2792.51020000,193682860.78415420
1770638400000,2026-02-09 12:00:00,68928.71000000,69884.82000000,68308.00000000,69563.37000000,6863.78788000,1770652799999,474511739.61334220,1602329,3498.21346000,241875877.91310470
1770652800000,2026-02-09 16:00:00,69563.37000000,71075.31000000,69100.00000000,70957.01000000,6239.20348000,1770667199999,438773832.19924390,1176709,3086.36297000,217073589.17371620
1770667200000,2026-02-09 20:00:00,70957.01000000,71126.00000000,69823.52000000,70138.00000000,2988.91959000,1770681599999,210600335.35202780,569003,1103.84814000,77796567.23684560
1770681600000,2026-02-10 00:00:00,70138.00000000,70527.59000000,69208.61000000,69511.83000000,2469.62773000,1770695999999,172704357.78009350,649051,1084.98910000,75919691.24522940
1770696000000,2026-02-10 04:00:00,69511.83000000,69906.50000000,68682.00000000,68919.66000000,3133.48778000,1770710399999,216937941.25964580,646201,1294.20646000,89580149.59298700
1770710400000,2026-02-10 08:00:00,68919.66000000,69417.70000000,68459.89000000,68535.01000000,3589.46371000,1770724799999,247678394.22295000,564768,1503.56806000,103751437.81700270
1770724800000,2026-02-10 12:00:00,68535.02000000,69591.20000000,67800.00000000,69293.37000000,5843.11364000,1770739199999,402003350.45726210,1327368,3051.97985000,210084853.35999080
1770739200000,2026-02-10 16:00:00,69293.37000000,69993.65000000,68604.63000000,69062.01000000,3997.49855000,1770753599999,277163373.07960550,1017925,1746.33684000,121183083.17808710
1770753600000,2026-02-10 20:00:00,69062.00000000,69136.91000000,68362.00000000,68841.29000000,1340.57931000,1770767999999,92136206.56036840,353345,556.13025000,38220735.06022850
1770768000000,2026-02-11 00:00:00,68841.28000000,69292.88000000,68011.11000000,68187.99000000,1918.23444000,1770782399999,131863432.15003220,608169,885.02244000,60847249.63644810
1770782400000,2026-02-11 04:00:00,68188.00000000,68325.00000000,66557.99000000,67032.72000000,5175.02607000,1770796799999,348037184.18065550,1092642,2482.99742000,166884369.20461570
1770796800000,2026-02-11 08:00:00,67032.71000000,67134.42000000,66369.49000000,67053.03000000,3914.08731000,1770811199999,261553860.04734320,835269,1711.65660000,114439100.03347600
1770811200000,2026-02-11 12:00:00,67053.03000000,68834.34000000,65756.00000000,66519.73000000,9148.58414000,1770825599999,613687854.30771330,2193292,4762.16114000,319545755.49453550
1770825600000,2026-02-11 16:00:00,66519.72000000,67860.44000000,65876.00000000,67586.67000000,5004.87150000,1770839999999,334532505.58570090,1424330,2613.55240000,174800761.76276150
1770840000000,2026-02-11 20:00:00,67586.66000000,68369.77000000,66787.70000000,67082.52000000,3557.44256000,1770854399999,240839111.27266950,802875,1880.11997000,127386512.13765050
1770854400000,2026-02-12 00:00:00,67082.52000000,68047.48000000,67055.53000000,67580.99000000,2100.97039000,1770868799999,141942869.01330560,770076,965.91966000,65263272.24195290
1770868800000,2026-02-12 04:00:00,67581.00000000,67682.69000000,66670.45000000,67217.72000000,2710.60187000,1770883199999,182063344.23494780,823443,1514.06605000,101702347.72978780
1770883200000,2026-02-12 08:00:00,67217.71000000,68299.00000000,66891.60000000,68076.01000000,3668.05630000,1770897599999,248201740.51730600,859926,1966.94625000,133225643.75896690
1770897600000,2026-02-12 12:00:00,68076.01000000,68410.52000000,67014.98000000,67134.74000000,4824.24216000,1770911999999,326864449.87370720,1510255,2420.26969000,164016992.03481770
1770912000000,2026-02-12 16:00:00,67134.74000000,67232.04000000,65118.00000000,65788.36000000,7933.48282000,1770926399999,523134993.57621970,2047495,3801.36299000,250781749.27726620
1770926400000,2026-02-12 20:00:00,65788.36000000,66488.90000000,65215.06000000,66272.17000000,3034.38929000,1770940799999,199954748.11872030,767085,1433.16047000,94428847.03057020
1770940800000,2026-02-13 00:00:00,66272.17000000,66814.00000000,65872.46000000,66553.08000000,2583.39216000,1770955199999,171471784.54951400,829333,1354.36413000,89903437.69236380
1770955200000,2026-02-13 04:00:00,66553.09000000,66671.62000000,66002.98000000,66208.96000000,2428.41994000,1770969599999,161035736.48433360,649466,1029.61164000,68280971.89297790
1770969600000,2026-02-13 08:00:00,66208.96000000,67226.66000000,66191.52000000,67171.42000000,2201.58479000,1770983999999,147042475.89495000,844614,1182.92177000,79046115.59581850
1770984000000,2026-02-13 12:00:00,67171.41000000,69309.80000000,66867.47000000,68692.12000000,6886.55091000,1770998399999,467661512.21446190,2270933,3561.54992000,241951493.47232850
1770998400000,2026-02-13 16:00:00,68692.12000000,69482.97000000,68540.83000000,68938.91000000,4320.62247000,1771012799999,298437083.28874910,1374173,2446.15115000,168987478.89211620
1771012800000,2026-02-13 20:00:00,68938.91000000,69079.40000000,68683.32000000,68853.96000000,1823.97928000,1771027199999,125637429.89804620,482323,850.65026000,58597043.07124920
1771027200000,2026-02-14 00:00:00,68853.97000000,69137.50000000,68768.56000000,68981.99000000,1291.93003000,1771041599999,89092971.39829670,360289,690.68122000,47628970.21407510
1771041600000,2026-02-14 04:00:00,68982.00000000,69343.00000000,68730.13000000,69219.26000000,2188.37379000,1771055999999,150914517.37260290,334307,1253.14057000,86422772.06482600
1771056000000,2026-02-14 08:00:00,69219.27000000,70560.01000000,69218.71000000,70505.74000000,3530.97709000,1771070399999,246699739.22948980,836795,2057.44152000,143754217.31740140
1771070400000,2026-02-14 12:00:00,70505.74000000,70533.67000000,69064.60000000,69778.28000000,7103.62124000,1771084799999,494341009.80890300,1145173,2136.46543000,148822646.72484230
1771084800000,2026-02-14 16:00:00,69778.28000000,69930.90000000,69283.02000000,69873.99000000,2295.28058000,1771099199999,159968386.17114960,694171,856.29575000,59693108.28674220
1771099200000,2026-02-14 20:00:00,69873.99000000,70250.46000000,69668.05000000,69822.95000000,1704.60120000,1771113599999,119242690.37958440,432428,863.90974000,60434358.65705420
1771113600000,2026-02-15 00:00:00,69822.94000000,69990.02000000,69251.50000000,69954.50000000,1764.94129000,1771127999999,122855046.97132380,539563,799.25847000,55645742.87767660
1771128000000,2026-02-15 04:00:00,69954.50000000,70926.42000000,69459.35000000,70828.42000000,4747.14422000,1771142399999,333948500.11189410,800367,2325.85621000,163842103.01407340
1771142400000,2026-02-15 08:00:00,70828.43000000,70983.00000000,70182.31000000,70295.22000000,2073.25418000,1771156799999,146147024.82140230,674620,972.77183000,68611971.98137900
1771156800000,2026-02-15 12:00:00,70295.22000000,70418.48000000,68772.20000000,69099.99000000,3852.56524000,1771171199999,267188458.52680400,1086479,1431.16445000,99197075.50205180
1771171200000,2026-02-15 16:00:00,69100.00000000,69100.00000000,68000.00000000,68286.63000000,8139.52235000,1771185599999,557355357.84913150,996629,2467.41339000,169022005.83218950
1771185600000,2026-02-15 20:00:00,68286.64000000,69078.49000000,68120.00000000,68832.58000000,1712.62480000,1771199999999,117600183.85625880,500975,865.12827000,59414199.91352930
1771200000000,2026-02-16 00:00:00,68832.59000000,69065.50000000,68143.22000000,68424.82000000,1757.09824000,1771214399999,120437657.08292310,596677,695.41420000,47692177.99768920
1771214400000,2026-02-16 04:00:00,68424.82000000,68900.00000000,68228.76000000,68587.90000000,1421.86090000,1771228799999,97488651.32288720,413367,752.52501000,51598474.95791740
1771228800000,2026-02-16 08:00:00,68587.89000000,69060.77000000,68338.90000000,68812.83000000,1609.09509000,1771243199999,110671876.46980250,492579,902.47134000,62074761.43828640
1771243200000,2026-02-16 12:00:00,68812.84000000,70126.67000000,67294.11000000,67539.52000000,6563.57157000,1771257599999,450264428.91539640,2149894,3553.96271000,244133394.27376600
1771257600000,2026-02-16 16:00:00,67539.53000000,68245.34000000,67513.94000000,67913.43000000,2266.56859000,1771271999999,153859865.37382790,891023,1169.39289000,79412338.83710660
1771272000000,2026-02-16 20:00:00,67913.44000000,68978.88000000,67827.11000000,68892.43000000,1897.57095000,1771286399999,130075439.08876000,690309,1079.66525000,73998044.26272620
1771286400000,2026-02-17 00:00:00,68892.43000000,69241.50000000,68387.20000000,68474.90000000,1970.09630000,1771300799999,135593412.03758820,749614,945.53808000,65096411.70451680
1771300800000,2026-02-17 04:00:00,68474.90000000,68707.49000000,67892.00000000,68388.12000000,1507.90265000,1771315199999,103003352.46391450,610719,657.85358000,44944682.81254990
1771315200000,2026-02-17 08:00:00,68388.12000000,68479.17000000,67690.00000000,67854.60000000,1702.22977000,1771329599999,115739259.12991350,621344,774.02098000,52638020.52961080
1771329600000,2026-02-17 12:00:00,67854.60000000,68360.50000000,66621.06000000,67392.05000000,5962.49538000,1771343999999,401928066.26431070,1881416,2519.16507000,169890168.16406130
1771344000000,2026-02-17 16:00:00,67392.06000000,68235.39000000,66881.08000000,67793.32000000,4203.96684000,1771358399999,284459179.70634120,1610220,2114.80895000,143206773.59005600
1771358400000,2026-02-17 20:00:00,67793.32000000,67928.08000000,67394.00000000,67503.52000000,1142.37827000,1771372799999,77264381.69274390,521540,527.06441000,35650134.09244550
1771372800000,2026-02-18 00:00:00,67503.52000000,67705.65000000,66892.03000000,67629.11000000,1226.88759000,1771387199999,82553427.77735500,495054,596.80667000,40155701.17144080
1771387200000,2026-02-18 04:00:00,67629.10000000,68219.81000000,67500.10000000,68106.44000000,1433.81961000,1771401599999,97273973.55809480,411382,836.35408000,56746693.36867540
1771401600000,2026-02-18 08:00:00,68106.44000000,68476.22000000,67076.90000000,67369.75000000,1922.15458000,1771415999999,130457995.82371130,603108,947.78850000,64304462.52550190
1771416000000,2026-02-18 12:00:00,67369.75000000,68347.72000000,66717.30000000,67694.01000000,4330.13695000,1771430399999,292091020.65793290,1181648,2268.98023000,153067659.65328850
1771430400000,2026-02-18 16:00:00,67694.01000000,67706.94000000,65870.00000000,66177.14000000,4311.92393000,1771444799999,287693234.23302000,1306330,2070.01465000,138229708.91519030
1771444800000,2026-02-18 20:00:00,66177.15000000,66550.00000000,66053.60000000,66461.00000000,2267.51573000,1771459199999,150423872.60200960,551475,1175.11294000,77953952.50446800
1771459200000,2026-02-19 00:00:00,66461.00000000,66997.07000000,66345.00000000,66980.91000000,1337.23292000,1771473599999,89215477.42472360,411220,729.52396000,48663843.91684770
1771473600000,2026-02-19 04:00:00,66980.91000000,67320.00000000,66679.76000000,67206.45000000,1593.15988000,1771487999999,106782407.80130980,440550,793.22494000,53175928.24421170
1771488000000,2026-02-19 08:00:00,67206.45000000,67206.45000000,66478.02000000,66496.02000000,1879.33579000,1771502399999,125701951.64138130,566297,764.42525000,51129024.30475420
1771502400000,2026-02-19 12:00:00,66496.03000000,66755.39000000,65631.83000000,66398.00000000,4451.59374000,1771516799999,294777171.25897810,1509439,2222.34398000,147180104.63437220
1771516800000,2026-02-19 16:00:00,66398.01000000,67198.10000000,65899.25000000,67050.00000000,3411.99791000,1771531199999,227326562.88912690,1229638,1756.27185000,117026346.05337480
1771531200000,2026-02-19 20:00:00,67050.00000000,67168.86000000,66652.34000000,67003.73000000,1868.94964000,1771545599999,125060001.76663290,522207,840.91743000,56280975.91854650
1771545600000,2026-02-20 00:00:00,67003.73000000,67488.67000000,66949.41000000,67366.25000000,1472.92111000,1771559999999,99110593.96340020,459722,766.04578000,51547028.30960200
1771560000000,2026-02-20 04:00:00,67366.25000000,68006.00000000,67115.38000000,67825.91000000,2411.47830000,1771574399999,163260352.82932990,489308,1263.08346000,85538218.47207630
1771574400000,2026-02-20 08:00:00,67825.91000000,68318.39000000,67280.60000000,67318.41000000,3414.63472000,1771588799999,231878790.41032480,541347,1470.41187000,99927469.40115920
1771588800000,2026-02-20 12:00:00,67318.41000000,68083.98000000,66280.20000000,67582.95000000,16088.45139000,1771603199999,1076569222.85118750,1705792,6024.68060000,403783916.04764750
1771603200000,2026-02-20 16:00:00,67582.95000000,68000.00000000,66952.11000000,67646.03000000,9574.14680000,1771617599999,645056109.16301220,1395777,3922.37620000,264654733.10474490
1771617600000,2026-02-20 20:00:00,67646.03000000,68233.99000000,67520.30000000,68020.01000000,2390.23859000,1771631999999,162204081.35059270,452966,1554.86243000,105518677.81001140
1771632000000,2026-02-21 00:00:00,68020.00000000,68099.54000000,67534.69000000,67667.77000000,1582.09541000,1771646399999,107364098.12905070,262118,813.21099000,55197261.13037530
1771646400000,2026-02-21 04:00:00,67667.77000000,67924.39000000,67593.99000000,67856.01000000,716.23217000,1771660799999,48558986.67610040,166977,365.61104000,24785950.21492470
1771660800000,2026-02-21 08:00:00,67856.01000000,68314.54000000,67807.30000000,68092.45000000,1384.49772000,1771675199999,94339705.72475320,248922,735.48392000,50122172.05071590
1771675200000,2026-02-21 12:00:00,68092.45000000,68698.70000000,67915.00000000,68615.00000000,1818.30536000,1771689599999,124341927.99554160,345267,944.07299000,64573284.10879380
1771689600000,2026-02-21 16:00:00,68615.01000000,68658.50000000,68101.78000000,68543.51000000,1410.16439000,1771703999999,96460314.95431230,296404,679.45506000,46469407.04998190
1771704000000,2026-02-21 20:00:00,68543.51000000,68605.63000000,67900.00000000,67975.93000000,1121.54626000,1771718399999,76527045.36744070,273851,465.62806000,31771618.12248840
1771718400000,2026-02-22 00:00:00,67975.93000000,68222.16000000,67809.78000000,68041.43000000,1114.48202000,1771732799999,75773591.36485030,294020,550.52250000,37435992.21079950
1771732800000,2026-02-22 04:00:00,68041.42000000,68178.79000000,67881.81000000,68005.30000000,923.79200000,1771747199999,62843242.09253010,234831,398.28765000,27095532.42506160
1771747200000,2026-02-22 08:00:00,68005.30000000,68245.00000000,67912.02000000,68219.97000000,733.14137000,1771761599999,49907325.46136900,206443,321.22134000,21872463.13148130
1771761600000,2026-02-22 12:00:00,68219.97000000,68232.40000000,67303.50000000,67684.14000000,2531.23331000,1771775999999,171259766.20740060,650400,1045.81290000,70755409.14183540
1771776000000,2026-02-22 16:00:00,67684.15000000,67718.13000000,67190.00000000,67428.32000000,1575.66204000,1771790399999,106232820.25579240,386156,840.19008000,56653370.79245280
1771790400000,2026-02-22 20:00:00,67428.32000000,67751.44000000,67350.00000000,67643.40000000,1296.82410000,1771804799999,87596590.19547120,389050,818.25840000,55268325.90930770
1771804800000,2026-02-23 00:00:00,67643.39000000,67684.86000000,64290.71000000,64934.17000000,11022.66500000,1771819199999,719316556.62206750,2248116,5722.33327000,373353721.11510900
1771819200000,2026-02-23 04:00:00,64934.18000000,66015.22000000,64685.64000000,65958.94000000,4119.82727000,1771833599999,269087200.27357270,787883,2247.84272000,146877209.14172080
1771833600000,2026-02-23 08:00:00,65958.94000000,66600.00000000,65565.78000000,66207.23000000,3194.00092000,1771847999999,211089133.57428790,794545,1374.15421000,90806359.63322600
1771848000000,2026-02-23 12:00:00,66207.23000000,66511.51000000,65529.73000000,65660.10000000,3796.34009000,1771862399999,250678780.50669950,1475063,1789.71293000,118155901.77018930
1771862400000,2026-02-23 16:00:00,65660.10000000,65724.28000000,64048.71000000,64295.10000000,7179.94577000,1771876799999,465035277.95382960,1988988,3293.74106000,213497950.46326710
1771876800000,2026-02-23 20:00:00,64295.11000000,65035.98000000,63888.79000000,64656.02000000,3763.13018000,1771891199999,242951707.19105940,974100,1960.85439000,126637717.93545030
1771891200000,2026-02-24 00:00:00,64656.01000000,65026.75000000,63342.90000000,63595.51000000,4752.76382000,1771905599999,304582065.38072600,1747526,2171.69411000,139248890.00776990
1771905600000,2026-02-24 04:00:00,63595.51000000,63628.52000000,62700.80000000,63192.96000000,4939.88980000,1771919999999,311930854.85339440,1370317,2267.86906000,143225584.35158040
1771920000000,2026-02-24 08:00:00,63192.79000000,63444.66000000,62908.92000000,63227.10000000,2234.59315000,1771934399999,141250227.98406600,720838,1133.30537000,71641484.59666670
1771934400000,2026-02-24 12:00:00,63227.11000000,64031.76000000,62510.28000000,63973.97000000,5539.65443000,1771948799999,349781798.66521920,1720495,2851.12168000,179979830.09110380
1771948800000,2026-02-24 16:00:00,63973.98000000,64743.11000000,63689.54000000,64435.03000000,3972.72259000,1771963199999,255228016.88386350,1388406,1992.03667000,127999107.78366710
1771963200000,2026-02-24 20:00:00,64435.03000000,64591.99000000,63820.50000000,64058.15000000,1663.21243000,1771977599999,106739195.95266600,606047,734.58337000,47140535.08691050
1771977600000,2026-02-25 00:00:00,64058.15000000,66310.00000000,63913.27000000,65391.73000000,5187.17213000,1771991999999,340689638.66773770,1472602,2731.73543000,179335175.82490980
1771992000000,2026-02-25 04:00:00,65391.74000000,65650.00000000,64755.26000000,65028.30000000,2632.47033000,1772006399999,171502919.96544990,758215,1184.66107000,77196713.17905790
1772006400000,2026-02-25 08:00:00,65028.30000000,65692.62000000,64955.79000000,65430.04000000,1997.89784000,1772020799999,130658074.86146920,643233,1161.09434000,75913635.25419470
1772020800000,2026-02-25 12:00:00,65430.04000000,67578.00000000,65324.62000000,67412.33000000,7879.83719000,1772035199999,524713731.25057690,1555450,4764.89223000,317370618.22891530
1772035200000,2026-02-25 16:00:00,67412.32000000,69550.00000000,67404.00000000,69038.26000000,8300.46334000,1772049599999,569565261.27162990,1537142,4272.06772000,292994769.93164250
1772049600000,2026-02-25 20:00:00,69038.26000000,69988.83000000,67600.00000000,67988.04000000,4752.15176000,1772063999999,326960076.82757140,1130073,2268.46906000,156094064.58955180
1772064000000,2026-02-26 00:00:00,67988.04000000,68700.00000000,67727.52000000,68216.86000000,2995.47030000,1772078399999,204243504.12053410,899323,1565.27740000,106715730.27693530
1772078400000,2026-02-26 04:00:00,68216.87000000,68860.00000000,67817.87000000,67825.04000000,2533.15622000,1772092799999,172982723.17739750,717211,1117.86277000,76390321.10498780
1772092800000,2026-02-26 08:00:00,67825.05000000,68722.64000000,67792.00000000,68051.31000000,3268.61730000,1772107199999,223131053.39970640,685401,1693.31517000,115630783.04085930
1772107200000,2026-02-26 12:00:00,68051.30000000,68303.83000000,66761.16000000,67382.00000000,5206.19537000,1772121599999,352032201.05368930,1467293,2489.83507000,168378083.41318150
1772121600000,2026-02-26 16:00:00,67382.00000000,67903.12000000,66500.00000000,67589.22000000,5230.45057000,1772135999999,350888815.72281440,1251932,2579.57571000,173135255.43976070
1772136000000,2026-02-26 20:00:00,67589.21000000,67831.11000000,67150.14000000,67485.18000000,1503.88816000,1772150399999,101496368.09041910,404977,726.63435000,49053879.17734240
1772150400000,2026-02-27 00:00:00,67485.19000000,67712.16000000,66885.00000000,67600.84000000,2159.83450000,1772164799999,145292524.41844910,659975,1056.17610000,71057296.82815030
1772164800000,2026-02-27 04:00:00,67600.84000000,68216.80000000,67459.30000000,67690.60000000,3025.27268000,1772179199999,204988053.09724590,552210,1562.68007000,105900344.47218440
1772179200000,2026-02-27 08:00:00,67690.60000000,68149.93000000,65960.01000000,66126.99000000,4904.69534000,1772193599999,329331029.46336960,669348,1916.50148000,128568947.99441610
1772193600000,2026-02-27 12:00:00,66126.99000000,66344.90000000,65649.34000000,66095.40000000,5494.93830000,1772207999999,362645055.23926720,873872,2828.14976000,186648728.60556650
1772208000000,2026-02-27 16:00:00,66095.40000000,66121.03000000,65113.72000000,65392.18000000,3875.92624000,1772222399999,253965829.43805450,737650,1906.04873000,124889545.29536890
1772222400000,2026-02-27 20:00:00,65392.18000000,65953.20000000,64914.46000000,65872.10000000,1767.91718000,1772236799999,115811331.90558650,363009,837.65303000,54921379.32897580
1772236800000,2026-02-28 00:00:00,65872.09000000,66025.52000000,65721.13000000,65797.42000000,1045.74408000,1772251199999,68899635.55857210,258355,531.10528000,34998049.76019040
1772251200000,2026-02-28 04:00:00,65797.42000000,65818.44000000,63030.00000000,63826.00000000,5914.91449000,1772265599999,379525323.42051950,1181298,2581.68058000,165440215.95831100
1772265600000,2026-02-28 08:00:00,63825.99000000,64307.44000000,63372.10000000,63844.20000000,4734.32265000,1772279999999,302198131.48462220,839290,2511.18127000,160325892.50478620
1772280000000,2026-02-28 12:00:00,63844.20000000,65360.51000000,63827.20000000,64841.18000000,4286.48357000,1772294399999,276667056.34675630,872267,2416.23192000,155909966.01478720
1772294400000,2026-02-28 16:00:00,64841.17000000,66666.65000000,64681.81000000,66362.01000000,2999.13046000,1772308799999,196852498.74975260,976578,1703.20425000,111886992.60871580
1772308800000,2026-02-28 20:00:00,66362.01000000,67760.00000000,66190.61000000,66973.26000000,3568.12124000,1772323199999,238721762.70134380,1140726,1787.70472000,119629273.58559160
1772323200000,2026-03-01 00:00:00,66973.26000000,68199.99000000,66042.72000000,67502.16000000,4690.36208000,1772337599999,315933147.68826380,1134371,2442.68697000,164552289.30345400
1772337600000,2026-03-01 04:00:00,67502.16000000,67612.14000000,66749.35000000,67141.39000000,3167.39554000,1772351999999,212669357.20677300,511568,1439.47357000,96649733.20076270
1772352000000,2026-03-01 08:00:00,67141.40000000,67292.30000000,66215.71000000,66468.03000000,3250.92047000,1772366399999,216568852.66062070,747092,1290.55474000,85972583.69617980
1772366400000,2026-03-01 12:00:00,66468.04000000,67360.57000000,66132.27000000,66842.42000000,3640.03253000,1772380799999,243482209.46349850,977418,1984.25149000,132781914.63492500
1772380800000,2026-03-01 16:00:00,66842.42000000,67112.37000000,65699.98000000,65962.17000000,3900.17922000,1772395199999,258474615.18050360,884138,1851.84194000,122811950.74840730
1772395200000,2026-03-01 20:00:00,65962.16000000,66491.43000000,65056.00000000,65776.47000000,4552.96875000,1772409599999,298655560.70654050,1057426,2200.96330000,144393451.26473280
1772409600000,2026-03-02 00:00:00,65776.48000000,67079.00000000,65761.04000000,66820.03000000,2940.58836000,1772423999999,195460980.08229890,1303941,1524.12091000,101362637.73041610
1772424000000,2026-03-02 04:00:00,66820.03000000,66995.64000000,65542.60000000,66007.52000000,3610.46533000,1772438399999,239534194.91974990,917964,1605.65166000,106447924.02076130
1772438400000,2026-03-02 08:00:00,66007.80000000,66720.84000000,65654.54000000,66359.68000000,4361.76571000,1772452799999,288860625.94645620,1050933,1638.59296000,108469628.15129620
1772452800000,2026-03-02 12:00:00,66359.67000000,69617.74000000,65259.21000000,69130.20000000,10831.61306000,1772467199999,729583263.70704370,2529970,5665.05190000,381886043.39922810
1772467200000,2026-03-02 16:00:00,69130.20000000,70096.00000000,68576.18000000,68966.53000000,6828.10762000,1772481599999,473251950.17763730,1736012,3595.39783000,249280537.97357750
1772481600000,2026-03-02 20:00:00,68966.52000000,69539.77000000,68584.90000000,68830.06000000,3437.84423000,1772495999999,237887827.01273130,858706,1307.09843000,90424773.27287130
1772496000000,2026-03-03 00:00:00,68830.06000000,69258.08000000,68210.71000000,68377.94000000,2362.09713000,1772510399999,162194743.81252370,794636,1097.63764000,75448834.83870680
1772510400000,2026-03-03 04:00:00,68377.94000000,68617.42000000,67800.00000000,68172.80000000,3337.11294000,1772524799999,227365622.94916710,788341,1505.96669000,102629469.15362020
1772524800000,2026-03-03 08:00:00,68172.79000000,68311.83000000,66340.14000000,67026.61000000,6082.75912000,1772539199999,407750552.85385240,1653419,2969.12790000,198921222.36682990
1772539200000,2026-03-03 12:00:00,67026.60000000,67973.20000000,66158.00000000,67725.81000000,5443.28880000,1772553599999,365374591.78646370,2026070,2798.01852000,187842923.14290430
1772553600000,2026-03-03 16:00:00,67725.82000000,68999.00000000,67473.09000000,68435.00000000,5484.70019000,1772567999999,374668661.12021110,1695997,2897.05796000,197952278.61441490
1772568000000,2026-03-03 20:00:00,68435.00000000,68860.00000000,67832.30000000,68338.00000000,2262.28362000,1772582399999,154494497.42080020,689656,1063.81329000,72666287.97821830
1772582400000,2026-03-04 00:00:00,68338.01000000,68909.34000000,67400.00000000,67732.20000000,3814.86350000,1772596799999,260143413.79256850,1101214,1822.24839000,124322434.21267970
1772596800000,2026-03-04 04:00:00,67732.19000000,69668.00000000,67467.60000000,69493.13000000,5088.84069000,1772611199999,348079968.97803570,874462,2935.25053000,200843812.73651400
1772611200000,2026-03-04 08:00:00,69493.14000000,71893.00000000,69098.91000000,71111.40000000,12146.09777000,1772625599999,860248372.61271440,2080445,6349.60675000,449741422.68974450
1772625600000,2026-03-04 12:00:00,71111.40000000,73479.75000000,70588.00000000,73396.88000000,11378.24344000,1772639999999,819140291.86714550,2248482,6609.86092000,476084764.15434480
1772640000000,2026-03-04 16:00:00,73396.87000000,74050.00000000,72541.69000000,73611.10000000,8665.00622000,1772654399999,635919281.79953690,1604460,4228.15518000,310281592.81809570
1772654400000,2026-03-04 20:00:00,73611.67000000,73716.00000000,72313.04000000,72666.77000000,3826.02448000,1772668799999,279333118.58245960,709239,1696.23066000,123825031.31879930
1772668800000,2026-03-05 00:00:00,72666.77000000,73306.82000000,72336.76000000,72497.89000000,3122.96483000,1772683199999,227063662.71399990,932285,1512.82174000,110019880.23077860
1772683200000,2026-03-05 04:00:00,72497.89000000,73081.08000000,71759.95000000,72055.50000000,4346.02458000,1772697599999,314663609.32238680,815899,1954.28028000,141532366.39430080
1772697600000,2026-03-05 08:00:00,72055.50000000,73558.15000000,71757.17000000,72915.79000000,6262.38044000,1772711999999,455517410.83523070,1256669,2603.52155000,189366156.84905330
1772712000000,2026-03-05 12:00:00,72915.80000000,73063.38000000,71168.65000000,71652.77000000,5607.55823000,1772726399999,404671506.83125670,1717222,2649.70885000,191312538.89633560
1772726400000,2026-03-05 16:00:00,71652.77000000,71654.65000000,70645.47000000,70918.07000000,4306.65518000,1772740799999,306013987.50057760,1381923,2177.28168000,154742908.79395600
1772740800000,2026-03-05 20:00:00,70918.08000000,71572.30000000,70777.00000000,70890.72000000,2944.92927000,1772755199999,209584513.18438240,605162,1401.90057000,99799611.30835280
1772755200000,2026-03-06 00:00:00,70891.02000000,71419.98000000,70344.03000000,71080.38000000,3031.93266000,1772769599999,215330427.32559050,858814,1576.61356000,112000435.95017380
1772769600000,2026-03-06 04:00:00,71080.37000000,71192.76000000,70143.19000000,71056.44000000,3088.31108000,1772783999999,218031219.91208960,892242,1420.87717000,100304925.98437190
1772784000000,2026-03-06 08:00:00,71056.44000000,71067.58000000,70184.01000000,70212.95000000,2441.15545000,1772798399999,172353281.13192590,605761,1059.72250000,74825839.11638740
1772798400000,2026-03-06 12:00:00,70212.94000000,70341.76000000,68176.47000000,68504.71000000,8554.35815000,1772812799999,592660463.17620950,1414736,3692.42491000,255720104.78635830
1772812800000,2026-03-06 16:00:00,68504.71000000,68795.44000000,67744.78000000,68131.79000000,3324.41432000,1772827199999,226978112.78895190,1031088,1549.93323000,105864007.65153790
1772827200000,2026-03-06 20:00:00,68131.79000000,68440.92000000,67777.00000000,68114.02000000,2189.71556000,1772841599999,149247694.54012060,500258,1164.52214000,79376444.29338340
1772841600000,2026-03-07 00:00:00,68114.02000000,68551.04000000,68060.60000000,68095.50000000,1736.72670000,1772855999999,118500991.59966280,306024,849.75670000,57985947.45006300
1772856000000,2026-03-07 04:00:00,68095.50000000,68147.73000000,67446.41000000,67842.67000000,2373.66763000,1772870399999,161076990.89648150,423758,981.15063000,66586205.83712710
1772870400000,2026-03-07 08:00:00,67842.67000000,68232.27000000,67720.98000000,68010.01000000,1490.07738000,1772884799999,101284844.69435650,304929,792.51297000,53869208.84452180
1772884800000,2026-03-07 12:00:00,68010.00000000,68085.41000000,67609.44000000,67877.45000000,1728.39414000,1772899199999,117439050.89525630,356961,838.95293000,57018559.41190090
1772899200000,2026-03-07 16:00:00,67877.45000000,67935.01000000,66915.26000000,67080.34000000,3059.42816000,1772913599999,206469684.48696470,376805,1176.55413000,79399143.10085690
1772913600000,2026-03-07 20:00:00,67080.33000000,67483.05000000,67068.01000000,67262.91000000,2331.24914000,1772927999999,156958299.28032700,298999,1271.84113000,85618453.71222160
1772928000000,2026-03-08 00:00:00,67262.91000000,67481.96000000,66833.58000000,67000.26000000,2883.43952000,1772942399999,193604407.91439200,392656,1489.32538000,99998828.40288340
1772942400000,2026-03-08 04:00:00,67000.26000000,67465.11000000,66547.15000000,67319.91000000,2866.09804000,1772956799999,192314275.57707520,406105,1502.27070000,100825792.92394430
1772956800000,2026-03-08 08:00:00,67319.90000000,68200.00000000,67156.93000000,67515.00000000,3303.40428000,1772971199999,223403298.97890970,483848,1909.26870000,129104579.08693950
1772971200000,2026-03-08 12:00:00,67515.00000000,67650.94000000,66761.68000000,67218.23000000,4464.48396000,1772985599999,299754730.82248380,534010,2180.92941000,146433248.85979410
1772985600000,2026-03-08 16:00:00,67218.23000000,67485.24000000,66745.54000000,67337.42000000,2550.26884000,1772999999999,170987954.63381460,379748,1328.42995000,89057012.54610570
1773000000000,2026-03-08 20:00:00,67337.41000000,67609.08000000,65618.49000000,65971.20000000,5525.94437000,1773014399999,367457492.38877930,832025,2858.42512000,190312897.35000490
1773014400000,2026-03-09 00:00:00,65971.20000000,67668.64000000,65821.97000000,67205.05000000,5224.01016000,1773028799999,347784581.64341040,1087077,2534.93735000,168857114.49048060
1773028800000,2026-03-09 04:00:00,67205.06000000,68069.29000000,66853.48000000,67555.13000000,3826.34806000,1773043199999,258129347.75148940,692977,2063.26244000,139256346.03232550
1773043200000,2026-03-09 08:00:00,67555.13000000,68460.09000000,67344.45000000,67764.98000000,4105.57826000,1773057599999,278379482.65124580,718299,2010.64949000,136345256.78180260
1773057600000,2026-03-09 12:00:00,67764.99000000,69480.00000000,67759.57000000,68863.66000000,7802.97956000,1773071999999,537339607.90506170,1244185,3849.41880000,265059294.90529270
1773072000000,2026-03-09 16:00:00,68863.67000000,69516.65000000,68179.12000000,68991.93000000,5039.37719000,1773086399999,346548555.52656580,935516,2185.58217000,150378935.26399960
1773086400000,2026-03-09 20:00:00,68991.93000000,69145.28000000,68384.69000000,68432.16000000,2898.42807000,1773100799999,199440475.97190710,415613,1457.60353000,100298825.44200540
1773100800000,2026-03-10 00:00:00,68432.16000000,70578.29000000,68391.41000000,69429.85000000,5314.57270000,1773115199999,369613710.45706100,817125,2727.45956000,189568874.39437180
1773115200000,2026-03-10 04:00:00,69429.85000000,70546.74000000,69429.85000000,70406.01000000,4907.28195000,1773129599999,343839408.75531360,597064,2519.38422000,176597118.27389440
1773129600000,2026-03-10 08:00:00,70406.01000000,71300.00000000,70369.00000000,70580.94000000,6270.51730000,1773143999999,444063485.74804110,668271,3372.61332000,238812796.54185470
1773144000000,2026-03-10 12:00:00,70580.95000000,71777.00000000,69266.06000000,71346.16000000,7000.10748000,1773158399999,494238684.21025840,1454207,3520.28027000,248797318.11242400
1773158400000,2026-03-10 16:00:00,71346.17000000,71700.00000000,69739.00000000,70043.63000000,5504.97942000,1773172799999,388867513.73298330,1185168,2667.85363000,188428924.61297650
1773172800000,2026-03-10 20:00:00,70043.63000000,70417.30000000,69452.42000000,69948.63000000,3605.11841000,1773187199999,251902818.53686310,454229,1646.23739000,115033935.16492400
1773187200000,2026-03-11 00:00:00,69948.64000000,70173.25000000,69488.70000000,69551.91000000,4402.46797000,1773201599999,307602594.06606550,541646,2422.90837000,169306592.03979820
1773201600000,2026-03-11 04:00:00,69551.91000000,70281.87000000,69420.00000000,69648.29000000,3080.54464000,1773215999999,214905414.70212610,446569,1773.37736000,123729118.33906390
1773216000000,2026-03-11 08:00:00,69648.28000000,69786.32000000,69150.28000000,69173.00000000,3538.73168000,1773230399999,246139697.33791690,522532,1926.80341000,134040369.68308680
1773230400000,2026-03-11 12:00:00,69172.99000000,71091.18000000,68977.91000000,70227.91000000,7789.43505000,1773244799999,546631398.52511750,1702330,3802.83902000,266980498.68289800
1773244800000,2026-03-11 16:00:00,70227.92000000,71321.00000000,70161.78000000,70641.82000000,5738.49617000,1773259199999,405798492.04198710,1074254,2855.34463000,201959735.38235450
1773259200000,2026-03-11 20:00:00,70641.81000000,70950.00000000,70125.83000000,70191.86000000,2699.59991000,1773273599999,190222999.56095470,472524,1234.04336000,86955491.47252110
1773273600000,2026-03-12 00:00:00,70191.86000000,70353.87000000,69226.52000000,69446.61000000,2576.17397000,1773287999999,179851991.82429400,578518,1163.20192000,81209499.14980290
1773288000000,2026-03-12 04:00:00,69446.61000000,69865.98000000,69205.91000000,69826.19000000,2721.97342000,1773302399999,189174496.62947470,429244,1404.54636000,97659141.46207880
1773302400000,2026-03-12 08:00:00,69826.19000000,70800.00000000,69580.00000000,70427.91000000,4649.38407000,1773316799999,325969012.17520630,636787,2585.23744000,181290916.67284310
1773316800000,2026-03-12 12:00:00,70427.90000000,70660.69000000,69355.34000000,70334.88000000,6097.47646000,1773331199999,427454481.56319870,1308529,2864.40797000,200917934.68569790
1773331200000,2026-03-12 16:00:00,70334.89000000,70569.15000000,69770.85000000,70432.32000000,3616.05800000,1773345599999,253926548.31537580,962584,1556.76149000,109355870.37798000
1773345600000,2026-03-12 20:00:00,70432.33000000,70734.25000000,70013.17000000,70541.34000000,2336.09458000,1773359999999,164368694.00255670,428397,970.87878000,68324749.55051500
1773360000000,2026-03-13 00:00:00,70541.34000000,72000.00000000,70386.01000000,71405.75000000,5755.69452000,1773374399999,410956837.45427500,928458,2992.30261000,213671866.85720290
1773374400000,2026-03-13 04:00:00,71405.76000000,71672.76000000,71180.19000000,71612.22000000,4181.63698000,1773388799999,298646868.27927950,538528,1956.86758000,139761130.63694570
1773388800000,2026-03-13 08:00:00,71612.23000000,72575.98000000,71385.28000000,72228.82000000,5105.15070000,1773403199999,367920577.25659520,771272,2836.78385000,204482409.44371740
1773403200000,2026-03-13 12:00:00,72228.81000000,73913.74000000,71736.34000000,71831.46000000,12303.83944000,1773417599999,897214013.61310180,1694366,6431.37773000,469574249.16182250
1773417600000,2026-03-13 16:00:00,71831.46000000,72249.99000000,70841.23000000,71189.95000000,5469.31306000,1773431999999,391164040.72805680,1004086,2786.83436000,199271970.58486150
1773432000000,2026-03-13 20:00:00,71189.96000000,71491.03000000,70559.02000000,70930.00000000,3180.98208000,1773446399999,225866188.96483880,375780,1306.17647000,92769026.27408130
1773446400000,2026-03-14 00:00:00,70930.01000000,71185.23000000,70481.70000000,71081.30000000,3513.45361000,1773460799999,248931541.49620610,329123,1672.92730000,118559807.65412190
1773460800000,2026-03-14 04:00:00,71081.31000000,71307.92000000,70317.00000000,70596.68000000,2929.58232000,1773475199999,207603173.34364200,335117,1321.78604000,93709040.04534860
1773475200000,2026-03-14 08:00:00,70596.68000000,70784.38000000,70389.08000000,70751.42000000,2494.95824000,1773489599999,176124209.01669350,250830,1172.93559000,82810179.71484990
1773489600000,2026-03-14 12:00:00,70751.42000000,70941.17000000,70501.00000000,70580.09000000,2537.57782000,1773503999999,179480109.27699240,316293,1288.66287000,91155123.74129480
1773504000000,2026-03-14 16:00:00,70580.09000000,70740.34000000,70500.00000000,70700.00000000,686.93095000,1773518399999,48522650.02122930,211520,324.91525000,22951611.41111870
1773518400000,2026-03-14 20:00:00,70699.99000000,71253.17000000,70650.09000000,71211.95000000,854.74443000,1773532799999,60646947.79151360,218856,460.87399000,32709642.79182860
1773532800000,2026-03-15 00:00:00,71211.95000000,71634.08000000,70858.82000000,71363.14000000,2591.56425000,1773547199999,184672005.82936930,358161,1325.18262000,94465107.16188800
1773547200000,2026-03-15 04:00:00,71363.13000000,71800.68000000,71330.66000000,71453.59000000,2377.69395000,1773561599999,170159927.49428380,294463,1357.70967000,97181992.43084000
1773561600000,2026-03-15 08:00:00,71453.59000000,71940.49000000,71453.59000000,71839.42000000,2170.14550000,1773575999999,155736370.82538170,310575,1126.70208000,80852557.03303190
1773576000000,2026-03-15 12:00:00,71839.41000000,71839.42000000,71263.99000000,71481.24000000,2095.34940000,1773590399999,149835974.09205590,362063,877.38863000,62737042.65968750
1773590400000,2026-03-15 16:00:00,71481.24000000,71989.93000000,71320.08000000,71549.94000000,1241.12480000,1773604799999,88810069.56801620,346610,689.21644000,49315537.37914770
1773604800000,2026-03-15 20:00:00,71549.94000000,73199.00000000,71433.75000000,72815.24000000,3561.42914000,1773619199999,258120607.43454450,837141,1930.81832000,139888283.09818140
1773619200000,2026-03-16 00:00:00,72815.25000000,74330.34000000,72270.41000000,73573.32000000,5313.15699000,1773633599999,389442556.86320910,851589,2873.59784000,210693756.31495410
1773633600000,2026-03-16 04:00:00,73573.31000000,74451.03000000,73385.18000000,73456.68000000,5517.22506000,1773647999999,407380420.43089480,816177,2937.06504000,216909252.84250850
1773648000000,2026-03-16 08:00:00,73456.69000000,73838.76000000,72888.80000000,73552.77000000,3812.93394000,1773662399999,279823403.90506240,654796,2034.33880000,149335828.95151510
1773662400000,2026-03-16 12:00:00,73552.78000000,74509.52000000,72990.52000000,73274.76000000,5744.41989000,1773676799999,423921783.63710360,1376905,2977.38635000,219848582.81794170
1773676800000,2026-03-16 16:00:00,73274.75000000,74418.60000000,73160.66000000,73963.00000000,4131.80846000,1773691199999,305341632.01297530,998780,2168.34144000,160235394.51516950
1773691200000,2026-03-16 20:00:00,73963.00000000,74909.08000000,73863.20000000,74884.67000000,3889.98585000,1773705599999,289949714.71561840,698235,2213.49308000,165022343.75739000
1773705600000,2026-03-17 00:00:00,74884.67000000,76000.00000000,74268.73000000,74463.98000000,6925.21053000,1773719999999,520737829.60524720,1245176,3419.06146000,257294555.50047560
1773720000000,2026-03-17 04:00:00,74463.98000000,74712.89000000,73784.00000000,74249.32000000,4918.92532000,1773734399999,365111500.75746600,655777,2145.46623000,159265975.81900110
1773734400000,2026-03-17 08:00:00,74249.32000000,74452.97000000,73560.98000000,74033.11000000,3022.84272000,1773748799999,223632439.17804960,609305,1505.00784000,111360462.49386910
1773748800000,2026-03-17 12:00:00,74033.10000000,74893.94000000,73399.19000000,73914.39000000,4507.55719000,1773763199999,333551863.39739360,1129605,2350.77152000,174072878.94154860
1773763200000,2026-03-17 16:00:00,73914.40000000,74800.00000000,73855.24000000,74512.17000000,3050.04683000,1773777599999,226963985.21018740,792455,1614.68959000,120136054.37931140
1773777600000,2026-03-17 20:00:00,74511.21000000,74799.00000000,73871.74000000,73909.36000000,2096.68377000,1773791999999,155979113.18432940,430869,756.25566000,56266931.64668020
1773792000000,2026-03-18 00:00:00,73909.37000000,74672.34000000,73535.36000000,74446.14000000,2220.38681000,1773806399999,164555203.62645120,501167,1218.71592000,90349485.29600780
1773806400000,2026-03-18 04:00:00,74446.14000000,74486.30000000,73700.01000000,73883.80000000,2292.66886000,1773820799999,169807068.80921980,348177,1163.82849000,86215346.31344240
1773820800000,2026-03-18 08:00:00,73883.80000000,74281.33000000,72800.00000000,72952.85000000,3439.26859000,1773835199999,253148596.00042720,611167,1812.37261000,133476029.28907230
1773835200000,2026-03-18 12:00:00,72952.85000000,72981.79000000,70857.21000000,71467.82000000,8373.20589000,1773849599999,601714224.50529950,1614193,3763.77338000,270399823.95786940
1773849600000,2026-03-18 16:00:00,71467.82000000,72000.50000000,70933.85000000,71072.38000000,4336.24884000,1773863999999,309643431.84766610,1057189,2360.16614000,168622006.97545870
1773864000000,2026-03-18 20:00:00,71072.38000000,71451.22000000,70500.00000000,71246.54000000,2731.10194000,1773878399999,194081314.18867860,602004,1390.31403000,98842790.86540560
1773878400000,2026-03-19 00:00:00,71246.55000000,71613.79000000,70902.37000000,71215.39000000,2427.94963000,1773892799999,172774544.22392350,493310,1054.75452000,75063758.24495860
1773892800000,2026-03-19 04:00:00,71215.39000000,71215.39000000,69478.51000000,70191.17000000,4492.82933000,1773907199999,315944786.64566590,759250,1920.54387000,135081798.22547010
1773907200000,2026-03-19 08:00:00,70191.16000000,70560.91000000,69900.00000000,69952.75000000,3434.17410000,1773921599999,241159078.74053430,674946,1525.20254000,107142450.68325920
1773921600000,2026-03-19 12:00:00,69952.75000000,70179.53000000,68793.35000000,69412.51000000,6707.39933000,1773935999999,465586723.65648020,1537283,3143.33346000,218250403.35891720
1773936000000,2026-03-19 16:00:00,69412.52000000,70596.42000000,69122.03000000,70271.99000000,3251.17683000,1773950399999,226961442.62212020,1033823,1898.69010000,132547645.30933170
1773950400000,2026-03-19 20:00:00,70272.00000000,70695.60000000,69718.23000000,69930.00000000,2051.28897000,1773964799999,144147373.97168830,473914,946.61227000,66548567.46545150
1773964800000,2026-03-20 00:00:00,69930.01000000,70809.43000000,69837.10000000,70729.92000000,2423.03588000,1773979199999,170470366.12775850,533341,1486.43659000,104579946.64290250
1773979200000,2026-03-20 04:00:00,70729.93000000,70969.71000000,70160.06000000,70854.66000000,2609.94577000,1773993599999,184334559.94337150,354126,1246.95441000,88100620.60914230
1773993600000,2026-03-20 08:00:00,70854.66000000,71367.00000000,70218.68000000,70478.71000000,3112.13588000,1774007999999,220272458.96802370,570471,1357.72578000,96143422.40213300
1774008000000,2026-03-20 12:00:00,70478.71000000,70685.63000000,69480.00000000,69860.09000000,4715.91571000,1774022399999,330065910.18119590,1345284,2079.91485000,145585532.92766730
1774022400000,2026-03-20 16:00:00,69860.09000000,70190.18000000,69388.00000000,70177.86000000,3079.98123000,1774036799999,215057270.84746790,1042090,1545.01020000,107895500.71527600
1774036800000,2026-03-20 20:00:00,70177.85000000,70923.75000000,69754.71000000,70510.73000000,2180.15298000,1774051199999,153612274.62085290,524659,1085.37028000,76476914.92969380
1774051200000,2026-03-21 00:00:00,70510.73000000,70826.00000000,70431.67000000,70657.35000000,1194.32406000,1774065599999,84344171.56468740,290231,587.18616000,41471802.78105770
1774065600000,2026-03-21 04:00:00,70657.35000000,70879.76000000,70617.05000000,70727.33000000,2717.24630000,1774079999999,192249048.59097710,265408,1418.04211000,100327516.28390700
1774080000000,2026-03-21 08:00:00,70727.33000000,70753.79000000,70492.02000000,70652.72000000,2045.34328000,1774094399999,144443626.42001700,202462,967.76075000,68345273.91919780
1774094400000,2026-03-21 12:00:00,70652.73000000,71100.94000000,70453.09000000,70630.02000000,1644.14012000,1774108799999,116387097.37594310,275796,769.14295000,54482217.86414870
1774108800000,2026-03-21 16:00:00,70630.02000000,70652.64000000,70210.00000000,70396.00000000,1221.39503000,1774123199999,86001896.55720430,206874,594.93039000,41884007.64035100
1774123200000,2026-03-21 20:00:00,70396.01000000,70516.82000000,68571.42000000,68918.12000000,4574.71871000,1774137599999,319268041.51759510,399315,2042.63077000,142645542.44549250
1774137600000,2026-03-22 00:00:00,68918.12000000,69588.79000000,68228.50000000,69339.99000000,4148.48971000,1774151999999,286023208.29712100,774466,2149.44470000,148227862.91486750
1774152000000,2026-03-22 04:00:00,69340.00000000,69526.85000000,68892.93000000,68919.38000000,1759.92655000,1774166399999,121824081.24553700,321261,859.53629000,59513363.79333730
1774166400000,2026-03-22 08:00:00,68919.37000000,68990.67000000,68110.55000000,68217.95000000,2582.06971000,1774180799999,177221143.16757770,498197,1145.65152000,78636602.66576150
1774180800000,2026-03-22 12:00:00,68217.94000000,69005.71000000,68199.04000000,68847.96000000,1809.03421000,1774195199999,124289500.17348790,477420,1048.85878000,72054535.68461520
1774195200000,2026-03-22 16:00:00,68847.97000000,68885.53000000,68145.01000000,68199.93000000,1323.42339000,1774209599999,90732472.05925320,322417,505.87895000,34691553.15536570
1774209600000,2026-03-22 20:00:00,68199.93000000,68498.40000000,67360.66000000,67859.00000000,3220.84325000,1774223999999,218836070.37672060,875391,1582.95309000,107576170.03788770
1774224000000,2026-03-23 00:00:00,67859.00000000,68585.12000000,67445.18000000,68074.60000000,2495.61558000,1774238399999,169735020.83515170,844992,1287.84749000,87593031.12326140
1774238400000,2026-03-23 04:00:00,68074.60000000,68915.40000000,67502.48000000,68333.16000000,4814.40128000,1774252799999,328900802.42128690,856478,2703.58319000,184725005.80151310
1774252800000,2026-03-23 08:00:00,68333.16000000,71499.00000000,67916.14000000,70122.15000000,9165.95784000,1774267199999,642361770.31967030,1507808,4666.39653000,326980186.69157720
1774267200000,2026-03-23 12:00:00,70122.15000000,71817.09000000,69671.95000000,70131.48000000,7343.07463000,1774281599999,520385074.13260680,1954971,3628.07906000,257076678.47421830
1774281600000,2026-03-23 16:00:00,70131.48000000,71246.01000000,70131.47000000,70679.05000000,3251.32187000,1774295999999,229876874.04528420,972666,1685.46135000,119205703.12670280
1774296000000,2026-03-23 20:00:00,70679.04000000,70998.00000000,70404.39000000,70906.45000000,1264.71999000,1774310399999,89495627.47769420,372815,669.60468000,47390170.23850890
1774310400000,2026-03-24 00:00:00,70906.45000000,71099.96000000,70278.46000000,70542.90000000,2279.09671000,1774324799999,160935631.61644320,557335,1035.74167000,73171685.77642150
1774324800000,2026-03-24 04:00:00,70542.90000000,71400.00000000,70119.06000000,71291.70000000,3689.34450000,1774339199999,260588642.62053700,525113,1706.61651000,120605044.25242740
1774339200000,2026-03-24 08:00:00,71291.70000000,71368.61000000,70850.11000000,71157.77000000,2477.92852000,1774353599999,176263461.56336100,504943,1229.52308000,87469644.61575220
1774353600000,2026-03-24 12:00:00,71157.77000000,71177.66000000,69507.34000000,69873.04000000,5583.13531000,1774367999999,391828567.50539760,1198866,2383.68738000,167248665.55117670
1774368000000,2026-03-24 16:00:00,69873.04000000,70001.92000000,68923.07000000,69377.33000000,3539.49609000,1774382399999,245607496.32027490,821218,1666.90671000,115681994.49707170
1774382400000,2026-03-24 20:00:00,69377.33000000,70832.54000000,69296.15000000,70556.74000000,3133.42131000,1774396799999,220137429.58395080,583853,1709.37508000,120077004.60206320
1774396800000,2026-03-25 00:00:00,70556.74000000,71100.28000000,70408.00000000,70716.70000000,2504.53992000,1774411199999,177106685.86802210,447131,1243.72770000,87984709.45726110
1774411200000,2026-03-25 04:00:00,70716.70000000,71345.00000000,70703.83000000,70926.88000000,2879.13545000,1774425599999,204637157.55857170,395651,1447.08044000,102854602.43675630
1774425600000,2026-03-25 08:00:00,70926.88000000,72026.09000000,70800.00000000,71678.97000000,3287.51237000,1774439999999,234941427.74130800,532173,1844.30504000,131871992.75673980
1774440000000,2026-03-25 12:00:00,71678.97000000,71963.71000000,70530.47000000,70832.99000000,4210.48461000,1774454399999,300372896.23765330,950573,1697.19635000,121149471.74904400
1774454400000,2026-03-25 16:00:00,70832.99000000,71752.88000000,70681.07000000,70883.31000000,2995.16787000,1774468799999,212947004.02455570,652538,1605.68126000,114166241.99851180
1774468800000,2026-03-25 20:00:00,70883.32000000,71594.11000000,70646.34000000,71336.53000000,1842.66044000,1774483199999,131012817.10932140,320836,981.78708000,69847964.49385330
1774483200000,2026-03-26 00:00:00,71336.53000000,71436.82000000,70672.37000000,70921.47000000,2157.03878000,1774497599999,153342543.96549640,366662,1103.38240000,78480893.46766100
1774497600000,2026-03-26 04:00:00,70921.47000000,70921.47000000,69805.00000000,70087.44000000,3434.08444000,1774511999999,241304017.81764390,490057,1655.22279000,116297556.71485000
1774512000000,2026-03-26 08:00:00,70087.44000000,70144.44000000,69192.96000000,69276.01000000,3321.72857000,1774526399999,231354961.65669320,582544,1605.42150000,111854324.41382170
1774526400000,2026-03-26 12:00:00,69276.01000000,69877.45000000,68632.40000000,69082.64000000,4699.85538000,1774540799999,325826726.63894860,953874,2222.77748000,154153331.23027100
1774540800000,2026-03-26 16:00:00,69082.64000000,69162.00000000,68153.00000000,68534.36000000,4026.59411000,1774555199999,276351472.57237350,664322,1872.99449000,128532064.55845970
1774555200000,2026-03-26 20:00:00,68534.37000000,69478.42000000,68436.74000000,68820.31000000,3181.15640000,1774569599999,219520011.68868350,540243,1656.59601000,114331831.20505620
1774569600000,2026-03-27 00:00:00,68820.31000000,69179.05000000,68531.37000000,68767.51000000,2714.96120000,1774583999999,186981164.47778990,371457,1444.01438000,99444924.08102770
1774584000000,2026-03-27 04:00:00,68767.50000000,68955.53000000,68304.14000000,68540.48000000,3934.07819000,1774598399999,270046016.29309330,439218,2043.27049000,140270702.86140350
1774598400000,2026-03-27 08:00:00,68540.49000000,68635.07000000,66231.96000000,66702.78000000,7325.96218000,1774612799999,492605332.79343490,966573,3498.85376000,235293903.96111240
1774612800000,2026-03-27 12:00:00,66702.78000000,66773.25000000,65730.17000000,66112.82000000,8273.04177000,1774627199999,548448846.06407780,1176382,4229.40066000,280477000.91065290
1774627200000,2026-03-27 16:00:00,66112.82000000,66290.00000000,65548.25000000,66040.66000000,3963.05735000,1774641599999,261119694.82790850,857518,2097.62812000,138223487.47673590
1774641600000,2026-03-27 20:00:00,66040.65000000,66420.75000000,65817.44000000,66407.28000000,2392.59488000,1774655999999,158117168.25360860,348158,1255.46112000,82970006.97474860
1774656000000,2026-03-28 00:00:00,66407.28000000,66520.46000000,65932.09000000,66240.00000000,2309.42704000,1774670399999,152929844.28085350,309702,1085.50266000,71886749.89978150
1774670400000,2026-03-28 04:00:00,66240.00000000,66573.61000000,66110.00000000,66561.48000000,2351.82142000,1774684799999,156090551.55980730,229211,1344.09198000,89221691.60819070
1774684800000,2026-03-28 08:00:00,66561.49000000,66570.09000000,66124.40000000,66319.47000000,1871.98665000,1774699199999,124251772.84739640,220015,711.31051000,47223307.75106960
1774699200000,2026-03-28 12:00:00,66319.46000000,67288.94000000,66240.87000000,67014.91000000,2726.87142000,1774713599999,182281813.33453710,446391,1551.41479000,103714060.97596630
1774713600000,2026-03-28 16:00:00,67014.92000000,67096.77000000,66704.00000000,66916.52000000,1090.61096000,1774727999999,72966661.81066150,245127,543.06971000,36335260.80089220
1774728000000,2026-03-28 20:00:00,66916.52000000,67010.00000000,66283.38000000,66377.03000000,1111.68098000,1774742399999,74155611.61380470,236922,517.65159000,34540341.18794850
1774742400000,2026-03-29 00:00:00,66377.04000000,67130.50000000,66281.40000000,66912.00000000,1535.14396000,1774756799999,102373233.38722430,314720,816.44774000,54453576.65678740
1774756800000,2026-03-29 04:00:00,66912.00000000,66936.60000000,66556.78000000,66671.00000000,1351.87148000,1774771199999,90195532.21760920,220311,650.72589000,43408988.46465230
1774771200000,2026-03-29 08:00:00,66671.00000000,66988.01000000,66418.00000000,66816.28000000,1084.63055000,1774785599999,72302750.01479260,267856,513.24010000,34222541.86124780
1774785600000,2026-03-29 12:00:00,66816.29000000,66875.24000000,66334.37000000,66523.00000000,1436.58796000,1774799999999,95664694.86311480,339563,739.38251000,49230476.74993110
1774800000000,2026-03-29 16:00:00,66523.01000000,66665.05000000,66158.26000000,66348.62000000,994.82320000,1774814399999,66075078.46321620,268623,431.67819000,28675766.96365830
1774814400000,2026-03-29 20:00:00,66348.61000000,66793.83000000,65000.00000000,66010.93000000,3649.79869000,1774828799999,240392228.66002990,735104,1617.95389000,106682746.65391000
1774828800000,2026-03-30 00:00:00,66010.93000000,67450.00000000,65800.59000000,67173.80000000,3701.61439000,1774843199999,247191671.10239270,952521,2078.61927000,138811035.61958000
1774843200000,2026-03-30 04:00:00,67173.80000000,67800.00000000,67167.92000000,67624.39000000,2742.98319000,1774857599999,185029306.63364590,526336,1424.10215000,96074170.37810040
1774857600000,2026-03-30 08:00:00,67624.39000000,68042.30000000,67360.41000000,67680.45000000,3383.09323000,1774871999999,229042979.27042440,472657,1527.85572000,103469831.42114850
1774872000000,2026-03-30 12:00:00,67680.44000000,68169.65000000,67088.73000000,67629.40000000,4177.92296000,1774886399999,282809083.78953370,884612,1947.78993000,131869652.50619130
1774886400000,2026-03-30 16:00:00,67629.40000000,67641.65000000,66233.13000000,66550.05000000,2673.99690000,1774900799999,178892997.52867250,676482,1229.30149000,82260679.53525250
1774900800000,2026-03-30 20:00:00,66550.06000000,66994.17000000,66419.79000000,66797.37000000,1673.77908000,1774915199999,111651652.56740600,390241,948.25037000,63262609.39110820
1774915200000,2026-03-31 00:00:00,66797.38000000,68408.37000000,66544.51000000,67704.74000000,2940.06225000,1774929599999,199018605.42606820,717942,1622.23679000,109780837.85493410
1774929600000,2026-03-31 04:00:00,67704.74000000,67979.38000000,67103.32000000,67367.69000000,3894.57803000,1774943999999,262832374.32551130,524636,1614.01901000,108958441.28159030
1774944000000,2026-03-31 08:00:00,67367.70000000,67496.00000000,65998.05000000,66685.69000000,4187.99082000,1774958399999,278989809.65239610,762502,1911.46729000,127278466.97798500
1774958400000,2026-03-31 12:00:00,66685.69000000,67767.87000000,66427.53000000,66736.80000000,4137.18923000,1774972799999,277390253.52240240,1124651,1853.43888000,124287941.14430650
1774972800000,2026-03-31 16:00:00,66736.79000000,68589.49000000,66729.28000000,67838.80000000,4391.49464000,1774987199999,297859870.25470390,1236596,2460.21954000,166865637.13630950
1774987200000,2026-03-31 20:00:00,67838.79000000,68410.30000000,67831.70000000,68284.48000000,2554.09165000,1775001599999,174077574.27379270,480493,1264.80111000,86207368.37163650
1775001600000,2026-04-01 00:00:00,68284.49000000,68378.64000000,67578.75000000,68170.67000000,3175.60054000,1775015999999,215748833.07333830,544854,1702.71590000,115690605.47864460
1775016000000,2026-04-01 04:00:00,68170.67000000,69310.00000000,68005.33000000,68692.00000000,4308.24633000,1775030399999,296094654.53604230,649239,2220.66933000,152643380.03508530
1775030400000,2026-04-01 08:00:00,68692.00000000,68851.35000000,68389.21000000,68712.52000000,3486.85039000,1775044799999,239136956.36277350,495293,1792.86663000,122980931.44386570
1775044800000,2026-04-01 12:00:00,68712.52000000,68965.00000000,67918.83000000,68918.52000000,4091.84986000,1775059199999,280144482.35404900,934133,2172.25496000,148764313.12796320
1775059200000,2026-04-01 16:00:00,68918.52000000,69171.77000000,67939.28000000,68176.84000000,2610.20900000,1775073599999,178684853.58346170,719195,1190.30154000,81507311.75280870
1775073600000,2026-04-01 20:00:00,68176.84000000,68534.00000000,67964.48000000,68113.92000000,1347.43378000,1775087999999,91898447.16485950,399196,623.69008000,42539492.08854570
1775088000000,2026-04-02 00:00:00,68113.92000000,68653.38000000,66500.00000000,66576.25000000,4290.09553000,1775102399999,288995533.23493490,1029708,2118.09164000,142713190.74651310
1775102400000,2026-04-02 04:00:00,66576.25000000,66961.26000000,66217.07000000,66930.79000000,2994.81146000,1775116799999,199368653.96111480,490517,1680.46962000,111904635.26294130
1775116800000,2026-04-02 08:00:00,66930.79000000,66930.79000000,66167.10000000,66220.28000000,2840.44212000,1775131199999,188718889.20727090,438577,1339.06060000,88968409.38238350
1775131200000,2026-04-02 12:00:00,66220.28000000,67104.86000000,65712.12000000,66852.91000000,4983.19383000,1775145599999,330939751.86502130,1146893,2727.50659000,181156241.27433720
1775145600000,2026-04-02 16:00:00,66852.91000000,67430.99000000,66596.80000000,66975.99000000,3741.79932000,1775159999999,250617642.97210460,781208,1568.43814000,105081979.91501090
1775160000000,2026-04-02 20:00:00,66976.00000000,67100.00000000,66731.08000000,66901.99000000,1353.13690000,1775174399999,90582990.28661070,302230,657.08961000,43991007.29456450
1775174400000,2026-04-03 00:00:00,66901.99000000,67000.00000000,66282.00000000,66579.97000000,2208.57089000,1775188799999,147166004.53811270,429332,1003.23320000,66846217.20876730
1775188800000,2026-04-03 04:00:00,66579.98000000,67247.38000000,66416.68000000,67042.08000000,2873.22499000,1775203199999,191742837.43833990,433915,1239.24662000,82719501.51702570
1775203200000,2026-04-03 08:00:00,67042.08000000,67288.00000000,66674.72000000,67017.44000000,1439.81595000,1775217599999,96455388.48986320,322306,704.42911000,47195000.44243740
1775217600000,2026-04-03 12:00:00,67017.43000000,67370.42000000,66508.10000000,66827.15000000,2358.77199000,1775231999999,157678405.40869480,467732,1276.30309000,85316460.72370500
1775232000000,2026-04-03 16:00:00,66827.15000000,67069.00000000,66751.86000000,66885.74000000,1215.72021000,1775246399999,81320066.16634020,211546,582.27605000,38963264.17932100
1775246400000,2026-04-03 20:00:00,66885.73000000,66970.18000000,66826.13000000,66964.30000000,1333.02728000,1775260799999,89172904.93643730,158273,729.78181000,48818965.25146130
1775260800000,2026-04-04 00:00:00,66964.29000000,66968.28000000,66814.00000000,66832.18000000,803.20366000,1775275199999,53709777.14748720,183488,350.77918000,23454801.30876360
1775275200000,2026-04-04 04:00:00,66832.18000000,67052.99000000,66775.91000000,67014.96000000,1728.28038000,1775289599999,115679107.11675950,198939,860.84736000,57622352.73418370
1775289600000,2026-04-04 08:00:00,67014.95000000,67232.72000000,66918.00000000,67156.93000000,1347.31961000,1775303999999,90331916.33620090,213612,659.57559000,44223400.79944290
1775304000000,2026-04-04 12:00:00,67156.93000000,67562.93000000,67029.07000000,67383.66000000,1507.29551000,1775318399999,101342732.07975590,287603,825.76488000,55529634.12022920
1775318400000,2026-04-04 16:00:00,67383.66000000,67543.60000000,67265.00000000,67288.42000000,858.41299000,1775332799999,57838808.23485010,286417,395.05972000,26621791.53224720
1775332800000,2026-04-04 20:00:00,67288.42000000,67504.54000000,67186.62000000,67300.42000000,1129.00398000,1775347199999,76029676.50819060,186120,609.30259000,41037899.50103580
1775347200000,2026-04-05 00:00:00,67300.42000000,67307.28000000,66955.72000000,67145.98000000,1216.87122000,1775361599999,81717728.82372490,161820,524.83624000,35244903.49397150
1775361600000,2026-04-05 04:00:00,67145.98000000,67188.51000000,66611.66000000,66820.64000000,1903.42714000,1775375999999,127283913.46868470,235623,906.83537000,60631914.05958790
1775376000000,2026-04-05 08:00:00,66820.64000000,67150.00000000,66819.42000000,66999.00000000,1062.42874000,1775390399999,71166044.53496200,213582,472.53379000,31646653.86469270
1775390400000,2026-04-05 12:00:00,66998.99000000,67856.16000000,66680.57000000,67306.64000000,2736.41551000,1775404799999,183744679.57558680,439576,1299.13546000,87265374.13388920
1775404800000,2026-04-05 16:00:00,67306.65000000,67560.45000000,67173.40000000,67361.01000000,965.55771000,1775419199999,65024925.17145810,314175,419.80491000,28275377.12703840
1775419200000,2026-04-05 20:00:00,67361.01000000,69136.20000000,67332.66000000,69034.18000000,3848.76720000,1775433599999,262724685.74903380,741481,2168.41115000,148027249.45943250
1775433600000,2026-04-06 00:00:00,69034.18000000,69588.00000000,68776.61000000,69123.69000000,4502.91561000,1775447999999,311474454.35141230,902632,2288.61946000,158331508.97711230
1775448000000,2026-04-06 04:00:00,69123.69000000,69354.26000000,68806.53000000,69115.91000000,2814.82721000,1775462399999,194475051.68717290,485832,1416.84838000,97911194.37923220
1775462400000,2026-04-06 08:00:00,69115.91000000,70283.32000000,69081.88000000,69614.91000000,3999.04132000,1775476799999,278875174.86979940,698373,2143.47636000,149446909.48316580
1775476800000,2026-04-06 12:00:00,69614.91000000,69973.25000000,69163.86000000,69968.87000000,3409.36539000,1775491199999,237075585.45552970,1071099,1800.04312000,125201530.33536550
1775491200000,2026-04-06 16:00:00,69968.87000000,70351.46000000,69282.02000000,69739.53000000,3175.25769000,1775505599999,221640295.14868560,891801,1481.43072000,103457981.04952660
1775505600000,2026-04-06 20:00:00,69739.52000000,69974.08000000,68300.00000000,68853.66000000,2380.20322000,1775519999999,164479611.58356280,645786,1019.37453000,70448677.41399680
1775520000000,2026-04-07 00:00:00,68853.66000000,69128.20000000,68273.34000000,68779.21000000,2422.31591000,1775534399999,166478723.23305860,774360,1139.39026000,78307197.34660680
1775534400000,2026-04-07 04:00:00,68779.20000000,68981.83000000,68443.00000000,68624.61000000,1823.63549000,1775548799999,125215260.90811310,360308,906.57738000,62251025.17123620
1775548800000,2026-04-07 08:00:00,68624.60000000,69247.90000000,68071.96000000,68345.75000000,2273.58534000,1775563199999,156083719.14989470,602722,1201.17265000,82500368.04916830
1775563200000,2026-04-07 12:00:00,68345.75000000,68633.87000000,67732.01000000,68168.10000000,4041.29436000,1775577599999,275416609.55558980,877924,1989.86009000,135611413.44952840
1775577600000,2026-04-07 16:00:00,68168.11000000,69098.44000000,68085.01000000,69011.29000000,3817.42066000,1775591999999,261836481.41519180,763698,1931.18499000,132504788.24845740
1775592000000,2026-04-07 20:00:00,69011.29000000,72761.00000000,69011.29000000,71924.22000000,9372.24485000,1775606399999,664607061.58084890,1492694,5296.99734000,375555296.96604630
1775606400000,2026-04-08 00:00:00,71924.22000000,72110.65000000,71240.99000000,71287.39000000,3370.06511000,1775620799999,241296783.59892420,601242,1514.63909000,108459422.02719440
1775620800000,2026-04-08 04:00:00,71287.39000000,71941.42000000,71287.38000000,71627.59000000,3297.95570000,1775635199999,236396199.35573260,387928,1364.03917000,97769876.72249690
1775635200000,2026-04-08 08:00:00,71627.59000000,71955.00000000,71407.77000000,71675.12000000,2214.64952000,1775649599999,158684384.78234530,377758,1113.48766000,79789874.04079860
1775649600000,2026-04-08 12:00:00,71675.12000000,72857.00000000,70707.23000000,71310.00000000,6816.03917000,1775663999999,489044255.39543510,1291966,3692.68373000,265029615.30070050
1775664000000,2026-04-08 16:00:00,71309.99000000,71963.94000000,71019.00000000,71318.48000000,2617.29334000,1775678399999,187085759.92909740,780175,1142.98890000,81690774.25039720
1775678400000,2026-04-08 20:00:00,71318.47000000,71748.00000000,70901.89000000,71069.93000000,1486.68343000,1775692799999,105976804.99058920,404919,742.36334000,52926714.49724320
1775692800000,2026-04-09 00:00:00,71069.93000000,71198.80000000,70466.00000000,70992.39000000,2645.29554000,1775707199999,187560713.60706640,551958,1238.29858000,87822871.75535600
1775707200000,2026-04-09 04:00:00,70992.37000000,71116.00000000,70689.38000000,70982.01000000,2261.38499000,1775721599999,160484103.73110710,347295,1309.58856000,92948675.75976620
1775721600000,2026-04-09 08:00:00,70982.01000000,71575.00000000,70865.42000000,71150.17000000,1825.96774000,1775735999999,130115156.69525650,348930,1026.45095000,73146799.52155490
1775736000000,2026-04-09 12:00:00,71150.17000000,72358.00000000,70522.77000000,72141.99000000,4001.11726000,1775750399999,285752805.68212210,991804,2143.61354000,153171197.69325670
1775750400000,2026-04-09 16:00:00,72142.00000000,72550.00000000,71729.66000000,72096.32000000,4013.80807000,1775764799999,289696860.00248570,910776,2050.18625000,148002905.52040610
1775764800000,2026-04-09 20:00:00,72096.33000000,73145.00000000,71585.25000000,71787.97000000,3410.84799000,1775779199999,246714176.29129830,622262,1836.17983000,132897800.79282710
1775779200000,2026-04-10 00:00:00,71787.98000000,72387.00000000,71573.35000000,71868.67000000,2706.87605000,1775793599999,194790067.91722840,557690,1297.27001000,93350114.59846960
1775793600000,2026-04-10 04:00:00,71868.67000000,72267.89000000,71428.00000000,71481.85000000,2293.26674000,1775807999999,164865618.61969950,380706,910.66594000,65481047.13521970
1775808000000,2026-04-10 08:00:00,71481.85000000,72261.93000000,71426.15000000,72127.59000000,1565.72366000,1775822399999,112420183.10659550,354974,771.86154000,55440180.81470480
1775822400000,2026-04-10 12:00:00,72127.59000000,73289.96000000,71899.51000000,72460.51000000,5093.36163000,1775836799999,370037894.25166550,955471,2734.87643000,198755454.30727460
1775836800000,2026-04-10 16:00:00,72460.52000000,73264.76000000,72387.41000000,73236.11000000,2498.15366000,1775851199999,182195125.22314990,554837,1429.69498000,104269749.18664550
1775851200000,2026-04-10 20:00:00,73236.11000000,73434.00000000,72700.60000000,72962.70000000,3215.25114000,1775865599999,234886746.93732420,372630,1675.37951000,122409356.45908210
1775865600000,2026-04-11 00:00:00,72962.71000000,73094.89000000,72670.00000000,72866.63000000,1637.40665000,1775879999999,119356836.01564170,217255,795.17461000,57968866.69421380
1775880000000,2026-04-11 04:00:00,72866.62000000,72954.28000000,72612.16000000,72745.38000000,1432.18692000,1775894399999,104178022.86559570,179735,820.58313000,59687052.39745010
1775894400000,2026-04-11 08:00:00,72745.38000000,72915.95000000,72617.75000000,72907.05000000,905.10314000,1775908799999,65876132.22645970,148187,518.91820000,37767304.11698390
1775908800000,2026-04-11 12:00:00,72907.05000000,72982.40000000,72513.09000000,72858.17000000,1133.77392000,1775923199999,82470629.02328520,228241,521.55824000,37943768.77753470
1775923200000,2026-04-11 16:00:00,72858.18000000,73790.00000000,72812.94000000,73687.15000000,2377.30473000,1775937599999,174320698.80143430,418019,1297.90139000,95138352.45327530
1775937600000,2026-04-11 20:00:00,73687.16000000,73689.97000000,72907.40000000,73043.16000000,1585.16838000,1775951999999,116234794.77725360,280604,719.34048000,52763665.55358400
1775952000000,2026-04-12 00:00:00,73043.16000000,73137.24000000,71310.00000000,71593.19000000,4092.12587000,1775966399999,294609132.27140820,672057,1763.71003000,126897186.15173410
1775966400000,2026-04-12 04:00:00,71593.18000000,71781.00000000,71417.22000000,71665.00000000,1969.72049000,1775980799999,141095647.33438790,193926,928.60105000,66520415.86665140
1775980800000,2026-04-12 08:00:00,71664.99000000,71805.85000000,71357.76000000,71468.55000000,1780.81611000,1775995199999,127536937.07350570,161761,804.12245000,57589898.95562430
1775995200000,2026-04-12 12:00:00,71468.54000000,71500.00000000,70604.07000000,70892.03000000,2361.32179000,1776009599999,167667726.83361940,378976,994.47743000,70609538.19701930
1776009600000,2026-04-12 16:00:00,70892.04000000,71222.58000000,70821.05000000,71084.18000000,991.98626000,1776023999999,70464388.26346080,181390,592.69189000,42106683.37182120
1776024000000,2026-04-12 20:00:00,71084.18000000,71452.00000000,70505.88000000,70740.98000000,2276.49749000,1776038399999,161452060.04020910,480669,1242.71004000,88130165.26817060
1776038400000,2026-04-13 00:00:00,70741.56000000,71271.78000000,70615.30000000,70976.00000000,1886.64720000,1776052799999,134060690.08798200,388627,1077.13443000,76535314.87189540
1776052800000,2026-04-13 04:00:00,70975.99000000,71144.00000000,70672.72000000,70813.88000000,2674.10149000,1776067199999,189623214.30213450,297034,1485.52700000,105352401.43282210
1776067200000,2026-04-13 08:00:00,70813.88000000,70997.12000000,70566.99000000,70929.68000000,1023.04479000,1776081599999,72407437.08399020,263580,513.49151000,36347908.84827320
1776081600000,2026-04-13 12:00:00,70929.68000000,72464.28000000,70758.50000000,71866.59000000,5445.44909000,1776095999999,390027473.77911910,914922,2738.24059000,196128961.49551740
1776096000000,2026-04-13 16:00:00,71866.59000000,73480.00000000,71679.80000000,73322.82000000,6766.75131000,1776110399999,490711722.33207770,919355,3385.86963000,245687011.14365390
1776110400000,2026-04-13 20:00:00,73322.00000000,74900.00000000,73007.08000000,74417.99000000,6434.22237000,1776124799999,476539780.59886240,890021,3439.53589000,254732176.05901660
1776124800000,2026-04-14 00:00:00,74418.00000000,74579.32000000,73954.86000000,74444.43000000,3586.04231000,1776139199999,266464778.74472620,449320,1518.38055000,112851425.72010340
1776139200000,2026-04-14 04:00:00,74444.44000000,74924.64000000,74150.60000000,74546.00000000,3393.84035000,1776153599999,252752729.36363010,402197,1599.62874000,119124176.40822840
1776153600000,2026-04-14 08:00:00,74545.99000000,74910.00000000,74307.35000000,74376.52000000,2697.70497000,1776167999999,201137375.27227880,400168,1306.95783000,97457104.04793700
1776168000000,2026-04-14 12:00:00,74376.52000000,76038.00000000,74277.19000000,75317.07000000,9779.47075000,1776182399999,735820628.11034650,1334906,5676.09776000,427177541.67875640
1776182400000,2026-04-14 16:00:00,75317.06000000,75688.00000000,73795.47000000,74223.18000000,4920.10933000,1776196799999,366726254.82058570,954188,2308.25515000,172003183.22052700
1776196800000,2026-04-14 20:00:00,74223.30000000,74434.33000000,73806.09000000,74131.55000000,2155.77685000,1776211199999,159827223.29565260,492669,904.56953000,67081009.92343710
1776211200000,2026-04-15 00:00:00,74131.55000000,74786.72000000,74126.32000000,74345.97000000,2142.74367000,1776225599999,159569243.11227800,419388,1092.61203000,81357265.41632890
1776225600000,2026-04-15 04:00:00,74345.98000000,74434.51000000,73514.00000000,73730.43000000,3073.41230000,1776239999999,227312740.56205270,412127,1316.75620000,97362321.97591330
1776240000000,2026-04-15 08:00:00,73730.43000000,74256.44000000,73675.96000000,74201.78000000,1889.67298000,1776254399999,139859664.38430350,392889,1006.98607000,74533100.22082490
1776254400000,2026-04-15 12:00:00,74201.78000000,74506.84000000,73580.85000000,73844.08000000,2744.86135000,1776268799999,203453220.03847010,786767,1329.29467000,98557452.63165080
1776268800000,2026-04-15 16:00:00,73844.07000000,75281.00000000,73762.89000000,75002.60000000,2728.37363000,1776283199999,203066774.81131090,688167,1357.64305000,101102655.66126740
1776283200000,2026-04-15 20:00:00,75002.60000000,75425.00000000,74512.06000000,74809.99000000,1845.97774000,1776297599999,138186969.62860670,488454,910.72779000,68199469.26518050
1776297600000,2026-04-16 00:00:00,74809.99000000,75267.85000000,74451.49000000,74888.21000000,1937.97594000,1776311999999,145044520.51265450,493297,941.09550000,70444359.77616050
1776312000000,2026-04-16 04:00:00,74888.21000000,75174.38000000,74636.00000000,74707.03000000,2185.42777000,1776326399999,163816151.96093350,380814,1039.97216000,77955602.72512570
1776326400000,2026-04-16 08:00:00,74707.02000000,74901.50000000,74277.34000000,74574.79000000,2687.27336000,1776340799999,200275229.23073760,397201,1595.25030000,118891108.53431180
1776340800000,2026-04-16 12:00:00,74574.80000000,75030.39000000,73309.85000000,74697.19000000,5210.02393000,1776355199999,386606862.55314740,995409,2408.42650000,178792918.92333500
1776355200000,2026-04-16 16:00:00,74697.20000000,75410.71000000,73912.23000000,75342.99000000,3497.56000000,1776369599999,261186146.77740690,893006,1768.24567000,132097950.95555010
1776369600000,2026-04-16 20:00:00,75343.00000000,75534.76000000,74789.50000000,75154.29000000,1570.42677000,1776383999999,117965212.71473150,422163,848.70781000,63768346.33373590
1776384000000,2026-04-17 00:00:00,75154.28000000,75154.77000000,74529.40000000,74615.82000000,2160.86835000,1776398399999,161648978.78470550,291079,968.84942000,72483858.31347360
1776398400000,2026-04-17 04:00:00,74615.82000000,75089.51000000,74555.12000000,75074.77000000,1339.49148000,1776412799999,100263083.81719610,293749,669.67806000,50127919.49673910
1776412800000,2026-04-17 08:00:00,75074.76000000,76370.25000000,74993.24000000,75589.70000000,4979.26567000,1776427199999,376496117.10876520,785388,2838.05296000,214617095.08587030
1776427200000,2026-04-17 12:00:00,75589.70000000,78052.49000000,75531.97000000,77785.02000000,11844.17586000,1776441599999,913540763.42196410,2111036,7111.99985000,548684304.84396230
1776441600000,2026-04-17 16:00:00,77785.03000000,78333.00000000,77000.00000000,77393.58000000,3865.48754000,1776455999999,299979874.99331080,1052553,2068.81645000,160524366.72527720
1776456000000,2026-04-17 20:00:00,77393.58000000,77611.68000000,76911.00000000,77072.00000000,1752.07804000,1776470399999,135414390.71472830,397362,778.08056000,60149816.53921700
1776470400000,2026-04-18 00:00:00,77072.01000000,77420.08000000,76962.67000000,77005.47000000,1127.42699000,1776484799999,87033978.83928850,281988,596.82212000,46080988.43954400
1776484800000,2026-04-18 04:00:00,77005.47000000,77278.58000000,76884.10000000,76997.80000000,1126.90915000,1776499199999,86860094.19237080,203982,521.13503000,40174614.81166800
1776499200000,2026-04-18 08:00:00,76997.79000000,77048.00000000,75763.76000000,76039.05000000,2670.18059000,1776513599999,203914682.36038350,506182,1126.71571000,86019314.50638060
1776513600000,2026-04-18 12:00:00,76039.06000000,76363.75000000,75797.53000000,76167.34000000,1672.54902000,1776527999999,127375724.51744030,386477,872.74502000,66478375.33096390
1776528000000,2026-04-18 16:00:00,76167.33000000,76211.57000000,75445.16000000,75649.85000000,1564.20833000,1776542399999,118557712.10679900,371618,692.49707000,52483554.30522820
1776542400000,2026-04-18 20:00:00,75649.86000000,75891.64000000,75599.64000000,75691.76000000,980.57048000,1776556799999,74266375.91772520,190865,523.86867000,39681265.15818160
1776556800000,2026-04-19 00:00:00,75691.76000000,75847.42000000,75357.00000000,75515.77000000,1006.37687000,1776571199999,76088047.60732390,248420,413.80948000,31285821.66854170
1776571200000,2026-04-19 04:00:00,75515.76000000,75782.63000000,74867.72000000,75252.34000000,1626.17300000,1776585599999,122490074.63876680,309957,792.06864000,59678105.35067220
1776585600000,2026-04-19 08:00:00,75252.33000000,75641.99000000,74921.74000000,75604.11000000,1388.70023000,1776599999999,104456315.69060510,303690,808.66808000,60834848.49442720
1776600000000,2026-04-19 12:00:00,75604.11000000,76240.66000000,75401.44000000,75846.63000000,2918.88485000,1776614399999,221358396.05196650,585796,1524.12239000,115590865.36963370
1776614400000,2026-04-19 16:00:00,75846.63000000,75853.26000000,74608.00000000,74965.47000000,2037.39620000,1776628799999,152946595.37486270,629800,908.09562000,68156662.72437410
1776628800000,2026-04-19 20:00:00,74965.46000000,74965.47000000,73762.90000000,73801.79000000,2392.29117000,1776643199999,177575941.07726650,662088,1011.85454000,75108183.44498350
1776643200000,2026-04-20 00:00:00,73801.80000000,74746.93000000,73724.31000000,74634.00000000,2498.43670000,1776657599999,185788933.28297290,410708,1271.62557000,94566167.04409800
1776657600000,2026-04-20 04:00:00,74634.01000000,75572.00000000,74095.18000000,74837.17000000,2480.55303000,1776671999999,185383548.53514780,493909,1359.78561000,101645184.72403520
1776672000000,2026-04-20 08:00:00,74837.18000000,75404.63000000,74619.41000000,75192.71000000,1646.53372000,1776686399999,123510536.04558230,446766,934.25792000,70078310.20073930
1776686400000,2026-04-20 12:00:00,75192.72000000,75772.72000000,74702.00000000,75716.77000000,3717.10765000,1776700799999,279843898.44271950,1123802,1885.98844000,142052430.15131890
1776700800000,2026-04-20 16:00:00,75716.78000000,76486.67000000,75289.92000000,76296.96000000,4186.21296000,1776715199999,318328819.93982380,710688,2191.83180000,166691078.30233140
1776715200000,2026-04-20 20:00:00,76296.97000000,76558.62000000,75617.60000000,75840.97000000,2464.56628000,1776729599999,187648178.12482880,377718,1169.21175000,89036005.54319610
1776729600000,2026-04-21 00:00:00,75840.97000000,76263.40000000,75474.77000000,75710.30000000,1612.43915000,1776743999999,122291902.73325620,388276,857.40581000,65045614.63908180
1776744000000,2026-04-21 04:00:00,75710.31000000,76300.00000000,75600.00000000,76084.34000000,2226.77918000,1776758399999,169263835.48129540,328799,1267.69669000,96385894.95837280
1776758400000,2026-04-21 08:00:00,76084.34000000,76927.57000000,76063.98000000,76452.94000000,2659.19547000,1776772799999,203376219.19578890,489087,1392.98096000,106543944.07353790
1776772800000,2026-04-21 12:00:00,76452.94000000,76595.30000000,75430.62000000,75834.65000000,3598.94570000,1776787199999,273375796.75745770,976779,1668.76076000,126772046.62271320
1776787200000,2026-04-21 16:00:00,75834.66000000,76190.72000000,74821.57000000,75023.43000000,2902.15339000,1776801599999,219124196.08474640,947226,1432.87620000,108221061.34870980
1776801600000,2026-04-21 20:00:00,75023.43000000,76425.37000000,74967.58000000,76336.15000000,1913.05843000,1776815999999,144686322.30576650,486046,1053.24246000,79691093.27143930
1776816000000,2026-04-22 00:00:00,76336.14000000,77733.11000000,76132.95000000,77521.48000000,3427.92326000,1776830399999,264048583.14853200,718372,2048.98050000,157809428.51029330
1776830400000,2026-04-22 04:00:00,77521.47000000,78452.18000000,77364.25000000,78012.79000000,4391.05885000,1776844799999,342414280.12642610,619439,2219.12598000,173067894.28217730
1776844800000,2026-04-22 08:00:00,78012.78000000,78399.00000000,77941.59000000,78300.00000000,2316.44812000,1776859199999,180943959.31967700,397191,1228.30969000,95948553.72187630
1776859200000,2026-04-22 12:00:00,78300.00000000,79400.00000000,78114.04000000,79272.90000000,5465.82641000,1776873599999,430572925.02839970,1076339,3162.50997000,249136339.21001020
1776873600000,2026-04-22 16:00:00,79272.91000000,79472.82000000,78632.37000000,78846.62000000,2393.53440000,1776887999999,188975040.56427110,606114,1143.22075000,90276999.37150760
1776888000000,2026-04-22 20:00:00,78846.62000000,78915.84000000,78155.83000000,78178.23000000,1742.72121000,1776902399999,136777297.35902790,339622,573.97745000,45073951.97450230
1776902400000,2026-04-23 00:00:00,78178.22000000,78574.44000000,77453.43000000,77746.46000000,3482.97564000,1776916799999,271870892.98019510,704515,1595.75493000,124651853.83140050
1776916800000,2026-04-23 04:00:00,77746.47000000,78339.35000000,77675.80000000,78048.62000000,1711.42731000,1776931199999,133531521.08754780,367546,853.89687000,66619248.18030040
1776931200000,2026-04-23 08:00:00,78048.61000000,78175.52000000,77174.01000000,77704.62000000,3562.23716000,1776945599999,276391715.50790630,489182,1651.09510000,128053348.65407190
1776945600000,2026-04-23 12:00:00,77704.61000000,78662.50000000,77379.92000000,78376.76000000,3163.89025000,1776959999999,246605347.40417470,791680,1564.31217000,121942667.35924070
1776960000000,2026-04-23 16:00:00,78376.77000000,78509.82000000,76960.00000000,77727.26000000,3947.74807000,1776974399999,306941247.43027520,937534,1584.07508000,123130153.45722070
1776974400000,2026-04-23 20:00:00,77727.25000000,78331.00000000,77637.50000000,78257.48000000,1102.51658000,1776988799999,86008973.94414700,281339,511.62157000,39924862.82557530
1776988800000,2026-04-24 00:00:00,78257.48000000,78581.93000000,77555.00000000,77737.85000000,2050.74535000,1777003199999,160231082.61711680,401198,1048.65863000,81992991.77747090
1777003200000,2026-04-24 04:00:00,77737.84000000,78057.65000000,77457.00000000,77644.60000000,2006.47598000,1777017599999,155931979.60745180,310156,954.54806000,74198634.15680240
1777017600000,2026-04-24 08:00:00,77644.59000000,78372.58000000,77402.01000000,78240.26000000,2919.12540000,1777031999999,227238082.57552030,460974,1575.57543000,122655616.54593470
1777032000000,2026-04-24 12:00:00,78240.27000000,78479.37000000,77577.22000000,78038.62000000,2850.11432000,1777046399999,222458983.35921870,741520,1218.43659000,95101216.04339960
1777046400000,2026-04-24 16:00:00,78038.63000000,78060.29000000,77363.63000000,77628.85000000,1634.32254000,1777060799999,126923663.19824980,454034,729.56435000,56663031.61242110
1777060800000,2026-04-24 20:00:00,77628.84000000,77757.14000000,77264.08000000,77437.13000000,1214.35956000,1777075199999,94148773.24263910,214091,621.28087000,48167167.21728230
1777075200000,2026-04-25 00:00:00,77437.13000000,77711.87000000,77309.92000000,77679.07000000,943.00804000,1777089599999,73078937.55888300,148443,507.88117000,39360337.77944530
1777089600000,2026-04-25 04:00:00,77679.08000000,77691.23000000,77450.00000000,77501.19000000,894.01774000,1777103999999,69335830.54813780,112968,457.67364000,35493050.17455730
1777104000000,2026-04-25 08:00:00,77501.19000000,77885.35000000,77491.36000000,77682.30000000,753.19705000,1777118399999,58535274.14839990,119345,472.94614000,36756561.32073170
1777118400000,2026-04-25 12:00:00,77682.29000000,77752.54000000,77299.89000000,77330.26000000,1006.59668000,1777132799999,78075468.19572300,147328,413.25574000,32063642.71094270
1777132800000,2026-04-25 16:00:00,77330.25000000,77454.31000000,77140.23000000,77330.01000000,1247.67486000,1777147199999,96479134.79319940,165846,609.95922000,47167602.48428360
1777147200000,2026-04-25 20:00:00,77330.00000000,77650.00000000,77311.05000000,77625.00000000,840.61983000,1777161599999,65179359.10081040,112612,538.13764000,41726546.34990870
1777161600000,2026-04-26 00:00:00,77625.00000000,77642.43000000,77326.51000000,77400.21000000,671.17692000,1777175999999,52026700.96226330,113031,267.22928000,20711747.45936400
1777176000000,2026-04-26 04:00:00,77400.21000000,78200.00000000,77383.46000000,78102.53000000,1405.76785000,1777190399999,109590620.36644870,235298,777.95521000,60640408.45238160
1777190400000,2026-04-26 08:00:00,78102.53000000,78210.00000000,77926.59000000,78101.44000000,721.69853000,1777204799999,56328153.45619100,139117,385.22729000,30067656.44081640
1777204800000,2026-04-26 12:00:00,78101.43000000,78173.15000000,77770.00000000,78049.00000000,1130.54235000,1777219199999,88163851.00470440,190222,532.76728000,41560240.33165220
1777219200000,2026-04-26 16:00:00,78049.00000000,78500.00000000,77850.00000000,78221.16000000,1505.06004000,1777233599999,117581165.32577890,236532,646.71480000,50552304.11493970
1777233600000,2026-04-26 20:00:00,78221.17000000,78961.00000000,77843.75000000,78657.55000000,2529.31593000,1777247999999,198301482.36941370,562771,1371.97180000,107617237.80801220
1777248000000,2026-04-27 00:00:00,78657.55000000,79485.66000000,78400.03000000,79105.49000000,3042.99628000,1777262399999,240529569.82998300,627419,1707.32283000,134941231.80287870
1777262400000,2026-04-27 04:00:00,79105.50000000,79160.00000000,77465.05000000,77606.60000000,3608.39615000,1777276799999,281566071.31078240,563977,1591.11554000,124146164.30373230
1777276800000,2026-04-27 08:00:00,77606.59000000,77980.00000000,77553.23000000,77844.26000000,1607.93582000,1777291199999,125083156.72562220,224612,839.19666000,65282866.96168540
1777291200000,2026-04-27 12:00:00,77844.25000000,78265.34000000,76564.33000000,76793.09000000,3804.78309000,1777305599999,294619821.80051630,804957,1642.94110000,127252439.99155000
1777305600000,2026-04-27 16:00:00,76793.10000000,76990.43000000,76459.64000000,76878.07000000,2644.92390000,1777319999999,202958318.45634560,514967,1237.37547000,94973043.50894290
1777320000000,2026-04-27 20:00:00,76878.23000000,77450.00000000,76763.71000000,77371.32000000,1337.88894000,1777334399999,103076611.96094280,246957,694.58059000,53526676.02398410
1777334400000,2026-04-28 00:00:00,77371.32000000,77478.00000000,76672.00000000,76815.18000000,1448.26407000,1777348799999,111629911.59683190,332197,606.73542000,46768174.34828790
1777348800000,2026-04-28 04:00:00,76815.18000000,77154.00000000,76424.90000000,76879.28000000,2882.71195000,1777363199999,221430324.21151580,382433,1523.71605000,117069535.37880220
1777363200000,2026-04-28 08:00:00,76879.28000000,77013.63000000,76130.10000000,76229.00000000,2842.73206000,1777377599999,217812362.87391350,386699,1402.41915000,107478641.97744990
1777377600000,2026-04-28 12:00:00,76228.99000000,76421.94000000,75666.60000000,76066.38000000,3776.77215000,1777391999999,287255204.88163820,711775,1824.31490000,138795585.70842310
1777392000000,2026-04-28 16:00:00,76066.37000000,76380.83000000,75881.28000000,76330.97000000,1381.80454000,1777406399999,105203755.61460940,340246,672.20978000,51182069.23152580
1777406400000,2026-04-28 20:00:00,76330.97000000,76481.30000000,76197.02000000,76342.77000000,878.43906000,1777420799999,67081114.37651240,199096,489.55939000,37387409.55446290
1777420800000,2026-04-29 00:00:00,76342.78000000,77127.62000000,76187.75000000,76994.78000000,1891.92924000,1777435199999,144873826.96277420,344243,1097.01508000,84017620.34912240
1777435200000,2026-04-29 04:00:00,76994.77000000,77455.71000000,76880.00000000,77053.64000000,2974.57510000,1777449599999,229410251.90438960,348103,1648.32841000,127113395.50939700
1777449600000,2026-04-29 08:00:00,77053.65000000,77904.93000000,76972.32000000,77590.03000000,2697.20554000,1777463999999,208968866.54006400,419003,1497.61734000,116015938.12064030
1777464000000,2026-04-29 12:00:00,77590.04000000,77596.39000000,75705.32000000,75924.25000000,5263.52444000,1777478399999,404163485.04778350,884825,2610.96270000,200338355.99754920
1777478400000,2026-04-29 16:00:00,75924.24000000,76274.80000000,74937.52000000,75563.86000000,3962.49362000,1777492799999,299373776.72823400,690524,1991.14291000,150507190.45097490
1777492800000,2026-04-29 20:00:00,75563.87000000,76088.90000000,75497.43000000,75780.00000000,1490.20228000,1777507199999,112945651.16228280,346192,834.95468000,63287241.09107790
1777507200000,2026-04-30 00:00:00,75780.00000000,76473.26000000,75494.70000000,75928.10000000,1613.44526000,1777521599999,122633694.63004900,502145,854.39444000,64978024.92096670
1777521600000,2026-04-30 04:00:00,75928.09000000,76179.91000000,75323.65000000,76161.67000000,1807.58096000,1777535999999,136866891.62574080,413963,1041.36346000,78851007.94402950
1777536000000,2026-04-30 08:00:00,76161.67000000,76339.38000000,75876.29000000,76059.43000000,1712.03014000,1777550399999,130255424.05464520,320857,975.08343000,74190340.13308130
1777550400000,2026-04-30 12:00:00,76059.42000000,76669.14000000,76042.75000000,76473.60000000,3506.19966000,1777564799999,267759179.97779800,757085,1852.18209000,141455548.36439270
1777564800000,2026-04-30 16:00:00,76473.60000000,76514.80000000,76111.00000000,76412.80000000,930.96663000,1777579199999,71072093.06944690,357750,479.50596000,36606043.35329280
1777579200000,2026-04-30 20:00:00,76412.80000000,76568.90000000,76206.02000000,76346.57000000,811.59342000,1777593599999,61997308.33147410,217680,382.66186000,29230418.48606940
1777593600000,2026-05-01 00:00:00,76346.58000000,77453.74000000,76320.42000000,77131.08000000,2250.38749000,1777607999999,172960115.04272430,332552,1110.62270000,85326588.39891440
1777608000000,2026-05-01 04:00:00,77131.08000000,77206.38000000,76653.60000000,77130.54000000,2352.39487000,1777622399999,181246373.43877580,283432,911.22072000,70223069.80229350
1777622400000,2026-05-01 08:00:00,77130.54000000,77600.00000000,77048.00000000,77463.98000000,1968.27324000,1777636799999,152212519.58321600,259648,1145.03400000,88540213.06558710
1777636800000,2026-05-01 12:00:00,77463.98000000,78914.12000000,77408.73000000,78445.89000000,6731.19551000,1777651199999,527305467.46643760,805606,3343.22274000,261832804.12755650
1777651200000,2026-05-01 16:00:00,78445.88000000,78683.23000000,78131.02000000,78360.00000000,2194.42574000,1777665599999,172026718.12860920,435455,1105.07952000,86624900.87584010
1777665600000,2026-05-01 20:00:00,78360.01000000,78422.81000000,77752.00000000,78231.13000000,1818.78817000,1777679999999,142086642.25980130,271765,707.80044000,55302001.53815590
1777680000000,2026-05-02 00:00:00,78231.13000000,78514.82000000,78166.48000000,78400.00000000,1196.13639000,1777694399999,93718172.85236430,193990,583.82095000,45741829.81125020
1777694400000,2026-05-02 04:00:00,78399.99000000,78448.99000000,78040.00000000,78220.00000000,1475.03871000,1777708799999,115371450.50957990,141494,722.07123000,56485091.13971810
1777708800000,2026-05-02 08:00:00,78220.00000000,78394.00000000,78094.43000000,78143.08000000,868.13230000,1777723199999,67933926.49833650,100439,477.78644000,37391028.66692780
1777723200000,2026-05-02 12:00:00,78143.09000000,78487.68000000,78108.41000000,78487.67000000,726.08154000,1777737599999,56872977.98448110,136958,488.16306000,38235836.14109610
1777737600000,2026-05-02 16:00:00,78487.67000000,78596.61000000,78310.54000000,78486.00000000,708.03792000,1777751999999,55550536.21363470,142507,351.15911000,27550837.37258290
1777752000000,2026-05-02 20:00:00,78486.23000000,79199.48000000,78418.32000000,78686.85000000,1177.44956000,1777766399999,92791325.39101330,220755,674.03879000,53129868.54239090
1777766400000,2026-05-03 00:00:00,78686.84000000,78754.55000000,78108.75000000,78203.08000000,1047.76325000,1777780799999,82053926.05437180,208865,391.14324000,30630793.95293370
1777780800000,2026-05-03 04:00:00,78203.07000000,78483.67000000,78084.08000000,78363.25000000,794.16967000,1777795199999,62159747.26219490,131027,408.70730000,32007979.75460030
1777795200000,2026-05-03 08:00:00,78363.24000000,78849.22000000,78354.53000000,78656.01000000,948.77514000,1777809599999,74518710.79692800,151044,645.13713000,50669901.33824710
1777809600000,2026-05-03 12:00:00,78656.01000000,78878.77000000,78586.99000000,78668.36000000,1137.85630000,1777823999999,89575916.35366870,197990,447.34135000,35221697.94591610
1777824000000,2026-05-03 16:00:00,78668.36000000,78853.32000000,78558.65000000,78760.32000000,916.26370000,1777838399999,72097288.59443810,168347,307.95585000,24239754.35818340
1777838400000,2026-05-03 20:00:00,78760.32000000,79447.00000000,78484.42000000,78568.57000000,2580.96484000,1777852799999,203888741.39002710,495201,1264.62925000,99913164.81949440
1777852800000,2026-05-04 00:00:00,78568.58000000,80458.00000000,78288.88000000,80316.31000000,5091.61332000,1777867199999,405849652.36137490,798129,2943.71892000,234688623.77529980
1777867200000,2026-05-04 04:00:00,80316.30000000,80635.51000000,79500.00000000,79696.75000000,3632.41236000,1777881599999,290970799.40581890,446188,1632.40883000,130809915.97150140
1777881600000,2026-05-04 08:00:00,79696.75000000,79930.00000000,78202.00000000,78793.67000000,5989.03806000,1777895999999,472495368.85239550,655591,3221.55035000,254082008.87206070
1777896000000,2026-05-04 12:00:00,78793.67000000,80545.17000000,78500.00000000,80028.85000000,5918.14009000,1777910399999,471086959.50407470,926658,3083.54402000,245430653.26265710
1777910400000,2026-05-04 16:00:00,80028.85000000,80776.99000000,79619.33000000,80053.31000000,3742.49503000,1777924799999,300180394.67987540,648707,1749.19733000,140308261.60792900
1777924800000,2026-05-04 20:00:00,80053.31000000,80397.19000000,79744.91000000,79861.01000000,1669.26249000,1777939199999,133591675.70789970,259331,721.22603000,57735398.38880720
1777939200000,2026-05-05 00:00:00,79861.01000000,81083.98000000,79808.72000000,80893.08000000,2402.14099000,1777953599999,193362338.35932880,378068,1377.94875000,110941834.42663170
1777953600000,2026-05-05 04:00:00,80893.08000000,81323.52000000,80725.00000000,80855.59000000,2974.59341000,1777967999999,240873499.23301560,376455,1302.84689000,105505707.58391970
1777968000000,2026-05-05 08:00:00,80855.59000000,81095.48000000,80527.76000000,81014.05000000,2484.57226000,1777982399999,200675636.29487360,255333,1195.29674000,96550560.66335790
1777982400000,2026-05-05 12:00:00,81014.05000000,81712.32000000,80932.54000000,81525.19000000,4561.19169000,1777996799999,371228843.00066740,703156,2538.94944000,206688342.56004060
1777996800000,2026-05-05 16:00:00,81525.19000000,81680.00000000,81050.04000000,81606.35000000,1780.45876000,1778011199999,144912031.90009560,348055,829.18231000,67520109.41127130
1778011200000,2026-05-05 20:00:00,81606.35000000,81791.48000000,80790.00000000,80905.52000000,2744.22284000,1778025599999,223266680.44295510,429863,1383.92564000,112643234.26123300
1778025600000,2026-05-06 00:00:00,80905.53000000,81760.84000000,80731.14000000,81581.69000000,3011.74344000,1778039999999,244741070.83699290,402234,1982.54356000,161079722.78355390
1778040000000,2026-05-06 04:00:00,81581.70000000,81649.99000000,81060.00000000,81359.82000000,2300.70653000,1778054399999,187249650.61601060,335929,1054.34537000,85813557.73566220
1778054400000,2026-05-06 08:00:00,81359.82000000,82850.00000000,81328.68000000,82522.89000000,5188.93186000,1778068799999,426154900.13281150,583617,2884.51536000,236956793.18099790
1778068800000,2026-05-06 12:00:00,82522.88000000,82539.33000000,81136.00000000,81704.25000000,4508.66020000,1778083199999,368798606.29688130,793007,2065.64028000,168977454.37316210
1778083200000,2026-05-06 16:00:00,81704.25000000,81907.51000000,81200.00000000,81464.87000000,2369.91746000,1778097599999,193245510.04107190,393608,1335.01870000,108896902.97737670
1778097600000,2026-05-06 20:00:00,81464.86000000,81700.00000000,81000.00000000,81447.01000000,1418.81447000,1778111999999,115460886.83748010,286312,654.62478000,53284643.17946070
1778112000000,2026-05-07 00:00:00,81447.01000000,81490.03000000,80830.23000000,80834.91000000,2068.17310000,1778126399999,167618852.38283720,392967,957.64530000,77631540.67154350
1778126400000,2026-05-07 04:00:00,80834.92000000,81708.32000000,80725.09000000,81518.58000000,2038.83969000,1778140799999,165615423.34983900,310508,1147.15803000,93198785.30694900
1778140800000,2026-05-07 08:00:00,81518.57000000,81590.00000000,80572.40000000,80866.65000000,2364.09693000,1778155199999,191593255.96505180,327251,1121.55505000,90862445.39737100
1778155200000,2026-05-07 12:00:00,80866.65000000,81180.00000000,79699.52000000,79890.63000000,4826.66306000,1778169599999,387835749.73350320,699919,2134.32969000,171569084.91196710
1778169600000,2026-05-07 16:00:00,79890.00000000,80269.06000000,79500.00000000,80146.11000000,3315.14425000,1778183999999,264879682.89320340,529240,1511.33069000,120764444.75395970
1778184000000,2026-05-07 20:00:00,80146.77000000,80371.23000000,79582.95000000,80006.00000000,1541.88635000,1778198399999,123223417.77789930,280444,753.13003000,60192457.70554050
1778198400000,2026-05-08 00:00:00,80006.00000000,80142.84000000,79181.48000000,79578.85000000,3093.73664000,1778212799999,246521433.78207030,345140,1559.09789000,124296260.29787250
1778212800000,2026-05-08 04:00:00,79578.84000000,79778.95000000,79248.58000000,79682.40000000,2410.56518000,1778227199999,191729371.91178390,297876,1173.28925000,93327438.53920920
1778227200000,2026-05-08 08:00:00,79682.40000000,80340.94000000,79666.05000000,80231.22000000,2348.19703000,1778241599999,187887211.44594570,289634,1345.66317000,107664255.56504040
1778241600000,2026-05-08 12:00:00,80231.22000000,80500.00000000,79549.54000000,80142.14000000,3741.40163000,1778255999999,299281685.95961430,697304,1965.10804000,157209109.24314120
1778256000000,2026-05-08 16:00:00,80142.13000000,80299.99000000,79738.75000000,80179.94000000,3047.90033000,1778270399999,244074210.67311800,440133,1660.18590000,132948738.28738130
1778270400000,2026-05-08 20:00:00,80180.00000000,80409.09000000,80089.76000000,80193.17000000,1359.50928000,1778284799999,109072131.64472960,195285,625.04229000,50154234.25981940
1778284800000,2026-05-09 00:00:00,80193.18000000,80550.67000000,80129.85000000,80383.95000000,1093.10948000,1778299199999,87838021.13107570,169580,617.95306000,49657943.13636480
1778299200000,2026-05-09 04:00:00,80383.96000000,80666.66000000,80135.00000000,80228.89000000,1481.48785000,1778313599999,119043207.92247850,178507,752.85493000,60505176.82168320
1778313600000,2026-05-09 08:00:00,80228.88000000,80452.44000000,80166.26000000,80345.46000000,1009.73824000,1778327999999,81097106.50080450,117110,564.15579000,45310142.23504000
1778328000000,2026-05-09 12:00:00,80345.47000000,80600.00000000,80234.00000000,80527.92000000,1439.92073000,1778342399999,115729842.96101170,166073,903.30046000,72601462.34495930
1778342400000,2026-05-09 16:00:00,80527.92000000,81080.00000000,80487.40000000,80938.53000000,1533.85565000,1778356799999,123906317.93952900,227656,818.09719000,66087574.21810400
1778356800000,2026-05-09 20:00:00,80938.53000000,80938.53000000,80621.88000000,80678.40000000,990.30982000,1778371199999,79981729.53152070,143447,376.36423000,30392241.56935390
1778371200000,2026-05-10 00:00:00,80678.41000000,80887.15000000,80572.77000000,80775.00000000,1332.26793000,1778385599999,107502912.26538460,154990,689.25227000,55619881.18025080
1778385600000,2026-05-10 04:00:00,80774.99000000,80840.00000000,80658.97000000,80736.03000000,1238.41638000,1778399999999,100011257.10202950,137194,640.10691000,51696171.60784210
1778400000000,2026-05-10 08:00:00,80736.03000000,80975.40000000,80691.00000000,80821.21000000,1108.70905000,1778414399999,89613061.19343900,151511,581.73234000,47023177.29351630
1778414400000,2026-05-10 12:00:00,80821.21000000,81442.81000000,80784.20000000,81418.01000000,1642.67937000,1778428799999,133127974.36512670,249005,887.72758000,71959813.67975760
1778428800000,2026-05-10 16:00:00,81418.01000000,81583.11000000,81148.00000000,81437.83000000,1798.22732000,1778443199999,146333824.87734510,284670,965.68496000,78590912.86064100
1778443200000,2026-05-10 20:00:00,81437.83000000,82479.32000000,80279.77000000,82210.07000000,4914.01877000,1778457599999,400634684.46014960,824238,2631.39254000,214615234.89312870
1778457600000,2026-05-11 00:00:00,82210.07000000,82380.00000000,80525.00000000,80736.01000000,3139.85094000,1778471999999,255479585.05223540,614787,1459.52259000,118827670.90972380
1778472000000,2026-05-11 04:00:00,80736.00000000,81049.51000000,80639.99000000,80740.40000000,1595.10256000,1778486399999,128881022.58659590,244189,641.60116000,51843752.67642690
1778486400000,2026-05-11 08:00:00,80740.40000000,81200.00000000,80621.87000000,81196.94000000,1639.39360000,1778500799999,132720347.19478080,271633,819.00871000,66304472.89073490
1778500800000,2026-05-11 12:00:00,81196.95000000,81458.00000000,80462.97000000,81445.90000000,2668.23418000,1778515199999,216243652.72897040,650159,1283.73054000,104070108.54717010
1778515200000,2026-05-11 16:00:00,81445.89000000,82137.26000000,81344.72000000,81961.99000000,2673.46567000,1778529599999,218772682.03585540,529808,1389.84255000,113744701.07470400
1778529600000,2026-05-11 20:00:00,81961.99000000,82078.91000000,81596.31000000,81745.65000000,1235.71361000,1778543999999,101096381.27731770,265820,538.66794000,44070213.39764400
1778544000000,2026-05-12 00:00:00,81745.66000000,81788.00000000,80714.28000000,81058.80000000,1860.32116000,1778558399999,151124237.95031380,388045,821.96024000,66781251.97268080
1778558400000,2026-05-12 04:00:00,81058.79000000,81305.24000000,80800.77000000,80865.40000000,1779.90239000,1778572799999,144381281.57398650,268668,828.58951000,67211412.65440770
1778572800000,2026-05-12 08:00:00,80865.40000000,80964.13000000,80496.57000000,80784.87000000,1973.06446000,1778587199999,159362666.50829100,294919,1083.89334000,87559251.70586440
1778587200000,2026-05-12 12:00:00,80784.86000000,80999.00000000,80188.65000000,80336.01000000,3205.73752000,1778601599999,258409868.46615380,710778,1463.66427000,118031466.36048910
1778601600000,2026-05-12 16:00:00,80336.01000000,80874.42000000,79843.59000000,80834.64000000,2673.67675000,1778615999999,214814079.40157980,453833,1094.44510000,87970748.33188650
1778616000000,2026-05-12 20:00:00,80835.30000000,80896.25000000,80439.91000000,80504.47000000,893.55448000,1778630399999,72088033.54035210,228894,423.65139000,34185709.06147230
1778630400000,2026-05-13 00:00:00,80504.47000000,81299.99000000,80412.15000000,81249.99000000,1575.91837000,1778644799999,127656230.67283540,334232,866.70498000,70208217.63345080
1778644800000,2026-05-13 04:00:00,81249.99000000,81281.07000000,80889.12000000,81026.92000000,1495.76347000,1778659199999,121245223.76307260,198694,632.58259000,51283437.53274870
1778659200000,2026-05-13 08:00:00,81026.92000000,81324.64000000,80494.98000000,80501.22000000,1841.28298000,1778673599999,149042536.93356840,306180,882.99920000,71483330.20162460
1778673600000,2026-05-13 12:00:00,80501.22000000,80592.65000000,78807.22000000,78827.21000000,5073.46241000,1778687999999,404393745.27611370,803873,2235.42639000,178289094.75750590
1778688000000,2026-05-13 16:00:00,78827.21000000,79800.00000000,78754.65000000,79642.41000000,3344.60077000,1778702399999,265102268.06999800,455154,1723.29111000,136673171.00921560
1778702400000,2026-05-13 20:00:00,79642.41000000,79760.00000000,79228.00000000,79313.61000000,1479.02843000,1778716799999,117489838.15323550,252437,820.63755000,65192745.69964940
1778716800000,2026-05-14 00:00:00,79313.61000000,79681.73000000,78922.00000000,79044.85000000,2209.55472000,1778731199999,175540098.78128820,397326,1125.10393000,89408121.43264150
1778731200000,2026-05-14 04:00:00,79044.86000000,79998.00000000,78982.06000000,79745.98000000,2068.97946000,1778745599999,164790849.72912720,308952,1108.34966000,88264223.88646520
1778745600000,2026-05-14 08:00:00,79745.99000000,79936.98000000,79234.00000000,79258.27000000,1846.46215000,1778759999999,147094020.37609480,288904,897.03364000,71472284.70516700
1778760000000,2026-05-14 12:00:00,79258.27000000,81332.23000000,79230.31000000,81301.23000000,5702.09728000,1778774399999,459033748.06255070,868440,3267.24661000,263050740.68933150
1778774400000,2026-05-14 16:00:00,81301.22000000,82048.13000000,81080.25000000,81419.74000000,6279.93607000,1778788799999,512349082.85612970,947517,3691.95403000,301268383.93206640
1778788800000,2026-05-14 20:00:00,81419.75000000,81590.19000000,81059.93000000,81089.99000000,1620.83839000,1778803199999,131848675.21360640,289907,660.51988000,53741705.18902270
1778803200000,2026-05-15 00:00:00,81090.00000000,81664.45000000,80750.00000000,81059.15000000,2453.72559000,1778817599999,199331253.27596490,573517,1280.95210000,104075210.66587150
1778817600000,2026-05-15 04:00:00,81059.15000000,81100.00000000,80314.00000000,80814.88000000,3091.10140000,1778831999999,249281204.18383940,465782,1534.67227000,123769445.49369270
1778832000000,2026-05-15 08:00:00,80814.88000000,80822.95000000,80369.00000000,80628.53000000,1706.25967000,1778846399999,137498908.84775790,332890,878.18127000,70772521.32719850
1778846400000,2026-05-15 12:00:00,80628.52000000,80635.44000000,78659.00000000,79150.27000000,6208.56941000,1778860799999,492850761.66704660,1113399,2889.06704000,229453769.34074110
1778860800000,2026-05-15 16:00:00,79150.26000000,79561.94000000,79051.00000000,79146.50000000,1959.36078000,1778875199999,155332090.46241860,471899,773.95584000,61355935.28806830
1778875200000,2026-05-15 20:00:00,79146.50000000,79217.07000000,78911.42000000,79113.21000000,1932.25394000,1778889599999,152858455.93184080,226627,976.34993000,77239151.80042380
1778889600000,2026-05-16 00:00:00,79113.20000000,79227.77000000,79010.00000000,79083.18000000,1248.18280000,1778903999999,98782149.87817340,172892,609.33799000,48224483.15919160
1778904000000,2026-05-16 04:00:00,79083.19000000,79129.71000000,78066.00000000,78369.77000000,2404.82958000,1778918399999,189004677.98538790,368303,1038.85332000,81649224.54380250
1778918400000,2026-05-16 08:00:00,78369.78000000,78530.52000000,77640.00000000,78081.71000000,3846.10003000,1778932799999,300108345.86338950,465246,1504.73156000,117457162.63964100
1778932800000,2026-05-16 12:00:00,78080.46000000,78346.00000000,77833.40000000,78238.67000000,2684.35726000,1778947199999,209458549.66761240,277288,1605.60019000,125277808.00634400
1778947200000,2026-05-16 16:00:00,78238.68000000,78364.65000000,78119.72000000,78259.66000000,1260.04581000,1778961599999,98598246.61899460,183025,663.22865000,51904118.18192610
1778961600000,2026-05-16 20:00:00,78259.67000000,78318.94000000,78125.32000000,78148.05000000,689.34644000,1778975999999,53938686.64529320,130907,354.55967000,27745392.90444290
1778976000000,2026-05-17 00:00:00,78148.05000000,78243.19000000,77721.19000000,78028.88000000,1284.92928000,1778990399999,100153382.38109490,259487,538.38768000,41961231.34950720
1778990400000,2026-05-17 04:00:00,78028.88000000,78323.96000000,78003.35000000,78180.01000000,952.09545000,1779004799999,74402882.80456990,139896,504.21659000,39404400.83217930
1779004800000,2026-05-17 08:00:00,78180.00000000,78599.99000000,78033.01000000,78415.99000000,1136.18338000,1779019199999,89016794.93000750,208939,595.80761000,46681533.72230810
1779019200000,2026-05-17 12:00:00,78415.99000000,78550.00000000,77850.00000000,78051.41000000,1115.91599000,1779033599999,87238754.97562370,241451,428.08159000,33469290.96487610
1779033600000,2026-05-17 16:00:00,78051.42000000,78468.46000000,77856.69000000,78415.30000000,837.07576000,1779047999999,65398691.53956840,212443,451.50486000,35279078.19769530
1779048000000,2026-05-17 20:00:00,78415.29000000,78485.36000000,76735.16000000,77457.67000000,3116.50234000,1779062399999,241850975.01398760,508217,1379.86937000,107063351.84215500
1779062400000,2026-05-18 00:00:00,77457.67000000,77477.99000000,76707.61000000,76924.65000000,2888.01155000,1779076799999,222451363.25259880,682471,1459.39597000,112403145.01865090
1779076800000,2026-05-18 04:00:00,76924.66000000,77089.29000000,76583.33000000,77073.69000000,2702.66726000,1779091199999,207940327.32724540,378018,1334.25748000,102654732.52709100
1779091200000,2026-05-18 08:00:00,77073.69000000,77403.48000000,76668.58000000,77285.83000000,2052.55387000,1779105599999,158009262.43991410,347335,1002.22672000,77167967.94991290
1779105600000,2026-05-18 12:00:00,77285.83000000,77800.00000000,76051.00000000,76409.46000000,6216.09738000,1779119999999,476782195.48523420,1093285,2702.88431000,207389463.18862080
1779120000000,2026-05-18 16:00:00,76409.46000000,76995.00000000,76144.24000000,76928.00000000,3295.85681000,1779134399999,252179256.01420050,719150,1642.79671000,125690397.29718010
1779134400000,2026-05-18 20:00:00,76928.00000000,77222.79000000,76800.00000000,77001.87000000,1590.32991000,1779148799999,122499627.37277820,309069,774.89672000,59693282.34386050
1779148800000,2026-05-19 00:00:00,77001.88000000,77414.62000000,76487.83000000,76787.11000000,2006.76014000,1779163199999,154312071.72062430,409793,958.30837000,73715324.80635000
1779163200000,2026-05-19 04:00:00,76787.10000000,77278.57000000,76644.98000000,77233.69000000,1508.45954000,1779177599999,116135166.59860940,312349,720.91714000,55512622.06052890
1779177600000,2026-05-19 08:00:00,77233.68000000,77317.02000000,76633.83000000,76714.62000000,1745.68912000,1779191999999,134330028.54780660,353681,882.41092000,67910151.89090200
1779192000000,2026-05-19 12:00:00,76714.61000000,77048.72000000,76144.71000000,76521.23000000,3363.76947000,1779206399999,257708472.14354810,686940,1721.22016000,131882062.24510770
1779206400000,2026-05-19 16:00:00,76521.24000000,77065.80000000,76407.72000000,76818.74000000,1634.99916000,1779220799999,125582001.00743230,360896,958.73866000,73647678.68258380
1779220800000,2026-05-19 20:00:00,76818.73000000,77040.83000000,76642.95000000,76834.36000000,765.18235000,1779235199999,58836638.28978280,191462,439.17923000,33767266.37659520
1779235200000,2026-05-20 00:00:00,76834.36000000,76922.46000000,76516.74000000,76723.54000000,1561.80100000,1779249599999,119804401.42589810,376048,655.71954000,50302964.46092220
1779249600000,2026-05-20 04:00:00,76723.55000000,77472.21000000,76692.00000000,77282.64000000,2218.09189000,1779263999999,171138256.89110020,304596,1187.91332000,91668956.51709980
1779264000000,2026-05-20 08:00:00,77282.65000000,77663.00000000,77210.33000000,77382.49000000,1682.41191000,1779278399999,130363005.92878530,223205,859.63062000,66616091.38605930
1779278400000,2026-05-20 12:00:00,77382.50000000,77853.04000000,76891.61000000,77455.46000000,3039.76807000,1779292799999,235264407.06601660,771773,1516.92852000,117416046.15141350
1779292800000,2026-05-20 16:00:00,77455.45000000,77713.66000000,77018.38000000,77667.49000000,1712.28825000,1779307199999,132639714.87526050,465144,981.71835000,76051703.66778240
1779307200000,2026-05-20 20:00:00,77667.49000000,77766.60000000,77226.61000000,77552.23000000,1081.90195000,1779321599999,83881485.28457440,296988,404.25207000,31346238.04803240
1779321600000,2026-05-21 00:00:00,77552.24000000,78173.15000000,77525.00000000,78078.72000000,2263.95690000,1779335999999,176450002.83957940,323259,1243.43606000,96906174.52677070
1779336000000,2026-05-21 04:00:00,78078.72000000,78180.01000000,77521.00000000,77889.01000000,1454.09234000,1779350399999,113174708.19111530,273599,636.59470000,49549073.37588470
1779350400000,2026-05-21 08:00:00,77889.01000000,78200.00000000,77147.15000000,77189.10000000,1934.87402000,1779364799999,150109563.93228840,398191,975.99332000,75681306.10440600
1779364800000,2026-05-21 12:00:00,77189.10000000,77402.12000000,76719.47000000,77259.46000000,2353.90440000,1779379199999,181463283.85318000,636222,1169.83243000,90200402.07440120
1779379200000,2026-05-21 16:00:00,77259.45000000,78098.16000000,77008.75000000,77690.56000000,2693.31851000,1779393599999,208942205.99748390,628414,1444.94401000,112090844.88202120
1779393600000,2026-05-21 20:00:00,77690.56000000,77813.35000000,77534.43000000,77615.52000000,618.11224000,1779407999999,48028932.41410220,213461,294.20802000,22862944.17776940
1779408000000,2026-05-22 00:00:00,77615.52000000,77817.80000000,77327.28000000,77779.98000000,884.30161000,1779422399999,68607031.55872120,262036,427.17072000,33143756.57727980
1779422400000,2026-05-22 04:00:00,77779.98000000,77900.00000000,77288.77000000,77408.06000000,1756.84353000,1779436799999,136273565.87749400,283504,906.59324000,70335702.64321330
1779436800000,2026-05-22 08:00:00,77408.07000000,77535.00000000,77184.45000000,77428.84000000,1436.53453000,1779451199999,111089623.56654120,267845,801.66016000,61993475.60582690
1779451200000,2026-05-22 12:00:00,77428.83000000,77584.94000000,76570.00000000,76790.59000000,2613.83665000,1779465599999,201277486.67585660,538200,1214.33412000,93508827.95501310
1779465600000,2026-05-22 16:00:00,76790.60000000,77093.72000000,75668.76000000,75860.44000000,2815.05544000,1779479999999,215062349.72039050,642354,1155.82446000,88356481.99798290
1779480000000,2026-05-22 20:00:00,75860.44000000,76087.85000000,75359.18000000,75539.50000000,1765.78958000,1779494399999,133890403.51145600,376844,699.40806000,53036409.83013290
1779494400000,2026-05-23 00:00:00,75539.50000000,75664.62000000,75220.00000000,75635.22000000,1896.10926000,1779508799999,143081863.38137340,379391,873.48877000,65916406.95457040
1779508800000,2026-05-23 04:00:00,75635.22000000,75650.63000000,74289.60000000,74609.36000000,2690.99014000,1779523199999,201843393.98993970,291493,1110.13648000,83245553.42272170
1779523200000,2026-05-23 08:00:00,74609.37000000,74873.55000000,74303.56000000,74789.99000000,2509.09623000,1779537599999,187368569.34013420,228680,1275.25508000,95249750.40137700
1779537600000,2026-05-23 12:00:00,74789.99000000,75726.30000000,74660.05000000,75520.00000000,2943.50010000,1779551999999,221349476.89666040,296058,1733.63409000,130365734.35154650
1779552000000,2026-05-23 16:00:00,75519.99000000,76012.22000000,75371.72000000,75983.45000000,1772.27259000,1779566399999,134064251.76955570,295468,978.40975000,74012454.73401060
1779566400000,2026-05-23 20:00:00,75983.45000000,77404.18000000,75953.94000000,76752.01000000,3274.91982000,1779580799999,251289050.39615260,612446,1767.66302000,135616971.82607210
1779580800000,2026-05-24 00:00:00,76752.00000000,77011.62000000,76629.02000000,76750.00000000,1051.70404000,1779595199999,80792933.07953450,212742,538.63284000,41381254.67904810
1779595200000,2026-05-24 04:00:00,76750.01000000,77065.94000000,76651.59000000,76799.99000000,817.66826000,1779609599999,62814260.39793850,156102,385.23253000,29602440.45550040
1779609600000,2026-05-24 08:00:00,76799.99000000,77543.15000000,76734.42000000,77320.06000000,1746.24676000,1779623999999,134690446.94470620,220137,1008.35064000,77772742.26460600
1779624000000,2026-05-24 12:00:00,77320.06000000,77325.72000000,76195.36000000,76371.59000000,1982.25663000,1779638399999,151975091.48231760,328989,992.08098000,76034392.53556460
1779638400000,2026-05-24 16:00:00,76371.59000000,76799.99000000,76371.59000000,76773.34000000,882.04437000,1779652799999,67601817.99467420,221766,522.87538000,40072988.46425080
1779652800000,2026-05-24 20:00:00,76773.33000000,77225.97000000,76108.00000000,77064.96000000,1918.08150000,1779667199999,147050967.71214500,473233,1065.96039000,81764263.88922420
1779667200000,2026-05-25 00:00:00,77064.96000000,77485.00000000,76914.25000000,77026.67000000,1368.40440000,1779681599999,105578637.73121580,399478,646.22050000,49867925.16303510
1779681600000,2026-05-25 04:00:00,77026.68000000,77650.00000000,76990.78000000,77401.12000000,1348.52945000,1779695999999,104322120.67559960,271955,726.71087000,56225434.45486240
1779696000000,2026-05-25 08:00:00,77401.11000000,77699.97000000,77280.32000000,77357.50000000,1214.44703000,1779710399999,94099984.94745140,225247,589.81288000,45695676.94095770
1779710400000,2026-05-25 12:00:00,77357.50000000,77905.52000000,77286.50000000,77628.82000000,1563.39696000,1779724799999,121251852.84713820,336312,758.01746000,58786691.52509380
1779724800000,2026-05-25 16:00:00,77628.82000000,77807.29000000,77343.61000000,77441.86000000,1121.16576000,1779739199999,86986025.64941080,262382,546.84700000,42423205.24643460
1779739200000,2026-05-25 20:00:00,77441.85000000,77500.00000000,77019.82000000,77322.01000000,1056.37837000,1779753599999,81629383.14678150,283135,376.77283000,29127362.37702590
1779753600000,2026-05-26 00:00:00,77322.01000000,77345.00000000,76475.59000000,76664.01000000,2145.81269000,1779767999999,164738004.84696790,395497,959.71538000,73663856.01049690
1779768000000,2026-05-26 04:00:00,76664.00000000,77059.74000000,76603.73000000,76730.84000000,2043.20430000,1779782399999,156924704.35364840,323205,1101.74316000,84610330.84376100
1779782400000,2026-05-26 08:00:00,76730.84000000,77621.75000000,76586.94000000,77183.55000000,1896.99632000,1779796799999,146246716.33127000,437344,1093.23542000,84264284.10684540
1779796800000,2026-05-26 12:00:00,77183.56000000,78080.00000000,76272.63000000,76518.10000000,4834.08460000,1779811199999,372249541.91346070,1013990,2293.30111000,176703480.69503150
1779811200000,2026-05-26 16:00:00,76518.10000000,76710.01000000,75779.30000000,76052.00000000,4688.69854000,1779825599999,357349325.24623730,860782,1755.65339000,133764151.34843760
1779825600000,2026-05-26 20:00:00,76052.00000000,76180.00000000,75677.97000000,75930.01000000,1344.67984000,1779839999999,102101025.00600740,329927,663.39204000,50370041.87214270
1779840000000,2026-05-27 00:00:00,75930.01000000,76104.02000000,75607.62000000,75683.00000000,2404.25109000,1779854399999,182437480.57988710,350806,1251.46277000,94978374.94999750
1779854400000,2026-05-27 04:00:00,75683.00000000,75980.00000000,75310.90000000,75977.17000000,2224.40852000,1779868799999,168342969.91393340,390149,1099.61839000,83250453.33350480
1779868800000,2026-05-27 08:00:00,75977.16000000,76071.41000000,75710.76000000,75769.18000000,1291.66875000,1779883199999,98055997.86377890,330751,715.92910000,54350559.29636850
1779883200000,2026-05-27 12:00:00,75769.18000000,76174.15000000,74758.33000000,75326.01000000,5186.20338000,1779897599999,389924669.07202600,1041783,2155.38354000,162118758.58370000
1779897600000,2026-05-27 16:00:00,75326.02000000,75408.01000000,74663.45000000,75066.08000000,3165.53822000,1779911999999,237469097.37167780,660988,1458.72293000,109434870.07962430
1779912000000,2026-05-27 20:00:00,75066.09000000,75415.81000000,74243.99000000,74449.30000000,2605.70487000,1779926399999,194450048.10752110,592591,1309.70119000,97747839.10890400
1779926400000,2026-05-28 00:00:00,74449.31000000,74590.77000000,73060.59000000,73258.01000000,5727.94403000,1779940799999,422454652.77563790,957958,3044.53531000,224565850.39811790
1779940800000,2026-05-28 04:00:00,73258.00000000,73512.14000000,72728.85000000,73498.00000000,4799.61020000,1779955199999,350788898.97205670,613599,2398.22201000,175312520.87621260
1779955200000,2026-05-28 08:00:00,73498.00000000,73616.00000000,73193.13000000,73505.66000000,1994.38372000,1779969599999,146414650.85752350,379544,1103.18168000,80994322.78916870
1779969600000,2026-05-28 12:00:00,73505.65000000,73580.75000000,72582.82000000,72928.73000000,4632.38493000,1779983999999,338350899.72071730,1025017,2533.09841000,185049064.01611080
1779984000000,2026-05-28 16:00:00,72928.73000000,73749.69000000,72741.40000000,73419.32000000,2524.28664000,1779998399999,185327073.94901450,520421,1349.89247000,99094348.57783900
1779998400000,2026-05-28 20:00:00,73419.31000000,73949.22000000,73241.48000000,73617.51000000,1595.41074000,1780012799999,117472349.23232470,303174,856.44819000,63054435.39378420
1780012800000,2026-05-29 00:00:00,73617.52000000,73868.33000000,73189.11000000,73301.52000000,2123.30407000,1780027199999,156251092.45919220,362421,1080.04009000,79491918.85957630
1780027200000,2026-05-29 04:00:00,73301.53000000,73939.19000000,73210.21000000,73528.56000000,2641.80699000,1780041599999,194346867.67810970,337489,1526.35961000,112276015.20451780
1780041600000,2026-05-29 08:00:00,73528.55000000,73902.85000000,73341.85000000,73487.98000000,2197.79295000,1780055999999,161975355.42346680,288370,1424.31866000,104978500.28968730
1780056000000,2026-05-29 12:00:00,73487.98000000,74200.00000000,72512.49000000,73808.26000000,4624.93207000,1780070399999,338945900.86041730,955004,2485.49833000,182248226.08264480
1780070400000,2026-05-29 16:00:00,73808.25000000,74514.10000000,73187.25000000,73520.28000000,5596.86593000,1780084799999,414173826.59814460,676951,3457.93496000,256092074.36921330
1780084800000,2026-05-29 20:00:00,73520.29000000,73844.00000000,73320.00000000,73460.78000000,1502.03940000,1780099199999,110413449.88709640,277083,694.22047000,51035155.08439750
1780099200000,2026-05-30 00:00:00,73460.78000000,73796.43000000,73408.62000000,73524.01000000,1539.64276000,1780113599999,113323762.94910000,194546,795.73059000,58568720.96818560
1780113600000,2026-05-30 04:00:00,73524.01000000,73709.91000000,73216.00000000,73548.60000000,1487.87007000,1780127999999,109352098.12618650,245090,831.54040000,61142275.45782730
1780128000000,2026-05-30 08:00:00,73548.60000000,73680.75000000,73500.02000000,73602.02000000,1076.47863000,1780142399999,79212007.50089430,121936,580.87537000,42741455.96371690
1780142400000,2026-05-30 12:00:00,73602.01000000,74100.00000000,73594.40000000,73930.14000000,1485.09864000,1780156799999,109676214.08589250,237589,881.63375000,65105048.86419790
1780156800000,2026-05-30 16:00:00,73930.13000000,74143.76000000,73811.30000000,74016.65000000,836.20775000,1780171199999,61866638.45890540,182606,492.35567000,36429491.92946900
1780171200000,2026-05-30 20:00:00,74016.64000000,74054.00000000,73781.30000000,73884.38000000,1090.11124000,1780185599999,80558664.99054200,142639,535.97509000,39605080.08390960
1780185600000,2026-05-31 00:00:00,73884.38000000,74275.66000000,73858.56000000,74150.64000000,1099.56261000,1780199999999,81450558.59258300,244533,594.46175000,44036678.37901380
1780200000000,2026-05-31 04:00:00,74150.64000000,74221.33000000,73836.00000000,73871.24000000,869.39106000,1780214399999,64375261.50120540,149705,380.15938000,28153490.30736940
1780214400000,2026-05-31 08:00:00,73871.25000000,74024.00000000,73699.20000000,73937.79000000,1250.59286000,1780228799999,92398964.39091150,173955,517.95475000,38273735.98121010
1780228800000,2026-05-31 12:00:00,73937.63000000,74023.99000000,73483.05000000,73655.21000000,1349.33176000,1780243199999,99503135.83562940,253612,585.74208000,43194771.48981050
1780243200000,2026-05-31 16:00:00,73655.20000000,73734.00000000,73400.00000000,73563.42000000,985.40321000,1780257599999,72509378.39632070,200563,504.75645000,37148031.29357260
1780257600000,2026-05-31 20:00:00,73563.41000000,74198.00000000,73500.00000000,73674.39000000,1432.17557000,1780271999999,105670233.87254720,341069,824.39802000,60823044.63553300
1780272000000,2026-06-01 00:00:00,73674.39000000,74092.00000000,73222.00000000,73769.06000000,1797.97503000,1780286399999,132503071.00444900,517267,858.15429000,63239300.77985940
1780286400000,2026-06-01 04:00:00,73769.06000000,73841.37000000,72704.00000000,72818.00000000,2313.77580000,1780300799999,169351798.37912210,519944,1000.54064000,73256855.00204970
1780300800000,2026-06-01 08:00:00,72818.00000000,73095.64000000,72290.00000000,72479.99000000,4064.81004000,1780315199999,295822836.11862430,494971,1474.91210000,107345819.21945090
1780315200000,2026-06-01 12:00:00,72480.00000000,72610.00000000,71066.33000000,71129.62000000,8608.45364000,1780329599999,617467508.61049070,1508444,4175.91321000,299537339.36168960
1780329600000,2026-06-01 16:00:00,71129.62000000,71800.73000000,70686.68000000,71595.24000000,4920.23395000,1780343999999,350869050.87428940,715031,2929.75660000,208974645.80847960
1780344000000,2026-06-01 20:00:00,71595.24000000,71690.00000000,70840.90000000,71408.90000000,2215.84338000,1780358399999,157944073.69590210,482116,1161.02712000,82755211.94527820
1780358400000,2026-06-02 00:00:00,71408.90000000,71408.90000000,70111.00000000,70953.69000000,3525.64758000,1780372799999,249850079.24951260,740992,1559.31579000,110517766.69659480
1780372800000,2026-06-02 04:00:00,70953.70000000,71048.00000000,69733.00000000,70118.42000000,4217.43297000,1780387199999,296424153.23844710,754037,1998.90357000,140518351.89062800
1780387200000,2026-06-02 08:00:00,70118.42000000,70172.00000000,69324.65000000,69461.72000000,3766.33037000,1780401599999,262275224.72913900,710514,1750.71972000,121890360.32807670
1780401600000,2026-06-02 12:00:00,69461.73000000,69548.13000000,67076.00000000,67304.28000000,9534.68154000,1780415999999,651185416.47911890,1597097,4370.37942000,298518926.58175840
1780416000000,2026-06-02 16:00:00,67304.29000000,68146.30000000,66432.00000000,67315.14000000,5955.13830000,1780430399999,401049257.91148170,1144705,2924.41178000,197135870.19507590
1780430400000,2026-06-02 20:00:00,67315.14000000,67923.24000000,66193.00000000,66760.83000000,5858.96510000,1780444799999,392564446.37542870,1303332,3071.76122000,205861206.15359870
1780444800000,2026-06-03 00:00:00,66760.84000000,67204.15000000,65426.34000000,65849.90000000,5876.92165000,1780459199999,390273983.92057260,1076017,2665.29964000,177241710.55236250
1780459200000,2026-06-03 04:00:00,65849.90000000,67516.00000000,65834.00000000,67220.03000000,5699.32885000,1780473599999,381781195.60465460,994422,3264.69518000,218641622.02997000
1780473600000,2026-06-03 08:00:00,67220.03000000,67476.69000000,66656.48000000,67067.37000000,3840.69634000,1780487999999,257706709.99166570,737079,2058.94618000,138159377.39636960
1780488000000,2026-06-03 12:00:00,67067.37000000,67244.62000000,66076.00000000,66076.01000000,4537.71513000,1780502399999,302861716.07437450,1390646,2184.60385000,145835231.61645370
1780502400000,2026-06-03 16:00:00,66076.01000000,66373.18000000,65251.00000000,65462.00000000,4242.73831000,1780516799999,279402457.33799470,1109866,1923.94150000,126751446.08494990
1780516800000,2026-06-03 20:00:00,65461.99000000,65860.00000000,64092.49000000,64142.75000000,5940.90622000,1780531199999,386323918.96368170,1368328,2469.80937000,160738209.86726050
1780531200000,2026-06-04 00:00:00,64142.75000000,64540.30000000,61383.56000000,64363.49000000,16957.23407000,1780545599999,1069265096.35938560,2410925,7116.70183000,449251348.11176220
1780545600000,2026-06-04 04:00:00,64363.49000000,64764.32000000,63492.89000000,63603.15000000,5000.68767000,1780559999999,320591861.74564760,1036545,2391.49077000,153314641.69410880
1780560000000,2026-06-04 08:00:00,63603.15000000,63904.63000000,62205.00000000,62545.99000000,8595.49118000,1780574399999,540467807.65211300,1698955,4182.08908000,262872611.01090280
1780574400000,2026-06-04 12:00:00,62546.00000000,64494.92000000,62392.00000000,63896.17000000,6185.98937000,1780588799999,394325488.19609960,1831681,3185.14504000,203028201.25475300
1780588800000,2026-06-04 16:00:00,63896.16000000,64163.93000000,62944.91000000,63629.38000000,3723.72569000,1780603199999,236942600.73557610,1155303,1937.30569000,123297848.85872690
1780603200000,2026-06-04 20:00:00,63629.38000000,63918.00000000,63106.04000000,63885.99000000,3114.04773000,1780617599999,197756878.80056130,924567,1360.09263000,86377214.09657590
1780617600000,2026-06-05 00:00:00,63885.99000000,63978.00000000,62339.00000000,62730.00000000,4162.99809000,1780631999999,262536010.14096020,1225987,1867.84777000,117847753.73483090
1780632000000,2026-06-05 04:00:00,62730.00000000,63688.00000000,61126.01000000,63115.99000000,10733.42354000,1780646399999,668376397.06524080,2270535,5037.18423000,314024701.85975200
1780646400000,2026-06-05 08:00:00,63115.99000000,63259.90000000,61964.98000000,61964.99000000,4297.16406000,1780660799999,269110992.15668040,1142388,2100.27124000,131586739.83662380
1780660800000,2026-06-05 12:00:00,61964.99000000,62457.86000000,60000.00000000,60438.01000000,14801.01342000,1780675199999,903329435.95028030,2679839,5908.58996000,361167716.19850210
1780675200000,2026-06-05 16:00:00,60438.00000000,61547.24000000,59130.91000000,60300.24000000,13747.59231000,1780689599999,828648361.47734000,2680737,6282.36544000,379034019.85158590
1780689600000,2026-06-05 20:00:00,60300.24000000,62000.00000000,59940.01000000,61056.47000000,7285.09665000,1780703999999,447020553.71282630,1659370,3683.25911000,226021139.98870550
1780704000000,2026-06-06 00:00:00,61056.47000000,61530.05000000,60520.00000000,60687.04000000,2945.07914000,1780718399999,179762223.67041870,973252,1451.16517000,88591511.44786350
1780718400000,2026-06-06 04:00:00,60687.05000000,61276.95000000,59500.00000000,61004.95000000,7062.57386000,1780732799999,427756115.83259640,1567097,3239.58489000,196118168.12592300
1780732800000,2026-06-06 08:00:00,61004.95000000,61500.00000000,60198.00000000,60802.91000000,3473.55766000,1780747199999,211333241.02873740,817667,1647.68117000,100298616.10281060
1780747200000,2026-06-06 12:00:00,60802.90000000,61185.26000000,60396.00000000,60784.00000000,2291.49519000,1780761599999,139417012.27244890,717560,1174.84755000,71493870.04846270
1780761600000,2026-06-06 16:00:00,60784.01000000,60971.24000000,60393.96000000,60600.01000000,2446.99506000,1780775999999,148359633.57654300,534622,1079.45478000,65479278.14743660
1780776000000,2026-06-06 20:00:00,60600.00000000,61000.00000000,60429.09000000,60884.62000000,1575.88786000,1780790399999,95697732.08748910,390676,880.82565000,53499742.01859950
1780790400000,2026-06-07 00:00:00,60884.62000000,61778.33000000,60746.00000000,61701.07000000,2959.18911000,1780804799999,181385716.20304780,709548,1574.63964000,96548566.19295620
1780804800000,2026-06-07 04:00:00,61701.06000000,62416.26000000,61482.46000000,62404.73000000,4903.20395000,1780819199999,304023070.16938830,740026,2452.76045000,152085877.76727890
1780819200000,2026-06-07 08:00:00,62404.72000000,62960.00000000,62259.37000000,62621.96000000,4723.06235000,1780833599999,295560305.07869090,725358,2672.40616000,167216763.40157330
1780833600000,2026-06-07 12:00:00,62621.97000000,62643.97000000,61577.12000000,62093.99000000,4554.13890000,1780847999999,282015239.16010590,947743,1854.57725000,114842253.68038120
1780848000000,2026-06-07 16:00:00,62093.99000000,62332.00000000,61184.00000000,61328.00000000,2477.20723000,1780862399999,153321370.34257050,627720,1038.74666000,64285345.19332710
1780862400000,2026-06-07 20:00:00,61327.99000000,64234.68000000,61217.17000000,63332.01000000,6995.30289000,1780876799999,440345071.85990460,1002066,4563.18051000,287511911.34095870
1780876800000,2026-06-08 00:00:00,63332.01000000,63863.06000000,62720.86000000,63130.12000000,3315.46180000,1780891199999,209776019.13931900,951227,1710.27381000,108302606.57907470
1780891200000,2026-06-08 04:00:00,63130.12000000,63350.00000000,62408.00000000,63283.99000000,2834.18452000,1780905599999,178355729.15518660,746526,1346.51738000,84761449.33682610
1780905600000,2026-06-08 08:00:00,63284.00000000,63873.08000000,62992.01000000,63479.61000000,3752.47446000,1780919999999,237868671.21123630,730155,1930.39841000,122412778.05037920
1780920000000,2026-06-08 12:00:00,63479.62000000,64200.00000000,62718.30000000,63774.48000000,8126.80733000,1780934399999,517711748.36861280,1316931,3947.53832000,251641984.08899850
1780934400000,2026-06-08 16:00:00,63774.48000000,64046.86000000,63268.01000000,63372.01000000,2713.14128000,1780948799999,172421648.33455900,623074,1359.44546000,86382265.18081430
1780948800000,2026-06-08 20:00:00,63372.01000000,63850.00000000,62978.66000000,63085.99000000,2311.31685000,1780963199999,146429470.54230660,519651,933.82268000,59183418.82928960
1780963200000,2026-06-09 00:00:00,63086.00000000,63184.00000000,62423.07000000,62875.17000000,3759.28744000,1780977599999,235865848.15286490,700766,2007.90860000,125976239.59257060
1780977600000,2026-06-09 04:00:00,62875.18000000,63526.01000000,62748.00000000,63198.44000000,3708.00840000,1780991999999,234535665.07258450,551428,1791.43736000,113284583.47373530
1780992000000,2026-06-09 08:00:00,63198.44000000,63208.86000000,62498.75000000,62711.12000000,2528.63515000,1781006399999,158742223.00363420,465050,1086.62702000,68204795.27997720
1781006400000,2026-06-09 12:00:00,62711.12000000,62895.18000000,61037.00000000,61131.84000000,6183.44756000,1781020799999,382417752.56531600,1260536,2794.09819000,172763302.68557480
1781020800000,2026-06-09 16:00:00,61131.85000000,62103.39000000,60780.00000000,62098.09000000,4007.52490000,1781035199999,246053601.54578860,963025,2016.61694000,123921642.29347080
1781035200000,2026-06-09 20:00:00,62098.09000000,62272.00000000,61556.00000000,61730.00000000,1449.31614000,1781049599999,89706958.82215220,406527,660.54833000,40886776.22029810
1781049600000,2026-06-10 00:00:00,61730.00000000,61974.70000000,61235.29000000,61549.64000000,1721.50899000,1781063999999,106045624.83727210,592207,745.74000000,45945104.82658570
1781064000000,2026-06-10 04:00:00,61549.64000000,61813.34000000,61080.00000000,61687.56000000,2220.41887000,1781078399999,136484341.63129860,480520,1089.94681000,66999691.98910420
1781078400000,2026-06-10 08:00:00,61687.56000000,61736.00000000,60755.00000000,61034.04000000,2813.24386000,1781092799999,172223607.15722540,735601,1170.91312000,71697976.04437590
1781092800000,2026-06-10 12:00:00,61034.04000000,62857.99000000,60960.00000000,62639.23000000,4783.79909000,1781107199999,296352226.00965250,1335269,2510.37559000,155463427.63408090
1781107200000,2026-06-10 16:00:00,62639.23000000,62646.00000000,61588.80000000,61942.44000000,2675.36915000,1781121599999,165886486.15416750,900048,1356.70956000,84103739.42668090
1781121600000,2026-06-10 20:00:00,61942.45000000,61949.21000000,61104.24000000,61510.99000000,1784.37656000,1781135999999,109718597.79975860,612041,840.90983000,51698715.52144990
1781136000000,2026-06-11 00:00:00,61510.99000000,62848.00000000,61510.99000000,62689.48000000,2852.15258000,1781150399999,177317145.79101080,609797,1708.81157000,106243021.13117430
1781150400000,2026-06-11 04:00:00,62689.47000000,62997.53000000,62544.89000000,62719.39000000,2483.01428000,1781164799999,155847166.21589400,451403,1031.01125000,64708611.64813750
1781164800000,2026-06-11 08:00:00,62719.39000000,63257.21000000,62719.38000000,63108.00000000,2178.09810000,1781179199999,137213592.42858580,382423,1278.05381000,80526059.05117760
1781179200000,2026-06-11 12:00:00,63108.01000000,63239.43000000,62500.00000000,62749.44000000,4338.30998000,1781193599999,272726925.34094830,910921,1945.11729000,122300894.62464170
1781193600000,2026-06-11 16:00:00,62749.44000000,63933.02000000,62348.00000000,63605.68000000,4125.82489000,1781207999999,260979936.07070470,792771,2248.65982000,142264329.73577220
1781208000000,2026-06-11 20:00:00,63605.69000000,63700.00000000,63270.00000000,63625.99000000,1403.54659000,1781222399999,89127100.58674160,299488,763.83992000,48516132.36771980
1781222400000,2026-06-12 00:00:00,63626.00000000,63810.01000000,63301.53000000,63524.82000000,2654.11007000,1781236799999,168727450.09471120,351019,1643.11525000,104477137.86695140
1781236800000,2026-06-12 04:00:00,63524.81000000,63863.98000000,62829.81000000,63100.80000000,3225.69245000,1781251199999,204092793.54502150,438376,1619.65285000,102492062.51619640
1781251200000,2026-06-12 08:00:00,63100.80000000,63953.84000000,63100.80000000,63766.01000000,2378.68640000,1781265599999,151435133.19776280,452201,1097.36398000,69841008.35911810
1781265600000,2026-06-12 12:00:00,63766.01000000,64394.44000000,63045.29000000,63593.02000000,4102.13697000,1781279999999,261375415.29255940,1024713,2047.41186000,130485792.49771130
1781280000000,2026-06-12 16:00:00,63593.02000000,64111.10000000,63510.16000000,63589.27000000,2256.79665000,1781294399999,144000810.87940160,593615,1039.75557000,66353711.96274090
1781294400000,2026-06-12 20:00:00,63589.28000000,63696.41000000,63400.00000000,63580.01000000,1779.62986000,1781308799999,113029909.67014740,294128,926.57282000,58848683.42444180
1781308800000,2026-06-13 00:00:00,63580.00000000,63840.00000000,63418.66000000,63532.00000000,1807.91855000,1781323199999,115050572.25443770,236410,940.63063000,59874931.46730910
1781323200000,2026-06-13 04:00:00,63532.00000000,63883.47000000,63484.00000000,63846.00000000,1539.29828000,1781337599999,97970733.69890430,219856,856.28804000,54506786.43154250
1781337600000,2026-06-13 08:00:00,63845.99000000,63984.53000000,63726.57000000,63971.28000000,1197.21710000,1781351999999,76452837.30253910,200969,646.98109000,41319334.94569010
1781352000000,2026-06-13 12:00:00,63971.28000000,64350.00000000,63921.33000000,64296.15000000,2169.16248000,1781366399999,139129588.59886400,290447,1227.56477000,78727122.01878410
1781366400000,2026-06-13 16:00:00,64296.15000000,64333.62000000,63920.05000000,64296.59000000,1609.94419000,1781380799999,103193467.75756610,294404,743.54070000,47672898.11066040
1781380800000,2026-06-13 20:00:00,64296.59000000,64762.77000000,64226.38000000,64458.01000000,1637.20103000,1781395199999,105504850.87448210,246923,911.34395000,58732329.17571370
1781395200000,2026-06-14 00:00:00,64458.01000000,64710.00000000,64380.70000000,64545.30000000,1832.15643000,1781409599999,118257180.28782210,214748,1009.34031000,65142146.39408280
1781409600000,2026-06-14 04:00:00,64545.30000000,64563.48000000,64214.00000000,64429.39000000,1779.79489000,1781423999999,114525085.74392940,195396,732.55942000,47144005.90816830
1781424000000,2026-06-14 08:00:00,64429.39000000,64664.00000000,64321.18000000,64546.00000000,842.29439000,1781438399999,54340916.32888930,165992,429.13661000,27692881.24796570
1781438400000,2026-06-14 12:00:00,64546.01000000,64560.66000000,63866.66000000,64025.07000000,1790.92239000,1781452799999,114931524.12649690,315826,832.53930000,53429481.32377660
1781452800000,2026-06-14 16:00:00,64025.06000000,64208.92000000,63678.83000000,63802.00000000,1240.64937000,1781467199999,79253327.66414940,248701,436.49793000,27887188.67697830
1781467200000,2026-06-14 20:00:00,63801.99000000,65800.00000000,63794.09000000,65746.45000000,5717.21628000,1781481599999,372346505.11254310,920238,3525.97245000,229547976.76977100
1781481600000,2026-06-15 00:00:00,65746.45000000,65995.00000000,65354.00000000,65927.10000000,3254.30382000,1781495999999,213639448.29336720,532026,1515.41478000,99520422.79589640
1781496000000,2026-06-15 04:00:00,65927.11000000,66000.00000000,65611.01000000,65674.76000000,1981.09056000,1781510399999,130283728.84419160,313310,965.90436000,63517717.98137590
1781510400000,2026-06-15 08:00:00,65674.76000000,66385.12000000,65512.00000000,66233.90000000,2545.82400000,1781524799999,167896880.89761390,444412,1229.46300000,81063878.23228640
1781524800000,2026-06-15 12:00:00,66233.89000000,67292.15000000,66106.00000000,67292.14000000,5314.33714000,1781539199999,354187932.47113060,752142,2795.87895000,186392204.31864110
1781539200000,2026-06-15 16:00:00,67292.15000000,67292.15000000,66348.00000000,66614.35000000,3808.29082000,1781553599999,254771827.06370170,642459,1581.91921000,105823381.38614310
1781553600000,2026-06-15 20:00:00,66615.98000000,66681.30000000,66076.56000000,66328.74000000,1655.95468000,1781567999999,109895422.96796910,456145,738.74373000,49035217.23498400
1781568000000,2026-06-16 00:00:00,66328.74000000,66463.26000000,65650.00000000,66165.21000000,2681.09900000,1781582399999,177184246.92197230,433781,1225.11725000,80953747.56491920
1781582400000,2026-06-16 04:00:00,66165.21000000,66572.99000000,65802.00000000,66372.00000000,2376.27499000,1781596799999,157212192.84268360,358612,1312.88168000,86877824.54837540
1781596800000,2026-06-16 08:00:00,66372.00000000,66992.00000000,66345.06000000,66481.73000000,2144.18658000,1781611199999,142798141.39585390,478161,1081.33227000,72021296.89303560
1781611200000,2026-06-16 12:00:00,66481.73000000,66818.00000000,65360.92000000,65859.76000000,4190.74899000,1781625599999,276467865.75720300,946351,1662.97689000,109728200.78725850
1781625600000,2026-06-16 16:00:00,65859.76000000,66248.69000000,65560.00000000,65675.88000000,1862.21148000,1781639999999,122574589.55071080,487569,915.65995000,60290810.25994400
1781640000000,2026-06-16 20:00:00,65675.89000000,65938.00000000,65592.00000000,65675.01000000,1047.53697000,1781654399999,68888147.78341700,260155,511.63315000,33647374.43982790
1781654400000,2026-06-17 00:00:00,65675.02000000,66200.00000000,65477.50000000,65851.99000000,2420.24000000,1781668799999,159334427.21572050,383821,1258.29437000,82851324.41367820
1781668800000,2026-06-17 04:00:00,65852.00000000,66048.19000000,65251.00000000,65539.50000000,2085.47507000,1781683199999,137031246.92618600,304083,938.09887000,61659925.78085380
1781683200000,2026-06-17 08:00:00,65539.51000000,65574.00000000,64565.00000000,64810.01000000,3091.21134000,1781697599999,200746666.53014450,484154,1460.08236000,94800434.28330880
1781697600000,2026-06-17 12:00:00,64810.01000000,65855.66000000,64590.53000000,65752.00000000,3491.08992000,1781711999999,227701989.19458180,786310,1876.84440000,122432079.02357440
1781712000000,2026-06-17 16:00:00,65751.99000000,66445.93000000,63998.35000000,64301.85000000,6215.64050000,1781726399999,405874457.80352170,1426872,2941.72107000,192146847.25980130
1781726400000,2026-06-17 20:00:00,64301.85000000,64529.20000000,63915.77000000,64509.40000000,1744.99726000,1781740799999,112209760.41208080,547883,869.26701000,55904981.97530090
1781740800000,2026-06-18 00:00:00,64509.40000000,64806.00000000,64267.86000000,64282.82000000,1652.26355000,1781755199999,106673009.78248650,391675,873.60740000,56402475.93649250
1781755200000,2026-06-18 04:00:00,64282.82000000,64510.50000000,63696.29000000,64510.44000000,2721.52451000,1781769599999,174258357.14914940,514280,1285.11966000,82306529.07808380
1781769600000,2026-06-18 08:00:00,64510.45000000,64646.75000000,63878.14000000,63974.40000000,1838.10092000,1781783999999,118105000.91172210,390224,705.83539000,45338841.44912630
1781784000000,2026-06-18 12:00:00,63974.40000000,64445.19000000,62293.76000000,62369.44000000,5194.48784000,1781798399999,329845328.84906200,1121258,2406.17033000,152963452.15349250
1781798400000,2026-06-18 16:00:00,62369.43000000,63008.33000000,62272.07000000,62950.79000000,3580.09560000,1781812799999,224360442.91637940,780414,1874.57102000,117481760.53881160
1781812800000,2026-06-18 20:00:00,62950.79000000,63274.19000000,62742.00000000,62958.01000000,1949.12419000,1781827199999,122773241.58360950,376080,1003.35872000,63200521.90680410
1781827200000,2026-06-19 00:00:00,62958.01000000,63110.29000000,62386.90000000,62773.51000000,2468.91953000,1781841599999,155247582.75743970,396596,1110.50714000,69854443.39597080
1781841600000,2026-06-19 04:00:00,62773.52000000,62917.32000000,62409.55000000,62629.99000000,1641.95094000,1781855999999,102889549.55782390,403487,895.08825000,56087419.36560170
1781856000000,2026-06-19 08:00:00,62630.00000000,62782.00000000,62316.44000000,62626.00000000,3116.66446000,1781870399999,194868847.01536480,423552,1394.84294000,87205330.18314140
1781870400000,2026-06-19 12:00:00,62626.00000000,63419.27000000,62353.00000000,63214.01000000,2901.51359000,1781884799999,182844281.08936350,678126,1443.70693000,90946223.98322450
1781884800000,2026-06-19 16:00:00,63214.01000000,63387.80000000,62866.99000000,63021.60000000,2487.59549000,1781899199999,157065336.32827530,485506,1118.43800000,70636025.60530240
1781899200000,2026-06-19 20:00:00,63021.60000000,63666.00000000,62958.59000000,63543.91000000,1630.77999000,1781913599999,103187356.02705020,284651,746.62638000,47252085.74065590
1781913600000,2026-06-20 00:00:00,63543.90000000,63777.00000000,63320.14000000,63476.79000000,1616.55782000,1781927999999,102658991.73585430,312607,778.74616000,49457674.22906670
1781928000000,2026-06-20 04:00:00,63476.79000000,63907.07000000,63402.00000000,63655.21000000,1346.24836000,1781942399999,85743670.80484520,267883,704.27436000,44861152.03721680
1781942400000,2026-06-20 08:00:00,63655.21000000,63798.76000000,63392.41000000,63688.00000000,1481.37623000,1781956799999,94207746.81368050,230181,682.35840000,43398238.91727320
1781956800000,2026-06-20 12:00:00,63688.00000000,64388.00000000,63184.21000000,64160.04000000,2723.36068000,1781971199999,173712718.25309850,540585,1444.96909000,92227634.48693950
1781971200000,2026-06-20 16:00:00,64160.04000000,64167.26000000,63730.21000000,63936.00000000,1179.02142000,1781985599999,75371411.36499620,354415,539.82135000,34513012.84966070
1781985600000,2026-06-20 20:00:00,63935.99000000,64350.00000000,63853.31000000,64298.01000000,1175.53873000,1781999999999,75382672.78326760,264410,519.68943000,33338987.09207600
1782000000000,2026-06-21 00:00:00,64298.01000000,64472.99000000,64206.17000000,64426.00000000,1550.54505000,1782014399999,99682480.48655690,207280,720.29969000,46321100.11114810
1782014400000,2026-06-21 04:00:00,64426.00000000,64588.00000000,64173.08000000,64191.07000000,991.47913000,1782028799999,63777133.92919670,192899,473.11094000,30442364.02499400
1782028800000,2026-06-21 08:00:00,64191.06000000,64483.95000000,63900.17000000,64176.00000000,1273.61935000,1782043199999,81766315.41055570,278849,626.37718000,40229066.49814720
1782043200000,2026-06-21 12:00:00,64176.00000000,64355.88000000,63952.00000000,64224.00000000,1101.09932000,1782057599999,70627900.60740130,261322,575.16175000,36897153.03602380
1782057600000,2026-06-21 16:00:00,64224.00000000,64298.84000000,63933.47000000,64207.12000000,902.04873000,1782071999999,57873813.43714360,250295,464.74284000,29817767.74628360
1782072000000,2026-06-21 20:00:00,64207.13000000,64271.21000000,63270.00000000,63311.99000000,2215.87175000,1782086399999,141134531.86535810,577649,973.44142000,61995458.00363890
1782086400000,2026-06-22 00:00:00,63312.00000000,64823.52000000,63312.00000000,63974.01000000,3208.60773000,1782100799999,206085227.83142430,769958,1703.21570000,109367651.12278260
1782100800000,2026-06-22 04:00:00,63974.01000000,64397.57000000,63868.41000000,64211.19000000,2188.39984000,1782115199999,140435032.80519940,384238,1126.29106000,72285434.13425360
1782115200000,2026-06-22 08:00:00,64211.20000000,64768.46000000,64044.00000000,64657.22000000,1871.87312000,1782129599999,120460631.47686000,445403,990.76166000,63769902.27911120
1782129600000,2026-06-22 12:00:00,64657.22000000,65622.83000000,64579.08000000,64836.95000000,4214.12240000,1782143999999,274338559.65866990,943073,2231.38119000,145271416.91665240
1782144000000,2026-06-22 16:00:00,64836.95000000,64862.00000000,64276.00000000,64472.00000000,2332.89568000,1782158399999,150577681.12548810,552327,854.54358000,55174978.88530100
1782158400000,2026-06-22 20:00:00,64472.51000000,64659.43000000,63804.59000000,64020.01000000,1607.20974000,1782172799999,103137424.25870420,426338,771.33966000,49485311.40443920
1782172800000,2026-06-23 00:00:00,64020.01000000,64275.38000000,63828.93000000,64065.35000000,1775.89841000,1782187199999,113810463.25773200,412000,963.90539000,61769670.54533100
1782187200000,2026-06-23 04:00:00,64065.34000000,64095.55000000,62568.90000000,62886.03000000,3954.74479000,1782201599999,249769578.91629910,654352,1656.75324000,104543838.57986330
1782201600000,2026-06-23 08:00:00,62886.04000000,62945.08000000,61938.00000000,62507.06000000,6446.41259000,1782215999999,402018362.60938370,664184,2442.32630000,152289432.28771970
1782216000000,2026-06-23 12:00:00,62507.05000000,62855.98000000,61960.00000000,62487.79000000,4100.47989000,1782230399999,255890735.68137110,946398,1894.29980000,118224527.72818900
1782230400000,2026-06-23 16:00:00,62487.79000000,62846.00000000,62104.70000000,62388.49000000,2461.76341000,1782244799999,153768837.40808250,580044,1214.83572000,75920236.63677490
1782244800000,2026-06-23 20:00:00,62388.49000000,62799.99000000,62380.25000000,62734.57000000,1483.69383000,1782259199999,92835243.37736500,369212,941.14695000,58885922.98105900
1782259200000,2026-06-24 00:00:00,62734.57000000,63119.45000000,62461.87000000,62729.78000000,2762.40080000,1782273599999,173503244.61735420,524761,1384.95763000,86999525.15634200
1782273600000,2026-06-24 04:00:00,62729.78000000,63073.44000000,62525.49000000,62657.99000000,1825.36336000,1782287999999,114538754.17845940,343629,869.10988000,54539391.28578580
1782288000000,2026-06-24 08:00:00,62658.00000000,63239.06000000,62318.88000000,62921.19000000,2314.92971000,1782302399999,145076269.78895900,470650,1277.25413000,80045126.24807020
1782302400000,2026-06-24 12:00:00,62921.19000000,62973.20000000,60249.82000000,60250.00000000,9369.88622000,1782316799999,573692749.76452450,1507424,4243.54084000,259684789.62194120
1782316800000,2026-06-24 16:00:00,60250.00000000,60678.10000000,59102.70000000,59958.30000000,10843.62240000,1782331199999,648464612.98165350,1716720,4874.63052000,291609263.21429200
1782331200000,2026-06-24 20:00:00,59958.30000000,61276.00000000,59854.00000000,61077.99000000,3562.08294000,1782345599999,216610182.97694420,804347,1801.96140000,109535995.03595330
1782345600000,2026-06-25 00:00:00,61078.00000000,61163.16000000,60684.94000000,60883.65000000,2441.96666000,1782359999999,148617037.71762240,488365,1286.89158000,78325445.13785370
1782360000000,2026-06-25 04:00:00,60883.66000000,61962.40000000,60792.00000000,61911.04000000,3236.44626000,1782374399999,199336748.64757960,585612,1792.57753000,110375492.28432150
1782374400000,2026-06-25 08:00:00,61911.03000000,61920.00000000,61066.00000000,61282.01000000,1957.14848000,1782388799999,120376027.91725560,397068,927.34829000,57042676.00598120
1782388800000,2026-06-25 12:00:00,61282.00000000,61761.35000000,58115.01000000,59557.99000000,15979.29296000,1782403199999,950943210.77604520,2405299,7129.72909000,424485511.14668750
1782403200000,2026-06-25 16:00:00,59557.99000000,60067.00000000,59139.96000000,59320.00000000,4724.02547000,1782417599999,281118401.70403740,1200956,2194.78081000,130645915.73429400
1782417600000,2026-06-25 20:00:00,59319.99000000,60273.81000000,59319.99000000,59794.00000000,2047.12711000,1782431999999,122462673.30754640,605975,1074.82622000,64294957.46551780
1782432000000,2026-06-26 00:00:00,59794.64000000,60131.37000000,58337.00000000,60036.01000000,6229.08405000,1782446399999,368451215.44569130,1223525,3012.64330000,178291906.33004060
1782446400000,2026-06-26 04:00:00,60036.00000000,60759.99000000,59702.00000000,60532.00000000,5385.16495000,1782460799999,324265183.37085530,866194,3141.58261000,189231485.22033970
1782460800000,2026-06-26 08:00:00,60532.00000000,60580.00000000,59239.78000000,59413.24000000,3735.38397000,1782475199999,223309628.59902110,807589,1468.82916000,87916105.66468370
1782475200000,2026-06-26 12:00:00,59413.24000000,60500.00000000,58500.10000000,60328.32000000,7768.84215000,1782489599999,462960390.88879110,1875169,3865.04614000,230602793.91981410
1782489600000,2026-06-26 16:00:00,60328.18000000,60583.00000000,59556.00000000,59751.97000000,2887.79333000,1782503999999,173431799.05394210,854765,1600.44625000,96156571.48208310
1782504000000,2026-06-26 20:00:00,59751.96000000,60117.64000000,59571.31000000,60097.27000000,1397.28878000,1782518399999,83683841.01951140,391892,818.94291000,49054098.38382150
1782518400000,2026-06-27 00:00:00,60097.27000000,60412.00000000,59876.22000000,60305.73000000,1740.12810000,1782532799999,104716833.03028220,306723,1091.61467000,65710216.37867980
1782532800000,2026-06-27 04:00:00,60305.73000000,60574.00000000,60093.33000000,60548.07000000,2155.72828000,1782547199999,130094666.55314380,266760,1098.21029000,66267447.11795730
1782547200000,2026-06-27 08:00:00,60548.06000000,60548.74000000,60198.94000000,60363.65000000,1191.76765000,1782561599999,71997666.25199050,219343,611.22112000,36930645.55304780
1782561600000,2026-06-27 12:00:00,60363.65000000,60941.17000000,60257.03000000,60840.06000000,1696.07546000,1782575999999,102775288.16719890,334232,917.74311000,55614703.49498980
1782576000000,2026-06-27 16:00:00,60840.06000000,60855.03000000,60085.88000000,60175.95000000,1431.99252000,1782590399999,86663415.56999260,332446,683.31136000,41363072.97351300
1782590400000,2026-06-27 20:00:00,60175.95000000,60482.18000000,59855.16000000,60029.00000000,1371.53715000,1782604799999,82517393.49723760,303912,665.82595000,40065104.74051100
1782604800000,2026-06-28 00:00:00,60029.01000000,60339.99000000,59986.00000000,60197.04000000,1389.16748000,1782619199999,83574227.86309280,209442,708.98469000,42655954.64229670
1782619200000,2026-06-28 04:00:00,60197.03000000,60259.68000000,59753.48000000,60219.99000000,1116.37628000,1782633599999,67045001.28514380,239579,563.41852000,33843162.81460070
1782633600000,2026-06-28 08:00:00,60220.00000000,60545.01000000,60068.00000000,60342.00000000,1120.25594000,1782647999999,67538204.82020220,274458,589.84647000,35567519.79889950
1782648000000,2026-06-28 12:00:00,60341.99000000,60457.02000000,59817.28000000,59890.00000000,1367.98594000,1782662399999,82205664.86249690,386310,635.15572000,38171445.38378410
1782662400000,2026-06-28 16:00:00,59890.35000000,59943.90000000,59270.26000000,59481.79000000,1660.77540000,1782676799999,99019017.18468340,496013,757.82732000,45185510.24521680
1782676800000,2026-06-28 20:00:00,59481.78000000,59906.00000000,58905.00000000,59577.01000000,2252.57692000,1782691199999,133951104.79549760,693430,1035.41316000,61618297.47578030
1782691200000,2026-06-29 00:00:00,59577.01000000,60233.00000000,58900.01000000,60049.46000000,3201.11997000,1782705599999,190794022.12911620,914573,1677.02307000,99994738.25472090
1782705600000,2026-06-29 04:00:00,60049.45000000,60346.27000000,59392.02000000,60026.00000000,2078.32745000,1782719999999,124665585.65469050,563206,956.56694000,57379510.09452500
1782720000000,2026-06-29 08:00:00,60026.01000000,60311.95000000,59745.46000000,59956.05000000,2255.33546000,1782734399999,135305799.50976790,567816,1116.35097000,66967190.76589330
1782734400000,2026-06-29 12:00:00,59956.05000000,60780.57000000,59011.00000000,59824.01000000,8111.49110000,1782748799999,485006009.96532780,1726719,4085.86423000,244518323.69002060
1782748800000,2026-06-29 16:00:00,59824.01000000,60683.84000000,59584.48000000,60433.49000000,3485.29528000,1782763199999,210169563.98276850,776645,1968.79340000,118756487.93590720
1782763200000,2026-06-29 20:00:00,60433.50000000,60585.99000000,60194.01000000,60260.21000000,1071.57252000,1782777599999,64707256.50234460,335377,529.56366000,31978997.78445990
1782777600000,2026-06-30 00:00:00,60260.20000000,60276.54000000,59600.00000000,59627.48000000,1857.16279000,1782791999999,111291269.74583370,457317,860.70745000,51580432.43343800
1782792000000,2026-06-30 04:00:00,59627.47000000,59712.88000000,59360.00000000,59524.01000000,3053.94506000,1782806399999,181807255.24247070,433814,1293.10665000,76973761.62250070
1782806400000,2026-06-30 08:00:00,59524.01000000,59551.03000000,59123.01000000,59192.70000000,2089.47276000,1782820799999,123956238.48605550,442051,915.25731000,54296713.48806120
1782820800000,2026-06-30 12:00:00,59192.71000000,59276.60000000,58201.00000000,58381.99000000,7891.04730000,1782835199999,462843047.90289730,1410708,3712.69567000,217772049.05566780
1782835200000,2026-06-30 16:00:00,58382.00000000,58839.16000000,58241.79000000,58818.05000000,3095.15267000,1782849599999,181042106.22829020,688268,1346.86925000,78800620.32786830
1782849600000,2026-06-30 20:00:00,58818.00000000,58874.99000000,58509.99000000,58624.71000000,1653.04729000,1782863999999,96971273.88380910,372651,750.91493000,44048118.20403840
1782864000000,2026-07-01 00:00:00,58624.71000000,59318.00000000,57800.19000000,59197.13000000,5065.96033000,1782878399999,296449825.48587430,842383,2345.61664000,137543085.60454570
1782878400000,2026-07-01 04:00:00,59197.12000000,59457.00000000,58534.31000000,58768.65000000,2186.41376000,1782892799999,128931387.76297330,462534,946.93259000,55797737.48927000
1782892800000,2026-07-01 08:00:00,58768.64000000,59091.99000000,58500.00000000,58622.03000000,1602.12145000,1782907199999,94143646.57869300,390029,760.65160000,44704874.81782070
1782907200000,2026-07-01 12:00:00,58622.02000000,60536.55000000,58326.00000000,60147.15000000,10086.67787000,1782921599999,599670098.40168310,1248868,5705.47011000,339653543.43983320
1782921600000,2026-07-01 16:00:00,60147.15000000,60352.93000000,59787.35000000,60028.67000000,2234.35255000,1782935999999,134325160.22906320,514984,1150.07969000,69147147.16599780
1782936000000,2026-07-01 20:00:00,60029.39000000,61334.00000000,59876.00000000,60024.00000000,3917.92066000,1782950399999,237531188.36066430,708051,2027.36232000,122941627.01301390
1782950400000,2026-07-02 00:00:00,60024.00000000,61121.78000000,59588.00000000,61058.00000000,2904.94504000,1782964799999,174900587.69365310,589740,1719.14764000,103516669.61459100
1782964800000,2026-07-02 04:00:00,61057.99000000,61058.00000000,60104.00000000,60149.99000000,3061.89549000,1782979199999,185461950.68928430,537384,1325.19091000,80257115.65595070
1782979200000,2026-07-02 08:00:00,60149.99000000,61437.49000000,60132.51000000,61358.01000000,4003.42248000,1782993599999,244260108.39932820,672992,2265.81789000,138212514.52213600
1782993600000,2026-07-02 12:00:00,61358.00000000,62200.00000000,61147.23000000,61612.93000000,6769.21250000,1783007999999,417696158.55321840,1187043,3478.53717000,214700180.30405500
1783008000000,2026-07-02 16:00:00,61612.93000000,61962.43000000,61108.99000000,61479.60000000,3294.70341000,1783022399999,202946737.91866300,616388,1888.43550000,116335627.37488950
1783022400000,2026-07-02 20:00:00,61479.59000000,61653.43000000,61342.00000000,61560.00000000,1347.96271000,1783036799999,82891026.46594490,279549,717.72606000,44132334.17802880
1783036800000,2026-07-03 00:00:00,61560.00000000,61733.11000000,61248.86000000,61434.00000000,2479.18215000,1783051199999,152311294.51468920,481811,1143.57615000,70266115.95923060
1783051200000,2026-07-03 04:00:00,61434.00000000,61864.99000000,61332.76000000,61750.47000000,3163.90756000,1783065599999,195132227.25322000,365987,1483.19684000,91477495.85160600
1783065600000,2026-07-03 08:00:00,61750.47000000,62103.10000000,61510.01000000,62024.02000000,1709.37837000,1783079999999,105713069.78691620,431910,911.51174000,56373261.74752030
1783080000000,2026-07-03 12:00:00,62024.01000000,62400.00000000,61700.00000000,61922.72000000,2814.47654000,1783094399999,174600154.20578740,547843,1576.64099000,97819769.92501110
1783094400000,2026-07-03 16:00:00,61922.71000000,62317.64000000,61911.65000000,62210.00000000,1297.39519000,1783108799999,80657192.04064370,299066,738.50194000,45920762.93010960
1783108800000,2026-07-03 20:00:00,62210.00000000,62979.86000000,62186.01000000,62583.26000000,2584.64646000,1783123199999,161945993.78202840,444914,1396.55917000,87499185.66598220
1783123200000,2026-07-04 00:00:00,62583.26000000,62946.00000000,62404.25000000,62627.29000000,1753.66085000,1783137599999,109798769.84953360,333809,746.93706000,46770767.30883710
1783137600000,2026-07-04 04:00:00,62627.28000000,62749.97000000,62328.24000000,62576.00000000,1478.55581000,1783151999999,92487650.19059300,218521,752.38454000,47066716.87744380
1783152000000,2026-07-04 08:00:00,62576.00000000,62674.47000000,62415.87000000,62482.01000000,1079.64345000,1783166399999,67502292.53147130,170507,546.35331000,34162775.17591710
1783166400000,2026-07-04 12:00:00,62482.00000000,63075.46000000,62482.00000000,62943.29000000,1355.98937000,1783180799999,85126276.00392900,303280,750.70920000,47140055.23015730
1783180800000,2026-07-04 16:00:00,62943.29000000,63461.99000000,62786.00000000,63294.72000000,1874.87989000,1783195199999,118354896.31970120,364574,1042.61936000,65809648.40969470
1783195200000,2026-07-04 20:00:00,63294.72000000,63448.00000000,62927.98000000,63144.01000000,1597.09803000,1783209599999,100963961.18737700,252597,914.53250000,57806954.62400280
1783209600000,2026-07-05 00:00:00,63144.01000000,63144.01000000,62596.08000000,62769.04000000,1315.64704000,1783223999999,82720257.83810700,291527,565.73586000,35567419.61982540
1783224000000,2026-07-05 04:00:00,62769.03000000,63059.99000000,62659.65000000,63020.21000000,1264.39586000,1783238399999,79413824.07037470,215421,660.87175000,41512250.18031250
1783238400000,2026-07-05 08:00:00,63020.21000000,63104.00000000,62436.59000000,62658.92000000,1351.26200000,1783252799999,84811470.41411260,253294,572.28628000,35916011.35475640
1783252800000,2026-07-05 12:00:00,62658.92000000,62943.59000000,62569.37000000,62740.01000000,1095.17438000,1783267199999,68699977.76884530,239745,542.34685000,34023641.20650230
1783267200000,2026-07-05 16:00:00,62740.01000000,62888.14000000,62590.02000000,62768.88000000,1289.13194000,1783281599999,80851366.98149160,240237,640.93296000,40194435.59144950
1783281600000,2026-07-05 20:00:00,62768.87000000,63999.00000000,62609.47000000,63650.00000000,2856.46636000,1783295999999,181369547.53451280,549959,1583.76271000,100558533.76854650
1783296000000,2026-07-06 00:00:00,63650.01000000,63920.00000000,63136.01000000,63294.00000000,2106.27228000,1783310399999,133811858.23787650,503644,975.29003000,61967431.09156980
1783310400000,2026-07-06 04:00:00,63294.00000000,63402.77000000,62890.00000000,63089.42000000,2133.18277000,1783324799999,134594693.44501950,364295,955.88054000,60312300.49195670
1783324800000,2026-07-06 08:00:00,63089.42000000,63244.00000000,62483.83000000,62483.84000000,2033.95739000,1783339199999,127797556.03293060,346341,883.59821000,55539929.43962270
1783339200000,2026-07-06 12:00:00,62483.84000000,63550.00000000,61306.84000000,63545.98000000,9407.72660000,1783353599999,583941662.21741000,1372664,5817.11599000,361050904.76452760
1783353600000,2026-07-06 16:00:00,63545.98000000,63976.16000000,63386.01000000,63738.52000000,3288.31371000,1783367999999,209461474.11493870,695266,1680.74984000,107070497.40516550
1783368000000,2026-07-06 20:00:00,63738.52000000,64700.00000000,63589.41000000,64042.02000000,2465.83162000,1783382399999,158348802.35505160,495685,1243.91731000,79858997.69571960
1783382400000,2026-07-07 00:00:00,64042.93000000,64314.00000000,63150.00000000,63191.01000000,2149.22919000,1783396799999,137056167.02302490,490629,965.68915000,61610357.32086860
1783396800000,2026-07-07 04:00:00,63191.01000000,63445.70000000,62800.00000000,63083.18000000,2868.37826000,1783411199999,181221308.93674760,435866,1430.77683000,90420025.42035410
1783411200000,2026-07-07 08:00:00,63083.19000000,63467.15000000,62984.58000000,63406.00000000,1660.52847000,1783425599999,104988878.85567020,351275,908.58309000,57447486.19902060
1783425600000,2026-07-07 12:00:00,63405.99000000,64105.00000000,62671.39000000,63930.51000000,5487.16202000,1783439999999,348081870.10461120,1004190,2897.99489000,183891240.51051170
1783440000000,2026-07-07 16:00:00,63930.50000000,64243.75000000,63379.69000000,63817.99000000,3152.55165000,1783454399999,201532847.58329510,622715,1336.66503000,85477080.71314300
1783454400000,2026-07-07 20:00:00,63818.00000000,63901.75000000,63218.00000000,63363.99000000,1516.35864000,1783468799999,96386614.38526020,377427,588.49577000,37410096.99442990
1783468800000,2026-07-08 00:00:00,63364.00000000,63761.99000000,62525.47000000,62766.00000000,2945.00889000,1783483199999,185876396.27049840,609259,1246.36440000,78720530.90114940
1783483200000,2026-07-08 04:00:00,62766.00000000,62901.49000000,62477.04000000,62888.35000000,2093.37251000,1783497599999,131299060.86932260,444952,871.43626000,54661205.27331130
1783497600000,2026-07-08 08:00:00,62888.34000000,62941.46000000,61743.83000000,62299.99000000,5277.16067000,1783511999999,327876037.63340370,777090,2321.54841000,144197862.93723170
1783512000000,2026-07-08 12:00:00,62300.00000000,62451.08000000,61544.56000000,61704.01000000,4480.13744000,1783526399999,277437714.13450360,934639,2002.43081000,124077083.56644750
1783526400000,2026-07-08 16:00:00,61704.01000000,62394.32000000,61692.00000000,62277.98000000,1878.09343000,1783540799999,116612947.92500400,533138,1095.53071000,67993253.91395700
1783540800000,2026-07-08 20:00:00,62277.98000000,62350.63000000,61956.00000000,62290.00000000,1946.32502000,1783555199999,120985013.78730350,299409,801.25967000,49806749.41742070
1783555200000,2026-07-09 00:00:00,62290.01000000,62642.00000000,61705.29000000,61974.34000000,2507.70329000,1783569599999,155686968.14780350,532918,965.14820000,59966966.80769430
1783569600000,2026-07-09 04:00:00,61974.34000000,63283.26000000,61956.46000000,63000.00000000,3076.31626000,1783583999999,192704715.34862650,513310,1482.94780000,92908995.08176440
1783584000000,2026-07-09 08:00:00,62999.99000000,63100.10000000,62614.66000000,62786.34000000,2526.25001000,1783598399999,158894710.78797730,380844,1074.16155000,67556973.47353890
1783598400000,2026-07-09 12:00:00,62786.33000000,63261.00000000,62465.39000000,62868.05000000,4882.96602000,1783612799999,306798645.40625540,859856,2515.21212000,158071042.01652180
1783612800000,2026-07-09 16:00:00,62868.06000000,63500.00000000,62559.59000000,63248.10000000,2646.20845000,1783627199999,166955414.15400870,603411,1461.64528000,92213723.32621120
1783627200000,2026-07-09 20:00:00,63248.09000000,63418.00000000,63060.91000000,63230.00000000,1103.36269000,1783641599999,69809359.42481270,285711,423.36862000,26785364.25713480
1783641600000,2026-07-10 00:00:00,63230.01000000,64050.23000000,62926.01000000,63947.20000000,3284.75486000,1783655999999,209065762.58032730,511474,1624.84149000,103461367.01342090
1783656000000,2026-07-10 04:00:00,63947.20000000,64200.00000000,63802.02000000,63963.00000000,1994.74883000,1783670399999,127655182.92603610,339861,858.15910000,54916429.28997710
1783670400000,2026-07-10 08:00:00,63963.00000000,64494.84000000,63962.99000000,64425.18000000,2735.04064000,1783684799999,175885976.50570610,454783,1451.97627000,93355053.95642420
1783684800000,2026-07-10 12:00:00,64425.18000000,64692.83000000,63793.43000000,64040.00000000,3985.18915000,1783699199999,255992161.03752020,867854,2046.31971000,131465070.70004800
1783699200000,2026-07-10 16:00:00,64039.99000000,64220.00000000,63732.66000000,63917.88000000,2956.75614000,1783713599999,189060026.41477670,480103,1461.35904000,93455964.23826030
1783713600000,2026-07-10 20:00:00,63917.88000000,64222.61000000,63656.00000000,64161.72000000,2632.51160000,1783727999999,168438851.53768460,273350,1284.84729000,82185299.38694250
1783728000000,2026-07-11 00:00:00,64161.72000000,64310.00000000,63984.07000000,64150.42000000,1101.49145000,1783742399999,70642973.06613250,251684,519.94861000,33351493.45230540
1783742400000,2026-07-11 04:00:00,64150.42000000,64278.00000000,64080.26000000,64162.18000000,1485.01598000,1783756799999,95321721.91352740,216737,645.36795000,41422550.67195540
1783756800000,2026-07-11 08:00:00,64162.18000000,64300.00000000,64129.99000000,64198.00000000,1355.34719000,1783771199999,87005200.65466690,145928,676.88369000,43448102.12539080
1783771200000,2026-07-11 12:00:00,64197.99000000,64504.11000000,63896.18000000,64175.75000000,2497.55472000,1783785599999,160432933.20882890,323763,1087.48873000,69853676.23591590
1783785600000,2026-07-11 16:00:00,64175.75000000,64402.00000000,64084.00000000,64286.00000000,1218.04674000,1783799999999,78261890.95617150,235506,449.66867000,28887930.25362780
1783800000000,2026-07-11 20:00:00,64286.00000000,64463.83000000,63819.00000000,63819.00000000,1494.51824000,1783814399999,95805154.76748150,232560,528.92797000,33911666.10191400
1783814400000,2026-07-12 00:00:00,63819.01000000,64223.74000000,63702.16000000,64223.73000000,4094.27500000,1783828799999,261736649.47735510,432109,2155.90634000,137835147.13042570
1783828800000,2026-07-12 04:00:00,64223.73000000,64245.87000000,63640.83000000,63885.27000000,1737.49927000,1783843199999,111033178.07694130,257916,763.59978000,48786169.77775370
1783843200000,2026-07-12 08:00:00,63885.28000000,64100.32000000,63764.00000000,64018.01000000,4848.30942000,1783857599999,310042852.51995110,500956,2322.33899000,148520297.41127140
1783857600000,2026-07-12 12:00:00,64018.00000000,64290.11000000,63958.71000000,64176.00000000,1182.12771000,1783871999999,75749744.39933330,221163,620.47070000,39759973.49880200
1783872000000,2026-07-12 16:00:00,64176.00000000,64270.00000000,64018.69000000,64228.59000000,890.36957000,1783886399999,57094699.03343970,183573,372.04577000,23856183.19483050
1783886400000,2026-07-12 20:00:00,64228.59000000,64254.00000000,63668.00000000,63780.00000000,1162.25606000,1783900799999,74281448.86092280,323888,522.64579000,33398891.96998810
1783900800000,2026-07-13 00:00:00,63780.00000000,64425.00000000,62741.04000000,62806.41000000,3939.38182000,1783915199999,250269726.59106980,870271,1601.14699000,101808603.33867450
1783915200000,2026-07-13 04:00:00,62806.41000000,63070.01000000,62500.76000000,62985.52000000,3347.70751000,1783929599999,210385057.43539350,431082,1597.58768000,100421232.38795780
1783929600000,2026-07-13 08:00:00,62985.53000000,63302.88000000,62862.28000000,62901.99000000,3803.06989000,1783943999999,239865414.64567150,283594,1616.59696000,101962087.58921800
1783944000000,2026-07-13 12:00:00,62901.99000000,62990.04000000,62101.00000000,62618.01000000,5871.90146000,1783958399999,367192718.14880720,875831,2793.70484000,174730873.90361390
1783958400000,2026-07-13 16:00:00,62618.00000000,62629.35000000,61824.97000000,62288.23000000,3298.41917000,1783972799999,205050851.95495490,566280,1565.40198000,97289562.90868430
1783972800000,2026-07-13 20:00:00,62288.23000000,62347.46000000,61882.88000000,62334.52000000,1422.02219000,1783987199999,88332961.17514650,322654,686.99879000,42679069.60729940
1783987200000,2026-07-14 00:00:00,62334.52000000,62666.66000000,62272.20000000,62572.89000000,2249.30225000,1784001599999,140485660.97642980,425285,1015.48735000,63424084.91875750
1784001600000,2026-07-14 04:00:00,62572.88000000,62872.00000000,62516.93000000,62560.92000000,2088.33647000,1784015999999,130917558.23974650,296282,1098.64687000,68878903.63239230
1784016000000,2026-07-14 08:00:00,62560.92000000,62923.06000000,62500.00000000,62844.99000000,1732.53672000,1784030399999,108634584.45865230,305432,793.20158000,49738974.76390340
1784030400000,2026-07-14 12:00:00,62844.99000000,64966.43000000,62780.84000000,64743.99000000,8796.62110000,1784044799999,562863919.99205480,1148163,4829.07334000,309100166.83959900
1784044800000,2026-07-14 16:00:00,64744.00000000,64896.86000000,64231.77000000,64569.59000000,3290.30049000,1784059199999,212650729.38648300,533516,1719.25900000,111134527.76147030
1784059200000,2026-07-14 20:00:00,64569.59000000,65100.00000000,64419.99000000,65043.98000000,2395.31681000,1784073599999,155302047.62716400,372267,1391.82164000,90267670.15521440
1784073600000,2026-07-15 00:00:00,65043.99000000,65065.01000000,64488.00000000,64792.01000000,1693.44003000,1784087999999,109586732.76636760,320579,679.01962000,43941213.61038540
1784088000000,2026-07-15 04:00:00,64792.00000000,65277.37000000,64485.00000000,64549.34000000,3159.56545000,1784102399999,204726915.13259030,419673,1585.95347000,102796762.86590770
1784102400000,2026-07-15 08:00:00,64549.33000000,64917.94000000,64549.33000000,64732.15000000,2317.38966000,1784116799999,149994663.44050930,289157,1276.87517000,82642899.73128820
1784116800000,2026-07-15 12:00:00,64732.15000000,65600.00000000,64606.00000000,65427.61000000,6119.91580000,1784131199999,399055943.96930170,962986,3148.54563000,205318487.85747180
1784131200000,2026-07-15 16:00:00,65427.60000000,65470.00000000,64738.49000000,64977.34000000,3997.71829000,1784145599999,260018792.63659060,465383,1886.91277000,122709232.83905240
1784145600000,2026-07-15 20:00:00,64977.34000000,65055.39000000,64691.89000000,64756.28000000,1113.86818000,1784159999999,72265275.82315890,211141,432.17696000,28039214.94077260
1784160000000,2026-07-16 00:00:00,64756.28000000,64845.50000000,64392.01000000,64619.95000000,1773.62269000,1784174399999,114662853.66784370,351949,663.80161000,42916343.31863680
1784174400000,2026-07-16 04:00:00,64619.96000000,64997.52000000,64086.12000000,64238.00000000,2728.61151000,1784188799999,176196222.66747210,380748,1260.70211000,81412678.72514040
1784188800000,2026-07-16 08:00:00,64238.00000000,64380.00000000,63888.00000000,64256.53000000,8083.54555000,1784203199999,518405240.00529090,555339,4069.82930000,261021903.36295890
1784203200000,2026-07-16 12:00:00,64256.52000000,64896.00000000,63838.28000000,64704.73000000,3169.90689000,1784217599999,204127820.80401700,741620,1594.96836000,102729512.19853880
1784217600000,2026-07-16 16:00:00,64704.73000000,64712.00000000,63984.09000000,64271.84000000,1783.88455000,1784231999999,114685442.70431600,502323,891.66775000,57325903.02744050
1784232000000,2026-07-16 20:00:00,64271.85000000,64276.00000000,63748.74000000,63830.20000000,1224.95560000,1784246399999,78420806.52825400,281502,526.33694000,33705659.59400430
1784246400000,2026-07-17 00:00:00,63830.20000000,64067.69000000,63380.28000000,63570.00000000,2665.58621000,1784260799999,169659336.68298940,531177,1236.29692000,78689064.08672730
1784260800000,2026-07-17 04:00:00,63570.00000000,63576.00000000,62710.00000000,62828.11000000,4170.00651000,1784275199999,262693644.65903850,494473,2061.81218000,129880484.67865140
1784275200000,2026-07-17 08:00:00,62828.11000000,63361.70000000,62666.00000000,63298.01000000,2593.38028000,1784289599999,163366668.37189890,354967,1388.89422000,87500141.64389790
1784289600000,2026-07-17 12:00:00,63298.00000000,63518.00000000,62537.56000000,63452.00000000,3902.37074000,1784303999999,246111895.34129800,894383,1743.65879000,109984295.34645720
1784304000000,2026-07-17 16:00:00,63452.00000000,64387.99000000,63312.01000000,64160.80000000,3432.25523000,1784318399999,219389919.13294950,728454,1648.44804000,105338593.02727950
1784318400000,2026-07-17 20:00:00,64160.80000000,64216.61000000,63884.35000000,63931.67000000,1426.29492000,1784332799999,91324565.15207720,235842,539.32786000,34534133.89555820
1784332800000,2026-07-18 00:00:00,63931.67000000,64032.60000000,63886.65000000,64017.84000000,1370.35650000,1784347199999,87640554.75600270,150552,706.83905000,45203317.55604590
1784347200000,2026-07-18 04:00:00,64017.84000000,64026.03000000,63926.39000000,64002.75000000,949.10008000,1784361599999,60728056.11439490,118016,441.05503000,28221087.47724080
1784361600000,2026-07-18 08:00:00,64002.75000000,64097.22000000,63887.73000000,64069.89000000,1103.50008000,1784375999999,70619036.03444280,85981,566.16577000,36236242.10698860
1784376000000,2026-07-18 12:00:00,64069.89000000,64274.47000000,63963.00000000,64123.12000000,1241.58814000,1784390399999,79608426.73221570,210954,648.61472000,41597307.05144680
1784390400000,2026-07-18 16:00:00,64123.13000000,64669.50000000,64091.48000000,64552.79000000,1723.19086000,1784404799999,110998004.60170320,257153,997.58868000,64255342.29409140
1784404800000,2026-07-18 20:00:00,64552.80000000,64865.00000000,64528.69000000,64834.22000000,1643.44446000,1784419199999,106360570.44761060,266045,739.95103000,47899483.96066520
1784419200000,2026-07-19 00:00:00,64834.21000000,64967.25000000,64620.44000000,64706.18000000,1644.28469000,1784433599999,106536390.38213490,198160,813.93093000,52743412.25552230
1784433600000,2026-07-19 04:00:00,64706.18000000,64815.65000000,64610.89000000,64711.05000000,1101.66102000,1784447999999,71298499.06576870,143399,522.31957000,33802195.34270750
1784448000000,2026-07-19 08:00:00,64711.04000000,64743.00000000,64445.00000000,64467.64000000,1538.93439000,1784462399999,99445905.38370100,229863,871.05962000,56288382.81110860
1784462400000,2026-07-19 12:00:00,64467.65000000,64663.04000000,64285.24000000,64585.32000000,1464.50700000,1784476799999,94381470.05121550,274299,798.55948000,51470893.01411090
1784476800000,2026-07-19 16:00:00,64585.33000000,64752.00000000,64280.00000000,64462.58000000,1160.57272000,1784491199999,74890318.85140400,254773,577.55081000,37267479.26438830
1784491200000,2026-07-19 20:00:00,64462.58000000,64900.00000000,64347.89000000,64722.54000000,1469.95492000,1784505599999,95006518.17877050,363843,698.54960000,45156418.57723410
1784505600000,2026-07-20 00:00:00,64722.55000000,65107.99000000,64416.00000000,64869.80000000,1856.81248000,1784519999999,120367010.76140540,587702,944.57775000,61249378.29139220
1784520000000,2026-07-20 04:00:00,64869.79000000,64869.99000000,63765.83000000,64280.01000000,3162.27200000,1784534399999,202948573.32073830,587681,1541.49004000,98890291.13265350
1784534400000,2026-07-20 08:00:00,64280.01000000,65068.00000000,63100.00000000,65002.01000000,5789.67423000,1784548799999,371789253.35528100,511848,1808.39523000,116364461.56957090
1784548800000,2026-07-20 12:00:00,65002.00000000,65666.80000000,64077.76000000,65598.75000000,5847.59690000,1784563199999,379053519.18600630,1036177,3459.70883000,224389149.92034450
1784563200000,2026-07-20 16:00:00,65598.75000000,65799.00000000,65041.05000000,65142.00000000,3294.38969000,1784577599999,215471814.64286760,589177,1688.03272000,110422141.28177100
1784577600000,2026-07-20 20:00:00,65142.00000000,65445.27000000,65061.92000000,65255.51000000,1372.74172000,1784591999999,89552538.99674580,294262,662.62211000,43231706.70969640
1784592000000,2026-07-21 00:00:00,65255.51000000,65658.78000000,65148.75000000,65566.78000000,2285.39592000,1784606399999,149538223.70845980,450732,1210.89115000,79218363.00610020
1784606400000,2026-07-21 04:00:00,65566.77000000,66245.64000000,65471.69000000,66186.86000000,3537.73944000,1784620799999,232893727.77605370,468544,1852.89532000,121964973.96204080
1784620800000,2026-07-21 08:00:00,66186.86000000,66420.65000000,66129.19000000,66345.59000000,3436.96959000,1784635199999,227803607.75170680,427621,1737.22867000,115141147.90533200
1784635200000,2026-07-21 12:00:00,66345.59000000,66956.15000000,66255.73000000,66676.54000000,5031.99712000,1784649599999,335391888.93805460,858855,2705.33094000,180310152.37236250
1784649600000,2026-07-21 16:00:00,66676.53000000,66764.00000000,66052.63000000,66444.76000000,2940.41455000,1784663999999,195205977.73440990,522292,1415.65652000,93983062.32927100
1784664000000,2026-07-21 20:00:00,66444.76000000,66576.00000000,66204.00000000,66556.16000000,1385.76425000,1784678399999,91969264.16553510,277197,623.80608000,41399623.89812450
1784678400000,2026-07-22 00:00:00,66556.15000000,66739.89000000,66176.00000000,66210.00000000,2882.66360000,1784692799999,191621422.16698660,652324,1571.19039000,104469303.77683530
1784692800000,2026-07-22 04:00:00,66209.99000000,66424.00000000,65701.00000000,65843.48000000,4124.69140000,1784707199999,272389387.64573550,668048,1861.65673000,122950341.90836190
1784707200000,2026-07-22 08:00:00,65843.48000000,66164.57000000,65843.47000000,66013.36000000,5171.31096000,1784721599999,341268215.78451210,712578,2576.26413000,170011483.54025690
1784721600000,2026-07-22 12:00:00,66013.36000000,66204.98000000,65553.67000000,66047.39000000,3002.09745000,1784735999999,197651196.71686230,662744,1520.44141000,100122588.80401270
1784736000000,2026-07-22 16:00:00,66047.38000000,66384.00000000,65691.93000000,65923.19000000,1521.20312000,1784750399999,100444842.63861470,427993,673.68011000,44490677.40310480
1784750400000,2026-07-22 20:00:00,65923.19000000,66138.24000000,65791.79000000,66114.49000000,1372.89949000,1784764799999,90583853.35412080,258138,651.23660000,42967586.23897140
1784764800000,2026-07-23 00:00:00,66114.50000000,66313.14000000,65585.11000000,65662.53000000,2738.22182000,1784779199999,180505912.36650900,390926,1330.08639000,87707894.26637550
1784779200000,2026-07-23 04:00:00,65662.53000000,65821.17000000,65351.02000000,65442.13000000,1755.71203000,1784793599999,115169792.61320610,313412,775.67186000,50878956.12707810
1784793600000,2026-07-23 08:00:00,65442.12000000,65792.09000000,65419.75000000,65555.21000000,1697.46856000,1784807999999,111411329.73326650,263480,840.61509000,55168890.87196840
1784808000000,2026-07-23 12:00:00,65555.21000000,65589.41000000,64728.00000000,64958.36000000,4309.94067000,1784822399999,280331098.68076780,864979,1869.00568000,121573383.72248560
1784822400000,2026-07-23 16:00:00,64958.37000000,64961.15000000,64650.00000000,64846.94000000,2433.46243000,1784836799999,157702426.45832330,457475,1177.43902000,76302459.43248580
1784836800000,2026-07-23 20:00:00,64846.93000000,65235.43000000,64834.52000000,65098.97000000,1763.42122000,1784851199999,114870647.60832130,267027,1043.50625000,67971386.62232070
1784851200000,2026-07-24 00:00:00,65098.98000000,65464.35000000,64762.18000000,65456.70000000,1824.88230000,1784865599999,118798430.76132690,353470,912.29254000,59398433.81727350
1784865600000,2026-07-24 04:00:00,65456.70000000,65808.59000000,65248.00000000,65499.95000000,2805.86714000,1784879999999,183654410.32570500,327061,1260.31211000,82506116.70586210
1784880000000,2026-07-24 08:00:00,65499.94000000,65508.17000000,64857.14000000,65083.43000000,2252.49673000,1784894399999,146583171.45130610,299283,1260.81835000,82042450.40676760
1784894400000,2026-07-24 12:00:00,65083.42000000,65133.99000000,63739.75000000,64093.85000000,6045.41604000,1784908799999,388120898.24330550,916912,2750.13786000,176507013.90558820
1784908800000,2026-07-24 16:00:00,64093.86000000,64292.44000000,63881.46000000,64225.32000000,2025.41669000,1784923199999,129894119.19347840,374993,997.11536000,63950729.18463990
1784923200000,2026-07-24 20:00:00,64225.32000000,64288.02000000,64121.86000000,64139.99000000,1867.19290000,1784937599999,119828379.18892970,195972,952.54664000,61130900.00031490
1784937600000,2026-07-25 00:00:00,64140.00000000,64179.03000000,64006.55000000,64085.36000000,1828.72886000,1784951999999,117173780.09139750,162165,955.26992000,61207222.77483680
1784952000000,2026-07-25 04:00:00,64085.36000000,64205.67000000,63964.57000000,64003.20000000,1073.91838000,1784966399999,68785852.58661140,150931,503.49498000,32253118.11236790
1784966400000,2026-07-25 08:00:00,64003.20000000,64113.00000000,63810.00000000,64064.01000000,2748.18699000,1784980799999,175746238.09708650,240400,1444.59246000,92392066.96528720
1784980800000,2026-07-25 12:00:00,64064.01000000,64272.00000000,64043.00000000,64182.00000000,929.05963000,1784995199999,59611183.00926590,148666,637.27555000,40886526.44805090
1784995200000,2026-07-25 16:00:00,64182.01000000,64475.28000000,64123.00000000,64388.38000000,848.44532000,1785009599999,54590446.82269440,172305,468.08416000,30121141.20114990
1785009600000,2026-07-25 20:00:00,64388.39000000,64430.00000000,64263.03000000,64375.00000000,1434.71112000,1785023999999,92374555.47652840,130871,612.77788000,39451582.42425110
1785024000000,2026-07-26 00:00:00,64375.01000000,64582.00000000,64350.00000000,64557.00000000,955.90385000,1785038399999,61641755.57610440,142517,555.69595000,35833103.86781210
1785038400000,2026-07-26 04:00:00,64557.00000000,64599.95000000,64293.81000000,64370.00000000,1238.04277000,1785052799999,79788726.33588240,129186,524.07615000,33769509.47616690
1785052800000,2026-07-26 08:00:00,64370.00000000,64573.73000000,64353.00000000,64507.35000000,680.86616000,1785067199999,43905614.81750470,112877,346.60790000,22352657.65764580
1785067200000,2026-07-26 12:00:00,64507.36000000,64827.00000000,64414.00000000,64768.00000000,1456.55849000,1785081599999,94137143.56121930,246720,838.34619000,54180778.65369280
1785081600000,2026-07-26 16:00:00,64768.00000000,64940.51000000,64668.91000000,64688.90000000,730.51209000,1785095999999,47315288.35795840,100234,337.44867000,21860982.18371790
