open_time,datetime,open,high,low,close,volume,close_time,quote_volume,trades,taker_buy_base,taker_buy_quote
1769536800000,2026-01-27 18:00:00,87546.58000000,88510.15000000,87450.00000000,88285.05000000,865.62099000,1769540399999,76057266.53947790,264807,542.81155000,47703774.25225530
1769540400000,2026-01-27 19:00:00,88285.05000000,88549.32000000,88049.89000000,88408.77000000,469.70931000,1769543999999,41485439.99135270,182020,189.38076000,16725791.26553650
1769544000000,2026-01-27 20:00:00,88408.78000000,89497.19000000,88373.49000000,89396.16000000,1024.56489000,1769547599999,91255268.93303300,283254,620.55259000,55278913.05875640
1769547600000,2026-01-27 21:00:00,89396.03000000,89523.16000000,89008.75000000,89081.46000000,689.88066000,1769551199999,61592218.26424240,162970,396.94736000,35440047.45609580
1769551200000,2026-01-27 22:00:00,89081.47000000,89421.91000000,89021.61000000,89243.63000000,281.54432000,1769554799999,25118044.78076610,89337,145.84083000,13012829.73263860
1769554800000,2026-01-27 23:00:00,89243.63000000,89515.78000000,89143.92000000,89250.00000000,421.36315000,1769558399999,37653685.40414980,88401,185.97264000,16616918.54666430
1769558400000,2026-01-28 00:00:00,89249.99000000,89468.01000000,89154.80000000,89467.72000000,258.84583000,1769561999999,23110231.49365310,82957,141.59178000,12642961.16048230
1769562000000,2026-01-28 01:00:00,89467.73000000,89497.96000000,89196.87000000,89404.57000000,267.52883000,1769565599999,23913648.55431320,94523,114.27414000,10214104.17679060
1769565600000,2026-01-28 02:00:00,89404.57000000,89453.89000000,89100.01000000,89285.77000000,214.15071000,1769569199999,19115380.66042220,95501,84.60304000,7552997.92642070
1769569200000,2026-01-28 03:00:00,89285.78000000,89311.87000000,88985.00000000,89126.67000000,353.86100000,1769572799999,31534275.34851270,100661,141.75568000,12631132.57994680
1769572800000,2026-01-28 04:00:00,89126.68000000,89160.00000000,88840.00000000,88975.04000000,312.10964000,1769576399999,27767899.28444480,84659,117.11249000,10419003.07197470
1769576400000,2026-01-28 05:00:00,88975.03000000,89105.56000000,88849.00000000,89084.10000000,326.80822000,1769579999999,29083986.97247630,79849,157.96758000,14057987.56231340
1769580000000,2026-01-28 06:00:00,89084.10000000,89400.00000000,89084.10000000,89317.47000000,340.81001000,1769583599999,30419246.82164010,92617,164.76254000,14706651.50469060
1769583600000,2026-01-28 07:00:00,89317.47000000,89358.51000000,89099.81000000,89134.35000000,370.19520000,1769587199999,33026854.06321430,86566,107.43314000,9585499.53618670
1769587200000,2026-01-28 08:00:00,89134.35000000,89258.02000000,88833.65000000,88925.47000000,515.45435000,1769590799999,45910123.44042420,115975,194.40587000,17318015.33595250
1769590800000,2026-01-28 09:00:00,88925.47000000,89567.26000000,88849.99000000,89567.25000000,490.95043000,1769594399999,43784950.11177690,126229,290.77963000,25940608.93369210
1769594400000,2026-01-28 10:00:00,89567.25000000,89703.87000000,89330.22000000,89403.77000000,688.45427000,1769597999999,61615392.48102160,160113,318.73352000,28527394.45364780
1769598000000,2026-01-28 11:00:00,89403.76000000,90156.72000000,89313.13000000,90080.00000000,1092.21486000,1769601599999,97997265.49816780,198930,618.33581000,55497385.09406250
1769601600000,2026-01-28 12:00:00,90079.99000000,90176.88000000,89790.00000000,89998.69000000,946.78783000,1769605199999,85173012.32425740,179417,440.74467000,39656938.83921270
1769605200000,2026-01-28 13:00:00,89998.69000000,90488.00000000,89969.42000000,90257.91000000,1485.47795000,1769608799999,134099074.09960940,250842,891.64888000,80496508.81860370
1769608800000,2026-01-28 14:00:00,90257.91000000,90276.78000000,89460.01000000,89617.27000000,997.73721000,1769612399999,89678134.52578390,383355,434.72264000,39075659.80125470
1769612400000,2026-01-28 15:00:00,89617.27000000,89849.75000000,88904.61000000,89479.66000000,998.88376000,1769615999999,89225868.62263860,429398,470.16576000,42003345.87535310
1769616000000,2026-01-28 16:00:00,89479.66000000,89830.00000000,89248.61000000,89629.66000000,744.86311000,1769619599999,66715151.08500410,280620,435.22008000,38990267.67454050
1769619600000,2026-01-28 17:00:00,89629.66000000,90600.00000000,89277.21000000,90169.88000000,923.32635000,1769623199999,83089378.78514360,248746,524.07782000,47168592.52732560
1769623200000,2026-01-28 18:00:00,90169.89000000,90178.91000000,89312.88000000,89546.24000000,748.51147000,1769626799999,67166682.99997480,227936,299.35963000,26861146.89590330
1769626800000,2026-01-28 19:00:00,89544.00000000,89719.58000000,89006.36000000,89402.58000000,893.38320000,1769630399999,79834899.03531970,484460,425.74518000,38049321.26796800
1769630400000,2026-01-28 20:00:00,89402.57000000,89896.00000000,89010.00000000,89130.63000000,590.94624000,1769633999999,52856777.93669230,227613,277.15440000,24795982.27776610
1769634000000,2026-01-28 21:00:00,89130.63000000,89490.24000000,88878.01000000,89412.17000000,381.49994000,1769637599999,34020454.60423000,191513,180.95878000,16143776.76819030
1769637600000,2026-01-28 22:00:00,89412.18000000,89479.04000000,89138.00000000,89396.15000000,156.23518000,1769641199999,13952427.27004560,73786,67.92920000,6066578.33210960
1769641200000,2026-01-28 23:00:00,89396.15000000,89471.41000000,89209.48000000,89299.99000000,233.14943000,1769644799999,20828724.83270520,89525,115.96110000,10359170.90074810
1769644800000,2026-01-29 00:00:00,89300.00000000,89348.00000000,88900.00000000,89143.91000000,431.21285000,1769648399999,38417474.57702970,154141,141.87832000,12640673.90631030
1769648400000,2026-01-29 01:00:00,89143.92000000,89159.99000000,88548.87000000,88603.56000000,624.81108000,1769651999999,55457853.91650030,206468,259.68948000,23044009.94219060
1769652000000,2026-01-29 02:00:00,88603.56000000,88754.64000000,87704.00000000,87907.06000000,1097.35161000,1769655599999,96803584.80054590,306119,419.04418000,36961771.58269710
1769655600000,2026-01-29 03:00:00,87907.05000000,88265.39000000,87771.30000000,88053.71000000,769.73434000,1769659199999,67779202.91225340,174848,444.52824000,39143208.02583030
1769659200000,2026-01-29 04:00:00,88053.71000000,88345.66000000,87901.23000000,88315.20000000,311.34380000,1769662799999,27429649.77620030,86833,191.39502000,16861932.61408400
1769662800000,2026-01-29 05:00:00,88315.20000000,88408.08000000,88142.66000000,88186.54000000,354.31355000,1769666399999,31282812.21404400,77402,183.84328000,16230270.83467330
1769666400000,2026-01-29 06:00:00,88186.53000000,88338.67000000,88168.90000000,88319.35000000,284.51762000,1769669999999,25114183.54322590,71779,138.98991000,12268781.61137600
1769670000000,2026-01-29 07:00:00,88319.35000000,88430.05000000,88250.00000000,88352.97000000,526.73614000,1769673599999,46525841.68533450,83926,255.17139000,22539814.22962820
1769673600000,2026-01-29 08:00:00,88352.96000000,88500.00000000,87907.80000000,88064.16000000,823.67262000,1769677199999,72619731.09359920,133101,352.84347000,31109187.85606410
1769677200000,2026-01-29 09:00:00,88064.16000000,88160.00000000,87892.00000000,87892.01000000,372.84765000,1769680799999,32816440.52692670,70955,168.79369000,14859103.24128230
1769680800000,2026-01-29 10:00:00,87892.00000000,88046.59000000,87832.18000000,87946.46000000,575.41561000,1769684399999,50598572.70513070,76150,271.93503000,23913569.83777450
1769684400000,2026-01-29 11:00:00,87946.47000000,88066.94000000,87750.01000000,87846.50000000,527.10516000,1769687999999,46315623.74915730,94975,239.93961000,21082629.26859710
1769688000000,2026-01-29 12:00:00,87846.50000000,88121.29000000,87817.97000000,88121.21000000,516.69113000,1769691599999,45460648.37277930,76207,225.81118000,19868949.61902400
1769691600000,2026-01-29 13:00:00,88121.21000000,88182.29000000,87951.67000000,88052.88000000,283.13252000,1769695199999,24940417.09938890,57434,154.28223000,13590024.72938760
1769695200000,2026-01-29 14:00:00,88052.87000000,88075.23000000,87008.00000000,87014.40000000,1065.77381000,1769698799999,93374914.34501600,290797,441.55650000,38703684.60052640
1769698800000,2026-01-29 15:00:00,87014.40000000,87039.51000000,84366.56000000,84934.02000000,8241.95640000,1769702399999,704778894.16933920,1042655,2523.48048000,215610937.26204360
1769702400000,2026-01-29 16:00:00,84934.02000000,85392.20000000,84268.17000000,85270.00000000,4076.75879000,1769705999999,345397425.35761270,593102,1401.38362000,118808828.85944980
1769706000000,2026-01-29 17:00:00,85270.01000000,85638.30000000,84012.78000000,84261.66000000,2652.67947000,1769709599999,225382759.85450180,446250,1324.41017000,112608321.88615560
1769709600000,2026-01-29 18:00:00,84261.66000000,84630.55000000,83415.00000000,83477.02000000,2305.76692000,1769713199999,193585102.96183090,544877,976.43448000,82004093.39554630
1769713200000,2026-01-29 19:00:00,83477.02000000,84334.97000000,83383.33000000,84012.11000000,1752.68525000,1769716799999,147018710.51319600,358783,825.12250000,69200767.73705790
1769716800000,2026-01-29 20:00:00,84012.11000000,84398.36000000,83824.90000000,84216.91000000,1089.07114000,1769720399999,91564837.89312660,267279,578.87156000,48674187.95154530
1769720400000,2026-01-29 21:00:00,84216.91000000,84706.32000000,84200.00000000,84526.57000000,780.67473000,1769723999999,65919385.07880750,197629,458.72077000,38740970.01586130
1769724000000,2026-01-29 22:00:00,84526.57000000,84615.74000000,84306.24000000,84570.05000000,335.13893000,1769727599999,28311519.48025500,82910,165.54596000,13984016.04858780
1769727600000,2026-01-29 23:00:00,84570.04000000,84737.69000000,84445.70000000,84650.16000000,631.99089000,1769731199999,53486001.28420170,104129,241.91799000,20470649.02032540
1769731200000,2026-01-30 00:00:00,84650.16000000,84735.75000000,84100.00000000,84192.00000000,730.18491000,1769734799999,61634913.74887230,130537,257.86415000,21771651.16457710
1769734800000,2026-01-30 01:00:00,84192.00000000,84192.01000000,81118.00000000,82468.02000000,6080.28823000,1769738399999,501827611.84844880,730326,2320.55154000,191250439.74026650
1769738400000,2026-01-30 02:00:00,82468.01000000,82535.89000000,81154.00000000,82164.88000000,3963.98084000,1769741999999,324465120.79032560,728018,1605.82573000,131438091.88886430
1769742000000,2026-01-30 03:00:00,82164.88000000,82738.89000000,82036.35000000,82676.43000000,1470.66915000,1769745599999,121099969.44934130,281534,656.08506000,54036672.30138540
1769745600000,2026-01-30 04:00:00,82676.42000000,83332.20000000,82676.42000000,82938.92000000,1147.37787000,1769749199999,95245959.71548910,206977,571.58317000,47445368.11115500
1769749200000,2026-01-30 05:00:00,82938.92000000,83329.36000000,82903.23000000,82914.19000000,818.20759000,1769752799999,67997774.51187390,157432,380.67497000,31633055.79387780
1769752800000,2026-01-30 06:00:00,82914.20000000,82919.21000000,82056.08000000,82602.81000000,1199.37024000,1769756399999,99063064.60707440,258558,478.05819000,39487080.50405480
1769756400000,2026-01-30 07:00:00,82602.81000000,83100.00000000,82483.27000000,82816.98000000,1624.46252000,1769759999999,134405059.21157710,255287,1071.85178000,88687959.33583760
1769760000000,2026-01-30 08:00:00,82816.98000000,82995.41000000,82438.80000000,82671.70000000,959.74241000,1769763599999,79380727.22625540,213661,617.57305000,51088581.02515810
1769763600000,2026-01-30 09:00:00,82671.70000000,82834.19000000,82160.00000000,82363.72000000,1026.26025000,1769767199999,84642791.51245610,265314,544.98400000,44959418.81636710
1769767200000,2026-01-30 10:00:00,82363.71000000,82897.41000000,82172.02000000,82833.92000000,661.39040000,1769770799999,54587859.50494290,227004,393.09081000,32447168.51533560
1769770800000,2026-01-30 11:00:00,82833.92000000,83314.85000000,82682.15000000,83151.36000000,607.68303000,1769774399999,50393061.82519820,181536,364.56770000,30234690.54596030
1769774400000,2026-01-30 12:00:00,83151.36000000,83329.35000000,82650.00000000,82800.50000000,693.01620000,1769777999999,57454381.42567390,189580,327.88671000,27180039.27753350
1769778000000,2026-01-30 13:00:00,82800.49000000,83087.34000000,82421.64000000,82740.92000000,760.57185000,1769781599999,62923812.71351690,260033,412.15499000,34102923.81194300
1769781600000,2026-01-30 14:00:00,82740.93000000,83797.99000000,82738.68000000,83098.00000000,1785.40114000,1769785199999,148576592.00735490,560365,1000.83665000,83296212.27937790
1769785200000,2026-01-30 15:00:00,83098.00000000,83616.46000000,82382.01000000,82883.94000000,1512.89136000,1769788799999,125728110.90640150,716661,748.05031000,62192927.16063680
1769788800000,2026-01-30 16:00:00,82882.84000000,83493.60000000,82549.35000000,83149.00000000,956.54558000,1769792399999,79451323.26581620,531783,420.68817000,34950196.35375920
1769792400000,2026-01-30 17:00:00,83149.00000000,83475.80000000,82641.60000000,82943.23000000,1094.09504000,1769795999999,90878216.45949510,535245,551.45699000,45814508.98293510
1769796000000,2026-01-30 18:00:00,82943.23000000,84160.00000000,81871.37000000,83931.13000000,2213.77003000,1769799599999,183445167.70663590,777890,1051.02981000,87201914.24142130
1769799600000,2026-01-30 19:00:00,83931.13000000,84621.16000000,83917.36000000,84242.99000000,1851.84536000,1769803199999,156092177.82937660,627150,939.83278000,79226169.44107030
1769803200000,2026-01-30 20:00:00,84243.00000000,84299.99000000,83539.20000000,83906.34000000,2390.62988000,1769806799999,200668721.91086200,642136,1194.25504000,100266904.89584750
1769806800000,2026-01-30 21:00:00,83906.34000000,84523.11000000,83790.44000000,84273.70000000,835.94444000,1769810399999,70417008.99652360,253269,468.13365000,39440995.01189800
1769810400000,2026-01-30 22:00:00,84273.71000000,84327.06000000,83918.42000000,84219.99000000,454.50219000,1769813999999,38214283.13695800,167317,196.83717000,16550130.55760520
1769814000000,2026-01-30 23:00:00,84220.00000000,84298.96000000,83933.82000000,84260.49000000,357.01742000,1769817599999,30030356.17136230,101216,175.72542000,14783685.34981360
1769817600000,2026-01-31 00:00:00,84260.50000000,84270.02000000,84014.01000000,84067.83000000,380.99765000,1769821199999,32060607.11404640,99962,139.85440000,11768212.13619170
1769821200000,2026-01-31 01:00:00,84067.83000000,84266.22000000,83908.00000000,83999.99000000,474.79523000,1769824799999,39922697.91201940,102397,204.29095000,17178178.82779450
1769824800000,2026-01-31 02:00:00,84000.00000000,84183.42000000,83815.02000000,84130.01000000,514.80351000,1769828399999,43239036.19528780,110835,287.34323000,24136643.29775380
1769828400000,2026-01-31 03:00:00,84130.01000000,84232.00000000,84022.69000000,84022.69000000,356.74317000,1769831999999,30016580.59485190,76399,232.84659000,19592457.44582590
1769832000000,2026-01-31 04:00:00,84022.70000000,84146.22000000,83941.43000000,83992.45000000,214.26773000,1769835599999,18013269.90625070,69101,109.60979000,9214741.00451450
1769835600000,2026-01-31 05:00:00,83992.44000000,84097.37000000,83903.70000000,84000.01000000,249.62585000,1769839199999,20967094.46535150,73730,144.00044000,12094507.37346670
1769839200000,2026-01-31 06:00:00,84000.01000000,84050.51000000,83638.40000000,83786.09000000,407.33324000,1769842799999,34134993.09590370,93835,151.12051000,12662089.12943310
1769842800000,2026-01-31 07:00:00,83786.09000000,83805.02000000,83404.67000000,83546.81000000,478.71890000,1769846399999,40014037.43590840,94324,197.76429000,16526599.15133030
1769846400000,2026-01-31 08:00:00,83546.82000000,83629.08000000,82560.75000000,83074.07000000,1142.87539000,1769849999999,94883157.85093790,314551,453.61009000,37656221.28233030
1769850000000,2026-01-31 09:00:00,83074.08000000,83300.00000000,82894.00000000,83109.10000000,471.08907000,1769853599999,39167263.98306620,169958,241.33064000,20069327.25776110
1769853600000,2026-01-31 10:00:00,83109.10000000,83203.26000000,82917.32000000,83160.00000000,515.13254000,1769857199999,42811420.67973390,116996,276.36336000,22970630.55437280
1769857200000,2026-01-31 11:00:00,83160.00000000,83160.00000000,82851.97000000,83020.00000000,279.69189000,1769860799999,23220354.02295870,118802,141.74852000,11768202.59067490
1769860800000,2026-01-31 12:00:00,83020.00000000,83140.00000000,82720.00000000,82762.00000000,537.57574000,1769864399999,44555733.84127430,160068,259.64701000,21518677.49764240
1769864400000,2026-01-31 13:00:00,82761.99000000,82919.29000000,82478.59000000,82767.99000000,539.85854000,1769867999999,44642719.09622850,195158,232.42076000,19223098.04338380
1769868000000,2026-01-31 14:00:00,82768.00000000,82928.20000000,80825.76000000,81479.99000000,4166.24097000,1769871599999,339638421.90881880,722011,1635.76866000,133363500.89936800
1769871600000,2026-01-31 15:00:00,81480.00000000,81789.68000000,81088.00000000,81302.15000000,1568.15407000,1769875199999,127554126.94248400,392138,775.57840000,63091501.76731740
1769875200000,2026-01-31 16:00:00,81302.16000000,82200.00000000,80098.01000000,80365.04000000,5113.56418000,1769878799999,413298570.05826030,736832,2477.87170000,200186273.80690870
1769878800000,2026-01-31 17:00:00,80365.05000000,80550.74000000,78159.90000000,78893.92000000,6669.26832000,1769882399999,528254556.02167810,909684,2837.73589000,224512910.36454690
1769882400000,2026-01-31 18:00:00,78893.92000000,79143.64000000,75719.90000000,78038.38000000,7783.32311000,1769885999999,603507189.91751950,847095,3016.35540000,234088814.11789300
1769886000000,2026-01-31 19:00:00,78038.39000000,78576.30000000,77194.00000000,77750.01000000,2463.45994000,1769889599999,191947689.19780700,555966,1263.97021000,98510979.49398250
1769889600000,2026-01-31 20:00:00,77750.01000000,78141.95000000,77092.34000000,77999.03000000,1378.50317000,1769893199999,106947266.59324280,426367,748.02960000,58047647.33846680
1769893200000,2026-01-31 21:00:00,77999.02000000,78365.02000000,77372.69000000,78292.00000000,1330.56660000,1769896799999,103689804.03046070,417345,789.25062000,61525165.45273330
1769896800000,2026-01-31 22:00:00,78292.00000000,78499.94000000,78000.00000000,78155.17000000,902.43744000,1769900399999,70594211.65780530,233979,513.78442000,40193472.89614430
1769900400000,2026-01-31 23:00:00,78155.16000000,79240.00000000,78078.67000000,78741.09000000,1552.86508000,1769903999999,122183291.10114830,347443,829.31810000,65220394.25285980
1769904000000,2026-02-01 00:00:00,78741.10000000,79424.00000000,78644.09000000,78902.31000000,1738.02598000,1769907599999,137406050.27977910,453145,922.66296000,72972570.89290200
1769907600000,2026-02-01 01:00:00,78902.31000000,78943.62000000,78284.00000000,78532.17000000,1163.10084000,1769911199999,91401610.53298530,365358,431.91227000,33937511.81189970
1769911200000,2026-02-01 02:00:00,78532.32000000,79060.44000000,78378.00000000,78900.01000000,762.94469000,1769914799999,60059542.10756610,280075,405.87848000,31954747.59896530
1769914800000,2026-02-01 03:00:00,78900.01000000,79008.36000000,78666.73000000,78868.28000000,594.31033000,1769918399999,46838113.09471630,198452,304.95888000,24033801.31986360
1769918400000,2026-02-01 04:00:00,78868.29000000,79119.30000000,78720.97000000,78971.75000000,441.04188000,1769921999999,34823785.67624050,154405,246.77599000,19486032.76193420
1769922000000,2026-02-01 05:00:00,78973.22000000,79006.00000000,78527.13000000,78620.91000000,744.74280000,1769925599999,58660566.08008460,198307,391.59057000,30847430.75858370
1769925600000,2026-02-01 06:00:00,78620.90000000,78824.10000000,78266.63000000,78300.00000000,568.62406000,1769929199999,44665527.26367590,200310,254.10936000,19963285.08311390
1769929200000,2026-02-01 07:00:00,78300.01000000,78724.01000000,77967.69000000,78343.00000000,808.74546000,1769932799999,63296409.98757970,291017,361.65344000,28313688.90858600
1769932800000,2026-02-01 08:00:00,78343.00000000,78863.00000000,78252.64000000,78604.02000000,567.72389000,1769936399999,44603722.92757740,223580,262.43775000,20622606.65895980
1769936400000,2026-02-01 09:00:00,78604.02000000,79136.10000000,78551.15000000,79034.45000000,479.76229000,1769939999999,37807903.14914420,189051,280.94149000,22142689.30873370
1769940000000,2026-02-01 10:00:00,79034.45000000,79220.72000000,78148.10000000,78279.73000000,863.43565000,1769943599999,67942607.36629480,312831,406.14845000,31973842.58814940
1769943600000,2026-02-01 11:00:00,78279.73000000,78877.89000000,78279.72000000,78743.56000000,539.38656000,1769947199999,42379299.74663230,218909,263.27303000,20688427.93398820
1769947200000,2026-02-01 12:00:00,78743.57000000,78760.00000000,78244.00000000,78459.67000000,620.90729000,1769950799999,48748335.81786330,206071,293.37869000,23031725.48782780
1769950800000,2026-02-01 13:00:00,78459.68000000,78768.68000000,78203.21000000,78317.51000000,482.47432000,1769954399999,37895543.50211200,205226,244.12629000,19177546.38262900
1769954400000,2026-02-01 14:00:00,78317.51000000,78520.00000000,77236.68000000,78211.12000000,1658.37078000,1769957999999,129207311.45795320,617614,713.00138000,55590941.56860600
1769958000000,2026-02-01 15:00:00,78211.12000000,78254.20000000,76761.98000000,77593.40000000,2045.87767000,1769961599999,158134003.93313390,662084,909.40212000,70290644.53122830
1769961600000,2026-02-01 16:00:00,77593.40000000,77838.48000000,77087.76000000,77494.77000000,1084.57336000,1769965199999,83953794.73546000,493272,482.31522000,37345135.59103510
1769965200000,2026-02-01 17:00:00,77494.77000000,77748.00000000,77300.00000000,77745.32000000,549.82327000,1769968799999,42635456.77803050,327533,261.88172000,20308633.94080760
1769968800000,2026-02-01 18:00:00,77745.33000000,78443.10000000,77727.27000000,78029.28000000,791.63632000,1769972399999,61808538.39517730,329953,374.37785000,29229801.47479760
1769972400000,2026-02-01 19:00:00,78029.29000000,78106.10000000,77000.01000000,77174.78000000,457.49789000,1769975999999,35473923.35516800,257502,188.62527000,14622471.19892190
1769976000000,2026-02-01 20:00:00,77174.77000000,77740.91000000,76606.00000000,77103.04000000,1125.71882000,1769979599999,86838139.99154630,371114,557.42459000,43001403.04361990
1769979600000,2026-02-01 21:00:00,77103.04000000,77161.26000000,76359.87000000,76526.03000000,1221.60590000,1769983199999,93722521.83606750,370566,570.76691000,43801726.93118860
1769983200000,2026-02-01 22:00:00,76526.03000000,77779.63000000,76456.78000000,77249.31000000,1235.13318000,1769986799999,95296146.23582380,398499,665.87409000,51377361.81402650
1769986800000,2026-02-01 23:00:00,77249.31000000,77610.72000000,75700.00000000,76968.21000000,4850.01845000,1769990399999,371321702.79677460,677032,2238.22712000,171381715.14984940
1769990400000,2026-02-02 00:00:00,76968.22000000,78231.26000000,76606.39000000,77672.61000000,1960.16053000,1769993999999,151925957.22405490,704706,1139.69392000,88352315.87552120
1769994000000,2026-02-02 01:00:00,77672.61000000,77942.28000000,76619.69000000,77518.87000000,1238.02224000,1769997599999,95892495.76724630,521896,596.18585000,46195395.85928940
1769997600000,2026-02-02 02:00:00,77518.87000000,77555.62000000,76449.84000000,76491.17000000,1406.18164000,1770001199999,108215443.96113820,410082,753.71926000,58011134.50360210
1770001200000,2026-02-02 03:00:00,76491.18000000,76575.93000000,74604.00000000,76292.98000000,6845.40126000,1770004799999,515668508.23727190,1008654,3047.18614000,229589264.69851460
1770004800000,2026-02-02 04:00:00,76292.98000000,76621.28000000,75335.90000000,75894.15000000,2387.03559000,1770008399999,181531495.46326730,505862,1044.63896000,79467738.24280200
1770008400000,2026-02-02 05:00:00,75894.15000000,75999.99000000,74911.14000000,75502.10000000,2327.56014000,1770011999999,175315426.67609150,558104,967.90710000,72872638.97952630
1770012000000,2026-02-02 06:00:00,75502.10000000,76834.71000000,74957.51000000,76549.32000000,3207.27225000,1770015599999,243242170.89178600,676199,1501.47771000,113870259.44567230
1770015600000,2026-02-02 07:00:00,76549.32000000,76958.00000000,76327.90000000,76660.79000000,1646.53051000,1770019199999,126151849.83802860,462448,1023.63814000,78438495.88258180
1770019200000,2026-02-02 08:00:00,76660.78000000,77191.15000000,76628.28000000,76881.28000000,1422.14452000,1770022799999,109369558.07345510,361539,770.13402000,59241711.19329290
1770022800000,2026-02-02 09:00:00,76881.28000000,77815.00000000,76652.00000000,77725.33000000,2196.40917000,1770026399999,170180164.55231610,459943,1413.78804000,109607911.27965450
1770026400000,2026-02-02 10:00:00,77725.33000000,77876.69000000,77474.85000000,77504.54000000,1049.86427000,1770029999999,81521120.04698820,268374,543.52141000,42211713.54691370
1770030000000,2026-02-02 11:00:00,77504.54000000,77970.62000000,77451.11000000,77759.99000000,983.08962000,1770033599999,76466338.00666460,268090,567.85822000,44168918.99697990
1770033600000,2026-02-02 12:00:00,77760.00000000,78434.00000000,77706.00000000,77988.51000000,1103.97039000,1770037199999,86120645.25399890,320801,605.53233000,47248433.88978710
1770037200000,2026-02-02 13:00:00,77988.50000000,78458.00000000,77800.00000000,78224.79000000,960.76337000,1770040799999,74925553.97338630,323067,528.73139000,41239378.86694470
1770040800000,2026-02-02 14:00:00,78224.80000000,78885.00000000,77626.44000000,77844.79000000,2220.07608000,1770044399999,173737983.51531010,637819,1153.76298000,90315260.73720720
1770044400000,2026-02-02 15:00:00,77844.78000000,79360.00000000,77564.62000000,78850.06000000,3238.00821000,1770047999999,254419599.03765990,737827,1710.02556000,134410557.48328050
1770048000000,2026-02-02 16:00:00,78850.06000000,79288.28000000,78584.00000000,78634.76000000,1987.74899000,1770051599999,156956832.62148210,471630,1042.30394000,82301015.84345870
1770051600000,2026-02-02 17:00:00,78634.75000000,79213.99000000,78603.93000000,78988.64000000,1407.01094000,1770055199999,111114462.89526390,304161,764.30826000,60356258.82079440
1770055200000,2026-02-02 18:00:00,78988.65000000,78988.65000000,78369.13000000,78569.84000000,992.65857000,1770058799999,78078120.42547000,222556,514.59496000,40475534.81654710
1770058800000,2026-02-02 19:00:00,78569.83000000,78697.99000000,78283.27000000,78341.50000000,1074.65868000,1770062399999,84304394.81447830,198583,492.90713000,38673650.59728060
1770062400000,2026-02-02 20:00:00,78341.50000000,78667.38000000,77888.00000000,78008.59000000,902.54602000,1770065999999,70657975.77539480,266195,448.12636000,35083797.12518700
1770066000000,2026-02-02 21:00:00,78008.59000000,78552.76000000,77922.00000000,78532.06000000,507.24426000,1770069599999,39730737.41574160,157928,275.71072000,21590891.37179410
1770069600000,2026-02-02 22:00:00,78532.07000000,78853.35000000,78528.21000000,78795.20000000,488.24484000,1770073199999,38437882.74383060,108362,272.58865000,21458653.02627830
1770073200000,2026-02-02 23:00:00,78795.20000000,78962.78000000,78560.00000000,78738.61000000,720.98807000,1770076799999,56787727.25100440,130752,302.11010000,23796510.14053000
1770076800000,2026-02-03 00:00:00,78738.60000000,79099.99000000,78408.05000000,79065.24000000,994.28607000,1770080399999,78313035.31225050,228795,467.36015000,36816816.10728250
1770080400000,2026-02-03 01:00:00,79065.24000000,79186.81000000,78716.79000000,79017.63000000,990.18740000,1770083999999,78146233.83104050,277959,478.04014000,37724295.95626100
1770084000000,2026-02-03 02:00:00,79017.64000000,79017.64000000,77800.00000000,77808.01000000,959.76758000,1770087599999,75198186.20747440,317922,399.23400000,31298558.11648940
1770087600000,2026-02-03 03:00:00,77808.02000000,78907.18000000,77644.09000000,78753.32000000,1068.28743000,1770091199999,83564575.08988590,359662,594.50101000,46524327.48089480
1770091200000,2026-02-03 04:00:00,78753.32000000,78999.99000000,78488.00000000,78798.39000000,719.00577000,1770094799999,56613939.93109980,196951,355.62414000,27996660.35086440
1770094800000,2026-02-03 05:00:00,78798.38000000,78809.78000000,78218.98000000,78240.45000000,581.74505000,1770098399999,45652579.22891800,191874,209.60593000,16445972.62461980
1770098400000,2026-02-03 06:00:00,78240.45000000,78665.91000000,77950.00000000,78594.17000000,881.03721000,1770101999999,69038743.02814440,228656,499.41783000,39138147.61809180
1770102000000,2026-02-03 07:00:00,78594.01000000,78923.93000000,78488.01000000,78794.67000000,705.05984000,1770105599999,55530426.98549140,244462,355.62027000,28004843.78318960
1770105600000,2026-02-03 08:00:00,78794.67000000,79084.29000000,78464.60000000,78747.96000000,840.32530000,1770109199999,66242596.46511680,238750,408.69041000,32230413.17477910
1770109200000,2026-02-03 09:00:00,78747.96000000,78841.35000000,77950.00000000,78400.01000000,972.94350000,1770112799999,76147845.47858540,315913,456.82480000,35761132.69688080
1770112800000,2026-02-03 10:00:00,78400.01000000,78560.00000000,78070.00000000,78120.36000000,505.87116000,1770116399999,39628503.78274130,193078,258.37989000,20243450.20398410
1770116400000,2026-02-03 11:00:00,78120.36000000,78349.24000000,78004.08000000,78079.50000000,475.83471000,1770119999999,37200545.49804300,204193,238.74726000,18666859.47799240
1770120000000,2026-02-03 12:00:00,78079.50000000,78416.90000000,78000.00000000,78330.26000000,933.62710000,1770123599999,73046161.99256930,220572,465.58114000,36425273.81183430
1770123600000,2026-02-03 13:00:00,78330.26000000,78458.89000000,78187.91000000,78307.65000000,529.49211000,1770127199999,41482980.85909990,200836,281.78483000,22076049.18927630
1770127200000,2026-02-03 14:00:00,78307.65000000,78434.61000000,77156.24000000,77201.22000000,2011.41490000,1770130799999,156645912.68369470,633581,926.01440000,72123007.35397350
1770130800000,2026-02-03 15:00:00,77201.21000000,78196.83000000,77055.54000000,78132.33000000,2069.08407000,1770134399999,160665503.52489550,733502,1026.17790000,79692656.25379370
1770134400000,2026-02-03 16:00:00,78132.34000000,78134.53000000,76400.00000000,76488.08000000,3199.23624000,1770137999999,245981816.85591540,642874,1278.95033000,98394462.28155960
1770138000000,2026-02-03 17:00:00,76488.08000000,76525.44000000,74882.28000000,74915.79000000,3210.53566000,1770141599999,242729330.66441050,689063,1364.81192000,103218338.53998400
1770141600000,2026-02-03 18:00:00,74915.79000000,75302.76000000,73137.66000000,73139.13000000,8932.04301000,1770145199999,662015509.44823270,967046,3129.71123000,232003885.53958870
1770145200000,2026-02-03 19:00:00,73139.12000000,75291.10000000,72945.50000000,74935.00000000,3497.82279000,1770148799999,259852834.78991890,778817,1785.71680000,132746867.53671440
1770148800000,2026-02-03 20:00:00,74935.00000000,76721.25000000,74586.54000000,76475.52000000,2122.86901000,1770152399999,161031555.01815680,585369,1099.00009000,83390169.07673910
1770152400000,2026-02-03 21:00:00,76475.53000000,76960.00000000,76124.05000000,76239.43000000,1110.97152000,1770155999999,85109474.69901750,256759,437.95238000,33544089.12274550
1770156000000,2026-02-03 22:00:00,76239.43000000,76299.19000000,75406.79000000,75708.83000000,1013.97922000,1770159599999,76895512.19250460,269874,442.00076000,33514098.00412760
1770159600000,2026-02-03 23:00:00,75708.82000000,76000.00000000,75428.16000000,75770.21000000,794.68224000,1770163199999,60169205.00758470,222937,345.13492000,26139022.13437320
1770163200000,2026-02-04 00:00:00,75770.21000000,76264.00000000,75467.22000000,75910.88000000,730.62893000,1770166799999,55437918.72445140,266456,336.63938000,25551020.44841190
1770166800000,2026-02-04 01:00:00,75910.88000000,76798.12000000,75910.88000000,76423.73000000,952.72942000,1770170399999,72897015.39080480,307695,412.97301000,31584950.08665990
1770170400000,2026-02-04 02:00:00,76423.73000000,76610.04000000,75707.41000000,75963.35000000,853.38888000,1770173999999,64992664.06665880,278097,353.53158000,26916926.65866330
1770174000000,2026-02-04 03:00:00,75963.35000000,76971.52000000,75906.05000000,76698.17000000,1036.93598000,1770177599999,79410992.58573940,265909,472.80023000,36199475.06419690
1770177600000,2026-02-04 04:00:00,76698.17000000,76830.69000000,76413.64000000,76479.75000000,577.39018000,1770181199999,44242660.58634150,169462,199.31132000,15273414.98898360
1770181200000,2026-02-04 05:00:00,76479.75000000,76526.80000000,76105.30000000,76279.99000000,1056.73491000,1770184799999,80712761.86906460,186617,467.07386000,35678317.47237480
1770184800000,2026-02-04 06:00:00,76280.00000000,76780.00000000,76259.90000000,76652.68000000,609.34015000,1770188399999,46651495.76540550,166410,268.47895000,20553972.72395020
1770188400000,2026-02-04 07:00:00,76652.68000000,76657.31000000,76335.46000000,76514.30000000,593.58526000,1770191999999,45408088.10216380,182983,270.99180000,20731859.04432460
1770192000000,2026-02-04 08:00:00,76514.30000000,76600.00000000,76068.69000000,76587.26000000,736.19473000,1770195599999,56208328.13660600,238936,353.98886000,27029048.88182580
1770195600000,2026-02-04 09:00:00,76587.26000000,76607.69000000,75967.10000000,76119.00000000,632.82215000,1770199199999,48225371.79655580,216509,264.26983000,20137964.05055060
1770199200000,2026-02-04 10:00:00,76119.00000000,76338.65000000,76069.00000000,76302.10000000,440.91077000,1770202799999,33597954.70723010,164088,231.97092000,17677717.96372990
1770202800000,2026-02-04 11:00:00,76302.10000000,76302.10000000,75666.00000000,76017.25000000,1102.73317000,1770206399999,83792805.83232440,285632,456.01468000,34661048.42927110
1770206400000,2026-02-04 12:00:00,76017.25000000,76260.85000000,76000.00000000,76180.85000000,942.91713000,1770209999999,71794358.57612990,214446,405.03502000,30839146.91209430
1770210000000,2026-02-04 13:00:00,76180.84000000,76186.98000000,74867.00000000,74867.00000000,1563.62436000,1770213599999,118061599.37099510,349449,520.65201000,39295625.41651970
1770213600000,2026-02-04 14:00:00,74867.00000000,75769.23000000,74256.00000000,74359.53000000,2801.90282000,1770217199999,210491604.90046390,868555,1468.83731000,110410185.05041380
1770217200000,2026-02-04 15:00:00,74359.53000000,75328.28000000,73794.11000000,74136.36000000,3644.50098000,1770220799999,271400714.11825920,1173949,1804.31707000,134399479.89983800
1770220800000,2026-02-04 16:00:00,74136.48000000,74249.83000000,73076.92000000,73636.01000000,3089.62892000,1770224399999,227540704.70017990,970474,1482.08290000,109183028.85626660
1770224400000,2026-02-04 17:00:00,73635.63000000,73863.92000000,72169.00000000,72576.08000000,5764.80542000,1770227999999,419684604.42849310,1102629,2253.30867000,164223365.56530850
1770228000000,2026-02-04 18:00:00,72576.08000000,74140.00000000,72273.68000000,73425.96000000,3480.01439000,1770231599999,254764287.11521720,970515,1703.67893000,124779121.37250650
1770231600000,2026-02-04 19:00:00,73425.97000000,74007.28000000,73041.41000000,73923.29000000,1609.77508000,1770235199999,118423183.22698700,577511,891.51733000,65603729.95330790
1770235200000,2026-02-04 20:00:00,73923.30000000,74144.00000000,73425.56000000,73516.30000000,1052.61663000,1770238799999,77594042.52591370,388741,494.33387000,36444987.87020950
1770238800000,2026-02-04 21:00:00,73516.30000000,73654.00000000,72210.00000000,72799.99000000,1379.23839000,1770242399999,100568403.15212780,400346,592.61400000,43195080.66366290
1770242400000,2026-02-04 22:00:00,72800.00000000,73680.00000000,71888.00000000,72543.38000000,2426.62344000,1770245999999,176152689.46008420,609621,986.46630000,71645348.49900470
1770246000000,2026-02-04 23:00:00,72543.38000000,73520.59000000,72468.12000000,73165.83000000,1296.31791000,1770249599999,94780382.40094930,368972,583.46786000,42649952.95699750
1770249600000,2026-02-05 00:00:00,73165.84000000,73325.60000000,72754.21000000,72868.02000000,1031.56586000,1770253199999,75337771.89425350,356907,523.34494000,38220159.22655050
1770253200000,2026-02-05 01:00:00,72868.02000000,73341.18000000,71995.09000000,72421.26000000,1796.49365000,1770256799999,130473959.33430690,690479,883.14755000,64143754.04229200
1770256800000,2026-02-05 02:00:00,72421.26000000,72854.39000000,71305.55000000,71454.44000000,2979.51665000,1770260399999,214636071.16768680,837656,1352.78713000,97501775.21178850
1770260400000,2026-02-05 03:00:00,71454.44000000,71884.47000000,71152.78000000,71223.25000000,2548.86017000,1770263999999,182242795.76811160,805760,1208.59699000,86450029.35281430
1770264000000,2026-02-05 04:00:00,71223.25000000,71437.68000000,70701.00000000,70888.08000000,4293.99043000,1770267599999,305106384.58320970,797850,1760.53394000,125129873.98294730
1770267600000,2026-02-05 05:00:00,70888.09000000,71150.16000000,70140.00000000,70732.72000000,4302.51294000,1770271199999,303984571.00729980,532800,1727.42864000,122108114.12735220
1770271200000,2026-02-05 06:00:00,70732.73000000,70984.62000000,70434.05000000,70951.51000000,2020.09726000,1770274799999,142822029.34248820,383311,934.84608000,66100630.74058520
1770274800000,2026-02-05 07:00:00,70951.51000000,71622.82000000,70644.73000000,70756.85000000,2612.40429000,1770278399999,185976735.30585960,359743,1363.57140000,97078653.07685810
1770278400000,2026-02-05 08:00:00,70756.86000000,71550.00000000,70683.58000000,71054.99000000,1815.06036000,1770281999999,129188750.98576790,314450,921.26090000,65567736.72646160
1770282000000,2026-02-05 09:00:00,71054.99000000,71978.58000000,71049.35000000,71550.00000000,1842.40706000,1770285599999,131910817.56550400,329695,997.84614000,71417300.78879700
1770285600000,2026-02-05 10:00:00,71549.99000000,71726.79000000,70656.59000000,70858.13000000,1618.18196000,1770289199999,115265285.27977370,267101,777.75946000,55407974.95230440
1770289200000,2026-02-05 11:00:00,70858.13000000,71063.94000000,69922.00000000,70318.35000000,4107.09256000,1770292799999,288854871.84302110,543392,1890.06782000,132983468.74441130
1770292800000,2026-02-05 12:00:00,70318.35000000,70603.49000000,69163.00000000,69563.57000000,5331.37678000,1770296399999,371089288.01888780,717000,2324.14485000,161789562.18213500
1770296400000,2026-02-05 13:00:00,69563.56000000,69831.85000000,69261.11000000,69688.94000000,2587.65964000,1770299999999,179923506.13199590,416975,1341.14659000,93261444.05769760
1770300000000,2026-02-05 14:00:00,69688.94000000,70872.04000000,69285.71000000,69404.76000000,3459.24538000,1770303599999,242510251.61379100,652011,1784.51650000,125145176.36290740
1770303600000,2026-02-05 15:00:00,69404.75000000,69616.29000000,66720.15000000,67489.07000000,13836.57347000,1770307199999,937898948.92609280,1181032,6481.68742000,438924818.56159840
1770307200000,2026-02-05 16:00:00,67489.08000000,68681.81000000,66955.34000000,68295.15000000,5860.78146000,1770310799999,397405538.43052220,789436,3205.92477000,217429845.68898400
1770310800000,2026-02-05 17:00:00,68295.15000000,68374.79000000,66152.00000000,66181.69000000,6127.22850000,1770314399999,410910104.43007140,840267,2745.12221000,184180920.68425590
1770314400000,2026-02-05 18:00:00,66181.68000000,66542.87000000,65385.00000000,66347.00000000,5703.68497000,1770317999999,376039663.61539910,716550,2716.11474000,179133309.20315040
1770318000000,2026-02-05 19:00:00,66347.01000000,66637.46000000,65200.00000000,65265.65000000,3605.53717000,1770321599999,237574235.86786540,578735,1617.61819000,106595978.90694860
1770321600000,2026-02-05 20:00:00,65265.66000000,65700.00000000,62345.00000000,63775.67000000,13269.97533000,1770325199999,847911013.97925580,1111134,5271.52963000,336795535.52423320
1770325200000,2026-02-05 21:00:00,63775.66000000,64775.00000000,62888.34000000,63213.34000000,6727.66673000,1770328799999,429210097.54775240,962432,2952.92771000,188451704.31603170
1770328800000,2026-02-05 22:00:00,63213.34000000,64615.88000000,62690.90000000,63907.86000000,4776.16051000,1770332399999,303744055.42067540,617119,2223.91060000,141552814.65760690
1770332400000,2026-02-05 23:00:00,63907.86000000,64908.00000000,62717.48000000,62909.86000000,4044.75586000,1770335999999,258728846.22110160,562175,2036.81586000,130378921.91452810
1770336000000,2026-02-06 00:00:00,62909.87000000,63861.87000000,60000.00000000,63509.39000000,15965.67588000,1770339599999,983313849.23100150,1514013,7642.87009000,471212447.99481990
1770339600000,2026-02-06 01:00:00,63509.40000000,65760.00000000,63509.39000000,65714.96000000,6085.05108000,1770343199999,392761574.60514880,877667,3450.67867000,222740637.18536770
1770343200000,2026-02-06 02:00:00,65714.96000000,66010.00000000,64201.28000000,64990.10000000,4172.05950000,1770346799999,271191994.15089890,741794,1941.58254000,126196776.82536730
1770346800000,2026-02-06 03:00:00,64990.11000000,65172.13000000,63770.17000000,64168.33000000,2757.61679000,1770350399999,177857647.72801510,602939,1196.97389000,77263663.30937770
1770350400000,2026-02-06 04:00:00,64168.33000000,65000.00000000,63914.62000000,64905.84000000,2678.77331000,1770353999999,173066189.55463150,404064,1299.68406000,84050116.96047240
1770354000000,2026-02-06 05:00:00,64905.54000000,66826.50000000,64800.01000000,66408.11000000,3077.34633000,1770357599999,202469458.44210680,477248,1854.85555000,122035437.31315020
1770357600000,2026-02-06 06:00:00,66408.11000000,66800.00000000,64856.88000000,64988.26000000,3562.00258000,1770361199999,234112425.34899710,544910,1654.85565000,108755180.53868490
1770361200000,2026-02-06 07:00:00,64988.26000000,65543.79000000,64654.11000000,64856.00000000,3886.24107000,1770364799999,252781089.20876660,496113,2339.72251000,152207128.54291220
1770364800000,2026-02-06 08:00:00,64856.00000000,65206.11000000,64500.00000000,64895.05000000,2403.94942000,1770368399999,155914537.16581200,427947,1291.68250000,83795848.57540330
1770368400000,2026-02-06 09:00:00,64895.04000000,66163.00000000,64764.70000000,65799.55000000,2736.04998000,1770371999999,179306872.52098070,378058,1656.34569000,108501995.90062900
1770372000000,2026-02-06 10:00:00,65799.55000000,66220.00000000,65550.00000000,65967.51000000,2067.37547000,1770375599999,136334280.75496510,362698,1020.20231000,67282780.31667720
1770375600000,2026-02-06 11:00:00,65967.51000000,66755.13000000,65772.17000000,66631.32000000,2445.47098000,1770379199999,161964875.87288170,324146,1442.17100000,95528319.43786130
1770379200000,2026-02-06 12:00:00,66631.32000000,66631.32000000,66114.49000000,66557.93000000,1895.66919000,1770382799999,125778916.84343250,346133,988.45472000,65591489.03671760
1770382800000,2026-02-06 13:00:00,66557.93000000,67690.70000000,66480.82000000,67316.82000000,4063.76595000,1770386399999,272654657.92820150,711990,1996.65136000,133934329.97441200
1770386400000,2026-02-06 14:00:00,67316.82000000,68647.45000000,66629.36000000,68194.89000000,5594.57909000,1770389999999,379143904.89432480,1003136,2880.06389000,195387232.39459460
1770390000000,2026-02-06 15:00:00,68194.90000000,69192.00000000,67772.00000000,68626.00000000,6052.81042000,1770393599999,414111171.71948360,938035,3674.29759000,251428717.91314740
1770393600000,2026-02-06 16:00:00,68625.99000000,70224.62000000,68428.19000000,69954.01000000,6892.60997000,1770397199999,479317269.19770950,648731,4472.81406000,311087726.35042310
1770397200000,2026-02-06 17:00:00,69954.01000000,71500.00000000,69593.43000000,70753.53000000,5224.54006000,1770400799999,369124574.30224970,551751,2896.98479000,204681730.22860940
1770400800000,2026-02-06 18:00:00,70753.53000000,70816.00000000,69340.91000000,69776.68000000,3217.47319000,1770404399999,225053850.29123170,495341,1627.24151000,113780696.51337580
1770404400000,2026-02-06 19:00:00,69776.68000000,70952.00000000,69662.22000000,70731.46000000,1949.07605000,1770407999999,136943234.13945250,306508,1178.95985000,82821154.17206470
1770408000000,2026-02-06 20:00:00,70731.45000000,70996.77000000,70000.12000000,70000.13000000,1842.94729000,1770411599999,129947383.67159280,400315,861.50595000,60769187.77130380
1770411600000,2026-02-06 21:00:00,70000.14000000,70508.75000000,69837.35000000,70358.43000000,1079.99332000,1770415199999,75802762.61556080,237693,530.13318000,37209921.80444860
1770415200000,2026-02-06 22:00:00,70358.44000000,71577.09000000,70279.09000000,71354.46000000,1439.41821000,1770418799999,102200267.21383240,221121,879.82483000,62475890.14609920
1770418800000,2026-02-06 23:00:00,71354.46000000,71751.33000000,70505.00000000,70580.26000000,1448.72018000,1770422399999,102903883.21022780,216177,698.95579000,49687740.07476890
1770422400000,2026-02-07 00:00:00,70580.26000000,70600.00000000,69718.00000000,69958.00000000,1684.48527000,1770425999999,118072968.66675610,413634,696.69651000,48842836.72751210
1770426000000,2026-02-07 01:00:00,69958.00000000,70680.54000000,69741.87000000,70471.49000000,1257.48702000,1770429599999,88220183.92237500,264599,647.10163000,45420411.81065930
1770429600000,2026-02-07 02:00:00,70471.48000000,70624.49000000,70151.51000000,70361.37000000,828.17189000,1770433199999,58301106.63301020,218091,454.90696000,32025668.60136380
1770433200000,2026-02-07 03:00:00,70361.36000000,70928.75000000,70270.00000000,70918.99000000,917.62946000,1770436799999,64842409.41628710,242966,510.70312000,36083840.36071870
1770436800000,2026-02-07 04:00:00,70918.99000000,71690.07000000,70604.55000000,70768.13000000,1760.77139000,1770440399999,125188978.69304770,378067,1016.51113000,72287363.26248980
1770440400000,2026-02-07 05:00:00,70768.00000000,71191.88000000,69800.00000000,70161.50000000,1954.17044000,1770443999999,137566141.38693660,316337,689.50227000,48598439.03548550
1770444000000,2026-02-07 06:00:00,70161.51000000,70310.00000000,68757.68000000,68769.65000000,3067.81307000,1770447599999,214133020.97633470,372927,1040.26219000,72601950.35940110
1770447600000,2026-02-07 07:00:00,68769.66000000,69084.55000000,67300.00000000,68087.14000000,6488.56676000,1770451199999,441858383.66040560,803328,2623.42794000,178645147.34748600
1770451200000,2026-02-07 08:00:00,68087.13000000,68790.00000000,67747.65000000,68495.01000000,2785.44241000,1770454799999,190356131.12298340,401908,1042.70512000,71280935.28688880
1770454800000,2026-02-07 09:00:00,68495.01000000,68763.28000000,67885.86000000,68138.20000000,2704.83478000,1770458399999,184801016.53090090,292045,807.41382000,55160545.08532240
1770458400000,2026-02-07 10:00:00,68138.19000000,68299.30000000,67582.48000000,67987.00000000,2026.15669000,1770461999999,137633090.33836560,246732,625.99064000,42519593.35570060
1770462000000,2026-02-07 11:00:00,67986.99000000,68157.21000000,67700.00000000,67972.65000000,1172.58170000,1770465599999,79653190.26749900,201136,447.58237000,30408209.45078750
1770465600000,2026-02-07 12:00:00,67972.65000000,69999.99000000,67901.89000000,69024.98000000,3372.78032000,1770469199999,233199087.35744860,605815,1692.54441000,117020435.78731340
1770469200000,2026-02-07 13:00:00,69024.98000000,69364.50000000,68821.64000000,69093.98000000,1462.50623000,1770472799999,101012427.61148000,274572,586.16093000,40491870.62941560
1770472800000,2026-02-07 14:00:00,69093.98000000,69187.27000000,68358.75000000,68645.99000000,1780.47515000,1770476399999,122573950.31761690,288450,558.17314000,38410304.90437000
1770476400000,2026-02-07 15:00:00,68646.00000000,69762.46000000,68556.00000000,69151.50000000,2675.07885000,1770479999999,185176063.50177460,402218,1170.33424000,81016310.05160700
1770480000000,2026-02-07 16:00:00,69151.50000000,69898.00000000,68822.51000000,68957.16000000,3767.46183000,1770483599999,261363746.27505670,574985,1760.97508000,122197934.21424930
1770483600000,2026-02-07 17:00:00,68957.16000000,69408.00000000,68531.50000000,69188.81000000,1260.95907000,1770487199999,86929846.36923340,212789,536.46724000,37013339.56066000
1770487200000,2026-02-07 18:00:00,69188.81000000,69690.89000000,69009.09000000,69514.11000000,815.22684000,1770490799999,56549764.46074760,154987,518.85081000,35989906.27541780
1770490800000,2026-02-07 19:00:00,69514.11000000,69577.43000000,69266.66000000,69373.61000000,549.67003000,1770494399999,38143830.71994420,109331,315.16392000,21867988.14460470
1770494400000,2026-02-07 20:00:00,69373.61000000,69728.83000000,69252.72000000,69631.18000000,431.20720000,1770497999999,29957363.23048440,89754,217.13825000,15087514.84195540
1770498000000,2026-02-07 21:00:00,69631.18000000,69699.16000000,69356.16000000,69497.99000000,322.93251000,1770501599999,22450189.26633110,87548,160.91043000,11186783.77147830
1770501600000,2026-02-07 22:00:00,69497.99000000,69727.86000000,69325.67000000,69399.34000000,469.65551000,1770505199999,32660664.87111830,82455,304.20060000,21160631.12885890
1770505200000,2026-02-07 23:00:00,69399.34000000,69462.42000000,68787.34000000,69289.38000000,699.41594000,1770508799999,48340323.47301470,132753,342.49958000,23671863.43569490
1770508800000,2026-02-08 00:00:00,69289.37000000,69432.00000000,68888.00000000,69133.79000000,682.62238000,1770512399999,47181564.74971880,175220,355.28061000,24555302.63359140
1770512400000,2026-02-08 01:00:00,69133.80000000,69500.00000000,69095.17000000,69379.57000000,433.38727000,1770515999999,30025992.35808570,164140,230.33663000,15957092.21762280
1770516000000,2026-02-08 02:00:00,69379.57000000,69696.57000000,69167.42000000,69370.70000000,452.71707000,1770519599999,31414296.85654340,157898,207.72562000,14416555.91755080
1770519600000,2026-02-08 03:00:00,69370.69000000,69443.90000000,69069.65000000,69099.99000000,457.68257000,1770523199999,31704832.79652770,139432,190.23878000,13179599.07415740
1770523200000,2026-02-08 04:00:00,69100.00000000,69372.06000000,68952.01000000,69340.16000000,390.41434000,1770526799999,27020239.24176950,103999,177.05008000,12254392.09984110
1770526800000,2026-02-08 05:00:00,69340.15000000,69422.43000000,69146.47000000,69220.52000000,386.01063000,1770530399999,26731881.21797810,93924,178.54514000,12365187.82302910
1770530400000,2026-02-08 06:00:00,69220.53000000,69518.56000000,69090.00000000,69361.18000000,1121.01748000,1770533999999,77723429.10549790,137777,839.68471000,58223035.82074970
1770534000000,2026-02-08 07:00:00,69361.18000000,69719.07000000,69215.69000000,69710.69000000,980.72904000,1770537599999,68103004.94486650,144334,675.84382000,46931598.58539130
1770537600000,2026-02-08 08:00:00,69710.69000000,70796.99000000,69514.15000000,70665.59000000,1875.57890000,1770541199999,131710133.32732720,354978,1184.85913000,83171590.38571440
1770541200000,2026-02-08 09:00:00,70665.59000000,70712.71000000,70094.71000000,70107.19000000,1028.89501000,1770544799999,72373851.26066640,253473,481.09927000,33859109.40453820
1770544800000,2026-02-08 10:00:00,70107.20000000,70449.99000000,69890.52000000,70266.41000000,1062.51700000,1770548399999,74583893.83403630,239518,507.09242000,35594867.43908570
1770548400000,2026-02-08 11:00:00,70266.41000000,71220.00000000,70210.26000000,70999.98000000,1342.32428000,1770551999999,95018976.39210830,291448,785.30653000,55610983.99945740
1770552000000,2026-02-08 12:00:00,70999.99000000,71281.74000000,70707.39000000,71249.95000000,791.13826000,1770555599999,56143063.11148470,213041,445.20371000,31597739.92727690
1770555600000,2026-02-08 13:00:00,71249.65000000,71517.27000000,70956.00000000,71514.77000000,1080.90623000,1770559199999,77076868.82140990,231715,652.47047000,46544383.66996900
1770559200000,2026-02-08 14:00:00,71514.77000000,71554.95000000,71105.00000000,71262.19000000,872.42876000,1770562799999,62214168.07602280,209384,450.34528000,32118223.41033440
1770562800000,2026-02-08 15:00:00,71262.18000000,71465.93000000,70786.18000000,71188.99000000,914.74435000,1770566399999,65075653.89820660,262103,468.85249000,33357404.66686940
1770566400000,2026-02-08 16:00:00,71188.99000000,71256.97000000,70251.33000000,70416.00000000,1094.49116000,1770569999999,77504663.13496060,263539,387.94391000,27470483.18892670
1770570000000,2026-02-08 17:00:00,70415.99000000,70871.66000000,70407.42000000,70785.99000000,515.39696000,1770573599999,36440176.20536080,188931,292.10549000,20654464.88451970
1770573600000,2026-02-08 18:00:00,70786.00000000,71418.00000000,70750.00000000,71147.25000000,643.64182000,1770577199999,45783995.87824110,209719,377.72218000,26866491.80478300
1770577200000,2026-02-08 19:00:00,71147.24000000,71538.05000000,71142.77000000,71422.97000000,466.64362000,1770580799999,33292167.84016410,136973,295.05791000,21055646.57030450
1770580800000,2026-02-08 20:00:00,71422.96000000,71427.73000000,70700.03000000,70835.17000000,803.14197000,1770584399999,57045644.40284840,162157,262.03912000,18613983.91620330
1770584400000,2026-02-08 21:00:00,70835.17000000,71136.03000000,70524.14000000,70700.00000000,621.70092000,1770587999999,44020466.62348670,129951,241.29600000,17098624.00998850
1770588000000,2026-02-08 22:00:00,70700.01000000,71100.04000000,70652.11000000,71066.09000000,568.07657000,1770591599999,40259624.51138920,107651,333.49784000,23638210.34169100
1770591600000,2026-02-08 23:00:00,71066.09000000,72271.41000000,70000.00000000,70330.38000000,2834.32509000,1770595199999,201555170.06414140,499144,1416.15524000,100763895.49022400
1770595200000,2026-02-09 00:00:00,70330.38000000,70774.40000000,70123.02000000,70502.38000000,961.77536000,1770598799999,67768544.25284280,330826,487.04203000,34324357.51321430
1770598800000,2026-02-09 01:00:00,70502.37000000,70926.40000000,70068.18000000,70369.53000000,1060.82602000,1770602399999,74741798.69267140,342236,554.86518000,39113330.98187560
1770602400000,2026-02-09 02:00:00,70369.53000000,71000.00000000,70220.12000000,70629.99000000,832.82995000,1770605999999,58791332.95839330,287254,416.11835000,29375524.93456520
1770606000000,2026-02-09 03:00:00,70629.99000000,71453.53000000,70614.07000000,71307.56000000,1165.88308000,1770609599999,82794003.15357030,261041,679.28186000,48241844.80666650
1770609600000,2026-02-09 04:00:00,71307.56000000,71359.37000000,70924.13000000,71005.01000000,663.12266000,1770613199999,47166265.46851030,159643,274.62295000,19530722.93520970
1770613200000,2026-02-09 05:00:00,71005.01000000,71112.00000000,70805.00000000,71044.51000000,554.37782000,1770616799999,39327663.69226730,160207,253.73987000,18002507.99168500
1770616800000,2026-02-09 06:00:00,71044.51000000,71044.52000000,70311.70000000,70667.95000000,697.30320000,1770620399999,49234810.86340910,216849,309.36944000,21842190.21666000
1770620400000,2026-02-09 07:00:00,70667.96000000,70902.51000000,70331.57000000,70422.59000000,1015.80172000,1770623999999,71680414.57849660,215292,398.66041000,28142242.19527580
1770624000000,2026-02-09 08:00:00,70422.59000000,70608.83000000,69393.97000000,69873.99000000,1595.15551000,1770627599999,111547468.15229620,343062,742.91015000,51925737.83030150
1770627600000,2026-02-09 09:00:00,69873.45000000,70116.00000000,69478.63000000,69630.35000000,1112.26419000,1770631199999,77626458.67237250,259871,535.66941000,37387674.62705350
1770631200000,2026-02-09 10:00:00,69630.35000000,69730.38000000,68420.58000000,68727.88000000,2052.69575000,1770634799999,141565979.93005930,451622,888.94943000,61355462.01859920
1770634800000,2026-02-09 11:00:00,68727.88000000,69022.89000000,68573.31000000,68928.72000000,1348.78221000,1770638399999,92828891.84147460,268825,624.98121000,43013986.30820000
1770638400000,2026-02-09 12:00:00,68928.71000000,69262.91000000,68857.97000000,69147.01000000,1009.44887000,1770641999999,69738596.43442840,229797,567.13806000,39183246.24907670
1770642000000,2026-02-09 13:00:00,69147.02000000,69299.99000000,68586.48000000,68594.57000000,1029.85836000,1770645599999,71071908.38126370,247261,438.12488000,30259973.81465570
1770645600000,2026-02-09 14:00:00,68594.56000000,69755.59000000,68308.00000000,69272.00000000,2516.24849000,1770649199999,173490796.28429650,697065,1314.11971000,90607418.67388380
1770649200000,2026-02-09 15:00:00,69271.99000000,69884.82000000,68780.00000000,69563.37000000,2308.23216000,1770652799999,160210438.51335360,428206,1178.83081000,81825239.17548850
1770652800000,2026-02-09 16:00:00,69563.37000000,70428.48000000,69100.00000000,70093.01000000,1734.77412000,1770656399999,121079636.51214440,343060,860.85178000,60083146.02626290
1770656400000,2026-02-09 17:00:00,70093.00000000,71000.00000000,69870.65000000,70612.29000000,2206.43168000,1770659999999,155504067.10437770,321224,1112.96889000,78450704.59963770
1770660000000,2026-02-09 18:00:00,70612.29000000,71012.00000000,70088.88000000,70418.68000000,1419.63320000,1770663599999,100051357.17723370,294785,657.50258000,46347078.82838700
1770663600000,2026-02-09 19:00:00,70418.67000000,71075.31000000,70260.00000000,70957.01000000,878.36448000,1770667199999,62138771.40548810,217640,455.03972000,32192659.71942860
1770667200000,2026-02-09 20:00:00,70957.01000000,71126.00000000,70500.00000000,70738.71000000,948.93614000,1770670799999,67144941.45069410,201376,338.42569000,23961269.44005560
1770670800000,2026-02-09 21:00:00,70738.71000000,70807.75000000,69823.52000000,70400.00000000,1102.83201000,1770674399999,77473655.15441950,167552,376.63253000,26456729.07566440
1770674400000,2026-02-09 22:00:00,70400.01000000,70719.70000000,70271.13000000,70372.96000000,530.94981000,1770677999999,37410318.90615870,105205,237.21311000,16715957.04542070
1770678000000,2026-02-09 23:00:00,70372.96000000,70572.84000000,70083.45000000,70138.00000000,406.20163000,1770681599999,28571419.84075550,94870,151.57681000,10662611.67570490
1770681600000,2026-02-10 00:00:00,70138.00000000,70255.36000000,69743.80000000,69827.33000000,569.13678000,1770685199999,39810350.51404060,136081,236.86140000,16569442.19976390
1770685200000,2026-02-10 01:00:00,69827.34000000,70527.59000000,69827.34000000,70486.82000000,544.68673000,1770688799999,38262791.34858260,162390,303.64399000,21335501.15785350
1770688800000,2026-02-10 02:00:00,70486.82000000,70486.82000000,69982.27000000,70102.89000000,444.00707000,1770692399999,31189347.97405720,129871,199.97809000,14051054.67211540
1770692400000,2026-02-10 03:00:00,70102.90000000,70166.22000000,69208.61000000,69511.83000000,911.79715000,1770695999999,63441867.94341310,220709,344.50562000,23963693.21549660
1770696000000,2026-02-10 04:00:00,69511.83000000,69906.50000000,69469.58000000,69831.62000000,489.42781000,1770699599999,34130215.72684200,121034,223.92267000,15615567.35368130
1770699600000,2026-02-10 05:00:00,69831.62000000,69864.00000000,69210.76000000,69447.64000000,565.92441000,1770703199999,39340019.47980150,143803,176.65513000,12280117.13657370
1770703200000,2026-02-10 06:00:00,69447.63000000,69499.90000000,68682.00000000,68921.35000000,1241.02042000,1770706799999,85688190.59459810,232994,509.32719000,35157739.27651750
1770706800000,2026-02-10 07:00:00,68921.36000000,69218.64000000,68852.43000000,68919.66000000,837.11514000,1770710399999,57779515.45840420,148370,384.30147000,26526725.82621450
1770710400000,2026-02-10 08:00:00,68919.66000000,69226.16000000,68725.81000000,69142.00000000,730.03493000,1770713999999,50363284.53684620,154136,303.56159000,20947339.64231350
1770714000000,2026-02-10 09:00:00,69141.99000000,69417.70000000,68950.00000000,69151.50000000,1044.98180000,1770717599999,72310416.47207020,133342,397.44611000,27509008.03699710
1770717600000,2026-02-10 10:00:00,69151.50000000,69258.52000000,68921.64000000,68921.68000000,686.30742000,1770721199999,47416474.57719030,109615,303.67404000,20980523.49280620
1770721200000,2026-02-10 11:00:00,68921.68000000,69085.79000000,68459.89000000,68535.01000000,1128.13956000,1770724799999,77588218.63684330,167675,498.88632000,34314566.64488590
1770724800000,2026-02-10 12:00:00,68535.02000000,68855.35000000,68434.00000000,68610.12000000,821.53118000,1770728399999,56402818.82116500,170732,375.81996000,25803502.71825250
1770728400000,2026-02-10 13:00:00,68610.11000000,69143.60000000,68370.23000000,69027.95000000,992.44284000,1770731999999,68255677.56723450,194907,613.99059000,42237577.97192380
1770732000000,2026-02-10 14:00:00,69027.94000000,69591.20000000,67800.00000000,68460.40000000,2352.75100000,1770735599999,161562057.12337350,486617,1180.68417000,81158491.58885210
1770735600000,2026-02-10 15:00:00,68460.40000000,69519.72000000,68300.90000000,69293.37000000,1676.38862000,1770739199999,115782796.94548910,475112,881.48513000,60885281.08096240
1770739200000,2026-02-10 16:00:00,69293.37000000,69810.35000000,68945.23000000,69517.71000000,1394.08093000,1770742799999,96781083.33266240,350174,704.43646000,48924189.38902490
1770742800000,2026-02-10 17:00:00,69517.71000000,69993.65000000,69309.35000000,69925.31000000,899.78430000,1770746399999,62720331.84680900,244237,430.39232000,30004334.38579320
1770746400000,2026-02-10 18:00:00,69925.31000000,69943.44000000,68604.63000000,68894.36000000,897.73226000,1770749999999,62089175.15305500,253618,334.32670000,23134321.81880800
1770750000000,2026-02-10 19:00:00,68894.36000000,69303.99000000,68690.32000000,69062.01000000,805.90106000,1770753599999,55572782.74707910,169896,277.18136000,19120237.58446100
1770753600000,2026-02-10 20:00:00,69062.00000000,69136.91000000,68629.47000000,68753.70000000,425.90627000,1770757199999,29320035.56856480,116804,172.62457000,11883032.14189080
1770757200000,2026-02-10 21:00:00,68753.69000000,69005.45000000,68362.00000000,68656.21000000,402.88764000,1770760799999,27663212.87624820,97798,158.09983000,10854003.66016630
1770760800000,2026-02-10 22:00:00,68656.22000000,68860.40000000,68566.80000000,68707.18000000,289.48213000,1770764399999,19883125.48121240,70935,120.57150000,8281767.11763120
1770764400000,2026-02-10 23:00:00,68707.18000000,68860.09000000,68506.20000000,68841.29000000,222.30327000,1770767999999,15269832.63434300,67808,104.83435000,7201932.14054020
1770768000000,2026-02-11 00:00:00,68841.28000000,69244.45000000,68784.47000000,69201.14000000,437.64105000,1770771599999,30225058.87638070,135294,256.29365000,17702369.91355930
1770771600000,2026-02-11 01:00:00,69201.14000000,69292.88000000,68914.73000000,68982.00000000,303.52695000,1770775199999,20966180.33833590,131963,135.86504000,9384383.29127640
1770775200000,2026-02-11 02:00:00,68982.00000000,69168.52000000,68603.40000000,68677.33000000,398.35346000,1770778799999,27454980.62285690,144673,136.88764000,9435019.47608060
1770778800000,2026-02-11 03:00:00,68677.34000000,68751.91000000,68011.11000000,68187.99000000,778.71298000,1770782399999,53217212.31245870,196239,355.97611000,24325476.95553180
1770782400000,2026-02-11 04:00:00,68188.00000000,68325.00000000,67368.00000000,67584.46000000,1295.18481000,1770785999999,87746462.62473630,328387,520.44883000,35258555.34346060
1770786000000,2026-02-11 05:00:00,67584.47000000,67810.00000000,67397.86000000,67404.28000000,744.08532000,1770789599999,50290412.75921390,197283,286.29371000,19357044.25220520
1770789600000,2026-02-11 06:00:00,67404.28000000,67491.84000000,66557.99000000,66820.32000000,1841.79675000,1770793199999,123318157.96347030,347146,784.22102000,52509010.05302970
1770793200000,2026-02-11 07:00:00,66819.84000000,67254.60000000,66652.27000000,67032.72000000,1293.95919000,1770796799999,86682150.83323500,219826,892.03386000,59759759.55592020
1770796800000,2026-02-11 08:00:00,67032.71000000,67134.42000000,66793.93000000,66981.07000000,871.78483000,1770800399999,58380325.30330130,207633,310.21425000,20775633.02587480
1770800400000,2026-02-11 09:00:00,66981.08000000,67110.04000000,66716.02000000,66872.03000000,712.97040000,1770803999999,47693579.96129870,178928,299.66798000,20045633.80418640
1770804000000,2026-02-11 10:00:00,66872.03000000,66891.64000000,66369.49000000,66531.99000000,1318.02907000,1770807599999,87800595.81339420,248887,441.13704000,29400721.11737020
1770807600000,2026-02-11 11:00:00,66531.99000000,67110.77000000,66500.84000000,67053.03000000,1011.30301000,1770811199999,67679358.96934900,199821,660.63733000,44217112.08604460
1770811200000,2026-02-11 12:00:00,67053.03000000,67424.24000000,66959.67000000,67133.50000000,1251.20611000,1770814799999,84054772.68192260,222546,738.82838000,49635259.47638880
1770814800000,2026-02-11 13:00:00,67133.51000000,67674.30000000,66799.58000000,67454.49000000,1973.91228000,1770818399999,132751742.31075720,359623,1149.88435000,77364199.85263440
1770818400000,2026-02-11 14:00:00,67454.49000000,68834.34000000,66435.62000000,66584.60000000,3127.14059000,1770821999999,211632639.17087220,810313,1483.21852000,100445969.25582710
1770822000000,2026-02-11 15:00:00,66584.61000000,66818.18000000,65756.00000000,66519.73000000,2796.32516000,1770825599999,185248700.14416130,800810,1390.22989000,92100326.90968520
1770825600000,2026-02-11 16:00:00,66519.72000000,67250.00000000,65952.00000000,66039.09000000,1746.45856000,1770829199999,116242241.77101200,469465,862.99071000,57441043.08081590
1770829200000,2026-02-11 17:00:00,66039.08000000,66921.12000000,65876.00000000,66518.26000000,1110.21085000,1770832799999,73813476.52347360,321975,507.37519000,33734075.61991250
1770832800000,2026-02-11 18:00:00,66518.26000000,67305.28000000,66150.66000000,67275.34000000,935.25515000,1770836399999,62529895.77948950,307112,542.08533000,36257213.68503460
1770836400000,2026-02-11 19:00:00,67275.34000000,67860.44000000,67105.79000000,67586.67000000,1212.94694000,1770839999999,81946891.51172580,325778,701.10117000,47368429.37699850
1770840000000,2026-02-11 20:00:00,67586.66000000,67757.70000000,67190.00000000,67555.98000000,514.27060000,1770843599999,34711553.62793240,216129,283.96396000,19164217.37746890
1770843600000,2026-02-11 21:00:00,67555.98000000,68369.77000000,67417.04000000,67811.17000000,1823.53852000,1770847199999,124018939.58067140,244020,1058.11979000,71988456.32097860
1770847200000,2026-02-11 22:00:00,67810.20000000,67872.68000000,67387.24000000,67433.14000000,541.63723000,1770850799999,36617539.97920630,163338,262.90668000,17772378.49298460
1770850800000,2026-02-11 23:00:00,67433.54000000,67563.77000000,66787.70000000,67082.52000000,677.99621000,1770854399999,45491078.08485940,179388,275.12954000,18461459.94621840
1770854400000,2026-02-12 00:00:00,67082.52000000,67700.00000000,67055.53000000,67460.75000000,581.76040000,1770857999999,39211974.13981010,203567,269.53763000,18160034.54154520
1770858000000,2026-02-12 01:00:00,67460.75000000,68047.48000000,67460.75000000,67699.01000000,549.26066000,1770861599999,37211399.14115770,220543,269.36352000,18251269.77287670
1770861600000,2026-02-12 02:00:00,67699.01000000,67800.00000000,67418.00000000,67439.14000000,554.16819000,1770865199999,37470612.92854770,180616,272.90494000,18455528.68833140
1770865200000,2026-02-12 03:00:00,67439.14000000,67596.00000000,67306.61000000,67580.99000000,415.78114000,1770868799999,28048882.80379010,165350,154.11357000,10396439.23919960
1770868800000,2026-02-12 04:00:00,67581.00000000,67682.69000000,67000.00000000,67018.40000000,588.37890000,1770872399999,39616447.97462560,199477,248.03708000,16696575.57906560
1770872400000,2026-02-12 05:00:00,67018.40000000,67209.99000000,66670.45000000,67141.93000000,683.92376000,1770875999999,45812041.23465210,227846,345.95504000,23176429.51502190
1770876000000,2026-02-12 06:00:00,67141.92000000,67355.93000000,67014.00000000,67125.57000000,830.74950000,1770879599999,55846200.52769770,203648,578.56424000,38899837.88883990
1770879600000,2026-02-12 07:00:00,67125.57000000,67330.00000000,66935.64000000,67217.72000000,607.54971000,1770883199999,40788654.49797240,192472,341.50969000,22929504.74686040
1770883200000,2026-02-12 08:00:00,67217.71000000,67344.00000000,66891.60000000,67141.15000000,783.02638000,1770886799999,52571326.33211160,193638,286.79368000,19251897.35710780
1770886800000,2026-02-12 09:00:00,67141.15000000,67699.10000000,67050.00000000,67550.47000000,644.02356000,1770890399999,43399542.44791770,170414,336.36278000,22674902.20605990
1770890400000,2026-02-12 10:00:00,67550.46000000,68026.60000000,67404.02000000,68014.01000000,843.40689000,1770893999999,57121498.69613930,199066,534.97158000,36246986.54424810
1770894000000,2026-02-12 11:00:00,68014.00000000,68299.00000000,67740.00000000,68076.01000000,1397.59947000,1770897599999,95109373.04113740,296808,808.81821000,55051857.65155110
1770897600000,2026-02-12 12:00:00,68076.01000000,68162.02000000,67720.00000000,67865.31000000,829.25823000,1770901199999,56323940.59162720,250851,410.62516000,27891392.81284030
1770901200000,2026-02-12 13:00:00,67865.32000000,68397.50000000,67680.82000000,68376.58000000,960.32991000,1770904799999,65269193.87385260,244445,590.64117000,40146349.84941110
1770904800000,2026-02-12 14:00:00,68376.58000000,68410.52000000,67493.78000000,67577.02000000,1431.75163000,1770908399999,97181824.93737240,456051,611.38492000,41512534.50223160
1770908400000,2026-02-12 15:00:00,67577.02000000,68000.00000000,67014.98000000,67134.74000000,1602.90239000,1770911999999,108089490.47085500,558908,807.61844000,54466714.87033470
1770912000000,2026-02-12 16:00:00,67134.74000000,67232.04000000,65556.00000000,65863.37000000,3193.11571000,1770915599999,211801973.52891840,811065,1569.73243000,104122258.66619000
1770915600000,2026-02-12 17:00:00,65863.38000000,66265.06000000,65374.56000000,65413.99000000,2100.56023000,1770919199999,138238037.68954330,513572,955.04858000,62896921.52086210
1770919200000,2026-02-12 18:00:00,65414.00000000,65800.00000000,65118.00000000,65590.95000000,1612.17039000,1770922799999,105503653.18137190,424472,730.26265000,47818254.67047700
1770922800000,2026-02-12 19:00:00,65590.95000000,66117.51000000,65274.40000000,65788.36000000,1027.63649000,1770926399999,67591329.17638610,298386,546.31933000,35944314.41973710
1770926400000,2026-02-12 20:00:00,65788.36000000,66042.24000000,65215.06000000,65428.56000000,894.16583000,1770929999999,58625431.24336530,284202,394.89164000,25891415.09526360
1770930000000,2026-02-12 21:00:00,65428.24000000,65900.00000000,65428.24000000,65849.87000000,590.26423000,1770933599999,38756907.44252940,165882,306.05682000,20098526.28249080
1770933600000,2026-02-12 22:00:00,65849.86000000,66399.94000000,65643.34000000,66288.00000000,642.82133000,1770937199999,42436010.18591020,142177,380.68536000,25124233.45382380
1770937200000,2026-02-12 23:00:00,66288.01000000,66488.90000000,66156.47000000,66272.17000000,907.13790000,1770940799999,60136399.24691540,174824,351.52665000,23314672.19899200
1770940800000,2026-02-13 00:00:00,66272.17000000,66527.09000000,65872.46000000,65918.60000000,765.38996000,1770944399999,50644792.23193610,215361,350.26627000,23181465.02409010
1770944400000,2026-02-13 01:00:00,65918.61000000,66619.90000000,65918.61000000,66454.95000000,771.58544000,1770947999999,51166841.20637650,266624,466.96718000,30969570.82559150
1770948000000,2026-02-13 02:00:00,66454.95000000,66759.61000000,66384.00000000,66663.08000000,476.45341000,1770951599999,31710669.90830690,184746,235.20759000,15654972.53733890
1770951600000,2026-02-13 03:00:00,66663.08000000,66814.00000000,66462.40000000,66553.08000000,569.96335000,1770955199999,37949481.20289450,162602,301.92309000,20097429.30534330
1770955200000,2026-02-13 04:00:00,66553.09000000,66671.62000000,66308.48000000,66329.22000000,462.15015000,1770958799999,30724197.22380860,157876,185.26111000,12315654.53806570
1770958800000,2026-02-13 05:00:00,66329.22000000,66502.27000000,66175.79000000,66175.79000000,484.25050000,1770962399999,32124634.05342950,147757,165.94076000,11011033.59035330
1770962400000,2026-02-13 06:00:00,66175.79000000,66397.86000000,66002.98000000,66359.28000000,613.96613000,1770965999999,40621299.82784260,160630,282.20203000,18673732.79263930
1770966000000,2026-02-13 07:00:00,66359.28000000,66568.47000000,66050.21000000,66208.96000000,868.05316000,1770969599999,57565605.37925290,183203,396.20774000,26280550.97191960
1770969600000,2026-02-13 08:00:00,66208.96000000,66747.38000000,66191.52000000,66699.96000000,603.02656000,1770973199999,40078752.85553450,187994,262.67207000,17457847.15820140
1770973200000,2026-02-13 09:00:00,66699.96000000,67062.93000000,66612.86000000,66959.71000000,592.93469000,1770976799999,39624678.92227550,194904,320.03225000,21392492.56474030
1770976800000,2026-02-13 10:00:00,66959.72000000,67116.00000000,66800.00000000,66977.66000000,516.91289000,1770980399999,34605858.62034060,254549,308.38634000,20645659.80497390
1770980400000,2026-02-13 11:00:00,66977.66000000,67226.66000000,66783.38000000,67171.42000000,488.71065000,1770983999999,32733185.49679940,207167,291.83111000,19550116.06790290
1770984000000,2026-02-13 12:00:00,67171.41000000,67212.28000000,66918.38000000,67084.00000000,405.35988000,1770987599999,27185944.96188180,206570,197.83217000,13265909.28344600
1770987600000,2026-02-13 13:00:00,67084.01000000,67615.34000000,66938.00000000,67274.15000000,1624.06539000,1770991199999,109272120.80451980,452466,806.23388000,54256629.60737020
1770991200000,2026-02-13 14:00:00,67274.14000000,68028.45000000,66867.47000000,67733.51000000,1724.03844000,1770994799999,116413553.29886700,668933,852.25537000,57548365.51165810
1770994800000,2026-02-13 15:00:00,67733.51000000,69309.80000000,67692.00000000,68692.12000000,3133.08720000,1770998399999,214789893.14919330,942964,1705.22850000,116880589.06985420
1770998400000,2026-02-13 16:00:00,68692.12000000,69482.97000000,68540.83000000,68954.69000000,1775.68698000,1771001999999,122614194.08116790,536494,1001.36964000,69148420.19412740
1771002000000,2026-02-13 17:00:00,68954.69000000,69250.25000000,68636.36000000,69047.99000000,921.29676000,1771005599999,63587961.19839540,364138,497.98073000,34380103.61529460
1771005600000,2026-02-13 18:00:00,69048.00000000,69411.44000000,68903.27000000,69129.99000000,1063.59333000,1771009199999,73547470.57105410,300368,677.14938000,46829494.98139570
1771009200000,2026-02-13 19:00:00,69129.99000000,69236.33000000,68918.79000000,68938.91000000,560.04540000,1771012799999,38687457.43813170,173173,269.65140000,18629460.10129850
1771012800000,2026-02-13 20:00:00,68938.91000000,68973.35000000,68683.32000000,68777.12000000,555.32850000,1771016399999,38226877.90727560,198907,272.77520000,18778216.95537650
1771016400000,2026-02-13 21:00:00,68777.13000000,69079.40000000,68731.75000000,68902.48000000,463.41950000,1771019999999,31936330.90100450,100504,240.21536000,16555380.75076980
1771020000000,2026-02-13 22:00:00,68902.48000000,69000.00000000,68726.40000000,68995.28000000,544.04056000,1771023599999,37474666.36193810,110804,209.86689000,14456773.69279030
1771023600000,2026-02-13 23:00:00,68995.29000000,69000.00000000,68829.20000000,68853.96000000,261.19072000,1771027199999,17999554.72782800,72108,127.79281000,8806671.67231260
1771027200000,2026-02-14 00:00:00,68853.97000000,69137.50000000,68768.56000000,69090.24000000,447.10398000,1771030799999,30832544.52103880,100209,268.56398000,18523373.19265090
1771030800000,2026-02-14 01:00:00,69090.25000000,69108.80000000,68921.54000000,68964.51000000,344.69001000,1771034399999,23789457.79916970,96413,138.95784000,9590444.03173720
1771034400000,2026-02-14 02:00:00,68964.51000000,69006.34000000,68845.60000000,68884.21000000,261.74234000,1771037999999,18041396.97999850,88460,140.51701000,9685073.12696350
1771038000000,2026-02-14 03:00:00,68884.21000000,69027.14000000,68852.00000000,68981.99000000,238.39370000,1771041599999,16429572.09808970,75207,142.64239000,9830079.86272350
1771041600000,2026-02-14 04:00:00,68982.00000000,68995.11000000,68789.59000000,68790.00000000,489.78591000,1771045199999,33734130.42084780,55548,268.74209000,18509826.25456900
1771045200000,2026-02-14 05:00:00,68790.01000000,68910.00000000,68760.00000000,68773.42000000,308.26030000,1771048799999,21219379.59367800,73496,164.89664000,11350577.93139940
1771048800000,2026-02-14 06:00:00,68773.41000000,68936.98000000,68730.13000000,68936.98000000,470.43757000,1771052399999,32391746.91249920,84944,293.32009000,20195791.00970510
1771052400000,2026-02-14 07:00:00,68936.98000000,69343.00000000,68884.56000000,69219.26000000,919.89001000,1771055999999,63569260.44557790,120319,526.18175000,36366576.86915250
1771056000000,2026-02-14 08:00:00,69219.27000000,69870.99000000,69218.71000000,69746.20000000,1347.80343000,1771059599999,93841971.28139880,287463,788.91650000,54919452.05657010
1771059600000,2026-02-14 09:00:00,69746.20000000,69900.00000000,69566.78000000,69714.93000000,555.36385000,1771063199999,38730985.48361510,138781,338.22699000,23591277.69319030
1771063200000,2026-02-14 10:00:00,69714.94000000,69714.94000000,69585.15000000,69671.86000000,257.25533000,1771066799999,17913813.32960650,75721,111.99320000,7798521.10468760
1771066800000,2026-02-14 11:00:00,69671.86000000,70560.01000000,69671.86000000,70505.74000000,1370.55448000,1771070399999,96212969.13486940,334830,818.30483000,57444966.46295340
1771070400000,2026-02-14 12:00:00,70505.74000000,70533.67000000,69600.00000000,69640.20000000,1278.19574000,1771073999999,89591858.73159060,319629,439.51073000,30811463.43702410
1771074000000,2026-02-14 13:00:00,69640.20000000,69771.91000000,69064.60000000,69460.00000000,3393.75970000,1771077599999,235577316.51193210,379155,863.38592000,59954763.71386660
1771077600000,2026-02-14 14:00:00,69460.00000000,69856.70000000,69208.09000000,69701.66000000,1680.01260000,1771081199999,116698927.28749810,236657,492.98915000,34273567.03361190
1771081200000,2026-02-14 15:00:00,69701.66000000,70048.39000000,69560.00000000,69778.28000000,751.65320000,1771084799999,52472907.27788220,209732,340.57963000,23782852.54033970
1771084800000,2026-02-14 16:00:00,69778.28000000,69815.00000000,69283.02000000,69755.10000000,1006.67903000,1771088399999,70041719.47615260,269260,308.99116000,21497238.60019690
1771088400000,2026-02-14 17:00:00,69755.10000000,69930.90000000,69609.00000000,69739.38000000,685.87401000,1771091999999,47858849.33202980,199633,213.55655000,14901526.68326200
1771092000000,2026-02-14 18:00:00,69739.38000000,69856.70000000,69672.55000000,69772.31000000,270.42048000,1771095599999,18867001.53215330,96140,134.16412000,9360334.14115980
1771095600000,2026-02-14 19:00:00,69772.30000000,69920.60000000,69619.52000000,69873.99000000,332.30706000,1771099199999,23200815.83081390,129138,199.58392000,13934008.86212350
1771099200000,2026-02-14 20:00:00,69873.99000000,70028.59000000,69732.75000000,70023.09000000,434.13483000,1771102799999,30348597.05895800,103572,302.79621000,21168002.56956730
1771102800000,2026-02-14 21:00:00,70023.10000000,70250.46000000,69668.05000000,69935.86000000,640.89584000,1771106399999,44887673.14572030,138657,287.51326000,20139082.96746970
1771106400000,2026-02-14 22:00:00,69935.86000000,70100.00000000,69781.00000000,69959.75000000,292.90739000,1771109999999,20491652.44590060,98626,149.32309000,10446503.63758420
1771110000000,2026-02-14 23:00:00,69959.74000000,70020.00000000,69723.18000000,69822.95000000,336.66314000,1771113599999,23514767.72900550,91573,124.27718000,8680769.48243300
1771113600000,2026-02-15 00:00:00,69822.94000000,69864.74000000,69600.00000000,69777.07000000,292.27775000,1771117199999,20375685.45980200,113009,112.73407000,7859149.34776180
1771117200000,2026-02-15 01:00:00,69777.06000000,69902.70000000,69350.00000000,69717.65000000,400.20039000,1771120799999,27859273.32901350,122744,171.77474000,11957816.84347570
1771120800000,2026-02-15 02:00:00,69717.65000000,69753.90000000,69341.27000000,69480.01000000,375.21945000,1771124399999,26085178.06286700,108988,148.15530000,10298018.50810370
1771124400000,2026-02-15 03:00:00,69480.00000000,69990.02000000,69251.50000000,69954.50000000,697.24370000,1771127999999,48534910.11964130,194822,366.59436000,25530758.17833540
1771128000000,2026-02-15 04:00:00,69954.50000000,70518.57000000,69459.35000000,70183.99000000,2275.16813000,1771131599999,159529154.27073490,270353,827.25539000,58079383.39421000
1771131600000,2026-02-15 05:00:00,70184.00000000,70472.43000000,70132.54000000,70267.61000000,540.45783000,1771135199999,38009718.49102700,124166,303.64880000,21355467.80127360
1771135200000,2026-02-15 06:00:00,70267.60000000,70540.99000000,70184.09000000,70405.12000000,505.71551000,1771138799999,35590926.92961220,113908,281.15082000,19790972.94836360
1771138800000,2026-02-15 07:00:00,70405.12000000,70926.42000000,70307.11000000,70828.42000000,1425.80275000,1771142399999,100818700.42052000,291940,913.80120000,64616278.87022620
1771142400000,2026-02-15 08:00:00,70828.43000000,70983.00000000,70182.31000000,70446.52000000,898.37828000,1771145999999,63427044.00268400,265646,519.49674000,36687132.09919560
1771146000000,2026-02-15 09:00:00,70446.52000000,70668.00000000,70370.30000000,70419.11000000,334.99126000,1771149599999,23626782.68191290,146335,172.22452000,12149020.90289080
1771149600000,2026-02-15 10:00:00,70419.12000000,70523.94000000,70208.16000000,70427.02000000,382.24903000,1771153199999,26896459.04148960,149283,178.68224000,12572428.89159490
1771153200000,2026-02-15 11:00:00,70427.02000000,70543.14000000,70267.60000000,70295.22000000,457.63561000,1771156799999,32196739.09531580,113356,102.36833000,7203390.08769770
1771156800000,2026-02-15 12:00:00,70295.22000000,70418.48000000,69309.87000000,69314.21000000,1027.34588000,1771160399999,71858774.67826870,279392,331.67351000,23189420.39761970
1771160400000,2026-02-15 13:00:00,69314.22000000,69620.06000000,68772.20000000,68930.00000000,1749.29694000,1771163999999,121033375.98629230,411616,582.65222000,40318433.63892650
1771164000000,2026-02-15 14:00:00,68930.00000000,69219.71000000,68845.72000000,69170.51000000,629.32577000,1771167599999,43453116.74171660,216795,264.84222000,18286125.07534740
1771167600000,2026-02-15 15:00:00,69170.51000000,69255.60000000,68888.00000000,69099.99000000,446.59665000,1771171199999,30843191.12052640,178676,251.99650000,17403096.39015820
1771171200000,2026-02-15 16:00:00,69100.00000000,69100.00000000,68658.00000000,69017.75000000,1442.09011000,1771174799999,99361312.73517330,172962,419.37001000,28908508.66540690
1771174800000,2026-02-15 17:00:00,69017.76000000,69085.22000000,68203.60000000,68641.21000000,1194.71218000,1771178399999,81977689.76534470,246222,407.61798000,27965736.49199160
1771178400000,2026-02-15 18:00:00,68641.21000000,68800.00000000,68274.31000000,68451.44000000,2695.36643000,1771181999999,184610012.46978220,289477,762.31269000,52241490.42564960
1771182000000,2026-02-15 19:00:00,68451.45000000,68560.84000000,68000.00000000,68286.63000000,2807.35363000,1771185599999,191406342.87883130,287968,878.11271000,59906270.24914140
1771185600000,2026-02-15 20:00:00,68286.64000000,68560.22000000,68120.00000000,68450.00000000,399.94279000,1771189199999,27348409.74494980,114691,207.25217000,14173543.48500220
1771189200000,2026-02-15 21:00:00,68450.00000000,68950.16000000,68450.00000000,68852.01000000,407.55960000,1771192799999,28025359.50984780,117563,242.95638000,16706942.95483450
1771192800000,2026-02-15 22:00:00,68852.01000000,69078.49000000,68801.06000000,68999.96000000,384.07496000,1771196399999,26485471.74403310,101944,190.68455000,13149329.84081300
1771196400000,2026-02-15 23:00:00,68999.96000000,68999.96000000,68319.64000000,68832.58000000,521.04745000,1771199999999,35740942.85742810,166777,224.23517000,15384383.63287960
1771200000000,2026-02-16 00:00:00,68832.59000000,69065.50000000,68700.00000000,68845.81000000,349.86984000,1771203599999,24099016.10636510,152975,191.04234000,13159468.47573110
1771203600000,2026-02-16 01:00:00,68845.81000000,69041.97000000,68454.54000000,68630.81000000,270.08273000,1771207199999,18563135.32517690,134938,112.70345000,7747962.26023540
1771207200000,2026-02-16 02:00:00,68630.81000000,68734.00000000,68243.68000000,68320.48000000,683.73400000,1771210799999,46809184.49386760,183640,207.46912000,14201582.34579460
1771210800000,2026-02-16 03:00:00,68320.49000000,68463.96000000,68143.22000000,68424.82000000,453.41167000,1771214399999,30966321.15751350,125124,184.19929000,12583164.91592810
1771214400000,2026-02-16 04:00:00,68424.82000000,68894.52000000,68417.17000000,68870.07000000,465.20741000,1771217999999,31967077.75218850,96129,260.05163000,17871786.51353040
1771218000000,2026-02-16 05:00:00,68870.07000000,68900.00000000,68293.28000000,68385.29000000,353.88428000,1771221599999,24241319.39028560,119780,150.46105000,10304184.46518640
1771221600000,2026-02-16 06:00:00,68385.29000000,68527.80000000,68228.76000000,68450.80000000,240.56615000,1771225199999,16454218.16259680,91793,133.71468000,9145941.37698300
1771225200000,2026-02-16 07:00:00,68450.80000000,68672.59000000,68380.00000000,68587.90000000,362.20306000,1771228799999,24826036.01781630,105665,208.29765000,14276562.60221760
1771228800000,2026-02-16 08:00:00,68587.89000000,68798.70000000,68542.63000000,68762.85000000,301.81895000,1771232399999,20734468.27099220,74059,184.47707000,12672633.64608770
1771232400000,2026-02-16 09:00:00,68762.86000000,69060.77000000,68748.02000000,68992.71000000,453.08481000,1771235999999,31234383.69534200,118343,271.52581000,18716923.77018640
1771236000000,2026-02-16 10:00:00,68992.70000000,68992.71000000,68690.85000000,68798.22000000,358.68374000,1771239599999,24693641.82215350,108798,171.99257000,11841516.84557180
1771239600000,2026-02-16 11:00:00,68798.21000000,68918.22000000,68338.90000000,68812.83000000,495.50759000,1771243199999,34009382.68131480,191379,274.47589000,18843687.17644050
1771243200000,2026-02-16 12:00:00,68812.84000000,69848.48000000,68807.54000000,69763.24000000,1602.28029000,1771246799999,111155436.34299020,462924,1023.24745000,70991948.43034480
1771246800000,2026-02-16 13:00:00,69763.24000000,70126.67000000,68225.00000000,68395.10000000,1720.62066000,1771250399999,118672439.21426350,610800,845.76867000,58337748.81893040
1771250400000,2026-02-16 14:00:00,68395.11000000,68718.30000000,68260.39000000,68427.64000000,1092.60040000,1771253999999,74818398.64956740,430913,674.35510000,46186630.56190690
1771254000000,2026-02-16 15:00:00,68427.64000000,68607.22000000,67294.11000000,67539.52000000,2148.07022000,1771257599999,145618154.70857530,645257,1010.59149000,68617066.46258390
1771257600000,2026-02-16 16:00:00,67539.53000000,67974.86000000,67513.94000000,67888.70000000,895.58119000,1771261199999,60673534.12058990,369266,419.33683000,28408977.94597430
1771261200000,2026-02-16 17:00:00,67888.70000000,68074.12000000,67600.93000000,67951.86000000,501.76328000,1771264799999,34055626.98724890,226202,262.01422000,17787173.27884860
1771264800000,2026-02-16 18:00:00,67951.85000000,68245.34000000,67830.82000000,67860.13000000,606.24788000,1771268399999,41253708.74898830,177502,331.78737000,22594019.66154570
1771268400000,2026-02-16 19:00:00,67860.13000000,68130.00000000,67824.91000000,67913.43000000,262.97624000,1771271999999,17876995.51700080,118053,156.25447000,10622167.95073800
1771272000000,2026-02-16 20:00:00,67913.44000000,68549.14000000,67827.11000000,68530.00000000,457.58536000,1771275599999,31196314.68873130,161220,274.46055000,18712924.60129890
1771275600000,2026-02-16 21:00:00,68530.00000000,68933.85000000,68427.18000000,68862.88000000,534.27425000,1771279199999,36641162.88238050,204619,318.38063000,21833144.86701660
1771279200000,2026-02-16 22:00:00,68862.89000000,68890.00000000,68509.07000000,68591.02000000,556.75779000,1771282799999,38245307.32296470,179942,278.39690000,19120691.89507210
1771282800000,2026-02-16 23:00:00,68591.01000000,68978.88000000,68538.57000000,68892.43000000,348.95355000,1771286399999,23992654.19468350,144528,208.42717000,14331282.89933860
1771286400000,2026-02-17 00:00:00,68892.43000000,69042.74000000,68704.36000000,68878.27000000,476.69143000,1771289999999,32831859.48986310,185296,278.63862000,19191583.78303940
1771290000000,2026-02-17 01:00:00,68878.27000000,68996.67000000,68563.16000000,68618.11000000,499.89142000,1771293599999,34393735.60270930,174433,191.62200000,13191480.86773440
1771293600000,2026-02-17 02:00:00,68618.12000000,69241.50000000,68387.20000000,68838.48000000,625.65656000,1771297199999,43119060.80064690,239182,309.99904000,21372072.08323830
1771297200000,2026-02-17 03:00:00,68838.48000000,68860.68000000,68470.00000000,68474.90000000,367.85689000,1771300799999,25248756.14436890,150703,165.27842000,11341274.97050470
1771300800000,2026-02-17 04:00:00,68474.90000000,68707.49000000,68288.00000000,68481.67000000,329.69022000,1771304399999,22578481.18469100,126729,166.12730000,11377399.86094020
1771304400000,2026-02-17 05:00:00,68481.68000000,68510.76000000,67892.00000000,68245.71000000,633.07748000,1771307999999,43155493.04674900,224711,243.75404000,16613520.12278030
1771308000000,2026-02-17 06:00:00,68245.71000000,68519.99000000,68242.49000000,68400.00000000,230.38739000,1771311599999,15754930.53543710,110514,112.72436000,7707877.20131260
1771311600000,2026-02-17 07:00:00,68400.01000000,68480.00000000,68165.02000000,68388.12000000,314.74756000,1771315199999,21514447.69703740,148765,135.24788000,9245885.62751680
1771315200000,2026-02-17 08:00:00,68388.12000000,68479.17000000,68130.78000000,68177.53000000,285.96667000,1771318799999,19526819.97050750,120964,131.32692000,8968190.60297540
1771318800000,2026-02-17 09:00:00,68177.53000000,68308.37000000,67992.03000000,68126.28000000,404.18575000,1771322399999,27528890.14769980,143569,218.28502000,14868843.58436640
1771322400000,2026-02-17 10:00:00,68126.29000000,68194.46000000,67704.96000000,67845.30000000,504.39951000,1771325999999,34246041.05735400,204591,211.78437000,14378605.12617690
1771326000000,2026-02-17 11:00:00,67845.30000000,67935.73000000,67690.00000000,67854.60000000,507.67784000,1771329599999,34437507.95435220,152220,212.62467000,14422381.21609210
1771329600000,2026-02-17 12:00:00,67854.60000000,68299.40000000,67827.52000000,67919.49000000,607.94036000,1771333199999,41383339.50540400,184535,287.68136000,19583946.74067580
1771333200000,2026-02-17 13:00:00,67919.49000000,68360.50000000,67734.36000000,68136.34000000,716.87733000,1771336799999,48813768.38147980,269245,403.59257000,27486630.90554750
1771336800000,2026-02-17 14:00:00,68136.35000000,68337.60000000,66734.30000000,66875.06000000,2328.63639000,1771340399999,157061435.46766300,656494,887.05297000,59786245.81711400
1771340400000,2026-02-17 15:00:00,66875.06000000,67409.99000000,66621.06000000,67392.05000000,2309.04130000,1771343999999,154669522.90976390,771142,940.83817000,63033344.70072400
1771344000000,2026-02-17 16:00:00,67392.06000000,68158.10000000,67317.60000000,67517.36000000,1448.76651000,1771347599999,98171812.07193120,587663,717.80704000,48651666.98231930
1771347600000,2026-02-17 17:00:00,67517.36000000,67714.28000000,66881.08000000,67244.22000000,1144.38591000,1771351199999,76949907.59182620,403692,494.53644000,33249478.36256890
1771351200000,2026-02-17 18:00:00,67244.22000000,68227.41000000,67127.86000000,68098.62000000,824.93415000,1771354799999,55916646.64181710,358582,468.34635000,31774680.71362810
1771354800000,2026-02-17 19:00:00,68098.63000000,68235.39000000,67695.45000000,67793.32000000,785.88027000,1771358399999,53420813.40076670,260283,434.11912000,29530947.53153970
1771358400000,2026-02-17 20:00:00,67793.32000000,67928.08000000,67484.16000000,67753.30000000,471.88623000,1771361999999,31941730.67247970,221730,201.01181000,13607719.66380290
1771362000000,2026-02-17 21:00:00,67753.30000000,67926.29000000,67538.00000000,67680.54000000,253.25027000,1771365599999,17137159.71140290,110474,118.57698000,8025297.20441270
1771365600000,2026-02-17 22:00:00,67680.55000000,67788.42000000,67513.42000000,67527.72000000,176.97341000,1771369199999,11969671.91523930,78072,92.46528000,6255196.14492050
1771369200000,2026-02-17 23:00:00,67527.72000000,67617.46000000,67394.00000000,67503.52000000,240.26836000,1771372799999,16215819.39362200,111264,115.01034000,7761921.07930940
1771372800000,2026-02-18 00:00:00,67503.52000000,67627.97000000,67290.30000000,67302.65000000,186.99827000,1771376399999,12615533.50749180,109042,74.58903000,5032924.54374780
1771376400000,2026-02-18 01:00:00,67302.65000000,67378.26000000,66892.03000000,67165.20000000,545.68830000,1771379999999,36620759.60616350,175124,268.86622000,18041807.22188960
1771380000000,2026-02-18 02:00:00,67165.21000000,67421.99000000,67153.36000000,67335.04000000,250.64041000,1771383599999,16870373.54609070,114532,129.39207000,8709465.80798530
1771383600000,2026-02-18 03:00:00,67335.04000000,67705.65000000,67326.98000000,67629.11000000,243.56061000,1771387199999,16446761.11760900,96356,123.95935000,8371503.59781810
1771387200000,2026-02-18 04:00:00,67629.10000000,67900.00000000,67500.10000000,67823.54000000,328.68469000,1771390799999,22243476.51942030,91762,191.77327000,12980371.91541800
1771390800000,2026-02-18 05:00:00,67823.55000000,67938.00000000,67606.45000000,67654.80000000,311.88419000,1771394399999,21128145.66257660,104644,152.69595000,10342542.80736750
1771394400000,2026-02-18 06:00:00,67654.81000000,67976.51000000,67614.91000000,67850.52000000,264.75627000,1771397999999,17960360.60230010,92905,166.27796000,11280352.13119130
1771398000000,2026-02-18 07:00:00,67850.53000000,68219.81000000,67702.70000000,68106.44000000,528.49446000,1771401599999,35941990.77379780,122071,325.60690000,22143426.51469860
1771401600000,2026-02-18 08:00:00,68106.44000000,68476.22000000,68071.58000000,68132.82000000,532.69792000,1771405199999,36350615.44629830,171158,288.11029000,19662145.47978070
1771405200000,2026-02-18 09:00:00,68132.83000000,68276.00000000,68010.11000000,68157.79000000,339.37122000,1771408799999,23135663.39895370,105396,148.88630000,10150776.80448210
1771408800000,2026-02-18 10:00:00,68157.80000000,68184.41000000,67731.95000000,67801.26000000,395.11187000,1771412399999,26850923.42988620,110050,151.21233000,10277000.06967820
1771412400000,2026-02-18 11:00:00,67801.26000000,67805.08000000,67076.90000000,67369.75000000,654.97357000,1771415999999,44120793.54857310,216504,359.57958000,24214540.17156090
1771416000000,2026-02-18 12:00:00,67369.75000000,67689.76000000,67345.00000000,67458.06000000,459.50762000,1771419599999,31028771.50222150,157581,205.73689000,13893328.02394450
1771419600000,2026-02-18 13:00:00,67458.06000000,67599.70000000,67051.81000000,67236.88000000,549.44565000,1771423199999,36995316.40172490,156706,288.60377000,19436152.35316590
1771423200000,2026-02-18 14:00:00,67236.89000000,67362.26000000,66717.30000000,67223.76000000,1553.71672000,1771426799999,104276330.10840770,415141,811.57233000,54483778.23560130
1771426800000,2026-02-18 15:00:00,67223.77000000,68347.72000000,67192.25000000,67694.01000000,1767.46696000,1771430399999,119790602.64557880,452220,963.06724000,65254401.04057680
1771430400000,2026-02-18 16:00:00,67694.01000000,67706.94000000,66994.23000000,67145.34000000,1029.31402000,1771433999999,69182274.95225760,347519,529.17055000,35564992.70510640
1771434000000,2026-02-18 17:00:00,67145.35000000,67486.97000000,67057.13000000,67187.39000000,676.97648000,1771437599999,45471383.81741140,221841,422.82147000,28397976.75866090
1771437600000,2026-02-18 18:00:00,67187.40000000,67229.76000000,66200.00000000,66359.99000000,1304.49131000,1771441199999,86893863.67237970,337519,557.94187000,37162376.69680970
1771441200000,2026-02-18 19:00:00,66360.00000000,66619.00000000,65870.00000000,66177.14000000,1301.14212000,1771444799999,86145711.79097130,399451,560.08076000,37104362.75461330
1771444800000,2026-02-18 20:00:00,66177.15000000,66550.00000000,66141.90000000,66268.39000000,682.91387000,1771448399999,45289999.46128530,227539,350.55167000,23249010.83841710
1771448400000,2026-02-18 21:00:00,66268.40000000,66504.20000000,66053.60000000,66342.76000000,909.37392000,1771451999999,60316585.37182230,143428,430.46357000,28548205.17332410
1771452000000,2026-02-18 22:00:00,66342.76000000,66477.70000000,66232.02000000,66408.82000000,352.09134000,1771455599999,23364113.14231730,85916,208.20588000,13814890.70387340
1771455600000,2026-02-18 23:00:00,66408.83000000,66502.49000000,66275.71000000,66461.00000000,323.13660000,1771459199999,21453174.62658470,94592,185.89182000,12341845.78885340
1771459200000,2026-02-19 00:00:00,66461.00000000,66597.03000000,66345.00000000,66446.49000000,297.42224000,1771462799999,19768270.25708950,96766,170.61261000,11339932.90639410
1771462800000,2026-02-19 01:00:00,66446.49000000,66884.16000000,66446.48000000,66866.62000000,415.14671000,1771466399999,27693425.96986780,120546,249.97778000,16673952.88040100
1771466400000,2026-02-19 02:00:00,66866.63000000,66958.90000000,66639.99000000,66835.20000000,362.58869000,1771469999999,24221979.07638450,109716,178.55376000,11927292.02821240
1771470000000,2026-02-19 03:00:00,66835.20000000,66997.07000000,66727.27000000,66980.91000000,262.07528000,1771473599999,17531802.12138180,84192,130.37981000,8722666.10184020
1771473600000,2026-02-19 04:00:00,66980.91000000,67070.56000000,66759.00000000,66802.75000000,389.01702000,1771477199999,26030073.58665990,96372,210.35619000,14076278.48596380
1771477200000,2026-02-19 05:00:00,66802.74000000,66893.06000000,66679.76000000,66871.35000000,253.79395000,1771480799999,16948445.68700050,107077,108.91988000,7274275.84987800
1771480800000,2026-02-19 06:00:00,66871.34000000,67290.40000000,66865.43000000,67150.12000000,468.59633000,1771484399999,31435110.68066590,121623,216.50408000,14528145.52030520
1771484400000,2026-02-19 07:00:00,67150.12000000,67320.00000000,67028.70000000,67206.45000000,481.75258000,1771487999999,32368777.84698350,115478,257.44479000,17297228.38806470
1771488000000,2026-02-19 08:00:00,67206.45000000,67206.45000000,66785.56000000,66966.12000000,559.76369000,1771491599999,37500641.90846650,153588,214.64724000,14374468.96229490
1771491600000,2026-02-19 09:00:00,66966.12000000,67191.83000000,66754.23000000,66836.00000000,463.29328000,1771495199999,31026826.67420940,150421,197.28653000,13215112.70861510
1771495200000,2026-02-19 10:00:00,66836.01000000,66958.40000000,66741.77000000,66843.08000000,368.25421000,1771498799999,24621292.14448800,138468,178.41529000,11928186.71502000
1771498800000,2026-02-19 11:00:00,66843.08000000,66936.42000000,66478.02000000,66496.02000000,488.02461000,1771502399999,32553190.91421740,123820,174.07619000,11611255.91882420
1771502400000,2026-02-19 12:00:00,66496.03000000,66680.70000000,66325.34000000,66516.67000000,484.41025000,1771505999999,32229441.34763830,158343,264.96152000,17630606.68959980
1771506000000,2026-02-19 13:00:00,66516.67000000,66556.59000000,65763.00000000,65913.37000000,1377.50527000,1771509599999,91076471.96924390,344861,621.78212000,41110616.23139040
1771509600000,2026-02-19 14:00:00,65913.38000000,66662.30000000,65631.83000000,66421.20000000,1506.37269000,1771513199999,99640891.25509580,539424,759.20707000,50219788.88465360
1771513200000,2026-02-19 15:00:00,66421.20000000,66755.39000000,65966.00000000,66398.00000000,1083.30553000,1771516799999,71830366.68700010,466811,576.39327000,38219092.82872840
1771516800000,2026-02-19 16:00:00,66398.01000000,66514.95000000,65899.25000000,66293.53000000,940.96239000,1771520399999,62339504.69863200,348109,470.05324000,31136451.72578040
1771520400000,2026-02-19 17:00:00,66293.53000000,67049.99000000,66173.15000000,66369.42000000,899.04062000,1771523999999,59887417.11610860,322744,461.23271000,30735147.80878940
1771524000000,2026-02-19 18:00:00,66369.42000000,67073.13000000,66228.49000000,67030.49000000,865.51701000,1771527599999,57796080.42086110,305128,474.60913000,31691243.18508450
1771527600000,2026-02-19 19:00:00,67030.50000000,67198.10000000,66700.00000000,67050.00000000,706.47789000,1771531199999,47303560.65352520,253657,350.37677000,23463503.33372050
1771531200000,2026-02-19 20:00:00,67050.00000000,67166.98000000,66823.03000000,67149.11000000,444.88336000,1771534799999,29818017.13405490,176491,218.71227000,14661396.62258230
1771534800000,2026-02-19 21:00:00,67149.11000000,67168.86000000,66900.92000000,66916.51000000,265.40447000,1771538399999,17788961.51508160,100053,136.89365000,9175588.42158560
1771538400000,2026-02-19 22:00:00,66916.51000000,67000.00000000,66652.34000000,66915.14000000,854.02212000,1771541999999,57062680.98577940,135345,330.68106000,22094084.46531940
1771542000000,2026-02-19 23:00:00,66915.15000000,67023.61000000,66814.76000000,67003.73000000,304.63969000,1771545599999,20390342.13171700,110318,154.63045000,10349906.40905920
1771545600000,2026-02-20 00:00:00,67003.73000000,67486.62000000,66949.41000000,67228.91000000,595.00262000,1771549199999,40022489.53931020,178821,348.23317000,23424979.47052770
1771549200000,2026-02-20 01:00:00,67228.91000000,67355.79000000,67150.00000000,67279.90000000,313.31598000,1771552799999,21074433.23640370,112851,155.36229000,10450299.28758190
1771552800000,2026-02-20 02:00:00,67279.91000000,67347.76000000,67181.28000000,67242.03000000,232.09759000,1771556399999,15614839.09183620,74836,99.60613000,6701152.09787800
1771556400000,2026-02-20 03:00:00,67242.03000000,67488.67000000,67241.24000000,67366.25000000,332.50492000,1771559999999,22398832.09585010,93214,162.84419000,10970597.45361440
1771560000000,2026-02-20 04:00:00,67366.25000000,67402.23000000,67115.38000000,67264.83000000,362.39174000,1771563599999,24377152.54947920,103295,152.50473000,10258435.39826520
1771563600000,2026-02-20 05:00:00,67264.83000000,68006.00000000,67203.19000000,67790.10000000,1107.38598000,1771567199999,75000976.34910050,167412,669.31185000,45339891.23995620
1771567200000,2026-02-20 06:00:00,67790.11000000,67894.20000000,67660.12000000,67847.47000000,482.66553000,1771570799999,32722188.01452180,116908,197.64457000,13402045.43924230
1771570800000,2026-02-20 07:00:00,67847.47000000,67990.00000000,67767.40000000,67825.91000000,459.03505000,1771574399999,31160035.91622840,101693,243.62231000,16537846.39461260
1771574400000,2026-02-20 08:00:00,67825.91000000,67950.85000000,67747.33000000,67879.99000000,290.00035000,1771577999999,19674383.39652160,78412,139.63955000,9473558.67556410
1771578000000,2026-02-20 09:00:00,67879.99000000,68230.01000000,67879.99000000,68218.85000000,996.78790000,1771581599999,67923220.91475720,158380,601.71985000,40993299.14373440
1771581600000,2026-02-20 10:00:00,68218.85000000,68318.39000000,67843.42000000,67948.99000000,638.74258000,1771585199999,43509991.67467880,139500,243.19302000,16572343.70586810
1771585200000,2026-02-20 11:00:00,67948.99000000,67983.91000000,67280.60000000,67318.41000000,1489.10389000,1771588799999,100771194.42436720,165055,485.85945000,32888267.87599260
1771588800000,2026-02-20 12:00:00,67318.41000000,67594.00000000,67276.41000000,67541.77000000,603.15784000,1771592399999,40673530.41729870,126474,277.43862000,18712645.42158560
1771592400000,2026-02-20 13:00:00,67541.78000000,67541.78000000,66280.20000000,66801.62000000,7078.59491000,1771595999999,472253687.94684130,454409,2119.20607000,141479095.36803970
1771596000000,2026-02-20 14:00:00,66801.62000000,67317.50000000,66532.87000000,67069.65000000,5263.48808000,1771599599999,351827433.35750170,410056,1855.50254000,124130978.58926920
1771599600000,2026-02-20 15:00:00,67069.65000000,68083.98000000,66536.64000000,67582.95000000,3143.21056000,1771603199999,211814571.12954580,714853,1772.53337000,119461196.66875300
1771603200000,2026-02-20 16:00:00,67582.95000000,67921.70000000,67283.24000000,67795.47000000,1312.90303000,1771606799999,88816721.15894680,375856,707.32696000,47859565.23603730
1771606800000,2026-02-20 17:00:00,67795.48000000,67795.48000000,66952.11000000,67613.37000000,6085.15550000,1771610399999,408873497.94265410,484654,1945.93461000,130843274.94927690
1771610400000,2026-02-20 18:00:00,67613.38000000,68000.00000000,67466.11000000,67924.21000000,1321.63260000,1771613999999,89503419.24406700,343806,786.75870000,53289293.13840730
1771614000000,2026-02-20 19:00:00,67924.22000000,68000.00000000,67548.85000000,67646.03000000,854.45567000,1771617599999,57862470.81734430,191461,482.35593000,32662599.78102340
1771617600000,2026-02-20 20:00:00,67646.03000000,67885.55000000,67520.30000000,67750.40000000,685.93834000,1771621199999,46455639.68912560,145535,468.20153000,31713251.73242310
1771621200000,2026-02-20 21:00:00,67750.40000000,67840.00000000,67639.29000000,67825.87000000,451.92527000,1771624799999,30617763.59399870,85988,292.40619000,19810205.90447790
1771624800000,2026-02-20 22:00:00,67825.87000000,68116.60000000,67639.31000000,68078.13000000,669.63597000,1771628399999,45477160.74862100,126846,420.74064000,28579230.43295880
1771628400000,2026-02-20 23:00:00,68078.13000000,68233.99000000,67914.00000000,68020.01000000,582.73901000,1771631999999,39653517.31884740,94597,373.51407000,25415989.74015160
1771632000000,2026-02-21 00:00:00,68020.00000000,68051.16000000,67787.19000000,67841.00000000,537.54494000,1771635599999,36503123.11423530,75978,269.29884000,18290386.20045250
1771635600000,2026-02-21 01:00:00,67841.00000000,68005.99000000,67841.00000000,67951.24000000,250.62697000,1771639199999,17018896.09810250,49808,169.25187000,11492524.52171900
1771639200000,2026-02-21 02:00:00,67951.25000000,68099.54000000,67913.30000000,68001.05000000,224.56497000,1771642799999,15273167.62121780,46942,135.36924000,9205980.72001450
1771642800000,2026-02-21 03:00:00,68001.04000000,68001.04000000,67534.69000000,67667.77000000,569.35853000,1771646399999,38568911.29549510,89390,239.29104000,16208369.68818930
1771646400000,2026-02-21 04:00:00,67667.77000000,67846.88000000,67593.99000000,67816.97000000,228.62441000,1771649999999,15476797.75690850,54930,137.21523000,9289570.39933410
1771650000000,2026-02-21 05:00:00,67816.98000000,67888.40000000,67799.70000000,67851.93000000,141.24714000,1771653599999,9583260.47227140,38996,74.53693000,5057273.68021610
1771653600000,2026-02-21 06:00:00,67851.93000000,67924.39000000,67750.96000000,67793.38000000,228.15051000,1771657199999,15479586.45015970,43150,106.83180000,7248873.04061170
1771657200000,2026-02-21 07:00:00,67793.39000000,67884.74000000,67749.59000000,67856.01000000,118.21011000,1771660799999,8019341.99676080,29901,47.02708000,3190233.09476280
1771660800000,2026-02-21 08:00:00,67856.01000000,68079.41000000,67807.30000000,68055.03000000,293.16321000,1771664399999,19924434.13795800,49379,144.55210000,9825653.82054950
1771664400000,2026-02-21 09:00:00,68055.04000000,68314.54000000,67978.90000000,68147.53000000,599.79254000,1771667999999,40896879.38321830,81854,339.41056000,23144986.70586340
1771668000000,2026-02-21 10:00:00,68147.54000000,68250.00000000,68139.65000000,68215.54000000,212.21766000,1771671599999,14472075.09220830,51695,119.84701000,8172946.57464010
1771671600000,2026-02-21 11:00:00,68215.55000000,68283.34000000,68084.00000000,68092.45000000,279.32431000,1771675199999,19046317.11136860,65994,131.67425000,8978584.94966290
1771675200000,2026-02-21 12:00:00,68092.45000000,68218.20000000,67915.00000000,68203.42000000,307.88407000,1771678799999,20948027.61385910,67237,131.56462000,8953230.27070260
1771678800000,2026-02-21 13:00:00,68203.42000000,68260.00000000,68106.89000000,68259.99000000,202.25945000,1771682399999,13792714.48289620,55923,101.58287000,6927879.17386770
1771682400000,2026-02-21 14:00:00,68259.99000000,68644.00000000,68180.53000000,68450.01000000,880.51744000,1771685999999,60288723.15402720,133782,469.31037000,32130760.69134990
1771686000000,2026-02-21 15:00:00,68450.01000000,68698.70000000,68417.00000000,68615.00000000,427.64440000,1771689599999,29312462.74475910,88325,241.61513000,16561413.97287360
1771689600000,2026-02-21 16:00:00,68615.01000000,68630.76000000,68101.78000000,68322.60000000,658.49920000,1771693199999,44974618.79445320,120356,324.16240000,22134659.42307270
1771693200000,2026-02-21 17:00:00,68322.61000000,68474.01000000,68200.00000000,68437.45000000,212.23015000,1771696799999,14503939.33772440,68453,107.66631000,7358350.28122620
1771696800000,2026-02-21 18:00:00,68437.45000000,68644.00000000,68383.08000000,68574.00000000,320.28262000,1771700399999,21949099.10937570,61749,156.57328000,10730308.72226910
1771700400000,2026-02-21 19:00:00,68573.99000000,68658.50000000,68526.81000000,68543.51000000,219.15242000,1771703999999,15032657.71275900,45846,91.05307000,6246088.62341390
1771704000000,2026-02-21 20:00:00,68543.51000000,68605.63000000,68190.00000000,68211.19000000,369.37236000,1771707599999,25272806.58106850,55084,142.90406000,9781683.44590630
1771707600000,2026-02-21 21:00:00,68211.19000000,68390.93000000,68183.10000000,68379.95000000,170.62817000,1771711199999,11653813.84577100,47826,71.16066000,4860545.59839900
1771711200000,2026-02-21 22:00:00,68379.95000000,68437.56000000,67900.00000000,67972.00000000,378.72918000,1771714799999,25804428.16076300,97095,153.64839000,10469269.65602560
1771714800000,2026-02-21 23:00:00,67972.00000000,68124.54000000,67941.02000000,67975.93000000,202.81655000,1771718399999,13795996.77983820,73846,97.91495000,6660119.42215750
1771718400000,2026-02-22 00:00:00,67975.93000000,68060.40000000,67809.78000000,67946.00000000,294.60551000,1771721999999,20008866.22116140,83722,151.69981000,10303781.44536780
1771722000000,2026-02-22 01:00:00,67946.00000000,68171.46000000,67945.99000000,68159.31000000,265.09117000,1771725599999,18046382.70465570,55953,148.99536000,10142053.84262520
1771725600000,2026-02-22 02:00:00,68159.32000000,68222.16000000,67872.76000000,67909.68000000,289.41881000,1771729199999,19691797.42422930,62081,135.74391000,9238394.79323570
1771729200000,2026-02-22 03:00:00,67909.67000000,68062.03000000,67824.90000000,68041.43000000,265.36653000,1771732799999,18026545.01480390,92264,114.08342000,7751762.12957080
1771732800000,2026-02-22 04:00:00,68041.42000000,68086.00000000,67966.52000000,67983.50000000,199.56269000,1771736399999,13573046.77369260,70295,95.63377000,6504495.25673980
1771736400000,2026-02-22 05:00:00,67983.50000000,68011.75000000,67881.81000000,67977.52000000,154.76424000,1771739999999,10512242.09968050,40925,68.67781000,4664537.53584210
1771740000000,2026-02-22 06:00:00,67977.52000000,68178.79000000,67972.89000000,68038.13000000,303.09242000,1771743599999,20636085.82810220,64813,159.88991000,10886519.81239050
1771743600000,2026-02-22 07:00:00,68038.14000000,68095.57000000,67990.50000000,68005.30000000,266.37265000,1771747199999,18121867.39105480,58798,74.08616000,5039979.82008920
1771747200000,2026-02-22 08:00:00,68005.30000000,68019.46000000,67912.02000000,67950.10000000,183.66090000,1771750799999,12483078.77677140,58833,57.59006000,3914364.65233030
1771750800000,2026-02-22 09:00:00,67950.11000000,68101.46000000,67948.74000000,68053.32000000,173.06503000,1771754399999,11773696.25640030,60398,68.78067000,4679124.69181530
1771754400000,2026-02-22 10:00:00,68053.33000000,68153.20000000,68012.78000000,68129.56000000,204.92643000,1771757999999,13953874.72909340,44822,97.76464000,6657559.83939930
1771758000000,2026-02-22 11:00:00,68129.57000000,68245.00000000,68129.56000000,68219.97000000,171.48901000,1771761599999,11696675.69910390,42390,97.08597000,6621413.94793640
1771761600000,2026-02-22 12:00:00,68219.97000000,68232.40000000,67871.59000000,67928.22000000,372.42816000,1771765199999,25323319.84203700,122560,133.86033000,9102353.61678010
1771765200000,2026-02-22 13:00:00,67928.23000000,68040.80000000,67571.08000000,67652.38000000,679.59468000,1771768799999,46035187.88098770,168088,294.76008000,19965760.81196930
1771768800000,2026-02-22 14:00:00,67652.38000000,67682.47000000,67353.75000000,67443.89000000,825.57077000,1771772399999,55736347.15547490,188976,327.91328000,22140869.18292760
1771772400000,2026-02-22 15:00:00,67443.89000000,67813.20000000,67303.50000000,67684.14000000,653.63970000,1771775999999,44164911.32890100,170776,289.27921000,19546425.53015840
1771776000000,2026-02-22 16:00:00,67684.15000000,67718.13000000,67513.83000000,67632.76000000,299.27720000,1771779599999,20231482.93391000,92266,167.63787000,11331425.57848530
1771779600000,2026-02-22 17:00:00,67632.76000000,67635.22000000,67190.00000000,67384.49000000,691.10182000,1771783199999,46546501.63925260,140621,315.39571000,21244769.48191880
1771783200000,2026-02-22 18:00:00,67384.48000000,67461.41000000,67313.54000000,67422.62000000,362.52705000,1771786799999,24429993.54850480,90343,210.98643000,14218152.78384450
1771786800000,2026-02-22 19:00:00,67422.63000000,67488.70000000,67403.37000000,67428.32000000,222.75597000,1771790399999,15024842.13412500,62926,146.17007000,9859022.94820420
1771790400000,2026-02-22 20:00:00,67428.32000000,67491.96000000,67350.00000000,67401.74000000,272.50364000,1771793999999,18372080.58542960,73585,166.34347000,11214901.05736050
1771794000000,2026-02-22 21:00:00,67401.74000000,67643.94000000,67401.74000000,67612.66000000,235.86316000,1771797599999,15926684.13789500,64457,163.71707000,11054416.36771960
1771797600000,2026-02-22 22:00:00,67612.66000000,67751.44000000,67485.34000000,67666.16000000,369.66378000,1771801199999,24995313.88760050,99426,217.34086000,14694897.73673390
1771801200000,2026-02-22 23:00:00,67666.16000000,67730.98000000,67469.58000000,67643.40000000,418.79352000,1771804799999,28302511.58454610,151582,270.85700000,18304110.74749370
1771804800000,2026-02-23 00:00:00,67643.39000000,67684.86000000,66715.01000000,66740.47000000,765.22691000,1771808399999,51413335.58487340,210130,365.47371000,24570719.27730360
1771808400000,2026-02-23 01:00:00,66740.47000000,66740.47000000,64290.71000000,64427.65000000,7324.06208000,1771811999999,477928086.11416280,1305590,3683.80693000,240422243.27954120
1771812000000,2026-02-23 02:00:00,64427.64000000,64916.85000000,64325.98000000,64783.56000000,1843.25690000,1771815599999,119247277.95940020,505007,1018.47651000,65891228.46416270
1771815600000,2026-02-23 03:00:00,64783.56000000,65079.79000000,64700.00000000,64934.17000000,1090.11911000,1771819199999,70727856.96363110,227389,654.57612000,42469530.09410150
1771819200000,2026-02-23 04:00:00,64934.18000000,65040.29000000,64685.64000000,64808.31000000,792.86138000,1771822799999,51413999.43302870,149398,410.19010000,26604499.48009090
1771822800000,2026-02-23 05:00:00,64808.31000000,65294.80000000,64796.85000000,65070.90000000,1215.18940000,1771826399999,79037628.88566670,195387,650.36181000,42317184.70842630
1771826400000,2026-02-23 06:00:00,65070.90000000,65802.09000000,65033.90000000,65757.32000000,1085.08146000,1771829999999,71028640.59018270,233923,576.23924000,37716964.01668150
1771830000000,2026-02-23 07:00:00,65757.33000000,66015.22000000,65641.55000000,65958.94000000,1026.69503000,1771833599999,67606931.36469460,209175,611.05157000,40238560.93652210
1771833600000,2026-02-23 08:00:00,65958.94000000,65958.94000000,65565.78000000,65676.44000000,895.54696000,1771837199999,58860907.25881280,178507,352.45228000,23162415.75382420
1771837200000,2026-02-23 09:00:00,65676.44000000,66456.50000000,65672.76000000,66404.91000000,974.96031000,1771840799999,64432239.72267890,255269,513.34958000,33920673.87289700
1771840800000,2026-02-23 10:00:00,66404.92000000,66600.00000000,66220.00000000,66319.69000000,789.04200000,1771844399999,52379998.02616620,210955,298.30583000,19803012.67426240
1771844400000,2026-02-23 11:00:00,66319.69000000,66487.37000000,66114.22000000,66207.23000000,534.45165000,1771847999999,35415988.56663000,149814,210.04652000,13920257.33224240
1771848000000,2026-02-23 12:00:00,66207.23000000,66511.51000000,65886.51000000,66280.40000000,754.07687000,1771851599999,49921026.78661980,225640,358.19062000,23715612.13112910
1771851600000,2026-02-23 13:00:00,66280.40000000,66430.52000000,66103.35000000,66132.66000000,807.41354000,1771855199999,53490654.08538050,212415,308.18361000,20418866.90767920
1771855200000,2026-02-23 14:00:00,66132.65000000,66264.95000000,65529.73000000,65923.53000000,971.74614000,1771858799999,64092142.76374020,520298,424.68303000,28011164.18272410
1771858800000,2026-02-23 15:00:00,65923.52000000,66250.00000000,65579.53000000,65660.10000000,1263.10354000,1771862399999,83174956.87095900,516710,698.65567000,46010258.54865690
1771862400000,2026-02-23 16:00:00,65660.10000000,65724.28000000,65178.83000000,65364.65000000,1502.46383000,1771865999999,98343162.19013020,520635,752.99963000,49283553.39517860
1771866000000,2026-02-23 17:00:00,65364.66000000,65451.01000000,64152.04000000,64813.26000000,2524.78940000,1771869599999,163403118.87396100,627848,1262.74626000,81680772.25964660
1771869600000,2026-02-23 18:00:00,64813.27000000,65194.51000000,64586.00000000,64635.49000000,994.68933000,1771873199999,64482739.00339940,420741,561.75420000,36425295.73023020
1771873200000,2026-02-23 19:00:00,64635.49000000,64855.18000000,64048.71000000,64295.10000000,2158.00321000,1771876799999,138806257.88633900,419764,716.24097000,46108329.07821170
1771876800000,2026-02-23 20:00:00,64295.11000000,64487.94000000,63888.79000000,64473.14000000,1313.21455000,1771880399999,84224279.29226490,408923,650.35046000,41717684.51207160
1771880400000,2026-02-23 21:00:00,64473.14000000,64783.54000000,64459.44000000,64580.66000000,593.24685000,1771883999999,38323813.65974780,204519,295.17640000,19067357.31445620
1771884000000,2026-02-23 22:00:00,64580.66000000,65035.98000000,64555.59000000,64725.56000000,1451.85665000,1771887599999,94209247.08172060,217700,819.91049000,53203870.23902370
1771887600000,2026-02-23 23:00:00,64725.56000000,64900.63000000,64538.90000000,64656.02000000,404.81213000,1771891199999,26194367.15732610,142958,195.41704000,12648805.86989880
1771891200000,2026-02-24 00:00:00,64656.01000000,65026.75000000,64656.01000000,64941.43000000,437.59997000,1771894799999,28394295.42376130,177061,259.95852000,16866530.89717870
1771894800000,2026-02-24 01:00:00,64941.42000000,64941.42000000,63433.84000000,64160.27000000,2402.75927000,1771898399999,154070890.42487660,718761,1068.01848000,68483245.25954110
1771898400000,2026-02-24 02:00:00,64160.26000000,64500.00000000,64000.00000000,64109.81000000,599.63527000,1771901999999,38496872.29105380,344368,303.33930000,19476990.17972510
1771902000000,2026-02-24 03:00:00,64109.80000000,64109.80000000,63342.90000000,63595.51000000,1312.76931000,1771905599999,83620007.24103430,507336,540.37781000,34422123.67132500
1771905600000,2026-02-24 04:00:00,63595.51000000,63628.52000000,62868.69000000,63378.84000000,2096.91050000,1771909199999,132511806.95368080,495595,871.90293000,55101898.32473780
1771909200000,2026-02-24 05:00:00,63378.84000000,63551.58000000,62700.80000000,63104.79000000,1274.07037000,1771912799999,80342774.08671650,386025,646.83569000,40802314.08240510
1771912800000,2026-02-24 06:00:00,63104.79000000,63322.28000000,62900.00000000,63082.79000000,677.94768000,1771916399999,42806880.10325400,255552,309.65523000,19556887.45331660
1771916400000,2026-02-24 07:00:00,63082.79000000,63367.20000000,62866.42000000,63192.96000000,890.96125000,1771919999999,56269393.70974310,233145,439.47521000,27764484.49112090
1771920000000,2026-02-24 08:00:00,63192.79000000,63444.66000000,63009.92000000,63392.15000000,669.14656000,1771923599999,42333900.70650230,220679,376.79334000,23837920.53451070
1771923600000,2026-02-24 09:00:00,63392.15000000,63411.80000000,62908.92000000,63249.99000000,657.17066000,1771927199999,41505196.00005290,220043,314.10664000,19841305.49989300
1771927200000,2026-02-24 10:00:00,63250.00000000,63369.71000000,63112.70000000,63284.50000000,447.19211000,1771930799999,28277310.29493810,147941,217.51395000,13752979.22988240
1771930800000,2026-02-24 11:00:00,63284.51000000,63317.95000000,63063.63000000,63227.10000000,461.08382000,1771934399999,29133820.98257270,132175,224.89144000,14209279.33238060
1771934400000,2026-02-24 12:00:00,63227.11000000,63343.59000000,62965.21000000,62969.05000000,642.15852000,1771937999999,40546764.26524630,164127,308.61402000,19491152.92778530
1771938000000,2026-02-24 13:00:00,62969.04000000,63100.00000000,62510.28000000,62900.00000000,2362.19948000,1771941599999,148398280.19746000,377096,1295.55202000,81347672.07098410
1771941600000,2026-02-24 14:00:00,62900.01000000,63834.21000000,62762.03000000,63453.99000000,1408.18955000,1771945199999,89000111.52841550,621688,642.66735000,40626640.45759650
1771945200000,2026-02-24 15:00:00,63454.00000000,64031.76000000,63300.00000000,63973.97000000,1127.10688000,1771948799999,71836642.67409740,557584,604.28829000,38514364.63473790
1771948800000,2026-02-24 16:00:00,63973.98000000,64428.90000000,63689.54000000,64265.52000000,1423.20973000,1771952399999,91237664.02306260,532595,774.11090000,49637193.76390930
1771952400000,2026-02-24 17:00:00,64265.53000000,64520.00000000,64042.80000000,64219.71000000,1017.32505000,1771955999999,65365207.35399940,334080,490.83675000,31543803.42021570
1771956000000,2026-02-24 18:00:00,64219.70000000,64500.00000000,63872.72000000,64435.06000000,809.89318000,1771959599999,52049371.99933150,266863,345.95255000,22240345.09884910
1771959600000,2026-02-24 19:00:00,64435.05000000,64743.11000000,64250.52000000,64435.03000000,722.29463000,1771963199999,46575773.50747000,254868,381.13647000,24577765.50069300
1771963200000,2026-02-24 20:00:00,64435.03000000,64591.99000000,64318.03000000,64472.90000000,409.22444000,1771966799999,26378082.80095190,178466,187.41335000,12081811.70001120
1771966800000,2026-02-24 21:00:00,64472.90000000,64472.90000000,63820.50000000,64042.66000000,576.40912000,1771970399999,36937918.64907450,175796,225.42259000,14439840.49505900
1771970400000,2026-02-24 22:00:00,64042.66000000,64227.81000000,63973.79000000,64120.95000000,288.16182000,1771973999999,18478919.96738590,120415,140.42795000,9004428.03644310
1771974000000,2026-02-24 23:00:00,64120.96000000,64248.65000000,63853.99000000,64058.15000000,389.41705000,1771977599999,24944274.53525370,131370,181.31948000,11614454.85539720
1771977600000,2026-02-25 00:00:00,64058.15000000,64319.29000000,63913.27000000,64224.30000000,292.38037000,1771981199999,18748391.78028030,135894,147.19221000,9441168.75982310
1771981200000,2026-02-25 01:00:00,64224.29000000,66300.00000000,64145.20000000,65896.75000000,2840.08056000,1771984799999,186553497.98867530,728922,1575.47713000,103400109.75307490
1771984800000,2026-02-25 02:00:00,65896.74000000,66310.00000000,65866.66000000,65884.83000000,1252.91602000,1771988399999,82788548.19722710,331915,603.01826000,39853948.62956190
1771988400000,2026-02-25 03:00:00,65884.84000000,65955.87000000,65350.28000000,65391.73000000,801.79518000,1771991999999,52599200.70155500,275871,406.04783000,26639948.68244990
1771992000000,2026-02-25 04:00:00,65391.74000000,65650.00000000,65116.65000000,65457.99000000,723.49717000,1771995599999,47351907.24075180,210217,367.59794000,24060841.97414030
1771995600000,2026-02-25 05:00:00,65458.00000000,65511.21000000,64755.26000000,64882.76000000,831.61343000,1771999199999,54116037.46591250,238985,321.02522000,20885429.69215000
1771999200000,2026-02-25 06:00:00,64882.77000000,65124.04000000,64865.78000000,64898.22000000,394.76962000,1772002799999,25657252.38783660,133561,162.39245000,10556063.95405820
1772002800000,2026-02-25 07:00:00,64898.22000000,65193.25000000,64781.18000000,65028.30000000,682.59011000,1772006399999,44377722.87094900,175452,333.64546000,21694377.55870940
1772006400000,2026-02-25 08:00:00,65028.30000000,65586.87000000,64955.79000000,65530.49000000,694.36389000,1772009999999,45336298.80174560,226622,472.55057000,30846035.13431680
1772010000000,2026-02-25 09:00:00,65530.48000000,65692.62000000,65396.47000000,65558.71000000,545.80832000,1772013599999,35769140.79363320,172294,286.20326000,18757604.67623160
1772013600000,2026-02-25 10:00:00,65558.71000000,65648.74000000,65345.00000000,65400.87000000,315.12553000,1772017199999,20626885.53520270,109018,162.15126000,10612545.42316330
1772017200000,2026-02-25 11:00:00,65400.87000000,65485.91000000,65200.80000000,65430.04000000,442.60010000,1772020799999,28925749.73088770,135299,240.18925000,15697450.02048300
1772020800000,2026-02-25 12:00:00,65430.04000000,66240.00000000,65324.62000000,66068.94000000,1316.71816000,1772024399999,86734789.49564070,260808,733.57331000,48301098.64862660
1772024400000,2026-02-25 13:00:00,66068.94000000,66684.10000000,66025.39000000,66248.62000000,1860.04287000,1772027999999,123339028.54242220,286178,1102.46723000,73101311.15535560
1772028000000,2026-02-25 14:00:00,66248.63000000,67009.78000000,66202.66000000,66973.20000000,2180.16784000,1772031599999,145132058.05826350,466302,1369.18678000,91166111.89260920
1772031600000,2026-02-25 15:00:00,66973.19000000,67578.00000000,66715.13000000,67412.33000000,2522.90832000,1772035199999,169507855.15425050,542162,1559.66491000,104802096.53232390
1772035200000,2026-02-25 16:00:00,67412.32000000,68332.00000000,67404.00000000,68297.35000000,2059.42933000,1772038799999,139813571.19486980,401863,1227.83858000,83369478.09054340
1772038800000,2026-02-25 17:00:00,68297.35000000,68879.96000000,68016.53000000,68674.20000000,2463.18666000,1772042399999,168786768.50541160,464579,1262.94653000,86591141.72868110
1772042400000,2026-02-25 18:00:00,68674.20000000,69550.00000000,68373.33000000,69328.07000000,2105.00773000,1772045999999,145526785.87363920,393399,1084.47708000,74962794.22582170
1772046000000,2026-02-25 19:00:00,69328.06000000,69406.93000000,68764.94000000,69038.26000000,1672.83962000,1772049599999,115438135.69770930,277301,696.80553000,48071355.88659630
1772049600000,2026-02-25 20:00:00,69038.26000000,69374.95000000,68619.22000000,69148.69000000,1076.93003000,1772053199999,74300233.00416200,240410,504.65119000,34831864.94163720
1772053200000,2026-02-25 21:00:00,69148.69000000,69988.83000000,68773.83000000,68919.72000000,1562.11950000,1772056799999,108221103.79328650,408272,753.74962000,52246511.99423650
1772056800000,2026-02-25 22:00:00,68919.72000000,69176.00000000,68055.91000000,68432.13000000,1092.88431000,1772060399999,74950598.30320160,233470,512.20726000,35117431.95928400
1772060400000,2026-02-25 23:00:00,68432.13000000,68696.97000000,67600.00000000,67988.04000000,1020.21792000,1772063999999,69488141.72692130,247921,497.86099000,33898255.69439410
1772064000000,2026-02-26 00:00:00,67988.04000000,68539.17000000,67727.52000000,68335.99000000,1134.56842000,1772067599999,77352015.36568920,298508,668.01659000,45535050.59114910
1772067600000,2026-02-26 01:00:00,68335.99000000,68700.00000000,68210.35000000,68248.30000000,619.19035000,1772071199999,42366665.77170370,207502,287.23812000,19658888.66248450
1772071200000,2026-02-26 02:00:00,68248.30000000,68351.00000000,67779.93000000,68257.45000000,833.19410000,1772074799999,56667194.47489120,233657,417.65474000,28403789.20371330
1772074800000,2026-02-26 03:00:00,68257.46000000,68379.59000000,68044.18000000,68216.86000000,408.51743000,1772078399999,27857628.50825000,159656,192.36795000,13118001.81958840
1772078400000,2026-02-26 04:00:00,68216.87000000,68860.00000000,68179.62000000,68571.36000000,587.55874000,1772081999999,40304104.47667030,206550,321.07807000,22022797.31113820
1772082000000,2026-02-26 05:00:00,68571.36000000,68571.37000000,68127.58000000,68443.81000000,486.81983000,1772085599999,33270378.59952280,197086,246.16169000,16823279.30800250
1772085600000,2026-02-26 06:00:00,68443.82000000,68522.00000000,68042.90000000,68176.75000000,618.63359000,1772089199999,42244843.48058460,150849,272.99163000,18645928.79329750
1772089200000,2026-02-26 07:00:00,68176.75000000,68290.18000000,67817.87000000,67825.04000000,840.14406000,1772092799999,57163396.62061980,162726,277.63138000,18898315.69254960
1772092800000,2026-02-26 08:00:00,67825.05000000,68236.00000000,67792.00000000,67954.01000000,761.69108000,1772096399999,51807155.85302040,195255,393.02712000,26735885.27737270
1772096400000,2026-02-26 09:00:00,67954.00000000,68644.59000000,67933.25000000,68589.41000000,1095.31619000,1772099999999,74884093.22308680,178292,658.94281000,45065174.52767370
1772100000000,2026-02-26 10:00:00,68589.41000000,68722.64000000,68257.64000000,68301.62000000,688.66072000,1772103599999,47155991.90193260,162357,340.52233000,23317962.42334160
1772103600000,2026-02-26 11:00:00,68301.61000000,68404.25000000,67965.46000000,68051.31000000,722.94931000,1772107199999,49283812.42166660,149497,300.82291000,20511760.81247130
1772107200000,2026-02-26 12:00:00,68051.30000000,68303.83000000,68009.88000000,68171.56000000,642.07881000,1772110799999,43776075.96031840,177554,350.63628000,23906183.82181890
1772110800000,2026-02-26 13:00:00,68171.55000000,68213.98000000,67848.69000000,67905.35000000,698.96783000,1772114399999,47562785.19089640,212302,336.50851000,22901580.93905470
1772114400000,2026-02-26 14:00:00,67905.34000000,68272.21000000,67264.22000000,67697.74000000,1769.26733000,1772117999999,119875677.68329280,490673,769.44178000,52136404.36527560
1772118000000,2026-02-26 15:00:00,67696.89000000,67743.36000000,66761.16000000,67382.00000000,2095.88140000,1772121599999,140817662.21918170,586764,1033.24850000,69433914.28703230
1772121600000,2026-02-26 16:00:00,67382.00000000,67566.85000000,66500.00000000,66643.55000000,2050.20093000,1772125199999,137149109.80588400,447034,902.12577000,60385336.65461600
1772125200000,2026-02-26 17:00:00,66643.56000000,67044.10000000,66600.46000000,66826.80000000,885.82755000,1772128799999,59211744.48807780,303680,448.45505000,29975941.70858500
1772128800000,2026-02-26 18:00:00,66826.80000000,67373.90000000,66575.73000000,67310.53000000,1058.47196000,1772132399999,70966435.70522360,267395,599.04363000,40187308.81221950
1772132400000,2026-02-26 19:00:00,67310.53000000,67903.12000000,67285.99000000,67589.22000000,1235.95013000,1772135999999,83561525.72362900,233823,629.95126000,42586668.26434020
1772136000000,2026-02-26 20:00:00,67589.21000000,67831.11000000,67269.42000000,67414.07000000,597.88987000,1772139599999,40364486.06257300,145007,255.61993000,17263968.13087370
1772139600000,2026-02-26 21:00:00,67414.07000000,67575.97000000,67150.14000000,67463.65000000,299.84732000,1772143199999,20205025.36934420,110309,153.19526000,10324645.50161260
1772143200000,2026-02-26 22:00:00,67463.65000000,67630.22000000,67301.75000000,67572.30000000,291.63360000,1772146799999,19684545.64714130,63695,142.07290000,9593702.75422880
1772146800000,2026-02-26 23:00:00,67572.30000000,67656.11000000,67390.65000000,67485.18000000,314.51737000,1772150399999,21242311.01136060,85966,175.74626000,11871562.79062730
1772150400000,2026-02-27 00:00:00,67485.19000000,67537.84000000,67000.00000000,67226.50000000,462.91030000,1772153999999,31138039.18382380,161051,168.68501000,11341924.09657240
1772154000000,2026-02-27 01:00:00,67226.50000000,67398.86000000,66885.00000000,67352.26000000,818.15438000,1772157599999,54951585.63132650,221491,411.76727000,27662945.62762720
1772157600000,2026-02-27 02:00:00,67352.26000000,67546.15000000,67263.56000000,67266.58000000,463.09611000,1772161199999,31216056.81577920,155380,246.08841000,16588149.42866440
1772161200000,2026-02-27 03:00:00,67266.58000000,67712.16000000,67099.71000000,67600.84000000,415.67371000,1772164799999,27986842.78751960,122053,229.63541000,15464277.67528630
1772164800000,2026-02-27 04:00:00,67600.84000000,68216.80000000,67578.67000000,67747.49000000,1318.53811000,1772168399999,89492574.24129640,220102,662.93004000,44997868.35632470
1772168400000,2026-02-27 05:00:00,67747.49000000,67924.00000000,67683.30000000,67724.99000000,411.56603000,1772171999999,27904096.69872430,103479,238.67979000,16181696.24506440
1772172000000,2026-02-27 06:00:00,67725.00000000,67823.90000000,67525.46000000,67658.14000000,398.60368000,1772175599999,26971881.76265640,100102,154.17927000,10436217.06871140
1772175600000,2026-02-27 07:00:00,67658.14000000,67774.48000000,67459.30000000,67690.60000000,896.56486000,1772179199999,60619500.39456880,128527,506.89097000,34284562.80208390
1772179200000,2026-02-27 08:00:00,67690.60000000,68079.83000000,67655.86000000,67926.24000000,712.98047000,1772182799999,48423658.11921230,134785,340.57652000,23129987.07661830
1772182800000,2026-02-27 09:00:00,67926.25000000,68149.93000000,67284.22000000,67355.73000000,1377.29020000,1772186399999,93459080.20980350,161150,407.75910000,27655595.65042780
1772186400000,2026-02-27 10:00:00,67355.72000000,67416.78000000,66574.00000000,66604.91000000,1414.83211000,1772189999999,94615802.54043060,200521,560.28646000,37473827.16907550
1772190000000,2026-02-27 11:00:00,66604.90000000,66778.68000000,65960.01000000,66126.99000000,1399.59256000,1772193599999,92832488.59392320,172892,607.87940000,40309538.09829450
1772193600000,2026-02-27 12:00:00,66126.99000000,66217.42000000,65734.71000000,65928.01000000,1855.03329000,1772197199999,122330522.29196980,148952,964.24818000,63592352.46062570
1772197200000,2026-02-27 13:00:00,65928.01000000,66344.90000000,65649.34000000,66270.55000000,1278.55317000,1772200799999,84381366.99394210,173926,646.82095000,42695906.14021710
1772200800000,2026-02-27 14:00:00,66270.55000000,66334.87000000,65686.64000000,65887.59000000,1404.23206000,1772204399999,92690097.84109240,293644,733.61076000,48412822.20683340
1772204400000,2026-02-27 15:00:00,65887.59000000,66311.11000000,65845.18000000,66095.40000000,957.11978000,1772207999999,63243068.11226290,257350,483.46987000,31947647.79789030
1772208000000,2026-02-27 16:00:00,66095.40000000,66121.03000000,65462.93000000,65475.21000000,1135.56487000,1772211599999,74680165.61041400,230480,446.03373000,29336920.97851680
1772211600000,2026-02-27 17:00:00,65475.21000000,65765.06000000,65113.72000000,65703.19000000,1265.39709000,1772215199999,82804750.05166290,238209,701.41209000,45913581.39077770
1772215200000,2026-02-27 18:00:00,65703.18000000,65788.07000000,65228.33000000,65314.76000000,623.00837000,1772218799999,40810449.07201630,151605,309.04405000,20258381.81501380
1772218800000,2026-02-27 19:00:00,65314.76000000,65457.35000000,65172.60000000,65392.18000000,851.95591000,1772222399999,55670464.70396130,117356,449.55886000,29380661.11106060
1772222400000,2026-02-27 20:00:00,65392.18000000,65666.66000000,65392.18000000,65594.67000000,444.86468000,1772225999999,29170190.31225990,110666,220.82377000,14478663.66660550
1772226000000,2026-02-27 21:00:00,65594.67000000,65749.94000000,65400.00000000,65527.59000000,282.65640000,1772229599999,18544264.02149330,80506,136.78752000,8975328.77870780
1772229600000,2026-02-27 22:00:00,65527.59000000,65673.33000000,64914.46000000,65637.99000000,713.53490000,1772233199999,46582991.70859980,104817,294.99813000,19286699.20221380
1772233200000,2026-02-27 23:00:00,65638.00000000,65953.20000000,65551.67000000,65872.10000000,326.86120000,1772236799999,21513885.86323350,67020,185.04361000,12180687.68144870
1772236800000,2026-02-28 00:00:00,65872.09000000,66025.52000000,65721.13000000,65942.00000000,334.42449000,1772240399999,22033745.78002490,67480,168.28229000,11089712.38095460
1772240400000,2026-02-28 01:00:00,65942.01000000,65971.93000000,65743.71000000,65770.36000000,267.81274000,1772243999999,17640879.36607150,71083,152.57004000,10051792.40375070
1772244000000,2026-02-28 02:00:00,65770.36000000,66018.85000000,65761.94000000,65961.13000000,204.09288000,1772247599999,13457284.76514560,56507,112.54049000,7420482.54777210
1772247600000,2026-02-28 03:00:00,65961.13000000,65982.34000000,65745.39000000,65797.42000000,239.41397000,1772251199999,15767725.64733010,63285,97.71246000,6436062.42771300
1772251200000,2026-02-28 04:00:00,65797.42000000,65818.44000000,65488.00000000,65663.20000000,311.53682000,1772254799999,20454833.41431870,79273,107.19896000,7039738.23075530
1772254800000,2026-02-28 05:00:00,65663.21000000,65729.65000000,65500.00000000,65591.03000000,300.20395000,1772258399999,19691152.38274370,69264,102.64567000,6733400.83796700
1772258400000,2026-02-28 06:00:00,65591.03000000,65591.04000000,63030.00000000,63216.01000000,3175.19445000,1772261999999,203699115.89985000,615840,1289.80747000,82713203.08206120
1772262000000,2026-02-28 07:00:00,63216.01000000,64327.22000000,63038.00000000,63826.00000000,2127.97927000,1772265599999,135680221.72360710,416921,1082.02848000,68953873.80752750
1772265600000,2026-02-28 08:00:00,63825.99000000,63877.09000000,63411.39000000,63473.28000000,1118.13838000,1772269199999,71149963.65159050,264171,529.20575000,33679179.55579580
1772269200000,2026-02-28 09:00:00,63473.27000000,64005.35000000,63372.10000000,63658.54000000,737.11739000,1772272799999,46946317.99290250,220795,439.40455000,27997595.41612980
1772272800000,2026-02-28 10:00:00,63658.55000000,64053.93000000,63452.64000000,64010.39000000,1633.42712000,1772276399999,104290889.63534780,197769,878.14376000,56077416.53908250
1772276400000,2026-02-28 11:00:00,64010.38000000,64307.44000000,63791.25000000,63844.20000000,1245.63976000,1772279999999,79810960.20478140,156555,664.42721000,42571700.99377810
1772280000000,2026-02-28 12:00:00,63844.20000000,64082.66000000,63827.20000000,64017.19000000,474.84169000,1772283599999,30383260.39244200,95364,316.81442000,20275237.50988410
1772283600000,2026-02-28 13:00:00,64017.18000000,65216.97000000,63888.89000000,65106.44000000,1748.13055000,1772287199999,112602961.65471460,239934,1029.37855000,66289860.64451050
1772287200000,2026-02-28 14:00:00,65106.45000000,65360.51000000,64278.50000000,64435.61000000,1331.97244000,1772290799999,86384184.19595130,331907,673.00491000,43665522.51414530
1772290800000,2026-02-28 15:00:00,64435.62000000,65020.75000000,64200.00000000,64841.18000000,731.53889000,1772294399999,47296650.10364840,205062,397.03404000,25679345.34624730
1772294400000,2026-02-28 16:00:00,64841.17000000,65206.25000000,64681.81000000,65094.30000000,500.23365000,1772297999999,32507176.32798840,199610,293.70961000,19091198.42573410
1772298000000,2026-02-28 17:00:00,65094.29000000,65555.00000000,64828.03000000,65442.62000000,595.58409000,1772301599999,38777841.01382760,175603,280.29737000,18263588.72787740
1772301600000,2026-02-28 18:00:00,65442.61000000,66157.61000000,65185.70000000,65911.84000000,830.58148000,1772305199999,54542262.56475800,278973,472.47092000,31037923.37366130
1772305200000,2026-02-28 19:00:00,65911.83000000,66666.65000000,65602.65000000,66362.01000000,1072.73124000,1772308799999,71025218.84317860,322392,656.72635000,43494282.08144300
1772308800000,2026-02-28 20:00:00,66362.01000000,67151.68000000,66190.61000000,66959.62000000,840.13263000,1772312399999,56107117.24123690,329810,476.84339000,31844199.42392580
1772312400000,2026-02-28 21:00:00,66959.63000000,67055.56000000,66368.42000000,66723.22000000,934.75984000,1772315999999,62309093.57047640,248442,433.85291000,28933925.13232960
1772316000000,2026-02-28 22:00:00,66723.23000000,67760.00000000,66608.82000000,67103.64000000,1310.09118000,1772319599999,87950234.20357770,395017,675.31952000,45344629.22278130
1772319600000,2026-02-28 23:00:00,67103.63000000,67210.00000000,66733.73000000,66973.26000000,483.13759000,1772323199999,32355317.68605280,167457,201.68890000,13506519.80655490
1772323200000,2026-03-01 00:00:00,66973.26000000,67121.80000000,66620.50000000,66791.29000000,560.35194000,1772326799999,37472155.80901980,185423,304.82012000,20393713.92453800
1772326800000,2026-03-01 01:00:00,66791.29000000,67703.32000000,66042.72000000,67339.36000000,1630.19028000,1772330399999,108995343.83428730,360834,899.21803000,60174380.38049060
1772330400000,2026-03-01 02:00:00,67339.36000000,68199.99000000,67339.36000000,67620.65000000,1861.82270000,1772333999999,126344237.88429430,418773,939.97406000,63793129.93187990
1772334000000,2026-03-01 03:00:00,67620.65000000,67813.33000000,67400.00000000,67502.16000000,637.99716000,1772337599999,43121410.16066240,169341,298.67476000,20191065.06654550
1772337600000,2026-03-01 04:00:00,67502.16000000,67612.14000000,67079.36000000,67346.50000000,631.60541000,1772341199999,42519575.50404460,135372,261.03313000,17570640.62942030
1772341200000,2026-03-01 05:00:00,67346.50000000,67574.65000000,67200.00000000,67292.09000000,437.89406000,1772344799999,29525060.49471550,106422,212.55241000,14331212.10126400
1772344800000,2026-03-01 06:00:00,67292.08000000,67345.80000000,66749.35000000,66926.68000000,1159.96329000,1772348399999,77705015.27895200,151457,474.15445000,31765848.91433010
1772348400000,2026-03-01 07:00:00,66926.69000000,67235.72000000,66784.58000000,67141.39000000,937.93278000,1772351999999,62919705.92906090,118317,491.73358000,32982031.55574830
1772352000000,2026-03-01 08:00:00,67141.40000000,67292.30000000,66389.33000000,66560.14000000,1475.81311000,1772355599999,98529048.33954990,214840,381.01048000,25485843.26016890
1772355600000,2026-03-01 09:00:00,66560.14000000,66771.10000000,66246.95000000,66410.08000000,815.73368000,1772359199999,54247848.65866040,263885,372.03993000,24741013.24460760
1772359200000,2026-03-01 10:00:00,66410.09000000,66731.47000000,66215.71000000,66467.06000000,621.17753000,1772362799999,41300697.71441490,171523,361.13300000,24014426.49826670
1772362800000,2026-03-01 11:00:00,66467.07000000,66661.61000000,66372.27000000,66468.03000000,338.19615000,1772366399999,22491257.94799550,96844,176.37133000,11731300.69313660
1772366400000,2026-03-01 12:00:00,66468.04000000,66550.00000000,66241.97000000,66296.48000000,388.82935000,1772369999999,25829283.03390940,118538,210.85385000,14009629.56136870
1772370000000,2026-03-01 13:00:00,66296.48000000,67360.57000000,66132.27000000,66934.79000000,1311.02111000,1772373599999,87608503.26253500,297279,701.57740000,46919088.20026880
1772373600000,2026-03-01 14:00:00,66934.80000000,67320.19000000,66752.58000000,66847.80000000,911.62631000,1772377199999,61042094.25565650,338803,465.29871000,31173781.37392630
1772377200000,2026-03-01 15:00:00,66847.80000000,67243.69000000,66828.60000000,66842.42000000,1028.55576000,1772380799999,69002328.91139760,222798,606.52153000,40679415.49936120
1772380800000,2026-03-01 16:00:00,66842.42000000,67112.37000000,65730.28000000,66135.45000000,1500.74296000,1772384399999,99766384.50922120,330626,659.11423000,43887446.67509450
1772384400000,2026-03-01 17:00:00,66135.45000000,66219.77000000,65699.98000000,65979.61000000,952.19730000,1772387999999,62838531.05537480,254671,421.71538000,27834795.20324510
1772388000000,2026-03-01 18:00:00,65979.61000000,66657.44000000,65979.61000000,66316.83000000,906.08265000,1772391599999,60132822.65109220,170597,526.66111000,34951018.59191380
1772391600000,2026-03-01 19:00:00,66316.84000000,66345.95000000,65772.29000000,65962.17000000,541.15631000,1772395199999,35736876.96481540,128244,244.35122000,16138690.27815390
1772395200000,2026-03-01 20:00:00,65962.16000000,65962.16000000,65084.02000000,65300.00000000,961.21349000,1772398799999,62863578.45558960,265153,447.74648000,29269497.55860310
1772398800000,2026-03-01 21:00:00,65300.01000000,65756.50000000,65281.83000000,65666.20000000,996.50526000,1772402399999,65304755.18160990,151136,484.75362000,31771829.13117260
1772402400000,2026-03-01 22:00:00,65666.19000000,66491.43000000,65056.00000000,65268.71000000,1763.29476000,1772405999999,115821632.16895290,328553,861.74246000,56632245.48329550
1772406000000,2026-03-01 23:00:00,65268.71000000,66080.00000000,65125.67000000,65776.47000000,831.95524000,1772409599999,54665594.90038810,312584,406.72074000,26719879.09166160
1772409600000,2026-03-02 00:00:00,65776.48000000,66796.44000000,65761.04000000,66501.52000000,990.08260000,1772413199999,65630671.08125270,405499,499.72613000,33145828.98758980
1772413200000,2026-03-02 01:00:00,66501.52000000,67079.00000000,66358.45000000,66532.02000000,886.93071000,1772416799999,59150628.86839820,419193,502.17903000,33504019.06630220
1772416800000,2026-03-02 02:00:00,66532.02000000,66609.94000000,65890.50000000,66276.77000000,554.16265000,1772420399999,36701143.35027190,265409,248.11387000,16430769.82650170
1772420400000,2026-03-02 03:00:00,66276.77000000,67037.22000000,66101.07000000,66820.03000000,509.41240000,1772423999999,33978536.78237610,213840,274.10188000,18282019.85002240
1772424000000,2026-03-02 04:00:00,66820.03000000,66975.74000000,66633.13000000,66862.12000000,750.65203000,1772427599999,50131953.93565880,162748,271.26539000,18118331.82498450
1772427600000,2026-03-02 05:00:00,66862.11000000,66995.64000000,66547.81000000,66730.78000000,887.19458000,1772431199999,59244202.73208430,232259,348.41660000,23268523.60429830
1772431200000,2026-03-02 06:00:00,66730.78000000,66739.45000000,66062.83000000,66204.90000000,677.75967000,1772434799999,44937679.36444270,241606,340.51962000,22567440.97449470
1772434800000,2026-03-02 07:00:00,66204.90000000,66209.46000000,65542.60000000,66007.52000000,1294.85905000,1772438399999,85220358.88756410,281351,645.45005000,42493627.61698380
1772438400000,2026-03-02 08:00:00,66007.80000000,66306.00000000,65654.54000000,66282.00000000,1104.41132000,1772441999999,72841996.80239450,267013,575.44129000,37962290.98928450
1772442000000,2026-03-02 09:00:00,66281.99000000,66720.84000000,66164.96000000,66168.62000000,1786.28426000,1772445599999,118645127.39840430,329541,509.91802000,33870518.26107280
1772445600000,2026-03-02 10:00:00,66168.61000000,66381.74000000,66079.24000000,66316.40000000,436.29038000,1772449199999,28898262.58383750,215364,229.33286000,15189976.76995590
1772449200000,2026-03-02 11:00:00,66316.39000000,66462.40000000,66003.59000000,66359.68000000,1034.77975000,1772452799999,68475239.16181990,239015,323.90079000,21446842.13098300
1772452800000,2026-03-02 12:00:00,66359.67000000,66391.38000000,65874.92000000,65963.43000000,763.09374000,1772456399999,50401600.65345900,218778,201.16637000,13298999.80986840
1772456400000,2026-03-02 13:00:00,65963.43000000,66157.28000000,65350.00000000,65440.01000000,1576.81345000,1772459999999,103639038.06141320,424092,765.14888000,50338098.59826540
1772460000000,2026-03-02 14:00:00,65440.01000000,67220.81000000,65259.21000000,67177.06000000,3015.13713000,1772463599999,199785731.32222630,806093,1723.53377000,114281382.49249260
1772463600000,2026-03-02 15:00:00,67177.05000000,69617.74000000,66975.29000000,69130.20000000,5476.56874000,1772467199999,375756893.66994520,1081007,2975.20288000,203967562.49860170
1772467200000,2026-03-02 16:00:00,69130.20000000,70096.00000000,68933.69000000,69428.62000000,3440.03188000,1772470799999,239243971.93922490,803375,1836.93962000,127808569.92054880
1772470800000,2026-03-02 17:00:00,69428.62000000,69578.00000000,68793.88000000,69198.00000000,1445.44150000,1772474399999,100066445.65577530,398888,731.75075000,50670972.76000980
1772474400000,2026-03-02 18:00:00,69198.00000000,69268.15000000,68727.83000000,68877.67000000,1055.74310000,1772477999999,72890341.39391180,295800,540.30343000,37312268.63522090
1772478000000,2026-03-02 19:00:00,68877.67000000,69049.32000000,68576.18000000,68966.53000000,886.89114000,1772481599999,61051191.18872530,237949,486.40403000,33488726.65779800
1772481600000,2026-03-02 20:00:00,68966.52000000,69505.00000000,68584.90000000,69106.58000000,1028.13825000,1772485199999,71043152.67859690,326162,506.70467000,35002634.03824130
1772485200000,2026-03-02 21:00:00,69106.58000000,69539.77000000,69000.71000000,69413.82000000,441.38382000,1772488799999,30595523.01360720,167971,245.80531000,17035569.96637000
1772488800000,2026-03-02 22:00:00,69413.82000000,69501.62000000,69136.36000000,69440.49000000,1330.59238000,1772492399999,92217914.74601720,173563,337.82947000,23422388.83387960
1772492400000,2026-03-02 23:00:00,69440.48000000,69479.58000000,68740.00000000,68830.06000000,637.72978000,1772495999999,44031236.57451000,191010,216.75898000,14964180.43438040
1772496000000,2026-03-03 00:00:00,68830.06000000,69166.61000000,68644.38000000,69092.88000000,602.91075000,1772499599999,41560858.77639250,189176,364.57996000,25143881.29447560
1772499600000,2026-03-03 01:00:00,69092.89000000,69258.08000000,68755.00000000,68760.01000000,452.46998000,1772503199999,31208530.04191110,195061,243.44462000,16794954.31844680
1772503200000,2026-03-03 02:00:00,68760.01000000,68774.13000000,68210.71000000,68512.17000000,848.26905000,1772506799999,58081343.14079230,253808,311.37653000,21324751.24339650
1772506800000,2026-03-03 03:00:00,68512.17000000,68550.00000000,68231.47000000,68377.94000000,458.44735000,1772510399999,31344011.85342780,156591,178.23653000,12185247.98238790
1772510400000,2026-03-03 04:00:00,68377.94000000,68454.63000000,68050.11000000,68123.20000000,436.46143000,1772513999999,29788970.85710880,154510,132.74586000,9061643.22079570
1772514000000,2026-03-03 05:00:00,68123.19000000,68617.42000000,67845.84000000,67947.75000000,913.85345000,1772517599999,62339389.33431660,235064,417.44453000,28511696.35786420
1772517600000,2026-03-03 06:00:00,67947.75000000,68250.24000000,67800.00000000,68106.73000000,821.19287000,1772521199999,55804431.46928660,196778,422.87924000,28741017.53778640
1772521200000,2026-03-03 07:00:00,68106.73000000,68275.20000000,67951.24000000,68172.80000000,1165.60519000,1772524799999,79432831.28845510,201989,532.89706000,36315112.03717390
1772524800000,2026-03-03 08:00:00,68172.79000000,68311.83000000,66905.00000000,67003.30000000,1883.45220000,1772528399999,127271273.37621920,440334,817.61370000,55221055.50511640
1772528400000,2026-03-03 09:00:00,67003.30000000,67184.71000000,66340.14000000,66647.98000000,1767.88336000,1772531999999,118012670.66957170,512555,868.55802000,58008646.29190500
1772532000000,2026-03-03 10:00:00,66647.98000000,67030.75000000,66440.46000000,66860.30000000,1159.50732000,1772535599999,77269960.43366750,351135,745.91752000,49722148.33737900
1772535600000,2026-03-03 11:00:00,66860.30000000,67166.50000000,66779.37000000,67026.61000000,1271.91624000,1772539199999,85196648.37439400,349395,537.03866000,35969372.23242950
1772539200000,2026-03-03 12:00:00,67026.60000000,67973.20000000,67025.93000000,67399.85000000,1323.51079000,1772542799999,89304575.87986810,423380,662.74841000,44710711.04432320
1772542800000,2026-03-03 13:00:00,67399.85000000,67435.00000000,66635.30000000,66931.31000000,709.75818000,1772546399999,47553695.18004910,352901,286.59870000,19204020.03254980
1772546400000,2026-03-03 14:00:00,66931.32000000,67603.94000000,66158.00000000,66568.95000000,1714.82463000,1772549999999,114651598.14682370,638453,919.83494000,61528511.37429080
1772550000000,2026-03-03 15:00:00,66568.95000000,67834.93000000,66471.79000000,67725.81000000,1695.19520000,1772553599999,113864722.57972280,611336,928.83647000,62399680.69174050
1772553600000,2026-03-03 16:00:00,67725.82000000,68999.00000000,67473.09000000,68175.90000000,2581.91143000,1772557199999,176151461.93393760,707169,1407.03544000,95999626.30015320
1772557200000,2026-03-03 17:00:00,68175.89000000,68400.00000000,67626.53000000,68318.66000000,982.14848000,1772560799999,66796344.16233900,408159,462.43279000,31465479.46742400
1772560800000,2026-03-03 18:00:00,68318.66000000,68914.01000000,67976.47000000,68628.49000000,974.13002000,1772564399999,66742971.66346840,292195,549.56235000,37661369.72919390
1772564400000,2026-03-03 19:00:00,68628.50000000,68888.88000000,68312.83000000,68435.00000000,946.51026000,1772567999999,64977883.36046610,288474,478.02738000,32825803.11764380
1772568000000,2026-03-03 20:00:00,68435.00000000,68591.24000000,68092.10000000,68266.00000000,592.99873000,1772571599999,40519667.50620500,247601,260.54144000,17804851.77809710
1772571600000,2026-03-03 21:00:00,68265.99000000,68265.99000000,67832.30000000,68024.62000000,519.92364000,1772575199999,35360588.29132580,153363,183.20573000,12458716.26915100
1772575200000,2026-03-03 22:00:00,68024.63000000,68524.54000000,68024.62000000,68327.20000000,573.87256000,1772578799999,39200969.45158880,146640,343.75026000,23479061.42105800
1772578800000,2026-03-03 23:00:00,68327.20000000,68860.00000000,68245.64000000,68338.00000000,575.48869000,1772582399999,39413272.17168060,142052,276.31586000,18923658.50991220
1772582400000,2026-03-04 00:00:00,68338.01000000,68413.90000000,67857.61000000,68093.19000000,767.61923000,1772585999999,52334657.78146320,241607,347.08972000,23675065.27122700
1772586000000,2026-03-04 01:00:00,68093.20000000,68909.34000000,67963.28000000,68405.00000000,1294.62328000,1772589599999,88494146.01131760,299771,732.71897000,50097573.17427000
1772589600000,2026-03-04 02:00:00,68405.00000000,68447.72000000,67984.56000000,68323.33000000,798.11328000,1772593199999,54463496.15987140,246304,301.48167000,20572128.56043410
1772593200000,2026-03-04 03:00:00,68323.33000000,68383.63000000,67400.00000000,67732.20000000,954.50771000,1772596799999,64851113.83991630,313532,440.95803000,29977667.20674860
1772596800000,2026-03-04 04:00:00,67732.19000000,67954.89000000,67467.60000000,67786.00000000,1066.38980000,1772600399999,72134832.20051760,213715,610.45321000,41294685.42778670
1772600400000,2026-03-04 05:00:00,67786.00000000,68397.84000000,67682.64000000,68206.59000000,666.28769000,1772603999999,45326723.20431980,188189,382.73122000,26050984.67432750
1772604000000,2026-03-04 06:00:00,68206.58000000,68678.76000000,68048.63000000,68508.02000000,1288.48108000,1772607599999,88097662.47781820,219837,643.39191000,43980380.45782810
1772607600000,2026-03-04 07:00:00,68508.02000000,69668.00000000,68349.49000000,69493.13000000,2067.68212000,1772611199999,142520751.09538010,252721,1298.67419000,89517762.17657170
1772611200000,2026-03-04 08:00:00,69493.14000000,71163.00000000,69098.91000000,71011.40000000,4675.35650000,1772614799999,327290595.33043710,586293,2610.42231000,182914159.00456800
1772614800000,2026-03-04 09:00:00,71011.40000000,71893.00000000,70724.26000000,71520.76000000,4196.19004000,1772618399999,299255732.05062530,687306,1989.52204000,141928098.93169800
1772618400000,2026-03-04 10:00:00,71520.76000000,71878.17000000,71200.00000000,71348.92000000,2079.39146000,1772621999999,148652635.75815400,516894,1199.70120000,85764624.84509490
1772622000000,2026-03-04 11:00:00,71348.92000000,71499.75000000,70928.25000000,71111.40000000,1195.15977000,1772625599999,85049409.47349800,289952,549.96120000,39134539.90838360
1772625600000,2026-03-04 12:00:00,71111.40000000,71364.14000000,70588.00000000,71339.71000000,1486.53558000,1772629199999,105430863.93558930,360115,800.56426000,56804574.38801660
1772629200000,2026-03-04 13:00:00,71339.72000000,71624.99000000,71214.40000000,71477.17000000,1568.26840000,1772632799999,112002437.03207900,346193,988.27996000,70586897.63461140
1772632800000,2026-03-04 14:00:00,71477.17000000,72633.00000000,71300.10000000,71621.04000000,4139.07950000,1772636399999,297533314.85716350,760246,2287.43150000,164480012.44132440
1772636400000,2026-03-04 15:00:00,71621.03000000,73479.75000000,71580.62000000,73396.88000000,4184.35996000,1772639999999,304173676.04231370,781928,2533.58520000,184213279.69039240
1772640000000,2026-03-04 16:00:00,73396.87000000,73500.00000000,72541.69000000,73294.84000000,2627.55973000,1772643599999,192131578.98504520,557554,1346.87541000,98510700.46635900
1772643600000,2026-03-04 17:00:00,73294.84000000,73759.99000000,72932.80000000,73218.92000000,2258.87830000,1772647199999,165541863.37065770,452235,1204.83787000,88311380.36974460
1772647200000,2026-03-04 18:00:00,73218.93000000,73700.00000000,72912.11000000,73693.50000000,1121.53690000,1772650799999,82245968.82129200,251850,564.64648000,41422860.62729480
1772650800000,2026-03-04 19:00:00,73693.50000000,74050.00000000,73516.00000000,73611.10000000,2657.03129000,1772654399999,195999870.62254200,342821,1111.79542000,82036651.35469730
1772654400000,2026-03-04 20:00:00,73611.67000000,73716.00000000,73001.05000000,73019.68000000,904.52712000,1772657999999,66376219.65849690,228306,386.23897000,28350476.24411290
1772658000000,2026-03-04 21:00:00,73019.69000000,73322.93000000,72878.00000000,73309.72000000,836.52696000,1772661599999,61168160.31535450,144802,377.63127000,27616200.90484010
1772661600000,2026-03-04 22:00:00,73309.73000000,73523.31000000,72638.29000000,72705.86000000,894.79856000,1772665199999,65349896.73861320,168561,361.90744000,26422612.92861330
1772665200000,2026-03-04 23:00:00,72705.86000000,72880.88000000,72313.04000000,72666.77000000,1190.17184000,1772668799999,86438841.86999500,167570,570.45298000,41435741.24123300
1772668800000,2026-03-05 00:00:00,72666.77000000,73000.00000000,72553.65000000,72760.00000000,1004.77646000,1772672399999,73139076.42965640,252475,477.20213000,34741115.14955090
1772672400000,2026-03-05 01:00:00,72759.99000000,73306.82000000,72409.10000000,72538.72000000,821.18852000,1772675999999,59799730.31073720,302651,380.23971000,27702926.09304570
1772676000000,2026-03-05 02:00:00,72538.72000000,72916.50000000,72336.76000000,72506.19000000,628.62779000,1772679599999,45648401.51172080,212003,329.13049000,23907058.43188610
1772679600000,2026-03-05 03:00:00,72506.18000000,72750.00000000,72344.51000000,72497.89000000,668.37206000,1772683199999,48476454.46188550,165156,326.24941000,23668780.55629590
1772683200000,2026-03-05 04:00:00,72497.89000000,73081.08000000,72447.96000000,72815.70000000,750.00710000,1772686799999,54565200.13776410,181170,349.52489000,25433737.06363540
1772686800000,2026-03-05 05:00:00,72815.70000000,72912.82000000,72260.74000000,72412.15000000,1085.89796000,1772690399999,78737206.33278870,166406,580.91964000,42111020.13597760
1772690400000,2026-03-05 06:00:00,72412.15000000,72655.23000000,72037.56000000,72553.62000000,1063.10490000,1772693999999,76894766.14472070,245508,489.46050000,35407940.48785070
1772694000000,2026-03-05 07:00:00,72553.63000000,72675.07000000,71759.95000000,72055.50000000,1447.01462000,1772697599999,104466436.70711330,222815,534.37525000,38579668.70683710
1772697600000,2026-03-05 08:00:00,72055.50000000,72370.21000000,71757.17000000,72333.70000000,1421.17898000,1772701199999,102408460.19301900,268245,590.65896000,42550582.51607620
1772701200000,2026-03-05 09:00:00,72333.70000000,72875.85000000,72298.83000000,72591.59000000,1160.78148000,1772704799999,84235303.96054800,316708,551.43029000,40022387.02226120
1772704800000,2026-03-05 10:00:00,72591.59000000,73558.15000000,72517.06000000,73388.92000000,1589.26780000,1772708399999,116226707.12689620,338456,780.16200000,57066702.13351630
1772708400000,2026-03-05 11:00:00,73388.91000000,73449.96000000,72766.75000000,72915.79000000,2091.15218000,1772711999999,152646939.55476750,333260,681.27030000,49726485.17719960
1772712000000,2026-03-05 12:00:00,72915.80000000,73063.38000000,72666.93000000,72890.73000000,729.99152000,1772715599999,53195508.06282040,260162,344.05740000,25076822.05906030
1772715600000,2026-03-05 13:00:00,72890.73000000,72935.30000000,72189.70000000,72467.79000000,1108.98859000,1772719199999,80452507.19868220,292588,548.92499000,39822896.65344990
1772719200000,2026-03-05 14:00:00,72467.79000000,72835.73000000,71944.18000000,72609.29000000,1446.63499000,1772722799999,104709737.43600900,544050,718.67679000,52041775.43305580
1772722800000,2026-03-05 15:00:00,72609.30000000,72770.00000000,71168.65000000,71652.77000000,2321.94313000,1772726399999,166313754.13374510,620422,1038.04967000,74371044.75076960
1772726400000,2026-03-05 16:00:00,71652.77000000,71654.65000000,70786.06000000,71305.92000000,1736.25108000,1772729999999,123506338.35312500,454036,865.20175000,61570923.25924580
1772730000000,2026-03-05 17:00:00,71305.92000000,71572.00000000,70645.47000000,70704.41000000,1223.37093000,1772733599999,86833049.94077250,387762,567.04450000,40249358.35554720
1772733600000,2026-03-05 18:00:00,70703.37000000,71090.32000000,70656.63000000,70990.65000000,720.55573000,1772737199999,51096847.51083840,300099,401.39994000,28464460.43718530
1772737200000,2026-03-05 19:00:00,70990.66000000,71430.78000000,70870.00000000,70918.07000000,626.47744000,1772740799999,44577751.69584170,240026,343.63549000,24458166.74197770
1772740800000,2026-03-05 20:00:00,70918.08000000,71394.45000000,70840.00000000,71236.51000000,496.74041000,1772744399999,35340949.63901380,270840,238.80277000,16986495.61079330
1772744400000,2026-03-05 21:00:00,71236.51000000,71572.30000000,71023.52000000,71141.93000000,546.48691000,1772747999999,39002240.00917750,149094,341.12449000,24354877.64519790
1772748000000,2026-03-05 22:00:00,71141.93000000,71364.45000000,71074.45000000,71208.54000000,834.62565000,1772751599999,59421996.26656630,106955,379.51418000,27019561.75343960
1772751600000,2026-03-05 23:00:00,71208.54000000,71292.44000000,70777.00000000,70890.72000000,1067.07630000,1772755199999,75819327.26962480,78273,442.45913000,31438676.29892200
1772755200000,2026-03-06 00:00:00,70891.02000000,71047.95000000,70784.00000000,70988.19000000,673.46080000,1772758799999,47777274.21275400,135225,363.11000000,25759646.77436000
1772758800000,2026-03-06 01:00:00,70988.19000000,71301.74000000,70344.03000000,71257.20000000,1057.89391000,1772762399999,74940690.90176000,315462,552.16010000,39148526.55576490
1772762400000,2026-03-06 02:00:00,71257.20000000,71419.98000000,71036.00000000,71252.43000000,752.48392000,1772765999999,53626996.77680660,232746,396.98991000,28289484.14335170
1772766000000,2026-03-06 03:00:00,71252.43000000,71305.42000000,71000.00000000,71080.38000000,548.09403000,1772769599999,38985465.43426990,175381,264.35355000,18802778.47669720
1772769600000,2026-03-06 04:00:00,71080.37000000,71120.17000000,70270.21000000,70613.61000000,667.82412000,1772773199999,47178897.43022900,219688,257.06967000,18154318.68006150
1772773200000,2026-03-06 05:00:00,70613.61000000,70658.01000000,70143.19000000,70436.19000000,966.11543000,1772776799999,67995384.86027200,260065,443.92548000,31239489.90738710
1772776800000,2026-03-06 06:00:00,70436.18000000,70853.37000000,70261.23000000,70597.23000000,672.31367000,1772780399999,47417462.21286170,194973,341.42141000,24083644.17505060
1772780400000,2026-03-06 07:00:00,70597.23000000,71192.76000000,70468.97000000,71056.44000000,782.05786000,1772783999999,55439475.40872690,217516,378.46061000,26827473.22187270
1772784000000,2026-03-06 08:00:00,71056.44000000,71067.58000000,70735.85000000,70789.49000000,569.42569000,1772787599999,40385093.15655580,159042,221.76006000,15727801.08233120
1772787600000,2026-03-06 09:00:00,70789.49000000,70808.65000000,70300.00000000,70565.56000000,637.97560000,1772791199999,44991114.04663730,199817,369.79176000,26081729.20641150
1772791200000,2026-03-06 10:00:00,70565.56000000,70800.00000000,70467.88000000,70527.93000000,469.81877000,1772794799999,33173755.56154750,123402,179.74848000,12694818.41993600
1772794800000,2026-03-06 11:00:00,70527.93000000,70643.27000000,70184.01000000,70212.95000000,763.93539000,1772798399999,53803318.36718530,123500,288.42220000,20321490.40770870
1772798400000,2026-03-06 12:00:00,70212.94000000,70224.84000000,69660.00000000,69907.00000000,1907.43626000,1772801999999,133409630.09554970,225434,663.89046000,46429447.34789560
1772802000000,2026-03-06 13:00:00,69907.00000000,70341.76000000,69208.00000000,69208.00000000,2069.72961000,1772805599999,144575620.55662660,296399,949.31888000,66379322.12025580
1772805600000,2026-03-06 14:00:00,69213.18000000,69273.87000000,68176.47000000,68409.89000000,3148.50679000,1772809199999,216588025.47340630,538802,1365.66727000,93909733.50314070
1772809200000,2026-03-06 15:00:00,68409.89000000,69100.00000000,68306.00000000,68504.71000000,1428.68549000,1772812799999,98087187.05062690,354101,713.54830000,49001601.81506620
1772812800000,2026-03-06 16:00:00,68504.71000000,68795.44000000,68222.00000000,68446.52000000,955.00949000,1772816399999,65401024.34882830,315737,487.45751000,33386274.69376460
1772816400000,2026-03-06 17:00:00,68446.52000000,68642.69000000,67744.78000000,67955.10000000,1236.78923000,1772819999999,84255168.50983450,317746,454.06868000,30925465.62750230
1772820000000,2026-03-06 18:00:00,67955.10000000,68476.47000000,67955.10000000,68181.20000000,514.98068000,1772823599999,35167267.14014230,227918,269.37397000,18395591.37954940
1772823600000,2026-03-06 19:00:00,68181.20000000,68485.01000000,68004.15000000,68131.79000000,617.63492000,1772827199999,42154652.79014680,169687,339.03307000,23156675.95072160
1772827200000,2026-03-06 20:00:00,68131.79000000,68285.71000000,67777.00000000,68111.03000000,668.61830000,1772830799999,45480604.62556460,223609,367.54613000,25010704.79599980
1772830800000,2026-03-06 21:00:00,68111.03000000,68333.33000000,67919.72000000,68289.10000000,604.80896000,1772834399999,41187304.42724650,105815,321.53643000,21895238.11286600
1772834400000,2026-03-06 22:00:00,68289.11000000,68440.92000000,68221.38000000,68319.89000000,304.91261000,1772837999999,20834842.76128680,90839,185.47281000,12673657.96049840
1772838000000,2026-03-06 23:00:00,68319.90000000,68371.24000000,68105.71000000,68114.02000000,611.37569000,1772841599999,41744942.72602270,79995,289.96677000,19796843.42401920
1772841600000,2026-03-07 00:00:00,68114.02000000,68394.09000000,68105.73000000,68290.45000000,653.38105000,1772845199999,44564400.77333830,83943,323.34191000,22049964.47200360
1772845200000,2026-03-07 01:00:00,68290.46000000,68369.11000000,68180.95000000,68262.01000000,316.06145000,1772848799999,21570423.16537800,72253,167.11561000,11405340.28914340
1772848800000,2026-03-07 02:00:00,68262.01000000,68367.73000000,68060.60000000,68350.04000000,316.96409000,1772852399999,21617157.81497710,62505,133.70030000,9120517.69613670
1772852400000,2026-03-07 03:00:00,68350.05000000,68551.04000000,68095.50000000,68095.50000000,450.32011000,1772855999999,30749009.84596940,87323,225.59888000,15410124.99277930
1772856000000,2026-03-07 04:00:00,68095.50000000,68147.73000000,67817.00000000,68063.43000000,621.66509000,1772859599999,42274870.82421140,106901,247.45602000,16831293.82814530
1772859600000,2026-03-07 05:00:00,68063.42000000,68140.49000000,67908.00000000,68018.26000000,493.88772000,1772863199999,33592641.78533030,70294,206.08538000,14018974.76414350
1772863200000,2026-03-07 06:00:00,68018.27000000,68021.14000000,67612.21000000,67690.86000000,489.36583000,1772866799999,33200006.72606140,104999,191.29412000,12976688.97030530
1772866800000,2026-03-07 07:00:00,67690.86000000,67865.23000000,67446.41000000,67842.67000000,768.74899000,1772870399999,52009471.56087840,141564,336.31511000,22759248.27453300
1772870400000,2026-03-07 08:00:00,67842.67000000,68045.07000000,67720.98000000,67795.40000000,465.95331000,1772873999999,31635496.45108120,85222,257.91716000,17511880.12345480
1772874000000,2026-03-07 09:00:00,67795.40000000,68074.97000000,67738.31000000,68000.00000000,332.46219000,1772877599999,22592399.26367510,68591,178.17576000,12107251.05926200
1772877600000,2026-03-07 10:00:00,68000.00000000,68102.73000000,67870.43000000,67880.31000000,319.42039000,1772881199999,21716886.80091140,61561,152.93939000,10399101.00101870
1772881200000,2026-03-07 11:00:00,67880.31000000,68232.27000000,67841.67000000,68010.01000000,372.24149000,1772884799999,25340062.17868880,89555,203.48066000,13850976.66078630
1772884800000,2026-03-07 12:00:00,68010.00000000,68085.41000000,67900.01000000,67992.54000000,359.03867000,1772888399999,24423180.00251240,68180,208.38165000,14176901.71414900
1772888400000,2026-03-07 13:00:00,67992.54000000,68081.16000000,67855.82000000,67931.06000000,318.23636000,1772891999999,21634489.88111930,70911,187.66364000,12759820.61353720
1772892000000,2026-03-07 14:00:00,67931.06000000,68083.79000000,67609.44000000,68016.70000000,473.27443000,1772895599999,32120552.16686290,117313,252.64715000,17155929.61560720
1772895600000,2026-03-07 15:00:00,68016.70000000,68034.67000000,67769.89000000,67877.45000000,577.84468000,1772899199999,39260828.84476170,100557,190.26049000,12925907.46860750
1772899200000,2026-03-07 16:00:00,67877.45000000,67889.68000000,67702.20000000,67783.63000000,349.26910000,1772902799999,23679411.67324130,61584,119.71880000,8116366.83036040
1772902800000,2026-03-07 17:00:00,67783.63000000,67935.01000000,67768.97000000,67788.41000000,217.68104000,1772906399999,14772940.27436980,41860,146.94390000,9972905.39339400
1772906400000,2026-03-07 18:00:00,67788.40000000,67788.41000000,67480.00000000,67568.13000000,1180.24782000,1772909999999,79790302.21484880,112179,388.46306000,26265129.25501760
1772910000000,2026-03-07 19:00:00,67568.13000000,67572.35000000,66915.26000000,67080.34000000,1312.23020000,1772913599999,88227030.32450480,161182,521.42837000,35044741.62208490
1772913600000,2026-03-07 20:00:00,67080.33000000,67437.50000000,67068.01000000,67402.98000000,590.47118000,1772917199999,39750285.65041760,85902,336.39316000,22644472.32245530
1772917200000,2026-03-07 21:00:00,67402.98000000,67483.05000000,67281.34000000,67452.98000000,638.99995000,1772920799999,43065200.96171470,71562,290.96984000,19608550.05711360
1772920800000,2026-03-07 22:00:00,67452.97000000,67469.87000000,67101.31000000,67258.65000000,706.81324000,1772924399999,47551769.73135090,81216,423.19785000,28467907.78806140
1772924400000,2026-03-07 23:00:00,67258.65000000,67403.85000000,67183.39000000,67262.91000000,394.96477000,1772927999999,26591042.93684380,60319,221.28028000,14897523.54459130
1772928000000,2026-03-08 00:00:00,67262.91000000,67481.96000000,67181.04000000,67194.77000000,552.27054000,1772931599999,37183673.03354010,73818,290.25662000,19540895.55297880
1772931600000,2026-03-08 01:00:00,67194.77000000,67353.57000000,67090.00000000,67297.27000000,565.85563000,1772935199999,38036873.48738740,74570,378.94450000,25470883.98328280
1772935200000,2026-03-08 02:00:00,67297.27000000,67426.52000000,66833.58000000,66925.44000000,765.90711000,1772938799999,51437285.66044020,132299,317.07678000,21295636.00958670
1772938800000,2026-03-08 03:00:00,66925.45000000,67083.10000000,66850.00000000,67000.26000000,999.40624000,1772942399999,66946575.73302430,111969,503.04748000,33691412.85703510
1772942400000,2026-03-08 04:00:00,67000.26000000,67100.01000000,66547.15000000,66637.36000000,1206.88314000,1772945999999,80747936.61621410,129009,585.89511000,39219130.07145270
1772946000000,2026-03-08 05:00:00,66637.35000000,67250.24000000,66617.76000000,67149.93000000,402.00353000,1772949599999,26963472.05700870,105942,273.45538000,18339091.03663820
1772949600000,2026-03-08 06:00:00,67149.93000000,67231.86000000,67035.18000000,67161.52000000,246.63235000,1772953199999,16557000.72723320,67445,114.34633000,7676597.31318600
1772953200000,2026-03-08 07:00:00,67161.52000000,67465.11000000,67154.91000000,67319.91000000,1010.57902000,1772956799999,68045866.17661920,103709,528.57388000,35590974.50266740
1772956800000,2026-03-08 08:00:00,67319.90000000,67577.36000000,67156.93000000,67539.33000000,1008.62460000,1772960399999,67911806.48169080,97378,674.14541000,45395458.93162590
1772960400000,2026-03-08 09:00:00,67539.34000000,67905.03000000,67474.00000000,67681.00000000,1111.87857000,1772963999999,75303923.54177530,143975,596.68791000,40410634.69225350
1772964000000,2026-03-08 10:00:00,67681.00000000,68200.00000000,67680.99000000,67904.14000000,646.22527000,1772967599999,43919617.62007860,116368,399.44896000,27147612.81071230
1772967600000,2026-03-08 11:00:00,67904.15000000,67904.15000000,67411.76000000,67515.00000000,536.67584000,1772971199999,36267951.33536500,126127,238.98642000,16150872.65234780
1772971200000,2026-03-08 12:00:00,67515.00000000,67650.94000000,66888.00000000,67324.72000000,902.41572000,1772974799999,60640938.37150440,154717,302.90858000,20368385.80333380
1772974800000,2026-03-08 13:00:00,67324.71000000,67431.81000000,66761.68000000,67234.86000000,1987.58970000,1772978399999,133233852.20480610,170402,1129.65490000,75732552.25264710
1772978400000,2026-03-08 14:00:00,67234.86000000,67426.69000000,67055.73000000,67339.76000000,695.31699000,1772981999999,46777039.43818190,109550,340.03360000,22876911.27893440
1772982000000,2026-03-08 15:00:00,67339.75000000,67369.36000000,67080.00000000,67218.23000000,879.16155000,1772985599999,59102900.80799140,99341,408.33233000,27455399.52487880
1772985600000,2026-03-08 16:00:00,67218.23000000,67268.44000000,66802.47000000,66872.15000000,538.75590000,1772989199999,36098321.77674630,98700,283.88361000,19016988.38380620
1772989200000,2026-03-08 17:00:00,66872.15000000,67179.98000000,66800.01000000,67065.00000000,812.42846000,1772992799999,54494433.49215520,88443,439.64027000,29483989.47792480
1772992800000,2026-03-08 18:00:00,67065.00000000,67076.00000000,66745.54000000,66804.00000000,487.97779000,1772996399999,32622695.49228620,84701,189.74174000,12685232.01730150
1772996400000,2026-03-08 19:00:00,66803.99000000,67485.24000000,66779.82000000,67337.42000000,711.10669000,1772999999999,47772503.87262690,107904,415.16433000,27870802.66707320
1773000000000,2026-03-08 20:00:00,67337.41000000,67609.08000000,67028.45000000,67238.80000000,1144.93227000,1773003599999,77029749.72219120,112963,842.20665000,56667800.13903310
1773003600000,2026-03-08 21:00:00,67238.79000000,67266.00000000,66712.69000000,67020.01000000,959.03531000,1773007199999,64213546.09509580,99665,451.12798000,30208462.63198720
1773007200000,2026-03-08 22:00:00,67020.01000000,67020.01000000,65618.49000000,66236.80000000,2742.02435000,1773010799999,181173952.03189780,430752,1275.51945000,84246546.87219860
1773010800000,2026-03-08 23:00:00,66236.80000000,66569.24000000,65930.30000000,65971.20000000,679.95244000,1773014399999,45040244.53959450,188645,289.57104000,19190087.70678600
1773014400000,2026-03-09 00:00:00,65971.20000000,66773.00000000,65821.97000000,66370.01000000,951.35538000,1773017999999,63113288.03320730,313706,495.71664000,32893564.75207840
1773018000000,2026-03-09 01:00:00,66370.01000000,66698.05000000,66131.25000000,66196.01000000,2263.78882000,1773021599999,150347237.31892970,268340,951.00383000,63147599.55578040
1773021600000,2026-03-09 02:00:00,66196.01000000,66707.58000000,65959.00000000,66537.32000000,752.57114000,1773025199999,49871301.55342190,211513,369.22638000,24484125.41702390
1773025200000,2026-03-09 03:00:00,66537.32000000,67668.64000000,66512.88000000,67205.05000000,1256.29482000,1773028799999,84452754.73785150,293518,718.99050000,48331824.76559790
1773028800000,2026-03-09 04:00:00,67205.06000000,67610.00000000,67093.09000000,67130.14000000,848.47762000,1773032399999,57142240.08143760,140539,372.64808000,25116314.13045810
1773032400000,2026-03-09 05:00:00,67131.10000000,68069.29000000,67113.02000000,67911.16000000,1145.71148000,1773035999999,77547072.42447850,216712,684.84514000,46341158.90330910
1773036000000,2026-03-09 06:00:00,67911.15000000,67939.55000000,67236.78000000,67267.18000000,578.70307000,1773039599999,39117363.57211080,141343,260.65907000,17629292.13007000
1773039600000,2026-03-09 07:00:00,67267.18000000,67575.81000000,66853.48000000,67555.13000000,1253.45589000,1773043199999,84322671.67346250,194383,745.11015000,50169580.86848830
1773043200000,2026-03-09 08:00:00,67555.13000000,67929.19000000,67391.89000000,67814.69000000,1615.43129000,1773046799999,109348618.02263850,192736,684.89039000,46356780.09168310
1773046800000,2026-03-09 09:00:00,67814.69000000,68460.09000000,67566.65000000,67981.02000000,1225.43841000,1773050399999,83362455.88720400,207463,679.48258000,46205844.60713500
1773050400000,2026-03-09 10:00:00,67981.03000000,68088.92000000,67556.72000000,67608.13000000,687.12244000,1773053999999,46607784.48415960,181061,326.35228000,22140093.33621610
1773054000000,2026-03-09 11:00:00,67608.13000000,67855.82000000,67344.45000000,67764.98000000,577.58612000,1773057599999,39060624.25724370,137039,319.92424000,21642538.74676840
1773057600000,2026-03-09 12:00:00,67764.99000000,68348.26000000,67759.57000000,68151.93000000,970.32854000,1773061199999,66060871.69068560,164855,491.51510000,33460304.68093050
1773061200000,2026-03-09 13:00:00,68151.93000000,69300.00000000,68133.93000000,68976.00000000,2460.13662000,1773064799999,169261402.75555300,435691,1311.29961000,90214668.28437550
1773064800000,2026-03-09 14:00:00,68975.80000000,69480.00000000,68696.28000000,69151.50000000,2377.05802000,1773068399999,164354516.56800090,402611,1066.94676000,73791086.21559260
1773068400000,2026-03-09 15:00:00,69151.50000000,69254.87000000,68717.86000000,68863.66000000,1995.45638000,1773071999999,137662816.89082220,241028,979.65733000,67593235.72439410
1773072000000,2026-03-09 16:00:00,68863.67000000,69225.00000000,68614.47000000,68960.12000000,1086.01117000,1773075599999,74837204.88866450,233178,484.17741000,33366617.57837330
1773075600000,2026-03-09 17:00:00,68960.12000000,69088.49000000,68270.34000000,68600.71000000,889.54053000,1773079199999,61099724.36196440,210972,365.35196000,25095236.48558230
1773079200000,2026-03-09 18:00:00,68600.71000000,68705.76000000,68179.12000000,68356.37000000,1350.25926000,1773082799999,92411757.91447110,153028,495.86778000,33944612.41940470
1773082800000,2026-03-09 19:00:00,68356.37000000,69516.65000000,68356.37000000,68991.93000000,1713.56623000,1773086399999,118199868.36146580,338338,840.18502000,57972468.78063930
1773086400000,2026-03-09 20:00:00,68991.93000000,69145.28000000,68762.20000000,68961.71000000,507.40424000,1773089999999,34986726.53615240,117912,219.42368000,15130382.38075220
1773090000000,2026-03-09 21:00:00,68961.15000000,69102.53000000,68660.94000000,68919.72000000,782.51759000,1773093599999,53956807.35329870,96128,369.66679000,25491264.34240370
1773093600000,2026-03-09 22:00:00,68919.71000000,69030.56000000,68597.00000000,68635.88000000,943.05059000,1773097199999,64865041.23574400,109448,520.01159000,35775875.22264920
1773097200000,2026-03-09 23:00:00,68635.88000000,68694.73000000,68384.69000000,68432.16000000,665.45565000,1773100799999,45631900.84671200,92125,348.50147000,23901303.49620030
1773100800000,2026-03-10 00:00:00,68432.16000000,69290.42000000,68391.41000000,69157.37000000,1134.03591000,1773104399999,78074046.40871290,166033,715.05337000,49232054.19437230
1773104400000,2026-03-10 01:00:00,69157.36000000,69389.06000000,68786.04000000,69260.01000000,1073.30020000,1773107999999,74165831.99477070,146468,529.39036000,36559807.32045440
1773108000000,2026-03-10 02:00:00,69260.00000000,70578.29000000,69103.12000000,70272.01000000,2010.96480000,1773111599999,140668085.58834070,302463,1099.19996000,76926300.07448730
1773111600000,2026-03-10 03:00:00,70272.00000000,70370.86000000,69390.00000000,69429.85000000,1096.27179000,1773115199999,76705746.46523670,202161,383.81587000,26850712.80505780
1773115200000,2026-03-10 04:00:00,69429.85000000,70132.27000000,69429.85000000,70072.94000000,1112.05227000,1773118799999,77615817.02595990,147965,512.44854000,35752753.55319020
1773118800000,2026-03-10 05:00:00,70072.95000000,70355.06000000,69885.71000000,69971.34000000,874.03346000,1773122399999,61315699.96757040,142006,566.39490000,39747967.44673900
1773122400000,2026-03-10 06:00:00,69971.34000000,70185.24000000,69750.62000000,69910.91000000,1140.99151000,1773125999999,79821412.80387650,124604,507.24684000,35487767.77460980
1773126000000,2026-03-10 07:00:00,69910.91000000,70546.74000000,69805.70000000,70406.01000000,1780.20471000,1773129599999,125086478.95790680,182489,933.29394000,65608629.49935540
1773129600000,2026-03-10 08:00:00,70406.01000000,71097.64000000,70369.00000000,70709.37000000,1852.19984000,1773133199999,131134120.15484920,239805,1084.16441000,76765141.11856670
1773133200000,2026-03-10 09:00:00,70709.37000000,71300.00000000,70653.24000000,71078.92000000,1664.83143000,1773136799999,118112151.50656130,170047,962.01684000,68212770.73394370
1773136800000,2026-03-10 10:00:00,71078.92000000,71086.86000000,70660.89000000,70774.04000000,1808.06147000,1773140399999,128012273.67925580,136390,802.70499000,56825002.40214330
1773140400000,2026-03-10 11:00:00,70774.04000000,70865.73000000,70540.40000000,70580.94000000,945.42456000,1773143999999,66804940.40737480,122029,523.72708000,37009882.28720100
1773144000000,2026-03-10 12:00:00,70580.95000000,70628.19000000,70290.88000000,70519.86000000,702.95479000,1773147599999,49533551.86793850,144392,294.37665000,20746345.63648180
1773147600000,2026-03-10 13:00:00,70519.86000000,70926.46000000,69723.25000000,69921.12000000,1644.54716000,1773151199999,115579646.87758160,362755,792.78943000,55735974.55054660
1773151200000,2026-03-10 14:00:00,69921.12000000,71527.54000000,69266.06000000,71467.81000000,2553.72955000,1773154799999,179512426.02650310,518508,1291.31370000,90897330.09367080
1773154800000,2026-03-10 15:00:00,71467.81000000,71777.00000000,70900.05000000,71346.16000000,2098.87598000,1773158399999,149613059.43823520,428552,1141.80049000,81417667.83172480
1773158400000,2026-03-10 16:00:00,71346.17000000,71700.00000000,70943.31000000,71268.59000000,1291.34054000,1773161999999,92113980.26488670,282437,686.48342000,48988579.87551190
1773162000000,2026-03-10 17:00:00,71268.58000000,71452.00000000,70512.64000000,70868.61000000,1383.62950000,1773165599999,98194404.20135980,263559,531.81834000,37765604.78568100
1773165600000,2026-03-10 18:00:00,70868.62000000,70914.90000000,69901.00000000,70013.87000000,1837.40169000,1773169199999,129063485.30004350,409572,937.34758000,65809035.44680170
1773169200000,2026-03-10 19:00:00,70013.87000000,70290.00000000,69739.00000000,70043.63000000,992.60769000,1773172799999,69495643.96669330,229600,512.20429000,35865704.50498190
1773172800000,2026-03-10 20:00:00,70043.63000000,70350.00000000,70007.52000000,70235.60000000,671.88971000,1773176399999,47179926.03782580,104421,331.80815000,23300993.19257120
1773176400000,2026-03-10 21:00:00,70236.34000000,70417.30000000,69541.91000000,69763.01000000,830.86870000,1773179999999,58065221.13955250,120034,366.13855000,25589090.59511250
1773180000000,2026-03-10 22:00:00,69763.02000000,69869.90000000,69452.42000000,69721.58000000,937.20086000,1773183599999,65279899.74211980,110217,464.68161000,32370447.39678600
1773183600000,2026-03-10 23:00:00,69721.58000000,69981.80000000,69698.46000000,69948.63000000,1165.15914000,1773187199999,81377771.61736500,119557,483.60908000,33773403.98045430
1773187200000,2026-03-11 00:00:00,69948.64000000,70173.25000000,69759.63000000,70044.87000000,728.92961000,1773190799999,51015675.93373620,154124,338.21923000,23674730.72896850
1773190800000,2026-03-11 01:00:00,70044.87000000,70144.00000000,69880.00000000,70071.26000000,947.24879000,1773194399999,66359225.64049280,132156,555.98820000,38948457.18829480
1773194400000,2026-03-11 02:00:00,70071.26000000,70119.59000000,69614.00000000,69810.72000000,1612.87548000,1773197999999,112718433.73565840,133771,971.95761000,67947296.66011350
1773198000000,2026-03-11 03:00:00,69810.73000000,69887.11000000,69488.70000000,69551.91000000,1113.41409000,1773201599999,77509258.75617810,121595,556.74333000,38736107.46242140
1773201600000,2026-03-11 04:00:00,69551.91000000,70281.87000000,69501.55000000,70130.99000000,759.41600000,1773205199999,53066815.35563640,131224,454.60323000,31788196.49849530
1773205200000,2026-03-11 05:00:00,70130.99000000,70200.96000000,69420.00000000,69510.36000000,757.81378000,1773208799999,52878113.28507600,114902,392.62501000,27394713.80829390
1773208800000,2026-03-11 06:00:00,69510.37000000,69996.00000000,69500.01000000,69950.01000000,391.73761000,1773212399999,27328456.62388240,93779,261.28750000,18225285.66007170
1773212400000,2026-03-11 07:00:00,69950.01000000,70018.49000000,69500.67000000,69648.29000000,1171.57725000,1773215999999,81632029.43753130,106664,664.86162000,46320922.37220300
1773216000000,2026-03-11 08:00:00,69648.28000000,69786.32000000,69500.00000000,69662.24000000,672.55865000,1773219599999,46836525.65953010,126367,340.43306000,23704955.30547400
1773219600000,2026-03-11 09:00:00,69662.24000000,69752.06000000,69384.50000000,69466.75000000,939.05652000,1773223199999,65311207.49859450,121558,480.57305000,33430684.02754740
1773223200000,2026-03-11 10:00:00,69466.75000000,69726.45000000,69390.91000000,69604.90000000,1028.34397000,1773226799999,71507949.20728520,111343,568.42826000,39530029.92448790
1773226800000,2026-03-11 11:00:00,69604.90000000,69755.10000000,69150.28000000,69173.00000000,898.77254000,1773230399999,62484014.97250710,163264,537.36904000,37374700.42557750
1773230400000,2026-03-11 12:00:00,69172.99000000,69777.66000000,68977.91000000,69361.13000000,1045.64069000,1773233999999,72482029.00244680,228899,510.41277000,35394305.47753310
1773234000000,2026-03-11 13:00:00,69361.13000000,71091.18000000,69331.04000000,70186.09000000,2647.32148000,1773237599999,185985830.51996390,529759,1327.90532000,93335113.40471340
1773237600000,2026-03-11 14:00:00,70186.08000000,70987.00000000,69906.77000000,70578.70000000,2251.77658000,1773241199999,158748245.67845290,515782,1118.16259000,78864176.80804410
1773241200000,2026-03-11 15:00:00,70578.70000000,70654.43000000,69702.25000000,70227.91000000,1844.69630000,1773244799999,129415293.32425390,427890,846.35834000,59386902.99260740
1773244800000,2026-03-11 16:00:00,70227.92000000,70826.39000000,70161.78000000,70570.71000000,1837.92404000,1773248399999,129634949.18170590,312976,946.41941000,66762795.68965930
1773248400000,2026-03-11 17:00:00,70570.71000000,71321.00000000,70512.01000000,70785.99000000,2122.20651000,1773251999999,150535351.47705230,401049,1188.53693000,84314437.81804860
1773252000000,2026-03-11 18:00:00,70785.99000000,70895.31000000,70415.27000000,70617.64000000,1134.13411000,1773255599999,80176341.88144010,225379,441.85105000,31232309.08324050
1773255600000,2026-03-11 19:00:00,70617.63000000,70742.38000000,70375.68000000,70641.82000000,644.23151000,1773259199999,45451849.50178880,134850,278.53724000,19650192.79140610
1773259200000,2026-03-11 20:00:00,70641.81000000,70700.00000000,70394.23000000,70634.96000000,383.34496000,1773262799999,27035743.99101860,84807,167.08903000,11784374.43503220
1773262800000,2026-03-11 21:00:00,70634.96000000,70777.17000000,70499.94000000,70741.26000000,576.42683000,1773266399999,40712429.17937300,91756,263.59854000,18621267.81456280
1773266400000,2026-03-11 22:00:00,70741.27000000,70950.00000000,70241.53000000,70373.01000000,1098.26512000,1773269999999,77379570.12149230,166748,519.34214000,36588531.36440500
1773270000000,2026-03-11 23:00:00,70373.01000000,70505.00000000,70125.83000000,70191.86000000,641.56300000,1773273599999,45095256.26907080,129213,284.01365000,19961317.85852110
1773273600000,2026-03-12 00:00:00,70191.86000000,70353.87000000,70130.23000000,70225.34000000,658.09363000,1773277199999,46228139.62273860,138129,317.18589000,22283358.29362500
1773277200000,2026-03-12 01:00:00,70225.34000000,70226.94000000,69754.94000000,69841.31000000,760.55263000,1773280799999,53169446.29904520,157245,285.61072000,19969826.32941530
1773280800000,2026-03-12 02:00:00,69841.30000000,69887.93000000,69226.52000000,69286.56000000,742.38929000,1773284399999,51629110.62598030,171137,338.95989000,23578155.65017560
1773284400000,2026-03-12 03:00:00,69286.55000000,69628.25000000,69246.23000000,69446.61000000,415.13842000,1773287999999,28825295.27652990,112007,221.44542000,15378158.87658700
1773288000000,2026-03-12 04:00:00,69446.61000000,69676.88000000,69296.43000000,69372.00000000,436.68208000,1773291599999,30325784.62672260,99781,218.71881000,15192627.18951450
1773291600000,2026-03-12 05:00:00,69372.00000000,69539.61000000,69205.91000000,69480.54000000,734.74043000,1773295199999,50971654.49715350,127719,379.37387000,26331054.59360550
1773295200000,2026-03-12 06:00:00,69480.54000000,69561.84000000,69315.63000000,69501.44000000,719.76894000,1773298799999,49991908.71006650,90401,319.31786000,22185858.07339530
1773298800000,2026-03-12 07:00:00,69501.45000000,69865.98000000,69408.88000000,69826.19000000,830.78197000,1773302399999,57885148.79553210,111343,487.13582000,33949601.60556350
1773302400000,2026-03-12 08:00:00,69826.19000000,70116.37000000,69698.33000000,69917.37000000,1246.32882000,1773305999999,87076632.56550650,139433,751.49187000,52507418.14390230
1773306000000,2026-03-12 09:00:00,69917.36000000,70400.00000000,69580.00000000,69952.51000000,1284.31562000,1773309599999,89699461.65458610,157443,613.92549000,42898731.62388140
1773309600000,2026-03-12 10:00:00,69952.51000000,70511.00000000,69856.00000000,70412.11000000,911.03902000,1773313199999,64018984.04744140,165657,589.88786000,41457023.53722830
1773313200000,2026-03-12 11:00:00,70412.10000000,70800.00000000,70367.97000000,70427.91000000,1207.70061000,1773316799999,85173933.90767230,174254,629.93222000,44427743.36783110
1773316800000,2026-03-12 12:00:00,70427.90000000,70617.66000000,70277.38000000,70381.80000000,847.51801000,1773320399999,59657137.37208900,149340,392.52776000,27637689.07422260
1773320400000,2026-03-12 13:00:00,70381.80000000,70534.65000000,69645.00000000,69972.15000000,1340.77540000,1773323999999,93920760.43211070,348528,496.04264000,34786511.74989680
1773324000000,2026-03-12 14:00:00,69972.20000000,70660.69000000,69355.34000000,69590.09000000,2130.67842000,1773327599999,149115866.89145350,459799,970.33378000,67949172.28573850
1773327600000,2026-03-12 15:00:00,69590.09000000,70565.43000000,69476.14000000,70334.88000000,1778.50463000,1773331199999,124760716.86754550,350862,1005.50379000,70544561.57584000
1773331200000,2026-03-12 16:00:00,70334.89000000,70569.15000000,69905.71000000,70381.16000000,1271.41787000,1773334799999,89345926.67023910,321811,604.77243000,42525565.78628610
1773334800000,2026-03-12 17:00:00,70381.15000000,70547.19000000,70076.16000000,70212.06000000,843.93551000,1773338399999,59370577.74379520,222907,342.18146000,24081918.65523840
1773338400000,2026-03-12 18:00:00,70212.05000000,70303.51000000,69800.00000000,69819.64000000,742.85798000,1773341999999,52009176.04200780,219259,250.31095000,17519557.39096100
1773342000000,2026-03-12 19:00:00,69819.64000000,70548.81000000,69770.85000000,70432.32000000,757.84664000,1773345599999,53200867.85933370,198607,359.49665000,25228828.54549450
1773345600000,2026-03-12 20:00:00,70432.33000000,70555.20000000,70111.28000000,70164.49000000,618.18553000,1773349199999,43474995.78956710,104959,139.05377000,9778113.64530600
1773349200000,2026-03-12 21:00:00,70164.50000000,70470.00000000,70164.50000000,70268.55000000,355.90233000,1773352799999,25020855.43476610,80720,145.92910000,10258067.44163870
1773352800000,2026-03-12 22:00:00,70268.54000000,70305.26000000,70013.17000000,70175.64000000,467.42484000,1773356399999,32790823.73643330,93322,194.83961000,13666140.32122580
1773356400000,2026-03-12 23:00:00,70175.64000000,70734.25000000,70159.35000000,70541.34000000,894.58188000,1773359999999,63082019.04179020,149396,491.05630000,34622428.14234450
1773360000000,2026-03-13 00:00:00,70541.34000000,72000.00000000,70386.01000000,71475.61000000,2857.31114000,1773363599999,204003741.74174070,447875,1521.98144000,108683303.52453280
1773363600000,2026-03-13 01:00:00,71475.60000000,71759.95000000,71283.99000000,71672.39000000,975.74666000,1773367199999,69838722.77831890,207345,508.42321000,36394484.46276940
1773367200000,2026-03-13 02:00:00,71672.38000000,71696.68000000,71045.52000000,71143.80000000,994.81538000,1773370799999,71057418.87823280,147297,444.89169000,31779385.28813940
1773370800000,2026-03-13 03:00:00,71143.80000000,71508.87000000,70964.43000000,71405.75000000,927.82134000,1773374399999,66056954.05598260,125941,517.00627000,36814693.58176130
1773374400000,2026-03-13 04:00:00,71405.76000000,71493.77000000,71214.01000000,71393.94000000,780.92498000,1773377999999,55704470.22930710,105161,429.05759000,30613404.57475120
1773378000000,2026-03-13 05:00:00,71393.93000000,71637.54000000,71242.02000000,71546.29000000,1178.90406000,1773381599999,84248439.89244050,123561,534.01478000,38173855.76714450
1773381600000,2026-03-13 06:00:00,71546.28000000,71593.22000000,71180.19000000,71342.00000000,1081.97604000,1773385199999,77171125.77920210,150177,490.67581000,34990106.44542840
1773385200000,2026-03-13 07:00:00,71342.00000000,71672.76000000,71236.08000000,71612.22000000,1139.83190000,1773388799999,81522832.37832980,159629,503.11940000,35983763.84962160
1773388800000,2026-03-13 08:00:00,71612.23000000,72142.85000000,71385.28000000,71821.02000000,1820.16796000,1773392399999,130690293.66334200,217230,1045.73072000,75130074.96734870
1773392400000,2026-03-13 09:00:00,71821.01000000,72100.37000000,71589.81000000,72006.57000000,925.21442000,1773395999999,66508448.51710970,162525,455.84141000,32768847.28449070
1773396000000,2026-03-13 10:00:00,72006.56000000,72575.98000000,71995.53000000,72458.12000000,1635.35127000,1773399599999,118324633.35545240,241574,977.58174000,70716837.51226580
1773399600000,2026-03-13 11:00:00,72458.11000000,72526.12000000,72207.41000000,72228.82000000,724.41705000,1773403199999,52397201.72069110,149943,357.62998000,25866649.67961220
1773403200000,2026-03-13 12:00:00,72228.81000000,72884.68000000,72210.00000000,72784.73000000,1142.93241000,1773406799999,82959993.18545410,212778,644.58335000,46790473.94873790
1773406800000,2026-03-13 13:00:00,72784.73000000,73585.27000000,72684.88000000,73379.18000000,3297.40201000,1773410399999,241097528.69496490,477827,1931.71775000,141247573.22179810
1773410400000,2026-03-13 14:00:00,73379.18000000,73913.74000000,72350.00000000,72382.72000000,4558.05031000,1773413999999,334106334.18479830,564986,2529.86386000,185705485.18548950
1773414000000,2026-03-13 15:00:00,72382.72000000,72829.12000000,71736.34000000,71831.46000000,3305.45471000,1773417599999,239050157.54788450,438775,1325.21277000,95830716.80579700
1773417600000,2026-03-13 16:00:00,71831.46000000,72100.00000000,71154.54000000,71885.57000000,2334.34610000,1773421199999,167297707.44352120,367885,1217.29936000,87233466.48452460
1773421200000,2026-03-13 17:00:00,71885.56000000,72249.99000000,70914.09000000,71037.93000000,1889.70074000,1773424799999,135327579.92662340,314897,833.86730000,59725555.69290170
1773424800000,2026-03-13 18:00:00,71037.93000000,71350.94000000,70841.23000000,71055.45000000,738.18799000,1773428399999,52460602.49823650,185458,435.35541000,30942598.78666130
1773428400000,2026-03-13 19:00:00,71055.45000000,71309.94000000,71006.19000000,71189.95000000,507.07823000,1773431999999,36078150.85967570,135846,300.31229000,21370349.62077390
1773432000000,2026-03-13 20:00:00,71189.96000000,71469.53000000,71150.00000000,71346.84000000,554.47290000,1773435599999,39557395.32682540,82040,263.20719000,18773234.60616280
1773435600000,2026-03-13 21:00:00,71346.84000000,71491.03000000,71058.25000000,71104.65000000,650.14338000,1773439199999,46300852.69432130,91739,322.85238000,22990818.62218540
1773439200000,2026-03-13 22:00:00,71104.65000000,71189.26000000,70559.02000000,70814.00000000,863.33877000,1773442799999,61109068.29342100,122482,301.43608000,21334052.21383500
1773442800000,2026-03-13 23:00:00,70814.00000000,71005.30000000,70688.45000000,70930.00000000,1113.02703000,1773446399999,78898872.65027110,79519,418.68082000,29670920.83189810
1773446400000,2026-03-14 00:00:00,70930.01000000,70951.80000000,70555.00000000,70631.97000000,763.50434000,1773449999999,54020310.82334320,90705,290.87532000,20585052.40142450
1773450000000,2026-03-14 01:00:00,70631.96000000,70941.05000000,70481.70000000,70831.70000000,791.55133000,1773453599999,55995239.15225590,77309,366.21167000,25920711.61299120
1773453600000,2026-03-14 02:00:00,70831.70000000,70948.66000000,70735.21000000,70783.27000000,1013.67533000,1773457199999,71788879.97945180,62054,535.58233000,37930557.74746190
1773457200000,2026-03-14 03:00:00,70783.27000000,71185.23000000,70783.26000000,71081.30000000,944.72261000,1773460799999,67127111.54115520,99055,480.25798000,34123485.89224430
1773460800000,2026-03-14 04:00:00,71081.31000000,71307.92000000,71021.11000000,71039.58000000,707.08065000,1773464399999,50331966.54208680,82297,399.29759000,28424451.88969860
1773464400000,2026-03-14 05:00:00,71039.57000000,71151.30000000,70916.96000000,71013.75000000,759.34070000,1773467999999,53948310.13526830,65417,318.78579000,22650965.84346360
1773468000000,2026-03-14 06:00:00,71013.75000000,71013.75000000,70317.00000000,70622.08000000,712.17672000,1773471599999,50317200.41548390,112553,289.84776000,20472019.26843830
1773471600000,2026-03-14 07:00:00,70622.09000000,70743.88000000,70489.03000000,70596.68000000,750.98425000,1773475199999,53005696.25080300,74850,313.85490000,22161603.04374810
1773475200000,2026-03-14 08:00:00,70596.68000000,70710.76000000,70536.58000000,70585.63000000,461.44808000,1773478799999,32592416.62234080,63044,148.85982000,10514806.57282640
1773478800000,2026-03-14 09:00:00,70585.64000000,70728.07000000,70400.00000000,70501.16000000,893.97396000,1773482399999,63112977.01289750,69325,445.23634000,31445345.42686250
1773482400000,2026-03-14 10:00:00,70501.16000000,70575.10000000,70389.08000000,70570.44000000,624.35522000,1773485999999,44014707.47476140,61630,334.83057000,23602070.76404440
1773486000000,2026-03-14 11:00:00,70570.44000000,70784.38000000,70562.66000000,70751.42000000,515.18098000,1773489599999,36404107.90669380,56831,244.00886000,17247956.95111660
1773489600000,2026-03-14 12:00:00,70751.42000000,70835.48000000,70616.44000000,70780.59000000,472.56223000,1773493199999,33418071.00820200,64278,255.18751000,18050740.30769980
1773493200000,2026-03-14 13:00:00,70780.59000000,70930.56000000,70711.54000000,70847.35000000,886.49950000,1773496799999,62792222.31550920,66703,452.86254000,32075437.38394520
1773496800000,2026-03-14 14:00:00,70847.34000000,70941.17000000,70578.76000000,70599.22000000,329.16955000,1773500399999,23284306.10924300,69697,110.32070000,7805325.01247810
1773500400000,2026-03-14 15:00:00,70599.23000000,70728.59000000,70501.00000000,70580.09000000,849.34654000,1773503999999,59985509.84403820,115615,470.29212000,33223621.03717170
1773504000000,2026-03-14 16:00:00,70580.09000000,70709.40000000,70500.00000000,70672.53000000,379.28346000,1773507599999,26785874.57554720,94780,178.12621000,12579678.06223550
1773507600000,2026-03-14 17:00:00,70672.52000000,70733.02000000,70590.00000000,70617.01000000,134.37087000,1773511199999,9494948.46800630,43189,55.54331000,3925343.74507480
1773511200000,2026-03-14 18:00:00,70617.01000000,70708.88000000,70559.35000000,70668.23000000,95.80359000,1773514799999,6766471.95402720,35429,52.19609000,3686893.27558640
1773514800000,2026-03-14 19:00:00,70668.23000000,70740.34000000,70595.14000000,70700.00000000,77.47303000,1773518399999,5475355.02364860,38122,39.04964000,2759696.32822200
1773518400000,2026-03-14 20:00:00,70699.99000000,70856.40000000,70650.09000000,70805.71000000,114.01852000,1773521999999,8069431.89204000,40654,57.61869000,4077918.77930590
1773522000000,2026-03-14 21:00:00,70805.71000000,70825.04000000,70661.06000000,70799.99000000,113.91325000,1773525599999,8057008.94427080,39978,47.36598000,3350089.33052070
1773525600000,2026-03-14 22:00:00,70799.99000000,70805.15000000,70695.29000000,70710.91000000,89.24315000,1773529199999,6313684.44678170,36613,40.33277000,2853444.42213080
1773529200000,2026-03-14 23:00:00,70710.90000000,71253.17000000,70710.90000000,71211.95000000,537.56951000,1773532799999,38206822.50842110,101611,315.55655000,22428190.25987120
1773532800000,2026-03-15 00:00:00,71211.95000000,71220.74000000,70967.59000000,70985.28000000,576.24004000,1773536399999,40958581.19984720,74849,241.74548000,17182000.88947920
1773536400000,2026-03-15 01:00:00,70985.29000000,71037.41000000,70858.82000000,70985.83000000,340.54476000,1773539999999,24169176.63738920,59567,105.05709000,7456337.51625580
1773540000000,2026-03-15 02:00:00,70985.84000000,71634.08000000,70985.84000000,71450.53000000,895.09143000,1773543599999,63889832.75223010,140545,583.85610000,41664877.97564520
1773543600000,2026-03-15 03:00:00,71450.54000000,71538.03000000,71240.68000000,71363.14000000,779.68802000,1773547199999,55654415.23990280,83200,394.52395000,28161890.78050780
1773547200000,2026-03-15 04:00:00,71363.13000000,71661.55000000,71330.66000000,71606.32000000,779.77883000,1773550799999,55796321.58884180,93302,461.97142000,33061911.15744820
1773550800000,2026-03-15 05:00:00,71606.31000000,71800.68000000,71476.00000000,71489.68000000,792.96245000,1773554399999,56807962.41092460,85195,495.91287000,35528196.97522290
1773554400000,2026-03-15 06:00:00,71489.67000000,71595.43000000,71373.75000000,71458.41000000,528.89919000,1773557999999,37808904.51544680,57302,272.96707000,19516913.18770990
1773558000000,2026-03-15 07:00:00,71458.41000000,71658.44000000,71411.88000000,71453.59000000,276.05348000,1773561599999,19746738.97907060,58664,126.85831000,9074971.11045900
1773561600000,2026-03-15 08:00:00,71453.59000000,71736.72000000,71453.59000000,71717.50000000,551.40345000,1773565199999,39498086.48578780,68388,370.02576000,26508757.52670560
1773565200000,2026-03-15 09:00:00,71717.50000000,71940.49000000,71713.90000000,71791.10000000,640.93656000,1773568799999,46046291.76482270,82395,337.62632000,24256314.29739350
1773568800000,2026-03-15 10:00:00,71791.11000000,71919.19000000,71714.37000000,71783.09000000,525.01350000,1773572399999,37699169.05646080,93978,207.44276000,14897848.89166070
1773572400000,2026-03-15 11:00:00,71783.10000000,71888.00000000,71659.71000000,71839.42000000,452.79199000,1773575999999,32492823.51831040,65814,211.60724000,15189636.31727210
1773576000000,2026-03-15 12:00:00,71839.41000000,71839.42000000,71560.21000000,71610.33000000,324.76249000,1773579599999,23280309.17434330,64810,109.74819000,7867359.07582950
1773579600000,2026-03-15 13:00:00,71610.33000000,71679.81000000,71263.99000000,71607.54000000,1108.48189000,1773583199999,79197831.03869120,146151,415.48591000,29681169.28619920
1773583200000,2026-03-15 14:00:00,71607.54000000,71635.56000000,71341.68000000,71622.03000000,452.09243000,1773586799999,32336480.99281930,86255,236.28649000,16901491.08259570
1773586800000,2026-03-15 15:00:00,71622.04000000,71626.00000000,71410.00000000,71481.24000000,210.01259000,1773590399999,15021352.88620210,64847,115.86804000,8287023.21506310
1773590400000,2026-03-15 16:00:00,71481.24000000,71586.75000000,71320.08000000,71437.35000000,302.61771000,1773593999999,21612440.35477930,81461,183.79638000,13124617.40838420
1773594000000,2026-03-15 17:00:00,71437.35000000,71989.93000000,71409.74000000,71819.95000000,365.80062000,1773597599999,26213703.88024550,92949,249.11859000,17849277.99201800
1773597600000,2026-03-15 18:00:00,71819.96000000,71885.55000000,71321.87000000,71390.53000000,321.10675000,1773601199999,23004719.43349950,102918,132.32941000,9482115.65166930
1773601200000,2026-03-15 19:00:00,71390.53000000,71582.83000000,71338.67000000,71549.94000000,251.59972000,1773604799999,17979205.89949190,69282,123.97206000,8859526.32707620
1773604800000,2026-03-15 20:00:00,71549.94000000,71930.00000000,71433.75000000,71730.81000000,236.54566000,1773608399999,16966679.83950220,76529,138.53196000,9935537.41330540
1773608400000,2026-03-15 21:00:00,71730.81000000,72222.00000000,71629.99000000,72109.58000000,459.80342000,1773611999999,33098771.46546760,136792,297.88651000,21443018.87463570
1773612000000,2026-03-15 22:00:00,72109.59000000,73081.77000000,71725.74000000,72749.44000000,1471.44945000,1773615599999,106597993.63548910,312854,860.63713000,62361678.23695860
1773615600000,2026-03-15 23:00:00,72749.45000000,73199.00000000,72420.44000000,72815.24000000,1393.63061000,1773619199999,101457162.49408560,310966,633.76272000,46148048.57328170
1773619200000,2026-03-16 00:00:00,72815.25000000,73008.94000000,72452.26000000,72531.26000000,685.43450000,1773622799999,49831121.87036600,192017,301.52640000,21927689.26797140
1773622800000,2026-03-16 01:00:00,72531.27000000,72852.28000000,72270.41000000,72752.90000000,715.87613000,1773626399999,51927454.83024930,177405,398.90863000,28933676.70603990
1773626400000,2026-03-16 02:00:00,72752.90000000,72852.28000000,72368.08000000,72514.69000000,487.11967000,1773629999999,35345119.00920130,115887,207.07677000,15022955.51636850
1773630000000,2026-03-16 03:00:00,72514.69000000,74330.34000000,72436.02000000,73573.32000000,3424.72669000,1773633599999,252338861.15339250,366280,1966.08604000,144809434.82457430
1773633600000,2026-03-16 04:00:00,73573.31000000,74451.03000000,73573.31000000,73835.62000000,1907.76761000,1773637199999,140906402.99344090,290004,1083.94445000,80057293.48417350
1773637200000,2026-03-16 05:00:00,73835.62000000,74258.07000000,73720.00000000,74207.49000000,1421.12171000,1773640799999,105134458.94582070,215798,809.50042000,59893528.51483320
1773640800000,2026-03-16 06:00:00,74207.49000000,74207.50000000,73610.00000000,73714.36000000,1229.39836000,1773644399999,90726199.73396270,158160,648.93986000,47886720.74017180
1773644400000,2026-03-16 07:00:00,73714.36000000,73924.83000000,73385.18000000,73456.68000000,958.93738000,1773647999999,70613358.75767050,152215,394.68031000,29071710.10333000
1773648000000,2026-03-16 08:00:00,73456.69000000,73776.13000000,72888.80000000,73135.00000000,1562.06854000,1773651599999,114514605.47458510,209593,691.46745000,50702808.54755160
1773651600000,2026-03-16 09:00:00,73135.00000000,73331.88000000,73057.25000000,73260.92000000,531.72090000,1773655199999,38927469.12534080,133598,316.14431000,23143819.69793360
1773655200000,2026-03-16 10:00:00,73260.92000000,73783.42000000,73202.89000000,73783.42000000,1038.45265000,1773658799999,76260137.36088950,184479,578.81775000,42511701.24336050
1773658800000,2026-03-16 11:00:00,73783.42000000,73838.76000000,73515.33000000,73552.77000000,680.69185000,1773662399999,50121191.94424700,127126,447.90929000,32977499.46266940
1773662400000,2026-03-16 12:00:00,73552.78000000,74044.00000000,73465.46000000,73864.80000000,921.55759000,1773665999999,67990691.36726400,194935,567.83300000,41891954.32596700
1773666000000,2026-03-16 13:00:00,73864.81000000,74509.52000000,73787.00000000,74109.55000000,1593.51066000,1773669599999,118203124.56844830,360226,899.15143000,66711421.64177890
1773669600000,2026-03-16 14:00:00,74109.56000000,74460.19000000,72990.52000000,73565.54000000,2204.69587000,1773673199999,162296720.94699220,497277,936.97700000,69015699.18134880
1773673200000,2026-03-16 15:00:00,73565.54000000,74030.00000000,73186.50000000,73274.76000000,1024.65577000,1773676799999,75431246.75439910,324467,573.42492000,42229507.66884700
1773676800000,2026-03-16 16:00:00,73274.75000000,73901.95000000,73160.66000000,73760.63000000,1016.72181000,1773680399999,74715648.17412520,261544,576.11209000,42336789.93036250
1773680400000,2026-03-16 17:00:00,73760.63000000,74065.70000000,73648.70000000,73943.18000000,906.04408000,1773683999999,66928450.77651560,228475,494.60911000,36539720.07052630
1773684000000,2026-03-16 18:00:00,73943.17000000,74356.32000000,73860.00000000,73913.60000000,1086.95746000,1773687599999,80587604.56190490,248657,591.82536000,43881928.27545860
1773687600000,2026-03-16 19:00:00,73913.60000000,74418.60000000,73781.54000000,73963.00000000,1122.08511000,1773691199999,83109928.50042960,260104,505.79488000,37476956.23882210
1773691200000,2026-03-16 20:00:00,73963.00000000,74248.95000000,73863.20000000,74236.90000000,424.59345000,1773694799999,31431973.83433300,106316,235.27597000,17418196.90744710
1773694800000,2026-03-16 21:00:00,74236.90000000,74799.00000000,74150.00000000,74401.36000000,1246.95221000,1773698399999,92851013.27512420,217232,693.47258000,51648436.99290530
1773698400000,2026-03-16 22:00:00,74401.35000000,74899.99000000,74378.43000000,74772.66000000,1058.73068000,1773701999999,79141789.10172460,202153,625.36327000,46748104.64548710
1773702000000,2026-03-16 23:00:00,74773.56000000,74909.08000000,74250.21000000,74884.67000000,1159.70951000,1773705599999,86524938.50443660,172534,659.38126000,49207605.21155050
1773705600000,2026-03-17 00:00:00,74884.67000000,75520.23000000,74614.18000000,75318.48000000,2173.53670000,1773709199999,163272681.06806610,382299,1260.96506000,94729074.75665720
1773709200000,2026-03-17 01:00:00,75318.48000000,76000.00000000,75074.37000000,75623.91000000,1953.08873000,1773712799999,147844292.51227050,388081,1101.93520000,83434678.94999800
1773712800000,2026-03-17 02:00:00,75623.91000000,75677.66000000,75114.67000000,75198.02000000,1068.24779000,1773716399999,80409047.90602340,201315,449.88189000,33863044.61948530
1773716400000,2026-03-17 03:00:00,75198.02000000,75326.15000000,74268.73000000,74463.98000000,1730.33731000,1773719999999,129211808.11888720,273481,606.27931000,45267757.17433510
1773720000000,2026-03-17 04:00:00,74463.98000000,74712.89000000,73980.16000000,74252.01000000,2017.11887000,1773723599999,149878834.22848380,207989,777.61764000,57807023.34923390
1773723600000,2026-03-17 05:00:00,74252.00000000,74459.99000000,73784.00000000,74036.74000000,1250.81696000,1773727199999,92741265.85370590,158714,619.89994000,45969941.73501260
1773727200000,2026-03-17 06:00:00,74036.74000000,74276.66000000,73877.56000000,74085.45000000,879.74749000,1773730799999,65170987.64144190,158321,412.73960000,30574490.11034640
1773730800000,2026-03-17 07:00:00,74085.46000000,74457.72000000,74066.40000000,74249.32000000,771.24200000,1773734399999,57320413.03383440,130753,335.20905000,24914520.62440820
1773734400000,2026-03-17 08:00:00,74249.32000000,74452.97000000,74108.01000000,74188.38000000,461.65295000,1773737999999,34300888.53940790,123000,248.97782000,18502918.69751210
1773738000000,2026-03-17 09:00:00,74188.38000000,74406.03000000,73841.62000000,73937.16000000,864.16263000,1773741599999,64069912.35631510,149015,400.73911000,29713847.16264380
1773741600000,2026-03-17 10:00:00,73937.16000000,73960.74000000,73560.98000000,73729.45000000,1049.06910000,1773745199999,77324957.23812340,187842,473.06848000,34867011.92163590
1773745200000,2026-03-17 11:00:00,73729.45000000,74224.16000000,73682.01000000,74033.11000000,647.95804000,1773748799999,47936681.04420320,149448,382.22243000,28276684.71207730
1773748800000,2026-03-17 12:00:00,74033.10000000,74170.55000000,73672.25000000,73739.74000000,614.23436000,1773752399999,45388987.28282690,161550,286.73288000,21197686.37282230
1773752400000,2026-03-17 13:00:00,73739.74000000,74167.39000000,73399.19000000,73615.48000000,1159.88444000,1773755999999,85569440.69712070,284567,529.85660000,39104660.15658150
1773756000000,2026-03-17 14:00:00,73615.49000000,74425.31000000,73424.79000000,74381.70000000,1362.71508000,1773759599999,100890945.97516230,323276,836.68701000,61988447.97815540
1773759600000,2026-03-17 15:00:00,74381.69000000,74893.94000000,73669.91000000,73914.39000000,1370.72331000,1773763199999,101702489.44228370,360212,697.49503000,51782084.43398940
1773763200000,2026-03-17 16:00:00,73914.40000000,74350.00000000,73855.24000000,74155.69000000,747.87279000,1773766799999,55423218.25921460,233529,381.95374000,28308793.68907750
1773766800000,2026-03-17 17:00:00,74155.68000000,74594.00000000,74006.58000000,74523.75000000,826.10844000,1773770399999,61395169.47230770,194133,531.36723000,39489267.51439690
1773770400000,2026-03-17 18:00:00,74523.76000000,74769.17000000,74386.11000000,74683.04000000,707.46038000,1773773999999,52772145.33052120,180130,334.51481000,24954362.49451420
1773774000000,2026-03-17 19:00:00,74683.04000000,74800.00000000,74427.25000000,74512.17000000,768.60522000,1773777599999,57373452.14814390,184663,366.85381000,27383630.68132280
1773777600000,2026-03-17 20:00:00,74511.21000000,74685.50000000,74359.87000000,74506.75000000,466.76372000,1773781199999,34772329.90306580,88217,170.09313000,12673187.29326620
1773781200000,2026-03-17 21:00:00,74506.75000000,74799.00000000,74450.01000000,74685.42000000,618.20101000,1773784799999,46134120.54558880,99979,220.91886000,16489218.78574180
1773784800000,2026-03-17 22:00:00,74685.42000000,74772.14000000,73934.00000000,74307.08000000,488.30847000,1773788399999,36283519.44525430,117429,175.53398000,13041252.83495030
1773788400000,2026-03-17 23:00:00,74307.08000000,74398.74000000,73871.74000000,73909.36000000,523.41057000,1773791999999,38789143.29042050,125244,189.70969000,14063272.73272190
1773792000000,2026-03-18 00:00:00,73909.37000000,74063.22000000,73535.36000000,73867.88000000,673.31061000,1773795599999,49682584.11376380,167341,298.32738000,22010900.24689230
1773795600000,2026-03-18 01:00:00,73867.88000000,74211.43000000,73820.69000000,74072.30000000,537.72886000,1773799199999,39828402.96549880,125019,333.93251000,24731973.63314970
1773799200000,2026-03-18 02:00:00,74072.30000000,74476.00000000,74051.78000000,74338.93000000,549.53806000,1773802799999,40811427.70172980,109262,348.98605000,25921496.38884400
1773802800000,2026-03-18 03:00:00,74338.93000000,74672.34000000,74250.27000000,74446.14000000,459.80928000,1773806399999,34232788.84545880,99545,237.46998000,17685115.02712180
1773806400000,2026-03-18 04:00:00,74446.14000000,74486.30000000,74137.02000000,74175.49000000,472.35206000,1773809999999,35080561.36208020,71860,252.08898000,18723547.00912650
1773810000000,2026-03-18 05:00:00,74175.48000000,74312.11000000,73830.76000000,73950.00000000,662.80056000,1773813599999,49098987.02388130,93727,326.37308000,24186400.43346860
1773813600000,2026-03-18 06:00:00,73950.01000000,74225.82000000,73938.10000000,73954.03000000,652.79254000,1773817199999,48353951.78303290,86917,330.80609000,24502075.07332010
1773817200000,2026-03-18 07:00:00,73954.03000000,73997.04000000,73700.01000000,73883.80000000,504.72370000,1773820799999,37273568.64022540,95673,254.56034000,18803323.79752720
1773820800000,2026-03-18 08:00:00,73883.80000000,74130.02000000,73863.31000000,74044.89000000,735.50464000,1773824399999,54449676.97357490,103840,444.55284000,32909425.44834660
1773824400000,2026-03-18 09:00:00,74044.90000000,74281.33000000,74042.85000000,74181.08000000,347.16358000,1773827999999,25751313.77265730,78474,191.19985000,14182667.94321360
1773828000000,2026-03-18 10:00:00,74181.08000000,74267.77000000,73816.26000000,73946.35000000,478.90858000,1773831599999,35455513.10308140,104858,296.02164000,21918425.77238710
1773831600000,2026-03-18 11:00:00,73946.35000000,74074.84000000,72800.00000000,72952.85000000,1877.69179000,1773835199999,137492092.15111360,323995,880.59828000,64465510.12512500
1773835200000,2026-03-18 12:00:00,72952.85000000,72981.79000000,72271.11000000,72361.24000000,1819.95371000,1773838799999,132134038.65860830,381589,729.29800000,52950337.08347180
1773838800000,2026-03-18 13:00:00,72361.13000000,72556.81000000,71980.00000000,72133.49000000,1607.02731000,1773842399999,116178939.01244590,362221,721.53033000,52173109.60709980
1773842400000,2026-03-18 14:00:00,72133.48000000,72222.45000000,71100.00000000,71193.23000000,2385.98822000,1773845999999,170982942.48300570,491438,1046.95524000,75038358.96661900
1773846000000,2026-03-18 15:00:00,71193.23000000,71531.54000000,70857.21000000,71467.82000000,2560.23665000,1773849599999,182418304.35123960,378945,1265.98981000,90238018.30067880
1773849600000,2026-03-18 16:00:00,71467.82000000,71565.78000000,71037.34000000,71314.08000000,967.21409000,1773853199999,68958245.97546650,255278,536.16984000,38232921.33867630
1773853200000,2026-03-18 17:00:00,71314.07000000,71750.00000000,71199.87000000,71595.21000000,1025.99840000,1773856799999,73322010.75716010,215722,610.16456000,43614254.59443980
1773856800000,2026-03-18 18:00:00,71595.21000000,72000.50000000,70947.78000000,71096.74000000,1475.11719000,1773860399999,105582814.37899750,363504,778.66676000,55792496.82443880
1773860400000,2026-03-18 19:00:00,71096.75000000,71486.14000000,70933.85000000,71072.38000000,867.91916000,1773863999999,61780360.73604200,222685,435.16498000,30982334.21790380
1773864000000,2026-03-18 20:00:00,71072.38000000,71333.33000000,70500.00000000,71214.67000000,1180.62213000,1773867599999,83694690.54564560,239576,597.87237000,42413016.45514340
1773867600000,2026-03-18 21:00:00,71214.67000000,71451.22000000,71167.15000000,71263.67000000,338.26453000,1773871199999,24124075.70179880,112777,198.72672000,14172630.06408320
1773871200000,2026-03-18 22:00:00,71263.67000000,71269.02000000,70944.56000000,71153.66000000,520.94837000,1773874799999,37019284.42755390,104410,232.85691000,16547495.94734140
1773874800000,2026-03-18 23:00:00,71153.67000000,71365.40000000,71069.69000000,71246.54000000,691.26691000,1773878399999,49243263.51368030,145241,360.85803000,25709648.39883760
1773878400000,2026-03-19 00:00:00,71246.55000000,71321.81000000,70976.69000000,71002.17000000,887.95607000,1773881999999,63132633.69891650,142997,418.18834000,29732698.58338820
1773882000000,2026-03-19 01:00:00,71002.18000000,71182.44000000,70951.93000000,71115.23000000,391.40796000,1773885599999,27811412.52094950,111388,158.79462000,11283467.63488780
1773885600000,2026-03-19 02:00:00,71115.24000000,71252.83000000,70902.37000000,71055.44000000,554.97617000,1773889199999,39481245.78082880,102738,194.71540000,13850884.74309180
1773889200000,2026-03-19 03:00:00,71055.44000000,71613.79000000,71053.33000000,71215.39000000,593.60943000,1773892799999,42349252.22322870,136187,283.05616000,20196707.28359080
1773892800000,2026-03-19 04:00:00,71215.39000000,71215.39000000,70654.86000000,70822.07000000,702.86032000,1773896399999,49785063.09757350,155872,314.52316000,22276550.68405130
1773896400000,2026-03-19 05:00:00,70822.06000000,70909.88000000,70661.56000000,70826.54000000,416.16191000,1773899999999,29463160.95895210,106887,226.70574000,16052531.34081160
1773900000000,2026-03-19 06:00:00,70826.55000000,70979.99000000,70505.00000000,70583.22000000,619.85140000,1773903599999,43825028.65822310,136364,247.00622000,17465821.75054930
1773903600000,2026-03-19 07:00:00,70583.22000000,70600.04000000,69478.51000000,70191.17000000,2753.95570000,1773907199999,192871533.93091720,360127,1132.30875000,79286894.45005790
1773907200000,2026-03-19 08:00:00,70191.16000000,70300.00000000,69900.00000000,69985.19000000,1015.64209000,1773910799999,71193379.22092470,202958,381.64144000,26754249.92639400
1773910800000,2026-03-19 09:00:00,69985.19000000,70560.91000000,69971.99000000,70513.00000000,1262.65596000,1773914399999,88780872.21680900,223886,679.04930000,47751143.21687060
1773914400000,2026-03-19 10:00:00,70513.00000000,70538.74000000,70117.00000000,70133.72000000,613.17552000,1773917999999,43160949.08155860,124422,268.86791000,18926095.23129730
1773918000000,2026-03-19 11:00:00,70133.73000000,70259.37000000,69909.09000000,69952.75000000,542.70053000,1773921599999,38023878.22124200,123680,195.64389000,13710962.30869730
1773921600000,2026-03-19 12:00:00,69952.75000000,69952.76000000,69105.49000000,69290.27000000,1452.42038000,1773925199999,101065558.95257310,274900,582.80236000,40550959.28858750
1773925200000,2026-03-19 13:00:00,69290.28000000,70084.35000000,69081.51000000,69905.65000000,1720.19325000,1773928799999,119458350.67307930,473306,890.86947000,61894862.12157120
1773928800000,2026-03-19 14:00:00,69905.65000000,70179.53000000,69096.16000000,69482.25000000,1636.49639000,1773932399999,113585518.87722720,399716,715.77467000,49706895.89110530
1773932400000,2026-03-19 15:00:00,69482.24000000,69917.87000000,68793.35000000,69412.51000000,1898.28931000,1773935999999,131477295.15360060,389361,953.88696000,66097686.05765320
1773936000000,2026-03-19 16:00:00,69412.52000000,69642.35000000,69177.19000000,69455.86000000,858.32753000,1773939599999,59567168.97300070,279945,492.02558000,34145080.44100590
1773939600000,2026-03-19 17:00:00,69455.86000000,69954.18000000,69122.03000000,69854.16000000,759.67868000,1773943199999,52817725.59730470,236298,479.07306000,33319285.29706920
1773943200000,2026-03-19 18:00:00,69854.15000000,69931.10000000,69581.55000000,69821.21000000,442.61763000,1773946799999,30873259.50118590,167373,235.69976000,16441236.54623370
1773946800000,2026-03-19 19:00:00,69821.21000000,70596.42000000,69805.33000000,70271.99000000,1190.55299000,1773950399999,83703288.55062890,350207,691.89170000,48642043.02502290
1773950400000,2026-03-19 20:00:00,70272.00000000,70676.00000000,70201.00000000,70483.03000000,488.71031000,1773953999999,34420949.73599310,107844,319.73708000,22522900.98153920
1773954000000,2026-03-19 21:00:00,70483.03000000,70695.60000000,70371.19000000,70413.47000000,418.78383000,1773957599999,29539657.85840040,111392,183.96126000,12975608.44549320
1773957600000,2026-03-19 22:00:00,70413.46000000,70501.89000000,69954.05000000,70183.99000000,551.74820000,1773961199999,38750806.94639240,123086,203.93185000,14325277.01616350
1773961200000,2026-03-19 23:00:00,70184.00000000,70282.47000000,69718.23000000,69930.00000000,592.04663000,1773964799999,41435959.43090240,131592,238.98208000,16724781.02225560
1773964800000,2026-03-20 00:00:00,69930.01000000,70311.12000000,69837.10000000,70181.00000000,871.72419000,1773968399999,61099657.99757660,140310,554.94529000,38898667.03326950
1773968400000,2026-03-20 01:00:00,70181.00000000,70588.50000000,70181.00000000,70403.79000000,526.82154000,1773971999999,37099306.99972490,143190,329.31045000,23190657.15362930
1773972000000,2026-03-20 02:00:00,70403.80000000,70516.16000000,70086.86000000,70415.47000000,312.91426000,1773975599999,21995861.23243140,109755,166.84802000,11730603.98731860
1773975600000,2026-03-20 03:00:00,70415.48000000,70809.43000000,70388.00000000,70729.92000000,711.57589000,1773979199999,50275539.89802560,140086,435.33283000,30760018.46868510
1773979200000,2026-03-20 04:00:00,70729.93000000,70969.71000000,70557.91000000,70783.69000000,546.53749000,1773982799999,38690338.08955820,99782,309.33071000,21900147.34465400
1773982800000,2026-03-20 05:00:00,70783.70000000,70867.44000000,70521.73000000,70606.24000000,367.69531000,1773986399999,25988752.00685730,64317,206.54952000,14599142.09006960
1773986400000,2026-03-20 06:00:00,70606.23000000,70646.93000000,70346.49000000,70502.90000000,758.81391000,1773989999999,53499958.36541800,81917,269.05386000,18967937.81332920
1773990000000,2026-03-20 07:00:00,70502.91000000,70939.58000000,70160.06000000,70854.66000000,936.89906000,1773993599999,66155511.48153800,108110,462.02032000,32633393.36108950
1773993600000,2026-03-20 08:00:00,70854.66000000,71367.00000000,70800.00000000,71042.23000000,1011.96314000,1773997199999,71994361.98320550,155511,529.21105000,37652148.11223380
1773997200000,2026-03-20 09:00:00,71042.23000000,71042.23000000,70419.65000000,70583.80000000,885.49116000,1774000799999,62625465.65973950,145152,272.20455000,19240215.34079640
1774000800000,2026-03-20 10:00:00,70583.81000000,70670.43000000,70218.68000000,70611.68000000,609.11713000,1774004399999,42907563.09960500,152511,244.38509000,17218604.07897320
1774004400000,2026-03-20 11:00:00,70611.68000000,70810.81000000,70303.36000000,70478.71000000,605.56445000,1774007999999,42745068.22547370,117297,311.92509000,22032454.87012960
1774008000000,2026-03-20 12:00:00,70478.71000000,70685.63000000,70251.00000000,70342.63000000,613.27107000,1774011599999,43204525.13559320,160744,254.20593000,17911384.72129390
1774011600000,2026-03-20 13:00:00,70342.63000000,70613.75000000,69795.70000000,69863.84000000,1225.89394000,1774015199999,86023937.11450090,381953,509.54543000,35757176.52203060
1774015200000,2026-03-20 14:00:00,69863.85000000,70268.66000000,69589.38000000,69731.21000000,1679.84994000,1774018799999,117344085.00411770,462646,716.40904000,50067965.47892920
1774018800000,2026-03-20 15:00:00,69731.20000000,70002.68000000,69480.00000000,69860.09000000,1196.90076000,1774022399999,83493362.92698410,339941,599.75445000,41849006.20541360
1774022400000,2026-03-20 16:00:00,69860.09000000,70100.00000000,69608.54000000,69829.26000000,922.25773000,1774025999999,64460463.44451350,275811,448.11597000,31326017.36014150
1774026000000,2026-03-20 17:00:00,69829.27000000,70039.78000000,69388.00000000,70000.00000000,998.84797000,1774029599999,69631317.23319380,297124,513.14661000,35779801.14582250
1774029600000,2026-03-20 18:00:00,69999.99000000,70071.81000000,69525.33000000,69770.00000000,630.47960000,1774033199999,44016722.16282720,260214,310.11685000,21652969.72185760
1774033200000,2026-03-20 19:00:00,69770.01000000,70190.18000000,69673.76000000,70177.86000000,528.39593000,1774036799999,36948768.00693340,208941,273.63077000,19136712.48745440
1774036800000,2026-03-20 20:00:00,70177.85000000,70259.28000000,69754.71000000,70057.66000000,435.39665000,1774040399999,30481116.00435090,133775,215.06058000,15057870.46719320
1774040400000,2026-03-20 21:00:00,70057.66000000,70726.13000000,69946.65000000,70540.73000000,780.46042000,1774043999999,54974110.41096550,170683,395.03924000,27827182.89267990
1774044000000,2026-03-20 22:00:00,70540.72000000,70923.75000000,70532.00000000,70767.85000000,591.69583000,1774047599999,41874784.32253540,122849,300.29425000,21252105.22271820
1774047600000,2026-03-20 23:00:00,70767.85000000,70771.13000000,70430.00000000,70510.73000000,372.60008000,1774051199999,26282263.88300110,97352,174.97621000,12339756.34710250
1774051200000,2026-03-21 00:00:00,70510.73000000,70826.00000000,70467.36000000,70682.19000000,274.67077000,1774054799999,19405449.39867660,96177,169.15519000,11952860.51028020
1774054800000,2026-03-21 01:00:00,70682.20000000,70758.50000000,70445.36000000,70464.59000000,375.95226000,1774058399999,26534792.43801500,69998,154.45884000,10906254.45579230
1774058400000,2026-03-21 02:00:00,70464.60000000,70785.90000000,70431.67000000,70737.60000000,316.88084000,1774061999999,22370737.76593120,68014,201.04398000,14192879.12489360
1774062000000,2026-03-21 03:00:00,70737.60000000,70784.07000000,70632.39000000,70657.35000000,226.82019000,1774065599999,16033191.96206460,56042,62.52815000,4419808.69009160
1774065600000,2026-03-21 04:00:00,70657.35000000,70819.00000000,70617.05000000,70642.13000000,487.10407000,1774069199999,34443455.01602560,70878,264.12264000,18677249.46494600
1774069200000,2026-03-21 05:00:00,70642.14000000,70834.46000000,70635.10000000,70697.94000000,941.44912000,1774072799999,66603042.45351420,71248,554.01103000,39195238.10424820
1774072800000,2026-03-21 06:00:00,70697.94000000,70831.14000000,70693.06000000,70774.65000000,857.26608000,1774076399999,60670292.12521230,66267,375.51803000,26575005.73099580
1774076400000,2026-03-21 07:00:00,70773.55000000,70879.76000000,70677.44000000,70727.33000000,431.42703000,1774079999999,30532258.99622500,57015,224.39041000,15880022.98371700
1774080000000,2026-03-21 08:00:00,70727.33000000,70753.79000000,70492.02000000,70594.43000000,956.10118000,1774083599999,67518854.98243090,77638,348.51309000,24606216.82278580
1774083600000,2026-03-21 09:00:00,70594.42000000,70735.36000000,70570.40000000,70661.59000000,204.69969000,1774087199999,14464878.70148220,53011,89.96878000,6357957.34035680
1774087200000,2026-03-21 10:00:00,70661.59000000,70695.32000000,70559.69000000,70605.64000000,524.32782000,1774090799999,37025258.31728450,42966,245.19370000,17321678.60462760
1774090800000,2026-03-21 11:00:00,70605.64000000,70652.73000000,70567.79000000,70652.72000000,360.21459000,1774094399999,25434634.41881940,28847,284.08518000,20059421.15142760
1774094400000,2026-03-21 12:00:00,70652.73000000,70800.00000000,70652.73000000,70722.61000000,199.41863000,1774097999999,14106130.81433390,51001,99.56019000,7042657.99881770
1774098000000,2026-03-21 13:00:00,70722.61000000,70812.74000000,70707.12000000,70740.18000000,171.54370000,1774101599999,12135958.96075660,44402,95.27531000,6740278.62362100
1774101600000,2026-03-21 14:00:00,70740.18000000,71100.94000000,70592.53000000,70629.10000000,873.72717000,1774105199999,61936438.38483190,106164,458.78074000,32541148.45940170
1774105200000,2026-03-21 15:00:00,70629.09000000,70760.00000000,70453.09000000,70630.02000000,399.45062000,1774108799999,28208569.21602070,74229,115.52671000,8158132.78230830
1774108800000,2026-03-21 16:00:00,70630.02000000,70652.64000000,70251.00000000,70301.66000000,435.70425000,1774112399999,30701496.87127340,76254,150.61495000,10607744.51095790
1774112400000,2026-03-21 17:00:00,70301.66000000,70426.18000000,70210.00000000,70304.08000000,444.64800000,1774115999999,31287458.67229620,57273,261.83878000,18426976.42184560
1774116000000,2026-03-21 18:00:00,70303.45000000,70534.38000000,70290.48000000,70389.19000000,200.58580000,1774119599999,14124440.92306790,40969,114.40981000,8057290.43949870
1774119600000,2026-03-21 19:00:00,70389.18000000,70448.79000000,70324.70000000,70396.00000000,140.45698000,1774123199999,9888500.09056680,32378,68.06685000,4791996.26804880
1774123200000,2026-03-21 20:00:00,70396.01000000,70508.11000000,70358.90000000,70462.28000000,697.39549000,1774126799999,49130109.40416520,43747,368.03195000,25931999.47682810
1774126800000,2026-03-21 21:00:00,70462.27000000,70516.82000000,70268.06000000,70345.57000000,629.83259000,1774130399999,44342352.97527230,49380,294.03196000,20709908.51388290
1774130400000,2026-03-21 22:00:00,70345.57000000,70384.95000000,70265.55000000,70277.22000000,737.88495000,1774133999999,51880485.96366080,49969,428.89667000,30156267.01299060
1774134000000,2026-03-21 23:00:00,70277.21000000,70293.82000000,68571.42000000,68918.12000000,2509.60568000,1774137599999,173915093.17449680,256219,951.67019000,65847367.44179090
1774137600000,2026-03-22 00:00:00,68918.12000000,69155.86000000,68228.50000000,68954.71000000,2161.16442000,1774141199999,148582479.94605500,367565,1101.38693000,75739058.68893530
1774141200000,2026-03-22 01:00:00,68954.70000000,69100.00000000,68762.31000000,68962.40000000,809.55651000,1774144799999,55826958.61846560,143545,408.40998000,28168959.95441400
1774144800000,2026-03-22 02:00:00,68962.40000000,69411.10000000,68951.21000000,69278.12000000,506.62838000,1774148399999,35062455.40266900,136935,295.53734000,20453133.77266350
1774148400000,2026-03-22 03:00:00,69278.12000000,69588.79000000,69123.13000000,69339.99000000,671.14040000,1774151999999,46551314.32993140,126421,344.11045000,23866710.49885470
1774152000000,2026-03-22 04:00:00,69340.00000000,69526.85000000,69215.89000000,69358.00000000,626.75701000,1774155599999,43467744.86032950,92158,378.67115000,26263706.09451850
1774155600000,2026-03-22 05:00:00,69358.00000000,69358.00000000,69150.00000000,69153.41000000,322.14134000,1774159199999,22300123.36766170,69460,120.08091000,8311424.63755140
1774159200000,2026-03-22 06:00:00,69153.41000000,69245.79000000,69059.87000000,69164.06000000,378.08519000,1774162799999,26142665.60982580,71456,173.24622000,11978537.58247810
1774162800000,2026-03-22 07:00:00,69164.06000000,69250.08000000,68892.93000000,68919.38000000,432.94301000,1774166399999,29913547.40772000,88187,187.53801000,12959695.47878930
1774166400000,2026-03-22 08:00:00,68919.37000000,68990.67000000,68523.96000000,68804.77000000,1053.77702000,1774169999999,72448197.06307330,151020,411.86597000,28323106.79188740
1774170000000,2026-03-22 09:00:00,68804.77000000,68901.65000000,68587.78000000,68826.20000000,383.82763000,1774173599999,26392580.31005950,101810,186.07681000,12796875.37916120
1774173600000,2026-03-22 10:00:00,68826.21000000,68847.83000000,68584.27000000,68648.17000000,360.03346000,1774177199999,24736844.45032350,83416,185.92382000,12772897.34722350
1774177200000,2026-03-22 11:00:00,68648.16000000,68691.03000000,68110.55000000,68217.95000000,784.43160000,1774180799999,53643521.34412140,161951,361.78492000,24743723.14748940
1774180800000,2026-03-22 12:00:00,68217.94000000,68763.18000000,68199.04000000,68654.83000000,484.24300000,1774184399999,33167690.15161010,137952,314.90531000,21566881.81264250
1774184400000,2026-03-22 13:00:00,68654.83000000,68957.24000000,68548.32000000,68700.02000000,548.07349000,1774187999999,37687958.90332960,120737,306.87403000,21101715.19459450
1774188000000,2026-03-22 14:00:00,68700.02000000,68915.27000000,68542.10000000,68711.66000000,385.54476000,1774191599999,26501930.14614220,113564,201.13620000,13826561.63367860
1774191600000,2026-03-22 15:00:00,68711.66000000,69005.71000000,68700.00000000,68847.96000000,391.17296000,1774195199999,26931920.97240600,105167,225.94324000,15559377.04369960
1774195200000,2026-03-22 16:00:00,68847.97000000,68885.53000000,68665.62000000,68805.58000000,258.25035000,1774198799999,17758720.81485980,66985,128.42687000,8831271.93300340
1774198800000,2026-03-22 17:00:00,68805.58000000,68848.32000000,68665.34000000,68673.02000000,252.16281000,1774202399999,17337039.10280390,68536,84.97551000,5843691.72024690
1774202400000,2026-03-22 18:00:00,68672.85000000,68743.18000000,68344.57000000,68618.58000000,340.01718000,1774205999999,23311468.18290300,87870,134.64772000,9232220.00583320
1774206000000,2026-03-22 19:00:00,68618.57000000,68626.07000000,68145.01000000,68199.93000000,472.99305000,1774209599999,32325243.95868650,99026,157.82885000,10784369.49628220
1774209600000,2026-03-22 20:00:00,68199.93000000,68498.40000000,68080.00000000,68176.46000000,319.53245000,1774213199999,21820024.69546550,107966,153.24118000,10466142.84762570
1774213200000,2026-03-22 21:00:00,68176.47000000,68228.71000000,67360.66000000,67899.97000000,1535.47353000,1774216799999,104013959.13780570,295974,662.10631000,44847997.04221090
1774216800000,2026-03-22 22:00:00,67899.97000000,68396.94000000,67571.67000000,68339.37000000,856.56100000,1774220399999,58308016.28511740,283518,519.24353000,35339852.45231220
1774220400000,2026-03-22 23:00:00,68339.38000000,68474.00000000,67839.99000000,67859.00000000,509.27627000,1774223999999,34694070.25833200,187933,248.36207000,16922177.69573890
1774224000000,2026-03-23 00:00:00,67859.00000000,68161.41000000,67445.18000000,67669.99000000,823.69218000,1774227599999,55883049.55012820,295600,419.87487000,28494425.06167600
1774227600000,2026-03-23 01:00:00,67670.00000000,68157.31000000,67536.01000000,67905.00000000,628.21786000,1774231199999,42680039.54469190,227841,309.02578000,20994803.82549080
1774231200000,2026-03-23 02:00:00,67905.00000000,68400.00000000,67801.67000000,68320.72000000,627.90507000,1774234799999,42788203.24316080,173508,367.01686000,25002480.54701480
1774234800000,2026-03-23 03:00:00,68320.72000000,68585.12000000,68059.88000000,68074.60000000,415.80047000,1774238399999,28383728.49717080,148043,191.92998000,13101321.68907980
1774238400000,2026-03-23 04:00:00,68074.60000000,68550.00000000,68057.56000000,68541.00000000,486.61149000,1774241999999,33238892.49361480,104776,362.15043000,24741089.76707080
1774242000000,2026-03-23 05:00:00,68541.00000000,68915.40000000,68541.00000000,68899.92000000,1162.54953000,1774245599999,79881933.79126270,187688,676.30235000,46472773.66646550
1774245600000,2026-03-23 06:00:00,68899.92000000,68904.42000000,67698.86000000,67874.19000000,1218.88217000,1774249199999,83204700.86168660,261593,531.68844000,36288055.94412990
1774249200000,2026-03-23 07:00:00,67874.20000000,68464.42000000,67502.48000000,68333.16000000,1946.35809000,1774252799999,132575275.27472280,302421,1133.44197000,77223086.42384690
1774252800000,2026-03-23 08:00:00,68333.16000000,68696.91000000,68328.55000000,68434.26000000,1238.43118000,1774256399999,84871298.01125310,239004,598.10001000,40987133.88064920
1774256400000,2026-03-23 09:00:00,68434.27000000,68471.11000000,67916.14000000,68334.01000000,382.31585000,1774259999999,26074091.54033260,182959,183.49295000,12515020.80830140
1774260000000,2026-03-23 10:00:00,68334.01000000,68714.28000000,68299.82000000,68551.02000000,494.85509000,1774263599999,33884192.71796990,172107,302.62361000,20717092.16773150
1774263600000,2026-03-23 11:00:00,68551.02000000,71499.00000000,68544.15000000,70122.15000000,7050.35572000,1774267199999,497532188.05011470,913738,3582.17996000,252760939.83489510
1774267200000,2026-03-23 12:00:00,70122.15000000,70877.35000000,69671.95000000,70752.15000000,1915.66623000,1774270799999,134656253.94302930,525908,1115.70217000,78440938.71159860
1774270800000,2026-03-23 13:00:00,70752.14000000,71587.98000000,70600.00000000,71481.13000000,1712.52184000,1774274399999,121717067.74688820,563242,912.92681000,64909742.13495560
1774274400000,2026-03-23 14:00:00,71481.13000000,71817.09000000,71127.14000000,71446.46000000,1663.17727000,1774277999999,118909727.80880890,485299,775.81507000,55469926.06711840
1774278000000,2026-03-23 15:00:00,71446.46000000,71660.01000000,70103.21000000,70131.48000000,2051.70929000,1774281599999,145102024.63388040,380522,823.63501000,58256071.56054570
1774281600000,2026-03-23 16:00:00,70131.48000000,70753.43000000,70131.47000000,70561.54000000,1367.86918000,1774285199999,96293308.78522470,395790,668.43418000,47055017.90863440
1774285200000,2026-03-23 17:00:00,70561.54000000,71119.09000000,70363.63000000,71085.16000000,673.70407000,1774288799999,47696237.21374710,243080,372.59124000,26383598.80483950
1774288800000,2026-03-23 18:00:00,71085.16000000,71195.21000000,70879.85000000,71076.22000000,593.89042000,1774292399999,42182922.35668250,191543,299.40421000,21269560.13589680
1774292400000,2026-03-23 19:00:00,71076.22000000,71246.01000000,70649.40000000,70679.05000000,615.85820000,1774295999999,43704405.68962990,142253,345.03172000,24497526.27733210
1774296000000,2026-03-23 20:00:00,70679.04000000,70983.33000000,70559.03000000,70915.59000000,394.04509000,1774299599999,27895155.71330320,88010,237.74674000,16833322.77045630
1774299600000,2026-03-23 21:00:00,70915.59000000,70998.00000000,70827.66000000,70851.35000000,222.54858000,1774303199999,15783456.40169960,61694,111.34205000,7896258.61380430
1774303200000,2026-03-23 22:00:00,70851.36000000,70896.76000000,70520.22000000,70780.22000000,279.98300000,1774306799999,19787285.56358120,106672,124.72015000,8815077.45779140
1774306800000,2026-03-23 23:00:00,70780.22000000,70998.00000000,70404.39000000,70906.45000000,368.14332000,1774310399999,26029729.79911020,116439,195.79574000,13845511.39645690
1774310400000,2026-03-24 00:00:00,70906.45000000,71099.96000000,70423.36000000,70679.20000000,735.82970000,1774313999999,52063466.79721130,179012,348.91554000,24696127.87104820
1774314000000,2026-03-24 01:00:00,70679.20000000,70891.53000000,70278.46000000,70516.57000000,730.30371000,1774317599999,51552200.88129830,152627,308.74452000,21816620.78175920
1774317600000,2026-03-24 02:00:00,70516.57000000,70698.00000000,70369.46000000,70453.37000000,431.98798000,1774321199999,30466918.51982140,128346,205.69315000,14508573.50492760
1774321200000,2026-03-24 03:00:00,70453.38000000,70583.36000000,70404.54000000,70542.90000000,380.97532000,1774324799999,26853045.41811220,97350,172.38846000,12150363.61868650
1774324800000,2026-03-24 04:00:00,70542.90000000,70741.64000000,70247.91000000,70372.44000000,474.91642000,1774328399999,33468232.64657620,107640,175.45645000,12371213.06284660
1774328400000,2026-03-24 05:00:00,70372.45000000,70374.38000000,70119.06000000,70283.85000000,641.69358000,1774331999999,45070852.17777210,119949,266.09114000,18688182.32234970
1774332000000,2026-03-24 06:00:00,70283.84000000,70572.83000000,70253.23000000,70541.38000000,850.05748000,1774335599999,59847193.02414730,108110,378.02709000,26619988.57593060
1774335600000,2026-03-24 07:00:00,70541.39000000,71400.00000000,70488.00000000,71291.70000000,1722.67702000,1774339199999,122202364.77204140,189414,887.04183000,62925660.29130050
1774339200000,2026-03-24 08:00:00,71291.70000000,71349.10000000,70850.11000000,70964.15000000,725.27631000,1774342799999,51536886.80347410,138808,272.54121000,19369114.73282180
1774342800000,2026-03-24 09:00:00,70964.16000000,71368.61000000,70851.77000000,71316.97000000,511.50447000,1774346399999,36378678.17209850,116743,281.85817000,20044216.70705800
1774346400000,2026-03-24 10:00:00,71316.98000000,71328.59000000,71078.09000000,71272.87000000,680.81546000,1774349999999,48487843.38373030,112622,342.16617000,24367909.33861760
1774350000000,2026-03-24 11:00:00,71272.87000000,71327.26000000,70964.94000000,71157.77000000,560.33228000,1774353599999,39860053.20405810,136770,332.95753000,23688403.83725480
1774353600000,2026-03-24 12:00:00,71157.77000000,71177.66000000,70860.18000000,70956.48000000,460.81810000,1774357199999,32706339.98693000,124099,179.41110000,12735276.04674510
1774357200000,2026-03-24 13:00:00,70956.48000000,71059.59000000,69968.02000000,70100.46000000,1729.62355000,1774360799999,121812661.28653820,345875,577.98892000,40716365.13596180
1774360800000,2026-03-24 14:00:00,70100.46000000,70462.91000000,69507.34000000,69869.93000000,1973.02189000,1774364399999,137890893.59551350,430775,889.24156000,62155540.41327670
1774364400000,2026-03-24 15:00:00,69869.93000000,70255.37000000,69770.85000000,69873.04000000,1419.67177000,1774367999999,99418672.63641590,298117,737.04580000,51641483.95519310
1774368000000,2026-03-24 16:00:00,69873.04000000,70001.92000000,69340.08000000,69476.87000000,889.76128000,1774371599999,61969153.62340480,227733,363.29246000,25312450.28423110
1774371600000,2026-03-24 17:00:00,69476.88000000,69512.73000000,68923.07000000,69238.43000000,1294.24297000,1774375199999,89493283.24084220,285284,596.57536000,41258895.71187610
1774375200000,2026-03-24 18:00:00,69238.44000000,69746.40000000,69168.64000000,69430.24000000,808.06583000,1774378799999,56104059.14223480,188647,415.35515000,28839523.90175110
1774378800000,2026-03-24 19:00:00,69430.25000000,69700.00000000,69277.04000000,69377.33000000,547.42601000,1774382399999,38041000.31379310,119554,291.68374000,20271124.59921340
1774382400000,2026-03-24 20:00:00,69377.33000000,70295.54000000,69296.15000000,70093.19000000,1018.45154000,1774385999999,71265625.77022620,228994,614.78938000,43017177.55975640
1774386000000,2026-03-24 21:00:00,70093.19000000,70400.00000000,69901.39000000,70332.93000000,686.65263000,1774389599999,48165041.60474480,120092,349.77796000,24535457.46071820
1774389600000,2026-03-24 22:00:00,70332.93000000,70586.86000000,70140.50000000,70316.96000000,686.91503000,1774393199999,48341500.09786180,118774,301.35997000,21206478.60726870
1774393200000,2026-03-24 23:00:00,70316.96000000,70832.54000000,70270.00000000,70556.74000000,741.40211000,1774396799999,52365262.11111800,115993,443.44777000,31317890.97431990
1774396800000,2026-03-25 00:00:00,70556.74000000,71100.28000000,70476.90000000,70840.75000000,784.33083000,1774400399999,55558208.58821360,134813,502.33008000,35589394.24214770
1774400400000,2026-03-25 01:00:00,70840.75000000,70977.35000000,70629.72000000,70677.18000000,624.19197000,1774403999999,44180116.42160410,115626,260.26494000,18421771.13749170
1774404000000,2026-03-25 02:00:00,70677.19000000,70781.39000000,70490.77000000,70531.09000000,582.86416000,1774407599999,41164058.80327500,98739,250.20651000,17675693.65994310
1774407600000,2026-03-25 03:00:00,70531.10000000,70808.37000000,70408.00000000,70716.70000000,513.15296000,1774411199999,36204302.05492940,97953,230.92617000,16297850.41767860
1774411200000,2026-03-25 04:00:00,70716.70000000,70977.49000000,70703.83000000,70968.64000000,623.46021000,1774414799999,44155662.46162140,84444,328.28151000,23248831.11606740
1774414800000,2026-03-25 05:00:00,70968.64000000,71345.00000000,70940.00000000,71117.66000000,850.19172000,1774418399999,60511179.89169800,126750,450.52945000,32062003.65999140
1774418400000,2026-03-25 06:00:00,71117.65000000,71260.00000000,70984.67000000,70991.83000000,934.75878000,1774421999999,66521455.91246210,92794,489.62896000,34847125.86255380
1774422000000,2026-03-25 07:00:00,70991.82000000,71270.11000000,70891.31000000,70926.88000000,470.72474000,1774425599999,33448859.29279020,91663,178.64052000,12696641.79814370
1774425600000,2026-03-25 08:00:00,70926.88000000,71503.94000000,70800.00000000,71248.39000000,1150.83138000,1774429199999,82017365.87121800,161877,621.09047000,44300954.39778900
1774429200000,2026-03-25 09:00:00,71248.40000000,71415.12000000,71101.99000000,71345.91000000,598.42707000,1774432799999,42657853.09045660,102886,332.09320000,23676487.56346050
1774432800000,2026-03-25 10:00:00,71345.91000000,71641.91000000,71291.69000000,71501.39000000,485.22161000,1774436399999,34669351.32194260,102655,272.39305000,19462451.13195910
1774436400000,2026-03-25 11:00:00,71501.40000000,72026.09000000,71470.49000000,71678.97000000,1053.03231000,1774439999999,75596857.45769080,164755,618.72832000,44432099.66353120
1774440000000,2026-03-25 12:00:00,71678.97000000,71955.17000000,71105.43000000,71715.24000000,1032.92186000,1774443599999,73855260.73157430,222476,450.96839000,32261181.30682470
1774443600000,2026-03-25 13:00:00,71715.24000000,71963.71000000,71515.84000000,71581.42000000,982.27587000,1774447199999,70476068.31710780,243148,413.44611000,29670465.19848030
1774447200000,2026-03-25 14:00:00,71581.42000000,71699.87000000,71230.51000000,71234.28000000,810.44092000,1774450799999,57880870.21727420,231368,324.78535000,23196922.46718950
1774450800000,2026-03-25 15:00:00,71234.28000000,71301.37000000,70530.47000000,70832.99000000,1384.84596000,1774454399999,98160696.97169700,253581,507.99650000,36020902.77654950
1774454400000,2026-03-25 16:00:00,70832.99000000,71752.88000000,70719.26000000,71324.01000000,1283.82328000,1774457999999,91513901.33963800,222753,764.53158000,54489250.00788490
1774458000000,2026-03-25 17:00:00,71324.01000000,71389.14000000,70720.38000000,70779.00000000,662.98589000,1774461599999,47091422.04087550,167487,272.18968000,19328124.74810200
1774461600000,2026-03-25 18:00:00,70778.99000000,71149.07000000,70681.07000000,70810.34000000,535.29926000,1774465199999,37953343.51561650,140697,272.80668000,19343915.79158370
1774465200000,2026-03-25 19:00:00,70810.34000000,71093.37000000,70777.51000000,70883.31000000,513.05944000,1774468799999,36388337.12842570,121601,296.15332000,21004951.45094120
1774468800000,2026-03-25 20:00:00,70883.32000000,71058.82000000,70646.34000000,71009.50000000,573.58151000,1774472399999,40616848.81383540,80576,247.34199000,17520071.93913090
1774472400000,2026-03-25 21:00:00,71009.50000000,71175.00000000,70949.30000000,71035.24000000,379.86408000,1774475999999,26982943.25911110,65254,190.79629000,13551993.66435330
1774476000000,2026-03-25 22:00:00,71035.25000000,71594.11000000,70947.61000000,71369.08000000,505.87572000,1774479599999,36057415.57215480,95958,296.22366000,21114970.49251360
1774479600000,2026-03-25 23:00:00,71369.07000000,71511.83000000,71189.55000000,71336.53000000,383.33913000,1774483199999,27355609.46422010,79048,247.42514000,17660928.39785550
1774483200000,2026-03-26 00:00:00,71336.53000000,71436.82000000,71142.38000000,71299.27000000,548.42613000,1774486799999,39104605.40408570,95558,273.11276000,19474834.90375840
1774486800000,2026-03-26 01:00:00,71299.27000000,71377.04000000,71159.06000000,71252.11000000,522.16838000,1774490399999,37223820.81806010,83536,375.67576000,26781874.69912320
1774490400000,2026-03-26 02:00:00,71252.11000000,71289.49000000,70672.37000000,70893.01000000,575.89477000,1774493999999,40837477.73900180,102953,220.80328000,15656551.85745770
1774494000000,2026-03-26 03:00:00,70893.01000000,70968.66000000,70685.69000000,70921.47000000,510.54950000,1774497599999,36176640.00434880,84615,233.79060000,16567632.00732170
1774497600000,2026-03-26 04:00:00,70921.47000000,70921.47000000,70721.46000000,70772.01000000,433.11432000,1774501199999,30677604.47124890,60803,263.57610000,18669337.12247830
1774501200000,2026-03-26 05:00:00,70772.01000000,70796.32000000,69942.96000000,70016.98000000,1271.74189000,1774504799999,89549585.60970370,175909,462.52382000,32574705.29760960
1774504800000,2026-03-26 06:00:00,70016.97000000,70152.63000000,69855.73000000,70097.18000000,1016.19011000,1774508399999,71146726.90574060,132707,613.76021000,42972143.06584420
1774508400000,2026-03-26 07:00:00,70097.19000000,70167.60000000,69805.00000000,70087.44000000,713.03812000,1774511999999,49930100.83095070,120638,315.36266000,22081371.22891790
1774512000000,2026-03-26 08:00:00,70087.44000000,70127.69000000,69806.39000000,70024.77000000,510.82818000,1774515599999,35730304.35018500,122097,303.56291000,21229995.86647770
1774515600000,2026-03-26 09:00:00,70024.78000000,70144.44000000,69409.67000000,69562.41000000,1313.07806000,1774519199999,91548239.89686250,187473,627.71021000,43778129.94252300
1774519200000,2026-03-26 10:00:00,69562.41000000,69719.96000000,69464.58000000,69517.68000000,694.15594000,1774522799999,48291498.47269580,123128,314.68491000,21892286.11693480
1774522800000,2026-03-26 11:00:00,69517.68000000,69667.56000000,69192.96000000,69276.01000000,803.66639000,1774526399999,55784918.93694990,149846,359.46347000,24953912.48788620
1774526400000,2026-03-26 12:00:00,69276.01000000,69461.28000000,69226.34000000,69436.42000000,589.82378000,1774529999999,40910167.57911150,117973,288.21113000,19990124.16086950
1774530000000,2026-03-26 13:00:00,69436.42000000,69877.45000000,69218.00000000,69646.59000000,1361.59869000,1774533599999,94707511.06446120,245803,742.39884000,51644090.64018050
1774533600000,2026-03-26 14:00:00,69646.59000000,69837.12000000,69259.25000000,69479.92000000,943.35709000,1774537199999,65638763.16332210,272787,435.51104000,30305509.96029470
1774537200000,2026-03-26 15:00:00,69479.91000000,69497.73000000,68632.40000000,69082.64000000,1805.07582000,1774540799999,124570284.83205380,317311,756.65647000,52213606.46892630
1774540800000,2026-03-26 16:00:00,69082.64000000,69142.94000000,68823.21000000,68932.52000000,949.52674000,1774544399999,65491568.64773330,184122,446.24046000,30784630.99431480
1774544400000,2026-03-26 17:00:00,68932.53000000,69162.00000000,68377.83000000,68486.86000000,1130.52816000,1774547999999,77738780.80890530,163517,428.06111000,29438726.55208870
1774548000000,2026-03-26 18:00:00,68486.86000000,68603.75000000,68153.00000000,68497.25000000,1402.56662000,1774551599999,95839395.98630270,198126,682.93004000,46667381.87473170
1774551600000,2026-03-26 19:00:00,68497.25000000,68681.54000000,68358.80000000,68534.36000000,543.97259000,1774555199999,37281727.12943220,118557,315.76288000,21641325.13732450
1774555200000,2026-03-26 20:00:00,68534.37000000,69478.42000000,68436.74000000,69005.21000000,1707.65634000,1774558799999,118014525.06580190,234687,927.64174000,64113784.79831310
1774558800000,2026-03-26 21:00:00,69005.21000000,69205.43000000,68879.05000000,68921.10000000,598.68777000,1774562399999,41310055.38882210,89758,296.01404000,20424293.29033970
1774562400000,2026-03-26 22:00:00,68921.10000000,69028.89000000,68603.24000000,68892.67000000,484.39394000,1774565999999,33338713.39423180,126742,243.12046000,16734711.59214040
1774566000000,2026-03-26 23:00:00,68892.66000000,68994.16000000,68640.00000000,68820.31000000,390.41835000,1774569599999,26856717.83982770,89056,189.81977000,13059041.52426300
1774569600000,2026-03-27 00:00:00,68820.31000000,68965.15000000,68531.37000000,68785.01000000,634.46014000,1774573199999,43637608.35444270,120554,337.06123000,23183515.19077490
1774573200000,2026-03-27 01:00:00,68785.00000000,69066.51000000,68700.00000000,69051.27000000,555.05692000,1774576799999,38217927.53969280,81547,362.01475000,24927982.19117170
1774576800000,2026-03-27 02:00:00,69051.27000000,69179.05000000,68862.00000000,68903.59000000,948.45642000,1774580399999,65424849.50742050,85960,447.90346000,30893380.64530060
1774580400000,2026-03-27 03:00:00,68903.58000000,68924.00000000,68668.72000000,68767.51000000,576.98772000,1774583999999,39700779.07623390,83396,297.03494000,20440046.05378050
1774584000000,2026-03-27 04:00:00,68767.50000000,68791.40000000,68304.14000000,68578.00000000,846.47748000,1774587599999,58002851.66218380,120439,433.95077000,29737791.61815070
1774587600000,2026-03-27 05:00:00,68577.99000000,68865.88000000,68511.79000000,68630.77000000,773.74806000,1774591199999,53098355.26479390,91846,423.57139000,29069582.15651830
1774591200000,2026-03-27 06:00:00,68630.76000000,68846.00000000,68567.62000000,68656.15000000,672.08820000,1774594799999,46206891.89150750,79741,330.01666000,22690232.86948940
1774594800000,2026-03-27 07:00:00,68656.16000000,68955.53000000,68399.18000000,68540.48000000,1641.76445000,1774598399999,112737917.47460810,147192,855.73167000,58773096.21724510
1774598400000,2026-03-27 08:00:00,68540.49000000,68635.07000000,67609.29000000,67920.50000000,1817.58289000,1774601999999,123695256.47474480,222657,878.24979000,59788807.39665730
1774602000000,2026-03-27 09:00:00,67920.51000000,67960.32000000,67548.67000000,67695.81000000,812.25094000,1774605599999,55058671.90616170,140738,380.40689000,25789667.83975510
1774605600000,2026-03-27 10:00:00,67695.81000000,67778.99000000,66326.38000000,66502.41000000,3012.92630000,1774609199999,201755480.00225630,359696,1447.77384000,96932290.38168420
1774609200000,2026-03-27 11:00:00,66502.41000000,66848.05000000,66231.96000000,66702.78000000,1683.20205000,1774612799999,112095924.41027210,243482,792.42324000,52783138.34301580
1774612800000,2026-03-27 12:00:00,66702.78000000,66773.25000000,66432.19000000,66619.76000000,964.55681000,1774616399999,64243646.39264250,159337,456.89131000,30433974.60731180
1774616400000,2026-03-27 13:00:00,66619.75000000,66757.30000000,66025.00000000,66188.32000000,2427.72498000,1774619999999,161389872.55385020,335472,1283.79735000,85394815.71822820
1774620000000,2026-03-27 14:00:00,66188.31000000,66404.00000000,65730.17000000,66205.06000000,2475.49917000,1774623599999,163380657.52300920,381936,1148.15296000,75789486.33697710
1774623600000,2026-03-27 15:00:00,66205.07000000,66638.25000000,65958.75000000,66112.82000000,2405.26081000,1774627199999,159434669.59457590,299637,1340.55904000,88858724.24813580
1774627200000,2026-03-27 16:00:00,66112.82000000,66177.99000000,65812.43000000,65979.29000000,1226.73521000,1774630799999,80892529.49278190,241633,603.29776000,39782159.63507740
1774630800000,2026-03-27 17:00:00,65979.29000000,66290.00000000,65600.00000000,65632.92000000,1002.16119000,1774634399999,66069852.49488630,225333,473.59636000,31238611.31315730
1774634400000,2026-03-27 18:00:00,65632.93000000,65951.96000000,65548.25000000,65836.69000000,915.82085000,1774637999999,60195917.08196680,206020,518.46382000,34078521.44960060
1774638000000,2026-03-27 19:00:00,65836.69000000,66145.00000000,65700.00000000,66040.66000000,818.34010000,1774641599999,53961395.75827350,184532,502.27018000,33124195.07890060
1774641600000,2026-03-27 20:00:00,66040.65000000,66152.51000000,65817.44000000,66020.76000000,511.09525000,1774645199999,33733833.00462220,117420,216.38785000,14282788.67307730
1774645200000,2026-03-27 21:00:00,66020.77000000,66186.01000000,66013.00000000,66098.00000000,636.71362000,1774648799999,42098659.49136080,83512,354.24693000,23423579.44727570
1774648800000,2026-03-27 22:00:00,66098.00000000,66098.01000000,65920.00000000,66020.79000000,739.86415000,1774652399999,48839683.54914210,74328,438.24286000,28926722.59549010
1774652400000,2026-03-27 23:00:00,66020.79000000,66420.75000000,65970.25000000,66407.28000000,504.92186000,1774655999999,33444992.20848350,72898,246.58348000,16336916.25890550
1774656000000,2026-03-28 00:00:00,66407.28000000,66520.46000000,66293.35000000,66431.55000000,499.89072000,1774659599999,33198383.73059700,86952,253.99010000,16866744.14287290
1774659600000,2026-03-28 01:00:00,66431.54000000,66431.55000000,66056.09000000,66178.85000000,613.17173000,1774663199999,40598062.62694250,81732,274.16418000,18146036.74727190
1774663200000,2026-03-28 02:00:00,66178.86000000,66251.67000000,65932.09000000,66053.20000000,490.39923000,1774666799999,32405564.61185520,81892,158.48619000,10471709.97489370
1774666800000,2026-03-28 03:00:00,66053.20000000,66259.66000000,66053.19000000,66240.00000000,705.96536000,1774670399999,46727833.31145880,59126,398.86219000,26402259.03474300
1774670400000,2026-03-28 04:00:00,66240.00000000,66304.72000000,66110.00000000,66285.01000000,452.84284000,1774673999999,29999288.36554050,54008,267.49518000,17722645.04930260
1774674000000,2026-03-28 05:00:00,66285.01000000,66407.96000000,66202.01000000,66341.90000000,675.62625000,1774677599999,44802651.68009220,58286,308.16006000,20434087.52554830
1774677600000,2026-03-28 06:00:00,66341.90000000,66500.00000000,66308.93000000,66382.00000000,485.97016000,1774681199999,32279881.08608260,61628,239.82130000,15932664.06082510
1774681200000,2026-03-28 07:00:00,66382.00000000,66573.61000000,66379.80000000,66561.48000000,737.38217000,1774684799999,49008730.42809200,55289,528.61544000,35132294.97251470
1774684800000,2026-03-28 08:00:00,66561.49000000,66570.09000000,66387.06000000,66409.33000000,708.34892000,1774688399999,47109348.13096850,58942,309.31577000,20571372.90265460
1774688400000,2026-03-28 09:00:00,66409.34000000,66416.77000000,66243.01000000,66311.32000000,634.09125000,1774691999999,42060968.71219830,66035,169.54262000,11247552.72556790
1774692000000,2026-03-28 10:00:00,66311.32000000,66411.79000000,66124.40000000,66221.38000000,306.12343000,1774695599999,20270327.11429730,55392,106.70232000,7067965.97305440
1774695600000,2026-03-28 11:00:00,66221.37000000,66358.00000000,66201.91000000,66319.47000000,223.42305000,1774699199999,14811128.88993230,39646,125.74980000,8336416.14979270
1774699200000,2026-03-28 12:00:00,66319.46000000,66527.01000000,66240.87000000,66455.09000000,344.10648000,1774702799999,22849246.77835190,58182,179.04094000,11891456.95158850
1774702800000,2026-03-28 13:00:00,66455.10000000,67163.99000000,66407.65000000,66835.10000000,1040.57902000,1774706399999,69551960.55470730,152404,624.10109000,41711212.07157030
1774706400000,2026-03-28 14:00:00,66835.10000000,66967.01000000,66666.66000000,66742.10000000,570.49869000,1774709999999,38117986.24507360,111938,321.46897000,21481176.47366880
1774710000000,2026-03-28 15:00:00,66742.09000000,67288.94000000,66717.15000000,67014.91000000,771.68723000,1774713599999,51762619.75640430,123867,426.80379000,28630215.47913870
1774713600000,2026-03-28 16:00:00,67014.92000000,67096.77000000,66855.24000000,66926.95000000,342.70522000,1774717199999,22957664.80798840,81526,163.81057000,10973430.33520100
1774717200000,2026-03-28 17:00:00,66926.94000000,66996.61000000,66704.00000000,66846.21000000,310.89662000,1774720799999,20778271.03807040,73845,123.03056000,8222725.68567650
1774720800000,2026-03-28 18:00:00,66846.20000000,66963.51000000,66834.87000000,66908.03000000,234.04169000,1774724399999,15658519.19937320,51292,139.67782000,9345477.71669750
1774724400000,2026-03-28 19:00:00,66908.03000000,66954.00000000,66804.71000000,66916.52000000,202.96743000,1774727999999,13572206.76522950,38464,116.55076000,7793627.06331720
1774728000000,2026-03-28 20:00:00,66916.52000000,67010.00000000,66906.00000000,66906.00000000,262.72665000,1774731599999,17588464.20197540,45447,107.16677000,7175802.52017680
1774731600000,2026-03-28 21:00:00,66906.00000000,66926.31000000,66600.01000000,66685.53000000,291.07026000,1774735199999,19443582.67514620,59678,175.66351000,11735449.68495740
1774735200000,2026-03-28 22:00:00,66685.53000000,66788.88000000,66588.22000000,66755.88000000,224.47432000,1774738799999,14971273.66856520,50568,104.16716000,6949577.79658260
1774738800000,2026-03-28 23:00:00,66755.88000000,66755.88000000,66283.38000000,66377.03000000,333.40975000,1774742399999,22152291.06811790,81229,130.65415000,8679511.18623170
1774742400000,2026-03-29 00:00:00,66377.04000000,66500.00000000,66281.40000000,66487.93000000,285.17232000,1774745999999,18940104.94820780,82249,126.84241000,8424578.82749150
1774746000000,2026-03-29 01:00:00,66487.93000000,66620.00000000,66385.88000000,66569.22000000,295.19169000,1774749599999,19638233.74433780,81651,162.49466000,10810788.05421410
1774749600000,2026-03-29 02:00:00,66569.22000000,66843.66000000,66540.96000000,66818.00000000,293.83335000,1774753199999,19596896.20456650,66072,197.94022000,13202105.62320330
1774753200000,2026-03-29 03:00:00,66818.01000000,67130.50000000,66760.48000000,66912.00000000,660.94660000,1774756799999,44197998.49011220,84748,329.17045000,22016104.15187850
1774756800000,2026-03-29 04:00:00,66912.00000000,66936.60000000,66717.51000000,66735.14000000,168.57240000,1774760399999,11266114.99487320,46319,58.55915000,3913497.84029010
1774760400000,2026-03-29 05:00:00,66735.14000000,66828.05000000,66597.10000000,66771.94000000,418.44564000,1774763999999,27908273.43996750,62496,243.37547000,16232661.86258790
1774764000000,2026-03-29 06:00:00,66771.94000000,66872.00000000,66636.00000000,66738.50000000,418.74617000,1774767599999,27951565.13837390,55633,149.68160000,9990325.55984940
1774767600000,2026-03-29 07:00:00,66738.50000000,66752.61000000,66556.78000000,66671.00000000,346.10727000,1774771199999,23069578.64439460,55863,199.10967000,13272503.20192490
1774771200000,2026-03-29 08:00:00,66671.00000000,66772.83000000,66600.00000000,66724.00000000,177.06023000,1774774799999,11809344.07038730,47081,84.54094000,5638791.59947480
1774774800000,2026-03-29 09:00:00,66724.00000000,66773.02000000,66549.54000000,66634.01000000,225.04256000,1774778399999,14999460.68788890,56907,108.63086000,7239577.49127540
1774778400000,2026-03-29 10:00:00,66634.01000000,66634.02000000,66418.00000000,66502.79000000,345.86500000,1774781999999,23003006.56560780,73703,122.78482000,8165965.87762510
1774782000000,2026-03-29 11:00:00,66502.80000000,66988.01000000,66502.79000000,66816.28000000,336.66276000,1774785599999,22490938.69090860,90165,197.28348000,13178206.89287250
1774785600000,2026-03-29 12:00:00,66816.29000000,66870.34000000,66703.07000000,66849.88000000,185.85649000,1774789199999,12412904.91069540,53525,95.03955000,6347672.53872590
1774789200000,2026-03-29 13:00:00,66849.88000000,66875.24000000,66524.28000000,66580.36000000,359.56390000,1774792799999,23967113.07042310,89576,164.70360000,10980759.96393000
1774792800000,2026-03-29 14:00:00,66580.36000000,66797.01000000,66461.00000000,66589.64000000,372.89659000,1774796399999,24825800.47702180,96230,173.48873000,11550874.03406920
1774796400000,2026-03-29 15:00:00,66589.64000000,66730.60000000,66334.37000000,66523.00000000,518.27098000,1774799999999,34458876.40497450,100232,306.15063000,20351170.21320600
1774800000000,2026-03-29 16:00:00,66523.01000000,66665.05000000,66435.75000000,66499.35000000,232.56305000,1774803599999,15477285.40014270,87108,108.53350000,7223766.57586420
1774803600000,2026-03-29 17:00:00,66499.36000000,66546.00000000,66158.26000000,66385.84000000,329.15631000,1774807199999,21833050.07970720,82544,132.67343000,8801351.40797650
1774807200000,2026-03-29 18:00:00,66385.84000000,66540.43000000,66321.66000000,66427.26000000,147.43013000,1774810799999,9792814.76441670,51700,67.75683000,4500521.86854970
1774810800000,2026-03-29 19:00:00,66427.27000000,66477.81000000,66323.30000000,66348.62000000,285.67371000,1774814399999,18971928.21894960,47271,122.71443000,8150127.11126790
1774814400000,2026-03-29 20:00:00,66348.61000000,66793.83000000,66348.61000000,66614.05000000,280.05501000,1774817999999,18652992.28249030,58968,180.66258000,12032143.93926560
1774818000000,2026-03-29 21:00:00,66614.04000000,66756.51000000,66509.41000000,66710.12000000,220.10647000,1774821599999,14666917.30324230,52885,120.26873000,8013792.41874220
1774821600000,2026-03-29 22:00:00,66710.12000000,66710.12000000,65000.00000000,65860.31000000,2219.11979000,1774825199999,145606882.14173930,353171,822.87419000,53991856.66233880
1774825200000,2026-03-29 23:00:00,65860.31000000,66382.98000000,65859.91000000,66010.93000000,930.51742000,1774828799999,61465436.93255800,270080,494.14839000,32644953.63356340
1774828800000,2026-03-30 00:00:00,66010.93000000,67059.66000000,65800.59000000,66280.25000000,1328.87485000,1774832399999,88402491.31970130,387565,749.35114000,49868470.81385670
1774832400000,2026-03-30 01:00:00,66280.24000000,66834.79000000,66280.24000000,66653.74000000,685.87133000,1774835999999,45674533.58327200,192774,423.33421000,28187763.86759410
1774836000000,2026-03-30 02:00:00,66653.74000000,67450.00000000,66580.01000000,67121.01000000,1220.60217000,1774839599999,81805777.58719890,219056,659.48037000,44204253.28901350
1774839600000,2026-03-30 03:00:00,67121.01000000,67319.33000000,66977.62000000,67173.80000000,466.26604000,1774843199999,31308868.61222050,153126,246.45355000,16550547.64911570
1774843200000,2026-03-30 04:00:00,67173.80000000,67650.01000000,67167.92000000,67616.29000000,809.57231000,1774846799999,54608345.18390010,162626,450.76391000,30405399.77046790
1774846800000,2026-03-30 05:00:00,67616.28000000,67800.00000000,67442.00000000,67492.46000000,627.15632000,1774850399999,42407043.35755640,137903,336.04717000,22721900.36901580
1774850400000,2026-03-30 06:00:00,67492.46000000,67585.97000000,67278.53000000,67305.14000000,721.78350000,1774853999999,48625206.80942410,114040,314.70465000,21201650.04250460
1774854000000,2026-03-30 07:00:00,67305.14000000,67624.39000000,67227.88000000,67624.39000000,584.47106000,1774857599999,39388711.28276530,111767,322.58642000,21745220.19611210
1774857600000,2026-03-30 08:00:00,67624.39000000,67946.02000000,67604.56000000,67666.44000000,1729.15176000,1774861199999,117207953.19493650,156355,790.15228000,53573851.27686670
1774861200000,2026-03-30 09:00:00,67666.44000000,67698.62000000,67460.00000000,67495.46000000,607.44273000,1774864799999,41049251.42729010,90232,242.19580000,16364397.99514240
1774864800000,2026-03-30 10:00:00,67495.46000000,67518.37000000,67360.41000000,67488.53000000,255.63666000,1774868399999,17240420.98475330,66480,106.06820000,7153604.87660070
1774868400000,2026-03-30 11:00:00,67488.88000000,68042.30000000,67488.88000000,67680.45000000,790.86208000,1774871999999,53545353.66344450,159590,389.43944000,26377977.27253870
1774872000000,2026-03-30 12:00:00,67680.44000000,67979.93000000,67666.17000000,67899.59000000,627.65449000,1774875599999,42602883.93704980,141000,375.02544000,25455834.68739860
1774875600000,2026-03-30 13:00:00,67899.59000000,68169.65000000,67428.57000000,67529.52000000,1379.99177000,1774879199999,93664794.04403380,251500,527.42492000,35808167.70578680
1774879200000,2026-03-30 14:00:00,67529.52000000,67864.49000000,67088.73000000,67799.54000000,1205.57197000,1774882799999,81266034.65626510,286048,568.28367000,38323396.47323420
1774882800000,2026-03-30 15:00:00,67799.54000000,67896.89000000,67407.63000000,67629.40000000,964.70473000,1774886399999,65275371.15218500,206064,477.05590000,32282253.63977170
1774886400000,2026-03-30 16:00:00,67629.40000000,67641.65000000,67222.00000000,67368.10000000,660.26793000,1774889999999,44495882.45370800,167931,340.22315000,22931018.95730530
1774890000000,2026-03-30 17:00:00,67368.10000000,67465.20000000,66650.00000000,66828.02000000,917.71373000,1774893599999,61464310.69725980,202805,392.80381000,26302133.13410110
1774893600000,2026-03-30 18:00:00,66828.02000000,66929.18000000,66508.25000000,66653.46000000,498.11738000,1774897199999,33224348.75775090,131192,231.61494000,15450459.53656880
1774897200000,2026-03-30 19:00:00,66653.45000000,66664.57000000,66233.13000000,66550.05000000,597.89786000,1774900799999,39708455.61995380,174554,264.65959000,17577067.90727730
1774900800000,2026-03-30 20:00:00,66550.06000000,66691.48000000,66523.75000000,66651.40000000,324.61202000,1774904399999,21626734.13750420,97052,186.60819000,12432587.33779930
1774904400000,2026-03-30 21:00:00,66651.41000000,66994.17000000,66587.32000000,66809.30000000,481.42200000,1774907999999,32176094.05658280,103837,300.52215000,20086689.42286470
1774908000000,2026-03-30 22:00:00,66809.30000000,66989.10000000,66683.72000000,66784.98000000,169.50316000,1774911599999,11323907.01066270,84983,88.94477000,5942175.39689690
1774911600000,2026-03-30 23:00:00,66784.97000000,66797.38000000,66419.79000000,66797.37000000,698.24190000,1774915199999,46524917.36265630,104369,372.17526000,24801157.23354730
1774915200000,2026-03-31 00:00:00,66797.38000000,67303.33000000,66544.51000000,67208.75000000,658.94529000,1774918799999,44099695.95802050,191088,393.59593000,26337297.18462730
1774918800000,2026-03-31 01:00:00,67208.74000000,68408.37000000,67050.00000000,67938.54000000,1458.05548000,1774922399999,99050575.10019290,292849,873.13890000,59302635.77809830
1774922400000,2026-03-31 02:00:00,67938.05000000,68096.87000000,67775.18000000,67943.43000000,435.18783000,1774925999999,29578428.18537370,128083,208.78517000,14193436.69793270
1774926000000,2026-03-31 03:00:00,67943.43000000,68009.99000000,67648.20000000,67704.74000000,387.87365000,1774929599999,26289906.18248110,105922,146.71679000,9947468.19427580
1774929600000,2026-03-31 04:00:00,67704.74000000,67979.38000000,67405.89000000,67544.01000000,1149.88888000,1774933199999,77791058.60147990,123939,414.63081000,28072242.56284930
1774933200000,2026-03-31 05:00:00,67544.01000000,67780.34000000,67400.00000000,67681.68000000,653.43122000,1774936799999,44182442.32722170,133582,376.73227000,25475279.72172830
1774936800000,2026-03-31 06:00:00,67681.69000000,67711.02000000,67333.33000000,67492.85000000,511.27605000,1774940399999,34498903.01793590,121493,217.23934000,14658196.15887340
1774940400000,2026-03-31 07:00:00,67492.86000000,67524.65000000,67103.32000000,67367.69000000,1579.98188000,1774943999999,106359970.37887380,145622,605.41659000,40752722.83813930
1774944000000,2026-03-31 08:00:00,67367.70000000,67496.00000000,66688.68000000,66778.33000000,897.84489000,1774947599999,60236165.71417170,174041,260.15629000,17440128.50515050
1774947600000,2026-03-31 09:00:00,66778.34000000,66924.33000000,65998.05000000,66124.99000000,1512.48446000,1774951199999,100534455.69498610,239700,619.46699000,41195786.67252270
1774951200000,2026-03-31 10:00:00,66125.00000000,66471.08000000,66100.01000000,66363.38000000,788.27557000,1774954799999,52286554.16901580,145303,446.23322000,29600794.36372680
1774954800000,2026-03-31 11:00:00,66363.38000000,66922.58000000,66240.14000000,66685.69000000,989.38590000,1774958399999,65932634.07422250,203458,585.61079000,39041757.43658500
1774958400000,2026-03-31 12:00:00,66685.69000000,66939.90000000,66520.71000000,66653.26000000,539.00678000,1774961999999,35968795.42615870,164024,249.72259000,16669203.41980990
1774962000000,2026-03-31 13:00:00,66653.27000000,67412.11000000,66653.27000000,67302.29000000,1087.22021000,1774965599999,72908698.11796710,258227,516.73142000,34659481.95901590
1774965600000,2026-03-31 14:00:00,67302.28000000,67767.87000000,66427.53000000,66587.45000000,1485.37387000,1774969199999,99828835.82544670,390117,615.24153000,41366461.52203150
1774969200000,2026-03-31 15:00:00,66587.46000000,67283.25000000,66587.46000000,66736.80000000,1025.58837000,1774972799999,68683924.15282990,312283,471.74334000,31592794.24344920
1774972800000,2026-03-31 16:00:00,66736.79000000,68030.19000000,66729.28000000,67665.83000000,1334.03651000,1774976399999,90073634.23369340,426038,791.73792000,53466071.56471700
1774976400000,2026-03-31 17:00:00,67665.83000000,68589.49000000,67403.81000000,67526.75000000,2195.81331000,1774979999999,149343648.76112850,448962,1202.72660000,81809747.02542920
1774980000000,2026-03-31 18:00:00,67526.76000000,67947.98000000,67526.30000000,67854.05000000,426.40012000,1774983599999,28895375.38281240,185882,239.23889000,16210906.26900550
1774983600000,2026-03-31 19:00:00,67854.04000000,68029.41000000,67716.35000000,67838.80000000,435.24470000,1774987199999,29547211.87706960,175714,226.51613000,15378912.27715780
1774987200000,2026-03-31 20:00:00,67838.79000000,68267.27000000,67831.70000000,68265.53000000,693.06575000,1774990799999,47172293.05023890,124089,410.82614000,27963636.23158320
1774990800000,2026-03-31 21:00:00,68265.53000000,68410.30000000,67884.00000000,68277.99000000,494.48096000,1774994399999,33688500.93994790,141839,250.24542000,17052115.05753510
1774994400000,2026-03-31 22:00:00,68278.00000000,68341.16000000,67962.27000000,68172.87000000,755.55219000,1774997999999,51503495.35879560,117127,264.28520000,18016406.72774300
1774998000000,2026-03-31 23:00:00,68173.59000000,68371.10000000,68090.20000000,68284.48000000,610.99275000,1775001599999,41713284.92481030,97438,339.44435000,23175210.35477520
1775001600000,2026-04-01 00:00:00,68284.49000000,68343.77000000,67853.30000000,68330.75000000,542.79511000,1775005199999,36964428.93061490,141298,252.65587000,17213688.18016080
1775005200000,2026-04-01 01:00:00,68330.76000000,68378.64000000,67760.33000000,67782.73000000,966.68117000,1775008799999,65737891.74542960,152219,451.41432000,30707390.32154280
1775008800000,2026-04-01 02:00:00,67782.74000000,67913.98000000,67578.75000000,67668.89000000,1114.17912000,1775012399999,75488162.13177470,130482,649.11440000,43985748.97755530
1775012400000,2026-04-01 03:00:00,67668.90000000,68250.00000000,67668.90000000,68170.67000000,551.94514000,1775015999999,37558350.26551910,120855,349.53131000,23783777.99938570
1775016000000,2026-04-01 04:00:00,68170.67000000,68476.26000000,68005.33000000,68303.83000000,711.87735000,1775019599999,48535951.60710270,120404,337.86260000,23046727.78343420
1775019600000,2026-04-01 05:00:00,68303.83000000,68755.51000000,68150.00000000,68456.02000000,817.48120000,1775023199999,55986817.21679960,158981,463.29679000,31734140.77878020
1775023200000,2026-04-01 06:00:00,68456.01000000,69236.78000000,68456.01000000,69102.85000000,1241.29278000,1775026799999,85573484.95886900,202557,713.59364000,49186265.97719930
1775026800000,2026-04-01 07:00:00,69102.80000000,69310.00000000,68667.02000000,68692.00000000,1537.59500000,1775030399999,105998400.75327100,167297,705.91630000,48676245.49567160
1775030400000,2026-04-01 08:00:00,68692.00000000,68851.35000000,68389.21000000,68670.16000000,1279.02403000,1775033999999,87770962.70435710,164398,646.66797000,44385789.48872460
1775034000000,2026-04-01 09:00:00,68670.15000000,68733.78000000,68390.25000000,68644.00000000,480.44871000,1775037599999,32932448.57406850,132848,204.76908000,14035233.50950630
1775037600000,2026-04-01 10:00:00,68644.01000000,68662.26000000,68407.08000000,68585.55000000,974.80784000,1775041199999,66814968.08018820,102851,540.28750000,37043728.53336050
1775041200000,2026-04-01 11:00:00,68585.55000000,68736.15000000,68505.91000000,68712.52000000,752.56981000,1775044799999,51618577.00415970,95196,401.14208000,27516179.91227430
1775044800000,2026-04-01 12:00:00,68712.52000000,68786.00000000,68248.30000000,68393.60000000,1365.22557000,1775048399999,93540401.20873220,194431,667.88113000,45775769.66903160
1775048400000,2026-04-01 13:00:00,68393.60000000,68681.25000000,67918.83000000,68116.07000000,1032.06992000,1775051999999,70434739.26557510,277507,540.26179000,36877380.38770190
1775052000000,2026-04-01 14:00:00,68116.06000000,68690.98000000,68059.38000000,68593.55000000,905.17080000,1775055599999,61909080.15701970,261893,500.73278000,34248483.32968650
1775055600000,2026-04-01 15:00:00,68593.56000000,68965.00000000,68428.94000000,68918.52000000,789.38357000,1775059199999,54260261.72272200,200302,463.37926000,31862679.74154320
1775059200000,2026-04-01 16:00:00,68918.52000000,68986.66000000,68610.00000000,68816.34000000,705.16345000,1775062799999,48516428.75388470,176410,316.64930000,21791070.15640720
1775062800000,2026-04-01 17:00:00,68816.35000000,69171.77000000,68247.17000000,68266.62000000,768.87563000,1775066399999,52768433.45993800,204552,372.93641000,25601608.69850940
1775066400000,2026-04-01 18:00:00,68266.62000000,68330.31000000,67939.28000000,68084.76000000,723.37275000,1775069999999,49263746.84140430,208686,326.20418000,22218564.89573690
1775070000000,2026-04-01 19:00:00,68084.76000000,68287.39000000,68028.19000000,68176.84000000,412.79717000,1775073599999,28136244.52823470,129547,174.51165000,11896068.00215520
1775073600000,2026-04-01 20:00:00,68176.84000000,68249.00000000,67964.48000000,68191.09000000,276.10606000,1775077199999,18805997.98911810,86847,136.35869000,9287103.25076330
1775077200000,2026-04-01 21:00:00,68191.09000000,68534.00000000,68171.56000000,68362.53000000,326.52766000,1775080799999,22321978.93075000,106122,167.57464000,11455540.35686060
1775080800000,2026-04-01 22:00:00,68362.53000000,68362.53000000,68070.38000000,68122.99000000,270.47066000,1775084399999,18446321.39376620,113098,114.58390000,7815403.24366690
1775084400000,2026-04-01 23:00:00,68122.99000000,68250.00000000,67996.89000000,68113.92000000,474.32940000,1775087999999,32324148.85122520,93129,205.17285000,13981445.23725490
1775088000000,2026-04-02 00:00:00,68113.92000000,68653.38000000,68050.00000000,68600.29000000,409.19040000,1775091599999,27960256.89941370,136511,267.95482000,18310801.07604320
1775091600000,2026-04-02 01:00:00,68600.29000000,68600.29000000,67050.84000000,67359.27000000,1944.08944000,1775095199999,131509479.57062290,491555,850.72002000,57541378.82090990
1775095200000,2026-04-02 02:00:00,67359.27000000,67359.27000000,66624.64000000,66852.99000000,1169.08434000,1775098799999,78314042.42290720,250515,631.82594000,42336621.67846850
1775098800000,2026-04-02 03:00:00,66852.99000000,66969.54000000,66500.00000000,66576.25000000,767.73135000,1775102399999,51211754.34199110,151127,367.59086000,24524389.17109150
1775102400000,2026-04-02 04:00:00,66576.25000000,66655.46000000,66217.07000000,66330.27000000,889.41375000,1775105999999,59110679.95759940,139567,534.91115000,35554007.89900210
1775106000000,2026-04-02 05:00:00,66330.27000000,66667.92000000,66311.00000000,66591.54000000,966.27870000,1775109599999,64230224.34491760,128712,472.50635000,31415975.02164580
1775109600000,2026-04-02 06:00:00,66591.54000000,66824.95000000,66548.45000000,66681.49000000,493.29026000,1775113199999,32876884.97382520,106254,214.93046000,14323889.50269500
1775113200000,2026-04-02 07:00:00,66681.48000000,66961.26000000,66557.33000000,66930.79000000,645.82875000,1775116799999,43150864.68477260,115984,458.12166000,30610762.83959840
1775116800000,2026-04-02 08:00:00,66930.79000000,66930.79000000,66180.00000000,66439.12000000,781.90752000,1775120399999,52046931.22954880,104427,295.15421000,19663951.37293900
1775120400000,2026-04-02 09:00:00,66439.12000000,66517.43000000,66294.00000000,66469.60000000,483.38047000,1775123999999,32106010.61299890,97061,230.23561000,15293051.14941320
1775124000000,2026-04-02 10:00:00,66469.60000000,66511.79000000,66229.55000000,66457.28000000,452.52391000,1775127599999,30041576.81068710,104569,239.02508000,15869856.33292130
1775127600000,2026-04-02 11:00:00,66457.28000000,66516.06000000,66167.10000000,66220.28000000,1122.63022000,1775131199999,74524370.55403610,132520,574.64570000,38141550.52711000
1775131200000,2026-04-02 12:00:00,66220.28000000,66248.51000000,65961.66000000,66052.71000000,1024.11018000,1775134799999,67692571.59234280,189417,509.61891000,33695857.46787150
1775134800000,2026-04-02 13:00:00,66052.71000000,66285.81000000,65712.12000000,66270.87000000,1225.30288000,1775138399999,80872803.47669770,300566,678.86881000,44817138.48815310
1775138400000,2026-04-02 14:00:00,66270.87000000,67104.86000000,66168.07000000,66868.18000000,1908.17735000,1775141999999,127203440.56691690,424868,1124.33232000,74927260.76425990
1775142000000,2026-04-02 15:00:00,66868.17000000,66994.51000000,66646.36000000,66852.91000000,825.60342000,1775145599999,55170936.22906390,232042,414.68655000,27715984.55405270
1775145600000,2026-04-02 16:00:00,66852.91000000,67300.00000000,66759.28000000,67095.85000000,920.46412000,1775149199999,61691443.80149260,223859,538.57150000,36093044.73557410
1775149200000,2026-04-02 17:00:00,67095.85000000,67430.99000000,66666.66000000,66679.16000000,1455.89824000,1775152799999,97664163.22288450,205313,447.60909000,30044616.34000270
1775152800000,2026-04-02 18:00:00,66679.16000000,67065.35000000,66596.80000000,66981.99000000,929.27922000,1775156399999,62035411.18809850,211669,343.15033000,22921113.68446080
1775156400000,2026-04-02 19:00:00,66981.99000000,67109.09000000,66878.00000000,66975.99000000,436.15774000,1775159999999,29226624.75962900,140367,239.10722000,16023205.15497330
1775160000000,2026-04-02 20:00:00,66976.00000000,67100.00000000,66798.00000000,66939.25000000,284.18038000,1775163599999,19026306.06156350,76199,132.33454000,8860931.56718730
1775163600000,2026-04-02 21:00:00,66939.25000000,67012.09000000,66731.08000000,66935.93000000,272.54969000,1775167199999,18223681.16017340,73662,106.42405000,7115876.72178520
1775167200000,2026-04-02 22:00:00,66935.94000000,67037.48000000,66825.61000000,66982.48000000,352.22156000,1775170799999,23588882.13768700,77612,180.65906000,12097774.79050900
1775170800000,2026-04-02 23:00:00,66982.48000000,67096.68000000,66855.50000000,66901.99000000,444.18527000,1775174399999,29744120.92718680,74757,237.67196000,15916424.21508300
1775174400000,2026-04-03 00:00:00,66901.99000000,67000.00000000,66702.83000000,66785.86000000,388.08477000,1775177999999,25935623.75351030,84936,165.46570000,11058640.59171990
1775178000000,2026-04-03 01:00:00,66785.87000000,66905.61000000,66483.90000000,66630.00000000,613.91410000,1775181599999,40946214.43649850,106738,282.79126000,18860795.05977250
1775181600000,2026-04-03 02:00:00,66630.01000000,66750.57000000,66282.00000000,66533.81000000,625.36210000,1775185199999,41574456.13415750,142176,265.62143000,17655795.50634820
1775185200000,2026-04-03 03:00:00,66533.82000000,66724.17000000,66495.69000000,66579.97000000,581.20992000,1775188799999,38709710.21394640,95482,289.35481000,19270986.05092670
1775188800000,2026-04-03 04:00:00,66579.98000000,66699.99000000,66500.04000000,66602.66000000,733.15532000,1775192399999,48823592.01990280,98051,353.43585000,23531979.69851040
1775192400000,2026-04-03 05:00:00,66602.67000000,66808.50000000,66416.68000000,66600.35000000,822.39566000,1775195999999,54784775.90680640,112026,226.30285000,15077691.91316360
1775196000000,2026-04-03 06:00:00,66600.35000000,66800.00000000,66558.76000000,66796.79000000,434.29670000,1775199599999,28967794.37401120,92265,218.93431000,14603173.85670640
1775199600000,2026-04-03 07:00:00,66796.80000000,67247.38000000,66758.00000000,67042.08000000,883.37731000,1775203199999,59166675.13761950,131573,440.57361000,29506656.04864530
1775203200000,2026-04-03 08:00:00,67042.08000000,67288.00000000,66900.56000000,66965.39000000,717.16964000,1775206799999,48130283.19618830,101673,354.84497000,23815803.85976730
1775206800000,2026-04-03 09:00:00,66965.39000000,67007.93000000,66749.35000000,66859.58000000,291.40037000,1775210399999,19483732.47843880,68855,108.40447000,7247893.36294180
1775210400000,2026-04-03 10:00:00,66859.58000000,66898.97000000,66674.72000000,66883.08000000,215.33139000,1775213999999,14386863.84084940,75036,117.89695000,7878133.70145000
1775214000000,2026-04-03 11:00:00,66883.09000000,67057.42000000,66823.18000000,67017.44000000,215.91455000,1775217599999,14454508.97438670,76742,123.28272000,8253169.51827830
1775217600000,2026-04-03 12:00:00,67017.43000000,67370.42000000,66646.36000000,66722.16000000,808.01051000,1775221199999,54115822.88762220,157562,435.16358000,29144311.32469070
1775221200000,2026-04-03 13:00:00,66722.16000000,66735.62000000,66508.10000000,66672.00000000,554.93399000,1775224799999,36981654.88069260,127436,292.42388000,19488071.71092170
1775224800000,2026-04-03 14:00:00,66671.99000000,66990.59000000,66634.00000000,66929.81000000,530.03077000,1775228399999,35422476.14352930,103850,336.43042000,22481665.87923210
1775228400000,2026-04-03 15:00:00,66929.80000000,67028.37000000,66823.30000000,66827.15000000,465.79672000,1775231999999,31158451.49685070,78884,212.28521000,14202411.80886050
1775232000000,2026-04-03 16:00:00,66827.15000000,67069.00000000,66827.14000000,67010.46000000,361.06450000,1775235599999,24175580.06704410,67747,243.92393000,16333935.22957500
1775235600000,2026-04-03 17:00:00,67010.45000000,67067.00000000,66751.86000000,66855.01000000,378.12395000,1775239199999,25298850.90902560,64720,182.36531000,12204479.34168540
1775239200000,2026-04-03 18:00:00,66855.00000000,66930.00000000,66786.12000000,66812.03000000,187.13591000,1775242799999,12512991.27707400,41096,69.93927000,4675875.03218980
1775242800000,2026-04-03 19:00:00,66812.04000000,66911.19000000,66774.02000000,66885.74000000,289.39585000,1775246399999,19332643.91319650,37983,86.04754000,5748974.57587080
1775246400000,2026-04-03 20:00:00,66885.73000000,66919.61000000,66831.97000000,66831.98000000,141.97965000,1775249999999,9496075.29732810,30452,65.08233000,4352865.45975740
1775250000000,2026-04-03 21:00:00,66831.97000000,66970.18000000,66827.60000000,66964.21000000,378.17654000,1775253599999,25300686.35298880,35905,213.06306000,14253852.77599750
1775253600000,2026-04-03 22:00:00,66964.21000000,66970.17000000,66842.76000000,66888.76000000,287.42422000,1775257199999,19230971.64562410,50198,139.73008000,9348282.85268810
1775257200000,2026-04-03 23:00:00,66888.76000000,66964.30000000,66826.13000000,66964.30000000,525.44687000,1775260799999,35145171.64049630,41718,311.90634000,20863964.16301830
1775260800000,2026-04-04 00:00:00,66964.29000000,66968.28000000,66876.70000000,66893.39000000,159.10280000,1775264399999,10646456.78091570,48299,55.35853000,3704623.04453360
1775264400000,2026-04-04 01:00:00,66893.40000000,66924.48000000,66827.22000000,66852.00000000,418.46364000,1775267999999,27979725.79986680,50208,168.56955000,11270213.10179860
1775268000000,2026-04-04 02:00:00,66852.00000000,66919.41000000,66814.00000000,66844.83000000,138.81793000,1775271599999,9278751.00449340,43550,68.62394000,4586806.45561500
1775271600000,2026-04-04 03:00:00,66844.84000000,66910.22000000,66830.23000000,66832.18000000,86.81929000,1775275199999,5804843.56221130,41431,58.22716000,3893158.70681640
1775275200000,2026-04-04 04:00:00,66832.18000000,66876.32000000,66775.91000000,66860.73000000,180.50471000,1775278799999,12065954.14235710,45240,105.69605000,7065139.59671420
1775278800000,2026-04-04 05:00:00,66860.73000000,66936.72000000,66844.14000000,66916.29000000,629.01422000,1775282399999,42073019.14948360,61330,242.11409000,16194125.58936300
1775282400000,2026-04-04 06:00:00,66916.30000000,67049.94000000,66911.20000000,67013.24000000,254.32193000,1775285999999,17030959.83733730,46718,161.67315000,10827193.62573460
1775286000000,2026-04-04 07:00:00,67013.25000000,67052.99000000,66943.34000000,67014.96000000,664.43952000,1775289599999,44509173.98758150,45651,351.36407000,23535893.92237190
1775289600000,2026-04-04 08:00:00,67014.95000000,67057.42000000,66918.00000000,66940.00000000,398.19184000,1775293199999,26679760.87054080,54863,169.52690000,11358433.02262750
1775293200000,2026-04-04 09:00:00,66940.00000000,66994.52000000,66918.00000000,66988.05000000,295.09328000,1775296799999,19762296.78246320,45087,152.33716000,10202121.50545950
1775296800000,2026-04-04 10:00:00,66988.06000000,67167.00000000,66918.00000000,67167.00000000,290.85424000,1775300399999,19499760.76925700,53835,174.44836000,11697940.12226710
1775300400000,2026-04-04 11:00:00,67167.00000000,67232.72000000,67083.43000000,67156.93000000,363.18025000,1775303999999,24390097.91393990,59827,163.26317000,10964906.14908880
1775304000000,2026-04-04 12:00:00,67156.93000000,67185.00000000,67060.56000000,67097.87000000,140.59027000,1775307599999,9434241.45524300,53433,52.59715000,3529866.56090070
1775307600000,2026-04-04 13:00:00,67097.87000000,67267.00000000,67082.41000000,67193.44000000,362.06124000,1775311199999,24313128.73873560,63814,212.43152000,14266414.09751500
1775311200000,2026-04-04 14:00:00,67193.45000000,67223.51000000,67029.07000000,67215.24000000,369.07128000,1775314799999,24783845.02307620,51789,177.04129000,11889644.36560040
1775314800000,2026-04-04 15:00:00,67215.24000000,67562.93000000,67177.39000000,67383.66000000,635.57272000,1775318399999,42811516.86270110,118567,383.69492000,25843709.09621310
1775318400000,2026-04-04 16:00:00,67383.66000000,67520.85000000,67331.06000000,67366.68000000,294.26452000,1775321999999,19839379.81673670,88918,166.54867000,11228688.97469960
1775322000000,2026-04-04 17:00:00,67366.68000000,67416.48000000,67292.00000000,67329.40000000,254.01236000,1775325599999,17109581.77704760,61975,82.97374000,5589083.36205370
1775325600000,2026-04-04 18:00:00,67329.41000000,67380.98000000,67265.00000000,67295.47000000,120.36154000,1775329199999,8102901.84917970,53003,56.78714000,3823222.42129070
1775329200000,2026-04-04 19:00:00,67295.47000000,67543.60000000,67275.00000000,67288.42000000,189.77457000,1775332799999,12786944.79188610,82521,88.75017000,5980796.77420320
1775332800000,2026-04-04 20:00:00,67288.42000000,67295.81000000,67186.62000000,67268.40000000,186.97188000,1775336399999,12575614.20146970,42773,71.37199000,4800443.90879790
1775336400000,2026-04-04 21:00:00,67268.40000000,67504.54000000,67215.00000000,67359.20000000,238.42540000,1775339999999,16053722.66285710,44279,158.30254000,10660330.11891430
1775340000000,2026-04-04 22:00:00,67359.21000000,67470.93000000,67341.19000000,67399.92000000,306.33880000,1775343599999,20652301.84431400,56976,190.77584000,12861811.12135010
1775343600000,2026-04-04 23:00:00,67399.91000000,67399.99000000,67261.32000000,67300.42000000,397.26790000,1775347199999,26748037.79954980,42092,188.85222000,12715314.35197350
1775347200000,2026-04-05 00:00:00,67300.42000000,67307.28000000,67168.08000000,67225.00000000,431.18676000,1775350799999,28990651.21934800,40291,190.49077000,12808096.51449530
1775350800000,2026-04-05 01:00:00,67225.00000000,67230.00000000,67080.00000000,67085.00000000,369.56535000,1775354399999,24804947.44313110,46082,97.87381000,6569462.30185150
1775354400000,2026-04-05 02:00:00,67085.00000000,67174.92000000,66955.72000000,67170.16000000,252.42427000,1775357999999,16929769.01858470,49683,158.76053000,10648911.38455080
1775358000000,2026-04-05 03:00:00,67170.17000000,67188.09000000,67089.33000000,67145.98000000,163.69484000,1775361599999,10992361.14266110,25764,77.71113000,5218433.29307390
1775361600000,2026-04-05 04:00:00,67145.98000000,67188.51000000,67073.56000000,67101.65000000,92.89503000,1775365199999,6235159.29832850,34134,45.48249000,3052837.87640660
1775365200000,2026-04-05 05:00:00,67101.65000000,67154.98000000,66888.00000000,66931.65000000,466.39184000,1775368799999,31270743.11235110,46033,172.92905000,11596415.08057870
1775368800000,2026-04-05 06:00:00,66931.65000000,66940.00000000,66611.66000000,66802.24000000,728.34135000,1775372399999,48639529.70406410,98296,318.61939000,21277912.54296020
1775372400000,2026-04-05 07:00:00,66802.24000000,66914.48000000,66715.43000000,66820.64000000,615.79892000,1775375999999,41138481.35394100,57160,369.80444000,24704748.55964240
1775376000000,2026-04-05 08:00:00,66820.64000000,66940.00000000,66819.42000000,66933.18000000,227.07394000,1775379599999,15187012.47088830,47351,136.49533000,9128913.85484970
1775379600000,2026-04-05 09:00:00,66933.18000000,67048.64000000,66902.15000000,67035.15000000,293.93169000,1775383199999,19689042.00626700,56452,139.91406000,9371857.60450020
1775383200000,2026-04-05 10:00:00,67035.15000000,67150.00000000,66968.35000000,67046.01000000,288.35183000,1775386799999,19328318.24134770,57526,103.14866000,6914589.48655210
1775386800000,2026-04-05 11:00:00,67046.01000000,67087.22000000,66973.67000000,66999.00000000,253.07128000,1775390399999,16961671.81645900,52253,92.97574000,6231292.91879070
1775390400000,2026-04-05 12:00:00,66998.99000000,66999.00000000,66680.57000000,66783.58000000,607.98096000,1775393999999,40617469.21412620,104265,268.44502000,17930169.36155750
1775394000000,2026-04-05 13:00:00,66783.59000000,66918.03000000,66693.91000000,66890.70000000,361.31735000,1775397599999,24140522.55608390,84725,178.06402000,11896292.24448590
1775397600000,2026-04-05 14:00:00,66890.70000000,66963.95000000,66820.54000000,66918.03000000,296.03960000,1775401199999,19808174.30732100,61303,104.61038000,7000108.28555250
1775401200000,2026-04-05 15:00:00,66918.03000000,67856.16000000,66829.02000000,67306.64000000,1471.07760000,1775404799999,99178513.49805570,189283,748.01604000,50438804.24229330
1775404800000,2026-04-05 16:00:00,67306.65000000,67410.00000000,67173.40000000,67212.62000000,356.80623000,1775408399999,24015394.93189260,96776,143.69517000,9673214.95714860
1775408400000,2026-04-05 17:00:00,67212.61000000,67402.00000000,67187.95000000,67373.64000000,168.11139000,1775411999999,11313240.35971560,82775,91.37093000,6149474.69568250
1775412000000,2026-04-05 18:00:00,67373.64000000,67451.78000000,67281.38000000,67413.78000000,210.99631000,1775415599999,14214726.98279020,66215,76.23710000,5136731.55403360
1775415600000,2026-04-05 19:00:00,67413.78000000,67560.45000000,67276.67000000,67361.01000000,229.64378000,1775419199999,15481562.89705970,68409,108.50171000,7315955.92017370
1775419200000,2026-04-05 20:00:00,67361.01000000,67705.74000000,67332.66000000,67658.35000000,338.30366000,1775422799999,22851976.14415710,83629,200.12383000,13519080.63972470
1775422800000,2026-04-05 21:00:00,67658.35000000,67682.42000000,67408.07000000,67553.43000000,435.91664000,1775426399999,29440206.85123280,96936,201.43749000,13605990.93974540
1775426400000,2026-04-05 22:00:00,67553.44000000,68374.75000000,67347.05000000,68338.43000000,1201.92322000,1775429999999,81583238.71928070,267569,711.55347000,48308238.68226950
1775430000000,2026-04-05 23:00:00,68338.43000000,69136.20000000,68266.13000000,69034.18000000,1872.62368000,1775433599999,128849264.03436320,293347,1055.29636000,72593939.19769290
1775433600000,2026-04-06 00:00:00,69034.18000000,69588.00000000,69034.18000000,69083.78000000,1917.91608000,1775437199999,132927144.14597200,331501,1012.46697000,70179811.52373100
1775437200000,2026-04-06 01:00:00,69083.79000000,69139.63000000,68787.13000000,68810.18000000,991.41564000,1775440799999,68307439.83036460,192471,482.09456000,33215969.88204520
1775440800000,2026-04-06 02:00:00,68810.17000000,69408.39000000,68776.61000000,69207.99000000,951.83494000,1775444399999,65860917.67492510,249670,509.22715000,35234719.34101730
1775444400000,2026-04-06 03:00:00,69207.99000000,69259.06000000,69056.86000000,69123.69000000,641.74895000,1775447999999,44378952.70015060,128990,284.83078000,19701008.23031880
1775448000000,2026-04-06 04:00:00,69123.69000000,69217.68000000,68980.36000000,69141.80000000,640.03746000,1775451599999,44235476.69196710,109220,390.07674000,26963457.80011010
1775451600000,2026-04-06 05:00:00,69141.81000000,69247.00000000,69086.00000000,69199.31000000,664.48642000,1775455199999,45965363.49458560,89949,386.42859000,26728938.06815740
1775455200000,2026-04-06 06:00:00,69199.31000000,69354.26000000,68806.53000000,68976.67000000,805.10068000,1775458799999,55594348.35866400,157904,407.86027000,28170778.43287290
1775458800000,2026-04-06 07:00:00,68976.67000000,69215.37000000,68821.07000000,69115.91000000,705.20265000,1775462399999,48679863.14195620,128759,232.48278000,16048020.07809180
1775462400000,2026-04-06 08:00:00,69115.91000000,69347.85000000,69081.88000000,69224.63000000,514.80546000,1775465999999,35635175.97655080,129541,317.71144000,21993723.22086770
1775466000000,2026-04-06 09:00:00,69224.63000000,70283.32000000,69214.46000000,69728.00000000,2395.68342000,1775469599999,167315166.40052890,304883,1244.45047000,86901794.80692690
1775469600000,2026-04-06 10:00:00,69728.01000000,69950.00000000,69708.13000000,69770.88000000,634.91449000,1775473199999,44324229.78224670,146780,369.56103000,25800256.03498180
1775473200000,2026-04-06 11:00:00,69770.88000000,69770.96000000,69565.01000000,69614.91000000,453.63795000,1775476799999,31600602.71047300,117169,211.75342000,14751135.42038940
1775476800000,2026-04-06 12:00:00,69614.91000000,69635.87000000,69329.23000000,69366.75000000,601.70240000,1775480399999,41803543.47239120,140090,272.90546000,18959358.12608820
1775480400000,2026-04-06 13:00:00,69366.76000000,69550.00000000,69235.09000000,69428.23000000,656.60844000,1775483999999,45558882.78412670,258853,341.38297000,23691310.17129430
1775484000000,2026-04-06 14:00:00,69428.23000000,69809.99000000,69163.86000000,69654.38000000,1336.92282000,1775487599999,92916180.75370370,395903,708.12338000,49223213.96364590
1775487600000,2026-04-06 15:00:00,69654.39000000,69973.25000000,69526.87000000,69968.87000000,814.13173000,1775491199999,56796978.44530810,276253,477.63131000,33327648.07433710
1775491200000,2026-04-06 16:00:00,69968.87000000,70351.46000000,69782.11000000,69799.14000000,1291.21899000,1775494799999,90435596.27018830,276616,689.23501000,48286575.86493810
1775494800000,2026-04-06 17:00:00,69799.14000000,69820.00000000,69282.02000000,69574.61000000,914.30002000,1775498399999,63557824.98045970,288489,344.26037000,23923954.96914500
1775498400000,2026-04-06 18:00:00,69574.62000000,69967.78000000,69479.49000000,69888.97000000,537.79955000,1775501999999,37514817.07064020,200370,257.57570000,17966784.79577560
1775502000000,2026-04-06 19:00:00,69888.97000000,69899.99000000,69583.33000000,69739.53000000,431.93913000,1775505599999,30132056.82739740,126326,190.35964000,13280665.41966790
1775505600000,2026-04-06 20:00:00,69739.52000000,69974.08000000,69625.00000000,69826.01000000,372.95882000,1775509199999,26043000.02959660,107988,179.96656000,12566530.46800670
1775509200000,2026-04-06 21:00:00,69826.00000000,69826.00000000,69423.09000000,69504.99000000,366.00988000,1775512799999,25469651.53245330,87356,138.89173000,9665622.59880780
1775512800000,2026-04-06 22:00:00,69504.99000000,69581.92000000,68811.00000000,68811.00000000,578.82627000,1775516399999,40059288.45672500,173755,240.79603000,16669541.56709070
1775516400000,2026-04-06 23:00:00,68811.01000000,68912.97000000,68300.00000000,68853.66000000,1062.40825000,1775519999999,72907671.56478790,276687,459.72021000,31546982.78009160
1775520000000,2026-04-07 00:00:00,68853.66000000,69128.20000000,68723.81000000,68775.70000000,908.20417000,1775523599999,62535426.34867100,251367,388.22631000,26738772.91977920
1775523600000,2026-04-07 01:00:00,68775.71000000,68900.63000000,68352.52000000,68400.01000000,682.14287000,1775527199999,46843653.79331180,242786,324.53017000,22290361.48533180
1775527200000,2026-04-07 02:00:00,68400.01000000,68713.92000000,68273.34000000,68674.00000000,382.32486000,1775530799999,26193720.02777830,171409,218.08999000,14943157.52834470
1775530800000,2026-04-07 03:00:00,68674.01000000,68800.94000000,68625.59000000,68779.21000000,449.64401000,1775534399999,30905923.06329750,108798,208.54379000,14334905.41315110
1775534400000,2026-04-07 04:00:00,68779.20000000,68981.83000000,68540.84000000,68854.65000000,480.37449000,1775537999999,33013647.99924810,118009,244.01190000,16774622.82202580
1775538000000,2026-04-07 05:00:00,68854.65000000,68866.00000000,68613.20000000,68669.00000000,546.70209000,1775541599999,37569041.68451130,82157,278.04184000,19104766.08187600
1775541600000,2026-04-07 06:00:00,68669.00000000,68669.01000000,68443.00000000,68568.35000000,488.73987000,1775545199999,33514162.93071660,80264,162.60420000,11146924.86601430
1775545200000,2026-04-07 07:00:00,68568.35000000,68703.72000000,68500.00000000,68624.61000000,307.81904000,1775548799999,21118408.29363710,79878,221.91944000,15224711.40132010
1775548800000,2026-04-07 08:00:00,68624.60000000,68984.48000000,68603.60000000,68936.71000000,338.93457000,1775552399999,23326977.96894650,122298,186.38126000,12827214.41344600
1775552400000,2026-04-07 09:00:00,68936.71000000,69247.90000000,68930.04000000,69150.05000000,436.92801000,1775555999999,30194541.20457000,120059,278.03061000,19212476.61107170
1775556000000,2026-04-07 10:00:00,69150.06000000,69199.87000000,68200.00000000,68237.93000000,899.01254000,1775559599999,61685973.57811850,214675,422.31226000,28988206.78306800
1775559600000,2026-04-07 11:00:00,68237.93000000,68455.96000000,68071.96000000,68345.75000000,598.71022000,1775563199999,40876226.39825970,145690,314.44852000,21472470.24158260
1775563200000,2026-04-07 12:00:00,68345.75000000,68599.13000000,68080.00000000,68392.18000000,738.67705000,1775566799999,50465046.34171030,170920,360.19433000,24607794.13095250
1775566800000,2026-04-07 13:00:00,68392.19000000,68633.87000000,68198.12000000,68231.99000000,822.06110000,1775570399999,56267085.21039560,193426,388.33997000,26585491.70402850
1775570400000,2026-04-07 14:00:00,68231.99000000,68258.26000000,67763.64000000,67860.48000000,1396.10082000,1775573999999,94928280.60849620,300701,642.47406000,43680347.94107910
1775574000000,2026-04-07 15:00:00,67860.49000000,68268.60000000,67732.01000000,68168.10000000,1084.45539000,1775577599999,73756197.39498770,212877,598.85173000,40737779.67346830
1775577600000,2026-04-07 16:00:00,68168.11000000,68454.23000000,68085.01000000,68229.99000000,654.26405000,1775581199999,44660742.03023800,189868,299.38232000,20438082.15742110
1775581200000,2026-04-07 17:00:00,68230.00000000,69000.00000000,68198.22000000,68705.81000000,1147.70463000,1775584799999,78749716.21492340,183673,588.95003000,40407202.20740440
1775584800000,2026-04-07 18:00:00,68705.82000000,68773.24000000,68358.10000000,68442.53000000,630.41269000,1775588399999,43220536.83789390,132017,254.38832000,17441416.16408200
1775588400000,2026-04-07 19:00:00,68442.52000000,69098.44000000,68358.10000000,69011.29000000,1385.03929000,1775591999999,95205486.33213650,258140,788.46432000,54218087.71954990
1775592000000,2026-04-07 20:00:00,69011.29000000,69535.26000000,69011.29000000,69319.39000000,1097.55478000,1775595599999,76092164.74444420,196904,602.73804000,41768553.10650390
1775595600000,2026-04-07 21:00:00,69319.39000000,70216.68000000,69311.84000000,69927.64000000,1742.03489000,1775599199999,121646710.92636000,271263,1006.74781000,70272186.03918680
1775599200000,2026-04-07 22:00:00,69927.65000000,71528.00000000,69927.65000000,71514.09000000,2841.66596000,1775602799999,201139060.14479520,484080,1690.88345000,119710993.56375820
1775602800000,2026-04-07 23:00:00,71514.10000000,72761.00000000,71194.90000000,71924.22000000,3690.98922000,1775606399999,265729125.76524950,540447,1996.62804000,143803564.25659740
1775606400000,2026-04-08 00:00:00,71924.22000000,72110.65000000,71541.51000000,71710.19000000,1153.45069000,1775609999999,82891585.01686800,253574,538.76691000,38728046.05767560
1775610000000,2026-04-08 01:00:00,71710.19000000,71758.60000000,71452.68000000,71476.97000000,621.62060000,1775613599999,44495839.96351390,134202,238.54978000,17076251.46434730
1775613600000,2026-04-08 02:00:00,71476.98000000,71727.01000000,71240.99000000,71364.94000000,1153.76247000,1775617199999,82424661.49944920,141406,513.49349000,36681877.87495930
1775617200000,2026-04-08 03:00:00,71364.95000000,71479.97000000,71277.18000000,71287.39000000,441.23135000,1775620799999,31484697.11909310,72060,223.82891000,15973246.63021220
1775620800000,2026-04-08 04:00:00,71287.39000000,71676.77000000,71287.38000000,71566.18000000,721.11279000,1775624399999,51578505.23998400,86939,341.78501000,24439391.60504520
1775624400000,2026-04-08 05:00:00,71566.66000000,71831.60000000,71560.00000000,71731.10000000,821.79755000,1775627999999,58915453.82619520,93637,331.29795000,23751683.91285600
1775628000000,2026-04-08 06:00:00,71731.10000000,71941.42000000,71581.14000000,71732.69000000,811.19618000,1775631599999,58236985.77407320,104409,319.07031000,22907860.87372410
1775631600000,2026-04-08 07:00:00,71732.70000000,71902.00000000,71573.04000000,71627.59000000,943.84918000,1775635199999,67665254.51548020,102943,371.88590000,26670940.33087160
1775635200000,2026-04-08 08:00:00,71627.59000000,71831.08000000,71627.59000000,71800.00000000,501.15204000,1775638799999,35952018.14116090,103512,259.57719000,18621278.99476090
1775638800000,2026-04-08 09:00:00,71799.99000000,71955.00000000,71588.75000000,71678.87000000,419.99950000,1775642399999,30146289.52044260,82392,199.49447000,14318966.69416410
1775642400000,2026-04-08 10:00:00,71678.87000000,71790.00000000,71457.61000000,71476.98000000,514.21900000,1775645999999,36814034.80289980,79930,243.36114000,17425859.95430600
1775646000000,2026-04-08 11:00:00,71476.97000000,71739.67000000,71407.77000000,71675.12000000,779.27898000,1775649599999,55772042.31784200,111924,411.05486000,29423768.39756760
1775649600000,2026-04-08 12:00:00,71675.12000000,72181.81000000,71581.76000000,72071.95000000,1226.00544000,1775653199999,88153457.08858580,178515,724.92282000,52108258.30582620
1775653200000,2026-04-08 13:00:00,72071.95000000,72857.00000000,71510.00000000,71600.01000000,2821.31683000,1775656799999,203814663.51887350,477399,1497.69020000,108256438.14670040
1775656800000,2026-04-08 14:00:00,71600.00000000,71751.42000000,70707.23000000,70912.88000000,1895.54834000,1775660399999,134991889.45351690,403864,946.92613000,67470302.13379200
1775660400000,2026-04-08 15:00:00,70912.89000000,71349.05000000,70833.30000000,71310.00000000,873.16856000,1775663999999,62084245.33445890,232188,523.14458000,37194616.71438190
1775664000000,2026-04-08 16:00:00,71309.99000000,71699.00000000,71250.93000000,71602.10000000,757.94566000,1775667599999,54126352.64163860,194907,376.94403000,26925565.52119320
1775667600000,2026-04-08 17:00:00,71602.11000000,71963.94000000,71490.55000000,71888.19000000,682.09647000,1775671199999,48942093.05975300,214797,277.40099000,19905281.38287210
1775671200000,2026-04-08 18:00:00,71888.19000000,71888.20000000,71085.22000000,71099.63000000,703.75724000,1775674799999,50294135.18370860,231142,229.32074000,16386364.06125940
1775674800000,2026-04-08 19:00:00,71099.63000000,71372.22000000,71019.00000000,71318.48000000,473.49397000,1775678399999,33723179.04399720,139329,259.32314000,18473563.28507250
1775678400000,2026-04-08 20:00:00,71318.47000000,71481.70000000,71267.91000000,71372.93000000,226.24698000,1775681999999,16152198.57358860,69395,112.93101000,8062860.62709960
1775682000000,2026-04-08 21:00:00,71372.94000000,71748.00000000,71330.86000000,71551.39000000,367.89907000,1775685599999,26332237.35440510,92323,219.27066000,15691367.66751900
1775685600000,2026-04-08 22:00:00,71551.40000000,71571.60000000,71064.84000000,71064.84000000,374.67564000,1775689199999,26707263.71065450,109207,136.61402000,9742067.30300740
1775689200000,2026-04-08 23:00:00,71064.84000000,71204.00000000,70901.89000000,71069.93000000,517.86174000,1775692799999,36785105.35194100,133994,273.54765000,19430418.89961720
1775692800000,2026-04-09 00:00:00,71069.93000000,71133.71000000,70650.00000000,70815.50000000,677.85142000,1775696399999,48038062.70253540,169391,245.86977000,17425806.09325670
1775696400000,2026-04-09 01:00:00,70815.50000000,70956.70000000,70466.00000000,70928.89000000,495.03665000,1775699999999,34985280.95371070,168131,225.11705000,15916378.65194420
1775700000000,2026-04-09 02:00:00,70928.90000000,71198.80000000,70816.36000000,71060.64000000,664.15391000,1775703599999,47176321.80516600,117526,361.88993000,25708549.81489580
1775703600000,2026-04-09 03:00:00,71060.64000000,71124.05000000,70845.27000000,70992.39000000,808.25356000,1775707199999,57361048.14565430,96910,405.42183000,28772137.19525930
1775707200000,2026-04-09 04:00:00,70992.37000000,71006.13000000,70734.77000000,70782.00000000,304.15042000,1775710799999,21558329.14662290,69255,146.31994000,10372413.34033220
1775710800000,2026-04-09 05:00:00,70781.99000000,71087.12000000,70689.38000000,70984.00000000,495.40100000,1775714399999,35145622.92571430,86786,282.36150000,20035432.60347970
1775714400000,2026-04-09 06:00:00,70983.99000000,71082.71000000,70809.94000000,71031.84000000,538.94746000,1775717999999,38238214.59863320,102825,302.39915000,21456216.05605320
1775718000000,2026-04-09 07:00:00,71031.83000000,71116.00000000,70955.40000000,70982.01000000,922.88611000,1775721599999,65541937.06013670,88429,578.50797000,41084613.75990110
1775721600000,2026-04-09 08:00:00,70982.01000000,71380.00000000,70865.42000000,71249.51000000,562.42694000,1775725199999,40032815.02644750,102601,342.63200000,24386555.29772850
1775725200000,2026-04-09 09:00:00,71249.51000000,71575.00000000,71109.99000000,71534.68000000,512.02010000,1775728799999,36525899.96515650,91222,341.85244000,24388204.91436260
1775728800000,2026-04-09 10:00:00,71534.69000000,71534.69000000,71276.44000000,71276.45000000,304.66693000,1775732399999,21758827.01283900,75633,153.38919000,10953908.46185670
1775732400000,2026-04-09 11:00:00,71276.45000000,71350.00000000,71038.50000000,71150.17000000,446.85377000,1775735999999,31797614.69081350,79474,188.57732000,13418130.84760710
1775736000000,2026-04-09 12:00:00,71150.17000000,71328.79000000,71040.00000000,71279.63000000,382.04593000,1775739599999,27196614.89900600,116594,177.01183000,12605509.99921850
1775739600000,2026-04-09 13:00:00,71279.63000000,71355.24000000,70629.30000000,70801.98000000,696.59545000,1775743199999,49413505.30807360,209315,290.76332000,20627884.74145890
1775743200000,2026-04-09 14:00:00,70801.97000000,71250.39000000,70522.77000000,71123.71000000,873.72309000,1775746799999,61939752.85800190,233439,496.53372000,35201249.50010530
1775746800000,2026-04-09 15:00:00,71123.71000000,72358.00000000,70929.44000000,72141.99000000,2048.75279000,1775750399999,147202932.61704060,432456,1179.30467000,84736553.45247400
1775750400000,2026-04-09 16:00:00,72142.00000000,72399.00000000,71729.66000000,72080.87000000,1429.68310000,1775753999999,103099259.98964210,294918,681.09321000,49135442.07976680
1775754000000,2026-04-09 17:00:00,72080.86000000,72550.00000000,72062.38000000,72347.49000000,1415.90923000,1775757599999,102489029.10684330,256507,754.48252000,54612904.10568540
1775757600000,2026-04-09 18:00:00,72348.00000000,72380.70000000,71747.68000000,71888.69000000,560.32535000,1775761199999,40309125.18299120,200612,261.58819000,18813878.98027550
1775761200000,2026-04-09 19:00:00,71888.69000000,72300.00000000,71750.00000000,72096.32000000,607.89039000,1775764799999,43799445.72300910,158739,353.02233000,25440680.35467840
1775764800000,2026-04-09 20:00:00,72096.33000000,72458.31000000,71985.95000000,72413.97000000,497.89389000,1775768399999,35987370.78313940,104156,275.77967000,19930997.10760630
1775768400000,2026-04-09 21:00:00,72413.96000000,72700.00000000,72142.79000000,72264.95000000,771.79321000,1775771999999,55848504.81802900,133227,402.56246000,29137647.19536840
1775772000000,2026-04-09 22:00:00,72264.96000000,73145.00000000,71945.94000000,71946.01000000,1345.32358000,1775775599999,97745801.51213870,206639,776.23347000,56434222.54469950
1775775600000,2026-04-09 23:00:00,71946.01000000,72025.53000000,71585.25000000,71787.97000000,795.83731000,1775779199999,57132499.17799120,178240,381.60423000,27394933.94515290
1775779200000,2026-04-10 00:00:00,71787.98000000,72028.40000000,71573.35000000,71963.03000000,967.97430000,1775782799999,69540187.22316390,177343,464.44817000,33361115.05799080
1775782800000,2026-04-10 01:00:00,71963.04000000,72387.00000000,71673.48000000,72157.93000000,679.67117000,1775786399999,48980349.65672390,183166,390.47373000,28134039.41987090
1775786400000,2026-04-10 02:00:00,72157.93000000,72291.04000000,71921.59000000,71965.36000000,515.54191000,1775789999999,37165170.26646720,103906,259.28386000,18690913.30004540
1775790000000,2026-04-10 03:00:00,71965.36000000,72027.37000000,71813.73000000,71868.67000000,543.68867000,1775793599999,39104360.77087340,93275,183.06425000,13164046.82056250
1775793600000,2026-04-10 04:00:00,71868.67000000,72212.84000000,71820.47000000,72117.29000000,734.17151000,1775797199999,52802042.35379000,87041,347.30276000,24978726.49492590
1775797200000,2026-04-10 05:00:00,72117.29000000,72267.89000000,72010.40000000,72127.84000000,408.69549000,1775800799999,29483491.77563260,80470,160.96291000,11612686.25631760
1775800800000,2026-04-10 06:00:00,72127.84000000,72179.85000000,71792.01000000,71805.38000000,448.00931000,1775804399999,32248992.02167220,97084,162.31835000,11685635.51062270
1775804400000,2026-04-10 07:00:00,71805.39000000,71837.59000000,71428.00000000,71481.85000000,702.39043000,1775807999999,50331092.46860470,116111,240.08192000,17203998.87335350
1775808000000,2026-04-10 08:00:00,71481.85000000,71769.41000000,71426.15000000,71606.07000000,624.89096000,1775811599999,44729277.51637780,93574,276.93974000,19826019.45354730
1775811600000,2026-04-10 09:00:00,71606.08000000,71873.00000000,71583.47000000,71787.41000000,281.02303000,1775815199999,20163196.12637230,90003,157.51829000,11303125.80621620
1775815200000,2026-04-10 10:00:00,71787.41000000,71928.29000000,71711.60000000,71910.09000000,238.63388000,1775818799999,17137722.79149980,59863,107.06587000,7690508.51180440
1775818800000,2026-04-10 11:00:00,71910.10000000,72261.93000000,71903.69000000,72127.59000000,421.17579000,1775822399999,30389986.67234560,111534,230.33764000,16620527.04313690
1775822400000,2026-04-10 12:00:00,72127.59000000,72458.00000000,72007.50000000,72258.68000000,733.42450000,1775825999999,52984821.15596600,157927,378.86868000,27373236.02388990
1775826000000,2026-04-10 13:00:00,72258.69000000,72409.41000000,71899.51000000,72321.40000000,673.26680000,1775829599999,48591633.94850610,175966,352.97511000,25486141.03899550
1775829600000,2026-04-10 14:00:00,72321.39000000,73155.58000000,72258.00000000,72909.00000000,2362.61980000,1775833199999,172047313.77100650,364338,1416.07416000,103116145.75004270
1775833200000,2026-04-10 15:00:00,72909.00000000,73289.96000000,72355.87000000,72460.51000000,1324.05053000,1775836799999,96414125.37618690,257240,586.95848000,42779931.49434650
1775836800000,2026-04-10 16:00:00,72460.52000000,73069.40000000,72387.41000000,72992.33000000,733.09003000,1775840399999,53317271.90317040,191787,463.39507000,33706763.73535840
1775840400000,2026-04-10 17:00:00,72992.32000000,73146.00000000,72802.96000000,73121.66000000,454.50524000,1775843999999,33157027.65196440,129537,256.18801000,18692760.52071810
1775844000000,2026-04-10 18:00:00,73121.66000000,73159.81000000,72880.95000000,73107.07000000,597.01721000,1775847599999,43583437.37025500,118164,323.92284000,23648720.58023210
1775847600000,2026-04-10 19:00:00,73107.07000000,73264.76000000,72900.00000000,73236.11000000,713.54118000,1775851199999,52137388.29776010,115349,386.18906000,28221504.35033690
1775851200000,2026-04-10 20:00:00,73236.11000000,73434.00000000,73051.97000000,73361.68000000,872.16866000,1775854799999,63876843.35565790,137530,512.24974000,37518994.14137280
1775854800000,2026-04-10 21:00:00,73361.68000000,73364.47000000,72934.53000000,73190.67000000,654.89865000,1775858399999,47869940.20693900,97611,304.46803000,22246781.90913070
1775858400000,2026-04-10 22:00:00,73190.68000000,73244.03000000,72700.60000000,72877.00000000,798.34690000,1775861999999,58284587.96684910,88020,373.59347000,27290924.86448270
1775862000000,2026-04-10 23:00:00,72877.01000000,72967.79000000,72791.96000000,72962.70000000,889.83693000,1775865599999,64855375.40787820,49469,485.06827000,35352655.54409590
1775865600000,2026-04-11 00:00:00,72962.71000000,72962.71000000,72787.94000000,72828.42000000,801.54149000,1775869199999,58402473.27313710,56493,415.67748000,30288818.75756890
1775869200000,2026-04-11 01:00:00,72828.42000000,72999.99000000,72670.00000000,72954.39000000,320.30020000,1775872799999,23324296.67599330,59118,146.51735000,10673776.45490540
1775872800000,2026-04-11 02:00:00,72954.39000000,73094.89000000,72910.93000000,72966.57000000,288.43552000,1775876399999,21056448.05311070,57560,128.23925000,9362069.97641940
1775876400000,2026-04-11 03:00:00,72966.58000000,73075.34000000,72814.42000000,72866.63000000,227.12944000,1775879999999,16573618.01340060,44084,104.74053000,7644201.50532010
1775880000000,2026-04-11 04:00:00,72866.62000000,72954.28000000,72681.90000000,72806.08000000,298.14959000,1775883599999,21704019.82943160,45783,139.59932000,10161507.86691510
1775883600000,2026-04-11 05:00:00,72806.08000000,72836.55000000,72679.08000000,72722.28000000,222.17067000,1775887199999,16167949.11561530,36947,106.01843000,7716143.41637590
1775887200000,2026-04-11 06:00:00,72722.28000000,72771.32000000,72612.16000000,72762.00000000,590.44339000,1775890799999,42920425.37722760,52977,364.55591000,26500438.36068180
1775890800000,2026-04-11 07:00:00,72762.01000000,72832.00000000,72672.56000000,72745.38000000,321.42327000,1775894399999,23385628.54332120,44028,210.40947000,15308962.75347730
1775894400000,2026-04-11 08:00:00,72745.38000000,72799.57000000,72638.44000000,72664.17000000,263.67236000,1775897999999,19174348.22322000,29200,156.43778000,11376106.92152860
1775898000000,2026-04-11 09:00:00,72664.16000000,72908.00000000,72617.75000000,72907.11000000,306.96352000,1775901599999,22337975.11950000,51068,176.87128000,12869748.41530380
1775901600000,2026-04-11 10:00:00,72907.12000000,72915.95000000,72760.90000000,72843.71000000,224.83128000,1775905199999,16375992.49047820,38211,127.85622000,9313588.44799770
1775905200000,2026-04-11 11:00:00,72843.70000000,72912.00000000,72826.37000000,72907.05000000,109.63598000,1775908799999,7987816.39326150,29708,57.75292000,4207860.33215380
1775908800000,2026-04-11 12:00:00,72907.05000000,72982.40000000,72814.97000000,72940.49000000,180.21756000,1775912399999,13139494.83578500,38941,99.24444000,7236190.10401820
1775912400000,2026-04-11 13:00:00,72940.50000000,72940.50000000,72513.09000000,72658.07000000,493.97275000,1775915999999,35904703.15493440,85293,170.83058000,12415339.08343990
1775916000000,2026-04-11 14:00:00,72658.07000000,72770.91000000,72609.27000000,72704.67000000,212.83973000,1775919599999,15468936.76633680,45333,112.49513000,8176613.09478900
1775919600000,2026-04-11 15:00:00,72704.66000000,72896.03000000,72678.00000000,72858.17000000,246.74388000,1775923199999,17957494.26622900,58674,138.98809000,10115626.49528760
1775923200000,2026-04-11 16:00:00,72858.18000000,73204.74000000,72812.94000000,73034.33000000,656.04744000,1775926799999,47861477.04197540,90094,424.28751000,30942055.47776000
1775926800000,2026-04-11 17:00:00,73034.34000000,73169.04000000,72942.06000000,73095.97000000,269.56328000,1775930399999,19698687.62818370,59183,104.22291000,7616883.00919820
1775930400000,2026-04-11 18:00:00,73095.97000000,73726.13000000,73032.61000000,73547.89000000,856.65701000,1775933999999,62942906.81803300,147995,491.26168000,36095161.48192490
1775934000000,2026-04-11 19:00:00,73547.90000000,73790.00000000,73472.38000000,73687.15000000,595.03700000,1775937599999,43817627.31324220,120747,278.12929000,20484252.48439220
1775937600000,2026-04-11 20:00:00,73687.16000000,73689.97000000,73226.28000000,73290.43000000,395.49217000,1775941199999,29040370.47716870,77222,158.64431000,11651065.21782450
1775941200000,2026-04-11 21:00:00,73290.43000000,73548.08000000,73200.48000000,73427.04000000,366.94025000,1775944799999,26938813.43354710,66984,208.01760000,15273193.13569210
1775944800000,2026-04-11 22:00:00,73427.04000000,73574.00000000,73234.25000000,73376.01000000,431.15797000,1775948399999,31636211.87010040,57637,213.81443000,15690937.52918680
1775948400000,2026-04-11 23:00:00,73376.01000000,73376.01000000,72907.40000000,73043.16000000,391.57799000,1775951999999,28619398.99643740,78761,138.86414000,10148469.67088060
1775952000000,2026-04-12 00:00:00,73043.16000000,73117.32000000,72873.25000000,73079.96000000,390.45862000,1775955599999,28508853.22217830,69036,184.09768000,13442230.93165050
1775955600000,2026-04-12 01:00:00,73079.96000000,73137.24000000,71310.00000000,71643.69000000,2072.10202000,1775959199999,149195848.28318890,318005,809.14167000,58179616.96187030
1775959200000,2026-04-12 02:00:00,71643.69000000,71982.46000000,71352.47000000,71761.35000000,839.35622000,1775962799999,60233975.90551890,192867,429.28203000,30806757.11574500
1775962800000,2026-04-12 03:00:00,71761.35000000,71861.33000000,71593.18000000,71593.19000000,790.20901000,1775966399999,56670454.86052210,92149,341.18865000,24468581.14246830
1775966400000,2026-04-12 04:00:00,71593.18000000,71685.31000000,71444.68000000,71466.53000000,611.50691000,1775969999999,43753760.53279030,70523,246.33437000,17625037.24292840
1775970000000,2026-04-12 05:00:00,71466.53000000,71781.00000000,71417.22000000,71710.20000000,667.76838000,1775973599999,47848805.53070960,55434,348.03595000,24933635.60927440
1775973600000,2026-04-12 06:00:00,71710.19000000,71753.33000000,71633.77000000,71668.01000000,377.10612000,1775977199999,27036333.79918160,32504,234.18309000,16791227.33240690
1775977200000,2026-04-12 07:00:00,71668.01000000,71747.31000000,71588.57000000,71665.00000000,313.33908000,1775980799999,22456747.47170640,35465,100.04764000,7170515.68204170
1775980800000,2026-04-12 08:00:00,71664.99000000,71805.85000000,71595.00000000,71629.21000000,922.36362000,1775984399999,66134158.57088390,42803,441.66198000,31664349.79690770
1775984400000,2026-04-12 09:00:00,71629.21000000,71633.01000000,71488.45000000,71531.94000000,372.12981000,1775987999999,26628235.85718090,35976,143.93768000,10298900.70759770
1775988000000,2026-04-12 10:00:00,71531.95000000,71682.72000000,71357.76000000,71452.89000000,274.78665000,1775991599999,19654281.23878540,46696,122.99463000,8796997.03422010
1775991600000,2026-04-12 11:00:00,71452.89000000,71556.12000000,71412.57000000,71468.55000000,211.53603000,1775995199999,15120261.40665550,36286,95.52816000,6829651.41689880
1775995200000,2026-04-12 12:00:00,71468.54000000,71500.00000000,71077.44000000,71084.01000000,608.12473000,1775998799999,43349064.63777700,77183,240.67289000,17158021.26785110
1775998800000,2026-04-12 13:00:00,71084.01000000,71146.03000000,70866.82000000,70889.42000000,708.82478000,1776002399999,50331220.27087170,132827,274.42708000,19486923.43844260
1776002400000,2026-04-12 14:00:00,70889.42000000,71092.78000000,70700.00000000,70748.34000000,541.94034000,1776005999999,38419904.22717110,97857,219.25626000,15547459.02490530
1776006000000,2026-04-12 15:00:00,70748.34000000,70932.00000000,70604.07000000,70892.03000000,502.43194000,1776009599999,35567537.69779960,71109,260.12120000,18417134.46582030
1776009600000,2026-04-12 16:00:00,70892.04000000,70959.51000000,70821.05000000,70936.27000000,259.94883000,1776013199999,18431043.33424580,53254,146.48088000,10386638.26794060
1776013200000,2026-04-12 17:00:00,70936.27000000,71202.00000000,70900.00000000,71140.51000000,322.73260000,1776016799999,22918451.88541230,58429,186.13428000,13219263.93928970
1776016800000,2026-04-12 18:00:00,71140.51000000,71214.08000000,71056.20000000,71137.64000000,176.22609000,1776020399999,12535475.57524400,42584,97.70609000,6950690.99242250
1776020400000,2026-04-12 19:00:00,71137.65000000,71222.58000000,71078.76000000,71084.18000000,233.07874000,1776023999999,16579417.46855870,27123,162.37064000,11550090.17216840
1776024000000,2026-04-12 20:00:00,71084.18000000,71440.00000000,70956.83000000,71335.43000000,622.27061000,1776027599999,44257083.94919370,63382,437.46774000,31102871.20221200
1776027600000,2026-04-12 21:00:00,71335.43000000,71452.00000000,71163.01000000,71364.02000000,234.93742000,1776031199999,16749684.27504260,59364,104.51044000,7450299.38658140
1776031200000,2026-04-12 22:00:00,71364.03000000,71367.85000000,70505.88000000,70912.73000000,908.94869000,1776034799999,64375857.09507250,249362,389.48033000,27582915.84585500
1776034800000,2026-04-12 23:00:00,70912.73000000,70912.73000000,70571.66000000,70740.98000000,510.34077000,1776038399999,36069434.72090030,108561,311.25153000,21994078.83352220
1776038400000,2026-04-13 00:00:00,70741.56000000,71262.63000000,70615.30000000,71172.62000000,546.73984000,1776041999999,38797142.79147490,136458,349.10137000,24773920.71463100
1776042000000,2026-04-13 01:00:00,71172.63000000,71227.28000000,71027.26000000,71197.64000000,720.27854000,1776045599999,51228858.83986010,95936,400.84113000,28509468.23347990
1776045600000,2026-04-13 02:00:00,71197.64000000,71271.78000000,70986.71000000,71073.14000000,270.71272000,1776049199999,19250817.33346580,81509,129.09432000,9179834.22631300
1776049200000,2026-04-13 03:00:00,71073.14000000,71155.42000000,70917.27000000,70976.00000000,348.91610000,1776052799999,24783871.12318120,74724,198.09761000,14072091.69747150
1776052800000,2026-04-13 04:00:00,70975.99000000,71144.00000000,70854.29000000,70890.30000000,584.47308000,1776056399999,41510696.34148080,69844,317.27762000,22529951.32924580
1776056400000,2026-04-13 05:00:00,70890.30000000,70920.00000000,70672.72000000,70878.82000000,533.46945000,1776059999999,37786560.80437020,80364,288.84697000,20460942.20770300
1776060000000,2026-04-13 06:00:00,70878.82000000,71106.54000000,70878.82000000,71017.66000000,697.01918000,1776063599999,49501225.72154330,63373,468.59712000,33277705.35958810
1776063600000,2026-04-13 07:00:00,71017.66000000,71067.91000000,70685.25000000,70813.88000000,859.13978000,1776067199999,60824731.43474020,83453,410.80529000,29083802.53628520
1776067200000,2026-04-13 08:00:00,70813.88000000,70861.01000000,70566.99000000,70680.70000000,334.12518000,1776070799999,23621406.88285680,78710,141.14216000,9979602.41434790
1776070800000,2026-04-13 09:00:00,70680.70000000,70910.68000000,70678.00000000,70792.88000000,250.58431000,1776074399999,17733390.03698030,60867,138.23354000,9783306.77780320
1776074400000,2026-04-13 10:00:00,70792.89000000,70846.90000000,70688.28000000,70755.88000000,177.99631000,1776077999999,12598093.17674690,58596,94.97814000,6722734.84851220
1776078000000,2026-04-13 11:00:00,70755.89000000,70997.12000000,70736.29000000,70929.68000000,260.33899000,1776081599999,18454546.98740620,65407,139.13767000,9862264.80760990
1776081600000,2026-04-13 12:00:00,70929.68000000,71219.80000000,70758.50000000,71074.91000000,460.12900000,1776085199999,32655077.61104680,110238,269.45516000,19125927.39655340
1776085200000,2026-04-13 13:00:00,71074.92000000,71700.82000000,70818.57000000,71662.65000000,1544.74455000,1776088799999,110124310.24277370,243613,797.94475000,56886566.48558250
1776088800000,2026-04-13 14:00:00,71662.65000000,72401.00000000,71375.24000000,72400.15000000,2098.23774000,1776092399999,150677973.32469190,339547,1113.61442000,80011326.41138890
1776092400000,2026-04-13 15:00:00,72400.15000000,72464.28000000,71652.65000000,71866.59000000,1342.33780000,1776095999999,96570112.60060670,221524,557.22626000,40105141.20199260
1776096000000,2026-04-13 16:00:00,71866.59000000,72437.25000000,71679.80000000,72202.36000000,1514.19404000,1776099599999,109287825.50682790,277423,652.60260000,47102099.53143890
1776099600000,2026-04-13 17:00:00,72202.37000000,72600.00000000,72069.01000000,72148.87000000,1653.64723000,1776103199999,119621538.16582690,201060,747.08323000,54049724.76250800
1776103200000,2026-04-13 18:00:00,72148.87000000,72460.42000000,72053.78000000,72424.86000000,965.95939000,1776106799999,69745605.17581750,145307,463.19727000,33441070.07587940
1776106800000,2026-04-13 19:00:00,72424.86000000,73480.00000000,72298.93000000,73322.82000000,2632.95065000,1776110399999,192056753.48360540,295565,1522.98653000,111094116.77382760
1776110400000,2026-04-13 20:00:00,73322.00000000,73394.37000000,73007.08000000,73149.36000000,1081.57049000,1776113999999,79132258.02439460,169843,486.15643000,35566612.52452970
1776114000000,2026-04-13 21:00:00,73149.36000000,73368.08000000,73072.85000000,73179.71000000,387.90227000,1776117599999,28394013.52992270,83076,187.87495000,13753610.82614650
1776117600000,2026-04-13 22:00:00,73179.71000000,74746.61000000,73172.01000000,74627.04000000,3298.60756000,1776121199999,244623337.18975570,386662,2049.57818000,151954997.79818370
1776121200000,2026-04-13 23:00:00,74627.04000000,74900.00000000,74405.64000000,74417.99000000,1666.14205000,1776124799999,124390171.85478940,250440,715.92633000,53456954.91015670
1776124800000,2026-04-14 00:00:00,74418.00000000,74517.31000000,74102.39000000,74163.82000000,1276.45858000,1776128399999,94827853.69911400,153466,473.93562000,35209374.73661330
1776128400000,2026-04-14 01:00:00,74163.82000000,74431.00000000,73954.86000000,74386.02000000,1065.16310000,1776131999999,79071306.05552480,121754,441.60251000,32797495.73327330
1776132000000,2026-04-14 02:00:00,74386.03000000,74579.32000000,74283.20000000,74330.98000000,598.05117000,1776135599999,44506257.77353700,99256,300.17154000,22339553.80870290
1776135600000,2026-04-14 03:00:00,74330.99000000,74496.90000000,74252.35000000,74444.43000000,646.36946000,1776139199999,48059361.21655040,74844,302.67088000,22505001.44151390
1776139200000,2026-04-14 04:00:00,74444.44000000,74504.52000000,74351.55000000,74387.85000000,484.30563000,1776142799999,36051201.19963850,69205,233.80056000,17404463.52582510
1776142800000,2026-04-14 05:00:00,74387.85000000,74434.41000000,74150.60000000,74210.11000000,838.40961000,1776146399999,62291961.46714410,77455,431.97000000,32096395.52188070
1776146400000,2026-04-14 06:00:00,74210.12000000,74550.00000000,74210.12000000,74522.73000000,614.57152000,1776149999999,45726221.63089160,84838,350.12293000,26050010.65915880
1776150000000,2026-04-14 07:00:00,74522.72000000,74924.64000000,74430.92000000,74546.00000000,1456.55359000,1776153599999,108683345.06595590,170699,583.73525000,43573306.70136380
1776153600000,2026-04-14 08:00:00,74545.99000000,74910.00000000,74460.64000000,74750.00000000,938.29896000,1776157199999,70072552.62149920,128477,482.71297000,36050600.39858520
1776157200000,2026-04-14 09:00:00,74750.00000000,74830.93000000,74435.12000000,74500.00000000,565.86470000,1776160799999,42250800.59165660,99327,285.88963000,21350072.86186100
1776160800000,2026-04-14 10:00:00,74500.00000000,74617.92000000,74333.46000000,74350.01000000,540.18312000,1776164399999,40215466.51116000,86599,212.99743000,15855491.67415610
1776164400000,2026-04-14 11:00:00,74350.01000000,74450.63000000,74307.35000000,74376.52000000,653.35819000,1776167999999,48598555.54796300,85765,325.35780000,24200939.11333470
1776168000000,2026-04-14 12:00:00,74376.52000000,74485.06000000,74277.19000000,74452.00000000,513.51818000,1776171599999,38184571.84131460,109433,267.80727000,19915004.55120000
1776171600000,2026-04-14 13:00:00,74452.00000000,75532.94000000,74407.74000000,75525.94000000,3246.78739000,1776175199999,243807169.88525370,351589,2113.04411000,158658072.96143640
1776175200000,2026-04-14 14:00:00,75525.94000000,76038.00000000,75013.61000000,75013.62000000,4357.56106000,1776178799999,329235907.20463000,566851,2513.81318000,190000596.37858980
1776178800000,2026-04-14 15:00:00,75013.61000000,75441.99000000,74564.34000000,75317.07000000,1661.60412000,1776182399999,124592979.17914820,307033,781.43320000,58603867.78753020
1776182400000,2026-04-14 16:00:00,75317.06000000,75688.00000000,74527.02000000,74652.20000000,1265.45725000,1776185999999,95167311.84096200,248783,529.11275000,39804058.22841000
1776186000000,2026-04-14 17:00:00,74652.20000000,74948.78000000,74244.63000000,74748.90000000,985.97900000,1776189599999,73563868.07520570,221985,481.68961000,35950636.21914570
1776189600000,2026-04-14 18:00:00,74748.89000000,74814.99000000,73795.47000000,74093.19000000,1613.97962000,1776193199999,119744375.57213590,243360,769.03762000,57042752.86161370
1776193200000,2026-04-14 19:00:00,74093.18000000,74398.43000000,73882.79000000,74223.18000000,1054.69346000,1776196799999,78250699.33228210,240060,528.41517000,39205735.91135760
1776196800000,2026-04-14 20:00:00,74223.30000000,74434.33000000,74015.53000000,74102.29000000,434.25271000,1776200399999,32248935.21343690,100740,213.48578000,15854934.27645630
1776200400000,2026-04-14 21:00:00,74102.28000000,74320.44000000,73951.64000000,74277.15000000,381.06364000,1776203999999,28241755.34421090,104965,171.41656000,12707063.87863030
1776204000000,2026-04-14 22:00:00,74277.16000000,74373.19000000,73806.09000000,74023.15000000,638.74603000,1776207599999,47322019.93329380,157776,260.54796000,19313855.15582600
1776207600000,2026-04-14 23:00:00,74023.16000000,74232.83000000,74001.08000000,74131.55000000,701.71447000,1776211199999,52014512.80471100,129188,259.11923000,19205156.61252450
1776211200000,2026-04-15 00:00:00,74131.55000000,74677.19000000,74126.32000000,74568.36000000,874.99865000,1776214799999,65206946.32263410,150796,419.47555000,31254675.60773720
1776214800000,2026-04-15 01:00:00,74568.37000000,74786.72000000,74500.00000000,74613.28000000,443.16738000,1776218399999,33080056.45590600,110116,241.69432000,18040757.76094290
1776218400000,2026-04-15 02:00:00,74613.28000000,74697.47000000,74188.00000000,74322.00000000,506.95652000,1776221999999,37691627.57313930,92626,275.37682000,20468842.32303190
1776222000000,2026-04-15 03:00:00,74322.01000000,74372.84000000,74173.75000000,74345.97000000,317.62112000,1776225599999,23590612.76059860,65850,156.06534000,11592989.72461690
1776225600000,2026-04-15 04:00:00,74345.98000000,74434.51000000,74261.47000000,74340.38000000,660.47305000,1776229199999,49101689.37508410,67127,287.69828000,21386245.22971900
1776229200000,2026-04-15 05:00:00,74340.38000000,74434.00000000,73864.01000000,74021.50000000,542.04465000,1776232799999,40150558.31997290,107823,189.63610000,14048058.04440050
1776232800000,2026-04-15 06:00:00,74021.50000000,74048.95000000,73855.49000000,73891.62000000,419.09008000,1776236399999,30991146.40813190,78101,166.02417000,12277537.41241660
1776236400000,2026-04-15 07:00:00,73891.62000000,74016.67000000,73514.00000000,73730.43000000,1451.80452000,1776239999999,107069346.45886380,159076,673.39765000,49650481.28937720
1776240000000,2026-04-15 08:00:00,73730.43000000,74181.90000000,73675.96000000,74110.51000000,532.83471000,1776243599999,39420858.42906660,81706,354.01160000,26187732.10527720
1776243600000,2026-04-15 09:00:00,74110.52000000,74176.49000000,73909.49000000,74011.69000000,363.21790000,1776247199999,26891047.14973100,75537,180.34670000,13353230.78630310
1776247200000,2026-04-15 10:00:00,74011.70000000,74250.00000000,73789.50000000,73864.75000000,548.88747000,1776250799999,40611098.82256020,128551,217.96107000,16131477.98281730
1776250800000,2026-04-15 11:00:00,73864.76000000,74256.44000000,73864.76000000,74201.78000000,444.73290000,1776254399999,32936659.98294570,107095,254.66670000,18860659.34642730
1776254400000,2026-04-15 12:00:00,74201.78000000,74466.10000000,74051.64000000,74273.77000000,567.44529000,1776257999999,42142119.76674500,122795,338.11138000,25109568.13672230
1776258000000,2026-04-15 13:00:00,74273.77000000,74434.51000000,73817.23000000,74063.92000000,676.35905000,1776261599999,50151206.67298470,214585,312.62619000,23179267.89013250
1776261600000,2026-04-15 14:00:00,74063.91000000,74506.84000000,73830.00000000,74151.81000000,757.76569000,1776265199999,56232229.97863290,235845,369.40458000,27416314.07762840
1776265200000,2026-04-15 15:00:00,74151.81000000,74299.07000000,73580.85000000,73844.08000000,743.29132000,1776268799999,54927663.62010750,213542,309.15252000,22852302.52716760
1776268800000,2026-04-15 16:00:00,73844.07000000,74176.00000000,73762.89000000,73941.09000000,547.84936000,1776272399999,40537953.58834250,199240,223.55161000,16545420.10019610
1776272400000,2026-04-15 17:00:00,73941.09000000,74242.00000000,73915.48000000,74134.95000000,593.44252000,1776275999999,43952346.98355370,144547,264.25023000,19572516.01829290
1776276000000,2026-04-15 18:00:00,74134.95000000,74399.75000000,74073.61000000,74390.29000000,407.09098000,1776279599999,30221377.90204010,123107,193.95082000,14396686.16140520
1776279600000,2026-04-15 19:00:00,74390.29000000,75281.00000000,74355.46000000,75002.60000000,1179.99077000,1776283199999,88355096.33737460,221273,675.89039000,50588033.38137320
1776283200000,2026-04-15 20:00:00,75002.60000000,75039.92000000,74512.06000000,74841.68000000,570.09892000,1776286799999,42613440.13282570,152461,233.37869000,17447591.36966710
1776286800000,2026-04-15 21:00:00,74841.67000000,74855.16000000,74540.23000000,74743.10000000,310.66035000,1776290399999,23208623.41546350,93303,140.26289000,10479848.35471140
1776290400000,2026-04-15 22:00:00,74743.10000000,75425.00000000,74740.02000000,74964.00000000,653.95001000,1776293999999,49092404.00225110,143908,383.17991000,28765047.96783650
1776294000000,2026-04-15 23:00:00,74964.01000000,74964.01000000,74620.95000000,74809.99000000,311.26846000,1776297599999,23272502.07806640,98782,153.90630000,11506981.57296550
1776297600000,2026-04-16 00:00:00,74809.99000000,74874.93000000,74451.49000000,74815.10000000,636.94865000,1776301199999,47586343.74002960,113775,319.09501000,23843727.92802730
1776301200000,2026-04-16 01:00:00,74815.09000000,74815.09000000,74454.09000000,74657.66000000,240.65148000,1776304799999,17958378.45938070,96837,108.50573000,8096882.12746370
1776304800000,2026-04-16 02:00:00,74657.67000000,75267.85000000,74601.27000000,74887.24000000,589.65615000,1776308399999,44198272.68669730,154421,329.10739000,24676676.77477430
1776308400000,2026-04-16 03:00:00,74887.23000000,75159.26000000,74865.50000000,74888.21000000,470.71966000,1776311999999,35301525.62654690,128264,184.38737000,13827072.94589520
1776312000000,2026-04-16 04:00:00,74888.21000000,75174.38000000,74728.00000000,74944.15000000,513.51186000,1776315599999,38484583.19150830,121929,272.98337000,20458918.47367320
1776315600000,2026-04-16 05:00:00,74944.15000000,75139.82000000,74900.00000000,75043.48000000,359.01217000,1776319199999,26942623.13480920,84505,172.88166000,12973997.03448020
1776319200000,2026-04-16 06:00:00,75043.47000000,75115.12000000,74853.72000000,75045.01000000,604.84284000,1776322799999,45372964.71765770,82824,332.27624000,24923946.02804110
1776322800000,2026-04-16 07:00:00,75045.01000000,75082.78000000,74636.00000000,74707.03000000,708.06090000,1776326399999,53015980.91695830,91556,261.83089000,19598741.18893120
1776326400000,2026-04-16 08:00:00,74707.02000000,74744.35000000,74500.00000000,74677.91000000,669.86210000,1776329999999,49975725.56973790,107568,303.15331000,22624229.61624000
1776330000000,2026-04-16 09:00:00,74677.91000000,74901.50000000,74594.01000000,74594.02000000,316.26697000,1776333599999,23639051.40946890,83622,159.24250000,11906325.87989400
1776333600000,2026-04-16 10:00:00,74594.02000000,74653.12000000,74277.34000000,74313.00000000,526.53069000,1776337199999,39187367.03372670,116235,211.33834000,15728429.30425230
1776337200000,2026-04-16 11:00:00,74312.99000000,74663.27000000,74285.00000000,74574.79000000,1174.61360000,1776340799999,87473085.21780410,89776,921.51615000,68632123.73392550
1776340800000,2026-04-16 12:00:00,74574.80000000,74872.00000000,74574.79000000,74624.00000000,529.55969000,1776344399999,39541986.23460490,87567,259.07189000,19350491.68329610
1776344400000,2026-04-16 13:00:00,74624.01000000,75030.39000000,73309.85000000,73788.03000000,1828.93731000,1776347999999,135699355.79218790,337317,741.82725000,55069624.20513740
1776348000000,2026-04-16 14:00:00,73788.03000000,74197.32000000,73426.94000000,73973.33000000,1331.31817000,1776351599999,98214156.47113140,308871,635.37703000,46890635.79560400
1776351600000,2026-04-16 15:00:00,73973.33000000,74878.99000000,73934.44000000,74697.19000000,1520.20876000,1776355199999,113151364.05522320,261654,772.15033000,57482167.23929750
1776355200000,2026-04-16 16:00:00,74697.20000000,74932.00000000,74063.00000000,74175.57000000,762.35705000,1776358799999,56825461.65458190,236922,296.25705000,22089333.21540730
1776358800000,2026-04-16 17:00:00,74175.58000000,74438.31000000,73912.23000000,74343.25000000,751.19450000,1776362399999,55718779.50355510,227675,379.27143000,28133286.72879800
1776362400000,2026-04-16 18:00:00,74343.25000000,75089.00000000,74240.00000000,75026.71000000,780.63438000,1776365999999,58274767.16454870,202159,480.12709000,35857914.03596170
1776366000000,2026-04-16 19:00:00,75026.71000000,75410.71000000,74717.97000000,75342.99000000,1203.37407000,1776369599999,90367138.45472120,226250,612.59010000,46017416.97538310
1776369600000,2026-04-16 20:00:00,75343.00000000,75534.76000000,75001.00000000,75223.47000000,661.71844000,1776373199999,49814563.30084320,138253,376.32729000,28338449.49570560
1776373200000,2026-04-16 21:00:00,75223.48000000,75286.51000000,74789.50000000,74934.24000000,451.58433000,1776376799999,33865947.19415930,103362,232.26682000,17420020.50898630
1776376800000,2026-04-16 22:00:00,74934.24000000,75117.00000000,74833.14000000,74867.92000000,232.35004000,1776380399999,17416558.58176070,97909,118.58183000,8888908.71194260
1776380400000,2026-04-16 23:00:00,74867.92000000,75177.76000000,74840.92000000,75154.29000000,224.77396000,1776383999999,16868143.63796830,82639,121.53187000,9120967.61710140
1776384000000,2026-04-17 00:00:00,75154.28000000,75154.77000000,74886.82000000,74944.98000000,796.37355000,1776387599999,59698157.76925140,77612,337.65889000,25311640.73815550
1776387600000,2026-04-17 01:00:00,74944.99000000,75034.49000000,74569.99000000,74750.00000000,407.29847000,1776391199999,30462248.49182770,76031,199.39051000,14917246.89725770
1776391200000,2026-04-17 02:00:00,74750.00000000,74802.98000000,74529.40000000,74700.00000000,235.53372000,1776394799999,17583918.89906370,62651,85.98615000,6420308.78799220
1776394800000,2026-04-17 03:00:00,74700.00000000,74839.31000000,74606.12000000,74615.82000000,721.66261000,1776398399999,53904653.62456270,74785,345.81387000,25834661.89006820
1776398400000,2026-04-17 04:00:00,74615.82000000,74871.11000000,74589.88000000,74791.39000000,213.95430000,1776401999999,15990254.74685020,58728,128.72442000,9622669.63315310
1776402000000,2026-04-17 05:00:00,74791.39000000,74801.13000000,74555.12000000,74637.77000000,241.61979000,1776405599999,18040487.89535830,66355,84.44787000,6304802.83270270
1776405600000,2026-04-17 06:00:00,74637.77000000,74950.00000000,74604.62000000,74938.52000000,276.57366000,1776409199999,20686513.07923200,68501,173.66100000,12988588.29983450
1776409200000,2026-04-17 07:00:00,74938.53000000,75089.51000000,74930.00000000,75074.77000000,607.34373000,1776412799999,45545828.09575560,100165,282.84477000,21211858.73104880
1776412800000,2026-04-17 08:00:00,75074.76000000,75881.95000000,74993.24000000,75780.38000000,1494.62708000,1776416399999,112706115.74160040,186424,1004.19102000,75742955.99972340
1776416400000,2026-04-17 09:00:00,75780.38000000,76370.25000000,75518.78000000,75779.99000000,2004.70646000,1776419999999,152170902.80296780,307912,1137.06406000,86324367.19608190
1776420000000,2026-04-17 10:00:00,75779.99000000,75886.01000000,75095.93000000,75278.77000000,1050.31882000,1776423599999,79211045.37910860,180728,471.87732000,35582843.39846840
1776423600000,2026-04-17 11:00:00,75278.77000000,75609.77000000,75246.65000000,75589.70000000,429.61331000,1776427199999,32408053.18508840,110324,224.92056000,16966928.49159660
1776427200000,2026-04-17 12:00:00,75589.70000000,76265.82000000,75531.97000000,76233.05000000,1128.91448000,1776430799999,85746581.01484110,283124,646.28303000,49090606.21310390
1776430800000,2026-04-17 13:00:00,76233.06000000,77417.61000000,76061.57000000,77340.12000000,5123.01639000,1776434399999,393243741.61917170,811229,3198.64767000,245647921.13007780
1776434400000,2026-04-17 14:00:00,77340.11000000,78052.49000000,77015.39000000,77886.77000000,3617.10048000,1776437999999,280949012.54625970,574547,2155.97360000,167524131.17811240
1776438000000,2026-04-17 15:00:00,77886.77000000,77999.00000000,77444.44000000,77785.02000000,1975.14451000,1776441599999,153601428.24169160,442136,1111.09555000,86421646.32266820
1776441600000,2026-04-17 16:00:00,77785.03000000,78333.00000000,77705.20000000,77857.14000000,1402.18359000,1776445199999,109433612.77437480,306237,715.68163000,55859059.54180390
1776445200000,2026-04-17 17:00:00,77857.15000000,77917.77000000,77101.49000000,77520.59000000,1173.45635000,1776448799999,90895802.15526230,330453,597.27859000,46265137.62698450
1776448800000,2026-04-17 18:00:00,77520.59000000,77565.63000000,77088.23000000,77159.89000000,637.39265000,1776452399999,49230525.66493650,216645,350.32033000,27058719.91701320
1776452400000,2026-04-17 19:00:00,77159.88000000,77473.44000000,77000.00000000,77393.58000000,652.45495000,1776455999999,50419934.39873720,199218,405.53590000,31341449.63947560
1776456000000,2026-04-17 20:00:00,77393.58000000,77611.68000000,77160.12000000,77337.64000000,357.23206000,1776459599999,27644403.70310330,123576,161.78684000,12521986.01819240
1776459600000,2026-04-17 21:00:00,77337.64000000,77494.69000000,77278.72000000,77445.73000000,307.76412000,1776463199999,23817562.66229850,88380,162.21459000,12553613.87462940
1776463200000,2026-04-17 22:00:00,77445.74000000,77510.00000000,77274.56000000,77301.25000000,474.88113000,1776466799999,36762606.82222660,96266,213.56544000,16531568.48703940
1776466800000,2026-04-17 23:00:00,77301.25000000,77302.00000000,76911.00000000,77072.00000000,612.20073000,1776470399999,47189817.52709990,89140,240.51369000,18542648.15935580
1776470400000,2026-04-18 00:00:00,77072.01000000,77258.55000000,76978.17000000,77168.00000000,324.03843000,1776473999999,24997816.44738870,85562,194.69771000,15022089.79419080
1776474000000,2026-04-18 01:00:00,77168.22000000,77330.00000000,77115.77000000,77218.07000000,266.42990000,1776477599999,20581769.70540360,66450,151.40038000,11695442.83833460
1776477600000,2026-04-18 02:00:00,77218.06000000,77420.08000000,77124.63000000,77292.52000000,268.04149000,1776481199999,20716566.44541130,64695,147.49347000,11402479.93315940
1776481200000,2026-04-18 03:00:00,77292.53000000,77296.95000000,76962.67000000,77005.47000000,268.91717000,1776484799999,20737826.24108490,65281,103.23056000,7960975.87385920
1776484800000,2026-04-18 04:00:00,77005.47000000,77162.08000000,76884.10000000,77100.74000000,370.07883000,1776488399999,28502278.36181540,65996,159.78931000,12308060.58413960
1776488400000,2026-04-18 05:00:00,77100.73000000,77278.58000000,77100.73000000,77134.66000000,312.05483000,1776491999999,24080732.02525270,46244,186.73777000,14409300.64039180
1776492000000,2026-04-18 06:00:00,77134.66000000,77217.00000000,77058.40000000,77136.01000000,168.72376000,1776495599999,13013538.68742680,42869,83.35736000,6429390.63838630
1776495600000,2026-04-18 07:00:00,77136.01000000,77136.01000000,76890.00000000,76997.80000000,276.05173000,1776499199999,21263545.11787590,48873,91.25059000,7027862.94875030
1776499200000,2026-04-18 08:00:00,76997.79000000,77048.00000000,76501.00000000,76738.63000000,773.24357000,1776502799999,59307208.42831600,138353,306.59411000,23514444.41928050
1776502800000,2026-04-18 09:00:00,76738.62000000,76738.63000000,76409.37000000,76599.89000000,462.93265000,1776506399999,35447489.40949530,85663,207.17122000,15864842.28022780
1776506400000,2026-04-18 10:00:00,76599.89000000,76599.90000000,76132.32000000,76189.56000000,624.93038000,1776509999999,47679453.58716030,117550,230.77675000,17606829.66373120
1776510000000,2026-04-18 11:00:00,76189.55000000,76189.56000000,75763.76000000,76039.05000000,809.07399000,1776513599999,61480530.93541190,164616,382.17363000,29033198.14314110
1776513600000,2026-04-18 12:00:00,76039.06000000,76300.00000000,76039.05000000,76206.97000000,492.57948000,1776517199999,37530289.20689460,116585,289.34947000,22045599.23919310
1776517200000,2026-04-18 13:00:00,76206.98000000,76212.70000000,75797.53000000,76122.87000000,456.87331000,1776520799999,34751923.58911930,111565,199.05586000,15146615.30311900
1776520800000,2026-04-18 14:00:00,76122.88000000,76288.40000000,75959.68000000,76249.99000000,461.97289000,1776524399999,35199675.45030320,79442,255.35296000,19457730.51464720
1776524400000,2026-04-18 15:00:00,76250.00000000,76363.75000000,76003.97000000,76167.34000000,261.12334000,1776527999999,19893836.27112320,78885,128.98673000,9828430.27400460
1776528000000,2026-04-18 16:00:00,76167.33000000,76211.57000000,75691.03000000,75943.35000000,522.36094000,1776531599999,39686080.26944520,119048,207.89903000,15795869.73329940
1776531600000,2026-04-18 17:00:00,75943.34000000,75958.23000000,75778.69000000,75828.51000000,256.05723000,1776535199999,19428642.86330380,69071,110.81278000,8408164.07368780
1776535200000,2026-04-18 18:00:00,75828.51000000,75844.66000000,75445.16000000,75651.78000000,591.47146000,1776538799999,44739784.77210420,123330,262.76523000,19878646.11944190
1776538800000,2026-04-18 19:00:00,75651.78000000,75796.32000000,75574.22000000,75649.85000000,194.31870000,1776542399999,14703204.20194580,60169,111.02003000,8400874.37879910
1776542400000,2026-04-18 20:00:00,75649.86000000,75834.30000000,75608.44000000,75754.78000000,484.97143000,1776545999999,36722266.11942270,58976,232.91048000,17637734.09419360
1776546000000,2026-04-18 21:00:00,75754.77000000,75839.10000000,75599.64000000,75821.34000000,197.94348000,1776549599999,14991857.36031440,51776,123.91401000,9386033.87771530
1776549600000,2026-04-18 22:00:00,75821.35000000,75873.10000000,75608.89000000,75813.53000000,155.69572000,1776553199999,11793631.80110010,45916,92.32477000,6993715.12070720
1776553200000,2026-04-18 23:00:00,75813.53000000,75891.64000000,75685.69000000,75691.76000000,141.95985000,1776556799999,10758620.63688800,34197,74.71941000,5663782.06556550
1776556800000,2026-04-19 00:00:00,75691.76000000,75847.42000000,75551.73000000,75693.01000000,297.06433000,1776560399999,22476226.73968840,59507,143.48521000,10855396.69641480
1776560400000,2026-04-19 01:00:00,75693.00000000,75798.47000000,75457.11000000,75621.95000000,321.53516000,1776563999999,24324467.46721730,59397,109.35061000,8269790.27670000
1776564000000,2026-04-19 02:00:00,75621.96000000,75722.21000000,75407.84000000,75496.00000000,212.48934000,1776567599999,16052972.94579540,68980,95.74238000,7234080.76875340
1776567600000,2026-04-19 03:00:00,75496.01000000,75637.44000000,75357.00000000,75515.77000000,175.28804000,1776571199999,13234380.45462280,60536,65.23128000,4926553.92667350
1776571200000,2026-04-19 04:00:00,75515.76000000,75782.63000000,75424.40000000,75664.62000000,294.60425000,1776574799999,22275335.53117960,79047,151.73467000,11475046.55463530
1776574800000,2026-04-19 05:00:00,75664.62000000,75687.04000000,75516.39000000,75545.60000000,174.63786000,1776578399999,13199461.84374090,36755,91.39751000,6907034.23192950
1776578400000,2026-04-19 06:00:00,75545.60000000,75545.60000000,75280.92000000,75400.09000000,385.31594000,1776581999999,29061573.68054040,62106,204.72463000,15441260.16143810
1776582000000,2026-04-19 07:00:00,75400.09000000,75400.09000000,74867.72000000,75252.34000000,771.61495000,1776585599999,57953703.58330590,132049,344.21183000,25854764.40266930
1776585600000,2026-04-19 08:00:00,75252.33000000,75299.99000000,75071.58000000,75257.60000000,333.58261000,1776589199999,25087936.92280410,69342,199.24144000,14984818.41961390
1776589200000,2026-04-19 09:00:00,75257.59000000,75265.00000000,74921.74000000,75015.00000000,313.21615000,1776592799999,23511815.36929920,76496,149.77712000,11243251.70519900
1776592800000,2026-04-19 10:00:00,75015.00000000,75243.02000000,74933.87000000,75222.45000000,323.18472000,1776596399999,24263755.29775700,71030,194.38249000,14592532.14581360
1776596400000,2026-04-19 11:00:00,75222.46000000,75641.99000000,75216.96000000,75604.11000000,418.71675000,1776599999999,31592808.10074480,86822,265.26703000,20014246.22380070
1776600000000,2026-04-19 12:00:00,75604.11000000,75700.00000000,75432.07000000,75571.60000000,439.48255000,1776603599999,33219721.82640200,86720,241.50418000,18256766.86227310
1776603600000,2026-04-19 13:00:00,75571.61000000,76240.66000000,75552.44000000,75921.75000000,760.39543000,1776607199999,57770795.96934660,137322,399.55910000,30354182.57453890
1776607200000,2026-04-19 14:00:00,75921.75000000,76147.01000000,75674.55000000,76024.01000000,621.24056000,1776610799999,47161807.33007840,133537,345.78823000,26250157.48206840
1776610800000,2026-04-19 15:00:00,76024.02000000,76155.30000000,75401.44000000,75846.63000000,1097.76631000,1776614399999,83206070.92613950,228217,537.27088000,40729758.45075330
1776614400000,2026-04-19 16:00:00,75846.63000000,75853.26000000,75311.11000000,75382.86000000,403.71917000,1776617999999,30516513.79084380,158877,169.13745000,12785937.33758240
1776618000000,2026-04-19 17:00:00,75382.87000000,75382.87000000,74638.31000000,74791.26000000,795.68148000,1776621599999,59721949.99532530,206340,302.93145000,22741680.76000350
1776621600000,2026-04-19 18:00:00,74791.27000000,74908.62000000,74608.00000000,74770.11000000,531.16281000,1776625199999,39710505.83709420,174708,272.65352000,20385011.27780420
1776625200000,2026-04-19 19:00:00,74770.11000000,75071.61000000,74770.11000000,74965.47000000,306.83274000,1776628799999,22997625.75159940,89875,163.37320000,12244033.34898400
1776628800000,2026-04-19 20:00:00,74965.46000000,74965.47000000,74427.53000000,74630.00000000,452.71123000,1776632399999,33800781.41600160,124015,182.13376000,13600415.90915770
1776632400000,2026-04-19 21:00:00,74630.01000000,74810.00000000,74368.60000000,74425.15000000,383.54881000,1776635999999,28618982.69485510,98465,168.54899000,12579593.71056550
1776636000000,2026-04-19 22:00:00,74425.16000000,74425.16000000,73762.90000000,74047.34000000,1140.38980000,1776639599999,84438763.65237730,310048,487.29685000,36078751.65618780
1776639600000,2026-04-19 23:00:00,74047.34000000,74054.22000000,73790.00000000,73801.79000000,415.64133000,1776643199999,30717413.31403250,129560,173.87494000,12849422.16907250
1776643200000,2026-04-20 00:00:00,73801.80000000,74360.43000000,73724.31000000,74280.01000000,787.93368000,1776646799999,58410657.92986910,136744,429.63824000,31852228.81058770
1776646800000,2026-04-20 01:00:00,74280.01000000,74746.93000000,74214.67000000,74595.13000000,689.61016000,1776650399999,51345070.08128420,110781,374.03421000,27860971.52549420
1776650400000,2026-04-20 02:00:00,74595.12000000,74627.99000000,74304.84000000,74410.01000000,739.68976000,1776653999999,55081745.39643990,98256,290.72346000,21647669.55270440
1776654000000,2026-04-20 03:00:00,74410.01000000,74640.65000000,74359.04000000,74634.00000000,281.20310000,1776657599999,20951459.87537970,64927,177.22966000,13205297.15531170
1776657600000,2026-04-20 04:00:00,74634.01000000,74637.43000000,74435.19000000,74567.64000000,333.76794000,1776661199999,24873576.37508830,53779,141.85736000,10574358.67207020
1776661200000,2026-04-20 05:00:00,74567.63000000,74567.63000000,74095.18000000,74264.15000000,529.73957000,1776664799999,39329887.72520010,83287,279.82785000,20769014.67044140
1776664800000,2026-04-20 06:00:00,74264.16000000,74894.11000000,74250.00000000,74786.59000000,441.30070000,1776668399999,32915449.10195880,112325,262.15821000,19554204.72474900
1776668400000,2026-04-20 07:00:00,74786.59000000,75572.00000000,74670.86000000,74837.17000000,1175.74482000,1776671999999,88264635.33290060,244518,675.94219000,50747606.65677460
1776672000000,2026-04-20 08:00:00,74837.18000000,74998.83000000,74619.41000000,74728.91000000,538.52852000,1776675599999,40275645.85934490,133136,303.51310000,22700826.68823570
1776675600000,2026-04-20 09:00:00,74728.92000000,75233.00000000,74706.87000000,75062.77000000,502.56404000,1776679199999,37703170.54180170,121361,300.66934000,22550405.19330510
1776679200000,2026-04-20 10:00:00,75062.77000000,75404.63000000,75003.63000000,75027.26000000,321.32100000,1776682799999,24174525.67861530,93438,185.21744000,13936999.61266870
1776682800000,2026-04-20 11:00:00,75027.26000000,75287.88000000,74957.51000000,75192.71000000,284.12016000,1776686399999,21357193.96582040,98831,144.85804000,10890078.70652980
1776686400000,2026-04-20 12:00:00,75192.72000000,75650.00000000,75043.86000000,75289.90000000,698.85484000,1776689999999,52664470.14714710,155433,398.23602000,30021988.08912690
1776690000000,2026-04-20 13:00:00,75289.91000000,75434.41000000,74859.11000000,75269.38000000,774.09093000,1776693599999,58177270.79128110,282057,387.63563000,29137748.14542840
1776693600000,2026-04-20 14:00:00,75269.37000000,75766.74000000,74921.42000000,75034.79000000,1047.20928000,1776697199999,78846852.86368420,353943,436.13453000,32855149.14566310
1776697200000,2026-04-20 15:00:00,75034.79000000,75772.72000000,74702.00000000,75716.77000000,1196.95260000,1776700799999,90155304.64060710,332369,663.98226000,50037544.77110050
1776700800000,2026-04-20 16:00:00,75716.78000000,75723.99000000,75299.26000000,75338.74000000,630.71705000,1776704399999,47578689.16361520,173683,290.31976000,21899462.23379310
1776704400000,2026-04-20 17:00:00,75338.75000000,75991.47000000,75289.92000000,75898.14000000,642.61045000,1776707999999,48667033.94413780,186674,372.75787000,28234328.13896870
1776708000000,2026-04-20 18:00:00,75898.14000000,76453.19000000,75898.14000000,76423.69000000,1544.76303000,1776711599999,117703316.14295270,215983,845.69116000,64439782.30051880
1776711600000,2026-04-20 19:00:00,76423.69000000,76486.67000000,76154.49000000,76296.96000000,1368.12243000,1776715199999,104379780.68911810,134348,683.06301000,52117505.62905080
1776715200000,2026-04-20 20:00:00,76296.97000000,76558.62000000,76113.07000000,76276.17000000,1418.85750000,1776718799999,108240634.72060620,135055,705.96473000,53863417.73546760
1776718800000,2026-04-20 21:00:00,76276.18000000,76357.20000000,75784.05000000,75954.71000000,523.28232000,1776722399999,39768202.87298590,90993,214.96429000,16334962.86017940
1776722400000,2026-04-20 22:00:00,75954.72000000,76143.71000000,75904.39000000,75974.24000000,220.64170000,1776725999999,16769477.71711470,78958,99.62091000,7572116.27517420
1776726000000,2026-04-20 23:00:00,75974.24000000,75974.24000000,75617.60000000,75840.97000000,301.78476000,1776729599999,22869862.81412200,72712,148.66182000,11265508.67237490
1776729600000,2026-04-21 00:00:00,75840.97000000,76099.19000000,75700.00000000,76092.45000000,428.95831000,1776733199999,32565981.50536390,103117,254.73437000,19339624.11192340
1776733200000,2026-04-21 01:00:00,76092.46000000,76263.40000000,75866.01000000,75927.59000000,391.13593000,1776736799999,29757307.28506650,113336,221.28238000,16837713.26929730
1776736800000,2026-04-21 02:00:00,75927.58000000,75932.70000000,75580.00000000,75581.33000000,536.09341000,1776740399999,40596326.12016880,93225,267.52933000,20259285.40252580
1776740400000,2026-04-21 03:00:00,75581.33000000,75721.12000000,75474.77000000,75710.30000000,256.25150000,1776743999999,19372287.82265700,78598,113.85973000,8608991.85533530
1776744000000,2026-04-21 04:00:00,75710.31000000,75823.49000000,75600.00000000,75813.81000000,259.64273000,1776747599999,19654552.91084870,58769,119.67170000,9060789.08719820
1776747600000,2026-04-21 05:00:00,75813.80000000,75981.10000000,75782.75000000,75802.00000000,321.53858000,1776751199999,24398652.72091470,67388,145.15124000,11013863.20927790
1776751200000,2026-04-21 06:00:00,75802.00000000,76129.95000000,75703.85000000,75974.11000000,408.87339000,1776754799999,31044545.98722670,77817,244.79434000,18592536.14960740
1776754800000,2026-04-21 07:00:00,75974.12000000,76300.00000000,75814.26000000,76084.34000000,1236.72448000,1776758399999,94166083.86230530,124825,758.07941000,57718706.51228930
1776758400000,2026-04-21 08:00:00,76084.34000000,76927.57000000,76063.98000000,76507.21000000,915.23783000,1776761999999,69990302.95390550,135113,585.57081000,44783818.84941730
1776762000000,2026-04-21 09:00:00,76507.21000000,76587.82000000,76155.00000000,76362.77000000,582.67237000,1776765599999,44482538.74087610,113528,273.31006000,20869620.46619380
1776765600000,2026-04-21 10:00:00,76362.78000000,76866.55000000,76349.59000000,76746.41000000,536.34243000,1776769199999,41074598.19300450,113101,275.97530000,21137117.00398550
1776769200000,2026-04-21 11:00:00,76746.41000000,76750.68000000,76342.00000000,76452.94000000,624.94284000,1776772799999,47828779.30800280,127345,258.12479000,19753387.75394130
1776772800000,2026-04-21 12:00:00,76452.94000000,76528.11000000,75709.03000000,76009.46000000,1039.78515000,1776776399999,79097465.41461390,180483,378.28559000,28783235.06228480
1776776400000,2026-04-21 13:00:00,76009.46000000,76179.75000000,75736.33000000,75899.98000000,686.08493000,1776779999999,52122638.75400030,233313,351.77543000,26722179.40956970
1776780000000,2026-04-21 14:00:00,75899.98000000,76595.30000000,75625.28000000,75675.05000000,949.21411000,1776783599999,72219829.94321650,295891,489.36789000,37243959.76597410
1776783600000,2026-04-21 15:00:00,75675.04000000,75979.78000000,75430.62000000,75834.65000000,923.86151000,1776787199999,69935862.64562700,267092,449.33185000,34022672.38488460
1776787200000,2026-04-21 16:00:00,75834.66000000,76190.72000000,75760.00000000,75781.18000000,496.33064000,1776790799999,37697546.27114750,206126,261.16114000,19836849.94487190
1776790800000,2026-04-21 17:00:00,75781.19000000,75912.98000000,75052.64000000,75545.62000000,995.08460000,1776794399999,75112405.16731290,307318,484.47353000,36572245.58763200
1776794400000,2026-04-21 18:00:00,75545.62000000,75668.24000000,75310.88000000,75610.21000000,456.47055000,1776797999999,34470291.19488900,169269,234.40335000,17700037.81184210
1776798000000,2026-04-21 19:00:00,75610.21000000,75919.50000000,74821.57000000,75023.43000000,954.26760000,1776801599999,71843953.45139700,264513,452.83818000,34111928.00436380
1776801600000,2026-04-21 20:00:00,75023.43000000,75859.56000000,74967.58000000,75698.51000000,797.25703000,1776805199999,60166270.53065940,195853,465.33598000,35117302.96389710
1776805200000,2026-04-21 21:00:00,75698.51000000,75777.38000000,75431.62000000,75549.99000000,249.37655000,1776808799999,18846154.86718010,61988,127.85612000,9662796.62737520
1776808800000,2026-04-21 22:00:00,75549.99000000,75650.04000000,75302.01000000,75650.04000000,389.29388000,1776812399999,29380172.69168730,98014,154.90712000,11695850.66722470
1776812400000,2026-04-21 23:00:00,75650.03000000,76425.37000000,75622.00000000,76336.15000000,477.13097000,1776815999999,36293724.21623970,130191,305.14324000,23215143.01294230
1776816000000,2026-04-22 00:00:00,76336.14000000,76500.00000000,76220.40000000,76370.45000000,496.92701000,1776819599999,37934168.35532450,130804,290.00217000,22139294.04424370
1776819600000,2026-04-22 01:00:00,76370.46000000,76416.24000000,76132.95000000,76297.99000000,351.48706000,1776823199999,26806468.65079570,103277,200.45284000,15289498.41392110
1776823200000,2026-04-22 02:00:00,76297.99000000,77645.35000000,76223.90000000,77604.71000000,1622.85639000,1776826799999,125119091.64333960,307687,1064.10119000,82033881.38078040
1776826800000,2026-04-22 03:00:00,77604.70000000,77733.11000000,77397.88000000,77521.48000000,956.65280000,1776830399999,74188854.49907220,176604,494.42430000,38346754.67134810
1776830400000,2026-04-22 04:00:00,77521.47000000,77700.00000000,77364.25000000,77523.00000000,547.15780000,1776833999999,42417869.74240190,106982,282.93013000,21932915.51585510
1776834000000,2026-04-22 05:00:00,77523.01000000,78452.18000000,77450.00000000,77994.93000000,2386.48879000,1776837599999,186355412.84345000,294579,1285.99927000,100431657.92246570
1776837600000,2026-04-22 06:00:00,77994.92000000,78042.84000000,77900.00000000,78010.72000000,576.88586000,1776841199999,44975855.90257140,101693,254.48167000,19840923.49925920
1776841200000,2026-04-22 07:00:00,78010.73000000,78111.00000000,77825.00000000,78012.79000000,880.52640000,1776844799999,68665141.63800280,116185,395.71491000,30862397.34459730
1776844800000,2026-04-22 08:00:00,78012.78000000,78219.41000000,77941.59000000,78010.92000000,987.44812000,1776848399999,77090928.99792560,106228,597.59327000,46657896.04129380
1776848400000,2026-04-22 09:00:00,78010.92000000,78184.70000000,77956.76000000,78001.95000000,415.39605000,1776851999999,32425789.04673720,92010,190.35000000,14858463.91909970
1776852000000,2026-04-22 10:00:00,78001.96000000,78180.00000000,77951.17000000,78157.41000000,352.72131000,1776855599999,27539555.08442200,80870,157.41912000,12291664.75171820
1776855600000,2026-04-22 11:00:00,78157.41000000,78399.00000000,78102.00000000,78300.00000000,560.88264000,1776859199999,43887686.19059220,118083,282.94730000,22140529.00976460
1776859200000,2026-04-22 12:00:00,78300.00000000,78508.18000000,78114.04000000,78236.05000000,952.94008000,1776862799999,74645120.90139250,161891,588.12128000,46079333.27979030
1776862800000,2026-04-22 13:00:00,78236.05000000,78850.00000000,78162.64000000,78840.94000000,1253.18724000,1776866399999,98433638.16916900,324714,761.20941000,59801640.52030380
1776866400000,2026-04-22 14:00:00,78840.94000000,79174.68000000,78577.86000000,79045.75000000,1847.69509000,1776869999999,145779896.83810260,334599,990.78694000,78188057.55985080
1776870000000,2026-04-22 15:00:00,79045.75000000,79400.00000000,78837.66000000,79272.90000000,1412.00400000,1776873599999,111714269.11973560,255135,822.39234000,65067307.85006530
1776873600000,2026-04-22 16:00:00,79272.91000000,79472.82000000,78632.37000000,78743.59000000,1010.97362000,1776877199999,79885495.94858980,206544,442.13610000,34958086.92301170
1776877200000,2026-04-22 17:00:00,78743.60000000,79034.73000000,78705.71000000,78900.00000000,502.31388000,1776880799999,39625068.09624970,140993,251.77413000,19860534.82914000
1776880800000,2026-04-22 18:00:00,78900.01000000,79163.66000000,78828.76000000,79022.39000000,322.94022000,1776884399999,25505833.71082530,102422,159.05660000,12563983.05321040
1776884400000,2026-04-22 19:00:00,79022.40000000,79067.60000000,78706.81000000,78846.62000000,557.30668000,1776887999999,43958642.80860630,156155,290.25392000,22894394.56614550
1776888000000,2026-04-22 20:00:00,78846.62000000,78915.84000000,78410.00000000,78436.68000000,436.66543000,1776891599999,34323184.54957490,91528,177.44718000,13947618.31396040
1776891600000,2026-04-22 21:00:00,78436.69000000,78821.86000000,78425.00000000,78762.69000000,299.34545000,1776895199999,23540743.81801290,55113,94.25667000,7411745.89964780
1776895200000,2026-04-22 22:00:00,78762.68000000,78824.00000000,78456.15000000,78607.95000000,294.64140000,1776898799999,23165945.45367240,90903,130.93396000,10295592.39017470
1776898800000,2026-04-22 23:00:00,78607.95000000,78607.95000000,78155.83000000,78178.23000000,712.06893000,1776902399999,55747423.53776770,102078,171.33964000,13418995.37071940
1776902400000,2026-04-23 00:00:00,78178.22000000,78574.44000000,77582.17000000,78424.29000000,1778.58027000,1776905999999,138999107.59543000,279249,822.83952000,64362303.03455020
1776906000000,2026-04-23 01:00:00,78424.30000000,78472.95000000,78057.50000000,78359.23000000,586.86850000,1776909599999,45893631.57664660,123412,339.25166000,26530285.72112730
1776909600000,2026-04-23 02:00:00,78359.71000000,78359.72000000,77761.20000000,77939.92000000,508.32327000,1776913199999,39662730.54444330,156981,194.83009000,15207268.49379900
1776913200000,2026-04-23 03:00:00,77939.91000000,78025.99000000,77453.43000000,77746.46000000,609.20360000,1776916799999,47315423.26367520,144873,238.83366000,18551996.58192400
1776916800000,2026-04-23 04:00:00,77746.47000000,77949.09000000,77675.80000000,77920.09000000,305.04990000,1776920399999,23743089.11238360,94558,180.89006000,14079774.70171690
1776920400000,2026-04-23 05:00:00,77920.09000000,78110.01000000,77750.00000000,78033.87000000,680.89298000,1776923999999,53071245.87736040,84398,336.11606000,26197078.14946630
1776924000000,2026-04-23 06:00:00,78034.00000000,78339.35000000,78034.00000000,78211.43000000,433.12959000,1776927599999,33878473.90841770,94817,223.30767000,17467329.82903260
1776927600000,2026-04-23 07:00:00,78211.43000000,78248.39000000,77981.88000000,78048.62000000,292.35484000,1776931199999,22838712.18938610,93773,113.58308000,8875065.50008460
1776931200000,2026-04-23 08:00:00,78048.61000000,78175.52000000,77714.86000000,77858.35000000,1135.26875000,1776934799999,88358730.68986880,124590,315.17133000,24534156.72928850
1776934800000,2026-04-23 09:00:00,77858.34000000,77860.80000000,77440.85000000,77655.34000000,772.05261000,1776938399999,59917880.87948720,120860,425.59683000,33030317.02417030
1776938400000,2026-04-23 10:00:00,77655.35000000,77709.16000000,77174.01000000,77403.63000000,1129.48909000,1776941999999,87362198.44812610,143778,554.76026000,42907237.90277380
1776942000000,2026-04-23 11:00:00,77403.63000000,77757.31000000,77365.57000000,77704.62000000,525.42671000,1776945599999,40752905.49042420,99954,355.56668000,27581636.99783930
1776945600000,2026-04-23 12:00:00,77704.61000000,77870.54000000,77491.18000000,77870.53000000,636.21566000,1776949199999,49448729.69183150,148629,272.69750000,21197111.28877730
1776949200000,2026-04-23 13:00:00,77870.54000000,77904.37000000,77379.92000000,77532.23000000,592.70115000,1776952799999,45993667.21307590,188887,280.56866000,21774707.67747280
1776952800000,2026-04-23 14:00:00,77532.23000000,78201.53000000,77414.00000000,78180.77000000,926.52082000,1776956399999,72131836.08840190,236529,525.92165000,40961939.44576080
1776956400000,2026-04-23 15:00:00,78180.78000000,78662.50000000,77983.25000000,78376.76000000,1008.45262000,1776959999999,79031114.41086540,217635,485.12436000,38008908.94722980
1776960000000,2026-04-23 16:00:00,78376.77000000,78509.82000000,78030.00000000,78103.72000000,661.93618000,1776963599999,51847518.75135350,150151,211.21065000,16541028.24862640
1776963600000,2026-04-23 17:00:00,78103.72000000,78184.85000000,76960.00000000,77769.21000000,1724.53866000,1776967199999,133577665.78136510,397037,808.20246000,62613501.39982890
1776967200000,2026-04-23 18:00:00,77769.20000000,78146.75000000,77678.65000000,77678.65000000,731.06838000,1776970799999,56984708.37429770,236759,376.98829000,29386703.35971250
1776970800000,2026-04-23 19:00:00,77678.65000000,77886.88000000,77592.92000000,77727.26000000,830.20485000,1776974399999,64531354.52325890,153587,187.67368000,14588920.44905290
1776974400000,2026-04-23 20:00:00,77727.25000000,78050.00000000,77637.50000000,77886.97000000,391.74493000,1776977999999,30491067.36905110,87377,152.99403000,11909262.01387210
1776978000000,2026-04-23 21:00:00,77886.97000000,78070.00000000,77800.00000000,77864.83000000,211.37751000,1776981599999,16475991.68367190,46508,91.54673000,7136196.33352370
1776981600000,2026-04-23 22:00:00,77864.84000000,78331.00000000,77864.83000000,78235.30000000,271.33020000,1776985199999,21209536.32400500,88187,137.98190000,10784907.23012970
1776985200000,2026-04-23 23:00:00,78235.29000000,78298.01000000,78030.00000000,78257.48000000,228.06394000,1776988799999,17832378.56741900,59267,129.09891000,10094497.24804980
1776988800000,2026-04-24 00:00:00,78257.48000000,78490.83000000,78172.01000000,78417.22000000,451.37457000,1776992399999,35380330.24346730,99845,301.70383000,23650644.69559820
1776992400000,2026-04-24 01:00:00,78417.22000000,78450.00000000,77952.16000000,78429.73000000,533.84795000,1776995999999,41748504.37030600,93322,259.15865000,20280841.10666740
1776996000000,2026-04-24 02:00:00,78429.73000000,78581.93000000,78067.17000000,78125.65000000,425.56297000,1776999599999,33332434.34129870,93404,220.21893000,17254778.37469210
1776999600000,2026-04-24 03:00:00,78125.65000000,78178.40000000,77555.00000000,77737.85000000,639.95986000,1777003199999,49769813.66204480,114627,267.57722000,20806727.60051320
1777003200000,2026-04-24 04:00:00,77737.84000000,77854.57000000,77482.49000000,77670.00000000,605.14416000,1777006799999,47015427.84769670,78417,294.79678000,22906667.47334120
1777006800000,2026-04-24 05:00:00,77670.01000000,78057.65000000,77457.00000000,77953.48000000,423.67180000,1777010399999,32920698.12697990,83095,244.60623000,19014777.43232110
1777010400000,2026-04-24 06:00:00,77953.48000000,77979.54000000,77761.20000000,77789.75000000,280.75336000,1777013999999,21859966.57065030,62370,161.97892000,12612379.55954570
1777014000000,2026-04-24 07:00:00,77789.75000000,77855.67000000,77543.52000000,77644.60000000,696.90666000,1777017599999,54135887.06212490,86274,253.16613000,19664809.69159440
1777017600000,2026-04-24 08:00:00,77644.59000000,78000.00000000,77550.73000000,77785.71000000,731.67499000,1777021199999,56904329.34603440,89394,437.69254000,34041741.78111930
1777021200000,2026-04-24 09:00:00,77785.70000000,77804.23000000,77402.01000000,77527.69000000,621.09775000,1777024799999,48149225.74318110,84081,328.70005000,25481363.33391830
1777024800000,2026-04-24 10:00:00,77527.70000000,77784.00000000,77444.95000000,77752.36000000,379.99202000,1777028399999,29497095.94418390,77736,184.47676000,14321440.14448260
1777028400000,2026-04-24 11:00:00,77752.37000000,78372.58000000,77752.37000000,78240.26000000,1186.36064000,1777031999999,92687431.54212090,209763,624.70608000,48811071.28641450
1777032000000,2026-04-24 12:00:00,78240.27000000,78345.15000000,78016.51000000,78275.66000000,579.40035000,1777035599999,45315385.75126130,108735,204.49519000,15996513.56673240
1777035600000,2026-04-24 13:00:00,78275.65000000,78479.37000000,77913.27000000,78093.79000000,852.96848000,1777039199999,66714401.52464270,205104,342.60192000,26805966.36647070
1777039200000,2026-04-24 14:00:00,78093.80000000,78093.80000000,77681.74000000,78037.64000000,755.72516000,1777042799999,58877076.68650310,226111,344.75479000,26861492.14017680
1777042800000,2026-04-24 15:00:00,78037.65000000,78233.18000000,77577.22000000,78038.62000000,662.02033000,1777046399999,51552119.39681160,201570,326.58469000,25437243.97001970
1777046400000,2026-04-24 16:00:00,78038.63000000,78060.29000000,77586.86000000,77777.28000000,525.06319000,1777049999999,40836270.90539080,146805,245.81791000,19118172.62328370
1777050000000,2026-04-24 17:00:00,77776.76000000,77829.17000000,77489.60000000,77681.71000000,537.36482000,1777053599999,41723141.33164990,120405,222.88983000,17307470.48861620
1777053600000,2026-04-24 18:00:00,77681.72000000,77717.08000000,77363.63000000,77618.24000000,321.31558000,1777057199999,24916332.19562970,97045,131.54474000,10201476.69110620
1777057200000,2026-04-24 19:00:00,77618.25000000,77748.66000000,77532.46000000,77628.85000000,250.57895000,1777060799999,19447918.76557940,89779,129.31187000,10035911.80941500
1777060800000,2026-04-24 20:00:00,77628.84000000,77757.14000000,77458.00000000,77718.31000000,376.29595000,1777064399999,29204261.70331400,59729,226.28682000,17567195.95404490
1777064400000,2026-04-24 21:00:00,77718.31000000,77756.15000000,77536.48000000,77536.48000000,322.69633000,1777067999999,25047570.53088180,49716,110.13994000,8549425.20911680
1777068000000,2026-04-24 22:00:00,77536.49000000,77616.78000000,77264.08000000,77328.91000000,278.27896000,1777071599999,21545475.67814630,69296,128.02495000,9910676.29698840
1777071600000,2026-04-24 23:00:00,77328.92000000,77456.87000000,77328.92000000,77437.13000000,237.08832000,1777075199999,18351465.33029700,35350,156.82916000,12139869.75713220
1777075200000,2026-04-25 00:00:00,77437.13000000,77502.99000000,77309.92000000,77456.88000000,429.63681000,1777078799999,33253761.64202480,37459,209.76376000,16233721.59679530
1777078800000,2026-04-25 01:00:00,77456.88000000,77620.52000000,77440.80000000,77541.63000000,200.07888000,1777082399999,15511757.51289660,40585,111.27967000,8626900.77051640
1777082400000,2026-04-25 02:00:00,77541.63000000,77644.04000000,77504.43000000,77607.80000000,171.07030000,1777085999999,13272795.26084430,33149,102.89446000,7982850.76046950
1777086000000,2026-04-25 03:00:00,77607.80000000,77711.87000000,77550.27000000,77679.07000000,142.22205000,1777089599999,11040623.14311730,37250,83.94328000,6516864.65166410
1777089600000,2026-04-25 04:00:00,77679.08000000,77691.23000000,77596.37000000,77619.05000000,275.21191000,1777093199999,21365066.89205990,26537,125.61180000,9752524.34143850
1777093200000,2026-04-25 05:00:00,77619.05000000,77619.05000000,77485.51000000,77510.28000000,174.55862000,1777096799999,13533405.72728600,28686,89.48532000,6937256.82533380
1777096800000,2026-04-25 06:00:00,77510.27000000,77582.28000000,77489.35000000,77503.63000000,269.54814000,1777100399999,20897429.38192420,25643,149.69051000,11604306.02542340
1777100400000,2026-04-25 07:00:00,77503.63000000,77566.26000000,77450.00000000,77501.19000000,174.69907000,1777103999999,13539928.54686770,32102,92.88601000,7198962.98236160
1777104000000,2026-04-25 08:00:00,77501.19000000,77654.41000000,77491.36000000,77643.37000000,116.50084000,1777107599999,9039307.20230260,25262,62.02640000,4812682.46351160
1777107600000,2026-04-25 09:00:00,77643.38000000,77779.65000000,77587.10000000,77714.55000000,144.65626000,1777111199999,11237104.93711010,30408,98.06332000,7618011.75940200
1777111200000,2026-04-25 10:00:00,77714.56000000,77885.35000000,77714.55000000,77787.77000000,306.44644000,1777114799999,23839159.36575830,33958,199.80764000,15542741.30510080
1777114800000,2026-04-25 11:00:00,77787.76000000,77787.77000000,77607.03000000,77682.30000000,185.59351000,1777118399999,14419702.64322890,29717,113.04878000,8783125.79271730
1777118400000,2026-04-25 12:00:00,77682.29000000,77717.95000000,77550.61000000,77557.14000000,161.82067000,1777121999999,12561156.90747570,35294,82.91663000,6436235.09818560
1777122000000,2026-04-25 13:00:00,77557.14000000,77710.91000000,77557.14000000,77691.69000000,161.65796000,1777125599999,12551446.37018900,23868,85.76836000,6659440.32214150
1777125600000,2026-04-25 14:00:00,77691.70000000,77752.54000000,77638.00000000,77656.75000000,202.75966000,1777129199999,15754017.85710440,36444,94.15331000,7315191.26540730
1777129200000,2026-04-25 15:00:00,77656.74000000,77722.70000000,77299.89000000,77330.26000000,480.35839000,1777132799999,37208847.06095390,51722,150.41744000,11652776.02520830
1777132800000,2026-04-25 16:00:00,77330.25000000,77454.31000000,77140.23000000,77397.27000000,471.60364000,1777136399999,36479440.20737500,67732,229.46691000,17751229.68601440
1777136400000,2026-04-25 17:00:00,77397.27000000,77407.03000000,77210.96000000,77245.77000000,151.09691000,1777139999999,11683611.78014350,35281,69.72706000,5391161.20436540
1777140000000,2026-04-25 18:00:00,77245.78000000,77389.01000000,77216.29000000,77313.00000000,331.13304000,1777143599999,25600920.11172050,35173,117.97294000,9120571.85401110
1777143600000,2026-04-25 19:00:00,77313.00000000,77343.81000000,77193.79000000,77330.01000000,293.84127000,1777147199999,22715162.69396040,27660,192.79231000,14904639.73989270
1777147200000,2026-04-25 20:00:00,77330.00000000,77481.70000000,77311.05000000,77479.13000000,85.63447000,1777150799999,6626990.74541810,23110,51.12644000,3956429.12070620
1777150800000,2026-04-25 21:00:00,77479.14000000,77530.00000000,77415.20000000,77525.84000000,150.55151000,1777154399999,11667111.53887340,28415,77.41640000,5999342.80195560
1777154400000,2026-04-25 22:00:00,77525.83000000,77634.77000000,77498.81000000,77557.01000000,242.12513000,1777157999999,18778275.31835110,29672,124.40836000,9648325.56518850
1777158000000,2026-04-25 23:00:00,77557.01000000,77650.00000000,77530.00000000,77625.00000000,362.30872000,1777161599999,28106981.49816780,31415,285.18644000,22122448.86205840
1777161600000,2026-04-26 00:00:00,77625.00000000,77642.43000000,77445.94000000,77502.40000000,307.91239000,1777165199999,23878196.37948640,33366,77.71338000,6025417.51838910
1777165200000,2026-04-26 01:00:00,77502.39000000,77572.81000000,77451.16000000,77461.16000000,130.56583000,1777168799999,10121444.94215560,23817,72.41169000,5613369.96953450
1777168800000,2026-04-26 02:00:00,77461.16000000,77590.97000000,77452.07000000,77512.67000000,85.92459000,1777172399999,6661406.74939030,23204,48.25011000,3740580.93310920
1777172400000,2026-04-26 03:00:00,77512.67000000,77541.96000000,77326.51000000,77400.21000000,146.77411000,1777175999999,11365652.89123100,32644,68.85410000,5332379.03833120
1777176000000,2026-04-26 04:00:00,77400.21000000,77814.43000000,77383.46000000,77774.29000000,227.07196000,1777179599999,17626023.40926710,49643,143.41354000,11132874.09502720
1777179600000,2026-04-26 05:00:00,77774.29000000,78200.00000000,77719.77000000,77983.31000000,797.06637000,1777183199999,62196715.67631580,116680,410.59597000,32038000.88414830
1777183200000,2026-04-26 06:00:00,77983.31000000,78045.00000000,77899.45000000,77999.04000000,206.01822000,1777186799999,16066562.23977160,39649,121.13331000,9447777.19276720
1777186800000,2026-04-26 07:00:00,77999.04000000,78121.45000000,77968.36000000,78102.53000000,175.61130000,1777190399999,13701319.04109420,29326,102.81239000,8021756.28043890
1777190400000,2026-04-26 08:00:00,78102.53000000,78210.00000000,78019.65000000,78032.59000000,265.96473000,1777193999999,20770419.88056660,45356,121.37547000,9480569.35790000
1777194000000,2026-04-26 09:00:00,78032.59000000,78058.45000000,77926.59000000,77999.99000000,168.80014000,1777197599999,13164185.51357380,40230,84.61920000,6599216.42979460
1777197600000,2026-04-26 10:00:00,78000.00000000,78050.19000000,77954.00000000,78002.43000000,153.34740000,1777201199999,11962363.69693260,23874,96.59446000,7535131.61336120
1777201200000,2026-04-26 11:00:00,78002.43000000,78149.99000000,78002.42000000,78101.44000000,133.58626000,1777204799999,10431184.36511800,29657,82.63816000,6452739.03976060
1777204800000,2026-04-26 12:00:00,78101.43000000,78101.50000000,77770.00000000,77833.08000000,296.93614000,1777208399999,23135108.84221020,39800,94.92224000,7397791.35298550
1777208400000,2026-04-26 13:00:00,77833.08000000,77996.69000000,77797.13000000,77977.79000000,254.46962000,1777211999999,19822478.02425500,43057,142.45759000,11098196.19089880
1777212000000,2026-04-26 14:00:00,77977.79000000,78173.15000000,77871.85000000,78095.66000000,401.66239000,1777215599999,31352594.41389510,67921,221.67199000,17310033.84361130
1777215600000,2026-04-26 15:00:00,78095.65000000,78121.92000000,77988.89000000,78049.00000000,177.47420000,1777219199999,13853669.72434410,39444,73.71546000,5754218.94415660
1777219200000,2026-04-26 16:00:00,78049.00000000,78086.47000000,77919.42000000,77919.43000000,198.96678000,1777222799999,15524196.98113630,37768,78.79856000,6148871.18264280
1777222800000,2026-04-26 17:00:00,77919.43000000,78050.00000000,77850.00000000,78018.57000000,373.25532000,1777226399999,29093014.96245040,39786,96.95193000,7559889.18098160
1777226400000,2026-04-26 18:00:00,78018.57000000,78346.89000000,77988.11000000,78283.96000000,421.27794000,1777229999999,32938887.67928460,62598,241.59286000,18891894.43264430
1777230000000,2026-04-26 19:00:00,78283.97000000,78500.00000000,78013.76000000,78221.16000000,511.56000000,1777233599999,40025065.70290760,96380,229.37145000,17951649.31867100
1777233600000,2026-04-26 20:00:00,78221.17000000,78377.77000000,78158.04000000,78194.22000000,172.13709000,1777237199999,13473618.44556560,42777,88.63730000,6937974.48862370
1777237200000,2026-04-26 21:00:00,78194.21000000,78961.00000000,77843.75000000,78417.41000000,977.34524000,1777240799999,76608690.38213730,152690,540.05686000,42373064.41200360
1777240800000,2026-04-26 22:00:00,78417.41000000,78850.30000000,77953.26000000,78313.52000000,710.63176000,1777244399999,55715643.59428250,208140,352.58889000,27646918.23678630
1777244400000,2026-04-26 23:00:00,78313.52000000,78901.63000000,78041.05000000,78657.55000000,669.20184000,1777247999999,52503529.94742830,159164,390.68875000,30659280.67059860
1777248000000,2026-04-27 00:00:00,78657.55000000,79392.40000000,78400.03000000,79308.60000000,1271.22649000,1777251599999,100266536.24228420,210963,811.45289000,64017301.68044850
1777251600000,2026-04-27 01:00:00,79309.00000000,79485.66000000,78730.71000000,79283.66000000,993.09217000,1777255199999,78609390.92386080,226217,508.17293000,40224821.49266540
1777255200000,2026-04-27 02:00:00,79283.65000000,79304.00000000,79030.91000000,79130.01000000,381.22923000,1777258799999,30169750.06762970,102648,192.08276000,15202607.09431610
1777258800000,2026-04-27 03:00:00,79130.01000000,79316.50000000,79077.81000000,79105.49000000,397.44839000,1777262399999,31483892.59620830,87591,195.61425000,15496501.53544870
1777262400000,2026-04-27 04:00:00,79105.50000000,79160.00000000,78872.42000000,78924.22000000,417.67922000,1777265999999,33010708.91948910,80371,210.85372000,16668105.29221190
1777266000000,2026-04-27 05:00:00,78924.21000000,78938.00000000,77562.63000000,77785.54000000,1805.78745000,1777269599999,140975964.41492850,298475,724.28046000,56517945.76657950
1777269600000,2026-04-27 06:00:00,77785.55000000,77871.90000000,77465.05000000,77700.12000000,641.73182000,1777273199999,49856671.46285750,105344,246.83091000,19181009.79999670
1777273200000,2026-04-27 07:00:00,77700.12000000,77734.79000000,77562.08000000,77606.60000000,743.19766000,1777276799999,57722726.51350730,79787,409.15045000,31779103.44494420
1777276800000,2026-04-27 08:00:00,77606.59000000,77816.18000000,77553.23000000,77804.34000000,465.54163000,1777280399999,36158906.28343930,68821,239.97156000,18639752.26051570
1777280400000,2026-04-27 09:00:00,77804.34000000,77980.00000000,77700.00000000,77900.01000000,578.50773000,1777283999999,45038155.21320290,67088,295.04344000,22969876.28945000
1777284000000,2026-04-27 10:00:00,77900.01000000,77935.66000000,77792.46000000,77850.01000000,311.10764000,1777287599999,24216923.41181610,42349,162.24660000,12629507.74287190
1777287600000,2026-04-27 11:00:00,77850.01000000,77885.46000000,77740.39000000,77844.26000000,252.77882000,1777291199999,19669171.81716390,46354,141.93506000,11043730.66884780
1777291200000,2026-04-27 12:00:00,77844.25000000,77867.33000000,77620.00000000,77667.36000000,415.46743000,1777294799999,32293679.00694010,87231,152.49264000,11852597.27734390
1777294800000,2026-04-27 13:00:00,77667.36000000,77966.80000000,77571.79000000,77746.74000000,762.71670000,1777298399999,59285352.18620040,174210,310.48760000,24136326.35708940
1777298400000,2026-04-27 14:00:00,77746.74000000,78265.34000000,77680.00000000,77815.25000000,744.42829000,1777301999999,58047837.10676410,187805,392.85927000,30638587.18479160
1777302000000,2026-04-27 15:00:00,77815.26000000,77827.17000000,76564.33000000,76793.09000000,1882.17067000,1777305599999,144992953.50061170,355711,787.10159000,60624929.17232510
1777305600000,2026-04-27 16:00:00,76793.10000000,76868.01000000,76546.00000000,76618.59000000,809.46498000,1777309199999,62095190.51747000,161056,340.11187000,26092284.55560180
1777309200000,2026-04-27 17:00:00,76618.59000000,76990.43000000,76618.59000000,76743.24000000,874.80558000,1777312799999,67173019.41219570,148517,479.32604000,36810182.29998010
1777312800000,2026-04-27 18:00:00,76743.23000000,76890.99000000,76668.52000000,76834.06000000,361.97331000,1777316399999,27786386.61423840,82257,182.21621000,13989403.12258780
1777316400000,2026-04-27 19:00:00,76834.05000000,76894.70000000,76459.64000000,76878.07000000,598.68003000,1777319999999,45903721.91244150,123137,235.72135000,18081173.53077320
1777320000000,2026-04-27 20:00:00,76878.23000000,77067.80000000,76844.16000000,76960.43000000,310.80766000,1777323599999,23920970.14421540,67517,149.13757000,11477742.57725340
1777323600000,2026-04-27 21:00:00,76960.43000000,76981.53000000,76786.80000000,76786.81000000,223.94467000,1777327199999,17218633.47620900,59981,92.82332000,7137208.99245520
1777327200000,2026-04-27 22:00:00,76786.81000000,77082.78000000,76763.71000000,77066.42000000,364.86359000,1777330799999,28080626.97549680,59100,181.99845000,14004312.33149830
1777330800000,2026-04-27 23:00:00,77066.42000000,77450.00000000,77018.56000000,77371.32000000,438.27302000,1777334399999,33856381.36502160,60359,270.62125000,20907412.12277720
1777334400000,2026-04-28 00:00:00,77371.32000000,77478.00000000,77210.92000000,77379.62000000,327.26244000,1777337999999,25310250.52882880,88055,151.54044000,11720456.89823110
1777338000000,2026-04-28 01:00:00,77379.62000000,77394.10000000,77038.10000000,77084.68000000,404.77602000,1777341599999,31251762.76371430,72271,133.83503000,10332235.90810630
1777341600000,2026-04-28 02:00:00,77084.69000000,77227.03000000,76672.56000000,76890.93000000,437.75480000,1777345199999,33687481.34880390,105486,195.01385000,15013729.56694370
1777345200000,2026-04-28 03:00:00,76890.92000000,76890.92000000,76672.00000000,76815.18000000,278.47081000,1777348799999,21380416.95548490,66385,126.34610000,9701751.97500680
1777348800000,2026-04-28 04:00:00,76815.18000000,76950.00000000,76701.35000000,76888.08000000,274.86374000,1777352399999,21114473.32672570,64000,141.86246000,10898935.73816070
1777352400000,2026-04-28 05:00:00,76888.08000000,77154.00000000,76811.01000000,76885.98000000,510.80129000,1777355999999,39323087.46228520,80935,271.92260000,20937079.53786240
1777356000000,2026-04-28 06:00:00,76885.97000000,77027.91000000,76588.00000000,76720.00000000,465.05641000,1777359599999,35717667.16479880,81428,212.80817000,16344019.20716040
1777359600000,2026-04-28 07:00:00,76720.01000000,76922.22000000,76424.90000000,76879.28000000,1631.99051000,1777363199999,125275096.25770610,156070,897.12282000,68889500.89561870
1777363200000,2026-04-28 08:00:00,76879.28000000,77013.63000000,76741.12000000,76858.59000000,1043.07562000,1777366799999,80217077.83867120,95582,540.28961000,41559389.92568530
1777366800000,2026-04-28 09:00:00,76858.59000000,76863.54000000,76495.91000000,76598.00000000,361.69239000,1777370399999,27746998.60779720,76034,156.65387000,12019560.42377720
1777370400000,2026-04-28 10:00:00,76597.99000000,76692.19000000,76484.70000000,76618.35000000,418.24563000,1777373999999,32030505.34860610,64268,213.21973000,16329763.07862540
1777374000000,2026-04-28 11:00:00,76618.35000000,76649.86000000,76130.10000000,76229.00000000,1019.71842000,1777377599999,77817781.07883900,150815,492.25594000,37569928.54936200
1777377600000,2026-04-28 12:00:00,76228.99000000,76421.94000000,76168.84000000,76372.05000000,652.01316000,1777381199999,49736460.90601710,118362,397.66985000,30334194.09321680
1777381200000,2026-04-28 13:00:00,76372.04000000,76411.72000000,75924.98000000,76189.84000000,1288.52500000,1777384799999,98144621.71434750,197727,599.06339000,45634508.99717680
1777384800000,2026-04-28 14:00:00,76189.85000000,76199.99000000,75666.60000000,75949.99000000,1264.27580000,1777388399999,95908641.08633840,248276,540.81443000,41033080.50182680
1777388400000,2026-04-28 15:00:00,75950.00000000,76085.42000000,75836.88000000,76066.38000000,571.95819000,1777391999999,43465481.17493520,147410,286.76723000,21793802.11620270
1777392000000,2026-04-28 16:00:00,76066.37000000,76218.06000000,75881.28000000,76125.04000000,447.54534000,1777395599999,34025084.52789670,117824,194.39085000,14777994.91474220
1777395600000,2026-04-28 17:00:00,76125.04000000,76262.63000000,75959.05000000,76187.30000000,337.12149000,1777399199999,25664024.81743950,88142,175.61563000,13370075.35307540
1777399200000,2026-04-28 18:00:00,76187.30000000,76280.91000000,76137.86000000,76242.18000000,337.48355000,1777402799999,25718473.90841150,73755,166.57072000,12693906.18204520
1777402800000,2026-04-28 19:00:00,76242.17000000,76380.83000000,76066.35000000,76330.97000000,259.65416000,1777406399999,19796172.36086170,60525,135.63258000,10340092.78166300
1777406400000,2026-04-28 20:00:00,76330.97000000,76480.00000000,76323.71000000,76463.95000000,259.71578000,1777409999999,19843199.45850840,53845,173.67622000,13269948.57750100
1777410000000,2026-04-28 21:00:00,76463.95000000,76481.30000000,76267.61000000,76357.15000000,281.17357000,1777413599999,21477545.39390970,49090,139.25761000,10637633.51613790
1777413600000,2026-04-28 22:00:00,76357.15000000,76446.26000000,76218.00000000,76242.17000000,157.60986000,1777417199999,12030079.67093930,51911,66.50557000,5076675.51483240
1777417200000,2026-04-28 23:00:00,76242.17000000,76370.00000000,76197.02000000,76342.77000000,179.93985000,1777420799999,13730289.85315500,44250,110.11999000,8403151.94599160
1777420800000,2026-04-29 00:00:00,76342.78000000,76557.97000000,76276.00000000,76512.00000000,636.88517000,1777424399999,48665597.60029000,70170,342.84369000,26197416.60694460
1777424400000,2026-04-29 01:00:00,76511.99000000,76668.02000000,76187.75000000,76571.00000000,371.48818000,1777427999999,28395383.77071440,86941,211.21934000,16147517.39997550
1777428000000,2026-04-29 02:00:00,76571.00000000,76666.82000000,76402.72000000,76531.29000000,315.29662000,1777431599999,24124805.10373990,61130,179.49473000,13733803.05516720
1777431600000,2026-04-29 03:00:00,76531.29000000,77127.62000000,76519.94000000,76994.78000000,568.25927000,1777435199999,43688040.48802990,126002,363.45732000,27938883.28703510
1777435200000,2026-04-29 04:00:00,76994.77000000,77455.71000000,76880.00000000,77269.76000000,655.24397000,1777438799999,50584234.25983500,118055,353.64752000,27298418.69086910
1777438800000,2026-04-29 05:00:00,77269.76000000,77329.31000000,77198.07000000,77288.38000000,412.95649000,1777442399999,31904881.12614780,72991,220.93467000,17069426.80802340
1777442400000,2026-04-29 06:00:00,77288.39000000,77337.57000000,76907.07000000,77031.06000000,974.38933000,1777445999999,75097495.69982960,89999,569.33671000,43873862.28417420
1777446000000,2026-04-29 07:00:00,77031.07000000,77182.91000000,77031.06000000,77053.64000000,931.98531000,1777449599999,71823640.81857720,67058,504.40951000,38871687.72633030
1777449600000,2026-04-29 08:00:00,77053.65000000,77148.79000000,76972.32000000,77046.32000000,539.09721000,1777453199999,41531536.22208760,65869,281.52211000,21690968.56293410
1777453200000,2026-04-29 09:00:00,77046.31000000,77800.00000000,76972.32000000,77642.00000000,835.54071000,1777456799999,64717488.37131810,128804,575.44855000,44561143.28274930
1777456800000,2026-04-29 10:00:00,77642.00000000,77904.93000000,77559.19000000,77619.61000000,790.81622000,1777460399999,61465699.09632530,130604,406.79978000,31621147.55394870
1777460400000,2026-04-29 11:00:00,77619.62000000,77694.61000000,77485.81000000,77590.03000000,531.75140000,1777463999999,41254142.85033300,93726,233.84690000,18142678.72100820
1777464000000,2026-04-29 12:00:00,77590.04000000,77596.39000000,76850.00000000,77143.68000000,1776.35149000,1777467599999,137220353.91221800,165165,607.73143000,46931585.22641490
1777467600000,2026-04-29 13:00:00,77143.68000000,77240.00000000,76425.62000000,76783.43000000,1000.69490000,1777471199999,76863480.27713530,244561,477.06330000,36632334.86111840
1777471200000,2026-04-29 14:00:00,76783.42000000,76927.69000000,76489.99000000,76570.00000000,1353.72071000,1777474799999,103831096.03206720,211273,948.07070000,72742146.99200600
1777474800000,2026-04-29 15:00:00,76570.00000000,76634.61000000,75705.32000000,75924.25000000,1132.75734000,1777478399999,86248554.82636300,263826,578.09727000,44032288.91800990
1777478400000,2026-04-29 16:00:00,75924.24000000,76125.47000000,75696.13000000,75803.54000000,1021.10079000,1777481999999,77472168.86284670,164211,588.50494000,44654803.08539470
1777482000000,2026-04-29 17:00:00,75803.55000000,76184.01000000,75803.55000000,76184.01000000,549.93434000,1777485599999,41776178.89898600,111894,317.62583000,24128418.96967100
1777485600000,2026-04-29 18:00:00,76184.00000000,76274.80000000,74937.52000000,75513.91000000,1926.88309000,1777489199999,145067038.66840050,294876,857.28274000,64538149.68690870
1777489200000,2026-04-29 19:00:00,75513.92000000,75591.83000000,75302.31000000,75563.86000000,464.57540000,1777492799999,35058390.29800080,119543,227.72940000,17185818.70900050
1777492800000,2026-04-29 20:00:00,75563.87000000,75857.32000000,75497.43000000,75676.79000000,575.31173000,1777496399999,43526306.70303500,129870,318.94690000,24131072.01870980
1777496400000,2026-04-29 21:00:00,75676.79000000,76088.90000000,75607.70000000,75933.93000000,363.06477000,1777499999999,27548477.73731350,80429,215.37606000,16345338.69417560
1777500000000,2026-04-29 22:00:00,75933.94000000,76004.14000000,75818.14000000,75927.38000000,272.33397000,1777503599999,20678748.53533500,70314,151.49269000,11503036.16194770
1777503600000,2026-04-29 23:00:00,75927.38000000,75990.06000000,75692.33000000,75780.00000000,279.49181000,1777507199999,21192118.18659930,65579,149.13903000,11307794.21624480
1777507200000,2026-04-30 00:00:00,75780.00000000,76344.61000000,75656.03000000,76248.74000000,562.71461000,1777510799999,42778314.13585030,119534,312.01421000,23730551.36674510
1777510800000,2026-04-30 01:00:00,76248.76000000,76473.26000000,76178.73000000,76232.80000000,331.53653000,1777514399999,25299016.09469490,107748,214.67548000,16382480.44352110
1777514400000,2026-04-30 02:00:00,76232.81000000,76351.04000000,75494.70000000,75704.74000000,537.06765000,1777517999999,40740052.10998570,188003,212.15252000,16098589.40956040
1777518000000,2026-04-30 03:00:00,75704.74000000,75994.26000000,75659.85000000,75928.10000000,182.12647000,1777521599999,13816312.28951810,86860,115.55223000,8766403.70114010
1777521600000,2026-04-30 04:00:00,75928.09000000,75963.92000000,75414.57000000,75497.00000000,426.96926000,1777525199999,32282647.64467920,122194,216.82938000,16394352.94009430
1777525200000,2026-04-30 05:00:00,75497.01000000,75750.00000000,75323.65000000,75600.09000000,491.70915000,1777528799999,37148606.21683420,104638,319.00229000,24094340.78582300
1777528800000,2026-04-30 06:00:00,75600.09000000,75867.90000000,75569.99000000,75753.53000000,372.15072000,1777532399999,28173419.36398040,83435,184.28657000,13952864.17208910
1777532400000,2026-04-30 07:00:00,75753.54000000,76179.91000000,75718.50000000,76161.67000000,516.75183000,1777535999999,39262218.40024700,103696,321.24522000,24409450.04602310
1777536000000,2026-04-30 08:00:00,76161.67000000,76208.92000000,76019.57000000,76058.17000000,350.94571000,1777539599999,26707017.31258240,72071,180.57613000,13742195.06252540
1777539600000,2026-04-30 09:00:00,76058.17000000,76339.38000000,76012.60000000,76097.19000000,445.01057000,1777543199999,33881176.99375370,87648,268.71939000,20461183.32304840
1777543200000,2026-04-30 10:00:00,76097.19000000,76163.52000000,75974.93000000,76028.66000000,365.18719000,1777546799999,27774328.21309320,73016,206.05154000,15670885.35623870
1777546800000,2026-04-30 11:00:00,76028.66000000,76244.36000000,75876.29000000,76059.43000000,550.88667000,1777550399999,41892901.53521590,88122,319.73637000,24316076.39126880
1777550400000,2026-04-30 12:00:00,76059.42000000,76511.22000000,76042.75000000,76308.48000000,1520.57994000,1777553999999,116079682.45650410,111086,749.80039000,57233899.54928500
1777554000000,2026-04-30 13:00:00,76308.48000000,76669.14000000,76116.20000000,76420.44000000,927.16622000,1777557599999,70830646.55867270,241267,591.13083000,45167404.47972810
1777557600000,2026-04-30 14:00:00,76420.45000000,76597.51000000,76093.81000000,76301.24000000,683.75312000,1777561199999,52215859.30395920,252622,356.00118000,27188225.38587210
1777561200000,2026-04-30 15:00:00,76301.25000000,76653.60000000,76163.16000000,76473.60000000,374.70038000,1777564799999,28632991.65866200,152110,155.24969000,11866018.94950750
1777564800000,2026-04-30 16:00:00,76473.60000000,76484.60000000,76228.27000000,76261.03000000,165.45041000,1777568399999,12636560.06356360,80730,72.43819000,5532224.47122190
1777568400000,2026-04-30 17:00:00,76261.04000000,76328.71000000,76111.00000000,76250.01000000,273.82279000,1777571999999,20864907.67411510,96503,145.95063000,11120561.31540460
1777572000000,2026-04-30 18:00:00,76250.00000000,76468.84000000,76204.40000000,76350.00000000,184.15567000,1777575599999,14059987.77951010,87566,96.09278000,7336447.41472430
1777575600000,2026-04-30 19:00:00,76350.00000000,76514.80000000,76308.33000000,76412.80000000,307.53776000,1777579199999,23510637.55225810,92951,165.02436000,12616810.15194200
1777579200000,2026-04-30 20:00:00,76412.80000000,76568.90000000,76318.31000000,76492.46000000,287.06721000,1777582799999,21952377.42025810,70550,129.26165000,9886047.91344080
1777582800000,2026-04-30 21:00:00,76492.45000000,76535.42000000,76240.78000000,76241.78000000,183.08169000,1777586399999,13985003.65844860,47338,81.37961000,6216290.36516220
1777586400000,2026-04-30 22:00:00,76241.77000000,76449.16000000,76206.02000000,76237.06000000,158.56535000,1777589999999,12103139.73301380,55111,76.28420000,5822246.72610150
1777590000000,2026-04-30 23:00:00,76237.07000000,76380.20000000,76217.96000000,76346.57000000,182.87917000,1777593599999,13956787.51975360,44681,95.73640000,7305833.48136490
1777593600000,2026-05-01 00:00:00,76346.58000000,76591.00000000,76320.42000000,76458.05000000,502.88844000,1777597199999,38456380.75162170,68098,290.29891000,22193191.59595090
1777597200000,2026-05-01 01:00:00,76458.06000000,76776.21000000,76449.50000000,76686.13000000,486.84554000,1777600799999,37299546.55561930,56395,185.30889000,14197189.89958940
1777600800000,2026-05-01 02:00:00,76686.12000000,76744.60000000,76533.74000000,76592.54000000,204.45438000,1777604399999,15668983.96517960,47534,104.63160000,8019059.88666460
1777604400000,2026-05-01 03:00:00,76592.54000000,77453.74000000,76555.06000000,77131.08000000,1056.19913000,1777607999999,81535203.77030370,160525,530.38330000,40917147.01670950
1777608000000,2026-05-01 04:00:00,77131.08000000,77206.38000000,76653.60000000,77042.44000000,995.75921000,1777611599999,76701960.69650700,82896,254.32905000,19600945.82620810
1777611600000,2026-05-01 05:00:00,77042.44000000,77184.96000000,77033.91000000,77165.98000000,283.75111000,1777615199999,21881559.07475050,47678,172.26458000,13284554.69277600
1777615200000,2026-05-01 06:00:00,77165.99000000,77179.53000000,76882.00000000,76993.48000000,439.15205000,1777618799999,33838972.17771530,76532,229.24357000,17662994.65403050
1777618800000,2026-05-01 07:00:00,76993.49000000,77140.36000000,76957.04000000,77130.54000000,633.73250000,1777622399999,48823881.48980300,76326,255.38352000,19674574.62927890
1777622400000,2026-05-01 08:00:00,77130.54000000,77500.00000000,77048.00000000,77377.47000000,697.73561000,1777625999999,53949516.06222700,79304,390.65756000,30198327.91565180
1777626000000,2026-05-01 09:00:00,77377.48000000,77391.99000000,77200.15000000,77268.55000000,355.16559000,1777629599999,27457228.84503140,44736,180.48591000,13952027.34715620
1777629600000,2026-05-01 10:00:00,77268.56000000,77433.72000000,77146.48000000,77304.34000000,330.99244000,1777633199999,25574894.53909830,49538,207.92526000,16066430.05007010
1777633200000,2026-05-01 11:00:00,77303.80000000,77600.00000000,77263.66000000,77463.98000000,584.37960000,1777636799999,45230880.13685930,86070,365.96527000,28323427.75270900
1777636800000,2026-05-01 12:00:00,77463.98000000,78170.20000000,77408.73000000,77896.01000000,1392.97654000,1777640399999,108487055.46186870,174978,772.25628000,60128120.66301710
1777640400000,2026-05-01 13:00:00,77896.01000000,78914.12000000,77896.00000000,78737.25000000,2354.33999000,1777643999999,184653368.79274720,259691,1209.83490000,94876162.84992570
1777644000000,2026-05-01 14:00:00,78737.26000000,78871.80000000,78051.86000000,78358.75000000,1970.70152000,1777647599999,154660069.15086530,204523,924.15659000,72544945.45286850
1777647600000,2026-05-01 15:00:00,78358.74000000,78735.92000000,78176.06000000,78445.89000000,1013.17746000,1777651199999,79504974.06095640,166414,436.97497000,34283575.16174520
1777651200000,2026-05-01 16:00:00,78445.88000000,78683.23000000,78167.53000000,78214.36000000,704.68666000,1777654799999,55222103.90011960,145416,308.41399000,24165052.67362010
1777654800000,2026-05-01 17:00:00,78214.36000000,78584.61000000,78131.02000000,78552.94000000,489.31938000,1777658399999,38317149.75282290,110372,289.23415000,22650895.60696940
1777658400000,2026-05-01 18:00:00,78552.93000000,78623.37000000,78375.53000000,78423.90000000,487.76487000,1777661999999,38294331.29391420,96469,261.23013000,20507967.98499310
1777662000000,2026-05-01 19:00:00,78423.91000000,78540.00000000,78313.16000000,78360.00000000,512.65483000,1777665599999,40193133.18175250,83198,246.20125000,19300984.61025750
1777665600000,2026-05-01 20:00:00,78360.01000000,78422.81000000,77752.00000000,77880.18000000,827.52759000,1777669199999,64613710.15713380,96235,257.15679000,20081186.73488360
1777669200000,2026-05-01 21:00:00,77880.18000000,78200.00000000,77857.97000000,78199.99000000,485.72824000,1777672799999,37918877.43102330,61822,253.70004000,19810078.66595420
1777672800000,2026-05-01 22:00:00,78200.00000000,78411.13000000,78144.70000000,78153.38000000,331.97786000,1777676399999,25994553.02354240,52866,133.86027000,10481984.50071870
1777676400000,2026-05-01 23:00:00,78153.37000000,78249.60000000,78043.28000000,78231.13000000,173.55448000,1777679999999,13559501.64810180,60842,63.08334000,4928751.63659940
1777680000000,2026-05-02 00:00:00,78231.13000000,78393.39000000,78166.48000000,78341.75000000,211.29374000,1777683599999,16542173.57367070,55791,124.29481000,9730806.40756910
1777683600000,2026-05-02 01:00:00,78341.75000000,78441.31000000,78294.19000000,78355.00000000,400.98852000,1777687199999,31413938.35153900,49585,212.31660000,16633463.64712960
1777687200000,2026-05-02 02:00:00,78355.00000000,78513.70000000,78260.95000000,78353.93000000,283.69022000,1777690799999,22231169.01629090,42871,99.38539000,7790008.08835790
1777690800000,2026-05-02 03:00:00,78353.93000000,78514.82000000,78237.25000000,78400.00000000,300.16391000,1777694399999,23530891.91086370,45743,147.82415000,11587551.66819360
1777694400000,2026-05-02 04:00:00,78399.99000000,78448.99000000,78123.53000000,78175.50000000,411.85061000,1777697999999,32238063.29784110,44379,194.99536000,15265233.82416090
1777698000000,2026-05-02 05:00:00,78175.50000000,78235.25000000,78040.00000000,78174.00000000,526.60294000,1777701599999,41153101.75112520,39232,218.74124000,17095943.32001140
1777701600000,2026-05-02 06:00:00,78174.00000000,78363.21000000,78148.24000000,78327.80000000,366.56450000,1777705199999,28671003.47614280,33235,202.06474000,15805270.14925430
1777705200000,2026-05-02 07:00:00,78327.80000000,78342.18000000,78207.20000000,78220.00000000,170.02066000,1777708799999,13309281.98447080,24648,106.26989000,8318643.84629150
1777708800000,2026-05-02 08:00:00,78220.00000000,78356.51000000,78165.30000000,78315.37000000,204.83037000,1777712399999,16036059.08965680,24831,128.56714000,10065412.66258210
1777712400000,2026-05-02 09:00:00,78315.36000000,78394.00000000,78220.00000000,78293.57000000,257.64077000,1777715999999,20177009.76790800,29926,151.92399000,11897104.85581480
1777716000000,2026-05-02 10:00:00,78293.57000000,78311.97000000,78225.22000000,78249.30000000,136.41815000,1777719599999,10676182.60320300,18765,71.74093000,5614507.92637120
1777719600000,2026-05-02 11:00:00,78249.31000000,78249.31000000,78094.43000000,78143.08000000,269.24301000,1777723199999,21044675.03756870,26917,125.55438000,9814003.22215970
1777723200000,2026-05-02 12:00:00,78143.09000000,78262.37000000,78108.41000000,78211.24000000,182.77682000,1777726799999,14290097.39124710,27343,119.17505000,9317384.97918450
1777726800000,2026-05-02 13:00:00,78211.24000000,78423.85000000,78211.24000000,78367.06000000,227.00487000,1777730399999,17781233.36486300,34447,173.31371000,13574862.53054850
1777730400000,2026-05-02 14:00:00,78367.06000000,78484.42000000,78309.84000000,78423.98000000,190.15931000,1777733999999,14909943.30361850,42297,132.56223000,10394275.64445100
1777734000000,2026-05-02 15:00:00,78423.98000000,78487.68000000,78365.96000000,78487.67000000,126.14054000,1777737599999,9891703.92475250,32871,63.11207000,4949312.98691210
1777737600000,2026-05-02 16:00:00,78487.67000000,78596.61000000,78430.07000000,78455.02000000,194.42514000,1777741199999,15265447.50289020,51734,102.08596000,8015442.89028010
1777741200000,2026-05-02 17:00:00,78455.02000000,78485.53000000,78368.24000000,78398.02000000,213.39843000,1777744799999,16737270.82532330,27902,107.92966000,8464757.40261000
1777744800000,2026-05-02 18:00:00,78398.03000000,78493.31000000,78310.54000000,78466.62000000,118.15969000,1777748399999,9263022.82677360,34867,50.56798000,3964377.95122570
1777748400000,2026-05-02 19:00:00,78466.63000000,78521.68000000,78440.11000000,78486.00000000,182.05466000,1777751999999,14284795.05864760,28004,90.57551000,7106259.12846710
1777752000000,2026-05-02 20:00:00,78486.23000000,78491.26000000,78418.32000000,78451.38000000,61.92886000,1777755599999,4858068.84851730,23025,18.04477000,1415430.54450310
1777755600000,2026-05-02 21:00:00,78451.37000000,79199.48000000,78439.51000000,78719.78000000,734.53837000,1777759199999,57942265.69334120,97532,455.72409000,35949086.70231880
1777759200000,2026-05-02 22:00:00,78719.78000000,78872.39000000,78610.46000000,78832.98000000,266.49012000,1777762799999,20976559.34248310,64442,154.36924000,12151161.13060190
1777762800000,2026-05-02 23:00:00,78832.98000000,78832.98000000,78631.90000000,78686.85000000,114.49221000,1777766399999,9014431.50667170,35756,45.90069000,3614190.16496710
1777766400000,2026-05-03 00:00:00,78686.84000000,78754.55000000,78490.61000000,78542.32000000,233.96416000,1777769999999,18389373.88555590,50475,90.23364000,7093904.10271550
1777770000000,2026-05-03 01:00:00,78542.33000000,78542.33000000,78152.25000000,78240.83000000,391.01401000,1777773599999,30616811.41440620,76400,115.72004000,9060071.88246820
1777773600000,2026-05-03 02:00:00,78240.84000000,78309.09000000,78108.75000000,78171.85000000,222.42918000,1777777199999,17390454.09155060,47632,100.62701000,7867886.34887840
1777777200000,2026-05-03 03:00:00,78171.86000000,78217.59000000,78109.94000000,78203.08000000,200.35590000,1777780799999,15657286.66285910,34358,84.56255000,6608931.61887160
1777780800000,2026-05-03 04:00:00,78203.07000000,78236.45000000,78120.00000000,78163.19000000,89.71363000,1777784399999,7013664.53114640,28765,46.86530000,3663786.23483230
1777784400000,2026-05-03 05:00:00,78163.19000000,78260.75000000,78163.17000000,78249.42000000,98.09285000,1777787999999,7673668.65262390,21368,42.29750000,3308883.55592310
1777788000000,2026-05-03 06:00:00,78249.41000000,78337.26000000,78084.08000000,78288.30000000,306.94233000,1777791599999,23993932.35759600,35888,100.40379000,7850739.90888150
1777791600000,2026-05-03 07:00:00,78288.30000000,78483.67000000,78288.29000000,78363.25000000,299.42086000,1777795199999,23478481.72082860,45006,219.14071000,17184570.05496340
1777795200000,2026-05-03 08:00:00,78363.24000000,78505.92000000,78363.24000000,78387.86000000,102.01693000,1777798799999,8002629.20224050,33227,58.11541000,4558852.91156070
1777798800000,2026-05-03 09:00:00,78387.87000000,78604.67000000,78354.53000000,78529.57000000,293.13210000,1777802399999,23007106.60546750,44612,201.36609000,15804042.89262210
1777802400000,2026-05-03 10:00:00,78529.57000000,78534.40000000,78406.97000000,78408.01000000,140.79481000,1777805999999,11045692.58321750,21933,87.72246000,6881926.60349900
1777806000000,2026-05-03 11:00:00,78408.01000000,78849.22000000,78380.00000000,78656.01000000,412.83130000,1777809599999,32463282.40600250,51272,297.93317000,23425078.93056530
1777809600000,2026-05-03 12:00:00,78656.01000000,78878.77000000,78656.00000000,78747.09000000,294.28187000,1777813199999,23180728.97929880,56563,165.97009000,13072909.70027510
1777813200000,2026-05-03 13:00:00,78747.09000000,78769.63000000,78586.99000000,78670.01000000,196.40341000,1777816799999,15454116.87497100,41759,91.70816000,7216858.27761710
1777816800000,2026-05-03 14:00:00,78670.01000000,78786.57000000,78608.70000000,78741.00000000,409.96615000,1777820399999,32265348.05525620,56576,94.53694000,7439986.32331140
1777820400000,2026-05-03 15:00:00,78741.00000000,78815.19000000,78633.40000000,78668.36000000,237.20487000,1777823999999,18675722.44414270,43092,95.12616000,7491943.64471250
1777824000000,2026-05-03 16:00:00,78668.36000000,78784.56000000,78600.00000000,78654.00000000,167.53902000,1777827599999,13181272.90936310,44250,64.18788000,5050763.99164320
1777827600000,2026-05-03 17:00:00,78654.01000000,78822.83000000,78558.65000000,78725.76000000,357.92550000,1777831199999,28153483.87706170,52110,107.05690000,8425824.70215490
1777831200000,2026-05-03 18:00:00,78725.76000000,78763.57000000,78631.61000000,78739.67000000,138.18974000,1777834799999,10875031.02619440,32709,61.76728000,4861293.87743950
1777834800000,2026-05-03 19:00:00,78739.68000000,78853.32000000,78676.67000000,78760.32000000,252.60944000,1777838399999,19887500.78181890,39278,74.94379000,5901871.78694580
1777838400000,2026-05-03 20:00:00,78760.32000000,79268.00000000,78732.04000000,78915.99000000,645.79790000,1777841999999,51036893.87052360,92281,369.28376000,29185874.63484500
1777842000000,2026-05-03 21:00:00,78915.99000000,79056.59000000,78650.00000000,78831.59000000,357.48617000,1777845599999,28193836.45489890,76810,136.60365000,10771413.53731190
1777845600000,2026-05-03 22:00:00,78831.60000000,79447.00000000,78831.60000000,79177.29000000,934.95879000,1777849199999,74026964.53738020,187344,455.51530000,36067901.28534870
1777849200000,2026-05-03 23:00:00,79177.29000000,79287.82000000,78484.42000000,78568.57000000,642.72198000,1777852799999,50631046.52722440,138766,303.22654000,23887975.36198880
1777852800000,2026-05-04 00:00:00,78568.58000000,78572.57000000,78288.88000000,78547.14000000,434.86007000,1777856399999,34109856.70746570,124823,219.30112000,17200649.91478250
1777856400000,2026-05-04 01:00:00,78547.15000000,79848.84000000,78412.49000000,79769.43000000,1366.42153000,1777859999999,108368475.57302710,210432,830.12969000,65842460.85625200
1777860000000,2026-05-04 02:00:00,79769.43000000,80420.90000000,79540.05000000,80173.30000000,2278.14954000,1777863599999,182211034.88155550,311169,1343.13127000,107441034.84489740
1777863600000,2026-05-04 03:00:00,80173.30000000,80458.00000000,79926.90000000,80316.31000000,1012.18218000,1777867199999,81160285.19932660,151705,551.15684000,44204478.15936790
1777867200000,2026-05-04 04:00:00,80316.30000000,80635.51000000,80233.04000000,80332.06000000,1362.02834000,1777870799999,109502414.36089390,175006,737.48830000,59302038.00013130
1777870800000,2026-05-04 05:00:00,80332.06000000,80395.96000000,79956.25000000,80027.26000000,746.81318000,1777874399999,59862060.43704110,88298,261.85719000,20982551.31241730
1777874400000,2026-05-04 06:00:00,80027.26000000,80048.64000000,79500.00000000,79877.90000000,1103.73906000,1777877999999,88095643.65715760,102725,476.09809000,37995510.31724970
1777878000000,2026-05-04 07:00:00,79877.91000000,79946.33000000,79672.00000000,79696.75000000,419.83178000,1777881599999,33510680.95072630,80159,156.96525000,12529816.34170310
1777881600000,2026-05-04 08:00:00,79696.75000000,79800.00000000,79602.32000000,79708.30000000,435.36516000,1777885199999,34704544.90906660,76411,235.69927000,18788562.68440460
1777885200000,2026-05-04 09:00:00,79708.30000000,79930.00000000,79647.87000000,79838.48000000,473.40316000,1777888799999,37777177.35040620,61177,307.60063000,24550059.00196970
1777888800000,2026-05-04 10:00:00,79838.49000000,79880.00000000,78202.00000000,78940.26000000,4380.72428000,1777892399999,344798749.47409650,410423,2298.90928000,180800300.35133900
1777892400000,2026-05-04 11:00:00,78940.27000000,79124.83000000,78708.87000000,78793.67000000,699.54546000,1777895999999,55214897.11882620,107580,379.34117000,29943086.83434740
1777896000000,2026-05-04 12:00:00,78793.67000000,79020.00000000,78718.55000000,78857.18000000,426.01688000,1777899599999,33611587.08533860,92728,208.36701000,16440696.74872460
1777899600000,2026-05-04 13:00:00,78857.18000000,79124.83000000,78581.74000000,78790.00000000,725.07004000,1777903199999,57190378.30700520,164745,391.20576000,30863050.81164610
1777903200000,2026-05-04 14:00:00,78790.01000000,80545.17000000,78500.00000000,80216.16000000,2308.42012000,1777906799999,183972559.46435120,315262,1316.90523000,104940462.64175560
1777906800000,2026-05-04 15:00:00,80216.15000000,80367.93000000,79320.28000000,80028.85000000,2458.63305000,1777910399999,196312434.64737970,353923,1167.06602000,93186443.06053080
1777910400000,2026-05-04 16:00:00,80028.85000000,80395.68000000,79619.33000000,80025.03000000,1492.78417000,1777913999999,119556511.30567630,266595,696.34302000,55763198.56035570
1777914000000,2026-05-04 17:00:00,80025.03000000,80776.99000000,80021.50000000,80390.81000000,1080.11249000,1777917599999,86879328.20482750,173544,559.27556000,44993418.69610570
1777917600000,2026-05-04 18:00:00,80390.80000000,80439.18000000,80035.32000000,80114.91000000,663.99913000,1777921199999,53291448.29819960,108346,237.15498000,19031985.07089430
1777921200000,2026-05-04 19:00:00,80114.91000000,80138.00000000,79900.00000000,80053.31000000,505.59924000,1777924799999,40453106.87117200,100222,256.42377000,20519659.28057330
1777924800000,2026-05-04 20:00:00,80053.31000000,80154.12000000,79901.00000000,79936.70000000,459.51864000,1777928399999,36758175.75896280,66701,165.01845000,13201267.73356190
1777928400000,2026-05-04 21:00:00,79936.70000000,80383.15000000,79936.70000000,80259.17000000,343.30642000,1777931999999,27534211.81000960,65327,203.09092000,16287205.74114080
1777932000000,2026-05-04 22:00:00,80259.18000000,80397.19000000,80042.84000000,80067.23000000,272.35375000,1777935599999,21855872.70622840,67690,120.80743000,9695412.67097040
1777935600000,2026-05-04 23:00:00,80067.22000000,80067.22000000,79744.91000000,79861.01000000,594.08368000,1777939199999,47443415.43269890,59613,232.30923000,18551512.24313410
1777939200000,2026-05-05 00:00:00,79861.01000000,80183.33000000,79808.72000000,80170.66000000,425.73287000,1777942799999,34055867.21813090,74650,267.32348000,21383055.79421220
1777942800000,2026-05-05 01:00:00,80170.66000000,80385.06000000,80080.76000000,80352.00000000,530.02962000,1777946399999,42532891.65882890,71006,247.68468000,19875184.89638780
1777946400000,2026-05-05 02:00:00,80351.99000000,80900.00000000,80300.00000000,80554.68000000,768.44478000,1777949999999,61954964.50992480,110825,439.02963000,35402380.75645240
1777950000000,2026-05-05 03:00:00,80554.69000000,81083.98000000,80457.93000000,80893.08000000,677.93372000,1777953599999,54818614.97244420,121587,423.91096000,34281212.97957930
1777953600000,2026-05-05 04:00:00,80893.08000000,80982.59000000,80725.00000000,80902.44000000,528.94138000,1777957199999,42768128.28869160,82146,229.31440000,18542714.84800150
1777957200000,2026-05-05 05:00:00,80902.44000000,81323.52000000,80830.06000000,80970.00000000,1011.38606000,1777960799999,81979177.44050090,127042,453.88921000,36795753.65964120
1777960800000,2026-05-05 06:00:00,80969.99000000,81016.42000000,80800.00000000,80976.00000000,389.83367000,1777964399999,31533232.41416210,70768,178.59746000,14445716.08872920
1777964400000,2026-05-05 07:00:00,80976.00000000,81136.59000000,80826.00000000,80855.59000000,1044.43230000,1777967999999,84592961.08966100,96499,441.04582000,35721522.98754780
1777968000000,2026-05-05 08:00:00,80855.59000000,80895.50000000,80723.20000000,80815.24000000,474.45790000,1777971599999,38350565.11195420,50838,240.10612000,19409114.59372470
1777971600000,2026-05-05 09:00:00,80815.24000000,80815.24000000,80527.76000000,80586.02000000,865.34761000,1777975199999,69783298.74940420,72120,326.93327000,26361863.37959520
1777975200000,2026-05-05 10:00:00,80586.02000000,80831.87000000,80530.82000000,80823.61000000,521.10422000,1777978799999,42067489.82492500,57062,303.01490000,24459329.48351630
1777978800000,2026-05-05 11:00:00,80823.61000000,81095.48000000,80780.00000000,81014.05000000,623.66253000,1777982399999,50474282.60859020,75313,325.24245000,26320253.20652170
1777982400000,2026-05-05 12:00:00,81014.05000000,81329.61000000,80932.54000000,81279.41000000,607.82057000,1777985999999,49355303.14287410,100289,326.05034000,26476068.18927930
1777986000000,2026-05-05 13:00:00,81279.40000000,81712.32000000,81196.00000000,81330.00000000,1771.41690000,1777989599999,144361352.94605540,229845,997.46093000,81294998.90176220
1777989600000,2026-05-05 14:00:00,81330.00000000,81500.00000000,80939.87000000,81336.59000000,1282.91373000,1777993199999,104201089.24709670,225570,664.35075000,53979488.16831600
1777993200000,2026-05-05 15:00:00,81336.59000000,81689.20000000,81235.00000000,81525.19000000,899.04049000,1777996799999,73311097.66464120,147452,551.08742000,44937787.30068310
1777996800000,2026-05-05 16:00:00,81525.19000000,81615.33000000,81050.04000000,81285.75000000,707.45267000,1778000399999,57489542.00427770,124974,236.27333000,19206666.13221070
1778000400000,2026-05-05 17:00:00,81285.75000000,81458.26000000,81185.02000000,81270.60000000,280.80669000,1778003999999,22835946.02459990,75241,142.53889000,11592764.46356310
1778004000000,2026-05-05 18:00:00,81270.61000000,81599.00000000,81270.61000000,81515.00000000,427.56223000,1778007599999,34840130.81458040,75961,240.75349000,19619764.94737970
1778007600000,2026-05-05 19:00:00,81515.00000000,81680.00000000,81407.58000000,81606.35000000,364.63717000,1778011199999,29746413.05663760,71879,209.61660000,17100913.86811780
1778011200000,2026-05-05 20:00:00,81606.35000000,81770.00000000,81510.13000000,81646.38000000,724.67261000,1778014799999,59174217.67863670,84797,426.32043000,34812715.68318020
1778014800000,2026-05-05 21:00:00,81646.39000000,81791.48000000,81305.27000000,81407.11000000,618.58873000,1778018399999,50465353.76446970,99536,344.94421000,28145892.21155450
1778018400000,2026-05-05 22:00:00,81407.11000000,81600.00000000,80817.72000000,81111.27000000,921.88572000,1778021999999,74829036.38646200,156448,385.52562000,31292476.53791200
1778022000000,2026-05-05 23:00:00,81111.27000000,81222.03000000,80790.00000000,80905.52000000,479.07578000,1778025599999,38798072.61338670,89082,227.13538000,18392149.82858630
1778025600000,2026-05-06 00:00:00,80905.53000000,81262.28000000,80731.14000000,81030.01000000,876.19915000,1778029199999,70968679.43861510,110959,636.67979000,51567109.22715900
1778029200000,2026-05-06 01:00:00,81030.00000000,81534.23000000,80996.00000000,81439.34000000,803.82574000,1778032799999,65366448.83337120,103569,580.57502000,47213605.07318160
1778032800000,2026-05-06 02:00:00,81439.34000000,81449.04000000,81047.01000000,81363.54000000,621.19491000,1778036399999,50466176.14107060,78385,349.43243000,28387965.25941980
1778036400000,2026-05-06 03:00:00,81363.54000000,81760.84000000,81358.17000000,81581.69000000,710.52364000,1778039999999,57939766.42393600,109321,415.85632000,33911043.22379350
1778040000000,2026-05-06 04:00:00,81581.70000000,81649.99000000,81270.00000000,81331.10000000,575.64130000,1778043599999,46902387.41138490,93124,259.61557000,21155394.80627650
1778043600000,2026-05-06 05:00:00,81331.10000000,81360.30000000,81060.00000000,81333.00000000,592.18650000,1778047199999,48102689.94548030,84618,300.16925000,24388687.58392130
1778047200000,2026-05-06 06:00:00,81333.00000000,81516.90000000,81211.34000000,81476.71000000,524.13540000,1778050799999,42655704.21496380,70575,248.97453000,20261295.13681340
1778050800000,2026-05-06 07:00:00,81476.71000000,81611.00000000,81307.81000000,81359.82000000,608.74333000,1778054399999,49588869.04418160,87612,245.58602000,20008180.20865100
1778054400000,2026-05-06 08:00:00,81359.82000000,81986.00000000,81328.68000000,81945.66000000,1353.41416000,1778057999999,110643623.97959440,156787,691.64025000,56552195.08141550
1778058000000,2026-05-06 09:00:00,81945.66000000,82060.00000000,81682.70000000,81997.00000000,1096.73350000,1778061599999,89833586.85477380,130505,606.07461000,49650203.42102550
1778061600000,2026-05-06 10:00:00,81997.00000000,82390.00000000,81953.25000000,82290.04000000,1302.85091000,1778065199999,107072448.78371400,140037,751.58567000,61769355.16962680
1778065200000,2026-05-06 11:00:00,82290.03000000,82850.00000000,82261.60000000,82522.89000000,1435.93329000,1778068799999,118605240.51472930,156288,835.21483000,68985039.50893010
1778068800000,2026-05-06 12:00:00,82522.88000000,82539.33000000,82164.61000000,82220.47000000,820.92810000,1778072399999,67597251.08798280,128547,379.28326000,31231484.76556480
1778072400000,2026-05-06 13:00:00,82220.47000000,82220.47000000,81600.00000000,81670.89000000,1247.90169000,1778075999999,102215660.26985480,256327,545.86266000,44720782.65646970
1778076000000,2026-05-06 14:00:00,81670.90000000,81980.72000000,81136.00000000,81526.73000000,1615.07708000,1778079599999,131688079.31757650,263483,730.71193000,59583706.87228260
1778079600000,2026-05-06 15:00:00,81526.74000000,81823.00000000,81316.28000000,81704.25000000,824.75333000,1778083199999,67297615.62146720,144650,409.78243000,33441480.07884500
1778083200000,2026-05-06 16:00:00,81704.25000000,81907.51000000,81431.16000000,81630.94000000,983.55485000,1778086799999,80356406.85739120,121435,624.45329000,51033688.31916110
1778086800000,2026-05-06 17:00:00,81630.94000000,81709.32000000,81394.00000000,81452.63000000,417.39237000,1778090399999,34026753.13154710,100728,203.79538000,16615720.47207230
1778090400000,2026-05-06 18:00:00,81452.63000000,81559.17000000,81271.06000000,81353.14000000,451.84587000,1778093999999,36787845.61100140,92193,207.03293000,16858874.57984800
1778094000000,2026-05-06 19:00:00,81353.15000000,81522.41000000,81200.00000000,81464.87000000,517.12437000,1778097599999,42074504.44113220,79252,299.73710000,24388619.60629530
1778097600000,2026-05-06 20:00:00,81464.86000000,81700.00000000,81302.35000000,81427.52000000,436.46876000,1778101199999,35571219.92422290,74219,233.71360000,19051812.79880580
1778101200000,2026-05-06 21:00:00,81427.52000000,81618.77000000,81294.64000000,81539.16000000,310.38464000,1778104799999,25293460.65430930,62102,131.77151000,10737321.02083630
1778104800000,2026-05-06 22:00:00,81539.16000000,81540.91000000,81240.00000000,81342.39000000,229.58883000,1778108399999,18678662.49362210,68585,88.99752000,7240044.53544360
1778108400000,2026-05-06 23:00:00,81342.39000000,81447.30000000,81000.00000000,81447.01000000,442.37224000,1778111999999,35917543.76532580,81406,200.14215000,16255464.82437500
1778112000000,2026-05-07 00:00:00,81447.01000000,81490.03000000,80980.00000000,81016.96000000,407.52958000,1778115599999,33092870.00253780,109604,196.48418000,15962940.85724320
1778115600000,2026-05-07 01:00:00,81016.96000000,81284.67000000,80830.23000000,81167.80000000,565.39571000,1778119199999,45845040.70950680,130591,262.81584000,21317708.69913650
1778119200000,2026-05-07 02:00:00,81167.79000000,81180.74000000,80883.54000000,81113.34000000,749.95215000,1778122799999,60723443.00322920,93990,398.09243000,32233788.26681630
1778122800000,2026-05-07 03:00:00,81113.35000000,81113.35000000,80834.61000000,80834.91000000,345.29566000,1778126399999,27957498.66756340,58782,100.25285000,8117102.84834750
1778126400000,2026-05-07 04:00:00,80834.92000000,80989.59000000,80725.09000000,80979.19000000,387.82747000,1778129999999,31368135.83755000,66132,205.06640000,16588380.94766940
1778130000000,2026-05-07 05:00:00,80979.19000000,81172.27000000,80974.06000000,81088.00000000,355.34634000,1778133599999,28812521.96065020,55988,221.61904000,17970634.70226380
1778133600000,2026-05-07 06:00:00,81088.00000000,81443.21000000,80874.41000000,81438.61000000,613.68575000,1778137199999,49811553.48203190,85859,353.70806000,28723889.96013080
1778137200000,2026-05-07 07:00:00,81438.62000000,81708.32000000,81390.30000000,81518.58000000,681.98013000,1778140799999,55623212.06960690,102529,366.76453000,29915879.69688500
1778140800000,2026-05-07 08:00:00,81518.57000000,81590.00000000,81194.74000000,81231.24000000,647.38206000,1778144399999,52689795.17204210,93066,256.87282000,20906340.14425960
1778144400000,2026-05-07 09:00:00,81231.25000000,81231.25000000,80852.33000000,80929.00000000,659.04219000,1778147999999,53392652.70466130,85501,329.20120000,26664133.80438160
1778148000000,2026-05-07 10:00:00,80929.00000000,80997.00000000,80572.40000000,80850.75000000,690.56353000,1778151599999,55803373.34728540,83111,361.24476000,29192443.59234800
1778151600000,2026-05-07 11:00:00,80850.76000000,81041.15000000,80786.50000000,80866.65000000,367.10915000,1778155199999,29707434.74106300,65573,174.23627000,14099527.85638180
1778155200000,2026-05-07 12:00:00,80866.65000000,81180.00000000,80846.87000000,81162.01000000,429.19223000,1778158799999,34783045.59708000,82974,271.44357000,21997729.86600230
1778158800000,2026-05-07 13:00:00,81162.00000000,81162.01000000,80260.98000000,80503.68000000,1211.56578000,1778162399999,97696809.66617840,210688,547.41530000,44138665.35889530
1778162400000,2026-05-07 14:00:00,80503.69000000,80685.70000000,80046.00000000,80171.38000000,1538.09475000,1778165999999,123596097.89968390,205689,637.46566000,51219323.63289190
1778166000000,2026-05-07 15:00:00,80171.37000000,80271.42000000,79699.52000000,79890.63000000,1647.81030000,1778169599999,131759796.57056090,200568,678.00516000,54213366.05417760
1778169600000,2026-05-07 16:00:00,79890.00000000,80020.00000000,79646.79000000,79801.08000000,1424.92395000,1778173199999,113717784.59307280,173107,627.24356000,50066286.14123390
1778173200000,2026-05-07 17:00:00,79801.08000000,80135.17000000,79500.00000000,80094.52000000,919.74045000,1778176799999,73395449.17527070,150300,458.56001000,36603117.58537850
1778176800000,2026-05-07 18:00:00,80094.52000000,80269.06000000,80004.40000000,80200.59000000,527.27769000,1778180399999,42268659.40420810,113138,226.38453000,18146874.84493080
1778180400000,2026-05-07 19:00:00,80200.60000000,80224.00000000,79934.30000000,80146.11000000,443.20216000,1778183999999,35497789.72065180,92695,199.14259000,15948166.18241650
1778184000000,2026-05-07 20:00:00,80146.77000000,80371.23000000,79859.51000000,79879.99000000,400.51449000,1778187599999,32088240.58001160,77187,188.88099000,15135215.26540170
1778187600000,2026-05-07 21:00:00,79880.00000000,79934.92000000,79660.00000000,79735.01000000,401.75461000,1778191199999,32064986.46657290,69328,174.13049000,13897860.30436660
1778191200000,2026-05-07 22:00:00,79735.00000000,79990.00000000,79582.95000000,79919.01000000,495.14556000,1778194799999,39517119.83387290,89161,259.28150000,20695301.32586450
1778194800000,2026-05-07 23:00:00,79919.00000000,80068.03000000,79871.98000000,80006.00000000,244.47169000,1778198399999,19553070.89744190,44768,130.83705000,10464080.80990770
1778198400000,2026-05-08 00:00:00,80006.00000000,80142.84000000,79729.72000000,79831.99000000,958.06006000,1778201999999,76636658.96208970,67626,559.85461000,44801546.15802500
1778202000000,2026-05-08 01:00:00,79831.98000000,79900.11000000,79612.63000000,79740.01000000,539.33838000,1778205599999,43021133.11240800,60400,259.42410000,20693153.56999060
1778205600000,2026-05-08 02:00:00,79740.01000000,79761.61000000,79316.99000000,79488.46000000,1066.54641000,1778209199999,84774005.19844730,121413,463.38946000,36837243.52148240
1778209200000,2026-05-08 03:00:00,79488.47000000,79666.66000000,79181.48000000,79578.85000000,529.79179000,1778212799999,42089636.50912530,95701,276.42972000,21964317.04837450
1778212800000,2026-05-08 04:00:00,79578.84000000,79748.00000000,79551.26000000,79655.23000000,317.73705000,1778216399999,25310842.85488980,54761,164.65991000,13117687.57859560
1778216400000,2026-05-08 05:00:00,79655.22000000,79778.95000000,79600.00000000,79600.01000000,307.79364000,1778219999999,24523168.03798270,45878,141.41529000,11266310.74414960
1778220000000,2026-05-08 06:00:00,79600.01000000,79654.00000000,79411.00000000,79525.76000000,792.09671000,1778223599999,62997807.80398200,79916,350.63683000,27884886.38992070
1778223600000,2026-05-08 07:00:00,79525.77000000,79727.00000000,79248.58000000,79682.40000000,992.93778000,1778227199999,78897553.21492940,117321,516.57722000,41058553.82654330
1778227200000,2026-05-08 08:00:00,79682.40000000,79987.27000000,79666.05000000,79886.01000000,628.59636000,1778230799999,50159551.06991930,63160,409.15639000,32648497.05863360
1778230800000,2026-05-08 09:00:00,79886.00000000,80061.17000000,79794.88000000,79872.72000000,481.81051000,1778234399999,38509342.92722900,57976,214.43244000,17138095.64582580
1778234400000,2026-05-08 10:00:00,79872.72000000,80278.92000000,79788.01000000,80212.56000000,650.80764000,1778237999999,52119317.99029740,85293,385.24547000,30850750.88610720
1778238000000,2026-05-08 11:00:00,80212.55000000,80340.94000000,80127.54000000,80231.22000000,586.98252000,1778241599999,47098999.45850000,83205,336.82887000,27026911.97447380
1778241600000,2026-05-08 12:00:00,80231.22000000,80500.00000000,79966.14000000,80025.82000000,831.54339000,1778245199999,66716136.14028440,108134,432.66708000,34721327.01356030
1778245200000,2026-05-08 13:00:00,80025.81000000,80095.99000000,79549.54000000,79647.80000000,1091.58342000,1778248799999,87038288.83122590,186990,516.21403000,41158258.91638410
1778248800000,2026-05-08 14:00:00,79647.81000000,80441.79000000,79647.80000000,80150.97000000,1005.37450000,1778252399999,80539283.67261260,232352,559.65414000,44825159.53022110
1778252400000,2026-05-08 15:00:00,80150.97000000,80200.00000000,79625.00000000,80142.14000000,812.90032000,1778255999999,64987977.31549140,169828,456.57279000,36504363.78297570
1778256000000,2026-05-08 16:00:00,80142.13000000,80182.18000000,79741.30000000,79802.34000000,665.76300000,1778259599999,53212392.22807630,116614,345.78588000,27636505.32556240
1778259600000,2026-05-08 17:00:00,79802.35000000,80261.87000000,79738.75000000,80060.00000000,1502.98426000,1778263199999,120404466.30777340,146947,911.61759000,73029401.58946980
1778263200000,2026-05-08 18:00:00,80060.00000000,80299.99000000,80059.99000000,80078.40000000,470.37331000,1778266799999,37726970.18424740,103432,219.33518000,17592204.76259540
1778266800000,2026-05-08 19:00:00,80078.39000000,80181.66000000,79954.54000000,80179.94000000,408.77976000,1778270399999,32730381.95302090,73140,183.44725000,14690626.60975370
1778270400000,2026-05-08 20:00:00,80180.00000000,80299.93000000,80089.76000000,80133.09000000,330.63666000,1778273999999,26520818.60441150,53789,183.03104000,14681448.42293910
1778274000000,2026-05-08 21:00:00,80133.08000000,80264.00000000,80116.32000000,80263.99000000,269.62208000,1778277599999,21622750.50099750,46676,144.24155000,11567808.28401850
1778277600000,2026-05-08 22:00:00,80264.00000000,80409.09000000,80238.42000000,80262.00000000,318.15524000,1778281199999,25555757.01636840,52351,170.58861000,13703395.38703000
1778281200000,2026-05-08 23:00:00,80262.00000000,80299.27000000,80111.02000000,80193.17000000,441.09530000,1778284799999,35372805.52295220,42469,127.18109000,10201582.16583180
1778284800000,2026-05-09 00:00:00,80193.18000000,80240.87000000,80129.85000000,80238.76000000,206.53644000,1778288399999,16561246.01202940,38749,106.31422000,8525158.40077210
1778288400000,2026-05-09 01:00:00,80238.75000000,80446.58000000,80217.46000000,80327.75000000,266.81337000,1778291999999,21435793.45956020,44427,175.29066000,14083198.16370510
1778292000000,2026-05-09 02:00:00,80327.75000000,80477.47000000,80327.75000000,80417.87000000,231.63268000,1778295599999,18626864.27594840,46355,133.74844000,10754998.87318720
1778295600000,2026-05-09 03:00:00,80417.88000000,80550.67000000,80307.76000000,80383.95000000,388.12699000,1778299199999,31214117.38353770,40049,202.59974000,16294587.69870040
1778299200000,2026-05-09 04:00:00,80383.96000000,80666.66000000,80373.55000000,80379.90000000,404.43634000,1778302799999,32558245.05024360,58360,226.70164000,18252200.76653290
1778302800000,2026-05-09 05:00:00,80379.90000000,80480.49000000,80343.00000000,80379.49000000,360.73513000,1778306399999,29001792.24059590,38150,177.55890000,14275775.09216960
1778306400000,2026-05-09 06:00:00,80379.50000000,80428.01000000,80201.60000000,80263.92000000,270.37474000,1778309999999,21710521.88055690,43777,138.35767000,11110357.76631150
1778310000000,2026-05-09 07:00:00,80263.93000000,80309.05000000,80135.00000000,80228.89000000,445.94164000,1778313599999,35772648.75108210,38220,210.23672000,16866843.19666920
1778313600000,2026-05-09 08:00:00,80228.88000000,80452.44000000,80220.00000000,80407.12000000,297.06841000,1778317199999,23882258.00850070,32167,174.53861000,14030278.42785500
1778317200000,2026-05-09 09:00:00,80407.12000000,80415.83000000,80214.00000000,80242.53000000,211.41081000,1778320799999,16972602.01511380,31591,98.00903000,7868270.87428990
1778320800000,2026-05-09 10:00:00,80242.54000000,80346.94000000,80166.26000000,80264.02000000,234.54075000,1778324399999,18818878.39853800,30009,118.85537000,9536414.09692560
1778324400000,2026-05-09 11:00:00,80264.01000000,80366.07000000,80256.95000000,80345.46000000,266.71827000,1778327999999,21423368.07865200,23343,172.75278000,13875178.83596950
1778328000000,2026-05-09 12:00:00,80345.47000000,80416.21000000,80274.03000000,80397.97000000,357.45715000,1778331599999,28722681.12267350,32144,245.65837000,19738723.19284000
1778331600000,2026-05-09 13:00:00,80397.97000000,80422.00000000,80318.70000000,80391.18000000,341.73909000,1778335199999,27466352.88196460,32401,220.35946000,17710951.36654580
1778335200000,2026-05-09 14:00:00,80391.18000000,80426.90000000,80254.71000000,80332.22000000,322.24573000,1778338799999,25883852.03123980,43576,175.29005000,14079640.52111770
1778338800000,2026-05-09 15:00:00,80332.23000000,80600.00000000,80234.00000000,80527.92000000,418.47876000,1778342399999,33656956.92513380,57952,261.99258000,21072147.26445580
1778342400000,2026-05-09 16:00:00,80527.92000000,80777.00000000,80487.40000000,80625.01000000,546.55445000,1778345999999,44070919.93475470,74885,294.62718000,23756489.39076720
1778346000000,2026-05-09 17:00:00,80625.00000000,80928.56000000,80625.00000000,80812.70000000,430.13867000,1778349599999,34753469.16540250,63613,214.07245000,17294645.62435550
1778349600000,2026-05-09 18:00:00,80812.69000000,81080.00000000,80787.39000000,80907.65000000,339.35386000,1778353199999,27467377.36789340,50106,206.38485000,16704650.59752920
1778353200000,2026-05-09 19:00:00,80907.66000000,80958.00000000,80776.99000000,80938.53000000,217.80867000,1778356799999,17614551.47147840,39052,103.01271000,8331788.60545210
1778356800000,2026-05-09 20:00:00,80938.53000000,80938.53000000,80744.98000000,80805.50000000,144.14004000,1778360399999,11648951.74638690,30610,52.99293000,4282457.42219490
1778360400000,2026-05-09 21:00:00,80805.51000000,80896.00000000,80744.98000000,80780.83000000,149.85415000,1778363999999,12108739.99185000,33300,57.15052000,4618159.03066100
1778364000000,2026-05-09 22:00:00,80780.83000000,80823.24000000,80670.01000000,80782.38000000,199.54802000,1778367599999,16114672.37330250,41222,116.54019000,9411548.49793910
1778367600000,2026-05-09 23:00:00,80782.38000000,80850.00000000,80621.88000000,80678.40000000,496.76761000,1778371199999,40109365.41998130,38315,149.68059000,12080076.61855890
1778371200000,2026-05-10 00:00:00,80678.41000000,80770.51000000,80610.64000000,80680.04000000,346.27712000,1778374799999,27938364.75709530,45375,173.73053000,14017391.47894300
1778374800000,2026-05-10 01:00:00,80680.03000000,80690.73000000,80572.77000000,80685.56000000,410.62072000,1778378399999,33105508.24261130,43216,210.65570000,16983738.90224970
1778378400000,2026-05-10 02:00:00,80685.55000000,80790.00000000,80611.00000000,80777.42000000,290.59888000,1778381999999,23451635.21679370,33816,156.10614000,12599906.08938280
1778382000000,2026-05-10 03:00:00,80777.42000000,80887.15000000,80709.59000000,80775.00000000,284.77121000,1778385599999,23007404.04888430,32583,148.75990000,12018844.70967530
1778385600000,2026-05-10 04:00:00,80774.99000000,80840.00000000,80722.78000000,80759.93000000,253.45188000,1778389199999,20473639.97558600,33078,133.49396000,10784627.22398450
1778389200000,2026-05-10 05:00:00,80759.93000000,80816.52000000,80682.00000000,80700.77000000,372.73913000,1778392799999,30101404.09200630,35968,170.23394000,13747989.56243790
1778392800000,2026-05-10 06:00:00,80700.76000000,80753.04000000,80658.97000000,80733.75000000,211.55020000,1778396399999,17073438.68409720,35863,105.63749000,8525620.49164600
1778396400000,2026-05-10 07:00:00,80733.75000000,80827.14000000,80720.10000000,80736.03000000,400.67517000,1778399999999,32362774.35034000,32285,230.74152000,18637934.32977370
1778400000000,2026-05-10 08:00:00,80736.03000000,80909.65000000,80715.33000000,80830.33000000,252.36808000,1778403599999,20396915.00558450,35473,145.09957000,11728683.41921890
1778403600000,2026-05-10 09:00:00,80830.34000000,80913.80000000,80756.53000000,80807.96000000,237.31778000,1778407199999,19181961.01733510,33556,113.55076000,9177620.35544910
1778407200000,2026-05-10 10:00:00,80807.95000000,80883.48000000,80691.00000000,80873.79000000,279.49023000,1778410799999,22578671.54169030,40473,135.90842000,10979220.51271300
1778410800000,2026-05-10 11:00:00,80873.80000000,80975.40000000,80750.00000000,80821.21000000,339.53296000,1778414399999,27455513.62882910,42009,187.17359000,15137653.00613530
1778414400000,2026-05-10 12:00:00,80821.21000000,80950.00000000,80784.20000000,80927.72000000,235.68491000,1778417999999,19065459.43875590,39859,115.06068000,9307463.01755610
1778418000000,2026-05-10 13:00:00,80927.71000000,81000.01000000,80865.44000000,80971.67000000,254.25083000,1778421599999,20582051.97127690,45884,126.30231000,10224740.05641780
1778421600000,2026-05-10 14:00:00,80971.66000000,80999.36000000,80816.22000000,80990.11000000,372.45860000,1778425199999,30145354.84455610,50898,184.80407000,14958018.80428380
1778425200000,2026-05-10 15:00:00,80990.11000000,81442.81000000,80936.00000000,81418.01000000,780.28503000,1778428799999,63335108.11053780,112364,461.56052000,37469591.80149990
1778428800000,2026-05-10 16:00:00,81418.01000000,81500.00000000,81200.00000000,81378.25000000,595.22707000,1778432399999,48432813.68047720,86414,302.54564000,24617555.75461730
1778432400000,2026-05-10 17:00:00,81378.25000000,81583.11000000,81220.00000000,81476.18000000,599.74468000,1778435999999,48816561.87394070,90133,362.00810000,29467086.82483340
1778436000000,2026-05-10 18:00:00,81476.18000000,81493.11000000,81231.14000000,81271.96000000,268.90805000,1778439599999,21879421.49644170,52194,113.41922000,9228321.39955930
1778439600000,2026-05-10 19:00:00,81271.96000000,81481.92000000,81148.00000000,81437.83000000,334.34752000,1778443199999,27205027.82648550,55929,187.71200000,15277948.88163100
1778443200000,2026-05-10 20:00:00,81437.83000000,81459.66000000,80279.77000000,80734.88000000,1021.73969000,1778446799999,82566209.44079140,188726,406.44396000,32849770.65404030
1778446800000,2026-05-10 21:00:00,80734.88000000,80944.44000000,80571.97000000,80720.47000000,691.73163000,1778450399999,55893676.47914320,119158,378.92038000,30619793.10125520
1778450400000,2026-05-10 22:00:00,80720.47000000,82171.96000000,80666.66000000,82044.49000000,1804.86462000,1778453999999,147314931.15192420,310109,1125.50849000,91851743.32779020
1778454000000,2026-05-10 23:00:00,82044.49000000,82479.32000000,82044.49000000,82210.07000000,1395.68283000,1778457599999,114859867.38829080,206245,720.51971000,59293927.81004300
1778457600000,2026-05-11 00:00:00,82210.07000000,82380.00000000,81280.00000000,81471.13000000,1294.00066000,1778461199999,105810972.44480100,209298,609.14020000,49827487.79772340
1778461200000,2026-05-11 01:00:00,81471.13000000,81744.85000000,81291.23000000,81501.72000000,495.92379000,1778464799999,40425195.09104950,141118,301.07378000,24541297.33640580
1778464800000,2026-05-11 02:00:00,81501.73000000,81572.40000000,81117.64000000,81169.08000000,491.97068000,1778468399999,39984280.48422640,120235,225.53058000,18327664.71095140
1778468400000,2026-05-11 03:00:00,81169.09000000,81188.97000000,80525.00000000,80736.01000000,857.95581000,1778471999999,69259137.03215850,144136,323.77803000,26131221.06464320
1778472000000,2026-05-11 04:00:00,80736.00000000,80879.12000000,80639.99000000,80824.61000000,378.47076000,1778475599999,30553280.49749160,65543,182.23515000,14715193.63047700
1778475600000,2026-05-11 05:00:00,80824.61000000,80981.80000000,80761.73000000,80832.33000000,423.68877000,1778479199999,34257094.75382480,57249,175.76638000,14212578.99001410
1778479200000,2026-05-11 06:00:00,80832.34000000,81049.51000000,80762.00000000,80822.86000000,296.00491000,1778482799999,23941029.95133420,59178,96.09492000,7773687.33885690
1778482800000,2026-05-11 07:00:00,80822.86000000,80840.30000000,80663.11000000,80740.40000000,496.93812000,1778486399999,40129617.38394530,62219,187.50471000,15142292.71707890
1778486400000,2026-05-11 08:00:00,80740.40000000,80863.42000000,80621.87000000,80767.97000000,463.92135000,1778489999999,37470322.13425010,67535,245.17124000,19804181.69730930
1778490000000,2026-05-11 09:00:00,80767.97000000,80997.63000000,80758.30000000,80966.57000000,330.83757000,1778493599999,26767184.08947260,52736,155.42614000,12575272.18107670
1778493600000,2026-05-11 10:00:00,80966.58000000,81200.00000000,80940.00000000,80940.00000000,488.26383000,1778497199999,39586282.88332700,84856,214.47815000,17389290.44948990
1778497200000,2026-05-11 11:00:00,80940.00000000,81196.95000000,80900.00000000,81196.94000000,356.37085000,1778500799999,28896558.08773110,66506,203.93318000,16535728.56285900
1778500800000,2026-05-11 12:00:00,81196.95000000,81356.46000000,81029.77000000,81054.65000000,485.89630000,1778504399999,39445901.87882310,106655,229.99217000,18673959.11958700
1778504400000,2026-05-11 13:00:00,81054.65000000,81332.29000000,80739.63000000,81072.00000000,767.39683000,1778507999999,62199096.18903490,180484,368.45322000,29872968.77845610
1778508000000,2026-05-11 14:00:00,81072.01000000,81252.72000000,80462.97000000,80953.38000000,767.64104000,1778511599999,62029026.94087490,207388,351.54572000,28414899.38434170
1778511600000,2026-05-11 15:00:00,80953.39000000,81458.00000000,80826.02000000,81445.90000000,647.30001000,1778515199999,52569627.72023750,155632,333.73943000,27108281.26478530
1778515200000,2026-05-11 16:00:00,81445.89000000,81910.35000000,81344.72000000,81575.85000000,1113.46844000,1778518799999,90990645.99994550,177209,542.31597000,44316450.60365370
1778518800000,2026-05-11 17:00:00,81575.84000000,82071.77000000,81369.42000000,81941.09000000,565.28919000,1778522399999,46241223.33361600,130148,305.81772000,25019883.93257030
1778522400000,2026-05-11 18:00:00,81941.09000000,82137.26000000,81836.15000000,81858.96000000,536.09834000,1778525999999,43957377.77582870,122807,272.30038000,22328838.23173110
1778526000000,2026-05-11 19:00:00,81858.97000000,82091.11000000,81739.09000000,81961.99000000,458.60970000,1778529599999,37583434.92646520,99644,269.40848000,22079528.30674890
1778529600000,2026-05-11 20:00:00,81961.99000000,82078.91000000,81758.50000000,81821.02000000,322.40099000,1778533199999,26415221.32734860,80962,149.79591000,12273711.25779930
1778533200000,2026-05-11 21:00:00,81821.03000000,81906.35000000,81600.00000000,81821.18000000,268.82965000,1778536799999,21974056.15950740,71491,110.48953000,9031062.56262130
1778536800000,2026-05-11 22:00:00,81821.18000000,81969.99000000,81729.99000000,81833.92000000,366.43361000,1778540399999,29984455.34749190,65303,159.00347000,13010273.71671490
1778540400000,2026-05-11 23:00:00,81833.92000000,81833.92000000,81596.31000000,81745.65000000,278.04936000,1778543999999,22722648.44296980,48064,119.37903000,9755165.86050850
1778544000000,2026-05-12 00:00:00,81745.66000000,81788.00000000,81478.75000000,81545.20000000,419.66559000,1778547599999,34237174.14544030,80560,186.90450000,15247191.23232740
1778547600000,2026-05-12 01:00:00,81545.20000000,81615.67000000,80714.28000000,81199.18000000,866.00547000,1778551199999,70232184.66975160,171646,353.47113000,28669785.80957480
1778551200000,2026-05-12 02:00:00,81199.18000000,81332.29000000,81087.63000000,81249.93000000,386.77691000,1778554799999,31406837.78541110,75315,197.65791000,16052703.53548080
1778554800000,2026-05-12 03:00:00,81249.93000000,81294.42000000,81024.41000000,81058.80000000,187.87319000,1778558399999,15248041.34971080,60524,83.92670000,6811571.39529780
1778558400000,2026-05-12 04:00:00,81058.79000000,81303.99000000,81000.00000000,81240.01000000,398.28206000,1778561999999,32329942.98909340,57096,216.44555000,17572554.35261470
1778562000000,2026-05-12 05:00:00,81240.01000000,81305.24000000,81181.56000000,81224.03000000,329.93857000,1778565599999,26808069.46741660,54329,122.72438000,9972184.74675030
1778565600000,2026-05-12 06:00:00,81224.04000000,81300.00000000,81010.01000000,81022.44000000,448.36294000,1778569199999,36392772.16748360,63088,177.76663000,14431197.35285890
1778569200000,2026-05-12 07:00:00,81022.44000000,81137.27000000,80800.77000000,80865.40000000,603.31882000,1778572799999,48850496.94999290,94155,311.65295000,25235476.20218380
1778572800000,2026-05-12 08:00:00,80865.40000000,80964.13000000,80760.53000000,80843.31000000,478.61372000,1778576399999,38709434.58778540,71518,284.26296000,22991421.72560000
1778576400000,2026-05-12 09:00:00,80843.30000000,80963.35000000,80720.00000000,80837.15000000,506.71585000,1778579999999,40964908.75164190,75137,296.60545000,23981460.01057300
1778580000000,2026-05-12 10:00:00,80837.15000000,80848.27000000,80601.27000000,80666.37000000,487.71377000,1778583599999,39370519.03443230,71502,232.10931000,18738023.67495450
1778583600000,2026-05-12 11:00:00,80666.38000000,80785.38000000,80496.57000000,80784.87000000,500.02112000,1778587199999,40317804.13443140,76762,270.91562000,21848346.29473690
1778587200000,2026-05-12 12:00:00,80784.86000000,80999.00000000,80619.19000000,80881.26000000,585.87948000,1778590799999,47353845.28663380,130158,316.47156000,25579664.33547190
1778590800000,2026-05-12 13:00:00,80881.25000000,80928.26000000,80397.07000000,80466.91000000,795.94705000,1778594399999,64237911.81223570,174593,356.30691000,28760568.63764340
1778594400000,2026-05-12 14:00:00,80466.91000000,80888.01000000,80397.88000000,80540.00000000,865.59094000,1778597999999,69783490.23070860,215218,450.10736000,36291308.72958790
1778598000000,2026-05-12 15:00:00,80540.00000000,80676.78000000,80188.65000000,80336.01000000,958.32005000,1778601599999,77034621.13657570,190809,340.77844000,27399924.65778590
1778601600000,2026-05-12 16:00:00,80336.01000000,80435.99000000,79843.59000000,80000.01000000,1473.45450000,1778605199999,118151504.77119140,170555,450.73529000,36142564.36119150
1778605200000,2026-05-12 17:00:00,80000.01000000,80593.06000000,79951.05000000,80527.69000000,486.64257000,1778608799999,39093638.21858610,122455,292.17523000,23466930.46432740
1778608800000,2026-05-12 18:00:00,80527.69000000,80763.81000000,80430.00000000,80679.12000000,367.35810000,1778612399999,29601094.38256390,89346,183.69261000,14802531.57558630
1778612400000,2026-05-12 19:00:00,80679.11000000,80874.42000000,80679.11000000,80834.64000000,346.22158000,1778615999999,27967842.02923840,71477,167.84197000,13558721.93078130
1778616000000,2026-05-12 20:00:00,80835.30000000,80896.25000000,80642.85000000,80696.87000000,292.49967000,1778619599999,23632767.92200200,60010,161.48753000,13050279.12918260
1778619600000,2026-05-12 21:00:00,80696.87000000,80738.00000000,80497.00000000,80587.44000000,202.53849000,1778623199999,16328208.41816010,56092,103.97119000,8381793.99240190
1778623200000,2026-05-12 22:00:00,80587.45000000,80791.94000000,80587.45000000,80656.43000000,151.10909000,1778626799999,12191877.75383170,58382,68.03065000,5488485.04100690
1778626800000,2026-05-12 23:00:00,80656.44000000,80714.00000000,80439.91000000,80504.47000000,247.40723000,1778630399999,19935179.44635830,54410,90.16202000,7265150.89888090
1778630400000,2026-05-13 00:00:00,80504.47000000,80768.95000000,80412.15000000,80718.00000000,230.81443000,1778633999999,18606486.07878890,91105,117.30563000,9457393.63308950
1778634000000,2026-05-13 01:00:00,80718.00000000,81195.69000000,80683.12000000,81006.00000000,633.76198000,1778637599999,51363104.92151020,121813,366.14063000,29668968.49483460
1778637600000,2026-05-13 02:00:00,81005.99000000,81281.66000000,80934.69000000,81050.00000000,333.93602000,1778641199999,27073363.99354710,69413,152.40773000,12357481.51790000
1778641200000,2026-05-13 03:00:00,81050.00000000,81299.99000000,80976.27000000,81249.99000000,377.40594000,1778644799999,30613275.67898920,51901,230.85099000,18724373.98762670
1778644800000,2026-05-13 04:00:00,81249.99000000,81281.07000000,81124.87000000,81231.96000000,253.70329000,1778648399999,20602047.11027830,48875,141.02626000,11452737.21625620
1778648400000,2026-05-13 05:00:00,81231.96000000,81247.22000000,80999.99000000,81019.99000000,266.87053000,1778651999999,21644839.47345140,42837,90.22959000,7318863.54019670
1778652000000,2026-05-13 06:00:00,81020.00000000,81160.36000000,80972.94000000,80980.05000000,499.16530000,1778655599999,40461583.09915230,54498,175.15169000,14199285.10631310
1778655600000,2026-05-13 07:00:00,80980.06000000,81049.01000000,80889.12000000,81026.92000000,476.02435000,1778659199999,38536754.08019060,52484,226.17505000,18312551.66998270
1778659200000,2026-05-13 08:00:00,81026.92000000,81200.00000000,80943.63000000,81196.57000000,372.92514000,1778662799999,30238042.97810810,68614,212.84302000,17258055.48579730
1778662800000,2026-05-13 09:00:00,81196.57000000,81324.64000000,81137.77000000,81291.38000000,435.50222000,1778666399999,35384048.85497180,64102,216.45964000,17587852.98431690
1778666400000,2026-05-13 10:00:00,81291.37000000,81298.50000000,80809.01000000,80809.01000000,364.76288000,1778669999999,29553001.60485040,71918,152.29299000,12335280.97751360
1778670000000,2026-05-13 11:00:00,80809.01000000,80843.87000000,80494.98000000,80501.22000000,668.09274000,1778673599999,53867443.49563810,101546,301.40355000,24302140.75399680
1778673600000,2026-05-13 12:00:00,80501.22000000,80592.65000000,79852.00000000,80202.78000000,1194.36751000,1778677199999,95781621.70309890,196730,556.80148000,44656397.15863660
1778677200000,2026-05-13 13:00:00,80202.78000000,80345.45000000,79576.47000000,79656.01000000,1205.27854000,1778680799999,96298956.62068030,214865,570.37969000,45578644.51516870
1778680800000,2026-05-13 14:00:00,79656.01000000,79898.00000000,79481.56000000,79756.01000000,942.38578000,1778684399999,75108253.87398650,172164,449.47225000,35832881.63627450
1778684400000,2026-05-13 15:00:00,79756.02000000,79856.08000000,78807.22000000,78827.21000000,1731.43058000,1778687999999,137204913.07834800,220114,658.77297000,52221171.44742610
1778688000000,2026-05-13 16:00:00,78827.21000000,79222.22000000,78754.65000000,79108.39000000,1522.11383000,1778691599999,120176827.81772890,181918,681.84664000,53844554.09473870
1778691600000,2026-05-13 17:00:00,79108.39000000,79556.36000000,79100.00000000,79514.97000000,611.40519000,1778695199999,48490117.92745800,92102,326.28250000,25875651.61064900
1778695200000,2026-05-13 18:00:00,79514.97000000,79800.00000000,79514.97000000,79598.15000000,747.58594000,1778698799999,59574410.79721670,103014,453.40822000,36134070.49817780
1778698800000,2026-05-13 19:00:00,79598.15000000,79646.29000000,79400.00000000,79642.41000000,463.49581000,1778702399999,36860911.52759440,78120,261.75375000,20818894.80565010
1778702400000,2026-05-13 20:00:00,79642.41000000,79760.00000000,79622.70000000,79698.95000000,225.22286000,1778705999999,17946408.17738080,49988,147.33768000,11740073.19666290
1778706000000,2026-05-13 21:00:00,79698.95000000,79705.73000000,79340.39000000,79398.54000000,418.00056000,1778709599999,33219202.34305050,67406,222.81955000,17707559.59101950
1778709600000,2026-05-13 22:00:00,79398.54000000,79470.00000000,79228.00000000,79428.46000000,338.28664000,1778713199999,26845331.78856200,71621,183.22455000,14540676.22287620
1778713200000,2026-05-13 23:00:00,79428.46000000,79499.01000000,79233.83000000,79313.61000000,497.51837000,1778716799999,39478895.84424220,63422,267.25577000,21204436.68909080
1778716800000,2026-05-14 00:00:00,79313.61000000,79681.73000000,79308.00000000,79580.00000000,443.66772000,1778720399999,35278540.13955450,80912,308.86743000,24558123.86383280
1778720400000,2026-05-14 01:00:00,79580.00000000,79681.73000000,79409.42000000,79604.60000000,369.48629000,1778723999999,29403676.34589540,78900,205.05917000,16318599.62957610
1778724000000,2026-05-14 02:00:00,79604.61000000,79676.11000000,79222.22000000,79370.24000000,684.03959000,1778727599999,54437936.64904680,84024,301.00902000,23957064.59357220
1778727600000,2026-05-14 03:00:00,79370.24000000,79460.00000000,78922.00000000,79044.85000000,712.36112000,1778731199999,56419945.64679150,153490,310.16831000,24574333.34566040
1778731200000,2026-05-14 04:00:00,79044.86000000,79474.41000000,78982.06000000,79451.63000000,437.35487000,1778734799999,34678525.50343080,74853,288.30964000,22862608.22976880
1778734800000,2026-05-14 05:00:00,79451.62000000,79998.00000000,79359.49000000,79809.16000000,850.16622000,1778738399999,67714774.15263290,103063,458.09043000,36496834.49443380
1778738400000,2026-05-14 06:00:00,79809.15000000,79953.35000000,79769.12000000,79804.71000000,301.13354000,1778741999999,24047929.71522090,63253,139.96864000,11178614.21366170
1778742000000,2026-05-14 07:00:00,79804.72000000,79937.59000000,79702.05000000,79745.98000000,480.32483000,1778745599999,38349620.35784260,67783,221.98095000,17726166.94860090
1778745600000,2026-05-14 08:00:00,79745.99000000,79936.98000000,79644.44000000,79821.56000000,652.77033000,1778749199999,52099204.88849060,84347,354.31996000,28280644.32333930
1778749200000,2026-05-14 09:00:00,79821.55000000,79905.99000000,79569.81000000,79635.52000000,445.75367000,1778752799999,35535609.50077790,62776,197.11447000,15715209.42519610
1778752800000,2026-05-14 10:00:00,79635.53000000,79756.98000000,79409.42000000,79570.01000000,384.95969000,1778756399999,30645095.91613740,73315,182.66127000,14542942.37999840
1778756400000,2026-05-14 11:00:00,79570.01000000,79600.00000000,79234.00000000,79258.27000000,362.97846000,1778759999999,28814110.07068890,68466,162.93794000,12933488.57663320
1778760000000,2026-05-14 12:00:00,79258.27000000,79775.02000000,79230.31000000,79767.11000000,526.41242000,1778763599999,41855480.87173990,89322,330.25699000,26259805.66163820
1778763600000,2026-05-14 13:00:00,79767.10000000,80059.71000000,79670.88000000,79701.73000000,1000.54213000,1778767199999,79926514.08094760,205407,522.53807000,41747296.47055540
1778767200000,2026-05-14 14:00:00,79701.73000000,81020.00000000,79561.52000000,80964.85000000,1882.78042000,1778770799999,151434781.95098000,307144,1058.12283000,85070029.10253160
1778770800000,2026-05-14 15:00:00,80964.84000000,81332.23000000,80816.08000000,81301.23000000,2292.36231000,1778774399999,185816971.15888320,266567,1356.32872000,109973609.45460630
1778774400000,2026-05-14 16:00:00,81301.22000000,81904.44000000,81080.25000000,81888.40000000,2732.81932000,1778777999999,222638527.84652340,351316,1740.19287000,141794163.66079440
1778778000000,2026-05-14 17:00:00,81888.40000000,82048.13000000,81271.00000000,81668.48000000,1967.47911000,1778781599999,160760567.53468290,295375,1097.22886000,89701149.14411620
1778781600000,2026-05-14 18:00:00,81668.49000000,81949.15000000,81440.38000000,81581.99000000,1012.79720000,1778785199999,82758482.42534240,163151,568.52333000,46465979.44338090
1778785200000,2026-05-14 19:00:00,81582.00000000,81718.73000000,81330.12000000,81419.74000000,566.84044000,1778788799999,46191505.04958100,137675,286.00897000,23307091.68377490
1778788800000,2026-05-14 20:00:00,81419.75000000,81590.19000000,81166.22000000,81412.04000000,471.62836000,1778792399999,38371322.50304130,104948,259.67907000,21132304.67811670
1778792400000,2026-05-14 21:00:00,81412.05000000,81526.08000000,81268.38000000,81396.61000000,292.07185000,1778795999999,23777295.92055380,68678,150.92421000,12286370.59498400
1778796000000,2026-05-14 22:00:00,81396.61000000,81559.71000000,81335.48000000,81456.00000000,322.84736000,1778799599999,26301613.77478780,55802,114.97412000,9365040.06280540
1778799600000,2026-05-14 23:00:00,81456.00000000,81456.00000000,81059.93000000,81089.99000000,534.29082000,1778803199999,43398443.01522350,60479,134.94248000,10957989.85311660
1778803200000,2026-05-15 00:00:00,81090.00000000,81664.45000000,81068.52000000,81518.67000000,578.54980000,1778806799999,47115389.13110640,134018,307.53591000,25041511.74215170
1778806800000,2026-05-15 01:00:00,81518.66000000,81612.73000000,81106.20000000,81131.01000000,538.82284000,1778810399999,43884485.12466930,149647,273.66942000,22293404.78168510
1778810400000,2026-05-15 02:00:00,81131.00000000,81350.00000000,80750.00000000,81299.14000000,829.40160000,1778813999999,67209227.27636390,181523,470.67179000,38152205.26145030
1778814000000,2026-05-15 03:00:00,81299.14000000,81340.81000000,80930.82000000,81059.15000000,506.95135000,1778817599999,41122151.74382530,108329,229.07498000,18588088.88058440
1778817600000,2026-05-15 04:00:00,81059.15000000,81100.00000000,80709.09000000,80724.71000000,367.57246000,1778821199999,29752838.18925090,80398,109.34756000,8850253.11727730
1778821200000,2026-05-15 05:00:00,80724.71000000,80882.45000000,80314.00000000,80360.01000000,1029.21412000,1778824799999,82885459.98800310,165592,434.44650000,34985494.08304240
1778824800000,2026-05-15 06:00:00,80360.01000000,80644.50000000,80314.01000000,80580.00000000,815.53271000,1778828399999,65637509.17148840,112700,423.67993000,34108052.71444830
1778828400000,2026-05-15 07:00:00,80580.00000000,81003.37000000,80559.88000000,80814.88000000,878.78211000,1778831999999,71005396.83509700,107092,567.19828000,45825645.57892470
1778832000000,2026-05-15 08:00:00,80814.88000000,80822.95000000,80415.84000000,80638.00000000,538.63644000,1778835599999,43432901.00636370,101514,279.25397000,22521292.41300530
1778835600000,2026-05-15 09:00:00,80638.00000000,80670.51000000,80369.00000000,80489.80000000,471.66166000,1778839199999,37968205.08641080,85279,221.75740000,17854190.86321890
1778839200000,2026-05-15 10:00:00,80489.81000000,80776.33000000,80407.60000000,80716.23000000,444.96934000,1778842799999,35855602.61393030,87809,256.37664000,20655589.01760030
1778842800000,2026-05-15 11:00:00,80716.22000000,80750.56000000,80590.08000000,80628.53000000,250.99223000,1778846399999,20242200.14105310,58288,120.79326000,9741449.03337400
1778846400000,2026-05-15 12:00:00,80628.52000000,80635.44000000,80340.83000000,80385.11000000,535.00082000,1778849999999,43054726.54652310,93043,278.72922000,22430282.78401250
1778850000000,2026-05-15 13:00:00,80385.10000000,80385.11000000,78698.69000000,78758.59000000,3101.88518000,1778853599999,246415084.79944640,455882,1467.66914000,116635572.33729490
1778853600000,2026-05-15 14:00:00,78758.59000000,79353.32000000,78659.00000000,79150.37000000,1965.21031000,1778857199999,155356231.37242610,384645,866.88211000,68547766.30425440
1778857200000,2026-05-15 15:00:00,79150.36000000,79369.36000000,79013.81000000,79150.27000000,606.47310000,1778860799999,48024718.94865100,179829,275.78657000,21840147.91517930
1778860800000,2026-05-15 16:00:00,79150.26000000,79382.30000000,79131.01000000,79294.31000000,514.78679000,1778864399999,40791705.43137920,135622,219.36441000,17382763.73564450
1778864400000,2026-05-15 17:00:00,79294.31000000,79504.83000000,79224.00000000,79460.00000000,478.80422000,1778867999999,38002781.47938830,106352,204.16642000,16205016.33840690
1778868000000,2026-05-15 18:00:00,79460.00000000,79561.94000000,79170.47000000,79284.00000000,544.01093000,1778871599999,43159787.23867190,126000,185.31158000,14701059.88581260
1778871600000,2026-05-15 19:00:00,79284.01000000,79290.00000000,79051.00000000,79146.50000000,421.75884000,1778875199999,33377816.31297920,103925,165.11343000,13067095.32820430
1778875200000,2026-05-15 20:00:00,79146.50000000,79217.07000000,79000.00000000,79123.12000000,224.44355000,1778878799999,17758327.64206030,66660,85.01700000,6726784.37910460
1778878800000,2026-05-15 21:00:00,79123.13000000,79200.00000000,78911.42000000,78973.50000000,682.32127000,1778882399999,53983152.88032350,71661,347.44044000,27490866.64870910
1778882400000,2026-05-15 22:00:00,78973.50000000,79145.44000000,78973.49000000,79107.38000000,347.86808000,1778885999999,27507980.64075040,46035,178.75550000,14134932.89006060
1778886000000,2026-05-15 23:00:00,79107.38000000,79161.86000000,79077.96000000,79113.21000000,677.62104000,1778889599999,53608994.76870660,42271,365.13699000,28886567.88254950
1778889600000,2026-05-16 00:00:00,79113.20000000,79227.77000000,79075.09000000,79111.92000000,314.01240000,1778893199999,24859118.06519990,40385,161.21693000,12762625.40427200
1778893200000,2026-05-16 01:00:00,79111.92000000,79186.05000000,79010.00000000,79168.00000000,357.20294000,1778896799999,28255996.45006580,53095,176.51261000,13963898.25080620
1778896800000,2026-05-16 02:00:00,79168.00000000,79211.77000000,79080.10000000,79155.54000000,208.30505000,1778900399999,16486370.54603790,45575,98.92205000,7829455.84197620
1778900400000,2026-05-16 03:00:00,79155.55000000,79187.71000000,79059.77000000,79083.18000000,368.66241000,1778903999999,29180664.81686980,33837,172.68640000,13668503.66213720
1778904000000,2026-05-16 04:00:00,79083.19000000,79129.71000000,78860.00000000,79035.26000000,321.76822000,1778907599999,25426625.13868110,54989,131.83967000,10420369.02751360
1778907600000,2026-05-16 05:00:00,79035.25000000,79039.49000000,78933.63000000,79027.37000000,183.05543000,1778911199999,14462418.95123170,37192,96.68237000,7638233.84587150
1778911200000,2026-05-16 06:00:00,79027.36000000,79047.94000000,78459.87000000,78648.00000000,632.26156000,1778914799999,49776098.89924970,96343,217.69857000,17141832.85540810
1778914800000,2026-05-16 07:00:00,78648.00000000,78651.63000000,78066.00000000,78369.77000000,1267.74437000,1778918399999,99339534.99622540,179779,592.63271000,46448788.81500930
1778918400000,2026-05-16 08:00:00,78369.78000000,78530.52000000,78334.21000000,78426.56000000,379.04319000,1778921999999,29727192.57455000,59519,208.15603000,16325325.70430670
1778922000000,2026-05-16 09:00:00,78426.55000000,78440.81000000,77906.10000000,78083.48000000,1104.43110000,1778925599999,86256129.29243530,166456,420.34905000,32830404.03705060
1778925600000,2026-05-16 10:00:00,78083.47000000,78101.43000000,77640.00000000,77960.00000000,1759.70594000,1778929199999,137039456.34986610,178080,584.92361000,45549245.49739700
1778929200000,2026-05-16 11:00:00,77959.99000000,78193.88000000,77959.99000000,78081.71000000,602.91980000,1778932799999,47085567.64653810,61191,291.30287000,22752187.40088670
1778932800000,2026-05-16 12:00:00,78080.46000000,78133.38000000,77918.62000000,78007.23000000,791.53177000,1778936399999,61774657.24182700,62131,460.43254000,35933759.84377190
1778936400000,2026-05-16 13:00:00,78007.24000000,78014.60000000,77833.40000000,78014.60000000,830.86287000,1778939999999,64749332.51018380,67260,509.26978000,39687979.20581340
1778940000000,2026-05-16 14:00:00,78014.60000000,78346.00000000,77895.20000000,78130.55000000,729.04785000,1778943599999,56907723.61580080,88253,453.32500000,35382383.52488810
1778943600000,2026-05-16 15:00:00,78130.55000000,78285.00000000,78078.22000000,78238.67000000,332.91477000,1778947199999,26026836.29980080,59644,182.57287000,14273685.43187060
1778947200000,2026-05-16 16:00:00,78238.68000000,78364.65000000,78119.72000000,78205.96000000,328.10255000,1778950799999,25669848.23057830,66610,164.75854000,12891883.99814070
1778950800000,2026-05-16 17:00:00,78205.96000000,78320.41000000,78199.00000000,78201.50000000,350.20669000,1778954399999,27411424.16994790,43734,165.01435000,12916677.51165800
1778954400000,2026-05-16 18:00:00,78201.50000000,78327.75000000,78142.99000000,78229.81000000,310.63405000,1778957999999,24296351.07666880,39812,124.66861000,9752240.90222540
1778958000000,2026-05-16 19:00:00,78229.82000000,78314.69000000,78204.22000000,78259.66000000,271.10252000,1778961599999,21220623.14179960,32869,208.78715000,16343315.76990200
1778961600000,2026-05-16 20:00:00,78259.67000000,78318.94000000,78201.42000000,78261.00000000,194.34290000,1778965199999,15210842.10219510,30038,105.80844000,8281563.19198680
1778965200000,2026-05-16 21:00:00,78261.00000000,78308.33000000,78206.85000000,78265.73000000,237.27188000,1778968799999,18570616.59246260,32471,146.28791000,11449939.81941360
1778968800000,2026-05-16 22:00:00,78265.73000000,78279.28000000,78171.02000000,78186.25000000,128.79242000,1778972399999,10074259.82198310,33453,55.50916000,4342067.33125400
1778972400000,2026-05-16 23:00:00,78186.25000000,78267.46000000,78125.32000000,78148.05000000,128.93924000,1778975999999,10082968.12865240,34945,46.95416000,3671822.56178850
1778976000000,2026-05-17 00:00:00,78148.05000000,78243.19000000,77812.00000000,77945.85000000,311.59646000,1778979599999,24321558.31524550,60228,86.68868000,6769328.78982130
1778979600000,2026-05-17 01:00:00,77945.85000000,78114.00000000,77721.19000000,77725.71000000,516.53667000,1778983199999,40235542.06336420,104058,198.21900000,15441295.27519360
1778983200000,2026-05-17 02:00:00,77725.72000000,77938.00000000,77725.71000000,77895.51000000,256.64293000,1778986799999,19984815.57566370,56785,150.41380000,11711736.47666280
1778986800000,2026-05-17 03:00:00,77895.50000000,78079.30000000,77888.00000000,78028.88000000,200.15322000,1778990399999,15611466.42682150,38416,103.06620000,8038870.80782950
1778990400000,2026-05-17 04:00:00,78028.88000000,78203.93000000,78003.35000000,78158.09000000,375.99093000,1778993999999,29377929.49226030,40924,219.59695000,17157906.23433830
1778994000000,2026-05-17 05:00:00,78158.08000000,78323.96000000,78102.42000000,78121.41000000,258.98839000,1778997599999,20250830.30154240,35295,126.91898000,9925663.32310530
1778997600000,2026-05-17 06:00:00,78121.41000000,78204.01000000,78017.00000000,78104.80000000,136.86954000,1779001199999,10690320.40471920,30420,62.43902000,4877140.52732370
1779001200000,2026-05-17 07:00:00,78104.79000000,78208.69000000,78053.79000000,78180.01000000,180.24659000,1779004799999,14083802.60604800,33257,95.26164000,7443690.74741200
1779004800000,2026-05-17 08:00:00,78180.00000000,78200.91000000,78033.01000000,78089.80000000,117.37418000,1779008399999,9167507.31843550,30308,46.91302000,3663982.27092390
1779008400000,2026-05-17 09:00:00,78089.80000000,78293.97000000,78073.52000000,78249.33000000,196.43485000,1779011999999,15350723.65258970,33341,109.98337000,8595502.90874210
1779012000000,2026-05-17 10:00:00,78249.33000000,78599.99000000,78249.03000000,78465.99000000,564.92985000,1779015599999,44316620.94762850,89164,328.99301000,25805948.08956420
1779015600000,2026-05-17 11:00:00,78465.99000000,78473.82000000,78289.00000000,78415.99000000,257.44450000,1779019199999,20181943.01135380,56126,109.91821000,8616100.45307790
1779019200000,2026-05-17 12:00:00,78415.99000000,78550.00000000,78333.80000000,78364.83000000,254.43689000,1779022799999,19956514.21267100,48851,124.40752000,9758239.01327930
1779022800000,2026-05-17 13:00:00,78364.83000000,78364.83000000,78173.15000000,78202.91000000,260.27625000,1779026399999,20369850.87525170,52075,68.48755000,5359817.62723100
1779026400000,2026-05-17 14:00:00,78202.91000000,78217.33000000,77850.00000000,78051.51000000,397.56893000,1779029999999,31022076.64991710,87291,140.53134000,10964774.48790910
1779030000000,2026-05-17 15:00:00,78051.51000000,78119.42000000,77920.76000000,78051.41000000,203.63392000,1779033599999,15890313.23778390,53234,94.65518000,7386459.83645670
1779033600000,2026-05-17 16:00:00,78051.42000000,78193.66000000,78025.23000000,78034.36000000,142.87987000,1779037199999,11159950.69675520,43198,71.71267000,5601363.26921530
1779037200000,2026-05-17 17:00:00,78034.37000000,78092.44000000,77856.69000000,78089.98000000,296.43890000,1779040799999,23114462.32202280,65457,164.77445000,12849445.83681910
1779040800000,2026-05-17 18:00:00,78089.99000000,78271.59000000,78014.33000000,78268.05000000,172.43416000,1779044399999,13477316.93317850,53543,87.02962000,6803676.67650220
1779044400000,2026-05-17 19:00:00,78268.04000000,78468.46000000,78209.96000000,78415.30000000,225.32283000,1779047999999,17646961.58761190,50245,127.98812000,10024592.41515870
1779048000000,2026-05-17 20:00:00,78415.29000000,78435.32000000,78248.80000000,78277.36000000,205.39109000,1779051599999,16083638.99962390,39153,94.80878000,7423967.03591810
1779051600000,2026-05-17 21:00:00,78277.36000000,78485.36000000,78243.50000000,78405.72000000,293.90051000,1779055199999,23036658.94777140,42847,163.17311000,12790426.66118870
1779055200000,2026-05-17 22:00:00,78405.72000000,78414.16000000,77830.00000000,77997.24000000,585.78673000,1779058799999,45721027.02337930,137547,209.96609000,16389074.98839090
1779058800000,2026-05-17 23:00:00,77997.24000000,78008.18000000,76735.16000000,77457.67000000,2031.42401000,1779062399999,157009650.04321300,288670,911.92139000,70459883.15665730
1779062400000,2026-05-18 00:00:00,77457.67000000,77477.99000000,76916.60000000,77209.95000000,1062.83033000,1779065999999,81984258.93217950,265358,475.20276000,36657424.41832170
1779066000000,2026-05-18 01:00:00,77209.95000000,77291.54000000,76744.95000000,77109.22000000,771.47833000,1779069599999,59378288.43375420,213677,412.04721000,31717082.09914430
1779069600000,2026-05-18 02:00:00,77109.21000000,77222.03000000,76707.61000000,76835.41000000,544.67309000,1779073199999,41930139.71896930,110571,293.61678000,22602236.10528590
1779073200000,2026-05-18 03:00:00,76835.41000000,77030.42000000,76817.14000000,76924.65000000,509.02980000,1779076799999,39158676.16769580,92865,278.52922000,21426402.39589900
1779076800000,2026-05-18 04:00:00,76924.66000000,77069.77000000,76772.01000000,77038.49000000,354.48166000,1779080399999,27275549.40447020,72035,191.37122000,14727070.21671280
1779080400000,2026-05-18 05:00:00,77038.49000000,77080.93000000,76884.33000000,76931.40000000,586.83852000,1779083999999,45173542.24946910,79600,324.11647000,24948432.54018690
1779084000000,2026-05-18 06:00:00,76931.40000000,76967.80000000,76583.33000000,76912.52000000,621.71728000,1779087599999,47743453.91733380,113678,282.75453000,21715237.71241230
1779087600000,2026-05-18 07:00:00,76912.53000000,77089.29000000,76771.53000000,77073.69000000,1139.62980000,1779091199999,87747781.75597230,112705,536.01526000,41263992.05777900
1779091200000,2026-05-18 08:00:00,77073.69000000,77181.88000000,76890.34000000,77040.42000000,562.21651000,1779094799999,43300512.87109530,92598,303.83254000,23402755.82584990
1779094800000,2026-05-18 09:00:00,77040.43000000,77048.14000000,76877.17000000,76933.16000000,365.74952000,1779098399999,28143295.44204340,64042,151.30073000,11643492.60388990
1779098400000,2026-05-18 10:00:00,76933.17000000,76957.35000000,76716.99000000,76764.74000000,432.20236000,1779101999999,33204222.88937960,67906,186.53046000,14328839.62631330
1779102000000,2026-05-18 11:00:00,76764.75000000,77403.48000000,76668.58000000,77285.83000000,692.38548000,1779105599999,53361231.23739580,122789,360.56299000,27792879.89385980
1779105600000,2026-05-18 12:00:00,77285.83000000,77800.00000000,77275.96000000,77639.98000000,980.76582000,1779109199999,76026432.29334480,185228,533.49887000,41359867.66596400
1779109200000,2026-05-18 13:00:00,77639.99000000,77639.99000000,76695.31000000,76937.70000000,1116.56330000,1779112799999,86075888.84828910,265756,437.40687000,33710901.56111160
1779112800000,2026-05-18 14:00:00,76937.70000000,76954.25000000,76230.02000000,76393.65000000,2158.59337000,1779116399999,165251866.22921010,343255,857.43415000,65654698.16730990
1779116400000,2026-05-18 15:00:00,76393.66000000,76485.29000000,76051.00000000,76409.46000000,1960.17489000,1779119999999,149428008.11439020,299046,874.54442000,66663995.79423530
1779120000000,2026-05-18 16:00:00,76409.46000000,76665.68000000,76218.00000000,76410.01000000,1252.93830000,1779123599999,95789833.03672020,217847,505.97620000,38680168.70857540
1779123600000,2026-05-18 17:00:00,76410.00000000,76757.21000000,76366.13000000,76706.39000000,450.87486000,1779127199999,34549035.30462080,129138,196.38421000,15047528.95105830
1779127200000,2026-05-18 18:00:00,76706.38000000,76706.38000000,76144.24000000,76252.50000000,779.57136000,1779130799999,59534820.05262750,148893,454.16077000,34686248.10537490
1779130800000,2026-05-18 19:00:00,76252.01000000,76995.00000000,76235.00000000,76928.00000000,812.47229000,1779134399999,62305567.62023200,223272,486.27553000,37276451.53217150
1779134400000,2026-05-18 20:00:00,76928.00000000,77182.14000000,76874.73000000,76909.92000000,463.85785000,1779137999999,35724366.48395920,102387,202.50412000,15596516.49243650
1779138000000,2026-05-18 21:00:00,76909.92000000,77174.23000000,76800.00000000,77103.05000000,491.73560000,1779141599999,37855530.14643390,84645,227.91808000,17546774.66026430
1779141600000,2026-05-18 22:00:00,77103.04000000,77222.79000000,76937.19000000,77078.22000000,359.68174000,1779145199999,27725957.95766240,73858,185.35804000,14289648.91550730
1779145200000,2026-05-18 23:00:00,77078.22000000,77160.79000000,76948.80000000,77001.87000000,275.05472000,1779148799999,21193772.78472270,48179,159.11648000,12260342.27565240
1779148800000,2026-05-19 00:00:00,77001.88000000,77414.62000000,76955.99000000,77140.87000000,556.43712000,1779152399999,42925866.09353820,102605,344.95546000,26604210.72820150
1779152400000,2026-05-19 01:00:00,77140.86000000,77156.20000000,76667.00000000,76667.01000000,769.46148000,1779155999999,59127312.02860290,128318,303.92085000,23353831.68114380
1779156000000,2026-05-19 02:00:00,76667.01000000,76997.33000000,76487.83000000,76617.47000000,469.02583000,1779159599999,35997292.23160500,116810,210.08414000,16130185.15856750
1779159600000,2026-05-19 03:00:00,76617.46000000,76867.23000000,76586.11000000,76787.11000000,211.83571000,1779163199999,16261601.36687820,62060,99.34792000,7627097.23843720
1779163200000,2026-05-19 04:00:00,76787.10000000,76943.75000000,76700.00000000,76927.25000000,239.72033000,1779166799999,18419385.47459370,67084,132.46103000,10178332.26344480
1779166800000,2026-05-19 05:00:00,76927.25000000,77000.00000000,76644.98000000,76911.24000000,392.43215000,1779170399999,30153671.88265310,83908,157.29162000,12087887.03447590
1779170400000,2026-05-19 06:00:00,76911.25000000,77108.68000000,76886.13000000,77029.40000000,386.11356000,1779173999999,29731962.80246730,74613,171.96171000,13241494.90545350
1779174000000,2026-05-19 07:00:00,77029.41000000,77278.57000000,76974.72000000,77233.69000000,490.19350000,1779177599999,37830146.43889530,86744,259.20278000,20004907.85715470
1779177600000,2026-05-19 08:00:00,77233.68000000,77317.02000000,76972.96000000,77048.71000000,465.92336000,1779181199999,35946317.54277350,89801,251.20695000,19382481.89133680
1779181200000,2026-05-19 09:00:00,77048.72000000,77074.05000000,76709.29000000,76818.80000000,385.08727000,1779184799999,29596553.27096640,95544,172.47266000,13256763.73000480
1779184800000,2026-05-19 10:00:00,76818.80000000,77103.97000000,76704.00000000,77041.87000000,464.38738000,1779188399999,35701773.28351630,98724,227.15575000,17464820.48100060
1779188400000,2026-05-19 11:00:00,77041.87000000,77076.53000000,76633.83000000,76714.62000000,430.29111000,1779191999999,33085384.45055040,69612,231.57556000,17806085.78855980
1779192000000,2026-05-19 12:00:00,76714.61000000,76982.89000000,76650.06000000,76940.21000000,257.11004000,1779195599999,19759037.98553200,64711,115.83114000,8903056.65130320
1779195600000,2026-05-19 13:00:00,76940.20000000,77048.72000000,76596.00000000,76872.75000000,906.63403000,1779199199999,69648421.12729350,212900,494.46075000,37989841.95383400
1779199200000,2026-05-19 14:00:00,76872.74000000,77023.75000000,76144.71000000,76392.43000000,1426.24149000,1779202799999,109089303.96104860,268808,634.01335000,48494785.15932360
1779202800000,2026-05-19 15:00:00,76392.43000000,76675.76000000,76337.97000000,76521.23000000,773.78391000,1779206399999,59211709.06967400,140521,476.91492000,36494378.48064690
1779206400000,2026-05-19 16:00:00,76521.24000000,76911.00000000,76407.72000000,76894.59000000,568.91388000,1779209999999,43609768.25321680,105964,360.63289000,27652896.26599330
1779210000000,2026-05-19 17:00:00,76894.59000000,77015.41000000,76759.39000000,76856.76000000,442.15826000,1779213599999,34008306.12430810,98700,259.05764000,19928962.04897970
1779213600000,2026-05-19 18:00:00,76856.76000000,76947.20000000,76744.80000000,76803.28000000,282.19478000,1779217199999,21685275.91364330,71312,150.44356000,11560636.89405060
1779217200000,2026-05-19 19:00:00,76803.28000000,77065.80000000,76765.14000000,76818.74000000,341.73224000,1779220799999,26278650.71626410,84920,188.60457000,14505183.47356020
1779220800000,2026-05-19 20:00:00,76818.73000000,77040.24000000,76818.73000000,77022.23000000,147.68289000,1779224399999,11363387.79187350,37733,89.77739000,6907421.38902520
1779224400000,2026-05-19 21:00:00,77022.22000000,77040.83000000,76973.76000000,76982.34000000,185.29058000,1779227999999,14269813.84831260,35717,93.43414000,7195573.22314980
1779228000000,2026-05-19 22:00:00,76982.34000000,76982.34000000,76642.95000000,76712.21000000,233.07768000,1779231599999,17893953.40009100,69659,118.88713000,9125005.89792940
1779231600000,2026-05-19 23:00:00,76712.22000000,76980.07000000,76670.52000000,76834.36000000,199.13120000,1779235199999,15309483.24950570,48353,137.08057000,10539265.86649080
1779235200000,2026-05-20 00:00:00,76834.36000000,76896.50000000,76516.74000000,76788.83000000,236.25061000,1779238799999,18118602.81615910,103108,102.54502000,7864555.65240440
1779238800000,2026-05-20 01:00:00,76788.83000000,76922.46000000,76536.59000000,76820.98000000,358.53384000,1779242399999,27514665.93390740,121947,171.19192000,13140203.04089650
1779242400000,2026-05-20 02:00:00,76820.98000000,76909.62000000,76600.00000000,76690.42000000,293.25018000,1779245999999,22511689.90069300,83504,128.20272000,9842565.98424930
1779246000000,2026-05-20 03:00:00,76690.42000000,76829.61000000,76604.99000000,76723.54000000,673.76637000,1779249599999,51659442.77513860,67489,253.77988000,19455639.78337200
1779249600000,2026-05-20 04:00:00,76723.55000000,76836.82000000,76692.00000000,76780.37000000,365.31048000,1779253199999,28048299.07348740,50216,155.62498000,11948982.38344020
1779253200000,2026-05-20 05:00:00,76780.37000000,77320.00000000,76780.37000000,77196.99000000,973.23466000,1779256799999,75087108.91033830,114814,555.77315000,42874885.84549010
1779256800000,2026-05-20 06:00:00,77196.99000000,77422.00000000,77179.93000000,77414.11000000,528.12463000,1779260399999,40817906.11445230,76182,314.55706000,24315879.33103270
1779260400000,2026-05-20 07:00:00,77414.10000000,77472.21000000,77241.13000000,77282.64000000,351.42212000,1779263999999,27184942.79282220,63384,161.95813000,12529208.95713680
1779264000000,2026-05-20 08:00:00,77282.65000000,77635.52000000,77210.33000000,77458.04000000,548.89961000,1779267599999,42504194.91419340,71184,307.89743000,23845512.53303870
1779267600000,2026-05-20 09:00:00,77458.05000000,77543.59000000,77365.94000000,77485.13000000,360.90275000,1779271199999,27957195.30324650,54458,181.69976000,14074319.19867070
1779271200000,2026-05-20 10:00:00,77485.14000000,77663.00000000,77485.14000000,77517.45000000,409.79863000,1779274799999,31795958.85061290,52231,259.88715000,20163945.05787110
1779274800000,2026-05-20 11:00:00,77517.46000000,77569.10000000,77328.20000000,77382.49000000,362.81092000,1779278399999,28105656.86073250,45332,110.14628000,8532314.59647880
1779278400000,2026-05-20 12:00:00,77382.50000000,77748.05000000,77365.52000000,77617.26000000,377.41047000,1779281999999,29273615.61165880,53326,211.16976000,16383647.20873410
1779282000000,2026-05-20 13:00:00,77617.26000000,77650.62000000,76968.05000000,77204.61000000,682.21238000,1779285599999,52686387.51948600,206393,309.93025000,23937851.19651260
1779285600000,2026-05-20 14:00:00,77204.61000000,77574.29000000,76891.61000000,77446.08000000,1202.39421000,1779289199999,92958070.68464970,309680,601.84619000,46520194.16017130
1779289200000,2026-05-20 15:00:00,77446.01000000,77853.04000000,77300.00000000,77455.46000000,777.75101000,1779292799999,60346333.25022210,202374,393.98232000,30574353.58599550
1779292800000,2026-05-20 16:00:00,77455.45000000,77557.00000000,77018.38000000,77338.60000000,407.46410000,1779296399999,31482383.30791700,161576,210.70082000,16280207.84162650
1779296400000,2026-05-20 17:00:00,77338.60000000,77713.66000000,77230.86000000,77568.95000000,501.34929000,1779299999999,38869474.85289560,121665,280.77779000,21767867.05805390
1779300000000,2026-05-20 18:00:00,77568.95000000,77634.52000000,77398.63000000,77415.09000000,414.50917000,1779303599999,32135060.87722900,89589,242.15059000,18773976.29361590
1779303600000,2026-05-20 19:00:00,77415.09000000,77709.68000000,77350.71000000,77667.49000000,388.96569000,1779307199999,30152795.83721890,92314,248.08915000,19229652.47448610
1779307200000,2026-05-20 20:00:00,77667.49000000,77760.00000000,77476.19000000,77720.01000000,357.71030000,1779310799999,27778637.65001130,98182,146.73444000,11395584.53433850
1779310800000,2026-05-20 21:00:00,77720.01000000,77766.60000000,77500.00000000,77500.01000000,158.00627000,1779314399999,12268334.72029660,55549,55.98954000,4347547.74398120
1779314400000,2026-05-20 22:00:00,77500.01000000,77504.69000000,77226.61000000,77504.69000000,367.95652000,1779317999999,28478431.35611510,92956,118.89914000,9202716.63005260
1779318000000,2026-05-20 23:00:00,77504.69000000,77559.34000000,77386.93000000,77552.23000000,198.22886000,1779321599999,15356081.55815140,50301,82.62895000,6400389.13966010
1779321600000,2026-05-21 00:00:00,77552.24000000,78071.42000000,77525.00000000,77967.09000000,547.83434000,1779325199999,42610920.53236080,102859,353.13807000,27466718.46481150
1779325200000,2026-05-21 01:00:00,77967.09000000,78173.15000000,77800.00000000,77863.85000000,453.71737000,1779328799999,35367923.43792550,108406,222.92078000,17379782.71716470
1779328800000,2026-05-21 02:00:00,77863.85000000,78100.00000000,77820.10000000,77955.78000000,820.79860000,1779332399999,64030303.25465670,66846,436.54366000,34056391.93669270
1779332400000,2026-05-21 03:00:00,77955.78000000,78098.85000000,77908.00000000,78078.72000000,441.60659000,1779335999999,34440855.61463640,45148,230.83355000,18003281.40810180
1779336000000,2026-05-21 04:00:00,78078.72000000,78180.01000000,77965.36000000,78035.80000000,365.79347000,1779339599999,28546313.53687020,51539,148.32572000,11576606.46066360
1779339600000,2026-05-21 05:00:00,78035.80000000,78147.07000000,77714.94000000,77828.00000000,390.37362000,1779343199999,30415346.78841260,65341,149.29679000,11634058.97609130
1779343200000,2026-05-21 06:00:00,77828.00000000,77873.15000000,77533.45000000,77622.14000000,317.41875000,1779346799999,24665483.26710310,71236,132.31551000,10284101.33401270
1779346800000,2026-05-21 07:00:00,77622.14000000,77901.06000000,77521.00000000,77889.01000000,380.50650000,1779350399999,29547564.59872940,85483,206.65668000,16054306.60511710
1779350400000,2026-05-21 08:00:00,77889.01000000,78200.00000000,77885.53000000,77924.63000000,493.47370000,1779353999999,38501104.85566470,111254,201.21688000,15702701.40143160
1779354000000,2026-05-21 09:00:00,77924.63000000,77977.53000000,77633.02000000,77633.02000000,277.92731000,1779357599999,21617293.96408020,57878,116.12849000,9030023.45742760
1779357600000,2026-05-21 10:00:00,77633.03000000,77678.01000000,77190.09000000,77198.08000000,783.43483000,1779361199999,60627925.51773280,149767,446.38045000,34547274.06275970
1779361200000,2026-05-21 11:00:00,77198.09000000,77372.00000000,77147.15000000,77189.10000000,380.03818000,1779364799999,29363239.59481070,79292,212.26750000,16401307.18278710
1779364800000,2026-05-21 12:00:00,77189.10000000,77363.32000000,77080.72000000,77278.53000000,382.67307000,1779368399999,29551697.54364560,94328,222.37985000,17174548.33827640
1779368400000,2026-05-21 13:00:00,77278.52000000,77358.05000000,76719.47000000,77122.68000000,862.17497000,1779371999999,66431826.98976850,216089,374.27190000,28844093.23055550
1779372000000,2026-05-21 14:00:00,77122.67000000,77240.82000000,76788.80000000,76984.61000000,697.95187000,1779375599999,53761580.70142960,192835,357.59674000,27548149.95784490
1779375600000,2026-05-21 15:00:00,76984.61000000,77402.12000000,76900.00000000,77259.46000000,411.10449000,1779379199999,31718178.61833630,132970,215.58394000,16633610.54772440
1779379200000,2026-05-21 16:00:00,77259.45000000,77344.01000000,77008.75000000,77207.93000000,404.33559000,1779382799999,31204124.73010880,113607,203.99260000,15742771.41643640
1779382800000,2026-05-21 17:00:00,77207.92000000,78098.16000000,77181.83000000,77869.38000000,1291.96294000,1779386399999,100383117.74114160,235690,771.09049000,59889469.78208380
1779386400000,2026-05-21 18:00:00,77869.38000000,77922.01000000,77230.00000000,77387.74000000,559.91554000,1779389999999,43441777.94975510,168985,196.94101000,15280707.49819390
1779390000000,2026-05-21 19:00:00,77387.74000000,77802.51000000,77365.97000000,77690.56000000,437.10444000,1779393599999,33913185.57647840,110132,272.91991000,21177896.18530710
1779393600000,2026-05-21 20:00:00,77690.56000000,77804.75000000,77647.75000000,77705.81000000,144.76199000,1779397199999,11250921.14725640,53651,73.74742000,5732153.87701850
1779397200000,2026-05-21 21:00:00,77705.80000000,77813.35000000,77645.40000000,77672.29000000,182.97007000,1779400799999,14226389.07945800,51377,91.16190000,7088810.77457370
1779400800000,2026-05-21 22:00:00,77672.30000000,77750.61000000,77555.33000000,77628.00000000,130.38276000,1779404399999,10125328.82715980,55511,47.30992000,3673801.60200590
1779404400000,2026-05-21 23:00:00,77628.01000000,77745.39000000,77534.43000000,77615.52000000,159.99742000,1779407999999,12426293.36022800,52922,81.98878000,6368177.92417130
1779408000000,2026-05-22 00:00:00,77615.52000000,77628.38000000,77369.49000000,77373.57000000,228.62269000,1779411599999,17715270.98788100,88734,85.19027000,6601669.36514900
1779411600000,2026-05-22 01:00:00,77373.57000000,77673.50000000,77327.28000000,77616.00000000,252.86608000,1779415199999,19592030.92858080,69421,139.81763000,10833044.49662650
1779415200000,2026-05-22 02:00:00,77616.00000000,77728.01000000,77593.16000000,77673.36000000,244.81122000,1779418799999,19013172.16050430,55697,117.70620000,9141658.84804750
1779418800000,2026-05-22 03:00:00,77673.37000000,77817.80000000,77673.36000000,77779.98000000,158.00162000,1779422399999,12286557.48175510,48184,84.45662000,6567383.86745680
1779422400000,2026-05-22 04:00:00,77779.98000000,77900.00000000,77637.99000000,77655.42000000,475.76681000,1779425999999,37001731.30140860,58370,281.35576000,21887070.81252240
1779426000000,2026-05-22 05:00:00,77655.43000000,77726.00000000,77454.56000000,77489.00000000,344.31720000,1779429599999,26722034.00641390,61432,119.70890000,9291546.68419590
1779429600000,2026-05-22 06:00:00,77489.00000000,77525.85000000,77370.40000000,77423.41000000,542.83384000,1779433199999,42047633.66559380,84906,292.27219000,22639179.04264800
1779433200000,2026-05-22 07:00:00,77423.41000000,77543.38000000,77288.77000000,77408.06000000,393.92568000,1779436799999,30502166.90407770,78796,213.25639000,16517906.10384700
1779436800000,2026-05-22 08:00:00,77408.07000000,77535.00000000,77216.00000000,77267.38000000,509.65577000,1779440399999,39442035.70429070,105792,239.69050000,18554944.62974590
1779440400000,2026-05-22 09:00:00,77267.39000000,77360.00000000,77200.00000000,77307.11000000,276.32946000,1779443999999,21353007.16532260,56476,173.94273000,13440924.50165380
1779444000000,2026-05-22 10:00:00,77307.12000000,77363.01000000,77261.73000000,77312.00000000,275.01820000,1779447599999,21262180.45964520,42585,136.61938000,10561799.23676350
1779447600000,2026-05-22 11:00:00,77311.99000000,77430.55000000,77184.45000000,77428.84000000,375.53110000,1779451199999,29032400.23728270,62992,251.40755000,19435807.23766370
1779451200000,2026-05-22 12:00:00,77428.83000000,77584.94000000,77395.45000000,77533.90000000,317.41573000,1779454799999,24594567.70968720,73499,151.79825000,11761754.15159730
1779454800000,2026-05-22 13:00:00,77533.91000000,77547.56000000,77130.99000000,77290.01000000,419.18989000,1779458399999,32406247.84708760,133811,194.88458000,15066413.42954560
1779458400000,2026-05-22 14:00:00,77290.00000000,77290.00000000,76751.00000000,76774.23000000,1004.66190000,1779461999999,77286080.37145620,171924,447.42729000,34407230.69515500
1779462000000,2026-05-22 15:00:00,76774.23000000,77030.64000000,76570.00000000,76790.59000000,872.56913000,1779465599999,66990590.74762560,158966,420.22400000,32273429.67871520
1779465600000,2026-05-22 16:00:00,76790.60000000,77006.69000000,76767.00000000,76950.68000000,481.05047000,1779469199999,37001034.50273440,105741,287.68155000,22131057.99695560
1779469200000,2026-05-22 17:00:00,76950.67000000,77093.72000000,76750.00000000,76750.00000000,322.37426000,1779472799999,24801355.79073310,107245,143.47121000,11040318.28615370
1779472800000,2026-05-22 18:00:00,76750.01000000,76898.00000000,76101.00000000,76537.47000000,809.74159000,1779476399999,61954775.15896570,160785,249.29479000,19077099.06401380
1779476400000,2026-05-22 19:00:00,76537.47000000,76590.68000000,75668.76000000,75860.44000000,1201.88912000,1779479999999,91305184.26795730,268583,475.37691000,36108006.65085980
1779480000000,2026-05-22 20:00:00,75860.44000000,76080.95000000,75826.00000000,75984.47000000,415.32736000,1779483599999,31539812.83255060,112130,186.72555000,14179343.23842350
1779483600000,2026-05-22 21:00:00,75984.47000000,76087.85000000,75926.20000000,75978.83000000,349.85112000,1779487199999,26598067.16446510,68264,136.26912000,10360040.25871200
1779487200000,2026-05-22 22:00:00,75978.83000000,75978.84000000,75558.28000000,75737.52000000,473.52886000,1779490799999,35872946.97346450,91382,150.72194000,11417292.35025300
1779490800000,2026-05-22 23:00:00,75737.53000000,75881.18000000,75359.18000000,75539.50000000,527.08224000,1779494399999,39879576.54097580,105068,225.69145000,17079733.98274440
1779494400000,2026-05-23 00:00:00,75539.50000000,75635.59000000,75220.00000000,75352.64000000,828.38332000,1779497999999,62464463.48647200,177801,357.56037000,26967898.70621920
1779498000000,2026-05-23 01:00:00,75352.64000000,75500.00000000,75350.00000000,75489.84000000,466.00374000,1779501599999,35157142.94958210,116362,252.42038000,19042624.44303340
1779501600000,2026-05-23 02:00:00,75489.83000000,75581.27000000,75417.56000000,75572.07000000,334.42834000,1779505199999,25248800.73790060,48698,157.56808000,11895365.18772270
1779505200000,2026-05-23 03:00:00,75572.07000000,75664.62000000,75563.33000000,75635.22000000,267.29386000,1779508799999,20211456.20741870,36530,105.93994000,8010518.61759510
1779508800000,2026-05-23 04:00:00,75635.22000000,75650.63000000,75507.01000000,75539.77000000,198.60310000,1779512399999,15007666.26880250,34869,98.47847000,7441386.50866930
1779512400000,2026-05-23 05:00:00,75539.77000000,75562.40000000,75469.89000000,75482.68000000,267.20559000,1779515999999,20175629.72475090,40164,128.90536000,9733776.04809770
1779516000000,2026-05-23 06:00:00,75482.68000000,75501.09000000,75394.54000000,75398.33000000,189.47214000,1779519599999,14297067.30731730,36351,79.07915000,5967330.80685320
1779519600000,2026-05-23 07:00:00,75398.33000000,75443.44000000,74289.60000000,74609.36000000,2035.70931000,1779523199999,152363030.68906900,180109,803.67350000,60103060.05910150
1779523200000,2026-05-23 08:00:00,74609.37000000,74746.67000000,74303.56000000,74684.30000000,963.94720000,1779526799999,71870536.65286600,116134,485.45985000,36209746.78260410
1779526800000,2026-05-23 09:00:00,74684.29000000,74752.45000000,74624.50000000,74656.91000000,431.50710000,1779530399999,32228434.66593440,44794,207.13071000,15471009.49986010
1779530400000,2026-05-23 10:00:00,74656.91000000,74797.01000000,74656.91000000,74705.00000000,625.72233000,1779533999999,46774169.90579830,37440,279.92771000,20925234.30191360
1779534000000,2026-05-23 11:00:00,74705.00000000,74873.55000000,74704.99000000,74789.99000000,487.91960000,1779537599999,36495428.11553550,30312,302.73681000,22643759.81699920
1779537600000,2026-05-23 12:00:00,74789.99000000,74798.41000000,74660.05000000,74753.93000000,570.81814000,1779541199999,42660461.50873350,35012,350.32289000,26181741.24407390
1779541200000,2026-05-23 13:00:00,74753.94000000,75262.86000000,74753.93000000,75213.90000000,815.89889000,1779544799999,61224194.76147830,98426,481.78924000,36152593.52327380
1779544800000,2026-05-23 14:00:00,75213.90000000,75726.30000000,75108.15000000,75537.72000000,922.06012000,1779548399999,69513902.42317350,90365,566.48891000,42722140.20192170
1779548400000,2026-05-23 15:00:00,75537.73000000,75676.00000000,75405.40000000,75520.00000000,634.72295000,1779551999999,47950918.20327510,72255,335.03305000,25309259.38227710
1779552000000,2026-05-23 16:00:00,75519.99000000,75638.62000000,75415.17000000,75444.70000000,411.95204000,1779555599999,31104643.30327830,62849,192.31059000,14521193.37241410
1779555600000,2026-05-23 17:00:00,75444.71000000,75522.00000000,75371.72000000,75488.18000000,566.20129000,1779559199999,42728055.09621790,55939,344.69323000,26011909.57100860
1779559200000,2026-05-23 18:00:00,75488.17000000,75986.24000000,75472.04000000,75845.82000000,429.21806000,1779562799999,32535525.17402780,107879,229.50191000,17392755.74181850
1779562800000,2026-05-23 19:00:00,75845.82000000,76012.22000000,75780.90000000,75983.45000000,364.90120000,1779566399999,27696028.19603170,68801,211.90402000,16086596.04876940
1779566400000,2026-05-23 20:00:00,75983.45000000,77300.00000000,75953.94000000,77287.58000000,1242.58285000,1779569999999,95193275.45702450,239289,747.38264000,57256364.46081940
1779570000000,2026-05-23 21:00:00,77286.08000000,77404.18000000,76538.04000000,76804.99000000,1147.59506000,1779573599999,88281100.94274880,197120,534.38330000,41113562.90154770
1779573600000,2026-05-23 22:00:00,76805.00000000,76885.00000000,76396.06000000,76584.45000000,464.30329000,1779577199999,35571274.64247040,93641,243.19468000,18635971.98640710
1779577200000,2026-05-23 23:00:00,76584.45000000,76822.00000000,76538.36000000,76752.01000000,420.43862000,1779580799999,32243399.35390890,82396,242.70240000,18611072.47729790
1779580800000,2026-05-24 00:00:00,76752.00000000,76930.65000000,76629.02000000,76835.16000000,392.54327000,1779584399999,30137977.12697400,73690,252.45866000,19385289.88457640
1779584400000,2026-05-24 01:00:00,76835.16000000,76921.45000000,76754.53000000,76890.04000000,225.24128000,1779587999999,17310673.96481300,46201,129.04034000,9917398.66652570
1779588000000,2026-05-24 02:00:00,76890.04000000,76968.04000000,76704.32000000,76830.00000000,185.87406000,1779591599999,14283020.43429340,43212,83.13555000,6389419.32287250
1779591600000,2026-05-24 03:00:00,76830.01000000,77011.62000000,76738.50000000,76750.00000000,248.04543000,1779595199999,19061261.55345410,49639,73.99829000,5689146.80507350
1779595200000,2026-05-24 04:00:00,76750.01000000,76858.26000000,76730.00000000,76786.50000000,163.64327000,1779598799999,12566833.90336320,33663,88.15580000,6770017.47364450
1779598800000,2026-05-24 05:00:00,76786.50000000,76861.78000000,76651.59000000,76822.23000000,202.16815000,1779602399999,15512314.40195230,33881,56.74557000,4354867.05912990
1779602400000,2026-05-24 06:00:00,76822.23000000,77065.94000000,76716.02000000,76987.58000000,257.89170000,1779605999999,19821680.90370710,47296,132.81732000,10210305.09716710
1779606000000,2026-05-24 07:00:00,76987.58000000,77014.24000000,76786.20000000,76799.99000000,193.96514000,1779609599999,14913431.18891590,41262,107.51384000,8267250.82555890
1779609600000,2026-05-24 08:00:00,76799.99000000,76861.77000000,76734.42000000,76830.69000000,226.94949000,1779613199999,17430374.93935040,30043,109.93250000,8443294.24013110
1779613200000,2026-05-24 09:00:00,76830.69000000,77046.67000000,76821.86000000,77020.53000000,369.92973000,1779616799999,28466383.47853980,36666,243.16538000,18712299.60892850
1779616800000,2026-05-24 10:00:00,77020.54000000,77543.15000000,76927.04000000,77190.74000000,863.69953000,1779620399999,66715841.05616830,93970,504.83569000,38991988.69542360
1779620400000,2026-05-24 11:00:00,77190.73000000,77356.62000000,77190.73000000,77320.06000000,285.66801000,1779623999999,22077847.47064770,59458,150.41707000,11625159.72012280
1779624000000,2026-05-24 12:00:00,77320.06000000,77325.72000000,77044.73000000,77118.73000000,271.94108000,1779627599999,20972213.20314940,50132,113.08417000,8719829.38216770
1779627600000,2026-05-24 13:00:00,77118.72000000,77127.54000000,76688.89000000,76802.23000000,474.39799000,1779631199999,36495191.54850990,81337,206.07599000,15852821.35844180
1779631200000,2026-05-24 14:00:00,76802.23000000,76840.01000000,76195.36000000,76465.16000000,837.87651000,1779634799999,64078526.49073590,150450,424.15382000,32442947.02501530
1779634800000,2026-05-24 15:00:00,76465.15000000,76539.38000000,76362.78000000,76371.59000000,398.04105000,1779638399999,30429160.23992240,47070,248.76700000,19018794.76993980
1779638400000,2026-05-24 16:00:00,76371.59000000,76734.30000000,76371.59000000,76671.70000000,359.46109000,1779641999999,27528411.88738590,72220,233.90843000,17912704.63343720
1779642000000,2026-05-24 17:00:00,76671.69000000,76799.99000000,76566.15000000,76693.34000000,249.31214000,1779645599999,19115928.06098800,57462,125.09102000,9592240.04218220
1779645600000,2026-05-24 18:00:00,76693.34000000,76788.01000000,76596.00000000,76665.73000000,148.14196000,1779649199999,11359895.54804240,45813,81.54077000,6252786.01151310
1779649200000,2026-05-24 19:00:00,76665.72000000,76783.51000000,76611.17000000,76773.34000000,125.12918000,1779652799999,9597582.49825790,46271,82.33516000,6315257.77711830
1779652800000,2026-05-24 20:00:00,76773.33000000,76796.18000000,76596.37000000,76668.40000000,560.38206000,1779656399999,42973785.79020340,71190,389.32292000,29855610.09466780
1779656400000,2026-05-24 21:00:00,76668.41000000,76748.12000000,76108.00000000,76151.14000000,497.80071000,1779659999999,38002280.07371800,117979,174.19927000,13301410.12557910
1779660000000,2026-05-24 22:00:00,76151.14000000,77012.01000000,76132.00000000,76803.99000000,543.11534000,1779663599999,41677622.99936990,175332,302.90660000,23239288.37799910
1779663600000,2026-05-24 23:00:00,76803.99000000,77225.97000000,76803.99000000,77064.96000000,316.78339000,1779667199999,24397278.84885370,108732,199.53160000,15367955.29097820
1779667200000,2026-05-25 00:00:00,77064.96000000,77288.00000000,77064.95000000,77153.01000000,281.30951000,1779670799999,21709300.76817270,103947,149.16674000,11511615.28262120
1779670800000,2026-05-25 01:00:00,77153.01000000,77245.67000000,76914.25000000,76945.27000000,574.42489000,1779674399999,44304603.62391980,131420,262.50093000,20250929.32287310
1779674400000,2026-05-25 02:00:00,76945.28000000,77485.00000000,76945.28000000,77108.77000000,313.96478000,1779677999999,24248128.76405660,101687,158.20371000,12220173.40836970
1779678000000,2026-05-25 03:00:00,77108.77000000,77169.88000000,77002.30000000,77026.67000000,198.70522000,1779681599999,15316604.57506670,62424,76.34912000,5885207.14917110
1779681600000,2026-05-25 04:00:00,77026.68000000,77450.00000000,76990.78000000,77391.07000000,251.77406000,1779685199999,19441205.89978290,45353,151.39646000,11693346.43355210
1779685200000,2026-05-25 05:00:00,77391.07000000,77498.00000000,77324.00000000,77407.00000000,306.77798000,1779688799999,23748457.54653580,48800,163.78295000,12679257.95827060
1779688800000,2026-05-25 06:00:00,77406.99000000,77650.00000000,77222.22000000,77419.87000000,413.85927000,1779692399999,32046227.05462340,93661,228.55048000,17700787.00332750
1779692400000,2026-05-25 07:00:00,77419.87000000,77520.00000000,77184.62000000,77401.12000000,376.11814000,1779695999999,29086230.17465750,84141,182.98098000,14152043.05971220
1779696000000,2026-05-25 08:00:00,77401.11000000,77469.64000000,77280.32000000,77456.94000000,352.62980000,1779699599999,27276317.63817010,49698,209.21520000,16183107.85169090
1779699600000,2026-05-25 09:00:00,77456.94000000,77699.97000000,77425.17000000,77604.56000000,369.10396000,1779703199999,28628495.66115140,79075,168.90236000,13100476.29494930
1779703200000,2026-05-25 10:00:00,77604.56000000,77681.37000000,77490.37000000,77545.65000000,283.53522000,1779706799999,21994955.34963330,49843,141.80039000,10998992.94172070
1779706800000,2026-05-25 11:00:00,77545.65000000,77545.65000000,77333.33000000,77357.50000000,209.17805000,1779710399999,16200216.29849660,46631,69.89493000,5413099.85259680
1779710400000,2026-05-25 12:00:00,77357.50000000,77440.46000000,77286.50000000,77367.98000000,261.28583000,1779713999999,20213346.79379770,69269,135.34729000,10470792.44452350
1779714000000,2026-05-25 13:00:00,77367.98000000,77450.00000000,77286.50000000,77341.05000000,199.52985000,1779717599999,15432746.39434300,57006,102.56399000,7932842.88390710
1779717600000,2026-05-25 14:00:00,77341.05000000,77773.69000000,77304.84000000,77714.00000000,603.07815000,1779721199999,46790940.54341470,107006,282.13864000,21886358.77075570
1779721200000,2026-05-25 15:00:00,77713.99000000,77905.52000000,77557.00000000,77628.82000000,499.50313000,1779724799999,38814819.11558280,103031,237.96754000,18496697.42590750
1779724800000,2026-05-25 16:00:00,77628.82000000,77807.29000000,77508.88000000,77735.69000000,342.64397000,1779728399999,26600598.52117520,69324,166.06781000,12893118.50761920
1779728400000,2026-05-25 17:00:00,77735.69000000,77804.48000000,77550.39000000,77564.01000000,278.21782000,1779731999999,21607914.99838020,63509,102.79255000,7982283.67981040
1779732000000,2026-05-25 18:00:00,77564.00000000,77658.01000000,77543.38000000,77543.39000000,204.76460000,1779735599999,15890748.61441690,51100,131.15853000,10178737.06330320
1779735600000,2026-05-25 19:00:00,77543.39000000,77543.39000000,77343.61000000,77441.86000000,295.53937000,1779739199999,22886763.51543850,78449,146.82811000,11369065.99570180
1779739200000,2026-05-25 20:00:00,77441.85000000,77500.00000000,77220.00000000,77273.06000000,314.11527000,1779742799999,24297770.69769090,75971,111.32208000,8612982.56564420
1779742800000,2026-05-25 21:00:00,77273.06000000,77396.08000000,77273.05000000,77367.03000000,183.92616000,1779746399999,14222410.01999120,60991,94.20682000,7284223.02434690
1779746400000,2026-05-25 22:00:00,77367.03000000,77449.94000000,77019.82000000,77116.21000000,395.72227000,1779749999999,30543975.98819670,94070,98.24940000,7589794.14919610
1779750000000,2026-05-25 23:00:00,77116.21000000,77367.44000000,77072.36000000,77322.01000000,162.61467000,1779753599999,12565226.44090270,52103,72.99453000,5640362.63783870
1779753600000,2026-05-26 00:00:00,77322.01000000,77345.00000000,76575.49000000,76792.71000000,686.17714000,1779757199999,52818594.70457040,132488,251.77349000,19377305.27655040
1779757200000,2026-05-26 01:00:00,76792.24000000,76888.01000000,76590.90000000,76756.98000000,342.05131000,1779760799999,26245737.17582530,112352,179.40563000,13766014.79242770
1779760800000,2026-05-26 02:00:00,76756.98000000,76810.00000000,76512.98000000,76660.00000000,721.43857000,1779764399999,55335740.02354690,84127,341.55828000,26197545.90840610
1779764400000,2026-05-26 03:00:00,76660.00000000,76705.71000000,76475.59000000,76664.01000000,396.14567000,1779767999999,30337932.94302530,66530,186.97798000,14322990.03311270
1779768000000,2026-05-26 04:00:00,76664.00000000,76817.28000000,76606.79000000,76749.50000000,392.59093000,1779771599999,30107455.66650590,48961,252.41996000,19355980.46388720
1779771600000,2026-05-26 05:00:00,76749.51000000,76989.23000000,76704.80000000,76930.01000000,556.04320000,1779775199999,42739801.19887360,65633,287.34679000,22087552.17119010
1779775200000,2026-05-26 06:00:00,76930.00000000,77059.74000000,76775.00000000,76908.01000000,658.30833000,1779778799999,50621372.92483000,127846,337.37823000,25945607.32217220
1779778800000,2026-05-26 07:00:00,76908.00000000,76924.55000000,76603.73000000,76730.84000000,436.26184000,1779782399999,33456074.56343890,80765,224.59818000,17221190.88651150
1779782400000,2026-05-26 08:00:00,76730.84000000,76852.01000000,76693.21000000,76726.37000000,246.06951000,1779785999999,18892457.07503620,70967,132.87218000,10201213.14469450
1779786000000,2026-05-26 09:00:00,76726.37000000,76804.00000000,76649.79000000,76672.19000000,350.52370000,1779789599999,26885747.69932710,71994,220.00391000,16874396.93600930
1779789600000,2026-05-26 10:00:00,76672.20000000,77621.75000000,76586.94000000,77430.00000000,897.13516000,1779793199999,69289194.76421360,208510,556.20351000,42947587.52730310
1779793200000,2026-05-26 11:00:00,77430.00000000,77516.93000000,77174.94000000,77183.55000000,403.26795000,1779796799999,31179316.79269310,85873,184.15582000,14241086.49883850
1779796800000,2026-05-26 12:00:00,77183.56000000,77232.52000000,76877.94000000,77132.50000000,402.68245000,1779800399999,31024159.27024110,102481,178.84284000,13778909.31363270
1779800400000,2026-05-26 13:00:00,77132.51000000,77464.01000000,76691.88000000,77231.56000000,659.96680000,1779803999999,50841357.02111850,197068,326.98416000,25194691.50338590
1779804000000,2026-05-26 14:00:00,77231.56000000,78080.00000000,76724.63000000,76908.01000000,2020.17697000,1779807599999,156378447.37250920,397733,1018.44180000,78859214.27524410
1779807600000,2026-05-26 15:00:00,76908.01000000,77012.00000000,76272.63000000,76518.10000000,1751.25838000,1779811199999,134005578.24959190,316708,769.03231000,58870665.60276880
1779811200000,2026-05-26 16:00:00,76518.10000000,76710.01000000,76209.58000000,76558.00000000,2070.02098000,1779814799999,158222896.82989570,239275,642.89775000,49156519.65608490
1779814800000,2026-05-26 17:00:00,76558.00000000,76649.91000000,75850.00000000,75935.08000000,1190.65802000,1779818399999,90615285.33579080,288068,533.17945000,40569292.78621830
1779818400000,2026-05-26 18:00:00,75935.09000000,76273.66000000,75779.30000000,75840.55000000,846.30902000,1779821999999,64334857.97937010,180058,327.20152000,24872544.44972760
1779822000000,2026-05-26 19:00:00,75840.55000000,76104.49000000,75805.23000000,76052.00000000,581.71052000,1779825599999,44176285.10118070,153381,252.37467000,19165794.45640680
1779825600000,2026-05-26 20:00:00,76052.00000000,76180.00000000,75982.64000000,76106.86000000,324.41575000,1779829199999,24683796.15403860,82812,161.05617000,12255089.01790630
1779829200000,2026-05-26 21:00:00,76106.86000000,76117.31000000,75850.00000000,75890.00000000,275.58323000,1779832799999,20936982.38911980,68700,97.47107000,7406199.65234540
1779832800000,2026-05-26 22:00:00,75890.00000000,75998.94000000,75677.97000000,75749.02000000,428.12169000,1779836399999,32450839.02579240,107093,209.51102000,15880463.62975940
1779836400000,2026-05-26 23:00:00,75749.02000000,75986.45000000,75749.02000000,75930.01000000,316.55917000,1779839999999,24029407.43705660,71322,195.35378000,14828289.57213160
1779840000000,2026-05-27 00:00:00,75930.01000000,76089.70000000,75872.71000000,76085.01000000,780.41682000,1779843599999,59286107.30306090,87492,432.78749000,32882691.31674330
1779843600000,2026-05-27 01:00:00,76085.00000000,76104.02000000,75824.00000000,75877.44000000,573.72878000,1779847199999,43553582.94700070,82231,327.26657000,24841016.76449920
1779847200000,2026-05-27 02:00:00,75877.44000000,75890.59000000,75682.99000000,75879.00000000,437.25803000,1779850799999,33143292.30148320,91572,207.21495000,15706558.07434480
1779850800000,2026-05-27 03:00:00,75879.01000000,75966.91000000,75607.62000000,75683.00000000,612.84746000,1779854399999,46454498.02834230,89511,284.19376000,21548108.79441020
1779854400000,2026-05-27 04:00:00,75683.00000000,75706.77000000,75310.90000000,75579.01000000,817.05359000,1779857999999,61705737.46326800,132676,317.46151000,23975048.12630470
1779858000000,2026-05-27 05:00:00,75579.01000000,75739.36000000,75579.00000000,75697.99000000,490.56114000,1779861599999,37117585.13968770,89802,225.07919000,17028423.90278290
1779861600000,2026-05-27 06:00:00,75697.99000000,75900.00000000,75690.01000000,75838.65000000,482.86494000,1779865199999,36588629.30084780,86170,281.36767000,21320591.45772690
1779865200000,2026-05-27 07:00:00,75838.65000000,75980.00000000,75764.00000000,75977.17000000,433.92885000,1779868799999,32931018.01012990,81501,275.71002000,20926389.84669030
1779868800000,2026-05-27 08:00:00,75977.16000000,76071.41000000,75843.02000000,75873.24000000,308.77238000,1779872399999,23454360.46417970,81839,130.78947000,9935125.45777960
1779872400000,2026-05-27 09:00:00,75873.25000000,75978.01000000,75710.76000000,75912.60000000,294.26595000,1779875999999,22321356.48519510,75837,192.33657000,14591254.19108980
1779876000000,2026-05-27 10:00:00,75912.61000000,76043.94000000,75880.00000000,75909.82000000,372.61961000,1779879599999,28294614.26271010,91806,264.72864000,20101662.67137740
1779879600000,2026-05-27 11:00:00,75909.82000000,76029.24000000,75754.10000000,75769.18000000,316.01081000,1779883199999,23985666.65169400,81269,128.07442000,9722516.97612170
1779883200000,2026-05-27 12:00:00,75769.18000000,76174.15000000,75575.75000000,75688.00000000,621.24106000,1779886799999,47106698.37806670,176734,293.69501000,22275989.43149430
1779886800000,2026-05-27 13:00:00,75688.01000000,75760.00000000,74866.18000000,75073.40000000,2200.23684000,1779890399999,165248012.51263860,384667,790.71442000,59388569.72907610
1779890400000,2026-05-27 14:00:00,75073.40000000,75274.11000000,74758.33000000,75031.92000000,1567.20208000,1779893999999,117556878.20892950,283717,620.68417000,46567274.58827430
1779894000000,2026-05-27 15:00:00,75031.92000000,75502.29000000,74983.77000000,75326.01000000,797.52340000,1779897599999,60013079.97239120,196665,450.28994000,33886924.83485530
1779897600000,2026-05-27 16:00:00,75326.02000000,75408.01000000,75000.00000000,75304.01000000,632.49097000,1779901199999,47539855.07239980,169946,319.82269000,24034574.85581050
1779901200000,2026-05-27 17:00:00,75304.01000000,75344.01000000,74685.58000000,74860.42000000,1103.99219000,1779904799999,82780559.06751290,213261,376.21527000,28212120.49393990
1779904800000,2026-05-27 18:00:00,74860.42000000,75032.01000000,74663.45000000,75026.67000000,549.25309000,1779908399999,41133341.33150580,158217,316.36577000,23695755.09117130
1779908400000,2026-05-27 19:00:00,75026.67000000,75105.17000000,74952.36000000,75066.08000000,879.80197000,1779911999999,66015341.90025930,119564,446.31920000,33492419.63870260
1779912000000,2026-05-27 20:00:00,75066.09000000,75415.81000000,75056.25000000,75274.58000000,389.41476000,1779915599999,29311153.52560390,85203,229.07597000,17243485.65261210
1779915600000,2026-05-27 21:00:00,75274.58000000,75274.58000000,74341.76000000,74473.01000000,653.21971000,1779919199999,48792566.23736900,196168,252.09266000,18835135.50335070
1779919200000,2026-05-27 22:00:00,74473.01000000,74775.50000000,74260.91000000,74418.13000000,624.64107000,1779922799999,46542669.08580590,179560,305.65186000,22776664.75546990
1779922800000,2026-05-27 23:00:00,74418.12000000,74572.00000000,74243.99000000,74449.30000000,938.42933000,1779926399999,69803659.25874230,131660,522.88070000,38892553.19747130
1779926400000,2026-05-28 00:00:00,74449.31000000,74580.00000000,74366.89000000,74570.66000000,476.29695000,1779929999999,35482620.06706330,149905,276.28362000,20583406.36736410
1779930000000,2026-05-28 01:00:00,74570.67000000,74590.77000000,74156.00000000,74344.08000000,653.98384000,1779933599999,48627823.54487950,240503,363.13131000,27007337.88538630
1779933600000,2026-05-28 02:00:00,74344.07000000,74400.00000000,74127.57000000,74287.42000000,717.91596000,1779937199999,53334871.27500280,160530,456.67229000,33929897.72078700
1779937200000,2026-05-28 03:00:00,74287.43000000,74380.39000000,73060.59000000,73258.01000000,3879.74728000,1779940799999,285009337.88869230,407020,1948.44809000,143045208.42458050
1779940800000,2026-05-28 04:00:00,73258.00000000,73260.01000000,72728.85000000,73181.95000000,1588.42564000,1779944399999,116008172.85397370,239372,749.68505000,54767453.11267340
1779944400000,2026-05-28 05:00:00,73181.95000000,73181.95000000,72908.67000000,72990.87000000,850.50171000,1779947999999,62093990.02235760,132474,459.33964000,33534790.73454580
1779948000000,2026-05-28 06:00:00,72990.87000000,73213.11000000,72761.11000000,73202.70000000,1248.76931000,1779951599999,91163266.92137390,123405,577.62613000,42166617.60424950
1779951600000,2026-05-28 07:00:00,73202.71000000,73512.14000000,73158.00000000,73498.00000000,1111.91354000,1779955199999,81523469.17435150,118348,611.57119000,44843659.42474390
1779955200000,2026-05-28 08:00:00,73498.00000000,73500.00000000,73193.13000000,73325.88000000,567.79073000,1779958799999,41635830.41465940,94211,285.50880000,20936158.44256190
1779958800000,2026-05-28 09:00:00,73325.88000000,73560.00000000,73261.60000000,73541.24000000,547.18862000,1779962399999,40188554.97362590,77791,348.52497000,25600067.24304800
1779962400000,2026-05-28 10:00:00,73541.25000000,73616.00000000,73349.91000000,73400.01000000,495.53335000,1779965999999,36408821.46889150,95978,302.39908000,22215504.06558850
1779966000000,2026-05-28 11:00:00,73400.01000000,73532.01000000,73319.36000000,73505.66000000,383.87102000,1779969599999,28181444.00034670,111564,166.74883000,12242593.03797030
1779969600000,2026-05-28 12:00:00,73505.65000000,73580.75000000,73245.56000000,73518.01000000,454.53291000,1779973199999,33382866.48960550,124740,256.35299000,18829481.90631100
1779973200000,2026-05-28 13:00:00,73518.01000000,73574.60000000,72771.64000000,73022.02000000,1277.58759000,1779976799999,93312474.42234920,249841,666.37698000,48673449.19460550
1779976800000,2026-05-28 14:00:00,73022.01000000,73573.21000000,72582.82000000,73033.06000000,2189.62010000,1779980399999,159826203.32866710,443474,1217.89392000,88919496.34238630
1779980400000,2026-05-28 15:00:00,73033.06000000,73180.01000000,72700.00000000,72928.73000000,710.64433000,1779983999999,51829355.48009550,206962,392.47452000,28626636.57280800
1779984000000,2026-05-28 16:00:00,72928.73000000,73440.67000000,72741.40000000,73440.67000000,821.59668000,1779987599999,60120839.39064480,191923,471.31148000,34481333.44238570
1779987600000,2026-05-28 17:00:00,73440.66000000,73734.72000000,73316.31000000,73554.82000000,737.45631000,1779991199999,54198343.56735950,134207,397.80979000,29239861.84773880
1779991200000,2026-05-28 18:00:00,73554.81000000,73749.69000000,73514.57000000,73652.88000000,517.48323000,1779994799999,38105533.50111000,107540,291.20784000,21443781.17272980
1779994800000,2026-05-28 19:00:00,73652.87000000,73652.88000000,73381.81000000,73419.32000000,447.75042000,1779998399999,32902357.48990020,86751,189.56336000,13929372.11498470
1779998400000,2026-05-28 20:00:00,73419.31000000,73721.45000000,73241.48000000,73579.99000000,441.85746000,1780001999999,32486156.32508770,88448,250.48020000,18414355.65329490
1780002000000,2026-05-28 21:00:00,73580.00000000,73926.22000000,73560.45000000,73817.31000000,386.07817000,1780005599999,28475897.91517010,83825,216.55194000,15971314.11991440
1780005600000,2026-05-28 22:00:00,73817.31000000,73949.22000000,73448.55000000,73464.80000000,445.66881000,1780009199999,32828057.88527200,77340,194.04566000,14292126.38844550
1780009200000,2026-05-28 23:00:00,73464.80000000,73714.90000000,73464.79000000,73617.51000000,321.80630000,1780012799999,23682237.10679490,53561,195.37039000,14376639.23212940
1780012800000,2026-05-29 00:00:00,73617.52000000,73854.77000000,73617.51000000,73716.37000000,592.13944000,1780016399999,43670133.40635630,94346,342.85715000,25286046.94086740
1780016400000,2026-05-29 01:00:00,73716.37000000,73868.33000000,73463.52000000,73586.83000000,543.44041000,1780019999999,40021646.48520560,95772,259.14046000,19088114.87798190
1780020000000,2026-05-29 02:00:00,73586.83000000,73646.68000000,73189.11000000,73225.06000000,716.13416000,1780023599999,52637237.87554710,100736,309.48022000,22754032.27267740
1780023600000,2026-05-29 03:00:00,73225.07000000,73456.63000000,73225.07000000,73301.52000000,271.59006000,1780027199999,19922074.69208320,71567,168.56226000,12363724.76804960
1780027200000,2026-05-29 04:00:00,73301.53000000,73508.97000000,73210.21000000,73507.69000000,462.74907000,1780030799999,33960538.66844180,75976,327.12773000,24010197.72549170
1780030800000,2026-05-29 05:00:00,73507.68000000,73719.39000000,73500.00000000,73706.00000000,814.30980000,1780034399999,59921822.56003430,82360,488.00304000,35911049.33537130
1780034400000,2026-05-29 06:00:00,73706.00000000,73939.19000000,73641.05000000,73786.32000000,283.07172000,1780037999999,20878403.01661900,74046,162.40898000,11978492.63817220
1780038000000,2026-05-29 07:00:00,73786.32000000,73830.01000000,73373.37000000,73528.56000000,1081.67640000,1780041599999,79586103.43301460,105107,548.81986000,40376275.50548260
1780041600000,2026-05-29 08:00:00,73528.55000000,73835.58000000,73524.00000000,73653.40000000,690.03943000,1780045199999,50891009.43048490,82509,480.05835000,35404310.33166360
1780045200000,2026-05-29 09:00:00,73653.40000000,73902.85000000,73649.58000000,73744.96000000,506.90617000,1780048799999,37409568.37873490,63415,313.17133000,23114097.01274530
1780048800000,2026-05-29 10:00:00,73744.96000000,73749.53000000,73588.13000000,73634.64000000,583.75086000,1780052399999,43004831.00566000,62750,396.25097000,29192124.53100270
1780052400000,2026-05-29 11:00:00,73634.64000000,73700.41000000,73341.85000000,73487.98000000,417.09649000,1780055999999,30669946.60858700,79696,234.83801000,17267968.41427570
1780056000000,2026-05-29 12:00:00,73487.98000000,73487.98000000,73202.00000000,73295.73000000,419.42757000,1780059599999,30756042.09486370,94880,215.76060000,15821060.93201370
1780059600000,2026-05-29 13:00:00,73295.73000000,73346.04000000,72900.46000000,73135.70000000,883.40251000,1780063199999,64597124.45586180,189672,418.29268000,30588015.53797560
1780063200000,2026-05-29 14:00:00,73135.70000000,73198.17000000,72512.49000000,73096.85000000,1512.76179000,1780066799999,110198605.66059500,335446,753.35583000,54894524.62428730
1780066800000,2026-05-29 15:00:00,73096.84000000,74200.00000000,73008.98000000,73808.26000000,1809.34020000,1780070399999,133394128.64909680,335006,1098.08922000,80944624.98836820
1780070400000,2026-05-29 16:00:00,73808.25000000,74124.73000000,73565.73000000,74056.50000000,1160.72957000,1780073999999,85794031.93901600,185207,741.02452000,54776664.72884620
1780074000000,2026-05-29 17:00:00,74056.49000000,74514.10000000,73925.33000000,73980.94000000,2917.46541000,1780077599999,216626235.39561290,196435,2042.31248000,151671490.02030830
1780077600000,2026-05-29 18:00:00,73980.94000000,74065.29000000,73187.25000000,73374.52000000,1065.50146000,1780081199999,78456616.42170450,172683,404.63273000,29808042.65218620
1780081200000,2026-05-29 19:00:00,73374.51000000,73727.95000000,73239.36000000,73520.28000000,453.16949000,1780084799999,33296942.84181120,122626,269.96523000,19835876.96787260
1780084800000,2026-05-29 20:00:00,73520.29000000,73760.00000000,73514.00000000,73673.61000000,155.12213000,1780088399999,11427106.10028870,76134,83.54454000,6154361.09391460
1780088400000,2026-05-29 21:00:00,73673.62000000,73844.00000000,73408.80000000,73409.27000000,412.83689000,1780091999999,30393613.24073760,92336,195.73494000,14413114.31550120
1780092000000,2026-05-29 22:00:00,73409.27000000,73571.81000000,73379.79000000,73483.52000000,662.84770000,1780095599999,48682037.68624030,56671,286.21434000,21018546.05787860
1780095600000,2026-05-29 23:00:00,73483.51000000,73510.00000000,73320.00000000,73460.78000000,271.23268000,1780099199999,19910692.85982980,51942,128.72665000,9449133.61710310
1780099200000,2026-05-30 00:00:00,73460.78000000,73579.82000000,73408.62000000,73498.80000000,545.20652000,1780102799999,40080939.15849040,53939,277.09721000,20371276.79126890
1780102800000,2026-05-30 01:00:00,73498.80000000,73663.08000000,73472.80000000,73657.90000000,386.87772000,1780106399999,28472784.19126100,54707,227.37877000,16731551.22359850
1780106400000,2026-05-30 02:00:00,73657.90000000,73786.70000000,73613.85000000,73786.69000000,268.52358000,1780109999999,19791058.24186780,39971,153.73767000,11331309.70643660
1780110000000,2026-05-30 03:00:00,73786.70000000,73796.43000000,73524.01000000,73524.01000000,339.03494000,1780113599999,24978981.35748080,45929,137.51694000,10134583.24688160
1780113600000,2026-05-30 04:00:00,73524.01000000,73575.00000000,73216.00000000,73402.84000000,466.81865000,1780117199999,34238688.76238000,94475,157.58190000,11560760.01280440
1780117200000,2026-05-30 05:00:00,73402.85000000,73635.00000000,73346.85000000,73604.99000000,464.14797000,1780120799999,34135520.42525910,63465,341.92876000,25148052.64310880
1780120800000,2026-05-30 06:00:00,73604.99000000,73709.91000000,73530.00000000,73584.99000000,331.33867000,1780124399999,24388814.01993940,52807,218.06365000,16051706.51044410
1780124400000,2026-05-30 07:00:00,73584.99000000,73588.20000000,73486.00000000,73548.60000000,225.56478000,1780127999999,16589074.91860800,34343,113.96609000,8381756.29147000
1780128000000,2026-05-30 08:00:00,73548.60000000,73567.59000000,73500.02000000,73530.07000000,274.14087000,1780131599999,20157080.88719080,24108,148.05247000,10885896.32432230
1780131600000,2026-05-30 09:00:00,73530.07000000,73615.47000000,73503.07000000,73615.46000000,201.26346000,1780135199999,14803606.22868030,27005,118.26441000,8698338.47845540
1780135200000,2026-05-30 10:00:00,73615.46000000,73680.75000000,73592.57000000,73655.85000000,283.97060000,1780138799999,20911314.96761120,40401,144.07687000,10609564.85225730
1780138800000,2026-05-30 11:00:00,73655.85000000,73655.86000000,73564.62000000,73602.02000000,317.10370000,1780142399999,23340005.41741200,30422,170.48162000,12547656.30868190
1780142400000,2026-05-30 12:00:00,73602.01000000,73717.07000000,73594.40000000,73698.18000000,369.23500000,1780145999999,27198613.89235900,34417,223.10501000,16433837.05120560
1780146000000,2026-05-30 13:00:00,73698.17000000,73837.06000000,73676.10000000,73829.31000000,249.39427000,1780149599999,18395240.44206530,45263,155.90350000,11499318.76382020
1780149600000,2026-05-30 14:00:00,73829.31000000,74100.00000000,73820.91000000,73929.11000000,565.07041000,1780153199999,41803345.96297810,98831,346.46085000,25628235.44448070
1780153200000,2026-05-30 15:00:00,73929.11000000,74042.88000000,73836.70000000,73930.14000000,301.39896000,1780156799999,22279013.78849010,59078,156.16439000,11543657.60469140
1780156800000,2026-05-30 16:00:00,73930.13000000,73985.84000000,73880.10000000,73934.99000000,193.46997000,1780160399999,14304758.72946270,48001,116.08057000,8582965.30016580
1780160400000,2026-05-30 17:00:00,73935.00000000,74047.26000000,73811.30000000,74020.07000000,308.74992000,1780163999999,22834704.45904120,53446,195.35323000,14450900.30429320
1780164000000,2026-05-30 18:00:00,74020.06000000,74143.76000000,73945.00000000,74043.38000000,188.56655000,1780167599999,13961944.37153200,44503,109.18539000,8085186.28561250
1780167600000,2026-05-30 19:00:00,74043.39000000,74072.00000000,73971.30000000,74016.65000000,145.42131000,1780171199999,10765230.89886950,36656,71.73648000,5310440.03939750
1780171200000,2026-05-30 20:00:00,74016.64000000,74016.65000000,73926.68000000,73979.84000000,104.99480000,1780174799999,7765434.53063130,24779,52.24251000,3863923.67221480
1780174800000,2026-05-30 21:00:00,73979.85000000,74054.00000000,73929.07000000,73981.99000000,224.47070000,1780178399999,16607182.02636930,33777,99.42236000,7355452.04777250
1780178400000,2026-05-30 22:00:00,73981.99000000,73982.00000000,73796.01000000,73883.30000000,391.66756000,1780181999999,28938229.94558150,45614,192.63787000,14230731.01755580
1780182000000,2026-05-30 23:00:00,73883.30000000,73995.98000000,73781.30000000,73884.38000000,368.97818000,1780185599999,27247818.48795990,38469,191.67235000,14154973.34636650
1780185600000,2026-05-31 00:00:00,73884.38000000,74041.72000000,73858.56000000,74038.20000000,241.35407000,1780189199999,17845467.77322370,45440,127.12431000,9400414.28064280
1780189200000,2026-05-31 01:00:00,74038.20000000,74275.66000000,74028.64000000,74058.01000000,363.47802000,1780192799999,26952225.66763680,65240,203.90516000,15119636.72179220
1780192800000,2026-05-31 02:00:00,74058.01000000,74243.94000000,73890.49000000,74090.84000000,304.85670000,1780196399999,22571739.05017620,84535,170.76510000,12644171.15649110
1780196400000,2026-05-31 03:00:00,74090.84000000,74226.78000000,74074.05000000,74150.64000000,189.87382000,1780199999999,14081126.10154630,49318,92.66718000,6872456.22008770
1780200000000,2026-05-31 04:00:00,74150.64000000,74221.33000000,74109.00000000,74178.40000000,194.38913000,1780203599999,14417125.68852440,39128,93.82362000,6958922.69482590
1780203600000,2026-05-31 05:00:00,74178.41000000,74207.20000000,74055.16000000,74055.98000000,231.70947000,1780207199999,17177475.83229820,34708,110.27204000,8174545.24400220
1780207200000,2026-05-31 06:00:00,74055.99000000,74109.39000000,73985.34000000,74054.87000000,141.21825000,1780210799999,10455281.40727230,29223,54.68498000,4049096.29515650
1780210800000,2026-05-31 07:00:00,74054.86000000,74054.87000000,73836.00000000,73871.24000000,302.07421000,1780214399999,22325378.57311050,46646,121.37874000,8970926.07338480
1780214400000,2026-05-31 08:00:00,73871.25000000,73980.00000000,73850.05000000,73937.61000000,348.32905000,1780217999999,25745592.85384530,47904,147.50107000,10902119.72784960
1780218000000,2026-05-31 09:00:00,73937.62000000,74024.00000000,73813.44000000,73841.79000000,323.04158000,1780221599999,23881941.23401250,47207,112.03225000,8284574.17471610
1780221600000,2026-05-31 10:00:00,73841.79000000,73900.00000000,73699.20000000,73900.00000000,400.29833000,1780225199999,29542952.10420100,48223,171.11557000,12632172.97073050
1780225200000,2026-05-31 11:00:00,73900.00000000,73972.00000000,73899.99000000,73937.79000000,178.92390000,1780228799999,13228478.19885270,30621,87.30586000,6454869.10791390
1780228800000,2026-05-31 12:00:00,73937.63000000,73995.88000000,73874.00000000,73920.00000000,222.22652000,1780232399999,16429107.80313390,39129,99.25140000,7338244.67899830
1780232400000,2026-05-31 13:00:00,73920.00000000,74023.99000000,73807.43000000,73872.80000000,178.44734000,1780235999999,13190095.93026550,38610,68.32553000,5050748.70126080
1780236000000,2026-05-31 14:00:00,73872.80000000,73872.80000000,73483.05000000,73602.17000000,681.72491000,1780239599999,50218468.77098450,127619,302.52344000,22284681.96294520
1780239600000,2026-05-31 15:00:00,73602.18000000,73775.79000000,73588.80000000,73655.21000000,266.93299000,1780243199999,19665463.33124550,48254,115.64171000,8521096.14660620
1780243200000,2026-05-31 16:00:00,73655.20000000,73730.00000000,73400.00000000,73526.14000000,319.75425000,1780246799999,23516463.12960310,77953,120.37092000,8854197.37766360
1780246800000,2026-05-31 17:00:00,73526.15000000,73734.00000000,73466.67000000,73709.44000000,195.46974000,1780250399999,14391326.28833690,38175,121.06938000,8915331.19800790
1780250400000,2026-05-31 18:00:00,73709.43000000,73713.34000000,73585.49000000,73603.69000000,214.37074000,1780253999999,15787385.32029770,39736,110.48708000,8137137.55717140
1780254000000,2026-05-31 19:00:00,73603.68000000,73649.93000000,73456.48000000,73563.42000000,255.80848000,1780257599999,18814203.65808300,44699,152.82907000,11241365.16072970
1780257600000,2026-05-31 20:00:00,73563.41000000,73760.00000000,73563.41000000,73739.66000000,381.56410000,1780261199999,28106017.25940460,46998,247.93090000,18261167.05486420
1780261200000,2026-05-31 21:00:00,73739.67000000,73924.00000000,73626.67000000,73892.52000000,391.01047000,1780264799999,28838999.41473790,82920,232.88775000,17174763.87024570
1780264800000,2026-05-31 22:00:00,73892.52000000,73997.56000000,73686.00000000,73944.62000000,284.29172000,1780268399999,21010656.59729940,100294,164.47721000,12156684.54058930
1780268400000,2026-05-31 23:00:00,73944.62000000,74198.00000000,73500.00000000,73674.39000000,375.30928000,1780271999999,27714560.60110530,110857,179.10216000,13230429.16983380
1780272000000,2026-06-01 00:00:00,73674.39000000,74092.00000000,73654.06000000,73885.00000000,366.48970000,1780275599999,27071405.35227590,136828,214.40608000,15836590.18297040
1780275600000,2026-06-01 01:00:00,73885.01000000,73916.01000000,73278.02000000,73292.92000000,464.54265000,1780279199999,34171272.17484200,141536,157.38626000,11578398.44660200
1780279200000,2026-06-01 02:00:00,73292.92000000,73892.52000000,73222.00000000,73790.00000000,506.50025000,1780282799999,37247035.06121000,128800,288.42765000,21202943.49489740
1780282800000,2026-06-01 03:00:00,73789.99000000,74019.58000000,73735.47000000,73769.06000000,460.44243000,1780286399999,34013358.41612110,110103,197.93430000,14621368.65538960
1780286400000,2026-06-01 04:00:00,73769.06000000,73841.37000000,73348.74000000,73536.01000000,335.64727000,1780289999999,24690326.86705070,97271,183.06877000,13468323.45911250
1780290000000,2026-06-01 05:00:00,73536.01000000,73541.48000000,73328.32000000,73350.00000000,404.19791000,1780293599999,29687644.70437460,70898,203.39291000,14939459.03639640
1780293600000,2026-06-01 06:00:00,73349.99000000,73368.00000000,72950.01000000,73135.74000000,740.28999000,1780297199999,54162702.51914770,165991,256.74292000,18784373.00909350
1780297200000,2026-06-01 07:00:00,73135.75000000,73203.85000000,72704.00000000,72818.00000000,833.64063000,1780300799999,60811124.28854910,185784,357.33604000,26064699.49744730
1780300800000,2026-06-01 08:00:00,72818.00000000,72921.38000000,72610.03000000,72902.65000000,751.49608000,1780304399999,54688632.58659950,130363,344.44381000,25070606.18378820
1780304400000,2026-06-01 09:00:00,72902.64000000,73095.64000000,72600.00000000,72880.00000000,2061.21620000,1780307999999,150219144.87784000,131001,568.33871000,41445474.93679610
1780308000000,2026-06-01 10:00:00,72880.00000000,72900.73000000,72592.27000000,72748.88000000,482.48740000,1780311599999,35096971.42490710,105176,242.21395000,17619537.25163890
1780311600000,2026-06-01 11:00:00,72748.88000000,72768.11000000,72290.00000000,72479.99000000,769.61036000,1780315199999,55818087.22927770,128431,319.91563000,23210200.84722770
1780315200000,2026-06-01 12:00:00,72480.00000000,72610.00000000,71902.98000000,72221.73000000,1854.73885000,1780318799999,133847701.44136090,294052,934.63593000,67449689.12084170
1780318800000,2026-06-01 13:00:00,72221.74000000,72243.52000000,71389.88000000,71711.89000000,3036.53496000,1780322399999,217980751.36904810,500251,1396.24723000,100246993.42372580
1780322400000,2026-06-01 14:00:00,71711.89000000,71887.60000000,71363.43000000,71567.91000000,2060.71568000,1780325999999,147531675.07949090,391587,963.25080000,68967181.17047920
1780326000000,2026-06-01 15:00:00,71567.91000000,71677.55000000,71066.33000000,71129.62000000,1656.46415000,1780329599999,118107380.72059080,322554,881.77925000,62873475.64664290
1780329600000,2026-06-01 16:00:00,71129.62000000,71599.95000000,70686.68000000,71564.01000000,2820.57409000,1780333199999,200594260.01164990,291004,1635.38276000,116328622.94578940
1780333200000,2026-06-01 17:00:00,71564.01000000,71800.73000000,71469.64000000,71646.01000000,999.45739000,1780336799999,71588619.30027680,177311,659.28045000,47224256.80087860
1780336800000,2026-06-01 18:00:00,71646.00000000,71687.28000000,71382.00000000,71498.64000000,667.35668000,1780340399999,47725748.60081270,128380,390.78262000,27945680.18363690
1780340400000,2026-06-01 19:00:00,71498.64000000,71666.00000000,71386.00000000,71595.24000000,432.84579000,1780343999999,30960422.96155000,118336,244.31077000,17476085.87817470
1780344000000,2026-06-01 20:00:00,71595.24000000,71690.00000000,71419.64000000,71446.00000000,273.27230000,1780347599999,19561039.04806280,76533,127.60007000,9135318.30760890
1780347600000,2026-06-01 21:00:00,71445.99000000,71449.98000000,70941.95000000,71038.01000000,573.85796000,1780351199999,40832830.04478170,135860,211.62443000,15058629.52240800
1780351200000,2026-06-01 22:00:00,71038.01000000,71460.00000000,70840.90000000,71408.00000000,770.63523000,1780354799999,54832683.62373530,146370,505.42707000,35963361.33802970
1780354800000,2026-06-01 23:00:00,71407.99000000,71583.29000000,71225.29000000,71408.90000000,598.07789000,1780358399999,42717520.97932230,123353,316.37555000,22597902.77723160
1780358400000,2026-06-02 00:00:00,71408.90000000,71408.90000000,71100.00000000,71289.23000000,677.70318000,1780361999999,48290521.58829080,138047,312.27163000,22250693.48399660
1780362000000,2026-06-02 01:00:00,71289.24000000,71372.00000000,70607.57000000,70652.47000000,1034.85247000,1780365599999,73544439.10923310,181337,372.05887000,26455583.42533500
1780365600000,2026-06-02 02:00:00,70652.47000000,70880.63000000,70111.00000000,70846.49000000,1320.14440000,1780369199999,93038742.00402090,293161,607.81142000,42854153.34285590
1780369200000,2026-06-02 03:00:00,70846.48000000,71041.04000000,70806.00000000,70953.69000000,492.94753000,1780372799999,34976376.54796780,128447,267.17387000,18957336.44440730
1780372800000,2026-06-02 04:00:00,70953.70000000,71048.00000000,70713.54000000,70810.00000000,489.36754000,1780376399999,34699502.54250130,128104,225.20556000,15971193.89748940
1780376400000,2026-06-02 05:00:00,70810.00000000,70847.66000000,70267.79000000,70268.96000000,832.11781000,1780379999999,58700936.70629790,190479,337.33120000,23804830.04505530
1780380000000,2026-06-02 06:00:00,70268.97000000,70442.00000000,69958.49000000,70106.31000000,1507.14949000,1780383599999,105777563.27293690,207385,716.09584000,50286020.71074320
1780383600000,2026-06-02 07:00:00,70106.31000000,70275.86000000,69733.00000000,70118.42000000,1388.79813000,1780387199999,97246150.71671100,228069,720.27097000,50456307.23734010
1780387200000,2026-06-02 08:00:00,70118.42000000,70172.00000000,69705.30000000,69821.99000000,944.64990000,1780390799999,66060436.69948100,183520,358.86020000,25103470.92422170
1780390800000,2026-06-02 09:00:00,69822.00000000,69849.00000000,69324.65000000,69426.01000000,1499.21853000,1780394399999,104249429.91323710,238137,652.61985000,45377344.99852230
1780394400000,2026-06-02 10:00:00,69426.01000000,69756.00000000,69336.98000000,69652.19000000,904.86792000,1780397999999,62935960.00194360,171383,529.40233000,36822998.40623330
1780398000000,2026-06-02 11:00:00,69652.18000000,69659.47000000,69397.83000000,69461.72000000,417.59402000,1780401599999,29029398.11447730,117474,209.83734000,14586545.99909940
1780401600000,2026-06-02 12:00:00,69461.73000000,69548.13000000,68989.61000000,69010.42000000,1382.26152000,1780405199999,95697775.62945730,228331,567.21275000,39270606.06165550
1780405200000,2026-06-02 13:00:00,69010.41000000,69180.00000000,68757.03000000,68811.91000000,1762.82906000,1780408799999,121564899.03849910,335259,892.24812000,61537536.71079470
1780408800000,2026-06-02 14:00:00,68809.93000000,68836.00000000,67617.85000000,68019.30000000,3845.79627000,1780412399999,262216636.17359630,566846,1780.21368000,121397635.91824840
1780412400000,2026-06-02 15:00:00,68019.30000000,68094.60000000,67076.00000000,67304.28000000,2543.79469000,1780415999999,171706105.63756620,466661,1130.70487000,76313147.89105980
1780416000000,2026-06-02 16:00:00,67304.29000000,68146.30000000,67228.45000000,67413.44000000,1789.92962000,1780419599999,121267557.32085520,349789,905.81839000,61388383.66926490
1780419600000,2026-06-02 17:00:00,67413.44000000,67837.53000000,67378.00000000,67492.34000000,905.89150000,1780423199999,61194529.83828170,241358,543.91020000,36739790.31755730
1780423200000,2026-06-02 18:00:00,67492.34000000,67661.70000000,67124.20000000,67341.99000000,926.14597000,1780426799999,62413180.66343920,217090,466.20243000,31422201.18400350
1780426800000,2026-06-02 19:00:00,67341.99000000,67498.00000000,66432.00000000,67315.14000000,2333.17121000,1780430399999,156173990.08890560,336468,1008.48076000,67585495.02425020
1780430400000,2026-06-02 20:00:00,67315.14000000,67689.65000000,66911.20000000,67587.77000000,1637.61606000,1780433999999,110197139.94067860,300495,1024.84275000,68972793.96362020
1780434000000,2026-06-02 21:00:00,67587.78000000,67923.24000000,67412.00000000,67566.01000000,765.53933000,1780437599999,51820125.86196510,206967,351.19712000,23775320.07663210
1780437600000,2026-06-02 22:00:00,67566.01000000,67566.01000000,66244.02000000,66385.20000000,1856.41667000,1780441199999,124178434.00582420,413780,846.48509000,56620163.60643680
1780441200000,2026-06-02 23:00:00,66385.20000000,66868.62000000,66193.00000000,66760.83000000,1599.39304000,1780444799999,106368746.56696080,382090,849.23626000,56492928.50690960
1780444800000,2026-06-03 00:00:00,66760.84000000,67204.15000000,66654.00000000,66938.01000000,1238.50805000,1780448399999,82902530.97143820,290155,647.17649000,43326980.40054540
1780448400000,2026-06-03 01:00:00,66938.01000000,67050.00000000,66472.65000000,66920.00000000,973.29949000,1780451999999,64973245.61210010,217198,545.84661000,36423347.78214400
1780452000000,2026-06-03 02:00:00,66920.00000000,66920.01000000,66586.17000000,66620.01000000,773.38787000,1780455599999,51659618.77823720,173133,409.77353000,27380976.78669160
1780455600000,2026-06-03 03:00:00,66620.00000000,66653.67000000,65426.34000000,65849.90000000,2891.72624000,1780459199999,190738588.55879710,395531,1062.50301000,70110405.58298150
1780459200000,2026-06-03 04:00:00,65849.90000000,66623.44000000,65834.00000000,66465.98000000,1263.85794000,1780462799999,83884380.68260570,267896,754.42951000,50065381.25136200
1780462800000,2026-06-03 05:00:00,66465.99000000,67398.28000000,66465.99000000,67330.01000000,1773.95829000,1780466399999,118941770.99273100,323804,1035.96972000,69446637.32833030
1780466400000,2026-06-03 06:00:00,67330.00000000,67516.00000000,66962.95000000,66983.27000000,1658.04956000,1780469999999,111530428.28841410,237693,796.47083000,53582770.01788170
1780470000000,2026-06-03 07:00:00,66983.27000000,67334.40000000,66872.01000000,67220.03000000,1003.46306000,1780473599999,67424615.64090380,165029,677.82512000,45546833.43239600
1780473600000,2026-06-03 08:00:00,67220.03000000,67264.34000000,66974.00000000,67028.00000000,1273.47385000,1780477199999,85463961.18035120,199455,743.31210000,49888405.77326790
1780477200000,2026-06-03 09:00:00,67028.01000000,67322.00000000,66656.48000000,67075.17000000,1438.06157000,1780480799999,96299912.37154190,225394,735.93365000,49279710.57818610
1780480800000,2026-06-03 10:00:00,67075.18000000,67476.69000000,67068.51000000,67294.52000000,639.46259000,1780484399999,43025500.98629620,192758,339.92138000,22872036.67926820
1780484400000,2026-06-03 11:00:00,67294.51000000,67366.82000000,67056.58000000,67067.37000000,489.69833000,1780487999999,32917335.45347640,119472,239.77905000,16119224.36564740
1780488000000,2026-06-03 12:00:00,67067.37000000,67163.82000000,66782.65000000,67078.72000000,856.74966000,1780491599999,57392812.79122550,221072,457.41773000,30643752.20497250
1780491600000,2026-06-03 13:00:00,67078.72000000,67244.62000000,66635.00000000,66906.01000000,1223.17247000,1780495199999,81864754.81043160,405468,561.81410000,37613016.39557070
1780495200000,2026-06-03 14:00:00,66906.00000000,66990.66000000,66643.96000000,66864.95000000,936.44379000,1780498799999,62556173.71992790,369189,442.26451000,29547629.46965090
1780498800000,2026-06-03 15:00:00,66864.95000000,66898.00000000,66076.00000000,66076.01000000,1521.34921000,1780502399999,101047974.75278950,394917,723.10751000,48030833.54625960
1780502400000,2026-06-03 16:00:00,66076.01000000,66373.18000000,65555.00000000,66061.83000000,1633.14277000,1780505999999,107644105.40826090,414723,776.94128000,51220543.02147030
1780506000000,2026-06-03 17:00:00,66061.83000000,66189.80000000,65704.80000000,65964.08000000,810.29365000,1780509599999,53425313.12571780,262687,363.06006000,23936764.29124720
1780509600000,2026-06-03 18:00:00,65964.08000000,66161.24000000,65744.01000000,66036.57000000,600.59221000,1780513199999,39617185.24372140,194078,289.17756000,19079352.05991910
1780513200000,2026-06-03 19:00:00,66036.56000000,66054.00000000,65251.00000000,65462.00000000,1198.70968000,1780516799999,78715853.56029460,238378,494.76260000,32514786.71231330
1780516800000,2026-06-03 20:00:00,65461.99000000,65614.74000000,64766.00000000,65007.27000000,1892.05101000,1780520399999,123226597.73116170,321737,578.18396000,37679326.44323330
1780520400000,2026-06-03 21:00:00,65007.27000000,65860.00000000,64960.87000000,65768.88000000,1254.10382000,1780523999999,82204737.19101110,290913,727.18782000,47676161.24717490
1780524000000,2026-06-03 22:00:00,65768.89000000,65841.23000000,64778.15000000,64912.98000000,974.52056000,1780527599999,63543702.27033440,383759,418.19109000,27266581.40966410
1780527600000,2026-06-03 23:00:00,64912.97000000,64979.99000000,64092.49000000,64142.75000000,1820.23083000,1780531199999,117348881.77117450,371919,746.24650000,48116140.76718820
1780531200000,2026-06-04 00:00:00,64142.75000000,64428.00000000,63000.00000000,63344.97000000,3512.79677000,1780534799999,223539486.90795940,657007,1365.37559000,86900502.78372740
1780534800000,2026-06-04 01:00:00,63344.98000000,63500.00000000,62100.01000000,62178.10000000,4759.04130000,1780538399999,298672788.99917390,774415,1912.70203000,120109494.65531110
1780538400000,2026-06-04 02:00:00,62178.10000000,63622.70000000,61383.56000000,63231.99000000,6283.29826000,1780541999999,393116900.09913970,644675,2506.31700000,156881008.54772690
1780542000000,2026-06-04 03:00:00,63232.00000000,64540.30000000,63218.48000000,64363.49000000,2402.09774000,1780545599999,153935920.35311260,334828,1332.30721000,85360342.12499680
1780545600000,2026-06-04 04:00:00,64363.49000000,64764.32000000,64265.73000000,64399.99000000,1421.62502000,1780549199999,91700026.17797370,245338,650.48720000,41963718.10993640
1780549200000,2026-06-04 05:00:00,64399.99000000,64400.00000000,63648.01000000,63955.47000000,1272.84935000,1780552799999,81463803.94398600,308518,536.90938000,34365486.10080520
1780552800000,2026-06-04 06:00:00,63955.48000000,64481.22000000,63892.00000000,64027.99000000,802.33437000,1780556399999,51526089.21219480,220866,392.49172000,25212099.77484480
1780556400000,2026-06-04 07:00:00,64027.99000000,64062.81000000,63492.89000000,63603.15000000,1503.87893000,1780559999999,95901942.41149310,261823,811.60247000,51773337.70852240
1780560000000,2026-06-04 08:00:00,63603.15000000,63904.63000000,63245.90000000,63629.99000000,1570.23316000,1780563599999,99743799.45858650,389108,784.43787000,49839756.20873790
1780563600000,2026-06-04 09:00:00,63629.99000000,63644.00000000,62703.33000000,63266.00000000,2329.32820000,1780567199999,146798441.32886540,483870,998.51119000,62919094.55356410
1780567200000,2026-06-04 10:00:00,63266.01000000,63276.00000000,62301.21000000,62420.00000000,3046.35677000,1780570799999,190882975.38080690,469476,1437.67041000,90040552.66211610
1780570800000,2026-06-04 11:00:00,62420.01000000,62833.82000000,62205.00000000,62545.99000000,1649.57305000,1780574399999,103042591.48385420,356501,961.46961000,60073207.58648470
1780574400000,2026-06-04 12:00:00,62546.00000000,63966.48000000,62392.00000000,63766.82000000,1740.31399000,1780577999999,110086882.33796700,474573,957.63903000,60592586.54730120
1780578000000,2026-06-04 13:00:00,63766.82000000,64244.00000000,63068.41000000,64230.00000000,2087.69891000,1780581599999,133110222.12784410,579230,1100.83131000,70222061.37615220
1780581600000,2026-06-04 14:00:00,64230.00000000,64494.92000000,63785.33000000,63958.97000000,1314.77170000,1780585199999,84348964.01491790,452636,575.20709000,36908972.93111910
1780585200000,2026-06-04 15:00:00,63958.97000000,64404.00000000,63691.70000000,63896.17000000,1043.20477000,1780588799999,66779419.71537060,325242,551.46761000,35304580.40018050
1780588800000,2026-06-04 16:00:00,63896.16000000,63920.00000000,63456.00000000,63563.51000000,778.58090000,1780592399999,49600682.16752660,273524,404.54113000,25773740.14783300
1780592400000,2026-06-04 17:00:00,63563.51000000,63722.00000000,62944.91000000,63540.97000000,1048.08269000,1780595999999,66347416.37761400,309779,554.19647000,35099478.33143520
1780596000000,2026-06-04 18:00:00,63540.96000000,64110.28000000,63149.76000000,63819.62000000,1198.01807000,1780599599999,76376267.53093660,316109,652.31916000,41592490.08813910
1780599600000,2026-06-04 19:00:00,63819.62000000,64163.93000000,63544.00000000,63629.38000000,699.04403000,1780603199999,44618234.65949890,255891,326.24893000,20832140.29131960
1780603200000,2026-06-04 20:00:00,63629.38000000,63653.20000000,63182.84000000,63638.40000000,753.64631000,1780606799999,47801676.68911360,219302,287.96904000,18268440.90779290
1780606800000,2026-06-04 21:00:00,63638.40000000,63876.00000000,63106.04000000,63286.21000000,982.36997000,1780610399999,62443470.61121180,220331,352.61124000,22403307.28469560
1780610400000,2026-06-04 22:00:00,63286.21000000,63772.00000000,63194.00000000,63735.43000000,816.54763000,1780613999999,51772911.35604550,310645,404.79047000,25676178.48573140
1780614000000,2026-06-04 23:00:00,63735.42000000,63918.00000000,63376.00000000,63885.99000000,561.48382000,1780617599999,35738820.14419040,174289,314.72188000,20029287.41835600
1780617600000,2026-06-05 00:00:00,63885.99000000,63978.00000000,63396.57000000,63426.72000000,799.55012000,1780621199999,50959950.81590220,262504,409.45563000,26099362.56243320
1780621200000,2026-06-05 01:00:00,63426.73000000,63566.00000000,63052.00000000,63374.67000000,974.10885000,1780624799999,61665732.65057290,309168,429.66515000,27202821.24726410
1780624800000,2026-06-05 02:00:00,63374.67000000,63436.00000000,62588.77000000,62617.72000000,1167.70132000,1780628399999,73459108.15920930,339982,476.47886000,29966616.68092930
1780628400000,2026-06-05 03:00:00,62617.72000000,62888.00000000,62339.00000000,62730.00000000,1221.63780000,1780631999999,76451218.51527580,314333,552.24813000,34578953.24420430
1780632000000,2026-06-05 04:00:00,62730.00000000,63646.00000000,62487.24000000,63615.23000000,1133.49083000,1780635599999,71447182.06205540,311672,631.18575000,39817058.23435160
1780635600000,2026-06-05 05:00:00,63615.22000000,63688.00000000,62278.00000000,62329.35000000,1503.31179000,1780639199999,94791318.91841540,371814,639.65113000,40394726.25776100
1780639200000,2026-06-05 06:00:00,62329.36000000,62634.53000000,61126.01000000,61946.57000000,5277.47749000,1780642799999,326445236.07337460,937737,2221.98790000,137493358.37709840
1780642800000,2026-06-05 07:00:00,61946.57000000,63116.00000000,61378.38000000,63115.99000000,2819.14343000,1780646399999,175692660.01139540,649312,1544.35945000,96319558.99054100
1780646400000,2026-06-05 08:00:00,63115.99000000,63120.98000000,62288.88000000,62454.64000000,1381.33567000,1780649999999,86630721.73657420,301884,722.36505000,45305172.44794760
1780650000000,2026-06-05 09:00:00,62454.64000000,63259.90000000,62442.00000000,62860.09000000,970.25310000,1780653599999,61037380.26106200,314276,525.68255000,33077257.89003230
1780653600000,2026-06-05 10:00:00,62860.09000000,62931.81000000,62375.00000000,62536.87000000,753.84533000,1780657199999,47205164.11119010,226776,353.62080000,22145942.37016830
1780657200000,2026-06-05 11:00:00,62536.87000000,62644.48000000,61964.98000000,61964.99000000,1191.72996000,1780660799999,74237726.04785410,299452,498.60284000,31058367.12847560
1780660800000,2026-06-05 12:00:00,61964.99000000,62457.86000000,61620.47000000,61959.73000000,1931.26312000,1780664399999,119791043.19202030,479356,843.12463000,52310825.19897580
1780664400000,2026-06-05 13:00:00,61959.72000000,62326.00000000,60732.35000000,60732.36000000,3644.72891000,1780667999999,224509227.64249090,643094,1472.08818000,90864574.47268070
1780668000000,2026-06-05 14:00:00,60732.36000000,61227.98000000,60334.97000000,60868.97000000,4753.25938000,1780671599999,288847723.24928670,888916,1978.64111000,120277796.36638350
1780671600000,2026-06-05 15:00:00,60868.98000000,61126.00000000,60000.00000000,60438.01000000,4471.76201000,1780675199999,270181441.86648240,668473,1614.73604000,97714520.16046210
1780675200000,2026-06-05 16:00:00,60438.00000000,61547.24000000,59786.00000000,61394.39000000,5595.70288000,1780678799999,339070326.42463160,860286,2629.03788000,159518899.59388340
1780678800000,2026-06-05 17:00:00,61394.38000000,61508.85000000,60660.00000000,60813.99000000,1735.74281000,1780682399999,105839280.61398770,449980,808.77401000,49308739.71249290
1780682400000,2026-06-05 18:00:00,60814.00000000,60950.00000000,59141.00000000,59395.99000000,3853.37743000,1780685999999,230774891.75864800,650178,1610.93877000,96562253.86384910
1780686000000,2026-06-05 19:00:00,59396.00000000,60459.41000000,59130.91000000,60300.24000000,2562.76919000,1780689599999,152963862.68007270,720293,1233.61478000,73644126.68136050
1780689600000,2026-06-05 20:00:00,60300.24000000,61787.01000000,59940.01000000,61620.01000000,2519.32621000,1780693199999,153695098.68825110,535708,1375.41885000,83922486.21294890
1780693200000,2026-06-05 21:00:00,61620.01000000,62000.00000000,61444.20000000,61670.38000000,1754.60125000,1780696799999,108375209.99554070,345414,890.47586000,55008994.83394740
1780696800000,2026-06-05 22:00:00,61670.38000000,61966.00000000,61207.82000000,61584.49000000,1799.61028000,1780700399999,110905267.43115940,446398,894.50739000,55137421.47353610
1780700400000,2026-06-05 23:00:00,61584.49000000,61776.00000000,60518.00000000,61056.47000000,1211.55891000,1780703999999,74044977.59787510,331850,522.85701000,31952237.46827310
1780704000000,2026-06-06 00:00:00,61056.47000000,61530.05000000,61045.01000000,61273.29000000,769.28059000,1780707599999,47157764.60741380,262884,413.16170000,25328561.36606120
1780707600000,2026-06-06 01:00:00,61273.29000000,61380.00000000,60954.36000000,61058.95000000,701.07746000,1780711199999,42876204.40234130,201383,333.57056000,20398792.27858050
1780711200000,2026-06-06 02:00:00,61058.95000000,61176.00000000,60678.00000000,60951.64000000,778.33004000,1780714799999,47425204.58748680,249099,360.22038000,21952129.72064100
1780714800000,2026-06-06 03:00:00,60951.63000000,60966.86000000,60520.00000000,60687.04000000,696.39105000,1780718399999,42303050.07317680,259886,344.21253000,20912028.08258080
1780718400000,2026-06-06 04:00:00,60687.05000000,60866.00000000,59500.00000000,60101.27000000,2161.93035000,1780721999999,129778892.47126420,559699,941.84277000,56525579.32245730
1780722000000,2026-06-06 05:00:00,60101.28000000,61062.00000000,59621.22000000,60942.38000000,2141.23088000,1780725599999,129571417.79387750,489862,1272.48955000,77021257.77476920
1780725600000,2026-06-06 06:00:00,60942.37000000,61276.95000000,60681.00000000,60786.96000000,2095.10137000,1780729199999,127888304.30455680,355492,675.36328000,41229186.84567630
1780729200000,2026-06-06 07:00:00,60786.96000000,61229.17000000,60733.14000000,61004.95000000,664.31126000,1780732799999,40517501.26289790,162044,349.88929000,21342144.18302020
1780732800000,2026-06-06 08:00:00,61004.95000000,61500.00000000,60884.00000000,61264.00000000,724.69988000,1780736399999,44393604.96271660,195050,426.94840000,26157292.12887320
1780736400000,2026-06-06 09:00:00,61264.00000000,61322.00000000,60875.55000000,60981.24000000,580.05282000,1780739999999,35469763.88744550,186268,249.27770000,15244758.83580910
1780740000000,2026-06-06 10:00:00,60981.24000000,60981.24000000,60198.00000000,60593.00000000,1404.76206000,1780743599999,85037480.63702630,282578,538.03433000,32554485.37768990
1780743600000,2026-06-06 11:00:00,60593.00000000,60968.00000000,60552.95000000,60802.91000000,764.04290000,1780747199999,46432391.54154900,153771,433.42074000,26342079.76043840
1780747200000,2026-06-06 12:00:00,60802.90000000,61185.26000000,60641.20000000,61030.63000000,669.86406000,1780750799999,40816040.70617990,182548,344.99195000,21025251.62454460
1780750800000,2026-06-06 13:00:00,61030.63000000,61100.00000000,60701.41000000,60801.20000000,565.41708000,1780754399999,34418355.05503830,164634,282.92573000,17224058.58219800
1780754400000,2026-06-06 14:00:00,60801.20000000,61016.00000000,60768.00000000,60791.05000000,409.85585000,1780757999999,24967186.05391720,161753,228.29059000,13908073.46292480
1780758000000,2026-06-06 15:00:00,60791.06000000,60929.20000000,60396.00000000,60784.00000000,646.35820000,1780761599999,39215430.45731350,208625,318.63928000,19336486.37879530
1780761600000,2026-06-06 16:00:00,60784.01000000,60971.24000000,60466.56000000,60774.00000000,524.00441000,1780765199999,31822003.09244980,156734,260.51031000,15823347.90255190
1780765200000,2026-06-06 17:00:00,60774.00000000,60844.00000000,60501.00000000,60576.20000000,599.85374000,1780768799999,36390952.70586900,131616,293.30339000,17800883.06329460
1780768800000,2026-06-06 18:00:00,60576.19000000,60754.74000000,60393.96000000,60637.21000000,975.00187000,1780772399999,59028921.94874500,152989,334.49018000,20259397.17989990
1780772400000,2026-06-06 19:00:00,60637.20000000,60786.00000000,60536.00000000,60600.01000000,348.13504000,1780775999999,21117755.82947920,93283,191.15090000,11595650.00169020
1780776000000,2026-06-06 20:00:00,60600.00000000,60756.00000000,60522.00000000,60711.69000000,328.01265000,1780779599999,19892131.61025740,93344,174.10774000,10558323.95502310
1780779600000,2026-06-06 21:00:00,60711.69000000,61000.00000000,60707.93000000,60751.21000000,311.33205000,1780783199999,18946663.73019660,81069,170.23082000,10359467.17323410
1780783200000,2026-06-06 22:00:00,60751.22000000,60818.00000000,60429.09000000,60543.53000000,374.15284000,1780786799999,22678856.74108320,129075,161.66544000,9800128.81603090
1780786800000,2026-06-06 23:00:00,60543.52000000,60942.75000000,60543.52000000,60884.62000000,562.39032000,1780790399999,34180080.00595190,87188,374.82165000,22781822.07431140
1780790400000,2026-06-07 00:00:00,60884.62000000,60987.99000000,60746.00000000,60782.01000000,680.45460000,1780793999999,41398475.68949410,116879,291.52737000,17733843.86762350
1780794000000,2026-06-07 01:00:00,60782.00000000,61664.13000000,60758.00000000,61479.75000000,1285.56920000,1780797599999,78921951.65595300,273041,759.48380000,46612346.41731770
1780797600000,2026-06-07 02:00:00,61479.75000000,61568.00000000,61184.00000000,61506.74000000,523.36778000,1780801199999,32126534.23758310,166180,270.66217000,16619103.52836200
1780801200000,2026-06-07 03:00:00,61506.73000000,61778.33000000,61416.10000000,61701.07000000,469.79753000,1780804799999,28938754.62001760,153448,252.96630000,15583272.37965300
1780804800000,2026-06-07 04:00:00,61701.06000000,61907.07000000,61482.46000000,61890.92000000,486.27163000,1780808399999,30005048.55955700,139984,262.21454000,16182343.23185910
1780808400000,2026-06-07 05:00:00,61890.92000000,62159.00000000,61647.00000000,61748.10000000,1139.66042000,1780811999999,70486387.65680810,212941,553.83096000,34256500.75532240
1780812000000,2026-06-07 06:00:00,61748.11000000,62272.00000000,61619.40000000,62101.00000000,1749.12210000,1780815599999,108477634.80722260,241732,760.26211000,47131570.45800610
1780815600000,2026-06-07 07:00:00,62101.01000000,62416.26000000,61983.46000000,62404.73000000,1528.14980000,1780819199999,95053999.14580060,145369,876.45284000,54515463.32209130
1780819200000,2026-06-07 08:00:00,62404.72000000,62960.00000000,62259.37000000,62855.01000000,2005.84536000,1780822799999,125515982.74081500,239847,1362.85685000,85258401.17061490
1780822800000,2026-06-07 09:00:00,62855.00000000,62900.00000000,62374.63000000,62530.00000000,1248.75300000,1780826399999,78244437.25224110,183125,629.18438000,39440216.64342600
1780826400000,2026-06-07 10:00:00,62530.00000000,62570.31000000,62298.39000000,62370.52000000,674.16526000,1780829999999,42079981.75609120,161858,329.82054000,20586642.53760300
1780830000000,2026-06-07 11:00:00,62370.53000000,62754.45000000,62359.44000000,62621.96000000,794.29873000,1780833599999,49719903.32954360,140528,350.54439000,21931503.04992940
1780833600000,2026-06-07 12:00:00,62621.97000000,62643.97000000,61577.12000000,61900.67000000,1957.06740000,1780837199999,121327041.84962930,369382,714.25220000,44267042.97132280
1780837200000,2026-06-07 13:00:00,61900.66000000,61907.64000000,61649.12000000,61700.13000000,1146.18923000,1780840799999,70781943.08631060,191481,427.15167000,26378886.44609660
1780840800000,2026-06-07 14:00:00,61700.14000000,62312.67000000,61696.98000000,61905.49000000,923.54392000,1780844399999,57242663.23765730,209392,416.47785000,25815601.58863150
1780844400000,2026-06-07 15:00:00,61905.49000000,62219.92000000,61674.51000000,62093.99000000,527.33835000,1780847999999,32663590.98650870,177488,296.69553000,18380722.67433030
1780848000000,2026-06-07 16:00:00,62093.99000000,62332.00000000,61966.00000000,62083.64000000,482.96030000,1780851599999,30014811.55165670,165862,242.30617000,15064238.84479390
1780851600000,2026-06-07 17:00:00,62083.64000000,62330.00000000,62046.62000000,62160.01000000,573.97699000,1780855199999,35729596.44383000,138264,249.37115000,15522068.96770580
1780855200000,2026-06-07 18:00:00,62160.01000000,62296.00000000,62022.00000000,62030.14000000,373.61361000,1780858799999,23232241.91889260,84383,105.73879000,6574940.25764150
1780858800000,2026-06-07 19:00:00,62030.15000000,62036.78000000,61184.00000000,61328.00000000,1046.65633000,1780862399999,64344720.42819120,239211,441.33055000,27124097.12318590
1780862400000,2026-06-07 20:00:00,61327.99000000,61962.47000000,61217.17000000,61878.01000000,569.10903000,1780865999999,35058253.40456120,145351,257.05025000,15851227.59815530
1780866000000,2026-06-07 21:00:00,61878.00000000,62017.71000000,61652.01000000,61778.41000000,374.19369000,1780869599999,23121476.28770540,116992,188.98632000,11678292.81432290
1780869600000,2026-06-07 22:00:00,61778.42000000,64234.68000000,61728.11000000,62865.87000000,4892.75492000,1780873199999,308953779.24991600,514549,3375.27829000,213110973.78560700
1780873200000,2026-06-07 23:00:00,62865.87000000,63444.11000000,62803.42000000,63332.01000000,1159.24525000,1780876799999,73211562.91772200,225174,741.86565000,46871417.14287350
1780876800000,2026-06-08 00:00:00,63332.01000000,63863.06000000,63138.37000000,63631.42000000,1255.61981000,1780880399999,79789265.46824410,290444,759.00472000,48262465.01370340
1780880400000,2026-06-08 01:00:00,63631.43000000,63643.99000000,62720.86000000,63211.41000000,1129.10442000,1780883999999,71231509.04406870,337355,499.69636000,31530783.46821670
1780884000000,2026-06-08 02:00:00,63211.41000000,63260.00000000,62918.00000000,63129.93000000,502.88284000,1780887599999,31716610.86737220,178720,244.58529000,15426923.35974340
1780887600000,2026-06-08 03:00:00,63129.94000000,63458.00000000,62978.36000000,63130.12000000,427.85473000,1780891199999,27038633.75963400,144708,206.98744000,13082434.73741120
1780891200000,2026-06-08 04:00:00,63130.12000000,63171.10000000,62657.07000000,62684.61000000,553.63898000,1780894799999,34807091.32065330,168596,215.72755000,13564721.00208720
1780894800000,2026-06-08 05:00:00,62684.61000000,62825.27000000,62408.00000000,62764.00000000,674.10723000,1780898399999,42212859.32664010,205058,329.96929000,20666660.27452520
1780898400000,2026-06-08 06:00:00,62763.99000000,63144.00000000,62734.00000000,62988.03000000,629.53051000,1780901999999,39651240.87756100,179806,314.70554000,19819743.97566290
1780902000000,2026-06-08 07:00:00,62988.58000000,63350.00000000,62812.00000000,63283.99000000,976.90780000,1780905599999,61684537.63033220,193066,486.11500000,30710324.08455080
1780905600000,2026-06-08 08:00:00,63284.00000000,63284.00000000,62992.01000000,63132.83000000,490.75057000,1780909199999,30981265.20672740,161200,234.43168000,14799971.36619730
1780909200000,2026-06-08 09:00:00,63132.84000000,63577.86000000,63128.47000000,63502.00000000,706.93226000,1780912799999,44805736.13642690,177936,340.83879000,21607143.63247520
1780912800000,2026-06-08 10:00:00,63501.99000000,63568.19000000,63096.88000000,63172.30000000,982.67290000,1780916399999,62183375.73229610,155339,470.34676000,29776624.44587870
1780916400000,2026-06-08 11:00:00,63172.30000000,63873.08000000,63058.00000000,63479.61000000,1572.11873000,1780919999999,99898294.13578590,235680,884.78118000,56229038.60582800
1780920000000,2026-06-08 12:00:00,63479.62000000,63933.18000000,62718.30000000,63872.00000000,2589.09295000,1780923599999,163972599.76269110,363466,1224.27536000,77611857.24801990
1780923600000,2026-06-08 13:00:00,63872.00000000,63943.56000000,63362.10000000,63758.00000000,1304.57724000,1780927199999,83076885.84225980,350706,619.28824000,39439122.66279120
1780927200000,2026-06-08 14:00:00,63758.00000000,64077.57000000,63560.68000000,63964.08000000,1937.84618000,1780930799999,123755240.61848230,310171,946.82105000,60491759.79457530
1780930800000,2026-06-08 15:00:00,63964.07000000,64200.00000000,63711.00000000,63774.48000000,2295.29096000,1780934399999,146907022.14517960,292588,1157.15367000,74099244.38361210
1780934400000,2026-06-08 16:00:00,63774.48000000,64046.86000000,63472.00000000,63532.01000000,873.93622000,1780937999999,55729307.94013650,175875,387.66477000,24725834.05149090
1780938000000,2026-06-08 17:00:00,63532.01000000,63646.00000000,63268.01000000,63550.00000000,1044.76064000,1780941599999,66243142.63506130,185947,575.91353000,36516082.55723920
1780941600000,2026-06-08 18:00:00,63549.99000000,63690.00000000,63339.98000000,63466.83000000,414.77155000,1780945199999,26350288.68937330,132101,204.74532000,13009510.68189020
1780945200000,2026-06-08 19:00:00,63466.83000000,63596.00000000,63356.00000000,63372.01000000,379.67287000,1780948799999,24098909.06998790,129151,191.12184000,12130837.89019400
1780948800000,2026-06-08 20:00:00,63372.01000000,63485.49000000,63160.31000000,63485.49000000,793.95609000,1780952399999,50242774.07929680,108790,278.99432000,17662938.36418520
1780952400000,2026-06-08 21:00:00,63485.49000000,63850.00000000,63483.41000000,63728.96000000,413.19539000,1780955999999,26325604.47749750,111960,206.17534000,13132410.62099110
1780956000000,2026-06-08 22:00:00,63728.96000000,63728.96000000,63210.00000000,63440.01000000,571.04903000,1780959599999,36194432.83211430,141899,235.27762000,14909599.26054650
1780959600000,2026-06-08 23:00:00,63440.00000000,63594.00000000,62978.66000000,63085.99000000,533.11634000,1780963199999,33666659.15339800,157002,213.37540000,13478470.58356680
1780963200000,2026-06-09 00:00:00,63086.00000000,63184.00000000,62423.07000000,62562.00000000,1868.43384000,1780966799999,117156447.49665340,276045,833.11767000,52218801.46303740
1780966800000,2026-06-09 01:00:00,62562.00000000,62879.10000000,62546.62000000,62764.01000000,752.22836000,1780970399999,47191273.80541470,173486,438.85023000,27528244.23373770
1780970400000,2026-06-09 02:00:00,62764.00000000,62874.00000000,62544.11000000,62868.00000000,357.79841000,1780973999999,22443215.21867210,138521,193.90029000,12163637.53754140
1780974000000,2026-06-09 03:00:00,62867.99000000,62979.94000000,62702.00000000,62875.17000000,780.82683000,1780977599999,49074911.63212470,112714,542.04041000,34065556.35825410
1780977600000,2026-06-09 04:00:00,62875.18000000,63424.00000000,62748.00000000,63242.36000000,1115.32376000,1780981199999,70366227.24388960,177848,647.60882000,40860499.48985900
1780981200000,2026-06-09 05:00:00,63242.36000000,63526.01000000,63120.24000000,63338.68000000,946.88593000,1780984799999,59996385.98612730,161525,328.67179000,20822752.91397230
1780984800000,2026-06-09 06:00:00,63338.69000000,63506.00000000,63230.00000000,63300.00000000,975.96129000,1780988399999,61841472.68150000,108048,515.97252000,32693942.51416110
1780988400000,2026-06-09 07:00:00,63300.00000000,63443.60000000,63012.00000000,63198.44000000,669.83742000,1780991999999,42331579.16106760,104007,299.18423000,18907388.55574290
1780992000000,2026-06-09 08:00:00,63198.44000000,63208.86000000,62769.52000000,62849.75000000,844.01531000,1780995599999,53102853.41445290,128341,289.55080000,18215571.47800890
1780995600000,2026-06-09 09:00:00,62849.75000000,62944.43000000,62590.00000000,62715.37000000,709.25840000,1780999199999,44513971.46494490,116227,301.26548000,18911573.85028420
1780999200000,2026-06-09 10:00:00,62715.37000000,62835.37000000,62596.00000000,62786.01000000,503.06926000,1781002799999,31552774.81577470,113049,275.81226000,17299478.89059240
1781002800000,2026-06-09 11:00:00,62786.00000000,62818.00000000,62498.75000000,62711.12000000,472.29218000,1781006399999,29572623.30846170,107433,219.99848000,13778171.06109170
1781006400000,2026-06-09 12:00:00,62711.12000000,62895.18000000,62421.24000000,62645.15000000,693.60370000,1781009999999,43439962.08439470,144435,333.54435000,20900026.89385410
1781010000000,2026-06-09 13:00:00,62645.14000000,62738.00000000,62140.00000000,62273.61000000,1172.01624000,1781013599999,73117403.68778600,280196,509.12594000,31762085.63248190
1781013600000,2026-06-09 14:00:00,62273.62000000,62395.01000000,61148.07000000,61541.95000000,2741.42922000,1781017199999,169097432.02479950,524581,1159.85666000,71498615.47122250
1781017200000,2026-06-09 15:00:00,61541.95000000,61706.86000000,61037.00000000,61131.84000000,1576.39840000,1781020799999,96762954.76833580,311324,791.57124000,48602574.68801630
1781020800000,2026-06-09 16:00:00,61131.85000000,61484.67000000,60780.00000000,61390.51000000,2117.17514000,1781024399999,129319860.74570940,422755,971.22265000,59365414.59603150
1781024400000,2026-06-09 17:00:00,61390.51000000,61889.00000000,61390.51000000,61692.01000000,925.52892000,1781027999999,57085314.94475140,231711,559.26568000,34496587.91633420
1781028000000,2026-06-09 18:00:00,61692.01000000,61964.00000000,61602.00000000,61792.01000000,528.51144000,1781031599999,32643431.87588190,155907,242.69543000,14990256.28381050
1781031600000,2026-06-09 19:00:00,61792.00000000,62103.39000000,61722.00000000,62098.09000000,436.30940000,1781035199999,27004993.97944590,152652,243.43318000,15069383.49729460
1781035200000,2026-06-09 20:00:00,62098.09000000,62272.00000000,61954.39000000,62160.00000000,406.81988000,1781038799999,25259333.29093020,104463,199.41073000,12382960.02179650
1781038800000,2026-06-09 21:00:00,62159.99000000,62176.86000000,61698.00000000,61761.20000000,425.20913000,1781042399999,26330479.88124830,98020,175.72806000,10879600.97761130
1781042400000,2026-06-09 22:00:00,61761.21000000,61976.00000000,61666.66000000,61717.50000000,276.69194000,1781045999999,17102001.20629190,100574,136.62748000,8444947.15311050
1781046000000,2026-06-09 23:00:00,61717.50000000,61878.00000000,61556.00000000,61730.00000000,340.59519000,1781049599999,21015144.44368180,103470,148.78206000,9179268.06777980
1781049600000,2026-06-10 00:00:00,61730.00000000,61930.00000000,61440.00000000,61923.16000000,538.26750000,1781053199999,33215082.14371900,149535,234.18032000,14457750.80993380
1781053200000,2026-06-10 01:00:00,61923.16000000,61974.70000000,61590.00000000,61714.00000000,336.41204000,1781056799999,20788130.51202780,167866,149.90835000,9263128.20101110
1781056800000,2026-06-10 02:00:00,61714.00000000,61837.67000000,61235.29000000,61302.36000000,512.06602000,1781060399999,31468001.78130570,160933,196.27605000,12060617.77916490
1781060400000,2026-06-10 03:00:00,61302.37000000,61594.00000000,61286.00000000,61549.64000000,334.76343000,1781063999999,20574410.40021960,113873,165.37528000,10163608.03647590
1781064000000,2026-06-10 04:00:00,61549.64000000,61560.00000000,61182.65000000,61295.99000000,306.03442000,1781067599999,18773363.32985020,109000,118.38706000,7262803.12648400
1781067600000,2026-06-10 05:00:00,61296.00000000,61400.01000000,61080.00000000,61361.17000000,464.90737000,1781071199999,28464020.39269060,129241,235.17319000,14400400.69357000
1781071200000,2026-06-10 06:00:00,61361.17000000,61521.99000000,61145.50000000,61472.89000000,511.66925000,1781074799999,31403231.05065150,113954,275.38462000,16901614.03391320
1781074800000,2026-06-10 07:00:00,61472.89000000,61813.34000000,61440.00000000,61687.56000000,937.80783000,1781078399999,57843726.85810630,128325,461.00194000,28434874.13513700
1781078400000,2026-06-10 08:00:00,61687.56000000,61736.00000000,61168.00000000,61261.55000000,739.92297000,1781081999999,45489944.69605050,164382,297.24574000,18271859.91251510
1781082000000,2026-06-10 09:00:00,61261.56000000,61421.46000000,60755.00000000,61334.94000000,906.84186000,1781085599999,55419840.12065660,205181,354.71783000,21686363.57162990
1781085600000,2026-06-10 10:00:00,61334.95000000,61456.00000000,61151.40000000,61386.09000000,340.43647000,1781089199999,20868132.90346200,133306,193.08992000,11838266.62304310
1781089200000,2026-06-10 11:00:00,61386.09000000,61430.00000000,60867.19000000,61034.04000000,826.04256000,1781092799999,50445689.43705630,232732,325.85963000,19901485.93718780
1781092800000,2026-06-10 12:00:00,61034.04000000,61950.00000000,60960.00000000,61564.01000000,1340.16125000,1781096399999,82412266.10518370,289641,812.24756000,49950691.16189850
1781096400000,2026-06-10 13:00:00,61564.00000000,62446.00000000,61444.87000000,62146.42000000,1199.64944000,1781099999999,74339559.23938420,343786,626.08061000,38805129.33499190
1781100000000,2026-06-10 14:00:00,62146.43000000,62258.01000000,61814.79000000,62195.99000000,902.47236000,1781103599999,55954641.41617100,320240,418.97212000,25978629.79513350
1781103600000,2026-06-10 15:00:00,62195.99000000,62857.99000000,61852.00000000,62639.23000000,1341.51604000,1781107199999,83645759.24891360,381602,653.07530000,40728977.34205700
1781107200000,2026-06-10 16:00:00,62639.23000000,62646.00000000,61930.00000000,62219.33000000,748.11357000,1781110799999,46596753.59545470,280990,353.61796000,22022233.45102440
1781110800000,2026-06-10 17:00:00,62219.33000000,62360.00000000,61654.54000000,61969.99000000,885.28682000,1781114399999,54829915.75218470,264392,365.40790000,22634550.78629850
1781114400000,2026-06-10 18:00:00,61969.99000000,62162.90000000,61588.80000000,61882.00000000,641.17730000,1781117999999,39656137.94776270,198788,402.72882000,24903143.16758380
1781118000000,2026-06-10 19:00:00,61881.99000000,62062.98000000,61673.79000000,61942.44000000,400.79146000,1781121599999,24803678.85876540,155878,234.95488000,14543812.02177420
1781121600000,2026-06-10 20:00:00,61942.45000000,61949.21000000,61688.00000000,61805.51000000,307.34434000,1781125199999,19004068.59021800,122105,130.05567000,8041473.98763450
1781125200000,2026-06-10 21:00:00,61805.50000000,61805.51000000,61179.19000000,61356.18000000,571.34637000,1781128799999,35143383.01214350,169289,243.09349000,14952295.67382560
1781128800000,2026-06-10 22:00:00,61356.18000000,61574.00000000,61104.24000000,61381.46000000,578.03926000,1781132399999,35447831.34759450,192828,304.30725000,18665248.56737240
1781132400000,2026-06-10 23:00:00,61381.46000000,61604.00000000,61166.00000000,61510.99000000,327.64659000,1781135999999,20123314.84980260,127819,163.45342000,10039697.29261740
1781136000000,2026-06-11 00:00:00,61510.99000000,61974.70000000,61510.99000000,61812.00000000,597.44488000,1781139599999,36921271.55627590,162608,295.83726000,18281800.28617020
1781139600000,2026-06-11 01:00:00,61812.00000000,62378.00000000,61812.00000000,62206.01000000,839.43174000,1781143199999,52129027.58058120,155164,560.73093000,34798720.74327730
1781143200000,2026-06-11 02:00:00,62206.01000000,62304.00000000,61944.19000000,62148.00000000,429.18601000,1781146799999,26667696.31367170,123437,238.13812000,14799266.63641630
1781146800000,2026-06-11 03:00:00,62148.01000000,62848.00000000,62012.00000000,62689.48000000,986.08995000,1781150399999,61599150.34048200,168588,614.10526000,38363233.46531050
1781150400000,2026-06-11 04:00:00,62689.47000000,62854.00000000,62546.34000000,62726.86000000,589.32674000,1781153999999,36935231.08459890,138831,295.65525000,18528470.21507460
1781154000000,2026-06-11 05:00:00,62726.85000000,62726.86000000,62556.84000000,62610.00000000,295.46093000,1781157599999,18508352.93769340,96146,118.49387000,7422840.81477240
1781157600000,2026-06-11 06:00:00,62610.00000000,62997.53000000,62544.89000000,62772.00000000,1198.75098000,1781161199999,75354270.10480250,135123,465.21382000,29248040.86374710
1781161200000,2026-06-11 07:00:00,62772.01000000,62842.92000000,62612.01000000,62719.39000000,399.47563000,1781164799999,25049312.08879920,81303,151.64831000,9509259.75454340
1781164800000,2026-06-11 08:00:00,62719.39000000,63050.00000000,62719.38000000,62957.99000000,546.92925000,1781168399999,34412021.54908920,82404,346.23669000,21786637.46775380
1781168400000,2026-06-11 09:00:00,62958.00000000,62989.97000000,62790.00000000,62927.49000000,401.22464000,1781171999999,25231415.39811540,79248,222.39297000,13988046.30849140
1781172000000,2026-06-11 10:00:00,62927.49000000,63214.97000000,62789.62000000,63148.00000000,666.36315000,1781175599999,41978178.59428180,110926,393.07636000,24772208.65802280
1781175600000,2026-06-11 11:00:00,63148.00000000,63257.21000000,63040.01000000,63108.00000000,563.58106000,1781179199999,35591976.88709940,109845,316.34779000,19979166.61690960
1781179200000,2026-06-11 12:00:00,63108.01000000,63190.00000000,62500.00000000,63010.01000000,1835.01045000,1781182799999,115322800.46516790,267581,803.45646000,50501780.50668270
1781182800000,2026-06-11 13:00:00,63010.00000000,63239.43000000,62677.84000000,63077.57000000,1087.23984000,1781186399999,68446359.43527480,237108,539.23554000,33948509.68168280
1781186400000,2026-06-11 14:00:00,63077.71000000,63100.00000000,62732.60000000,62734.02000000,782.87001000,1781189999999,49249103.47294040,223011,304.00682000,19129876.26988380
1781190000000,2026-06-11 15:00:00,62734.02000000,62887.88000000,62518.10000000,62749.44000000,633.18968000,1781193599999,39708661.96756520,183221,298.41847000,18720728.16639240
1781193600000,2026-06-11 16:00:00,62749.44000000,62842.00000000,62548.79000000,62582.45000000,564.46406000,1781197199999,35386530.01326410,125881,289.75171000,18165942.41841130
1781197200000,2026-06-11 17:00:00,62582.45000000,63655.83000000,62348.00000000,63644.19000000,1821.97042000,1781200799999,114966411.45966820,304656,1049.64133000,66260929.62551810
1781200800000,2026-06-11 18:00:00,63644.18000000,63788.00000000,63324.35000000,63461.12000000,793.20489000,1781204399999,50385378.70626640,187481,435.79560000,27692671.76893290
1781204400000,2026-06-11 19:00:00,63461.12000000,63933.02000000,63390.00000000,63605.68000000,946.18552000,1781207999999,60241615.89150600,174753,473.47118000,30144785.92290990
1781208000000,2026-06-11 20:00:00,63605.69000000,63663.40000000,63270.00000000,63393.67000000,556.54606000,1781211599999,35315529.06729500,85690,272.01755000,17264539.80545290
1781211600000,2026-06-11 21:00:00,63393.67000000,63599.99000000,63393.66000000,63519.99000000,269.29173000,1781215199999,17101060.53009030,69296,146.46574000,9301543.05205790
1781215200000,2026-06-11 22:00:00,63519.99000000,63670.00000000,63462.00000000,63500.01000000,226.24918000,1781218799999,14383836.86780970,72346,125.73844000,7995061.23315620
1781218800000,2026-06-11 23:00:00,63500.00000000,63700.00000000,63362.00000000,63625.99000000,351.45962000,1781222399999,22326674.12154660,72156,219.61819000,13954988.27705280
1781222400000,2026-06-12 00:00:00,63626.00000000,63810.01000000,63520.86000000,63648.80000000,1229.60050000,1781225999999,78296999.58506110,105139,897.43828000,57148922.63150290
1781226000000,2026-06-12 01:00:00,63648.80000000,63648.80000000,63301.53000000,63426.20000000,745.50942000,1781229599999,47273243.91899040,97368,414.80921000,26299419.90896740
1781229600000,2026-06-12 02:00:00,63426.21000000,63779.11000000,63426.20000000,63624.07000000,398.45121000,1781233199999,25343229.01211000,82101,210.81098000,13408821.99170770
1781233200000,2026-06-12 03:00:00,63624.07000000,63649.99000000,63357.70000000,63524.82000000,280.54894000,1781236799999,17813977.57854970,66411,120.05678000,7619973.33477340
1781236800000,2026-06-12 04:00:00,63524.81000000,63863.98000000,63426.48000000,63700.00000000,742.01132000,1781240399999,47276455.94255350,83403,417.39617000,26592439.69344490
1781240400000,2026-06-12 05:00:00,63700.00000000,63721.31000000,63310.00000000,63358.20000000,603.70673000,1781243999999,38294345.99577320,96962,285.49951000,18105307.97242510
1781244000000,2026-06-12 06:00:00,63358.20000000,63411.50000000,62829.81000000,62980.45000000,1027.41759000,1781247599999,64764243.88888180,140431,383.64497000,24178430.90168800
1781247600000,2026-06-12 07:00:00,62980.46000000,63211.74000000,62956.00000000,63100.80000000,852.55681000,1781251199999,53757747.71781300,117580,533.11220000,33615883.94863840
1781251200000,2026-06-12 08:00:00,63100.80000000,63615.84000000,63100.80000000,63470.81000000,600.81984000,1781254799999,38093332.46698290,111909,319.73908000,20270059.39292180
1781254800000,2026-06-12 09:00:00,63470.81000000,63953.84000000,63438.00000000,63752.93000000,524.52211000,1781258399999,33441384.18558030,125971,291.94562000,18608542.63174880
1781258400000,2026-06-12 10:00:00,63752.93000000,63852.00000000,63588.34000000,63702.01000000,872.53513000,1781261999999,55601526.83273020,112577,324.20330000,20658463.85519420
1781262000000,2026-06-12 11:00:00,63702.01000000,63884.49000000,63684.44000000,63766.01000000,380.80932000,1781265599999,24298889.71246940,101744,161.47598000,10303942.47925330
1781265600000,2026-06-12 12:00:00,63766.01000000,63775.00000000,63378.00000000,63465.51000000,515.59574000,1781269199999,32757095.67101660,139597,175.87563000,11173924.18585980
1781269200000,2026-06-12 13:00:00,63465.52000000,63532.59000000,63045.29000000,63229.10000000,851.49099000,1781272799999,53889572.57043800,224729,403.45811000,25532622.04258910
1781272800000,2026-06-12 14:00:00,63229.10000000,64000.00000000,63190.00000000,63999.99000000,1065.08825000,1781276399999,67753411.64749950,316830,628.52868000,39992194.77760570
1781276400000,2026-06-12 15:00:00,63999.99000000,64394.44000000,63551.90000000,63593.02000000,1669.96199000,1781279999999,106975335.40360530,343557,839.54944000,53787051.49165670
1781280000000,2026-06-12 16:00:00,63593.02000000,63996.00000000,63510.16000000,63982.48000000,776.01025000,1781283599999,49539246.39825930,226580,389.04712000,24840649.24552960
1781283600000,2026-06-12 17:00:00,63982.48000000,64111.10000000,63745.99000000,63865.44000000,456.29271000,1781287199999,29154333.03158930,136089,198.14186000,12661679.74690320
1781287200000,2026-06-12 18:00:00,63865.45000000,63934.34000000,63686.00000000,63694.00000000,561.84193000,1781290799999,35837353.55777180,129355,242.66014000,15480056.83118440
1781290800000,2026-06-12 19:00:00,63694.01000000,63830.93000000,63589.27000000,63589.27000000,462.65176000,1781294399999,29469877.89178120,101591,209.90645000,13371326.13912370
1781294400000,2026-06-12 20:00:00,63589.28000000,63696.41000000,63400.00000000,63449.00000000,328.72463000,1781297999999,20884642.32001660,95014,152.46349000,9686806.54796100
1781298000000,2026-06-12 21:00:00,63449.01000000,63624.62000000,63440.01000000,63472.00000000,330.50626000,1781301599999,20994527.15383240,64100,141.18180000,8968930.72305940
1781301600000,2026-06-12 22:00:00,63471.99000000,63658.00000000,63471.99000000,63502.00000000,711.15075000,1781305199999,45172674.93233710,76081,398.42527000,25307035.52126300
1781305200000,2026-06-12 23:00:00,63502.00000000,63580.01000000,63426.83000000,63580.01000000,409.24822000,1781308799999,25978065.26396130,58933,234.50226000,14885910.63215840
1781308800000,2026-06-13 00:00:00,63580.00000000,63652.11000000,63507.39000000,63600.01000000,578.94188000,1781312399999,36801720.46941600,60854,276.58335000,17582392.33055080
1781312400000,2026-06-13 01:00:00,63600.01000000,63840.00000000,63600.01000000,63837.89000000,509.63359000,1781315999999,32473805.43369820,65923,320.79210000,20442883.60319570
1781316000000,2026-06-13 02:00:00,63837.88000000,63837.89000000,63558.00000000,63646.01000000,450.79285000,1781319599999,28705629.81203100,56169,254.82699000,16227708.65151580
1781319600000,2026-06-13 03:00:00,63646.01000000,63720.88000000,63418.66000000,63532.00000000,268.55023000,1781323199999,17069416.53929250,53464,88.42819000,5621946.88204680
1781323200000,2026-06-13 04:00:00,63532.00000000,63663.91000000,63484.00000000,63512.01000000,144.15296000,1781326799999,9163425.35729970,42309,77.70102000,4940072.18364190
1781326800000,2026-06-13 05:00:00,63512.01000000,63596.00000000,63493.16000000,63584.03000000,658.62782000,1781330399999,41861784.88681990,69594,325.03441000,20659389.63072350
1781330400000,2026-06-13 06:00:00,63584.03000000,63740.00000000,63550.51000000,63735.74000000,299.54013000,1781333999999,19067836.75893380,42399,202.06889000,12863569.36729730
1781334000000,2026-06-13 07:00:00,63736.00000000,63883.47000000,63674.98000000,63846.00000000,436.97737000,1781337599999,27877686.69585090,65554,251.48372000,16043755.24987980
1781337600000,2026-06-13 08:00:00,63845.99000000,63910.00000000,63766.18000000,63806.00000000,227.43934000,1781341199999,14517575.99931790,50077,119.71916000,7642268.36050770
1781341200000,2026-06-13 09:00:00,63806.00000000,63867.65000000,63742.57000000,63743.12000000,301.95833000,1781344799999,19263895.10705840,47455,153.15167000,9770953.20460550
1781344800000,2026-06-13 10:00:00,63743.13000000,63908.48000000,63726.57000000,63843.01000000,188.76787000,1781348399999,12046390.11611710,50825,102.33816000,6530376.96117390
1781348400000,2026-06-13 11:00:00,63843.01000000,63984.53000000,63843.01000000,63971.28000000,479.05156000,1781351999999,30624976.08004570,52612,271.77210000,17375736.41940300
1781352000000,2026-06-13 12:00:00,63971.28000000,64214.00000000,63921.33000000,64133.12000000,878.04841000,1781355599999,56219033.43104350,73333,541.40358000,34665611.62665200
1781355600000,2026-06-13 13:00:00,64133.12000000,64245.88000000,64060.00000000,64102.69000000,499.73169000,1781359199999,32064850.25373050,87468,292.17925000,18748148.43261460
1781359200000,2026-06-13 14:00:00,64102.61000000,64233.73000000,64090.09000000,64220.97000000,206.46033000,1781362799999,13248784.99027970,54400,90.11797000,5783422.29419970
1781362800000,2026-06-13 15:00:00,64220.96000000,64350.00000000,64186.97000000,64296.15000000,584.92205000,1781366399999,37596919.92381030,75246,303.86397000,19529939.66531780
1781366400000,2026-06-13 16:00:00,64296.15000000,64307.52000000,63920.05000000,64029.17000000,720.74810000,1781369999999,46170392.38614420,115524,308.30544000,19752618.18220740
1781370000000,2026-06-13 17:00:00,64029.17000000,64120.00000000,63944.00000000,63971.19000000,301.75645000,1781373599999,19324339.81876720,70427,131.48470000,8421706.54854430
1781373600000,2026-06-13 18:00:00,63971.20000000,64282.19000000,63971.19000000,64161.46000000,278.72154000,1781377199999,17871283.39888540,56803,118.35997000,7591100.70967590
1781377200000,2026-06-13 19:00:00,64161.46000000,64333.62000000,64152.00000000,64296.59000000,308.71810000,1781380799999,19827452.15376930,51650,185.39059000,11907472.67023280
1781380800000,2026-06-13 20:00:00,64296.59000000,64296.60000000,64226.83000000,64278.31000000,179.31890000,1781384399999,11522212.64627920,38177,80.07045000,5145092.68001270
1781384400000,2026-06-13 21:00:00,64278.31000000,64762.77000000,64226.38000000,64471.04000000,552.39519000,1781387999999,35610734.73756200,90869,339.72404000,21900179.63675730
1781388000000,2026-06-13 22:00:00,64471.04000000,64556.00000000,64383.61000000,64456.47000000,316.27120000,1781391599999,20391761.95356130,61500,174.83707000,11272194.03754380
1781391600000,2026-06-13 23:00:00,64456.46000000,64596.99000000,64382.42000000,64458.01000000,589.21574000,1781395199999,37980141.53707960,56377,316.71239000,20414862.82139990
1781395200000,2026-06-14 00:00:00,64458.01000000,64579.03000000,64380.70000000,64565.00000000,595.05205000,1781398799999,38360819.82815860,63329,374.90168000,24170060.69758440
1781398800000,2026-06-14 01:00:00,64565.01000000,64710.00000000,64507.25000000,64563.00000000,821.19702000,1781402399999,53052668.57283700,74962,395.19998000,25530501.38287170
1781402400000,2026-06-14 02:00:00,64563.00000000,64636.00000000,64476.01000000,64490.01000000,260.23317000,1781405999999,16801813.17031280,40920,153.50155000,9911289.52409100
1781406000000,2026-06-14 03:00:00,64490.01000000,64545.40000000,64466.00000000,64545.30000000,155.67419000,1781409599999,10041878.71651370,35537,85.73710000,5530294.78953570
1781409600000,2026-06-14 04:00:00,64545.30000000,64563.48000000,64325.61000000,64339.07000000,253.74802000,1781413199999,16344828.76567150,39870,98.02759000,6313806.38974000
1781413200000,2026-06-14 05:00:00,64339.07000000,64411.20000000,64293.41000000,64338.00000000,429.46847000,1781416799999,27638186.30560160,39743,223.03276000,14353670.50728630
1781416800000,2026-06-14 06:00:00,64338.00000000,64487.80000000,64232.12000000,64286.10000000,839.75348000,1781420399999,54024331.01651450,77432,290.06916000,18665463.00754330
1781420400000,2026-06-14 07:00:00,64286.10000000,64445.95000000,64214.00000000,64429.39000000,256.82492000,1781423999999,16517739.65614180,38351,121.42991000,7811066.00359870
1781424000000,2026-06-14 08:00:00,64429.39000000,64513.82000000,64392.00000000,64456.33000000,192.66954000,1781427599999,12420567.95086230,34947,88.90630000,5731493.52739220
1781427600000,2026-06-14 09:00:00,64456.33000000,64617.99000000,64321.18000000,64616.00000000,237.38130000,1781431199999,15298521.48713830,48596,107.40670000,6925372.54678250
1781431200000,2026-06-14 10:00:00,64616.00000000,64664.00000000,64498.01000000,64521.13000000,184.13016000,1781434799999,11891057.77274890,41286,95.08219000,6140321.33373910
1781434800000,2026-06-14 11:00:00,64521.13000000,64641.90000000,64460.00000000,64546.00000000,228.11339000,1781438399999,14730769.11813980,41163,137.74142000,8895693.84005190
1781438400000,2026-06-14 12:00:00,64546.01000000,64560.66000000,64295.06000000,64327.53000000,334.09454000,1781441999999,21519597.62942150,51704,89.42846000,5760921.66301420
1781442000000,2026-06-14 13:00:00,64327.54000000,64398.14000000,64244.00000000,64317.99000000,308.61157000,1781445599999,19849141.93858020,72148,183.20213000,11782589.68068610
1781445600000,2026-06-14 14:00:00,64318.00000000,64341.43000000,63866.66000000,63983.55000000,781.47067000,1781449199999,50061740.30580940,122488,340.29581000,21811083.90688150
1781449200000,2026-06-14 15:00:00,63983.56000000,64153.75000000,63980.35000000,64025.07000000,366.74561000,1781452799999,23501044.25268580,69486,219.61290000,14074886.07319480
1781452800000,2026-06-14 16:00:00,64025.06000000,64208.92000000,63936.00000000,63942.63000000,256.58722000,1781456399999,16443305.82670270,65207,110.83426000,7104072.05038970
1781456400000,2026-06-14 17:00:00,63942.63000000,64019.38000000,63694.11000000,63732.64000000,617.57994000,1781459999999,39443980.38274480,84100,157.09442000,10033878.78381290
1781460000000,2026-06-14 18:00:00,63732.65000000,63813.30000000,63678.83000000,63813.30000000,258.88821000,1781463599999,16501211.69746640,58351,111.01499000,7076922.65812450
1781463600000,2026-06-14 19:00:00,63813.30000000,63861.86000000,63734.71000000,63802.00000000,107.59400000,1781467199999,6864829.75723550,41043,57.55426000,3672315.18465120
1781467200000,2026-06-14 20:00:00,63801.99000000,64092.40000000,63794.09000000,64008.64000000,243.20360000,1781470799999,15558343.40339970,52955,110.07679000,7039921.70702610
1781470800000,2026-06-14 21:00:00,64008.64000000,65666.00000000,64007.24000000,65311.59000000,2955.01268000,1781474399999,192087413.00333570,370664,2177.05529000,141503921.61944880
1781474400000,2026-06-14 22:00:00,65311.59000000,65580.00000000,64946.12000000,65426.78000000,1554.15469000,1781477999999,101390712.68229470,302247,773.81098000,50493257.02411530
1781478000000,2026-06-14 23:00:00,65426.78000000,65800.00000000,65256.21000000,65746.45000000,964.84531000,1781481599999,63310036.02351300,194372,465.02939000,30510876.41918080
1781481600000,2026-06-15 00:00:00,65746.45000000,65923.00000000,65480.69000000,65625.99000000,1043.52596000,1781485199999,68550488.36559450,175233,509.73192000,33499508.89379230
1781485200000,2026-06-15 01:00:00,65626.00000000,65734.87000000,65354.00000000,65525.00000000,855.38843000,1781488799999,56077183.17316820,137154,337.66998000,22135349.88638910
1781488800000,2026-06-15 02:00:00,65525.01000000,65775.15000000,65415.02000000,65472.01000000,587.73145000,1781492399999,38539321.10234910,96638,281.99495000,18494388.86269650
1781492400000,2026-06-15 03:00:00,65472.01000000,65995.00000000,65422.83000000,65927.10000000,767.65798000,1781495999999,50472455.65225540,123001,386.01793000,25391175.15301850
1781496000000,2026-06-15 04:00:00,65927.11000000,65927.11000000,65633.28000000,65644.01000000,564.25779000,1781499599999,37082692.54148800,79503,241.66342000,15879307.66357660
1781499600000,2026-06-15 05:00:00,65644.00000000,65872.00000000,65611.01000000,65858.01000000,477.26671000,1781503199999,31355279.19931100,66485,311.16380000,20440728.97570990
1781503200000,2026-06-15 06:00:00,65858.00000000,65967.27000000,65775.45000000,65812.01000000,365.24859000,1781506799999,24056668.54510080,71717,149.93234000,9876685.99840850
1781506800000,2026-06-15 07:00:00,65812.01000000,66000.00000000,65628.45000000,65674.76000000,574.31747000,1781510399999,37789088.55829180,95605,263.14480000,17320995.34368090
1781510400000,2026-06-15 08:00:00,65674.76000000,65800.00000000,65620.00000000,65662.01000000,363.00480000,1781513999999,23845600.68898500,68659,185.51209000,12185815.54895170
1781514000000,2026-06-15 09:00:00,65662.00000000,65779.50000000,65512.00000000,65596.86000000,344.30264000,1781517599999,22599468.01200890,69955,168.84239000,11082419.60965640
1781517600000,2026-06-15 10:00:00,65596.86000000,65973.15000000,65584.37000000,65917.37000000,544.78922000,1781521199999,35847453.90652950,79895,274.76722000,18082457.01526110
1781521200000,2026-06-15 11:00:00,65917.37000000,66385.12000000,65832.78000000,66233.90000000,1293.72734000,1781524799999,85604358.29009050,225903,600.34130000,39713186.05841720
1781524800000,2026-06-15 12:00:00,66233.89000000,66600.91000000,66106.00000000,66563.49000000,987.26981000,1781528399999,65495575.30769450,144746,516.40415000,34261634.59352620
1781528400000,2026-06-15 13:00:00,66563.48000000,66949.22000000,66412.00000000,66447.05000000,1919.26303000,1781531999999,127974451.38020450,253336,1025.72954000,68395504.12646210
1781532000000,2026-06-15 14:00:00,66447.06000000,66675.83000000,66251.58000000,66591.55000000,940.84640000,1781535599999,62508954.49105490,154448,423.93249000,28177293.33364430
1781535600000,2026-06-15 15:00:00,66591.54000000,67292.15000000,66580.42000000,67292.14000000,1466.95790000,1781539199999,98208951.29217670,199612,829.81277000,55557772.26500850
1781539200000,2026-06-15 16:00:00,67292.15000000,67292.15000000,67088.83000000,67157.99000000,1096.95936000,1781542799999,73692256.89787540,179367,463.77003000,31154887.40829150
1781542800000,2026-06-15 17:00:00,67158.00000000,67158.00000000,66585.26000000,66851.79000000,1340.24388000,1781546399999,89600781.33074970,167012,445.26166000,29773688.94405640
1781546400000,2026-06-15 18:00:00,66851.80000000,66933.86000000,66715.61000000,66766.12000000,590.69175000,1781549999999,39476785.83699650,126652,305.62539000,20424697.72115210
1781550000000,2026-06-15 19:00:00,66766.13000000,66889.85000000,66348.00000000,66614.35000000,780.39583000,1781553599999,52002002.99808010,169428,367.26213000,24470107.31264310
1781553600000,2026-06-15 20:00:00,66615.98000000,66681.30000000,66489.86000000,66519.98000000,339.47285000,1781557199999,22597846.17507270,97772,190.45698000,12678085.45649010
1781557200000,2026-06-15 21:00:00,66519.99000000,66567.38000000,66314.34000000,66368.15000000,347.81382000,1781560799999,23113606.07380440,92447,131.14621000,8715295.72026270
1781560800000,2026-06-15 22:00:00,66368.15000000,66476.64000000,66076.56000000,66206.34000000,520.15584000,1781564399999,34466942.58598210,160615,258.69663000,17148305.44060360
1781564400000,2026-06-15 23:00:00,66206.34000000,66368.00000000,66116.59000000,66328.74000000,448.51217000,1781567999999,29717028.13310990,105311,158.44391000,10493530.61762760
1781568000000,2026-06-16 00:00:00,66328.74000000,66463.26000000,66242.00000000,66250.00000000,457.62239000,1781571599999,30368144.32797230,100700,189.00547000,12539787.85736420
1781571600000,2026-06-16 01:00:00,66250.00000000,66418.01000000,66248.93000000,66346.52000000,456.63949000,1781575199999,30292274.66356340,82161,197.53136000,13103109.84356070
1781575200000,2026-06-16 02:00:00,66346.51000000,66367.69000000,65678.14000000,65741.99000000,964.73227000,1781578799999,63645550.14816130,155977,396.59651000,26171077.82705220
1781578800000,2026-06-16 03:00:00,65742.00000000,66166.61000000,65650.00000000,66165.21000000,802.10485000,1781582399999,52878277.78227530,94943,441.98391000,29139772.03694210
1781582400000,2026-06-16 04:00:00,66165.21000000,66301.83000000,65802.00000000,65840.09000000,694.50218000,1781585999999,45830171.19915770,104123,324.02991000,21393938.51470620
1781586000000,2026-06-16 05:00:00,65840.10000000,66150.22000000,65840.09000000,66045.00000000,739.41945000,1781589599999,48831353.49291890,81120,426.88754000,28188432.18908830
1781589600000,2026-06-16 06:00:00,66044.99000000,66572.99000000,66044.99000000,66446.00000000,556.56171000,1781593199999,36941542.65512700,89508,360.02682000,23891162.15156350
1781593200000,2026-06-16 07:00:00,66446.01000000,66527.23000000,66300.10000000,66372.00000000,385.79165000,1781596799999,25609125.49548000,83861,201.93741000,13404291.69301740
1781596800000,2026-06-16 08:00:00,66372.00000000,66992.00000000,66345.06000000,66899.61000000,688.96018000,1781600399999,45900589.05571730,148871,391.38929000,26078972.19382450
1781600400000,2026-06-16 09:00:00,66899.61000000,66923.99000000,66474.74000000,66510.00000000,600.75927000,1781603999999,40055348.39118870,129159,243.56464000,16243277.24682010
1781604000000,2026-06-16 10:00:00,66510.01000000,66778.00000000,66486.38000000,66514.00000000,387.22813000,1781607599999,25793879.25008350,103524,228.06983000,15192175.73370500
1781607600000,2026-06-16 11:00:00,66514.01000000,66643.23000000,66368.36000000,66481.73000000,467.23900000,1781611199999,31048324.69886440,96607,218.30851000,14506871.71868600
1781611200000,2026-06-16 12:00:00,66481.73000000,66818.00000000,66368.00000000,66429.83000000,562.31913000,1781614799999,37422119.93476350,182445,284.52457000,18938530.21031710
1781614800000,2026-06-16 13:00:00,66429.84000000,66463.13000000,65928.16000000,66052.00000000,1347.85119000,1781618399999,89122781.67774110,244169,454.00939000,30014581.99695010
1781618400000,2026-06-16 14:00:00,66052.01000000,66265.80000000,65360.92000000,65654.90000000,1491.76291000,1781621999999,98019160.93623890,314094,556.98215000,36597776.10087940
1781622000000,2026-06-16 15:00:00,65654.90000000,65999.78000000,65614.30000000,65859.76000000,788.81576000,1781625599999,51903803.20845950,205643,367.46078000,24177312.47911190
1781625600000,2026-06-16 16:00:00,65859.76000000,65953.97000000,65706.00000000,65758.07000000,338.72091000,1781629199999,22286813.66166960,122815,139.74708000,9194815.50705000
1781629200000,2026-06-16 17:00:00,65758.07000000,66011.47000000,65710.34000000,65978.79000000,383.38742000,1781632799999,25241707.30963040,105857,217.18310000,14303510.56624290
1781632800000,2026-06-16 18:00:00,65978.78000000,66248.69000000,65802.00000000,65847.99000000,522.72648000,1781636399999,34499667.16524040,130649,300.64595000,19841518.17027940
1781636400000,2026-06-16 19:00:00,65848.00000000,65848.00000000,65560.00000000,65675.88000000,617.37667000,1781639999999,40546401.41417040,128248,258.08382000,16950966.01637170
1781640000000,2026-06-16 20:00:00,65675.89000000,65865.92000000,65592.00000000,65854.00000000,261.11445000,1781643599999,17167553.68120140,70933,128.34586000,8439829.18705440
1781643600000,2026-06-16 21:00:00,65854.00000000,65938.00000000,65654.90000000,65776.97000000,351.42219000,1781647199999,23121806.21020230,64306,160.34932000,10550823.67047570
1781647200000,2026-06-16 22:00:00,65776.97000000,65882.00000000,65680.00000000,65780.00000000,228.62751000,1781650799999,15035759.62462780,63107,136.71127000,8990318.73622140
1781650800000,2026-06-16 23:00:00,65780.01000000,65834.19000000,65626.90000000,65675.01000000,206.37282000,1781654399999,13563028.26738550,61809,86.22670000,5666402.84607640
1781654400000,2026-06-17 00:00:00,65675.02000000,65848.00000000,65675.02000000,65700.00000000,332.30374000,1781657999999,21852975.91819030,74923,146.34180000,9625200.76915820
1781658000000,2026-06-17 01:00:00,65700.00000000,65956.56000000,65477.50000000,65940.00000000,549.42502000,1781661599999,36101553.11843780,119047,345.29732000,22692076.92515850
1781661600000,2026-06-17 02:00:00,65940.00000000,66200.00000000,65788.00000000,65904.00000000,974.93815000,1781665199999,64292532.85597270,119631,555.69161000,36651619.01683440
1781665200000,2026-06-17 03:00:00,65903.99000000,65904.00000000,65703.45000000,65851.99000000,563.57309000,1781668799999,37087365.32311970,70220,210.96364000,13882427.70252710
1781668800000,2026-06-17 04:00:00,65852.00000000,66048.19000000,65788.31000000,65892.00000000,473.33682000,1781672399999,31190416.53231190,56980,237.24159000,15633573.38332260
1781672400000,2026-06-17 05:00:00,65892.01000000,65978.00000000,65746.51000000,65836.30000000,536.04504000,1781675999999,35291320.98244830,61396,253.33313000,16678273.95829370
1781676000000,2026-06-17 06:00:00,65836.30000000,65896.45000000,65582.63000000,65624.00000000,378.80773000,1781679599999,24893605.00377270,67028,155.93228000,10248228.17631590
1781679600000,2026-06-17 07:00:00,65624.01000000,65710.00000000,65251.00000000,65539.50000000,697.28548000,1781683199999,45655904.40765310,118679,291.59187000,19099850.26292160
1781683200000,2026-06-17 08:00:00,65539.51000000,65574.00000000,64833.07000000,64926.02000000,992.25057000,1781686799999,64620596.40632610,143396,318.32557000,20735773.05408200
1781686800000,2026-06-17 09:00:00,64926.02000000,65076.76000000,64842.01000000,64909.44000000,859.97592000,1781690399999,55856735.84597380,91669,549.57880000,35697759.41586940
1781690400000,2026-06-17 10:00:00,64909.44000000,64993.97000000,64768.00000000,64798.00000000,597.73840000,1781693999999,38779654.58835200,106385,282.78684000,18347837.67983800
1781694000000,2026-06-17 11:00:00,64798.00000000,64868.21000000,64565.00000000,64810.01000000,641.24645000,1781697599999,41489679.68949260,142704,309.39115000,20019064.13351940
1781697600000,2026-06-17 12:00:00,64810.01000000,65108.00000000,64590.53000000,65040.88000000,557.73466000,1781701199999,36151085.84896380,141626,280.35871000,18177976.14572490
1781701200000,2026-06-17 13:00:00,65040.88000000,65369.53000000,64850.00000000,65278.00000000,961.56723000,1781704799999,62634372.94803190,188583,560.93101000,36541966.89529520
1781704800000,2026-06-17 14:00:00,65278.00000000,65461.38000000,64772.72000000,65101.45000000,799.61288000,1781708399999,52118607.30298430,241637,417.02998000,27185915.85940670
1781708400000,2026-06-17 15:00:00,65101.45000000,65855.66000000,64987.74000000,65752.00000000,1172.17515000,1781711999999,76797923.09460180,214464,618.52470000,40526220.12314760
1781712000000,2026-06-17 16:00:00,65751.99000000,66445.93000000,65722.00000000,65864.12000000,1421.90632000,1781715599999,93837172.46392170,248191,679.32460000,44867950.25921420
1781715600000,2026-06-17 17:00:00,65864.13000000,66191.98000000,65800.00000000,66104.08000000,377.59846000,1781719199999,24907311.60877530,137823,187.03905000,12340605.85048100
1781719200000,2026-06-17 18:00:00,66107.99000000,66107.99000000,64800.00000000,65516.00000000,2242.57142000,1781722799999,146945357.05637410,526846,1090.52008000,71442651.63137300
1781722800000,2026-06-17 19:00:00,65516.00000000,65666.00000000,63998.35000000,64301.85000000,2173.56430000,1781726399999,140184616.67445060,514012,984.83734000,63495639.51873310
1781726400000,2026-06-17 20:00:00,64301.85000000,64488.96000000,64181.33000000,64434.36000000,504.85432000,1781729999999,32483238.85472170,180344,259.60817000,16706020.51552360
1781730000000,2026-06-17 21:00:00,64434.36000000,64452.00000000,64142.00000000,64257.77000000,458.08471000,1781733599999,29453765.50292720,119924,193.92494000,12467645.37722070
1781733600000,2026-06-17 22:00:00,64257.77000000,64434.84000000,63915.77000000,64300.01000000,492.23769000,1781737199999,31601049.54818560,145409,246.73121000,15842125.92551000
1781737200000,2026-06-17 23:00:00,64300.01000000,64529.20000000,64248.00000000,64509.40000000,289.82054000,1781740799999,18671706.50624630,102206,169.00269000,10889190.15704660
1781740800000,2026-06-18 00:00:00,64509.40000000,64702.00000000,64457.67000000,64468.01000000,396.79150000,1781744399999,25629422.37747070,108439,197.49273000,12756094.01788760
1781744400000,2026-06-18 01:00:00,64468.01000000,64806.00000000,64466.30000000,64548.74000000,382.95414000,1781747999999,24762548.06043640,106630,222.31694000,14377301.85188350
1781748000000,2026-06-18 02:00:00,64548.75000000,64776.66000000,64488.00000000,64689.50000000,323.93999000,1781751599999,20950236.06420020,82799,186.10622000,12034406.82667270
1781751600000,2026-06-18 03:00:00,64689.50000000,64689.50000000,64267.86000000,64282.82000000,548.57792000,1781755199999,35330803.28037920,93807,267.69151000,17234673.24004870
1781755200000,2026-06-18 04:00:00,64282.82000000,64347.09000000,63826.93000000,63883.41000000,831.20199000,1781758799999,53201655.97615000,175593,338.16865000,21643310.68409820
1781758800000,2026-06-18 05:00:00,63883.26000000,64020.00000000,63696.29000000,63994.00000000,597.91477000,1781762399999,38185018.68431030,143720,226.53487000,14474338.10307840
1781762400000,2026-06-18 06:00:00,63994.00000000,64134.33000000,63850.00000000,64083.41000000,767.55142000,1781765999999,49132177.18923510,97665,458.61133000,29359600.87381310
1781766000000,2026-06-18 07:00:00,64084.00000000,64510.50000000,64015.42000000,64510.44000000,524.85633000,1781769599999,33739505.29945400,97302,261.80481000,16829279.41709410
1781769600000,2026-06-18 08:00:00,64510.45000000,64646.75000000,64378.25000000,64399.92000000,714.20438000,1781773199999,46073567.01854960,106080,226.19462000,14592635.30440260
1781773200000,2026-06-18 09:00:00,64399.93000000,64478.00000000,64196.14000000,64199.53000000,300.31875000,1781776799999,19317405.36662450,84227,132.34651000,8514948.67851020
1781776800000,2026-06-18 10:00:00,64199.53000000,64223.79000000,63910.00000000,64078.61000000,445.57306000,1781780399999,28529224.12335910,105015,181.44155000,11618954.11524090
1781780400000,2026-06-18 11:00:00,64078.61000000,64196.00000000,63878.14000000,63974.40000000,378.00473000,1781783999999,24184804.40318890,94902,165.85271000,10612303.35097260
1781784000000,2026-06-18 12:00:00,63974.40000000,64402.01000000,63922.00000000,64378.07000000,417.60478000,1781787599999,26791351.23006840,121658,217.65583000,13964079.29565980
1781787600000,2026-06-18 13:00:00,64378.06000000,64445.19000000,63800.00000000,63984.00000000,984.80789000,1781791199999,63192454.44332360,226901,519.64113000,33357053.07607970
1781791200000,2026-06-18 14:00:00,63983.99000000,64203.66000000,63587.30000000,63816.61000000,998.41474000,1781794799999,63762248.31572620,297660,502.05098000,32071572.96518400
1781794800000,2026-06-18 15:00:00,63816.61000000,63825.99000000,62293.76000000,62369.44000000,2793.66043000,1781798399999,176099274.85994380,475039,1166.82239000,73570746.81656900
1781798400000,2026-06-18 16:00:00,62369.43000000,62814.00000000,62349.42000000,62688.00000000,1271.71361000,1781801999999,79655196.57267310,263533,692.76492000,43387029.82480570
1781802000000,2026-06-18 17:00:00,62688.00000000,62750.00000000,62272.07000000,62606.00000000,1003.68212000,1781805599999,62761769.55821430,198226,496.04043000,31022876.25362470
1781805600000,2026-06-18 18:00:00,62606.00000000,62959.75000000,62580.01000000,62708.92000000,727.06223000,1781809199999,45630435.93191680,179488,370.99795000,23282653.07114700
1781809200000,2026-06-18 19:00:00,62708.93000000,63008.33000000,62636.00000000,62950.79000000,577.63764000,1781812799999,36313040.85357520,139167,314.76772000,19789201.38923420
1781812800000,2026-06-18 20:00:00,62950.79000000,63274.19000000,62950.79000000,63086.00000000,684.93429000,1781816399999,43236575.64316310,136414,362.93592000,22910353.62680780
1781816400000,2026-06-18 21:00:00,63086.00000000,63121.81000000,62870.39000000,62971.32000000,466.34172000,1781819999999,29374643.28600560,90438,215.93748000,13601825.75154660
1781820000000,2026-06-18 22:00:00,62971.32000000,62990.00000000,62742.00000000,62885.85000000,290.36064000,1781823599999,18250197.99891770,66089,157.26762000,9886495.06536150
1781823600000,2026-06-18 23:00:00,62885.84000000,62985.12000000,62756.60000000,62958.01000000,507.48754000,1781827199999,31911824.65552310,83139,267.21770000,16801847.46308820
1781827200000,2026-06-19 00:00:00,62958.01000000,63086.00000000,62840.00000000,63020.00000000,786.22825000,1781830799999,49519737.29162320,88062,360.75437000,22720438.43479510
1781830800000,2026-06-19 01:00:00,63020.00000000,63100.00000000,62852.01000000,63021.86000000,542.43308000,1781834399999,34164445.19475680,94953,295.06201000,18583559.00608920
1781834400000,2026-06-19 02:00:00,63021.86000000,63110.29000000,62893.71000000,63006.00000000,304.81800000,1781837999999,19202686.35147400,70828,155.16692000,9775188.66179260
1781838000000,2026-06-19 03:00:00,63006.01000000,63029.64000000,62386.90000000,62773.51000000,835.44020000,1781841599999,52360713.91958570,142753,299.52384000,18775257.29329390
1781841600000,2026-06-19 04:00:00,62773.52000000,62916.66000000,62409.55000000,62452.01000000,390.96231000,1781845199999,24492367.83904170,118665,185.26454000,11608870.04047260
1781845200000,2026-06-19 05:00:00,62452.01000000,62744.92000000,62452.00000000,62739.20000000,361.83315000,1781848799999,22661555.41013110,92897,188.19809000,11785622.70039590
1781848800000,2026-06-19 06:00:00,62739.20000000,62914.73000000,62728.00000000,62894.08000000,252.94439000,1781852399999,15886968.35519390,75455,154.32046000,9692271.02687440
1781852400000,2026-06-19 07:00:00,62894.09000000,62917.32000000,62504.27000000,62629.99000000,636.21109000,1781855999999,39848657.95345720,116470,367.30516000,23000655.59785880
1781856000000,2026-06-19 08:00:00,62630.00000000,62782.00000000,62533.33000000,62603.99000000,431.84041000,1781859599999,27052055.75285880,83540,251.00592000,15724656.95147300
1781859600000,2026-06-19 09:00:00,62604.00000000,62654.00000000,62316.44000000,62390.00000000,921.67320000,1781863199999,57538548.86810380,130175,454.25338000,28355966.30263700
1781863200000,2026-06-19 10:00:00,62390.01000000,62587.27000000,62383.76000000,62533.25000000,761.99981000,1781866799999,47613535.83178210,119390,311.74386000,19478408.99509890
1781866800000,2026-06-19 11:00:00,62533.24000000,62684.00000000,62452.52000000,62626.00000000,1001.15104000,1781870399999,62664706.56262010,90447,377.83978000,23646297.93393250
1781870400000,2026-06-19 12:00:00,62626.00000000,62872.99000000,62353.00000000,62830.01000000,630.52118000,1781873999999,39470878.62628920,131646,339.30624000,21242265.87126720
1781874000000,2026-06-19 13:00:00,62830.01000000,63415.00000000,62666.00000000,63210.00000000,1078.35943000,1781877599999,68006863.16176620,192948,638.52047000,40259263.33348730
1781877600000,2026-06-19 14:00:00,63210.00000000,63419.27000000,63010.00000000,63203.53000000,665.42698000,1781881199999,42063454.53415050,197338,251.87631000,15925848.43987550
1781881200000,2026-06-19 15:00:00,63203.54000000,63283.86000000,63019.26000000,63214.01000000,527.20600000,1781884799999,33303084.76715760,156194,214.00391000,13518846.33859450
1781884800000,2026-06-19 16:00:00,63214.01000000,63387.80000000,62918.98000000,62971.99000000,1021.41110000,1781888399999,64580449.15375650,164858,381.22434000,24119176.52908970
1781888400000,2026-06-19 17:00:00,62972.00000000,63263.49000000,62866.99000000,63198.01000000,840.75861000,1781891999999,53035002.04118690,155816,504.38824000,31829524.77853250
1781892000000,2026-06-19 18:00:00,63198.00000000,63201.95000000,62991.37000000,63110.01000000,341.96414000,1781895599999,21580970.26781260,90956,141.80430000,8949744.50701770
1781895600000,2026-06-19 19:00:00,63110.01000000,63140.00000000,62942.00000000,63021.60000000,283.46164000,1781899199999,17868914.86551930,73876,91.02112000,5737579.79066250
1781899200000,2026-06-19 20:00:00,63021.60000000,63274.00000000,62958.59000000,63250.01000000,217.92541000,1781902799999,13751344.79033290,69458,91.96372000,5803766.51924690
1781902800000,2026-06-19 21:00:00,63250.01000000,63275.64000000,63060.00000000,63075.98000000,181.69443000,1781906399999,11476268.31801560,63376,75.15176000,4746615.06299140
1781906400000,2026-06-19 22:00:00,63075.99000000,63369.48000000,63048.00000000,63315.28000000,541.93138000,1781909999999,34264142.03736090,65858,234.68426000,14836207.64625540
1781910000000,2026-06-19 23:00:00,63315.29000000,63666.00000000,63276.00000000,63543.91000000,689.22877000,1781913599999,43695600.88134080,85959,344.82664000,21865496.51216220
1781913600000,2026-06-20 00:00:00,63543.90000000,63777.00000000,63470.00000000,63530.01000000,640.14667000,1781917199999,40707663.09226200,121182,317.59835000,20195737.21542660
1781917200000,2026-06-20 01:00:00,63530.01000000,63616.23000000,63404.00000000,63586.28000000,348.64849000,1781920799999,22138186.57897600,71942,199.39951000,12660588.89063660
1781920800000,2026-06-20 02:00:00,63586.27000000,63586.27000000,63336.01000000,63340.57000000,358.87789000,1781924399999,22758448.11305130,68463,110.26002000,6991323.28000490
1781924400000,2026-06-20 03:00:00,63340.58000000,63510.00000000,63320.14000000,63476.79000000,268.88477000,1781927999999,17054693.95156500,51020,151.48828000,9610024.84299860
1781928000000,2026-06-20 04:00:00,63476.79000000,63613.59000000,63402.00000000,63583.53000000,228.62975000,1781931599999,14521572.99295720,49082,107.18415000,6809908.71587670
1781931600000,2026-06-20 05:00:00,63583.53000000,63907.07000000,63543.46000000,63678.07000000,477.24749000,1781935199999,30413530.51342480,100201,282.38244000,17996058.27424750
1781935200000,2026-06-20 06:00:00,63678.07000000,63761.99000000,63640.36000000,63744.61000000,191.88822000,1781938799999,12224549.87662100,48178,103.16725000,6572874.28984940
1781938800000,2026-06-20 07:00:00,63744.61000000,63800.00000000,63594.37000000,63655.21000000,448.48290000,1781942399999,28584017.42184220,70422,211.54052000,13482310.75724320
1781942400000,2026-06-20 08:00:00,63655.21000000,63664.39000000,63392.41000000,63417.97000000,547.04803000,1781945999999,34736903.25217500,70209,204.53999000,12987933.11243510
1781946000000,2026-06-20 09:00:00,63417.98000000,63787.74000000,63417.98000000,63741.16000000,349.02093000,1781949599999,22194344.73630520,69048,211.91805000,13475790.51534620
1781949600000,2026-06-20 10:00:00,63741.16000000,63777.50000000,63592.44000000,63674.70000000,270.16920000,1781953199999,17206848.83845430,47278,98.42687000,6269133.22060190
1781953200000,2026-06-20 11:00:00,63674.71000000,63798.76000000,63620.74000000,63688.00000000,315.13807000,1781956799999,20069649.98674600,43646,167.47349000,10665382.06889000
1781956800000,2026-06-20 12:00:00,63688.00000000,63785.76000000,63537.99000000,63655.09000000,292.10361000,1781960399999,18602225.55736760,54586,158.75926000,10110181.33159750
1781960400000,2026-06-20 13:00:00,63655.10000000,63655.10000000,63278.00000000,63397.78000000,412.69589000,1781963999999,26175619.31350370,91173,187.36932000,11883007.64406410
1781964000000,2026-06-20 14:00:00,63397.77000000,64150.00000000,63184.21000000,63949.90000000,1101.98952000,1781967599999,70157672.52163330,196432,587.86079000,37470903.45635070
1781967600000,2026-06-20 15:00:00,63949.90000000,64388.00000000,63836.00000000,64160.04000000,916.57166000,1781971199999,58777200.86059390,198394,510.97972000,32763542.05492720
1781971200000,2026-06-20 16:00:00,64160.04000000,64167.26000000,63902.58000000,64034.31000000,403.42996000,1781974799999,25825331.24582410,124149,192.94529000,12351527.52364170
1781974800000,2026-06-20 17:00:00,64034.31000000,64041.07000000,63730.21000000,63834.70000000,482.18112000,1781978399999,30803826.48043450,127375,168.91037000,10793139.45311510
1781978400000,2026-06-20 18:00:00,63834.70000000,63928.40000000,63788.00000000,63805.89000000,119.99479000,1781981999999,7661305.13420180,48309,66.93977000,4274123.45217140
1781982000000,2026-06-20 19:00:00,63805.90000000,63968.00000000,63798.00000000,63936.00000000,173.41555000,1781985599999,11080948.50453580,54582,111.02592000,7094222.42073250
1781985600000,2026-06-20 20:00:00,63935.99000000,63981.09000000,63853.31000000,63925.99000000,210.00109000,1781989199999,13424167.57698160,43754,56.89124000,3636589.16847300
1781989200000,2026-06-20 21:00:00,63926.00000000,64092.91000000,63918.29000000,64012.40000000,272.00511000,1781992799999,17405324.27446470,70462,117.31717000,7507181.14523050
1781992800000,2026-06-20 22:00:00,64012.39000000,64350.00000000,63978.12000000,64272.01000000,446.43904000,1781996399999,28667859.22118200,99128,200.56736000,12879376.03750760
1781996400000,2026-06-20 23:00:00,64272.00000000,64336.91000000,64250.02000000,64298.01000000,247.09349000,1781999999999,15885321.71063930,51066,144.91366000,9315840.74086490
1782000000000,2026-06-21 00:00:00,64298.01000000,64322.91000000,64237.31000000,64294.00000000,425.19081000,1782003599999,27328722.28372010,42158,215.71316000,13864702.32926110
1782003600000,2026-06-21 01:00:00,64294.00000000,64323.68000000,64206.17000000,64248.00000000,486.06931000,1782007199999,31227606.55024600,50456,117.93843000,7577892.29866890
1782007200000,2026-06-21 02:00:00,64248.00000000,64275.12000000,64216.05000000,64241.25000000,230.06330000,1782010799999,14780488.89377360,40822,104.10731000,6688837.60340580
1782010800000,2026-06-21 03:00:00,64241.26000000,64472.99000000,64234.00000000,64426.00000000,409.22163000,1782014399999,26345662.75881720,73844,282.54079000,18189667.87981230
1782014400000,2026-06-21 04:00:00,64426.00000000,64588.00000000,64269.45000000,64276.12000000,379.39058000,1782017999999,24451616.55273650,76698,210.92645000,13596194.43860880
1782018000000,2026-06-21 05:00:00,64276.12000000,64365.43000000,64225.60000000,64256.55000000,166.55047000,1782021599999,10705100.22525790,44167,79.38338000,5102849.87607380
1782021600000,2026-06-21 06:00:00,64256.56000000,64323.99000000,64200.00000000,64303.46000000,142.55901000,1782025199999,9162049.21668080,33110,80.09574000,5148029.90696080
1782025200000,2026-06-21 07:00:00,64303.47000000,64303.47000000,64173.08000000,64191.07000000,302.97907000,1782028799999,19458367.93452150,38924,102.70537000,6595289.80335060
1782028800000,2026-06-21 08:00:00,64191.06000000,64228.00000000,63900.17000000,64014.00000000,328.07237000,1782032399999,21010754.76760720,62260,131.75639000,8439736.71757560
1782032400000,2026-06-21 09:00:00,64014.00000000,64246.00000000,63961.28000000,64209.16000000,221.03822000,1782035999999,14166363.32615650,50891,109.10319000,6995084.49374020
1782036000000,2026-06-21 10:00:00,64209.16000000,64408.00000000,64204.00000000,64365.99000000,286.23088000,1782039599999,18411262.73873760,56345,163.21432000,10497574.16936240
1782039600000,2026-06-21 11:00:00,64366.00000000,64483.95000000,64112.01000000,64176.00000000,438.27788000,1782043199999,28177934.57805440,109353,222.30328000,14296671.11746900
1782043200000,2026-06-21 12:00:00,64176.00000000,64235.13000000,63952.00000000,64200.00000000,359.32606000,1782046799999,23020290.63176620,83105,186.63152000,11956731.64957090
1782046800000,2026-06-21 13:00:00,64200.00000000,64200.00000000,64020.01000000,64146.00000000,161.65202000,1782050399999,10364927.24418360,53393,83.22186000,5336766.39768670
1782050400000,2026-06-21 14:00:00,64146.00000000,64154.00000000,64004.00000000,64145.97000000,189.32902000,1782053999999,12129348.33900610,54464,81.81992000,5242252.63832080
1782054000000,2026-06-21 15:00:00,64145.97000000,64355.88000000,64120.00000000,64224.00000000,390.79222000,1782057599999,25113334.39244540,70360,223.48845000,14361402.35044540
1782057600000,2026-06-21 16:00:00,64224.00000000,64254.38000000,64046.00000000,64145.31000000,236.79134000,1782061199999,15191891.15170060,74742,111.33051000,7142286.36815280
1782061200000,2026-06-21 17:00:00,64145.32000000,64221.44000000,64080.00000000,64151.46000000,205.04149000,1782064799999,13154792.19214500,44315,102.88340000,6599857.43294490
1782064800000,2026-06-21 18:00:00,64151.47000000,64240.00000000,63933.47000000,64213.81000000,270.92869000,1782068399999,17371302.88758560,83745,151.49493000,9715930.93651330
1782068400000,2026-06-21 19:00:00,64213.82000000,64298.84000000,64168.73000000,64207.12000000,189.28721000,1782071999999,12155827.20571240,47493,99.03400000,6359693.00867260
1782072000000,2026-06-21 20:00:00,64207.13000000,64271.21000000,63700.00000000,63848.00000000,420.72845000,1782075599999,26883641.10212370,86417,153.09069000,9783809.55195380
1782075600000,2026-06-21 21:00:00,63848.00000000,63969.59000000,63510.00000000,63808.01000000,752.88497000,1782079199999,47984945.36352610,157591,357.87894000,22812015.20822040
1782079200000,2026-06-21 22:00:00,63808.00000000,63864.00000000,63575.04000000,63801.59000000,437.50041000,1782082799999,27867595.41753950,144112,204.15164000,13003529.93042720
1782082800000,2026-06-21 23:00:00,63801.60000000,63801.60000000,63270.00000000,63311.99000000,604.75792000,1782086399999,38398349.98216880,189529,258.32015000,16396103.31303750
1782086400000,2026-06-22 00:00:00,63312.00000000,64094.00000000,63312.00000000,63896.01000000,709.82748000,1782089999999,45235372.69870090,193115,458.90520000,29244707.66169480
1782090000000,2026-06-22 01:00:00,63896.00000000,64823.52000000,63850.80000000,64606.00000000,1331.90666000,1782093599999,85861106.49432870,281614,759.23218000,48941027.66662690
1782093600000,2026-06-22 02:00:00,64606.00000000,64663.99000000,64250.00000000,64257.99000000,370.38632000,1782097199999,23886311.46883970,118103,138.59470000,8940186.37207150
1782097200000,2026-06-22 03:00:00,64258.00000000,64459.44000000,63894.98000000,63974.01000000,796.48727000,1782100799999,51102437.16955500,177126,346.48362000,22241729.42238940
1782100800000,2026-06-22 04:00:00,63974.01000000,64116.44000000,63868.41000000,64100.02000000,327.45142000,1782104399999,20950323.10706710,108093,151.85693000,9717009.49364710
1782104400000,2026-06-22 05:00:00,64100.01000000,64344.17000000,64088.64000000,64247.74000000,1091.63692000,1782107999999,70134349.37610170,90148,624.88716000,40140915.78981870
1782108000000,2026-06-22 06:00:00,64247.74000000,64326.00000000,63946.00000000,63989.95000000,416.90070000,1782111599999,26715790.22398460,83718,168.71524000,10813070.59910400
1782111600000,2026-06-22 07:00:00,63989.96000000,64397.57000000,63968.23000000,64211.19000000,352.41080000,1782115199999,22634570.09804600,102279,180.83173000,11614438.25168380
1782115200000,2026-06-22 08:00:00,64211.20000000,64350.58000000,64044.00000000,64165.99000000,368.11506000,1782118799999,23635362.32247330,98857,167.63190000,10763786.36290260
1782118800000,2026-06-22 09:00:00,64166.00000000,64256.20000000,64052.17000000,64145.39000000,200.06309000,1782122399999,12832924.24322380,81031,105.20417000,6748140.33482130
1782122400000,2026-06-22 10:00:00,64145.40000000,64272.00000000,64065.18000000,64139.21000000,240.08620000,1782125999999,15405322.41429750,68334,118.75899000,7620846.71294820
1782126000000,2026-06-22 11:00:00,64139.21000000,64768.46000000,64097.08000000,64657.22000000,1063.60877000,1782129599999,68587022.49686540,197181,599.16660000,38637128.86843910
1782129600000,2026-06-22 12:00:00,64657.22000000,65222.45000000,64579.08000000,65149.57000000,1156.05989000,1782133199999,75065076.64336210,216079,652.52071000,42369987.73773070
1782133200000,2026-06-22 13:00:00,65149.58000000,65589.76000000,64945.53000000,65578.00000000,1368.64481000,1782136799999,89332310.33782390,291784,756.43973000,49377344.14797390
1782136800000,2026-06-22 14:00:00,65577.99000000,65622.83000000,64835.00000000,64980.39000000,1096.28772000,1782140399999,71390228.48672960,264085,530.10706000,34522172.11657830
1782140400000,2026-06-22 15:00:00,64980.39000000,65146.00000000,64757.11000000,64836.95000000,593.12998000,1782143999999,38550944.19075430,171125,292.31369000,19001912.91436950
1782144000000,2026-06-22 16:00:00,64836.95000000,64862.00000000,64519.00000000,64719.77000000,680.43904000,1782147599999,44014493.64532550,172437,293.68195000,18999411.76002430
1782147600000,2026-06-22 17:00:00,64719.77000000,64769.98000000,64388.16000000,64602.00000000,523.74444000,1782151199999,33804825.46376520,128027,190.52768000,12299599.04355270
1782151200000,2026-06-22 18:00:00,64602.00000000,64730.15000000,64311.00000000,64334.01000000,548.78709000,1782154799999,35423274.21216220,119770,168.48441000,10879859.47359980
1782154800000,2026-06-22 19:00:00,64334.01000000,64499.28000000,64276.00000000,64472.00000000,579.92511000,1782158399999,37335087.80423520,132093,201.84954000,12996108.60812420
1782158400000,2026-06-22 20:00:00,64472.51000000,64659.43000000,64356.95000000,64433.80000000,399.51938000,1782161999999,25773074.62027850,76929,169.33483000,10924722.10236140
1782162000000,2026-06-22 21:00:00,64433.80000000,64480.00000000,64134.39000000,64320.57000000,263.43420000,1782165599999,16935381.79625300,74523,108.37076000,6967646.86801940
1782165600000,2026-06-22 22:00:00,64320.57000000,64396.45000000,63804.59000000,63971.12000000,510.07647000,1782169199999,32658462.76550410,172831,252.99529000,16198046.05999920
1782169200000,2026-06-22 23:00:00,63971.13000000,64053.33000000,63877.61000000,64020.01000000,434.17969000,1782172799999,27770505.07666860,102055,240.63878000,15394896.37405920
1782172800000,2026-06-23 00:00:00,64020.01000000,64162.02000000,63828.93000000,64154.99000000,679.20038000,1782176399999,43474284.57251610,118491,431.17171000,27600283.49234220
1782176400000,2026-06-23 01:00:00,64154.99000000,64273.09000000,63893.33000000,64156.00000000,540.18098000,1782179999999,34648395.56394600,124343,256.11001000,16428913.58539180
1782180000000,2026-06-23 02:00:00,64156.00000000,64275.38000000,64042.01000000,64204.01000000,319.75420000,1782183599999,20526056.60832640,87249,168.41038000,10811988.69687500
1782183600000,2026-06-23 03:00:00,64204.01000000,64204.01000000,63968.42000000,64065.35000000,236.76285000,1782187199999,15161726.51294350,81917,108.21329000,6928484.77072200
1782187200000,2026-06-23 04:00:00,64065.34000000,64095.55000000,63612.62000000,63623.02000000,408.12990000,1782190799999,26064118.47981810,96720,135.37325000,8644640.15852170
1782190800000,2026-06-23 05:00:00,63623.03000000,63728.00000000,63342.34000000,63400.00000000,850.99416000,1782194399999,54017478.43326280,149121,257.70609000,16364150.40042090
1782194400000,2026-06-23 06:00:00,63400.00000000,63400.00000000,62568.90000000,62936.01000000,1620.65692000,1782197999999,101990732.53812530,256650,707.73887000,44524213.63934660
1782198000000,2026-06-23 07:00:00,62936.01000000,63095.00000000,62872.00000000,62886.03000000,1074.96381000,1782201599999,67697249.46509290,151861,555.93503000,35010834.38157410
1782201600000,2026-06-23 08:00:00,62886.04000000,62945.08000000,61938.00000000,62385.99000000,4988.90507000,1782205199999,311004983.93102110,339405,1748.29413000,108957632.64346230
1782205200000,2026-06-23 09:00:00,62386.00000000,62528.13000000,62350.44000000,62386.00000000,613.23414000,1782208799999,38292861.83412630,108836,276.77945000,17281906.28325470
1782208800000,2026-06-23 10:00:00,62386.00000000,62586.00000000,62247.20000000,62328.01000000,387.47153000,1782212399999,24169554.74052140,102104,206.78886000,12897738.81857420
1782212400000,2026-06-23 11:00:00,62328.01000000,62643.99000000,62328.00000000,62507.06000000,456.80185000,1782215999999,28550962.10371490,113839,210.46386000,13152154.54242850
1782216000000,2026-06-23 12:00:00,62507.05000000,62558.00000000,62189.42000000,62256.60000000,873.94501000,1782219599999,54508795.41342390,154190,289.51607000,18055454.03948100
1782219600000,2026-06-23 13:00:00,62256.61000000,62538.72000000,61960.00000000,62475.99000000,1294.09387000,1782223199999,80567387.00399320,315624,643.48561000,40076145.52198330
1782223200000,2026-06-23 14:00:00,62476.00000000,62855.98000000,62406.25000000,62493.63000000,1302.27666000,1782226799999,81529043.42921780,289302,620.23142000,38833934.76021630
1782226800000,2026-06-23 15:00:00,62493.63000000,62507.99000000,62198.00000000,62487.79000000,630.16435000,1782230399999,39285509.83473620,187282,341.06670000,21258993.40650840
1782230400000,2026-06-23 16:00:00,62487.79000000,62846.00000000,62428.01000000,62558.00000000,728.22737000,1782233999999,45625781.92449510,177635,435.16598000,27270407.55649780
1782234000000,2026-06-23 17:00:00,62558.00000000,62693.48000000,62327.95000000,62358.02000000,533.28034000,1782237599999,33336320.30091300,140095,284.55243000,17790783.14343840
1782237600000,2026-06-23 18:00:00,62358.03000000,62445.21000000,62104.70000000,62241.99000000,492.79838000,1782241199999,30696538.56138790,123415,243.33767000,15159624.62648320
1782241200000,2026-06-23 19:00:00,62242.00000000,62480.00000000,62230.00000000,62388.49000000,707.45732000,1782244799999,44110196.62128650,138899,251.77964000,15699421.31035550
1782244800000,2026-06-23 20:00:00,62388.49000000,62531.27000000,62380.25000000,62470.70000000,373.02429000,1782248399999,23301565.38864330,86863,248.55508000,15526171.84151570
1782248400000,2026-06-23 21:00:00,62470.70000000,62658.93000000,62470.70000000,62599.77000000,367.76027000,1782251999999,23008841.57454330,83258,239.90823000,15009086.06832220
1782252000000,2026-06-23 22:00:00,62599.77000000,62779.82000000,62526.00000000,62590.00000000,430.92568000,1782255599999,26991513.54861520,107234,265.69318000,16641983.86905180
1782255600000,2026-06-23 23:00:00,62590.00000000,62799.99000000,62480.39000000,62734.57000000,311.98359000,1782259199999,19533322.86556320,91857,186.99046000,11708681.20216930
1782259200000,2026-06-24 00:00:00,62734.57000000,63024.40000000,62733.29000000,63014.00000000,799.18478000,1782262799999,50257377.10810870,126385,421.15799000,26484334.68754750
1782262800000,2026-06-24 01:00:00,63014.00000000,63119.45000000,62772.15000000,62932.19000000,599.06927000,1782266399999,37717343.26442330,136982,327.55016000,20625556.17841840
1782266400000,2026-06-24 02:00:00,62932.19000000,63013.12000000,62606.09000000,62630.00000000,593.50541000,1782269999999,37243072.43919130,124507,283.81592000,17806767.31838970
1782270000000,2026-06-24 03:00:00,62630.01000000,62830.00000000,62461.87000000,62729.78000000,770.64134000,1782273599999,48285451.80563090,136887,352.43356000,22082866.97198640
1782273600000,2026-06-24 04:00:00,62729.78000000,62799.62000000,62525.49000000,62744.42000000,650.06924000,1782277199999,40743892.48480360,100974,268.48756000,16827856.97394640
1782277200000,2026-06-24 05:00:00,62744.41000000,63073.44000000,62706.00000000,62890.00000000,366.02730000,1782280799999,23016675.46259970,80735,213.42012000,13419246.26021440
1782280800000,2026-06-24 06:00:00,62889.99000000,62909.98000000,62728.73000000,62780.00000000,219.51090000,1782284399999,13789231.80862250,61306,97.74234000,6139909.37355340
1782284400000,2026-06-24 07:00:00,62780.01000000,62844.00000000,62610.11000000,62657.99000000,589.75592000,1782287999999,36988954.42243360,100614,289.45986000,18152378.67807160
1782288000000,2026-06-24 08:00:00,62658.00000000,62807.46000000,62605.28000000,62800.00000000,475.30761000,1782291599999,29798205.10111080,78571,287.05733000,17996090.50384550
1782291600000,2026-06-24 09:00:00,62800.00000000,62800.01000000,62637.08000000,62681.70000000,493.71643000,1782295199999,30970089.84115310,98629,167.08346000,10478419.03145430
1782295200000,2026-06-24 10:00:00,62681.70000000,62681.70000000,62412.05000000,62445.99000000,530.71886000,1782298799999,33202742.42447350,107683,312.44922000,19549597.46328920
1782298800000,2026-06-24 11:00:00,62445.99000000,63239.06000000,62318.88000000,62921.19000000,815.18681000,1782302399999,51105232.42222160,185767,510.66412000,32021019.24948120
1782302400000,2026-06-24 12:00:00,62921.19000000,62973.20000000,62585.20000000,62618.31000000,517.25346000,1782305999999,32462007.75098960,138429,267.56981000,16791790.68873660
1782306000000,2026-06-24 13:00:00,62618.31000000,62628.75000000,61255.74000000,61338.01000000,2775.24015000,1782309599999,171460989.13044880,555656,1139.53839000,70383359.94111180
1782309600000,2026-06-24 14:00:00,61338.00000000,61456.00000000,60888.00000000,61113.10000000,2839.40106000,1782313199999,173673001.99626490,428336,1297.63861000,79378015.03183650
1782313200000,2026-06-24 15:00:00,61113.10000000,61150.13000000,60249.82000000,60250.00000000,3237.99155000,1782316799999,196096750.88682120,385003,1538.79403000,93131623.96025630
1782316800000,2026-06-24 16:00:00,60250.00000000,60678.10000000,59622.00000000,59850.00000000,4274.39737000,1782320399999,256961396.52961640,480937,1880.65761000,113124198.29414760
1782320400000,2026-06-24 17:00:00,59850.00000000,60057.18000000,59102.70000000,59404.00000000,3790.18060000,1782323999999,225687231.79445020,583539,1616.83550000,96314396.41421480
1782324000000,2026-06-24 18:00:00,59404.00000000,59930.00000000,59310.85000000,59599.99000000,1583.51728000,1782327599999,94396964.98445060,393229,835.69309000,49820379.91107480
1782327600000,2026-06-24 19:00:00,59600.00000000,60000.00000000,59530.00000000,59958.30000000,1195.52715000,1782331199999,71419019.67313630,259015,541.44432000,32350288.59485480
1782331200000,2026-06-24 20:00:00,59958.30000000,61208.48000000,59854.00000000,60956.00000000,1821.39287000,1782334799999,110554024.54506430,393703,981.85844000,59554293.55378000
1782334800000,2026-06-24 21:00:00,60956.00000000,61144.63000000,60665.75000000,61110.00000000,801.00882000,1782338399999,48752774.91890590,167542,341.88455000,20816959.43571160
1782338400000,2026-06-24 22:00:00,61109.99000000,61276.00000000,60802.66000000,60873.99000000,523.65642000,1782341999999,31939802.77072300,134255,256.14668000,15627823.07228230
1782342000000,2026-06-24 23:00:00,60874.00000000,61112.00000000,60830.01000000,61077.99000000,416.02483000,1782345599999,25363580.74225100,108847,222.07173000,13536918.97417940
1782345600000,2026-06-25 00:00:00,61078.00000000,61163.16000000,60726.77000000,60832.00000000,766.62145000,1782349199999,46691482.84901030,159399,386.45642000,23534668.25204610
1782349200000,2026-06-25 01:00:00,60832.00000000,60988.00000000,60720.23000000,60928.00000000,615.84376000,1782352799999,37488948.11078600,123199,383.13373000,23322846.34143740
1782352800000,2026-06-25 02:00:00,60928.00000000,60966.00000000,60700.01000000,60799.08000000,580.03112000,1782356399999,35286732.78430680,107838,304.86891000,18552952.49541100
1782356400000,2026-06-25 03:00:00,60799.08000000,60910.63000000,60684.94000000,60883.65000000,479.47033000,1782359999999,29149873.97351930,97929,212.43252000,12914978.04895920
1782360000000,2026-06-25 04:00:00,60883.66000000,61410.00000000,60792.00000000,61357.63000000,536.03927000,1782363599999,32726085.52683930,112120,337.81661000,20628193.36738240
1782363600000,2026-06-25 05:00:00,61357.63000000,61807.04000000,61280.00000000,61600.01000000,1223.40590000,1782367199999,75352163.74319180,211271,716.18376000,44110890.81800970
1782367200000,2026-06-25 06:00:00,61600.02000000,61869.02000000,61600.01000000,61732.06000000,539.28770000,1782370799999,33287442.66983370,123079,278.67206000,17201841.85443420
1782370800000,2026-06-25 07:00:00,61732.06000000,61962.40000000,61670.00000000,61911.04000000,937.71339000,1782374399999,57971056.70771480,139142,459.90510000,28434566.24449520
1782374400000,2026-06-25 08:00:00,61911.03000000,61920.00000000,61684.87000000,61712.35000000,337.43778000,1782377999999,20843781.77865060,69156,171.53089000,10594962.25490080
1782378000000,2026-06-25 09:00:00,61712.36000000,61792.00000000,61614.32000000,61739.29000000,327.48572000,1782381599999,20215186.99658670,85587,169.77317000,10479556.25541330
1782381600000,2026-06-25 10:00:00,61739.29000000,61751.07000000,61257.79000000,61269.94000000,686.26895000,1782385199999,42197734.76644030,100210,275.20478000,16926978.34499780
1782385200000,2026-06-25 11:00:00,61269.95000000,61422.52000000,61066.00000000,61282.01000000,605.95603000,1782388799999,37119324.37557800,142115,310.83945000,19041179.15066930
1782388800000,2026-06-25 12:00:00,61282.00000000,61761.35000000,61080.00000000,61244.01000000,1124.99959000,1782392399999,69045797.51517600,203749,546.91155000,33562751.31879260
1782392400000,2026-06-25 13:00:00,61244.01000000,61369.18000000,58115.01000000,58290.17000000,6396.00513000,1782395999999,380024167.93669990,711570,2298.25949000,136663528.58510660
1782396000000,2026-06-25 14:00:00,58291.70000000,60485.51000000,58291.70000000,59471.50000000,6002.27451000,1782399599999,356352667.74290130,918698,2965.10827000,176066515.65207780
1782399600000,2026-06-25 15:00:00,59471.49000000,59655.86000000,58874.85000000,59557.99000000,2456.01373000,1782403199999,145520577.58126800,571282,1319.44978000,78192715.59071050
1782403200000,2026-06-25 16:00:00,59557.99000000,60067.00000000,59157.63000000,59312.64000000,1765.10919000,1782406799999,105192081.35016500,402710,870.79628000,51916404.23357450
1782406800000,2026-06-25 17:00:00,59312.64000000,59740.90000000,59139.96000000,59676.01000000,1062.87634000,1782410399999,63220574.21374070,306502,503.00637000,29919020.24162530
1782410400000,2026-06-25 18:00:00,59676.00000000,59793.34000000,59364.00000000,59512.71000000,978.75101000,1782413999999,58292434.47089830,271117,458.08442000,27284351.28544370
1782414000000,2026-06-25 19:00:00,59512.71000000,59516.00000000,59168.82000000,59320.00000000,917.28893000,1782417599999,54413311.66923340,220627,362.89374000,21526139.97365050
1782417600000,2026-06-25 20:00:00,59319.99000000,59741.95000000,59319.99000000,59456.62000000,539.40098000,1782421199999,32127053.59700070,174692,283.16712000,16863507.51237780
1782421200000,2026-06-25 21:00:00,59456.62000000,60273.81000000,59452.01000000,60211.87000000,617.22274000,1782424799999,36938367.20622790,158340,362.05614000,21666377.09861550
1782424800000,2026-06-25 22:00:00,60211.86000000,60211.86000000,59740.00000000,59851.27000000,431.60976000,1782428399999,25857609.02411200,145058,196.11012000,11748656.72042280
1782428400000,2026-06-25 23:00:00,59851.27000000,60191.55000000,59739.99000000,59794.00000000,458.89363000,1782431999999,27539643.48020580,127885,233.49284000,14016416.13410170
1782432000000,2026-06-26 00:00:00,59794.64000000,59906.71000000,59642.77000000,59667.09000000,875.61527000,1782435599999,52339859.67494660,162674,402.27417000,24045628.91451250
1782435600000,2026-06-26 01:00:00,59667.09000000,59789.07000000,59228.00000000,59431.50000000,833.71293000,1782439199999,49561281.28304790,202581,447.29874000,26586696.60383390
1782439200000,2026-06-26 02:00:00,59431.49000000,59456.00000000,58358.77000000,58561.99000000,2633.68350000,1782442799999,154710939.97012770,452610,1122.02177000,65899172.14615070
1782442800000,2026-06-26 03:00:00,58562.00000000,60131.37000000,58337.00000000,60036.01000000,1886.07235000,1782446399999,111839134.51756910,405660,1041.04862000,61760408.66554350
1782446400000,2026-06-26 04:00:00,60036.00000000,60238.77000000,59836.17000000,59920.47000000,843.97840000,1782449999999,50615473.78122770,213990,430.93902000,25845360.15637230
1782450000000,2026-06-26 05:00:00,59920.47000000,60047.68000000,59736.00000000,59953.30000000,883.13649000,1782453599999,52912089.88995280,188170,523.39050000,31360566.29070960
1782453600000,2026-06-26 06:00:00,59953.30000000,60459.55000000,59702.00000000,60324.00000000,1504.97927000,1782457199999,90291075.05367970,234388,838.97148000,50329500.27623870
1782457200000,2026-06-26 07:00:00,60324.00000000,60759.99000000,60283.08000000,60532.00000000,2153.07079000,1782460799999,130446544.64599510,229646,1348.28161000,81696058.49701910
1782460800000,2026-06-26 08:00:00,60532.00000000,60580.00000000,60150.56000000,60245.67000000,803.85464000,1782464399999,48471863.71170570,177708,399.32213000,24075236.50244150
1782464400000,2026-06-26 09:00:00,60245.90000000,60259.37000000,59583.33000000,59736.01000000,832.22202000,1782467999999,49907821.12244850,193497,392.74698000,23553094.87247300
1782468000000,2026-06-26 10:00:00,59736.01000000,59858.93000000,59239.78000000,59313.26000000,1050.97441000,1782471599999,62640915.54832860,210687,354.72724000,21145961.54539870
1782471600000,2026-06-26 11:00:00,59313.26000000,59588.00000000,59259.78000000,59413.24000000,1048.33290000,1782475199999,62289028.21653830,225697,322.03281000,19141812.74437050
1782475200000,2026-06-26 12:00:00,59413.24000000,60007.91000000,58969.90000000,59185.02000000,1710.35381000,1782478799999,101670395.31500190,391882,719.69305000,42801279.41441500
1782478800000,2026-06-26 13:00:00,59185.02000000,60216.14000000,58500.10000000,60175.43000000,2730.33879000,1782482399999,161544165.53505080,614901,1286.43381000,76192709.60169420
1782482400000,2026-06-26 14:00:00,60175.42000000,60294.00000000,59390.00000000,59590.73000000,1745.27867000,1782485999999,104509262.71572580,495443,937.57446000,56172265.02083560
1782486000000,2026-06-26 15:00:00,59590.73000000,60500.00000000,59584.01000000,60328.32000000,1582.87088000,1782489599999,95236567.32301260,372943,921.34482000,55436539.88286930
1782489600000,2026-06-26 16:00:00,60328.18000000,60583.00000000,59970.00000000,60041.75000000,1128.46917000,1782493199999,67961986.73433160,298153,661.35131000,39846323.70829520
1782493200000,2026-06-26 17:00:00,60041.76000000,60287.90000000,59952.00000000,60023.97000000,546.63522000,1782496799999,32855604.52634900,201851,315.50374000,18964096.25137900
1782496800000,2026-06-26 18:00:00,60023.96000000,60158.00000000,59556.00000000,59668.01000000,504.21141000,1782500399999,30176033.71512510,159873,214.81078000,12861504.43780110
1782500400000,2026-06-26 19:00:00,59668.01000000,60098.00000000,59617.37000000,59751.97000000,708.47753000,1782503999999,42438174.07813640,194888,408.78042000,24484647.08460780
1782504000000,2026-06-26 20:00:00,59751.96000000,59994.00000000,59571.31000000,59718.00000000,454.05927000,1782507599999,27129153.68863900,156305,243.15483000,14528392.66291850
1782507600000,2026-06-26 21:00:00,59717.99000000,60050.00000000,59678.00000000,59918.70000000,287.90036000,1782511199999,17238848.55999030,93981,151.39467000,9065333.03859620
1782511200000,2026-06-26 22:00:00,59918.70000000,60080.00000000,59754.00000000,60048.00000000,335.92054000,1782514799999,20134254.53474960,79936,234.62324000,14063629.24286790
1782514800000,2026-06-26 23:00:00,60048.00000000,60117.64000000,59923.27000000,60097.27000000,319.40861000,1782518399999,19181584.23613250,61670,189.77017000,11396743.43943890
1782518400000,2026-06-27 00:00:00,60097.27000000,60197.00000000,59876.22000000,60059.07000000,360.77885000,1782521999999,21659175.89678190,73424,218.60438000,13122049.00706220
1782522000000,2026-06-27 01:00:00,60059.09000000,60068.00000000,59936.07000000,59945.53000000,245.35114000,1782525599999,14715922.99860680,50580,122.44930000,7344564.65298180
1782525600000,2026-06-27 02:00:00,59945.53000000,60378.23000000,59921.68000000,60290.01000000,695.38686000,1782529199999,41891050.36140030,101215,472.47929000,28472726.48549830
1782529200000,2026-06-27 03:00:00,60290.01000000,60412.00000000,60159.91000000,60305.73000000,438.61125000,1782532799999,26450683.77349320,81504,278.08170000,16770876.23313750
1782532800000,2026-06-27 04:00:00,60305.73000000,60482.00000000,60217.26000000,60239.99000000,303.30454000,1782536399999,18317679.71234170,58443,166.47542000,10054309.46567030
1782536400000,2026-06-27 05:00:00,60240.00000000,60311.00000000,60136.00000000,60236.76000000,444.91930000,1782539999999,26798807.10585100,53952,307.88905000,18545072.94703320
1782540000000,2026-06-27 06:00:00,60236.75000000,60500.00000000,60093.33000000,60370.62000000,581.81791000,1782543599999,35069964.08526130,77151,311.15433000,18767952.85735860
1782543600000,2026-06-27 07:00:00,60370.63000000,60574.00000000,60300.00000000,60548.07000000,825.68653000,1782547199999,49908215.64968980,77214,312.69149000,18900111.84789520
1782547200000,2026-06-27 08:00:00,60548.06000000,60548.74000000,60371.62000000,60456.00000000,470.55782000,1782550799999,28451213.51426820,61408,274.75326000,16614595.62271370
1782550800000,2026-06-27 09:00:00,60456.00000000,60511.99000000,60289.55000000,60414.62000000,307.96541000,1782554399999,18601643.63329180,58356,117.14622000,7076379.66639720
1782554400000,2026-06-27 10:00:00,60414.62000000,60487.31000000,60380.00000000,60420.28000000,137.85110000,1782557999999,8330482.52649860,36219,64.41634000,3892515.04610170
1782558000000,2026-06-27 11:00:00,60420.28000000,60447.80000000,60198.94000000,60363.65000000,275.39332000,1782561599999,16614326.57793190,63360,154.90530000,9347155.21783520
1782561600000,2026-06-27 12:00:00,60363.65000000,60430.01000000,60257.03000000,60430.00000000,349.04570000,1782565199999,21062550.11414920,63530,177.02135000,10684178.99717400
1782565200000,2026-06-27 13:00:00,60430.00000000,60665.74000000,60394.00000000,60588.35000000,434.13389000,1782568799999,26261981.14187860,81761,241.54445000,14611822.68654340
1782568800000,2026-06-27 14:00:00,60588.35000000,60728.00000000,60510.00000000,60611.50000000,306.64293000,1782572399999,18588946.09772140,76540,167.77806000,10171765.63011820
1782572400000,2026-06-27 15:00:00,60611.49000000,60941.17000000,60570.00000000,60840.06000000,606.25294000,1782575999999,36861810.81344970,112401,331.39925000,20146936.18115420
1782576000000,2026-06-27 16:00:00,60840.06000000,60855.03000000,60673.64000000,60807.99000000,239.69380000,1782579599999,14567100.88282270,65163,126.40823000,7682534.46039980
1782579600000,2026-06-27 17:00:00,60808.00000000,60818.76000000,60413.15000000,60524.88000000,548.67896000,1782583199999,33227976.74694380,106011,256.97477000,15560922.73705590
1782583200000,2026-06-27 18:00:00,60524.89000000,60576.03000000,60446.25000000,60570.86000000,229.00634000,1782586799999,13860076.14348740,60414,133.21352000,8062884.14315860
1782586800000,2026-06-27 19:00:00,60570.86000000,60605.41000000,60085.88000000,60175.95000000,414.61342000,1782590399999,25008261.79673870,100858,166.71484000,10056731.63289870
1782590400000,2026-06-27 20:00:00,60175.95000000,60306.00000000,60173.07000000,60300.00000000,220.12001000,1782593999999,13266580.83510020,44005,131.32829000,7915021.71046360
1782594000000,2026-06-27 21:00:00,60300.00000000,60482.18000000,60142.00000000,60203.82000000,280.50282000,1782597599999,16924688.77362160,69861,150.30608000,9069126.89634170
1782597600000,2026-06-27 22:00:00,60203.83000000,60256.56000000,59855.16000000,60228.95000000,377.17485000,1782601199999,22661172.05309440,107848,152.06586000,9135447.08220370
1782601200000,2026-06-27 23:00:00,60228.96000000,60320.00000000,59952.00000000,60029.00000000,493.73947000,1782604799999,29664951.83542140,82198,232.12572000,13945509.05150200
1782604800000,2026-06-28 00:00:00,60029.01000000,60190.00000000,60018.00000000,60146.00000000,462.24707000,1782608399999,27801502.97533390,57776,229.80345000,13819921.46982130
1782608400000,2026-06-28 01:00:00,60146.00000000,60273.38000000,59986.00000000,60222.22000000,267.56528000,1782611999999,16093105.82233950,57460,121.32732000,7298081.77613810
1782612000000,2026-06-28 02:00:00,60222.21000000,60339.99000000,60054.00000000,60150.45000000,403.64282000,1782615599999,24281562.71999080,52472,230.87390000,13890463.20795850
1782615600000,2026-06-28 03:00:00,60150.46000000,60275.00000000,60150.45000000,60197.04000000,255.71231000,1782619199999,15398056.34542860,41734,126.98002000,7647488.18837880
1782619200000,2026-06-28 04:00:00,60197.03000000,60231.83000000,60088.04000000,60133.00000000,191.50597000,1782622799999,11525619.52309300,38129,104.14566000,6268367.47288190
1782622800000,2026-06-28 05:00:00,60133.01000000,60140.00000000,59753.48000000,59989.17000000,345.08439000,1782626399999,20677361.04753100,89588,145.15325000,8695954.76688220
1782626400000,2026-06-28 06:00:00,59989.18000000,60030.00000000,59808.00000000,60002.82000000,217.95005000,1782629999999,13065476.34605460,54274,102.75802000,6160076.98595760
1782630000000,2026-06-28 07:00:00,60002.82000000,60259.68000000,60000.00000000,60219.99000000,361.83587000,1782633599999,21776544.36846520,57588,211.36159000,12718763.58887900
1782633600000,2026-06-28 08:00:00,60220.00000000,60545.01000000,60140.14000000,60370.00000000,491.60840000,1782637199999,29656618.96581600,89011,302.98732000,18277928.02919130
1782637200000,2026-06-28 09:00:00,60370.01000000,60462.00000000,60250.81000000,60258.84000000,222.40620000,1782640799999,13426178.62119420,65409,108.99010000,6580348.22059940
1782640800000,2026-06-28 10:00:00,60258.85000000,60292.48000000,60068.00000000,60166.71000000,181.18756000,1782644399999,10901038.33806000,55672,89.66664000,5394761.02536360
1782644400000,2026-06-28 11:00:00,60166.71000000,60374.05000000,60100.00000000,60342.00000000,225.05378000,1782647999999,13554368.89513200,64366,88.20241000,5314482.52374520
1782648000000,2026-06-28 12:00:00,60341.99000000,60457.02000000,60190.00000000,60293.51000000,212.93540000,1782651599999,12840041.91074240,76679,90.33396000,5447155.70800250
1782651600000,2026-06-28 13:00:00,60293.50000000,60293.51000000,59963.86000000,60071.88000000,369.88204000,1782655199999,22230271.83521820,109537,189.59236000,11395519.24020620
1782655200000,2026-06-28 14:00:00,60071.89000000,60250.00000000,60018.00000000,60033.00000000,318.13606000,1782658799999,19127426.37921840,89124,156.84624000,9430122.88654020
1782658800000,2026-06-28 15:00:00,60033.01000000,60130.00000000,59817.28000000,59890.00000000,467.03244000,1782662399999,28007924.73731790,110970,198.38316000,11898647.54903520
1782662400000,2026-06-28 16:00:00,59890.35000000,59943.90000000,59582.34000000,59690.62000000,567.70369000,1782665999999,33912883.09680000,169266,261.76198000,15635099.32227710
1782666000000,2026-06-28 17:00:00,59690.62000000,59848.00000000,59403.77000000,59586.01000000,519.06441000,1782669599999,30937911.33511850,134230,226.98842000,13530554.19156650
1782669600000,2026-06-28 18:00:00,59586.00000000,59700.00000000,59502.00000000,59614.46000000,272.01169000,1782673199999,16214086.11426440,80769,125.70248000,7493709.19413040
1782673200000,2026-06-28 19:00:00,59614.46000000,59682.00000000,59270.26000000,59481.79000000,301.99561000,1782676799999,17954136.63850050,111748,143.37444000,8526147.53724280
1782676800000,2026-06-28 20:00:00,59481.78000000,59765.90000000,59474.28000000,59660.00000000,227.14803000,1782680399999,13552512.79891870,73816,141.35414000,8433976.07235960
1782680400000,2026-06-28 21:00:00,59660.00000000,59796.66000000,59333.33000000,59445.95000000,531.65984000,1782683999999,31663885.95675490,107732,250.23244000,14904477.85363310
1782684000000,2026-06-28 22:00:00,59445.96000000,59906.00000000,58905.00000000,59067.01000000,983.67622000,1782687599999,58356158.78863000,328293,361.58082000,21472705.61443810
1782687600000,2026-06-28 23:00:00,59067.00000000,59848.00000000,59011.99000000,59577.01000000,510.09283000,1782691199999,30378547.25119400,183589,282.24576000,16807137.93534950
1782691200000,2026-06-29 00:00:00,59577.01000000,59700.00000000,59000.01000000,59667.01000000,549.31747000,1782694799999,32581991.65721250,282153,249.60603000,14810994.13147510
1782694800000,2026-06-29 01:00:00,59667.00000000,59697.00000000,59206.00000000,59440.95000000,647.05387000,1782698399999,38488733.82836900,193757,291.54439000,17341528.26243840
1782698400000,2026-06-29 02:00:00,59440.95000000,59812.00000000,58900.01000000,59757.46000000,1223.86338000,1782701999999,72858476.28678620,235363,679.80321000,40475427.49481680
1782702000000,2026-06-29 03:00:00,59757.47000000,60233.00000000,59757.47000000,60049.46000000,780.88525000,1782705599999,46864820.35674850,203300,456.06944000,27366788.36599060
1782705600000,2026-06-29 04:00:00,60049.45000000,60053.99000000,59746.00000000,59830.00000000,361.46912000,1782709199999,21645810.97082500,119825,168.67540000,10100513.74526350
1782709200000,2026-06-29 05:00:00,59830.01000000,60102.80000000,59392.02000000,60102.80000000,496.75535000,1782712799999,29661309.61038830,186560,245.55898000,14666811.80953030
1782712800000,2026-06-29 06:00:00,60102.80000000,60346.27000000,60050.67000000,60075.49000000,683.16036000,1782716399999,41109328.73650830,157840,330.86466000,19909688.69078880
1782716400000,2026-06-29 07:00:00,60075.50000000,60186.94000000,59936.00000000,60026.00000000,536.94262000,1782719999999,32249136.33696890,98981,211.46790000,12702495.84894240
1782720000000,2026-06-29 08:00:00,60026.01000000,60093.99000000,59745.46000000,59840.00000000,550.67382000,1782723599999,32995516.23851600,147264,263.23571000,15771379.35735450
1782723600000,2026-06-29 09:00:00,59840.01000000,60104.00000000,59778.76000000,60057.00000000,747.08903000,1782727199999,44798064.80515190,150655,445.90322000,26740507.60070800
1782727200000,2026-06-29 10:00:00,60057.00000000,60311.95000000,60056.99000000,60088.00000000,441.90219000,1782730799999,26586910.08011230,124532,177.48586000,10678644.09779950
1782730800000,2026-06-29 11:00:00,60088.00000000,60216.00000000,59796.00000000,59956.05000000,515.67042000,1782734399999,30925308.38598770,145365,229.72618000,13776659.71003130
1782734400000,2026-06-29 12:00:00,59956.05000000,60780.57000000,59595.09000000,59948.78000000,2600.10754000,1782737999999,156762919.05714570,457311,1438.49747000,86764993.13478140
1782738000000,2026-06-29 13:00:00,59948.79000000,60340.00000000,59319.90000000,59580.00000000,2144.25430000,1782741599999,128106530.02789540,436186,1069.97015000,63970238.18490810
1782741600000,2026-06-29 14:00:00,59580.00000000,59699.99000000,59011.00000000,59469.67000000,1999.07246000,1782745199999,118593704.85957340,516828,933.46001000,55382025.99001850
1782745200000,2026-06-29 15:00:00,59469.45000000,59960.00000000,59097.58000000,59824.01000000,1368.05680000,1782748799999,81542856.02071330,316394,643.93660000,38401066.38031260
1782748800000,2026-06-29 16:00:00,59824.01000000,60030.00000000,59584.48000000,59892.86000000,663.03532000,1782752399999,39649580.30593390,203889,342.42730000,20480631.06249950
1782752400000,2026-06-29 17:00:00,59892.87000000,60683.84000000,59892.00000000,60413.99000000,1795.75633000,1782755999999,108563615.56600860,291079,1146.20040000,69292332.81972560
1782756000000,2026-06-29 18:00:00,60413.99000000,60520.00000000,60193.87000000,60295.00000000,525.48841000,1782759599999,31708316.94179130,136627,223.68780000,13498294.93125520
1782759600000,2026-06-29 19:00:00,60295.00000000,60557.50000000,60153.35000000,60433.49000000,501.01522000,1782763199999,30248051.16903470,145050,256.47790000,15485229.12242690
1782763200000,2026-06-29 20:00:00,60433.50000000,60553.06000000,60295.32000000,60296.00000000,312.86249000,1782766799999,18907793.38844070,106341,167.59365000,10129290.38356000
1782766800000,2026-06-29 21:00:00,60296.01000000,60585.99000000,60261.89000000,60479.72000000,294.76243000,1782770399999,17803232.83253460,80099,145.57774000,8793871.05830060
1782770400000,2026-06-29 22:00:00,60479.71000000,60516.00000000,60350.00000000,60352.31000000,211.76202000,1782773999999,12796348.93932830,79380,86.85502000,5248814.31880680
1782774000000,2026-06-29 23:00:00,60352.31000000,60379.23000000,60194.01000000,60260.21000000,252.18558000,1782777599999,15199881.34204100,69557,129.53725000,7807022.02379250
1782777600000,2026-06-30 00:00:00,60260.20000000,60276.54000000,59700.00000000,59838.01000000,709.83194000,1782781199999,42576519.47305040,166905,281.01678000,16856082.29365330
1782781200000,2026-06-30 01:00:00,59838.01000000,60048.98000000,59771.00000000,59939.94000000,341.19535000,1782784799999,20438655.93340740,122426,176.13155000,10551978.41498370
1782784800000,2026-06-30 02:00:00,59939.94000000,60042.54000000,59755.00000000,59948.24000000,424.27619000,1782788399999,25431758.83841380,70631,241.91792000,14501062.94771630
1782788400000,2026-06-30 03:00:00,59948.24000000,60031.75000000,59600.00000000,59627.48000000,381.85931000,1782791999999,22844335.50096210,97355,161.64120000,9671308.77708470
1782792000000,2026-06-30 04:00:00,59627.47000000,59700.00000000,59433.36000000,59492.01000000,774.84820000,1782795599999,46133824.62191900,124442,310.18818000,18470619.04567910
1782795600000,2026-06-30 05:00:00,59492.01000000,59656.89000000,59360.00000000,59652.13000000,807.92024000,1782799199999,48075635.21617330,99061,390.70014000,23240094.95636890
1782799200000,2026-06-30 06:00:00,59652.13000000,59712.88000000,59513.72000000,59592.00000000,708.76994000,1782802799999,42217961.42828500,97993,292.74179000,17438792.38659640
1782802800000,2026-06-30 07:00:00,59592.00000000,59632.00000000,59444.00000000,59524.01000000,762.40668000,1782806399999,45379833.97609340,112318,299.47654000,17824255.23385630
1782806400000,2026-06-30 08:00:00,59524.01000000,59551.03000000,59189.00000000,59311.92000000,879.64073000,1782809999999,52200288.91465230,156155,384.68669000,22827451.01945590
1782810000000,2026-06-30 09:00:00,59311.26000000,59420.00000000,59252.00000000,59374.96000000,442.65865000,1782813599999,26267712.21599130,88435,176.84900000,10495504.94597410
1782813600000,2026-06-30 10:00:00,59374.96000000,59420.00000000,59286.36000000,59334.01000000,300.40182000,1782817199999,17830755.08019730,77718,127.35046000,7559648.82804960
1782817200000,2026-06-30 11:00:00,59334.01000000,59413.27000000,59123.01000000,59192.70000000,466.77156000,1782820799999,27657482.27521460,119743,226.37116000,13414108.69458160
1782820800000,2026-06-30 12:00:00,59192.71000000,59192.71000000,58403.51000000,58412.00000000,2043.39825000,1782824399999,120207614.40394600,281566,731.86909000,43060286.46350200
1782824400000,2026-06-30 13:00:00,58411.99000000,58802.66000000,58228.33000000,58737.18000000,2504.50868000,1782827999999,146521927.59634030,405820,1338.68773000,78337035.48429280
1782828000000,2026-06-30 14:00:00,58737.17000000,59276.60000000,58433.00000000,58482.81000000,1779.99006000,1782831599999,104813434.89045950,393176,919.97037000,54191988.35633970
1782831600000,2026-06-30 15:00:00,58482.81000000,58796.00000000,58201.00000000,58381.99000000,1563.15031000,1782835199999,91300071.01215150,330146,722.16848000,42182738.75153330
1782835200000,2026-06-30 16:00:00,58382.00000000,58632.00000000,58241.79000000,58497.65000000,1178.89718000,1782838799999,68842598.87537770,205422,503.78164000,29422878.05928560
1782838800000,2026-06-30 17:00:00,58497.65000000,58618.65000000,58310.72000000,58417.99000000,632.53618000,1782842399999,36957916.76783930,164320,246.59975000,14409150.25217950
1782842400000,2026-06-30 18:00:00,58417.99000000,58699.98000000,58351.56000000,58680.87000000,605.07781000,1782845999999,35404263.04430410,158375,266.88819000,15619136.32278420
1782846000000,2026-06-30 19:00:00,58680.86000000,58839.16000000,58586.01000000,58818.05000000,678.64150000,1782849599999,39837327.54076910,160151,329.59967000,19349455.69361900
1782849600000,2026-06-30 20:00:00,58818.00000000,58874.99000000,58648.26000000,58732.01000000,428.82351000,1782853199999,25195928.00937110,107496,190.70232000,11204093.62776450
1782853200000,2026-06-30 21:00:00,58732.00000000,58770.00000000,58509.99000000,58639.99000000,398.14222000,1782856799999,23338596.69681600,106726,190.26444000,11152224.77278780
1782856800000,2026-06-30 22:00:00,58639.99000000,58806.91000000,58513.80000000,58607.99000000,274.43078000,1782860399999,16096803.40837560,82205,135.70062000,7960798.38191700
1782860400000,2026-06-30 23:00:00,58607.99000000,58664.00000000,58555.00000000,58624.71000000,551.65078000,1782863999999,32339945.76924640,76224,234.24755000,13731001.42156910
1782864000000,2026-07-01 00:00:00,58624.71000000,58750.68000000,58310.00000000,58576.00000000,670.64661000,1782867599999,39287687.87849390,123702,407.14947000,23863996.29329320
1782867600000,2026-07-01 01:00:00,58575.99000000,59022.81000000,57800.19000000,58770.57000000,2987.12539000,1782871199999,174051918.72630130,416892,1170.57071000,68353222.22070030
1782871200000,2026-07-01 02:00:00,58770.58000000,59171.63000000,58663.95000000,59085.00000000,692.74758000,1782874799999,40851992.48976080,168468,382.54040000,22558060.40025280
1782874800000,2026-07-01 03:00:00,59085.00000000,59318.00000000,58850.00000000,59197.13000000,715.44075000,1782878399999,42258226.39131830,133321,385.35606000,22767806.69029940
1782878400000,2026-07-01 04:00:00,59197.12000000,59457.00000000,59062.00000000,59339.99000000,480.11636000,1782881999999,28466664.97452890,117699,196.74879000,11664634.99275970
1782882000000,2026-07-01 05:00:00,59339.99000000,59376.48000000,59126.42000000,59154.33000000,432.30487000,1782885599999,25617195.94390650,87493,138.44589000,8202749.81910290
1782885600000,2026-07-01 06:00:00,59154.33000000,59156.00000000,58534.31000000,58755.80000000,794.13401000,1782889199999,46677427.90977700,149912,337.31243000,19821456.20812020
1782889200000,2026-07-01 07:00:00,58755.80000000,58823.90000000,58600.00000000,58768.65000000,479.85852000,1782892799999,28170098.93476090,107430,274.42548000,16108896.46928720
1782892800000,2026-07-01 08:00:00,58768.64000000,58984.00000000,58500.00000000,58973.99000000,381.93254000,1782896399999,22416335.79090860,108372,191.72148000,11254146.38954850
1782896400000,2026-07-01 09:00:00,58973.99000000,59091.99000000,58825.61000000,58944.55000000,417.79405000,1782899999999,24620304.64672380,82562,217.29554000,12805974.42974210
1782900000000,2026-07-01 10:00:00,58944.55000000,58948.47000000,58624.00000000,58659.98000000,405.70309000,1782903599999,23830898.49282600,92010,156.96634000,9220153.94333120
1782903600000,2026-07-01 11:00:00,58659.97000000,58755.90000000,58550.00000000,58622.03000000,396.69177000,1782907199999,23276107.64823460,107085,194.66824000,11424600.05519890
1782907200000,2026-07-01 12:00:00,58622.02000000,58676.00000000,58326.00000000,58538.01000000,1716.61119000,1782910799999,100399963.81313170,181350,695.90633000,40692636.56654990
1782910800000,2026-07-01 13:00:00,58538.00000000,59508.00000000,58536.00000000,59498.03000000,2321.79547000,1782914399999,136871115.77573150,348767,1270.51675000,74940612.22282020
1782914400000,2026-07-01 14:00:00,59498.03000000,60092.00000000,59278.00000000,59542.00000000,3726.20910000,1782917999999,222663560.43997090,406148,2324.06945000,138877765.88043510
1782918000000,2026-07-01 15:00:00,59541.99000000,60536.55000000,59520.51000000,60147.15000000,2322.06211000,1782921599999,139735458.37284900,312603,1414.97758000,85142528.77002800
1782921600000,2026-07-01 16:00:00,60147.15000000,60267.17000000,59865.75000000,59920.00000000,862.80045000,1782925199999,51856461.18726770,147024,467.62082000,28108215.49992930
1782925200000,2026-07-01 17:00:00,59920.00000000,60239.84000000,59787.35000000,60190.60000000,480.08928000,1782928799999,28839738.19278820,136501,270.92669000,16280373.23689080
1782928800000,2026-07-01 18:00:00,60190.59000000,60298.00000000,60016.40000000,60171.16000000,343.31457000,1782932399999,20650572.00145990,116599,168.78192000,10153887.58302630
1782932400000,2026-07-01 19:00:00,60171.16000000,60352.93000000,60000.00000000,60028.67000000,548.14825000,1782935999999,32978388.84754740,114860,242.75026000,14604670.84615140
1782936000000,2026-07-01 20:00:00,60029.39000000,60198.00000000,59876.00000000,60126.00000000,313.10277000,1782939599999,18788882.12776690,98507,152.98763000,9181562.43860700
1782939600000,2026-07-01 21:00:00,60126.00000000,60846.95000000,60124.89000000,60815.99000000,1153.57611000,1782943199999,69939796.14802880,194215,749.63241000,45447926.47737490
1782943200000,2026-07-01 22:00:00,60815.99000000,61334.00000000,60339.00000000,60478.01000000,1877.61599000,1782946799999,114286616.22325780,253429,921.23637000,56069108.08250230
1782946800000,2026-07-01 23:00:00,60478.00000000,60478.00000000,59984.86000000,60024.00000000,573.62579000,1782950399999,34515893.86161080,161900,203.50591000,12243030.01452970
1782950400000,2026-07-02 00:00:00,60024.00000000,60028.00000000,59588.00000000,59761.73000000,857.93081000,1782953999999,51288627.69086560,152090,543.43950000,32483817.75830020
1782954000000,2026-07-02 01:00:00,59761.74000000,60324.99000000,59715.80000000,60175.92000000,634.42084000,1782957599999,38060659.91793960,145831,332.59554000,19957192.85451380
1782957600000,2026-07-02 02:00:00,60175.91000000,60495.24000000,60015.68000000,60423.10000000,520.93970000,1782961199999,31420354.29577500,125111,313.07083000,18886464.23216970
1782961200000,2026-07-02 03:00:00,60423.11000000,61121.78000000,60300.02000000,61058.00000000,891.65369000,1782964799999,54130945.78907290,166708,530.04177000,32189194.76960730
1782964800000,2026-07-02 04:00:00,61057.99000000,61058.00000000,60728.00000000,60787.98000000,793.20588000,1782968399999,48260105.48558100,142009,320.60459000,19511601.94729580
1782968400000,2026-07-02 05:00:00,60787.98000000,60877.69000000,60488.00000000,60504.54000000,836.16486000,1782971999999,50795991.31075090,148561,338.41313000,20561128.34886260
1782972000000,2026-07-02 06:00:00,60504.54000000,60652.74000000,60260.00000000,60274.01000000,838.53408000,1782975599999,50660973.68205870,129863,386.21294000,23337775.91732900
1782975600000,2026-07-02 07:00:00,60274.01000000,60315.93000000,60104.00000000,60149.99000000,593.99067000,1782979199999,35744880.21089370,116951,279.96025000,16846609.44246330
1782979200000,2026-07-02 08:00:00,60149.99000000,60555.06000000,60132.51000000,60511.99000000,573.38622000,1782982799999,34623724.28006890,104894,347.13287000,20963975.66330820
1782982800000,2026-07-02 09:00:00,60512.00000000,61437.49000000,60376.13000000,61184.00000000,1895.63178000,1782986399999,115653248.35551070,267289,1074.95542000,65571580.22586490
1782986400000,2026-07-02 10:00:00,61184.00000000,61350.00000000,61051.07000000,61263.68000000,711.10860000,1782989999999,43518175.68498240,159653,401.94580000,24596991.60757710
1782990000000,2026-07-02 11:00:00,61263.93000000,61388.00000000,61125.58000000,61358.01000000,823.29588000,1782993599999,50464960.07876620,141156,441.78380000,27079967.02538580
1782993600000,2026-07-02 12:00:00,61358.00000000,61614.00000000,61147.23000000,61542.53000000,1476.64291000,1782997199999,90672172.65513850,234644,750.98998000,46119064.96003590
1782997200000,2026-07-02 13:00:00,61542.53000000,62053.00000000,61506.00000000,61939.04000000,2503.04906000,1783000799999,154778875.75554130,349562,1534.71657000,94909593.99296740
1783000800000,2026-07-02 14:00:00,61939.04000000,62200.00000000,61394.49000000,61696.61000000,1834.43153000,1783004399999,113356111.50595380,386499,796.17649000,49217700.25385440
1783004400000,2026-07-02 15:00:00,61696.61000000,61850.86000000,61427.39000000,61612.93000000,955.08900000,1783007999999,58888998.63658480,216338,396.65413000,24453821.09719730
1783008000000,2026-07-02 16:00:00,61612.93000000,61790.13000000,61108.99000000,61682.34000000,1526.68052000,1783011599999,93836238.83062250,247965,922.77175000,56725111.78305790
1783011600000,2026-07-02 17:00:00,61682.34000000,61962.43000000,61619.69000000,61667.39000000,742.84693000,1783015199999,45881018.56409770,146063,394.24939000,24357266.81854200
1783015200000,2026-07-02 18:00:00,61667.40000000,61900.29000000,61664.39000000,61761.36000000,457.24217000,1783018799999,28258803.74723410,89396,286.30621000,17696335.44440250
1783018800000,2026-07-02 19:00:00,61761.36000000,61763.81000000,61424.00000000,61479.60000000,567.93379000,1783022399999,34970676.77670870,132964,285.10815000,17556913.32888710
1783022400000,2026-07-02 20:00:00,61479.59000000,61596.00000000,61342.00000000,61584.78000000,435.70751000,1783025999999,26769120.82232450,94517,262.05794000,16101526.62430260
1783026000000,2026-07-02 21:00:00,61584.77000000,61653.43000000,61516.00000000,61592.26000000,335.09994000,1783029599999,20628134.85520130,55856,142.17913000,8751684.78271210
1783029600000,2026-07-02 22:00:00,61592.26000000,61596.62000000,61406.28000000,61465.26000000,313.41399000,1783033199999,19281618.73881540,47958,156.35054000,9619206.56397140
1783033200000,2026-07-02 23:00:00,61465.26000000,61606.00000000,61350.02000000,61560.00000000,263.74127000,1783036799999,16212152.04960370,81218,157.13845000,9659916.20704270
1783036800000,2026-07-03 00:00:00,61560.00000000,61578.00000000,61248.86000000,61308.75000000,803.35853000,1783040399999,49316701.30933410,129250,339.46261000,20839160.56762750
1783040400000,2026-07-03 01:00:00,61308.75000000,61733.11000000,61286.00000000,61588.00000000,365.29608000,1783043999999,22497995.34507960,145682,221.11447000,13617661.66168830
1783044000000,2026-07-03 02:00:00,61588.00000000,61664.62000000,61294.00000000,61440.01000000,718.15053000,1783047599999,44118830.41757290,118531,304.77972000,18723377.40866430
1783047600000,2026-07-03 03:00:00,61440.01000000,61575.15000000,61324.00000000,61434.00000000,592.37701000,1783051199999,36377767.44270260,88348,278.21935000,17085916.32125050
1783051200000,2026-07-03 04:00:00,61434.00000000,61524.01000000,61332.76000000,61448.00000000,597.68744000,1783054799999,36734041.97786710,80555,254.17872000,15621835.74542850
1783054800000,2026-07-03 05:00:00,61448.00000000,61808.00000000,61430.00000000,61700.49000000,669.42027000,1783058399999,41260901.75258980,110591,323.36049000,19927842.45928950
1783058400000,2026-07-03 06:00:00,61700.49000000,61850.00000000,61612.00000000,61710.01000000,821.56550000,1783061999999,50713075.51792350,81062,419.79449000,25914007.21881760
1783062000000,2026-07-03 07:00:00,61710.01000000,61864.99000000,61659.32000000,61750.47000000,1075.23435000,1783065599999,66424208.00483960,93779,485.86314000,30013810.42807040
1783065600000,2026-07-03 08:00:00,61750.47000000,61896.99000000,61554.07000000,61584.00000000,341.60269000,1783069199999,21097152.89254940,107377,174.20696000,10759913.48649690
1783069200000,2026-07-03 09:00:00,61583.99000000,61783.89000000,61510.01000000,61718.68000000,336.50784000,1783072799999,20749591.28107190,97250,196.04573000,12089539.79008860
1783072800000,2026-07-03 10:00:00,61718.69000000,62038.00000000,61663.98000000,61916.46000000,481.39402000,1783076399999,29786115.45520930,115268,301.62442000,18666426.91958060
1783076400000,2026-07-03 11:00:00,61916.46000000,62103.10000000,61840.00000000,62024.02000000,549.87382000,1783079999999,34080210.15808560,112015,239.63463000,14857381.55135420
1783080000000,2026-07-03 12:00:00,62024.01000000,62174.47000000,61871.66000000,61983.99000000,627.72129000,1783083599999,38933130.86694790,122392,341.87040000,21205749.50203290
1783083600000,2026-07-03 13:00:00,61984.00000000,62282.00000000,61944.00000000,62116.01000000,790.28341000,1783087199999,49076835.46138990,117484,517.20650000,32120617.81412230
1783087200000,2026-07-03 14:00:00,62116.00000000,62280.00000000,61700.00000000,62167.48000000,768.79968000,1783090799999,47620712.00167230,161693,432.75500000,26804801.71180430
1783090800000,2026-07-03 15:00:00,62167.47000000,62400.00000000,61820.00000000,61922.72000000,627.67216000,1783094399999,38969475.87577730,146274,284.80909000,17688600.89705160
1783094400000,2026-07-03 16:00:00,61922.71000000,62125.99000000,61911.65000000,62104.81000000,308.09730000,1783097999999,19113086.40792250,79789,136.82648000,8488337.35598570
1783098000000,2026-07-03 17:00:00,62104.81000000,62292.51000000,62068.78000000,62194.00000000,345.47791000,1783101599999,21488560.64951850,81355,192.99178000,12005096.55195980
1783101600000,2026-07-03 18:00:00,62193.99000000,62250.00000000,62118.00000000,62204.01000000,298.61687000,1783105199999,18571648.33593780,58544,194.28909000,12083437.93644350
1783105200000,2026-07-03 19:00:00,62204.00000000,62317.64000000,62146.00000000,62210.00000000,345.20311000,1783108799999,21483896.64726490,79378,214.39459000,13343891.08572060
1783108800000,2026-07-03 20:00:00,62210.00000000,62907.77000000,62186.01000000,62776.92000000,1103.81636000,1783112399999,69151681.10969860,181340,668.90196000,41902256.53140390
1783112400000,2026-07-03 21:00:00,62776.91000000,62979.86000000,62518.72000000,62732.00000000,530.36622000,1783115999999,33268537.04911490,140803,259.22648000,16262807.72300620
1783116000000,2026-07-03 22:00:00,62732.00000000,62748.01000000,62538.47000000,62578.00000000,461.77097000,1783119599999,28925294.16859910,62543,211.22225000,13229000.04607930
1783119600000,2026-07-03 23:00:00,62578.00000000,62707.67000000,62529.03000000,62583.26000000,488.69291000,1783123199999,30600481.45461580,60228,257.20848000,16105121.36549280
1783123200000,2026-07-04 00:00:00,62583.26000000,62946.00000000,62578.55000000,62756.29000000,451.82518000,1783126799999,28366421.00595910,95767,237.09896000,14883889.58300330
1783126800000,2026-07-04 01:00:00,62756.29000000,62756.29000000,62404.25000000,62468.44000000,740.55394000,1783130399999,46319276.58272110,114503,213.98914000,13377022.70776980
1783130400000,2026-07-04 02:00:00,62468.44000000,62576.00000000,62432.00000000,62538.96000000,288.40853000,1783133999999,18023799.70080090,60090,143.72755000,8982119.25023440
1783134000000,2026-07-04 03:00:00,62538.96000000,62750.00000000,62484.01000000,62627.29000000,272.87320000,1783137599999,17089272.56005250,63449,152.12141000,9527735.76782960
1783137600000,2026-07-04 04:00:00,62627.28000000,62749.97000000,62590.06000000,62700.00000000,372.06056000,1783141199999,23319559.82238250,57521,205.28430000,12866577.97392010
1783141200000,2026-07-04 05:00:00,62700.00000000,62700.01000000,62441.29000000,62471.52000000,289.90978000,1783144799999,18129281.36732700,47697,116.99260000,7314798.84559700
1783144800000,2026-07-04 06:00:00,62471.53000000,62559.43000000,62328.24000000,62500.01000000,328.21302000,1783148399999,20501213.17566210,60653,149.04749000,9311601.42416730
1783148400000,2026-07-04 07:00:00,62500.01000000,62634.24000000,62470.00000000,62576.00000000,488.37245000,1783151999999,30537595.82522140,52650,281.06015000,17573738.63375940
1783152000000,2026-07-04 08:00:00,62576.00000000,62674.47000000,62516.46000000,62553.78000000,325.39629000,1783155599999,20367591.14882430,53391,175.75158000,11000878.64873020
1783155600000,2026-07-04 09:00:00,62553.78000000,62583.99000000,62415.87000000,62494.00000000,256.44372000,1783159199999,16023469.35671900,49756,108.06846000,6753715.33464280
1783159200000,2026-07-04 10:00:00,62494.01000000,62545.02000000,62445.38000000,62513.00000000,261.05012000,1783162799999,16313423.19599510,36839,161.25519000,10077430.58705600
1783162800000,2026-07-04 11:00:00,62512.99000000,62563.84000000,62456.24000000,62482.01000000,236.75332000,1783166399999,14797808.82993290,30521,101.27808000,6330750.60548810
1783166400000,2026-07-04 12:00:00,62482.00000000,62696.78000000,62482.00000000,62664.01000000,160.12973000,1783169999999,10022674.10643450,38790,100.15690000,6268828.18509100
1783170000000,2026-07-04 13:00:00,62664.01000000,62776.92000000,62542.00000000,62588.84000000,234.91268000,1783173599999,14714095.56308900,59168,116.56931000,7302625.00050910
1783173600000,2026-07-04 14:00:00,62588.84000000,62738.28000000,62585.53000000,62693.99000000,214.12592000,1783177199999,13417620.07076030,61996,88.01842000,5515178.01605290
1783177200000,2026-07-04 15:00:00,62693.99000000,63075.46000000,62687.89000000,62943.29000000,746.82104000,1783180799999,46971886.26364520,143326,445.96457000,28053424.02850430
1783180800000,2026-07-04 16:00:00,62943.29000000,62968.29000000,62786.00000000,62927.29000000,446.26160000,1783184399999,28067612.21867650,81881,261.77651000,16464250.33019300
1783184400000,2026-07-04 17:00:00,62927.30000000,63439.62000000,62803.00000000,63280.38000000,752.34234000,1783187999999,47516417.76482640,125224,439.02054000,27729067.70090020
1783188000000,2026-07-04 18:00:00,63280.38000000,63346.00000000,63092.02000000,63172.78000000,347.58599000,1783191599999,21966060.19356790,79625,216.05525000,13655079.96181040
1783191600000,2026-07-04 19:00:00,63172.79000000,63461.99000000,63123.49000000,63294.72000000,328.68996000,1783195199999,20804806.14263040,77844,125.76706000,7961250.41679110
1783195200000,2026-07-04 20:00:00,63294.72000000,63392.00000000,63155.37000000,63233.78000000,287.12408000,1783198799999,18162405.80633200,73377,155.93115000,9864857.06384360
1783198800000,2026-07-04 21:00:00,63233.79000000,63448.00000000,63202.00000000,63297.84000000,239.07967000,1783202399999,15144354.46089510,57280,80.15776000,5078373.93434270
1783202400000,2026-07-04 22:00:00,63297.83000000,63310.00000000,63160.00000000,63184.99000000,486.87752000,1783205999999,30773771.93108590,47140,347.74282000,21977627.33095360
1783206000000,2026-07-04 23:00:00,63185.00000000,63241.33000000,62927.98000000,63144.01000000,584.01676000,1783209599999,36883428.98906400,74800,330.70077000,20886096.29486290
1783209600000,2026-07-05 00:00:00,63144.01000000,63144.01000000,62888.86000000,62991.29000000,348.66174000,1783213199999,21976925.72520290,77561,151.01609000,9517577.86418820
1783213200000,2026-07-05 01:00:00,62991.30000000,63043.15000000,62800.00000000,62887.94000000,447.61772000,1783216799999,28163113.49499830,83429,178.23454000,11214341.20935990
1783216800000,2026-07-05 02:00:00,62887.93000000,62926.00000000,62596.08000000,62693.56000000,307.64194000,1783220399999,19294864.73494830,80379,120.66715000,7567679.85783470
1783220400000,2026-07-05 03:00:00,62693.57000000,62796.39000000,62658.00000000,62769.04000000,211.72564000,1783223999999,13285353.88295750,50158,115.81808000,7267820.68844260
1783224000000,2026-07-05 04:00:00,62769.03000000,62952.93000000,62712.00000000,62815.99000000,288.42759000,1783227599999,18128010.17846570,52868,119.37434000,7501194.98889480
1783227600000,2026-07-05 05:00:00,62815.99000000,62815.99000000,62659.65000000,62740.50000000,312.61219000,1783231199999,19616728.99891270,56051,142.96568000,8970984.26917350
1783231200000,2026-07-05 06:00:00,62740.50000000,62819.91000000,62669.99000000,62782.18000000,269.63913000,1783234799999,16922087.00196900,50870,171.56110000,10767538.28799740
1783234800000,2026-07-05 07:00:00,62782.18000000,63059.99000000,62718.31000000,63020.21000000,393.71695000,1783238399999,24746997.89102730,55632,226.97063000,14272532.63424680
1783238400000,2026-07-05 08:00:00,63020.21000000,63104.00000000,62900.00000000,62915.00000000,337.45972000,1783241999999,21249003.10070990,54807,146.25020000,9210215.26308660
1783242000000,2026-07-05 09:00:00,62915.00000000,62930.16000000,62436.59000000,62622.18000000,562.27226000,1783245599999,35258966.87001280,100726,213.12516000,13358942.47598680
1783245600000,2026-07-05 10:00:00,62622.18000000,62756.25000000,62536.57000000,62756.12000000,183.32618000,1783249199999,11492329.05739620,54074,107.18848000,6720136.89442500
1783249200000,2026-07-05 11:00:00,62756.12000000,62812.00000000,62600.03000000,62658.92000000,268.20384000,1783252799999,16811171.38599370,43687,105.72244000,6626716.72125800
1783252800000,2026-07-05 12:00:00,62658.92000000,62772.00000000,62569.37000000,62745.01000000,294.54856000,1783256399999,18457864.87269460,55429,131.06162000,8214396.73856910
1783256400000,2026-07-05 13:00:00,62745.00000000,62819.66000000,62644.12000000,62792.00000000,337.44331000,1783259999999,21168254.63808570,53412,199.82464000,12534645.18211020
1783260000000,2026-07-05 14:00:00,62791.99000000,62818.37000000,62656.02000000,62812.25000000,219.35892000,1783263599999,13758668.86884750,51866,106.02419000,6649970.42913170
1783263600000,2026-07-05 15:00:00,62812.25000000,62943.59000000,62679.76000000,62740.01000000,243.82359000,1783267199999,15315189.38921750,79038,105.43640000,6624628.85669130
1783267200000,2026-07-05 16:00:00,62740.01000000,62772.86000000,62590.02000000,62637.48000000,344.55738000,1783270799999,21595040.14418200,56433,150.21959000,9416014.73325570
1783270800000,2026-07-05 17:00:00,62637.48000000,62820.00000000,62594.38000000,62624.93000000,275.09476000,1783274399999,17248470.79986480,64809,118.13396000,7407277.62631600
1783274400000,2026-07-05 18:00:00,62624.93000000,62880.00000000,62616.00000000,62820.33000000,372.13939000,1783277999999,23333389.67169510,57093,254.37631000,15947120.71804650
1783278000000,2026-07-05 19:00:00,62820.33000000,62888.14000000,62714.98000000,62768.88000000,297.34041000,1783281599999,18674466.36574970,61902,118.20310000,7424022.51383130
1783281600000,2026-07-05 20:00:00,62768.87000000,62836.01000000,62700.00000000,62730.61000000,164.56380000,1783285199999,10327453.50124820,34574,74.35480000,4665797.91392390
1783285200000,2026-07-05 21:00:00,62730.61000000,63220.00000000,62609.47000000,63092.01000000,428.51084000,1783288799999,26972457.05777840,104447,237.76472000,14969601.80426530
1783288800000,2026-07-05 22:00:00,63092.00000000,63964.48000000,63005.04000000,63736.00000000,1512.51245000,1783292399999,96176374.12736980,263867,907.10932000,57671488.33724850
1783292400000,2026-07-05 23:00:00,63735.99000000,63999.00000000,63577.36000000,63650.00000000,750.87927000,1783295999999,47893262.84811640,147071,364.53387000,23251645.71310880
1783296000000,2026-07-06 00:00:00,63650.01000000,63772.52000000,63350.00000000,63761.99000000,854.38324000,1783299599999,54298392.31115240,157672,403.59626000,25657262.36511070
1783299600000,2026-07-06 01:00:00,63761.98000000,63920.00000000,63550.00000000,63576.00000000,432.97670000,1783303199999,27598223.85469930,124057,194.40820000,12394701.32273780
1783303200000,2026-07-06 02:00:00,63576.00000000,63669.45000000,63373.13000000,63460.01000000,398.01222000,1783306799999,25279077.92613150,119374,174.95179000,11111195.16446470
1783306800000,2026-07-06 03:00:00,63460.01000000,63495.14000000,63136.01000000,63294.00000000,420.90012000,1783310399999,26636164.14589330,102541,202.33378000,12804272.23925660
1783310400000,2026-07-06 04:00:00,63294.00000000,63402.77000000,63187.98000000,63267.99000000,278.63053000,1783313999999,17637960.88518660,82218,118.75549000,7517534.04979950
1783314000000,2026-07-06 05:00:00,63267.99000000,63268.00000000,62950.00000000,63114.00000000,702.75025000,1783317599999,44357507.85759570,102902,339.71456000,21444130.98009240
1783317600000,2026-07-06 06:00:00,63113.99000000,63152.70000000,62972.00000000,62976.00000000,622.44998000,1783321199999,39245525.66370660,94567,232.88771000,14683963.08551780
1783321200000,2026-07-06 07:00:00,62976.00000000,63120.00000000,62890.00000000,63089.42000000,529.35201000,1783324799999,33353699.03853060,84608,264.52278000,16666672.37654700
1783324800000,2026-07-06 08:00:00,63089.42000000,63244.00000000,62800.13000000,62904.01000000,536.06880000,1783328399999,33774026.19245220,80027,227.67551000,14353368.27084420
1783328400000,2026-07-06 09:00:00,62904.01000000,62914.00000000,62630.85000000,62664.77000000,432.26087000,1783331999999,27117243.83911810,85573,195.93910000,12292541.00375010
1783332000000,2026-07-06 10:00:00,62664.77000000,63030.00000000,62664.76000000,62822.06000000,454.82776000,1783335599999,28586939.94838840,89363,214.03872000,13451418.15674430
1783335600000,2026-07-06 11:00:00,62822.07000000,63000.00000000,62483.83000000,62483.84000000,610.79996000,1783339199999,38319346.05297190,91378,245.94488000,15442602.00828410
1783339200000,2026-07-06 12:00:00,62483.84000000,62487.98000000,61668.20000000,61754.01000000,2426.65551000,1783342799999,150452546.01379310,355184,1142.93496000,70877062.55778840
1783342800000,2026-07-06 13:00:00,61754.01000000,62034.00000000,61306.84000000,61768.21000000,3623.91016000,1783346399999,223385219.75531310,368635,2596.31246000,160062901.18781570
1783346400000,2026-07-06 14:00:00,61768.20000000,62411.41000000,61712.54000000,62052.00000000,1203.78704000,1783349999999,74643735.03128820,272566,719.90151000,44644358.95918160
1783350000000,2026-07-06 15:00:00,62052.00000000,63550.00000000,62052.00000000,63545.98000000,2153.37389000,1783353599999,135460161.41701560,376279,1357.96706000,85466582.05974190
1783353600000,2026-07-06 16:00:00,63545.98000000,63863.00000000,63386.01000000,63732.00000000,1748.98599000,1783357199999,111285382.38579090,315693,928.19493000,59068314.72248850
1783357200000,2026-07-06 17:00:00,63732.00000000,63976.16000000,63570.16000000,63587.38000000,885.44922000,1783360799999,56485142.93246910,179894,418.83031000,26723924.45841680
1783360800000,2026-07-06 18:00:00,63587.38000000,63886.00000000,63560.00000000,63696.40000000,345.76423000,1783364399999,22038021.37682840,108832,174.42988000,11117847.84428320
1783364400000,2026-07-06 19:00:00,63696.40000000,63887.93000000,63652.42000000,63738.52000000,308.11427000,1783367999999,19652927.41985030,90847,159.29472000,10160410.37997700
1783368000000,2026-07-06 20:00:00,63738.52000000,63892.65000000,63589.41000000,63828.00000000,314.93037000,1783371599999,20074425.07171710,83236,155.94641000,9938218.87997570
1783371600000,2026-07-06 21:00:00,63828.00000000,64700.00000000,63810.00000000,64489.98000000,1489.51024000,1783375199999,95805102.24251000,238267,814.15756000,52337510.63616070
1783375200000,2026-07-06 22:00:00,64489.97000000,64500.00000000,64151.01000000,64244.00000000,313.47871000,1783378799999,20153658.12575650,91166,139.31352000,8955932.77639370
1783378800000,2026-07-06 23:00:00,64244.00000000,64340.76000000,64017.78000000,64042.02000000,347.91230000,1783382399999,22315616.91506800,83016,134.49982000,8627335.40318950
1783382400000,2026-07-07 00:00:00,64042.93000000,64314.00000000,63997.50000000,64203.99000000,545.80462000,1783385999999,34996753.38041220,115737,329.29231000,21112304.78580650
1783386000000,2026-07-07 01:00:00,64203.99000000,64204.00000000,63767.04000000,63840.00000000,600.78470000,1783389599999,38414637.98876410,134058,220.03090000,14069070.35280190
1783389600000,2026-07-07 02:00:00,63840.00000000,63908.00000000,63288.01000000,63322.01000000,624.33941000,1783393199999,39705186.54289430,141244,252.64342000,16068849.76995470
1783393200000,2026-07-07 03:00:00,63322.01000000,63414.00000000,63150.00000000,63191.01000000,378.30046000,1783396799999,23939589.11095430,99590,163.72252000,10360132.41230550
1783396800000,2026-07-07 04:00:00,63191.01000000,63288.33000000,63064.00000000,63100.01000000,658.55856000,1783400399999,41622409.30369670,96752,330.10961000,20864436.78404750
1783400400000,2026-07-07 05:00:00,63100.00000000,63278.99000000,62800.00000000,63128.01000000,725.48406000,1783403999999,45755634.87146510,115727,363.57662000,22940852.32449540
1783404000000,2026-07-07 06:00:00,63128.00000000,63400.00000000,62984.42000000,63340.00000000,869.08707000,1783407599999,54937579.54806050,119249,477.85291000,30220499.22039230
1783407600000,2026-07-07 07:00:00,63340.01000000,63445.70000000,63072.10000000,63083.18000000,615.24857000,1783411199999,38905685.21352530,104138,259.23769000,16394237.09141890
1783411200000,2026-07-07 08:00:00,63083.19000000,63184.00000000,62984.58000000,63104.00000000,444.01670000,1783414799999,28011818.54354980,88413,233.63356000,14740006.86913060
1783414800000,2026-07-07 09:00:00,63104.00000000,63348.73000000,63063.28000000,63256.00000000,320.22634000,1783418399999,20244658.22394240,74591,173.68452000,10979937.73135930
1783418400000,2026-07-07 10:00:00,63256.01000000,63467.15000000,63228.17000000,63284.00000000,496.91971000,1783421999999,31472947.13312880,87115,277.02108000,17544294.61492980
1783422000000,2026-07-07 11:00:00,63284.00000000,63452.00000000,63116.02000000,63406.00000000,399.36572000,1783425599999,25259454.95504920,101156,224.24393000,14183246.98360090
1783425600000,2026-07-07 12:00:00,63405.99000000,63872.00000000,63396.58000000,63481.39000000,618.18499000,1783429199999,39341419.95756370,160481,275.25744000,17518623.60335380
1783429200000,2026-07-07 13:00:00,63481.39000000,63482.50000000,63000.00000000,63056.00000000,1055.47861000,1783432799999,66673047.58096860,246168,512.44159000,32380771.79149330
1783432800000,2026-07-07 14:00:00,63056.00000000,63634.00000000,62671.39000000,63562.05000000,1684.44273000,1783436399999,106282009.85184440,325749,904.00729000,57067349.19485260
1783436400000,2026-07-07 15:00:00,63562.05000000,64105.00000000,63376.22000000,63930.51000000,2129.05569000,1783439999999,135785392.71423450,271792,1206.28857000,76924495.92081200
1783440000000,2026-07-07 16:00:00,63930.50000000,64243.75000000,63810.00000000,63983.27000000,825.13640000,1783443599999,52804969.35910670,193162,349.42619000,22369052.29768140
1783443600000,2026-07-07 17:00:00,63983.28000000,64232.00000000,63896.21000000,64186.00000000,713.19138000,1783447199999,45728526.57520870,126005,321.13512000,20593482.35670020
1783447200000,2026-07-07 18:00:00,64185.99000000,64188.00000000,63672.01000000,63679.99000000,804.35069000,1783450799999,51468170.99226930,139111,337.56121000,21597387.92083160
1783450800000,2026-07-07 19:00:00,63679.99000000,63894.58000000,63379.69000000,63817.99000000,809.87318000,1783454399999,51531180.65671040,164437,328.54251000,20917158.13792980
1783454400000,2026-07-07 20:00:00,63818.00000000,63901.75000000,63585.00000000,63697.99000000,461.15497000,1783457999999,29372758.20728890,72212,174.25603000,11098724.67900540
1783458000000,2026-07-07 21:00:00,63698.00000000,63866.00000000,63313.10000000,63423.94000000,445.13714000,1783461599999,28281279.52763310,127228,171.45030000,10894603.54694430
1783461600000,2026-07-07 22:00:00,63423.93000000,63660.00000000,63218.00000000,63551.02000000,344.82337000,1783465199999,21880790.53326140,104401,140.56140000,8921086.80762350
1783465200000,2026-07-07 23:00:00,63551.02000000,63708.00000000,63320.00000000,63363.99000000,265.24316000,1783468799999,16851786.11707680,73586,102.22804000,6495681.96085670
1783468800000,2026-07-08 00:00:00,63364.00000000,63761.99000000,63307.36000000,63612.77000000,656.59812000,1783472399999,41748490.70695420,131666,359.42820000,22855521.18510390
1783472400000,2026-07-08 01:00:00,63612.78000000,63649.50000000,62921.78000000,63038.01000000,690.76172000,1783475999999,43679886.71045710,164873,255.61455000,16167510.53148810
1783476000000,2026-07-08 02:00:00,63038.00000000,63066.00000000,62525.47000000,62979.99000000,1271.45366000,1783479599999,79919466.13973350,208952,502.12016000,31566980.52027840
1783479600000,2026-07-08 03:00:00,62979.98000000,63094.00000000,62700.18000000,62766.00000000,326.19539000,1783483199999,20528552.71335360,103768,129.20149000,8130518.66427900
1783483200000,2026-07-08 04:00:00,62766.00000000,62901.49000000,62676.00000000,62800.00000000,435.16461000,1783486799999,27326800.36842210,104227,209.08028000,13132289.22647130
1783486800000,2026-07-08 05:00:00,62800.01000000,62876.95000000,62558.00000000,62637.88000000,716.63481000,1783490399999,44957652.32983100,103048,229.15812000,14369134.22826210
1783490400000,2026-07-08 06:00:00,62637.88000000,62746.00000000,62477.04000000,62657.81000000,457.84929000,1783493999999,28658549.23764730,118259,184.34641000,11541130.96708390
1783494000000,2026-07-08 07:00:00,62657.82000000,62894.89000000,62550.00000000,62888.35000000,483.72380000,1783497599999,30356058.93342220,119418,248.85145000,15618650.85149400
1783497600000,2026-07-08 08:00:00,62888.34000000,62941.46000000,61855.26000000,62018.36000000,1707.68860000,1783501199999,106338452.53338460,325520,665.47432000,41432156.27664450
1783501200000,2026-07-08 09:00:00,62018.36000000,62190.01000000,61743.83000000,62057.67000000,2058.44174000,1783504799999,127644427.61035360,196098,922.66211000,57190487.64184140
1783504800000,2026-07-08 10:00:00,62057.68000000,62199.97000000,61903.45000000,62183.12000000,934.16537000,1783508399999,58004045.72481240,123213,456.68285000,28356408.05805550
1783508400000,2026-07-08 11:00:00,62183.11000000,62392.04000000,62055.63000000,62299.99000000,576.86496000,1783511999999,35889111.76485310,132259,276.72913000,17218810.96069030
1783512000000,2026-07-08 12:00:00,62300.00000000,62451.08000000,61953.58000000,61957.73000000,877.49143000,1783515599999,54622922.67230470,140713,374.97924000,23363565.18423290
1783515600000,2026-07-08 13:00:00,61957.74000000,62090.00000000,61632.23000000,61945.49000000,1130.99240000,1783519199999,69967130.81157330,274235,516.84443000,31979426.87020420
1783519200000,2026-07-08 14:00:00,61945.49000000,62173.56000000,61712.00000000,61889.83000000,1415.74086000,1783522799999,87735122.71925250,275071,720.17406000,44656332.10067390
1783522800000,2026-07-08 15:00:00,61889.83000000,61922.00000000,61544.56000000,61704.01000000,1055.91275000,1783526399999,65112537.93137310,244620,390.43308000,24077759.41133650
1783526400000,2026-07-08 16:00:00,61704.01000000,62164.60000000,61692.00000000,62113.03000000,762.49481000,1783529999999,47214098.77418990,177409,529.04849000,32755821.55995220
1783530000000,2026-07-08 17:00:00,62113.02000000,62394.32000000,62032.00000000,62104.62000000,518.57431000,1783533599999,32265732.28001720,140575,273.11423000,16991316.59611570
1783533600000,2026-07-08 18:00:00,62104.62000000,62351.97000000,62045.20000000,62185.32000000,301.10629000,1783537199999,18728892.37055960,113693,152.02599000,9455293.49979100
1783537200000,2026-07-08 19:00:00,62185.33000000,62292.19000000,62068.00000000,62277.98000000,295.91802000,1783540799999,18404224.50023730,101461,141.34200000,8790822.25809810
1783540800000,2026-07-08 20:00:00,62277.98000000,62306.54000000,62082.80000000,62099.61000000,601.65946000,1783544399999,37400869.38317530,72144,245.08482000,15232936.53367850
1783544400000,2026-07-08 21:00:00,62099.62000000,62251.22000000,61956.00000000,62187.17000000,844.23046000,1783547999999,52425580.75260040,104882,345.75888000,21472396.52815120
1783548000000,2026-07-08 22:00:00,62187.17000000,62350.63000000,62178.00000000,62330.40000000,268.90980000,1783551599999,16743367.62559490,63672,120.02021000,7473651.85239860
1783551600000,2026-07-08 23:00:00,62330.40000000,62346.60000000,62174.00000000,62290.00000000,231.52530000,1783555199999,14415196.02593290,58711,90.39576000,5627764.50319240
1783555200000,2026-07-09 00:00:00,62290.01000000,62309.88000000,62058.51000000,62129.99000000,419.84137000,1783558799999,26113492.25336900,105776,182.44603000,11347564.22376100
1783558800000,2026-07-09 01:00:00,62129.99000000,62642.00000000,61837.10000000,61916.00000000,891.27709000,1783562399999,55492014.50148700,187403,367.41118000,22906114.28664400
1783562400000,2026-07-09 02:00:00,61916.00000000,62121.21000000,61705.29000000,61788.80000000,588.18699000,1783565999999,36429619.61399760,131367,220.19378000,13637878.25262150
1783566000000,2026-07-09 03:00:00,61788.79000000,62062.99000000,61730.00000000,61974.34000000,608.39784000,1783569599999,37651841.77894990,108372,195.09721000,12075410.04466780
1783569600000,2026-07-09 04:00:00,61974.34000000,62456.29000000,61956.46000000,62453.74000000,475.51774000,1783573199999,29599385.64756560,99669,278.20792000,17324133.12759900
1783573200000,2026-07-09 05:00:00,62453.74000000,62624.61000000,62236.00000000,62589.61000000,907.85360000,1783576799999,56684397.23631330,106909,374.18701000,23366682.31366590
1783576800000,2026-07-09 06:00:00,62589.61000000,62980.00000000,62485.58000000,62959.96000000,790.33126000,1783580399999,49573190.81499680,129149,436.61894000,27396450.60903100
1783580400000,2026-07-09 07:00:00,62959.96000000,63283.26000000,62788.06000000,63000.00000000,902.61366000,1783583999999,56847741.64975080,177583,393.93393000,24821729.03146850
1783584000000,2026-07-09 08:00:00,62999.99000000,63100.10000000,62855.63000000,62903.65000000,872.78917000,1783587599999,54983827.07098910,94365,343.76362000,21659887.66795310
1783587600000,2026-07-09 09:00:00,62903.66000000,63002.00000000,62786.82000000,62953.40000000,549.43771000,1783591199999,34556471.63520690,103808,223.53494000,14059899.09400390
1783591200000,2026-07-09 10:00:00,62953.40000000,63056.98000000,62688.00000000,62786.04000000,490.23056000,1783594799999,30839184.19384690,84135,199.92488000,12575507.10078640
1783594800000,2026-07-09 11:00:00,62786.05000000,62830.00000000,62614.66000000,62786.34000000,613.79257000,1783598399999,38515227.88793440,98536,306.93811000,19261679.61079550
1783598400000,2026-07-09 12:00:00,62786.33000000,62952.00000000,62465.39000000,62614.02000000,2694.46367000,1783601999999,169039612.73283750,215401,1346.56619000,84492967.20550990
1783602000000,2026-07-09 13:00:00,62614.01000000,63240.15000000,62523.08000000,63028.35000000,732.96491000,1783605599999,46077523.33277060,240554,397.51952000,24992862.32781360
1783605600000,2026-07-09 14:00:00,63028.36000000,63144.79000000,62666.66000000,63016.00000000,598.40365000,1783609199999,37627916.15131890,225724,282.43727000,17761049.92764930
1783609200000,2026-07-09 15:00:00,63016.00000000,63261.00000000,62811.10000000,62868.05000000,857.13379000,1783612799999,54053593.18932840,178177,488.68914000,30824162.55554900
1783612800000,2026-07-09 16:00:00,62868.06000000,62996.00000000,62559.59000000,62700.01000000,532.13757000,1783616399999,33394925.97364410,139968,268.87549000,16870538.42136680
1783616400000,2026-07-09 17:00:00,62700.01000000,63165.12000000,62668.00000000,63142.79000000,730.95491000,1783619999999,46045228.70801180,179787,505.19592000,31830441.44637600
1783620000000,2026-07-09 18:00:00,63142.79000000,63500.00000000,63080.00000000,63219.03000000,776.88222000,1783623599999,49178223.27592290,162534,461.97269000,29242457.47654100
1783623600000,2026-07-09 19:00:00,63219.03000000,63375.73000000,63118.45000000,63248.10000000,606.23375000,1783627199999,38337036.19642990,121122,225.60118000,14270285.98192740
1783627200000,2026-07-09 20:00:00,63248.09000000,63330.85000000,63177.36000000,63313.38000000,236.61262000,1783630799999,14968750.29477850,66759,89.26074000,5647306.51748430
1783630800000,2026-07-09 21:00:00,63313.38000000,63397.94000000,63208.91000000,63274.59000000,261.44616000,1783634399999,16547143.50965050,62564,95.08018000,6017144.48440970
1783634400000,2026-07-09 22:00:00,63274.60000000,63418.00000000,63218.77000000,63218.78000000,274.28375000,1783637999999,17365507.16232710,66024,104.61625000,6623269.34674650
1783638000000,2026-07-09 23:00:00,63218.78000000,63325.00000000,63060.91000000,63230.00000000,331.02016000,1783641599999,20927958.45805660,90364,134.41145000,8497643.90849430
1783641600000,2026-07-10 00:00:00,63230.01000000,63255.49000000,62926.01000000,63113.93000000,626.86453000,1783645199999,39563460.16766930,131089,220.97830000,13947070.83649150
1783645200000,2026-07-10 01:00:00,63113.92000000,63999.99000000,62962.00000000,63749.86000000,1229.10229000,1783648799999,78230416.14663780,180781,746.95681000,47545231.34098320
1783648800000,2026-07-10 02:00:00,63749.86000000,64050.23000000,63692.76000000,63961.99000000,1017.85326000,1783652399999,65004947.81060420,121738,458.42777000,29281667.16621810
1783652400000,2026-07-10 03:00:00,63961.99000000,64050.00000000,63822.80000000,63947.20000000,410.93478000,1783655999999,26266938.45541600,77866,198.47861000,12687397.66972810
1783656000000,2026-07-10 04:00:00,63947.20000000,64176.86000000,63857.64000000,64047.88000000,567.80609000,1783659599999,36358775.33195460,99984,251.36936000,16096803.33761290
1783659600000,2026-07-10 05:00:00,64047.89000000,64200.00000000,63944.05000000,64115.99000000,507.93600000,1783663199999,32531176.61692720,92524,171.87178000,11008097.54215490
1783663200000,2026-07-10 06:00:00,64116.00000000,64162.00000000,63836.00000000,63854.71000000,352.90834000,1783666799999,22570220.33811710,77028,146.66787000,9380951.28917820
1783666800000,2026-07-10 07:00:00,63854.71000000,64011.90000000,63802.02000000,63963.00000000,566.09840000,1783670399999,36195010.63903720,70325,288.25009000,18430577.12103110
1783670400000,2026-07-10 08:00:00,63963.00000000,64392.00000000,63962.99000000,64246.01000000,945.88564000,1783673999999,60727846.02437730,137364,509.10521000,32676589.94283940
1783674000000,2026-07-10 09:00:00,64246.00000000,64480.01000000,64102.00000000,64385.09000000,1051.00850000,1783677599999,67618421.22992000,139003,602.73761000,38773027.61111100
1783677600000,2026-07-10 10:00:00,64385.09000000,64494.84000000,64274.47000000,64407.80000000,400.85807000,1783681199999,25812200.00987050,94396,183.75693000,11832553.44870680
1783681200000,2026-07-10 11:00:00,64407.80000000,64480.00000000,64341.83000000,64425.18000000,337.28843000,1783684799999,21727509.24153830,84020,156.37652000,10072882.95376700
1783684800000,2026-07-10 12:00:00,64425.18000000,64608.00000000,63999.00000000,64286.64000000,1081.95063000,1783688399999,69732032.23728020,133126,566.57783000,36525287.55203160
1783688400000,2026-07-10 13:00:00,64286.65000000,64692.83000000,64152.84000000,64484.00000000,826.67946000,1783691999999,53211230.83982480,193513,451.17935000,29033166.85448010
1783692000000,2026-07-10 14:00:00,64484.00000000,64516.00000000,63793.43000000,63914.87000000,1338.73193000,1783695599999,85801970.12636290,334399,665.42987000,42652661.18109030
1783695600000,2026-07-10 15:00:00,63914.88000000,64210.00000000,63898.00000000,64040.00000000,737.82713000,1783699199999,47246927.83405230,206816,363.13266000,23253955.11244600
1783699200000,2026-07-10 16:00:00,64039.99000000,64220.00000000,63826.57000000,64140.01000000,671.46586000,1783702799999,42985947.77364820,165350,344.23388000,22041187.58293280
1783702800000,2026-07-10 17:00:00,64140.00000000,64158.58000000,63821.88000000,63823.99000000,491.57909000,1783706399999,31431249.22986380,118118,201.94121000,12910591.12850580
1783706400000,2026-07-10 18:00:00,63824.00000000,64003.99000000,63732.66000000,63810.00000000,566.18067000,1783709999999,36167696.67158390,103913,187.41688000,11974130.06236320
1783710000000,2026-07-10 19:00:00,63809.99000000,64077.56000000,63780.00000000,63917.88000000,1227.53052000,1783713599999,78475132.73968080,92722,727.76707000,46530055.46445850
1783713600000,2026-07-10 20:00:00,63917.88000000,63946.36000000,63656.00000000,63841.25000000,1126.81538000,1783717199999,71915414.68791050,82125,629.51423000,40189599.43841440
1783717200000,2026-07-10 21:00:00,63841.25000000,64099.56000000,63835.05000000,64011.99000000,307.30047000,1783720799999,19663863.13352460,64337,163.43663000,10457469.73840430
1783720800000,2026-07-10 22:00:00,64012.00000000,64169.39000000,63981.37000000,64112.29000000,508.14182000,1783724399999,32567648.61220650,59238,247.21233000,15841314.18876540
1783724400000,2026-07-10 23:00:00,64112.30000000,64222.61000000,64024.00000000,64161.72000000,690.25393000,1783727999999,44291925.10404300,67650,244.68410000,15696916.02135840
1783728000000,2026-07-11 00:00:00,64161.72000000,64168.49000000,64028.43000000,64124.00000000,315.78502000,1783731599999,20248182.40977340,50918,108.82042000,6977286.39733000
1783731600000,2026-07-11 01:00:00,64123.99000000,64310.00000000,64004.01000000,64012.95000000,405.42387000,1783735199999,26013591.00499260,81231,237.69175000,15255401.14672280
1783735200000,2026-07-11 02:00:00,64012.95000000,64166.00000000,63984.07000000,64158.04000000,205.49018000,1783738799999,13168217.53628510,68844,102.18947000,6548658.88418680
1783738800000,2026-07-11 03:00:00,64158.04000000,64195.04000000,64068.00000000,64150.42000000,174.79238000,1783742399999,11212982.11508140,50691,71.24697000,4570147.02406580
1783742400000,2026-07-11 04:00:00,64150.42000000,64213.55000000,64080.26000000,64152.00000000,223.52551000,1783745999999,14337399.13678480,60803,96.25869000,6173530.34216130
1783746000000,2026-07-11 05:00:00,64152.00000000,64221.99000000,64121.07000000,64176.01000000,535.97468000,1783749599999,34398585.90775990,65164,243.91693000,15653767.77907110
1783749600000,2026-07-11 06:00:00,64176.00000000,64278.00000000,64124.00000000,64219.10000000,302.84507000,1783753199999,19447152.84716750,48576,117.22223000,7527447.98822010
1783753200000,2026-07-11 07:00:00,64219.09000000,64256.55000000,64152.00000000,64162.18000000,422.67072000,1783756799999,27138584.02181520,42194,187.97010000,12067804.56250290
1783756800000,2026-07-11 08:00:00,64162.18000000,64300.00000000,64153.87000000,64265.98000000,169.11443000,1783760399999,10864078.51372990,34398,84.03876000,5398792.36375190
1783760400000,2026-07-11 09:00:00,64265.98000000,64300.00000000,64159.70000000,64167.34000000,347.53946000,1783763999999,22316938.21588310,46546,154.59592000,9925071.84668020
1783764000000,2026-07-11 10:00:00,64167.35000000,64204.02000000,64129.99000000,64196.00000000,421.25234000,1783767599999,27029064.22527840,35529,231.87972000,14877822.13040730
1783767600000,2026-07-11 11:00:00,64196.00000000,64215.32000000,64167.99000000,64198.00000000,417.44096000,1783771199999,26795119.69977550,29455,206.36929000,13246415.78455140
1783771200000,2026-07-11 12:00:00,64197.99000000,64228.00000000,64130.65000000,64195.49000000,408.31399000,1783774799999,26209635.86862250,35860,185.54079000,11909565.98313050
1783774800000,2026-07-11 13:00:00,64195.48000000,64266.00000000,64159.99000000,64235.66000000,352.18455000,1783778399999,22611731.48649540,32888,171.08383000,10983793.56804770
1783778400000,2026-07-11 14:00:00,64235.67000000,64504.11000000,64235.66000000,64350.07000000,551.43161000,1783781999999,35505725.48817590,86841,262.84991000,16923324.41278620
1783782000000,2026-07-11 15:00:00,64350.07000000,64484.01000000,63896.18000000,64175.75000000,1185.62457000,1783785599999,76105840.36553510,168174,468.01420000,30036992.27195150
1783785600000,2026-07-11 16:00:00,64175.75000000,64273.63000000,64084.00000000,64180.01000000,468.52631000,1783789199999,30061892.11615290,98809,196.94723000,12636301.10814590
1783789200000,2026-07-11 17:00:00,64180.00000000,64402.00000000,64164.08000000,64315.53000000,272.95245000,1783792799999,17550740.48758590,56212,105.71027000,6796924.87468210
1783792800000,2026-07-11 18:00:00,64315.53000000,64395.17000000,64288.91000000,64327.99000000,274.24491000,1783796399999,17642709.35065200,42496,86.06808000,5537095.85752040
1783796400000,2026-07-11 19:00:00,64327.99000000,64338.00000000,64233.23000000,64286.00000000,202.32307000,1783799999999,13006549.00178070,37989,60.94309000,3917608.41327940
1783800000000,2026-07-11 20:00:00,64286.00000000,64463.83000000,64285.99000000,64382.45000000,197.23083000,1783803599999,12692315.78847270,31861,99.43301000,6398210.73484730
1783803600000,2026-07-11 21:00:00,64382.44000000,64427.56000000,64338.09000000,64355.99000000,116.51883000,1783807199999,7500432.18494350,30246,45.97006000,2958961.71311440
1783807200000,2026-07-11 22:00:00,64355.99000000,64424.03000000,64144.47000000,64203.08000000,303.31895000,1783810799999,19495479.29881600,60872,111.74963000,7184410.50098120
1783810800000,2026-07-11 23:00:00,64203.09000000,64246.00000000,63819.00000000,63819.00000000,877.44963000,1783814399999,56116927.49524930,109581,271.77527000,17370083.15297110
1783814400000,2026-07-12 00:00:00,63819.01000000,63909.92000000,63702.16000000,63828.47000000,2302.50352000,1783817999999,146930312.24600250,213062,1150.28269000,73402643.40038670
1783818000000,2026-07-12 01:00:00,63828.48000000,64172.66000000,63812.00000000,64133.61000000,394.25068000,1783821599999,25234105.13975080,90095,209.21597000,13391300.01202440
1783821600000,2026-07-12 02:00:00,64133.61000000,64133.62000000,64029.51000000,64070.39000000,908.56961000,1783825199999,58217465.36301270,70113,498.51461000,31940809.42136840
1783825200000,2026-07-12 03:00:00,64070.40000000,64223.74000000,64035.68000000,64223.73000000,488.95119000,1783828799999,31354766.72858910,58839,297.89307000,19100394.29664620
1783828800000,2026-07-12 04:00:00,64223.73000000,64245.87000000,63943.68000000,63999.93000000,412.91320000,1783832399999,26457105.10709250,55819,144.85248000,9279529.22533420
1783832400000,2026-07-12 05:00:00,63999.94000000,64024.48000000,63900.00000000,63959.93000000,291.33944000,1783835999999,18635608.05583880,42639,127.44085000,8151059.74397440
1783836000000,2026-07-12 06:00:00,63959.93000000,63962.85000000,63640.83000000,63762.46000000,526.52081000,1783839599999,33577807.92739320,106184,239.78046000,15291485.45161160
1783839600000,2026-07-12 07:00:00,63762.47000000,63908.39000000,63740.12000000,63885.27000000,506.72582000,1783843199999,32362656.98661680,53274,251.52599000,16064095.35683350
1783843200000,2026-07-12 08:00:00,63885.28000000,64100.32000000,63884.20000000,63983.18000000,1349.77159000,1783846799999,86388913.10056920,151844,604.97960000,38719961.09802120
1783846800000,2026-07-12 09:00:00,63983.18000000,64062.17000000,63764.00000000,63961.61000000,3089.49803000,1783850399999,197512142.59476160,257390,1526.77896000,97619007.11092380
1783850400000,2026-07-12 10:00:00,63961.60000000,63961.60000000,63843.40000000,63865.76000000,250.37178000,1783853999999,15993661.92381320,40102,95.96916000,6130356.65988080
1783854000000,2026-07-12 11:00:00,63865.76000000,64030.00000000,63826.01000000,64018.01000000,158.66802000,1783857599999,10148134.90080710,51620,94.61127000,6050972.54244560
1783857600000,2026-07-12 12:00:00,64018.00000000,64135.00000000,63970.55000000,64026.00000000,320.06272000,1783861199999,20495081.75227070,50200,113.56582000,7273622.85008080
1783861200000,2026-07-12 13:00:00,64026.01000000,64097.99000000,63987.40000000,64023.14000000,369.91648000,1783864799999,23691370.59049210,43343,237.63301000,15219531.97729230
1783864800000,2026-07-12 14:00:00,64023.13000000,64290.11000000,63958.71000000,64203.08000000,261.44826000,1783868399999,16755935.53967460,62093,158.04998000,10128804.05448150
1783868400000,2026-07-12 15:00:00,64203.08000000,64262.15000000,64117.97000000,64176.00000000,230.70025000,1783871999999,14807356.51689590,65527,111.22189000,7138014.61694740
1783872000000,2026-07-12 16:00:00,64176.00000000,64209.64000000,64042.00000000,64177.70000000,260.32939000,1783875599999,16695088.04932270,55181,94.22283000,6042881.62950690
1783875600000,2026-07-12 17:00:00,64177.70000000,64177.74000000,64029.12000000,64078.00000000,243.96602000,1783879199999,15639843.66871310,40041,93.42518000,5988574.94648340
1783879200000,2026-07-12 18:00:00,64078.00000000,64150.00000000,64018.69000000,64147.99000000,207.74726000,1783882799999,13311747.12182560,52460,101.29939000,6490080.95753410
1783882800000,2026-07-12 19:00:00,64148.00000000,64270.00000000,64147.30000000,64228.59000000,178.32690000,1783886399999,11448020.19357830,35891,83.09837000,5334645.66130610
1783886400000,2026-07-12 20:00:00,64228.59000000,64254.00000000,64178.03000000,64198.89000000,158.24040000,1783889999999,10160253.50448010,36090,78.25850000,5024620.00941270
1783890000000,2026-07-12 21:00:00,64198.90000000,64232.02000000,63891.84000000,63920.40000000,317.29013000,1783893599999,20316031.79259290,73654,112.24838000,7187142.27354570
1783893600000,2026-07-12 22:00:00,63920.40000000,63923.99000000,63668.00000000,63886.87000000,425.91972000,1783897199999,27166580.28162660,129062,201.57147000,12857053.88416750
1783897200000,2026-07-12 23:00:00,63886.86000000,63914.85000000,63726.62000000,63780.00000000,260.80581000,1783900799999,16638583.28222320,85082,130.56744000,8330075.80286220
1783900800000,2026-07-13 00:00:00,63780.00000000,64425.00000000,63568.00000000,64072.01000000,1134.90308000,1783904399999,72654773.07342390,286831,546.37770000,34988735.41876640
1783904400000,2026-07-13 01:00:00,64072.00000000,64072.01000000,63376.53000000,63412.01000000,1113.66129000,1783907999999,70877741.56970960,211558,406.44425000,25880695.37666580
1783908000000,2026-07-13 02:00:00,63412.01000000,63541.94000000,63237.26000000,63375.99000000,621.99474000,1783911599999,39435128.15104050,180956,273.64623000,17352243.72493810
1783911600000,2026-07-13 03:00:00,63376.00000000,63382.95000000,62741.04000000,62806.41000000,1068.82271000,1783915199999,67302083.79689580,190926,374.67881000,23586928.81830420
1783915200000,2026-07-13 04:00:00,62806.41000000,62911.94000000,62620.13000000,62672.00000000,670.25607000,1783918799999,42063818.98079300,107703,272.82364000,17125386.08748800
1783918800000,2026-07-13 05:00:00,62672.00000000,62905.68000000,62500.76000000,62799.00000000,816.14848000,1783922399999,51176201.87698220,128840,336.13973000,21085184.62368400
1783922400000,2026-07-13 06:00:00,62799.01000000,62880.00000000,62710.45000000,62797.55000000,385.11506000,1783925999999,24184102.59173470,81497,199.57348000,12532600.50397570
1783926000000,2026-07-13 07:00:00,62797.55000000,63070.01000000,62753.69000000,62985.52000000,1476.18790000,1783929599999,92960933.98588360,113042,789.05083000,49678061.17281010
1783929600000,2026-07-13 08:00:00,62985.53000000,63302.88000000,62935.92000000,63206.97000000,1893.03927000,1783933199999,119430995.69417030,91024,838.75151000,52914949.69084560
1783933200000,2026-07-13 09:00:00,63206.98000000,63210.00000000,63086.12000000,63100.02000000,663.43575000,1783936799999,41877393.26556330,47622,269.67243000,17023014.48825580
1783936800000,2026-07-13 10:00:00,63100.02000000,63157.85000000,62862.28000000,62867.89000000,788.29364000,1783940399999,49685703.24231900,64528,223.32148000,14080598.20736220
1783940400000,2026-07-13 11:00:00,62867.90000000,63135.55000000,62867.90000000,62901.99000000,458.30123000,1783943999999,28871322.44361890,80420,284.85154000,17943525.20275440
1783944000000,2026-07-13 12:00:00,62901.99000000,62990.04000000,62570.00000000,62625.15000000,689.69237000,1783947599999,43292710.10640760,145674,240.13365000,15065772.27090280
1783947600000,2026-07-13 13:00:00,62625.15000000,62766.37000000,62164.00000000,62318.00000000,2175.34811000,1783951199999,135790068.36806220,285296,960.65466000,60001341.66200780
1783951200000,2026-07-13 14:00:00,62318.01000000,62794.97000000,62101.00000000,62791.85000000,1780.86024000,1783954799999,111242967.07363880,287712,1004.52163000,62764708.27390680
1783954800000,2026-07-13 15:00:00,62791.85000000,62983.83000000,62559.58000000,62618.01000000,1226.00074000,1783958399999,76866972.60069860,157149,588.39490000,36899051.69679650
1783958400000,2026-07-13 16:00:00,62618.00000000,62629.35000000,62212.00000000,62276.00000000,970.69108000,1783961999999,60576532.29623890,168597,395.84940000,24695549.16693500
1783962000000,2026-07-13 17:00:00,62276.01000000,62370.00000000,61900.00000000,61904.99000000,1161.78052000,1783965599999,72161314.34408730,173760,509.97460000,31683482.29415630
1783965600000,2026-07-13 18:00:00,61904.99000000,62100.00000000,61824.97000000,62020.00000000,662.51495000,1783969199999,41047598.61025870,132699,375.20601000,23248637.52163890
1783969200000,2026-07-13 19:00:00,62020.00000000,62292.84000000,61990.00000000,62288.23000000,503.43262000,1783972799999,31265406.70437000,91224,284.37197000,17661893.92595410
1783972800000,2026-07-13 20:00:00,62288.23000000,62324.74000000,62050.71000000,62210.99000000,294.43026000,1783976399999,18312163.37403220,62234,126.46800000,7865572.43096360
1783976400000,2026-07-13 21:00:00,62211.00000000,62216.35000000,61897.45000000,62065.06000000,385.18322000,1783979999999,23900169.68005040,77517,156.25407000,9694051.85811120
1783980000000,2026-07-13 22:00:00,62065.05000000,62224.00000000,61911.31000000,61924.00000000,386.45256000,1783983599999,23996456.86579880,85665,191.93372000,11919622.20393830
1783983600000,2026-07-13 23:00:00,61924.00000000,62347.46000000,61882.88000000,62334.52000000,355.95615000,1783987199999,22124171.25526510,97238,212.34300000,13199823.11428630
1783987200000,2026-07-14 00:00:00,62334.52000000,62666.66000000,62272.20000000,62549.54000000,827.98236000,1783990799999,51675940.19931970,162789,523.04865000,32645021.29549100
1783990800000,2026-07-14 01:00:00,62549.55000000,62640.00000000,62460.03000000,62540.42000000,471.32047000,1783994399999,29468927.04219380,112273,162.59369000,10166070.75555480
1783994400000,2026-07-14 02:00:00,62540.41000000,62645.00000000,62329.98000000,62544.00000000,510.10327000,1783997999999,31869750.66706310,75818,202.66286000,12667949.44414070
1783998000000,2026-07-14 03:00:00,62544.00000000,62604.00000000,62314.00000000,62572.89000000,439.89615000,1784001599999,27471043.06785320,74405,127.18215000,7945043.42357100
1784001600000,2026-07-14 04:00:00,62572.88000000,62768.95000000,62539.71000000,62745.23000000,314.71779000,1784005199999,19725662.03332770,69871,163.24658000,10231335.23469330
1784005200000,2026-07-14 05:00:00,62745.24000000,62872.00000000,62697.69000000,62737.00000000,625.42470000,1784008799999,39262968.53336160,75213,378.73990000,23778098.64495160
1784008800000,2026-07-14 06:00:00,62737.00000000,62772.48000000,62566.01000000,62624.05000000,742.03175000,1784012399999,46505512.48129370,67688,331.34613000,20766405.11070750
1784012400000,2026-07-14 07:00:00,62624.06000000,62655.99000000,62516.93000000,62560.92000000,406.16223000,1784015999999,25423415.19176350,83510,225.31426000,14103064.64203990
1784016000000,2026-07-14 08:00:00,62560.92000000,62807.94000000,62500.00000000,62713.85000000,377.86259000,1784019599999,23678347.09220040,70924,165.78605000,10387903.70661170
1784019600000,2026-07-14 09:00:00,62713.85000000,62742.00000000,62534.29000000,62629.55000000,614.55321000,1784023199999,38491256.57684440,70186,263.11312000,16481581.45813920
1784023200000,2026-07-14 10:00:00,62629.56000000,62908.80000000,62609.47000000,62800.00000000,437.22084000,1784026799999,27436132.48993780,87948,228.96814000,14367556.86127780
1784026800000,2026-07-14 11:00:00,62800.01000000,62923.06000000,62713.60000000,62844.99000000,302.90008000,1784030399999,19028848.29966970,76374,135.33427000,8501932.73787470
1784030400000,2026-07-14 12:00:00,62844.99000000,63989.54000000,62780.84000000,63960.00000000,3109.78866000,1784033999999,197228080.84338530,340612,1759.05632000,111593555.06608210
1784034000000,2026-07-14 13:00:00,63959.99000000,64181.99000000,63699.03000000,63840.01000000,1522.71413000,1784037599999,97289004.16287810,264729,726.13568000,46394195.80926070
1784037600000,2026-07-14 14:00:00,63840.01000000,64346.49000000,63580.99000000,64305.02000000,1089.85313000,1784041199999,69660622.91509460,214506,576.80866000,36892339.21839590
1784041200000,2026-07-14 15:00:00,64305.01000000,64966.43000000,64194.64000000,64743.99000000,3074.26518000,1784044799999,198686212.07069680,328316,1767.07268000,114220076.74586030
1784044800000,2026-07-14 16:00:00,64744.00000000,64896.86000000,64606.00000000,64730.00000000,1264.07966000,1784048399999,81894662.51895110,197007,721.85004000,46769380.66314950
1784048400000,2026-07-14 17:00:00,64730.01000000,64730.01000000,64231.77000000,64621.43000000,1156.00933000,1784051999999,74566380.78023040,159839,544.29781000,35108784.12562200
1784052000000,2026-07-14 18:00:00,64621.43000000,64648.88000000,64477.23000000,64571.98000000,502.24971000,1784055599999,32424776.07393190,98369,273.76826000,17673821.20740820
1784055600000,2026-07-14 19:00:00,64571.99000000,64704.00000000,64487.38000000,64569.59000000,367.96179000,1784059199999,23764910.01336960,78301,179.34289000,11582541.76529060
1784059200000,2026-07-14 20:00:00,64569.59000000,64599.00000000,64419.99000000,64572.02000000,281.25074000,1784062799999,18138006.35144510,61993,121.59743000,7842119.56545380
1784062800000,2026-07-14 21:00:00,64572.02000000,64893.92000000,64526.00000000,64676.90000000,427.49727000,1784066399999,27660350.42090840,80311,229.12565000,14826358.18262280
1784066400000,2026-07-14 22:00:00,64676.89000000,65100.00000000,64516.00000000,64860.89000000,1268.06322000,1784069999999,82320454.63995970,146779,789.09241000,51230725.64707370
1784070000000,2026-07-14 23:00:00,64860.89000000,65048.00000000,64782.00000000,65043.98000000,418.50558000,1784073599999,27183236.21485080,83184,252.00615000,16368466.76006410
1784073600000,2026-07-15 00:00:00,65043.99000000,65065.01000000,64765.12000000,64824.58000000,352.45343000,1784077199999,22876740.13399420,89993,145.01703000,9413356.10576520
1784077200000,2026-07-15 01:00:00,64824.57000000,64853.08000000,64644.48000000,64674.35000000,610.20031000,1784080799999,39490595.09695300,84226,193.02661000,12492165.36285200
1784080800000,2026-07-15 02:00:00,64674.35000000,64755.99000000,64488.00000000,64490.87000000,350.99185000,1784084399999,22663017.40912360,67599,128.24033000,8281727.99767750
1784084400000,2026-07-15 03:00:00,64490.87000000,64840.00000000,64490.86000000,64792.01000000,379.79444000,1784087999999,24556380.12629680,78761,212.73565000,13753964.14409070
1784088000000,2026-07-15 04:00:00,64792.00000000,64885.99000000,64714.00000000,64746.01000000,289.24746000,1784091599999,18744503.57453070,67192,130.57975000,8462528.25934770
1784091600000,2026-07-15 05:00:00,64746.01000000,64964.96000000,64602.50000000,64944.06000000,686.50940000,1784095199999,44428561.40596700,77972,352.04292000,22785642.92215940
1784095200000,2026-07-15 06:00:00,64944.06000000,65277.37000000,64814.00000000,64814.00000000,974.06143000,1784098799999,63357389.08149180,145379,556.38097000,36188305.61978760
1784098800000,2026-07-15 07:00:00,64814.01000000,64876.00000000,64485.00000000,64549.34000000,1209.74716000,1784102399999,78196461.07060080,129130,546.94983000,35360286.06461300
1784102400000,2026-07-15 08:00:00,64549.33000000,64797.02000000,64549.33000000,64768.01000000,958.47053000,1784105999999,62009500.85123360,79476,550.53625000,35619108.36680690
1784106000000,2026-07-15 09:00:00,64768.00000000,64917.94000000,64653.18000000,64671.83000000,542.47841000,1784109599999,35158818.21583060,67517,261.29365000,16935464.04762320
1784109600000,2026-07-15 10:00:00,64671.84000000,64855.56000000,64614.00000000,64663.00000000,316.30209000,1784113199999,20467657.26875340,70407,149.48303000,9671741.63282240
1784113200000,2026-07-15 11:00:00,64663.00000000,64767.37000000,64616.11000000,64732.15000000,500.13863000,1784116799999,32358687.10469170,71757,315.56224000,20416585.68403570
1784116800000,2026-07-15 12:00:00,64732.15000000,65249.90000000,64606.00000000,65164.00000000,1837.40143000,1784120399999,119231761.72893930,204654,986.57597000,64032026.42040990
1784120400000,2026-07-15 13:00:00,65164.00000000,65577.00000000,64888.00000000,65117.99000000,1942.12357000,1784123999999,126827754.66088410,316395,986.51569000,64444692.68357090
1784124000000,2026-07-15 14:00:00,65118.00000000,65517.05000000,65070.00000000,65399.81000000,1187.13269000,1784127599999,77547190.79898590,250059,623.94836000,40760081.44204220
1784127600000,2026-07-15 15:00:00,65399.80000000,65600.00000000,65261.71000000,65427.61000000,1153.25811000,1784131199999,75449236.78049240,191878,551.50561000,36081687.31144880
1784131200000,2026-07-15 16:00:00,65427.60000000,65470.00000000,64784.83000000,65120.79000000,1423.19665000,1784134799999,92630468.44900480,173982,688.94738000,44826198.32276920
1784134800000,2026-07-15 17:00:00,65120.80000000,65194.72000000,64972.95000000,65056.10000000,1119.69712000,1784138399999,72840642.50111650,114230,535.60425000,34839115.85079730
1784138400000,2026-07-15 18:00:00,65056.10000000,65143.57000000,64847.42000000,64860.00000000,1076.85531000,1784141999999,70017332.55209310,87058,480.85672000,31262801.43172720
1784142000000,2026-07-15 19:00:00,64860.00000000,65000.00000000,64738.49000000,64977.34000000,377.96921000,1784145599999,24530349.13437620,90113,181.50442000,11781117.23375870
1784145600000,2026-07-15 20:00:00,64977.34000000,65055.39000000,64899.00000000,64968.01000000,239.51973000,1784149199999,15565796.05687060,44327,97.10398000,6310620.25177860
1784149200000,2026-07-15 21:00:00,64968.02000000,65018.74000000,64789.89000000,64834.31000000,289.23644000,1784152799999,18762786.30351260,50400,116.77521000,7573283.41142180
1784152800000,2026-07-15 22:00:00,64834.31000000,64982.47000000,64772.00000000,64866.93000000,275.16571000,1784156399999,17849617.46050680,59240,109.62196000,7111784.53371120
1784156400000,2026-07-15 23:00:00,64866.93000000,64938.00000000,64691.89000000,64756.28000000,309.94630000,1784159999999,20087076.00226890,57174,108.67581000,7043526.74386100
1784160000000,2026-07-16 00:00:00,64756.28000000,64845.50000000,64500.00000000,64584.07000000,762.20624000,1784163599999,49306432.43960520,114212,267.75046000,17318373.83620380
1784163600000,2026-07-16 01:00:00,64584.07000000,64830.00000000,64392.01000000,64730.01000000,462.87658000,1784167199999,29897308.75896340,93749,184.90674000,11949275.78925040
1784167200000,2026-07-16 02:00:00,64730.00000000,64735.09000000,64574.02000000,64642.01000000,327.49099000,1784170799999,21167895.80879960,81469,120.01092000,7756612.58209030
1784170800000,2026-07-16 03:00:00,64642.00000000,64745.55000000,64555.00000000,64619.95000000,221.04888000,1784174399999,14291216.66047550,62519,91.13349000,5892081.11109230
1784174400000,2026-07-16 04:00:00,64619.96000000,64692.00000000,64544.04000000,64650.05000000,615.61718000,1784177999999,39778166.11131830,63217,272.65011000,17616184.68578810
1784178000000,2026-07-16 05:00:00,64650.05000000,64997.52000000,64592.67000000,64917.99000000,618.60530000,1784181599999,40096131.81106940,102100,272.42041000,17666903.16392120
1784181600000,2026-07-16 06:00:00,64917.99000000,64978.00000000,64630.01000000,64777.32000000,355.62558000,1784185199999,23055384.82595990,80154,185.42352000,12022085.91739740
1784185200000,2026-07-16 07:00:00,64777.33000000,64777.33000000,64086.12000000,64238.00000000,1138.76345000,1784188799999,73266539.91912450,135277,530.20807000,34107504.95803370
1784188800000,2026-07-16 08:00:00,64238.00000000,64380.00000000,63888.00000000,64126.85000000,3967.60650000,1784192399999,254484514.63940390,276872,1913.73079000,122766239.62003760
1784192400000,2026-07-16 09:00:00,64126.86000000,64186.83000000,64019.02000000,64090.00000000,3387.73889000,1784195999999,217178817.88201580,133490,1709.97753000,109620357.38769340
1784196000000,2026-07-16 10:00:00,64090.00000000,64269.42000000,64077.75000000,64221.34000000,351.18175000,1784199599999,22540451.73051400,64376,216.77888000,13913975.41576950
1784199600000,2026-07-16 11:00:00,64221.34000000,64269.42000000,64101.00000000,64256.53000000,377.01841000,1784203199999,24201455.75335720,80601,229.34210000,14721330.93945840
1784203200000,2026-07-16 12:00:00,64256.52000000,64256.52000000,63838.28000000,63966.01000000,728.30687000,1784206799999,46650112.63717040,112114,307.42746000,19689959.56954610
1784206800000,2026-07-16 13:00:00,63966.01000000,64480.00000000,63961.14000000,64376.00000000,827.04997000,1784210399999,53133011.01179340,206844,462.57569000,29715578.92495070
1784210400000,2026-07-16 14:00:00,64375.99000000,64863.07000000,64332.57000000,64543.51000000,993.97642000,1784213999999,64228141.43225350,242913,530.78945000,34303137.88222390
1784214000000,2026-07-16 15:00:00,64543.51000000,64896.00000000,64320.00000000,64704.73000000,620.57363000,1784217599999,40116555.72279970,179749,294.17576000,19020835.82181810
1784217600000,2026-07-16 16:00:00,64704.73000000,64712.00000000,64333.33000000,64484.00000000,523.57946000,1784221199999,33772572.93516980,164890,258.97661000,16707468.58837470
1784221200000,2026-07-16 17:00:00,64484.01000000,64484.01000000,63984.09000000,64069.03000000,616.12218000,1784224799999,39546263.90641080,152847,298.65752000,19167669.08477200
1784224800000,2026-07-16 18:00:00,64069.04000000,64330.00000000,64052.14000000,64246.01000000,275.58322000,1784228399999,17693233.31554150,96968,154.14249000,9896995.89804800
1784228400000,2026-07-16 19:00:00,64246.01000000,64301.99000000,64152.00000000,64271.84000000,368.59969000,1784231999999,23673372.54719390,87618,179.89113000,11553769.45624580
1784232000000,2026-07-16 20:00:00,64271.85000000,64276.00000000,64108.00000000,64114.27000000,169.71905000,1784235599999,10892569.27688850,46514,50.34261000,3231019.42021100
1784235600000,2026-07-16 21:00:00,64114.25000000,64253.25000000,64101.18000000,64161.99000000,188.09780000,1784239199999,12073010.56578350,46705,98.81405000,6342100.94795540
1784239200000,2026-07-16 22:00:00,64162.00000000,64240.12000000,63950.01000000,63968.00000000,351.60652000,1784242799999,22541243.73028380,82121,189.43479000,12146431.33862240
1784242800000,2026-07-16 23:00:00,63968.01000000,64010.58000000,63748.74000000,63830.20000000,515.53223000,1784246399999,32913982.95529820,106162,187.74549000,11986107.88721550
1784246400000,2026-07-17 00:00:00,63830.20000000,63912.00000000,63612.62000000,63886.00000000,435.36884000,1784249999999,27761893.02305260,130096,188.83862000,12043436.33270310
1784250000000,2026-07-17 01:00:00,63886.00000000,64067.69000000,63476.00000000,63546.24000000,735.77497000,1784253599999,46906740.31769070,165996,328.86352000,20966019.63464010
1784253600000,2026-07-17 02:00:00,63546.25000000,63657.99000000,63380.28000000,63482.00000000,818.39465000,1784257199999,51965487.30586850,145402,363.18785000,23062333.82650900
1784257200000,2026-07-17 03:00:00,63482.00000000,63720.00000000,63482.00000000,63570.00000000,676.04775000,1784260799999,43025216.03637760,89683,355.40693000,22617274.29287510
1784260800000,2026-07-17 04:00:00,63570.00000000,63576.00000000,63320.00000000,63486.01000000,490.83509000,1784264399999,31130289.06977250,85259,278.98949000,17693576.11148560
1784264400000,2026-07-17 05:00:00,63486.01000000,63486.01000000,62804.30000000,62839.76000000,1190.44758000,1784267999999,75071052.90441030,147087,412.98017000,26034463.65808640
1784268000000,2026-07-17 06:00:00,62839.77000000,62998.52000000,62710.00000000,62948.00000000,1200.24888000,1784271599999,75426822.04945710,145347,541.26582000,34019405.36238240
1784271600000,2026-07-17 07:00:00,62948.00000000,62983.99000000,62800.00000000,62828.11000000,1288.47496000,1784275199999,81065480.63539860,116780,828.57670000,52133039.54669700
1784275200000,2026-07-17 08:00:00,62828.11000000,62939.04000000,62666.00000000,62888.00000000,838.15570000,1784278799999,52634154.77198240,118340,442.64190000,27797608.18327910
1784278800000,2026-07-17 09:00:00,62888.01000000,63069.06000000,62852.89000000,62989.46000000,603.45822000,1784282399999,37986908.72473240,77782,305.18241000,19211837.84378290
1784282400000,2026-07-17 10:00:00,62989.47000000,63201.91000000,62989.47000000,63179.92000000,534.56662000,1784285999999,33746956.32009200,82170,302.65855000,19107614.53953360
1784286000000,2026-07-17 11:00:00,63179.91000000,63361.70000000,63063.67000000,63298.01000000,617.19974000,1784289599999,38998648.55509210,76675,338.41136000,21383081.07730230
1784289600000,2026-07-17 12:00:00,63298.00000000,63348.00000000,63069.09000000,63099.75000000,618.64826000,1784293199999,39087743.61611900,104477,298.57732000,18860325.88243720
1784293200000,2026-07-17 13:00:00,63099.75000000,63180.00000000,62537.56000000,63153.99000000,1381.50027000,1784296799999,86761153.85307560,306096,574.56636000,36081573.43439060
1784296800000,2026-07-17 14:00:00,63154.00000000,63518.00000000,63051.77000000,63174.00000000,1199.38162000,1784300399999,75888606.66117210,289884,517.61777000,32755073.02453500
1784300400000,2026-07-17 15:00:00,63174.01000000,63452.00000000,62856.16000000,63452.00000000,702.84059000,1784303999999,44374391.21093130,193926,352.89734000,22287323.00509440
1784304000000,2026-07-17 16:00:00,63452.00000000,63706.75000000,63312.01000000,63594.00000000,881.75053000,1784307599999,55981690.50874250,163102,469.94191000,29834543.43831110
1784307600000,2026-07-17 17:00:00,63594.00000000,64228.27000000,63594.00000000,64049.86000000,1210.18889000,1784311199999,77456976.05072360,231758,571.88450000,36596006.98568770
1784311200000,2026-07-17 18:00:00,64049.85000000,64387.99000000,63894.00000000,64259.73000000,761.86335000,1784314799999,48861207.77066300,192330,373.50051000,23959096.16886360
1784314800000,2026-07-17 19:00:00,64259.73000000,64259.73000000,63981.20000000,64160.80000000,578.45246000,1784318399999,37090044.80282040,141264,233.12112000,14948946.43441710
1784318400000,2026-07-17 20:00:00,64160.80000000,64192.57000000,63958.19000000,64120.00000000,456.18305000,1784321999999,29216033.49067830,95798,185.02914000,11849589.14163020
1784322000000,2026-07-17 21:00:00,64120.01000000,64216.61000000,64064.00000000,64110.00000000,284.21145000,1784325599999,18226751.53487510,56652,130.42543000,8364037.07347070
1784325600000,2026-07-17 22:00:00,64110.01000000,64147.00000000,63903.63000000,63986.00000000,255.88006000,1784329199999,16376212.72510400,46539,91.43757000,5850694.02684620
1784329200000,2026-07-17 23:00:00,63986.01000000,64011.08000000,63884.35000000,63931.67000000,430.02036000,1784332799999,27505567.40141980,36853,132.43572000,8469813.65361110
1784332800000,2026-07-18 00:00:00,63931.67000000,64012.39000000,63895.33000000,63910.04000000,217.92923000,1784336399999,13934565.37269220,36439,88.94571000,5686457.77534480
1784336400000,2026-07-18 01:00:00,63910.05000000,64000.00000000,63886.65000000,63952.98000000,200.93158000,1784339999999,12845683.93259120,38454,101.13965000,6465786.99473590
1784340000000,2026-07-18 02:00:00,63952.97000000,64032.60000000,63930.54000000,63967.61000000,372.49980000,1784343599999,23831434.11739850,34906,177.20663000,11337386.95143170
1784343600000,2026-07-18 03:00:00,63967.61000000,64017.85000000,63928.15000000,64017.84000000,578.99589000,1784347199999,37028871.33332080,40753,339.54706000,21713685.83453350
1784347200000,2026-07-18 04:00:00,64017.84000000,64017.85000000,63947.09000000,63967.99000000,311.74394000,1784350799999,19944984.81304020,31750,114.86755000,7349025.06397130
1784350800000,2026-07-18 05:00:00,63968.00000000,63998.00000000,63926.39000000,63967.95000000,153.28461000,1784354399999,9804201.60065080,35664,91.89331000,5877624.66174990
1784354400000,2026-07-18 06:00:00,63967.95000000,64005.99000000,63950.00000000,63979.67000000,193.68533000,1784357999999,12391202.31002440,22645,84.94141000,5434162.66425770
1784358000000,2026-07-18 07:00:00,63979.67000000,64026.03000000,63974.94000000,64002.75000000,290.38620000,1784361599999,18587667.39067950,27957,149.35276000,9560275.08726190
1784361600000,2026-07-18 08:00:00,64002.75000000,64019.64000000,63960.00000000,64006.01000000,293.43528000,1784365199999,18776525.35450550,26230,166.47617000,10652735.56136220
1784365200000,2026-07-18 09:00:00,64006.01000000,64006.01000000,63887.73000000,63987.76000000,286.53507000,1784368799999,18326684.74319580,22373,81.78779000,5231626.46183600
1784368800000,2026-07-18 10:00:00,63987.77000000,64026.39000000,63982.34000000,64016.43000000,264.09470000,1784372399999,16904036.76841160,15481,193.28382000,12371899.73423500
1784372400000,2026-07-18 11:00:00,64016.43000000,64097.22000000,64010.99000000,64069.89000000,259.43503000,1784375999999,16611789.16832990,21897,124.61799000,7979980.34955540
1784376000000,2026-07-18 12:00:00,64069.89000000,64274.47000000,64057.27000000,64218.00000000,554.94465000,1784379599999,35603019.33342730,71351,375.60846000,24096408.85081720
1784379600000,2026-07-18 13:00:00,64218.01000000,64218.01000000,63963.00000000,64106.00000000,300.90627000,1784383199999,19269691.63558030,57350,90.42783000,5791811.62889850
1784383200000,2026-07-18 14:00:00,64105.99000000,64195.01000000,64101.42000000,64126.00000000,182.82691000,1784386799999,11729731.74897350,40171,102.86872000,6600011.96874080
1784386800000,2026-07-18 15:00:00,64126.00000000,64163.99000000,64037.45000000,64123.12000000,202.91031000,1784390399999,13005984.01423460,42082,79.70971000,5109074.60299030
1784390400000,2026-07-18 16:00:00,64123.13000000,64314.00000000,64091.48000000,64303.47000000,325.76583000,1784393999999,20909944.61118380,57577,198.17952000,12720700.94691580
1784394000000,2026-07-18 17:00:00,64303.48000000,64492.00000000,64280.22000000,64480.29000000,572.40254000,1784397599999,36842060.50347030,81560,339.31225000,21839596.15880270
1784397600000,2026-07-18 18:00:00,64480.28000000,64669.50000000,64462.00000000,64512.41000000,531.00754000,1784401199999,34268725.92494560,76954,317.00387000,20459179.87386200
1784401200000,2026-07-18 19:00:00,64512.41000000,64597.90000000,64482.00000000,64552.79000000,294.01495000,1784404799999,18977273.56210350,41062,143.09304000,9235865.31451090
1784404800000,2026-07-18 20:00:00,64552.80000000,64739.64000000,64528.69000000,64693.01000000,554.55726000,1784408399999,35832367.04996570,67492,203.95330000,13180424.58605150
1784408400000,2026-07-18 21:00:00,64693.02000000,64846.83000000,64614.36000000,64731.72000000,365.29033000,1784411999999,23646648.01433980,86946,156.33670000,10119916.34102650
1784412000000,2026-07-18 22:00:00,64731.73000000,64865.00000000,64712.29000000,64805.05000000,503.12891000,1784415599999,32595444.26665710,67199,270.39759000,17518777.94736610
1784415600000,2026-07-18 23:00:00,64805.04000000,64843.30000000,64709.28000000,64834.22000000,220.46796000,1784419199999,14286111.11664800,44408,109.26344000,7080365.08622110
1784419200000,2026-07-19 00:00:00,64834.21000000,64906.40000000,64769.47000000,64792.08000000,443.04046000,1784422799999,28721404.16735250,44297,220.83655000,14316271.20529050
1784422800000,2026-07-19 01:00:00,64792.08000000,64792.09000000,64765.99000000,64765.99000000,211.03912000,1784426399999,13669959.85485460,27566,70.30937000,4554215.74374620
1784426400000,2026-07-19 02:00:00,64766.00000000,64967.25000000,64700.84000000,64826.01000000,574.09127000,1784429999999,37227437.85067540,76305,358.62229000,23255469.90040430
1784430000000,2026-07-19 03:00:00,64826.01000000,64842.92000000,64620.44000000,64706.18000000,416.11384000,1784433599999,26917588.50925240,49992,164.16272000,10617455.40608130
1784433600000,2026-07-19 04:00:00,64706.18000000,64795.43000000,64610.89000000,64720.17000000,249.31584000,1784437199999,16131599.63372590,44807,112.81648000,7298809.80482340
1784437200000,2026-07-19 05:00:00,64720.17000000,64815.65000000,64676.00000000,64724.01000000,206.27533000,1784440799999,13355010.31471110,32382,97.69460000,6324844.65402100
1784440800000,2026-07-19 06:00:00,64724.00000000,64759.33000000,64694.66000000,64711.69000000,244.79532000,1784444399999,15843142.90307130,30360,76.65129000,4960694.48902860
1784444400000,2026-07-19 07:00:00,64711.69000000,64784.00000000,64675.00000000,64711.05000000,401.27453000,1784447999999,25968746.21426040,35850,235.15720000,15217846.39483450
1784448000000,2026-07-19 08:00:00,64711.04000000,64743.00000000,64631.54000000,64707.49000000,602.66232000,1784451599999,38983669.85808590,45790,356.39588000,23052202.87671980
1784451600000,2026-07-19 09:00:00,64707.48000000,64725.74000000,64500.00000000,64509.99000000,392.93472000,1784455199999,25372958.78481020,60038,180.76904000,11673142.18713670
1784455200000,2026-07-19 10:00:00,64510.00000000,64700.00000000,64482.00000000,64595.00000000,334.64364000,1784458799999,21619201.55698460,62655,216.11326000,13960549.55801500
1784458800000,2026-07-19 11:00:00,64595.00000000,64636.28000000,64445.00000000,64467.64000000,208.69371000,1784462399999,13470075.18382030,61380,117.78144000,7602488.18923710
1784462400000,2026-07-19 12:00:00,64467.65000000,64467.65000000,64285.24000000,64441.15000000,549.28590000,1784465999999,35360477.76311760,78381,268.79894000,17304578.34542560
1784466000000,2026-07-19 13:00:00,64441.16000000,64516.33000000,64307.72000000,64483.31000000,325.94592000,1784469599999,20994565.90216020,62759,169.12018000,10895130.47807150
1784469600000,2026-07-19 14:00:00,64483.32000000,64663.04000000,64425.24000000,64593.07000000,328.97060000,1784473199999,21225054.83221000,78033,225.30830000,14536567.97195750
1784473200000,2026-07-19 15:00:00,64593.07000000,64620.00000000,64500.00000000,64585.32000000,260.30458000,1784476799999,16801371.55372770,55126,135.33206000,8734616.21865630
1784476800000,2026-07-19 16:00:00,64585.33000000,64644.00000000,64505.21000000,64538.72000000,321.63819000,1784480399999,20767837.47874020,55152,186.63356000,12051218.76296900
1784480400000,2026-07-19 17:00:00,64538.72000000,64752.00000000,64406.30000000,64547.86000000,402.19584000,1784483999999,25983420.80676920,79967,167.89067000,10848199.52321170
1784484000000,2026-07-19 18:00:00,64547.86000000,64554.00000000,64280.00000000,64419.99000000,321.71164000,1784487599999,20728852.18557710,81538,166.99887000,10759014.97646140
1784487600000,2026-07-19 19:00:00,64420.00000000,64467.82000000,64352.00000000,64462.58000000,115.02705000,1784491199999,7410208.38031750,38116,56.02771000,3609046.00174620
1784491200000,2026-07-19 20:00:00,64462.58000000,64560.00000000,64462.57000000,64535.99000000,100.52602000,1784494799999,6484360.49694250,33798,44.16481000,2848790.31370050
1784494800000,2026-07-19 21:00:00,64536.00000000,64562.55000000,64350.00000000,64415.75000000,221.49991000,1784498399999,14270433.66139310,54765,83.61887000,5387201.32532110
1784498400000,2026-07-19 22:00:00,64415.75000000,64900.00000000,64347.89000000,64674.67000000,828.28879000,1784501999999,53575007.17672580,183382,403.70549000,26114221.04787080
1784502000000,2026-07-19 23:00:00,64674.66000000,64772.00000000,64572.00000000,64722.54000000,319.64020000,1784505599999,20676716.84370910,91898,167.06043000,10806205.89034170
1784505600000,2026-07-20 00:00:00,64722.55000000,65107.99000000,64416.00000000,64553.84000000,736.05935000,1784509199999,47746253.24169950,182848,373.03585000,24211345.65033530
1784509200000,2026-07-20 01:00:00,64553.85000000,65029.40000000,64506.00000000,64628.01000000,401.29098000,1784512799999,25991817.27615720,157579,207.33594000,13431945.27919460
1784512800000,2026-07-20 02:00:00,64628.01000000,64964.00000000,64585.00000000,64827.20000000,378.92701000,1784516399999,24558164.63402800,143622,170.46754000,11048257.65545730
1784516400000,2026-07-20 03:00:00,64827.19000000,64914.93000000,64644.01000000,64869.80000000,340.53514000,1784519999999,22070775.60952070,103653,193.73842000,12557829.70640500
1784520000000,2026-07-20 04:00:00,64869.79000000,64869.99000000,64540.00000000,64540.01000000,333.38076000,1784523599999,21577957.23374520,80155,115.44660000,7471071.25546570
1784523600000,2026-07-20 05:00:00,64540.00000000,64562.00000000,64082.70000000,64128.00000000,978.47191000,1784527199999,62855851.78805930,206944,411.79681000,26453813.51108840
1784527200000,2026-07-20 06:00:00,64128.01000000,64220.00000000,63765.83000000,63917.98000000,852.13818000,1784530799999,54507266.43842660,176861,395.60294000,25309518.98312930
1784530800000,2026-07-20 07:00:00,63917.99000000,64315.96000000,63896.00000000,64280.01000000,998.28115000,1784534399999,64007497.86050720,123721,618.64369000,39655887.38297010
1784534400000,2026-07-20 08:00:00,64280.01000000,64356.00000000,63100.00000000,64049.99000000,3901.45477000,1784537999999,249987108.85700910,159278,736.29869000,47211971.99719010
1784538000000,2026-07-20 09:00:00,64050.00000000,64276.00000000,64012.80000000,64199.50000000,508.64903000,1784541599999,32640625.45778570,78564,297.20927000,19072075.31134650
1784541600000,2026-07-20 10:00:00,64199.51000000,64415.42000000,64162.00000000,64301.18000000,339.54836000,1784545199999,21831111.36698130,74493,180.48151000,11603342.29703850
1784545200000,2026-07-20 11:00:00,64301.18000000,65068.00000000,64273.33000000,65002.01000000,1040.02207000,1784548799999,67330407.67350490,199513,594.40576000,38477071.96399580
1784548800000,2026-07-20 12:00:00,65002.00000000,65002.83000000,64599.89000000,64640.00000000,1301.45682000,1784552399999,84235389.03577220,149555,710.46076000,45976717.82652410
1784552400000,2026-07-20 13:00:00,64640.00000000,64763.67000000,64208.00000000,64344.01000000,1171.73283000,1784555999999,75666362.71760560,272284,658.22349000,42507930.53566760
1784556000000,2026-07-20 14:00:00,64344.01000000,64575.37000000,64077.76000000,64416.01000000,811.23879000,1784559599999,52211013.40648540,271777,430.34574000,27702615.37991400
1784559600000,2026-07-20 15:00:00,64416.01000000,65666.80000000,64398.15000000,65598.75000000,2563.16846000,1784563199999,166940754.02614310,342561,1660.67884000,108201886.17823880
1784563200000,2026-07-20 16:00:00,65598.75000000,65637.70000000,65336.00000000,65508.50000000,1056.62117000,1784566799999,69183278.03023280,187685,542.58058000,35527245.86375330
1784566800000,2026-07-20 17:00:00,65508.50000000,65646.55000000,65342.52000000,65587.98000000,673.41436000,1784570399999,44112235.33613190,125377,387.06212000,25356413.64622550
1784570400000,2026-07-20 18:00:00,65587.99000000,65799.00000000,65204.00000000,65240.01000000,708.20295000,1784573999999,46416684.66279050,152574,344.93339000,22612220.68087400
1784574000000,2026-07-20 19:00:00,65240.01000000,65274.58000000,65041.05000000,65142.00000000,856.15121000,1784577599999,55759616.61371240,123541,413.45663000,26926261.09091820
1784577600000,2026-07-20 20:00:00,65142.00000000,65438.00000000,65061.92000000,65367.58000000,339.09983000,1784581199999,22131381.22445800,86065,204.90754000,13373931.16610780
1784581200000,2026-07-20 21:00:00,65367.57000000,65445.27000000,65272.32000000,65286.02000000,264.99229000,1784584799999,17314896.59443770,64149,138.39530000,9041914.94707280
1784584800000,2026-07-20 22:00:00,65286.02000000,65286.02000000,65092.66000000,65141.99000000,333.37114000,1784588399999,21722734.25967590,74897,114.77361000,7478741.26902260
1784588400000,2026-07-20 23:00:00,65142.00000000,65272.21000000,65128.17000000,65255.51000000,435.27846000,1784591999999,28383526.91817420,69151,204.54566000,13337119.32749320
1784592000000,2026-07-21 00:00:00,65255.51000000,65585.00000000,65148.75000000,65568.01000000,685.78688000,1784595599999,44858297.80284460,137991,394.33991000,25789332.56189130
1784595600000,2026-07-21 01:00:00,65568.00000000,65658.78000000,65232.65000000,65235.55000000,421.88460000,1784599199999,27611342.27477820,109409,216.99319000,14199713.82343060
1784599200000,2026-07-21 02:00:00,65235.56000000,65500.00000000,65176.20000000,65414.01000000,382.21075000,1784602799999,24964497.66256870,98741,215.67468000,14086803.89823240
1784602800000,2026-07-21 03:00:00,65414.01000000,65593.11000000,65411.74000000,65566.78000000,795.51369000,1784606399999,52104085.96826830,104591,383.88337000,25142512.72254590
1784606400000,2026-07-21 04:00:00,65566.77000000,65742.58000000,65471.69000000,65522.01000000,600.76388000,1784609999999,39384993.97883510,95473,319.02736000,20915155.22296100
1784610000000,2026-07-21 05:00:00,65522.00000000,65933.24000000,65485.55000000,65751.56000000,864.81950000,1784613599999,56764659.85778910,103232,444.81598000,29201688.37021570
1784613600000,2026-07-21 06:00:00,65751.56000000,65991.05000000,65634.00000000,65913.00000000,733.43884000,1784617199999,48297424.55740540,126066,401.05742000,26405044.47998360
1784617200000,2026-07-21 07:00:00,65913.00000000,66245.64000000,65866.00000000,66186.86000000,1338.71722000,1784620799999,88446649.38202410,143773,687.99456000,45443085.88888050
1784620800000,2026-07-21 08:00:00,66186.86000000,66354.00000000,66129.19000000,66226.44000000,1032.71252000,1784624399999,68425285.38110300,158063,550.28180000,36461231.01643010
1784624400000,2026-07-21 09:00:00,66226.43000000,66350.00000000,66144.00000000,66291.99000000,472.96398000,1784627999999,31334455.46931340,80381,231.88096000,15361662.03730270
1784628000000,2026-07-21 10:00:00,66292.00000000,66420.65000000,66176.55000000,66180.00000000,1179.04438000,1784631599999,78206466.88154250,106189,560.59725000,37186173.27292370
1784631600000,2026-07-21 11:00:00,66180.00000000,66350.00000000,66147.82000000,66345.59000000,752.24871000,1784635199999,49837400.01974790,82988,394.46866000,26132081.57867550
1784635200000,2026-07-21 12:00:00,66345.59000000,66640.00000000,66255.73000000,66558.82000000,1002.49408000,1784638799999,66618017.18018190,154107,626.01214000,41603052.57716360
1784638800000,2026-07-21 13:00:00,66558.81000000,66810.97000000,66315.62000000,66786.00000000,1358.43796000,1784642399999,90418929.69692780,258062,734.51135000,48897433.47952640
1784642400000,2026-07-21 14:00:00,66786.00000000,66956.15000000,66648.27000000,66842.30000000,1722.33044000,1784645999999,115095849.70710770,255021,949.00186000,63418859.73243820
1784646000000,2026-07-21 15:00:00,66842.29000000,66842.30000000,66517.52000000,66676.54000000,948.73464000,1784649599999,63259092.35383720,191665,395.80559000,26390806.58323430
1784649600000,2026-07-21 16:00:00,66676.53000000,66764.00000000,66462.32000000,66542.01000000,672.73654000,1784653199999,44803452.89221700,153714,300.53070000,20018404.67821240
1784653200000,2026-07-21 17:00:00,66542.01000000,66567.59000000,66052.63000000,66207.95000000,1024.80980000,1784656799999,67962919.13706320,147681,505.96840000,33559829.18686060
1784656800000,2026-07-21 18:00:00,66207.96000000,66358.00000000,66098.71000000,66319.95000000,619.31647000,1784660399999,41027462.11048240,131160,315.63375000,20911513.79094100
1784660400000,2026-07-21 19:00:00,66319.96000000,66502.80000000,66264.12000000,66444.76000000,623.55174000,1784663999999,41412143.59464730,89737,293.52367000,19493314.67325700
1784664000000,2026-07-21 20:00:00,66444.76000000,66496.00000000,66359.30000000,66406.57000000,288.41886000,1784667599999,19158375.82876760,62052,131.52161000,8736044.53642300
1784667600000,2026-07-21 21:00:00,66406.58000000,66408.26000000,66290.00000000,66385.00000000,330.71956000,1784671199999,21944053.57661260,61522,162.63134000,10791032.03962390
1784671200000,2026-07-21 22:00:00,66385.00000000,66388.35000000,66204.00000000,66304.02000000,432.07240000,1784674799999,28652241.69824840,74200,148.98017000,9877343.01962380
1784674800000,2026-07-21 23:00:00,66304.02000000,66576.00000000,66228.55000000,66556.16000000,334.55343000,1784678399999,22214593.06190650,79423,180.67296000,11995204.30245380
1784678400000,2026-07-22 00:00:00,66556.15000000,66739.89000000,66525.54000000,66620.97000000,961.25987000,1784681999999,64081004.73730570,139151,593.74514000,39584297.31152170
1784682000000,2026-07-22 01:00:00,66620.97000000,66661.79000000,66282.65000000,66433.30000000,801.84590000,1784685599999,53272816.64035550,149270,444.41662000,29525448.17895380
1784685600000,2026-07-22 02:00:00,66433.29000000,66532.26000000,66298.00000000,66314.12000000,584.20390000,1784689199999,38786656.52231880,251235,275.24641000,18273569.39779510
1784689200000,2026-07-22 03:00:00,66314.12000000,66371.27000000,66176.00000000,66210.00000000,535.35393000,1784692799999,35480944.26700660,112668,257.78222000,17085988.88856470
1784692800000,2026-07-22 04:00:00,66209.99000000,66424.00000000,66198.00000000,66381.05000000,1016.50384000,1784696399999,67451976.02275480,109536,501.48493000,33277294.88953450
1784696400000,2026-07-22 05:00:00,66381.05000000,66381.05000000,65944.51000000,65974.90000000,732.84767000,1784699999999,48437146.12630590,171550,278.77567000,18424093.89134490
1784700000000,2026-07-22 06:00:00,65974.90000000,66026.93000000,65830.94000000,65934.33000000,677.13061000,1784703599999,44639061.27502390,174021,333.31842000,21974631.14446110
1784703600000,2026-07-22 07:00:00,65934.34000000,65968.90000000,65701.00000000,65843.48000000,1698.20928000,1784707199999,111861204.22165090,212941,748.07771000,49274321.98302140
1784707200000,2026-07-22 08:00:00,65843.48000000,66164.57000000,65843.47000000,65987.96000000,1762.03259000,1784710799999,116302273.15370700,240865,906.58108000,59838735.02683880
1784710800000,2026-07-22 09:00:00,65987.97000000,66082.50000000,65850.00000000,65928.00000000,1983.57551000,1784714399999,130853039.23269700,352683,964.04639000,63595456.33817530
1784714400000,2026-07-22 10:00:00,65928.01000000,66116.36000000,65898.00000000,66046.02000000,636.27622000,1784717999999,41991692.06161960,59084,355.19012000,23439993.89905230
1784718000000,2026-07-22 11:00:00,66046.01000000,66092.59000000,65909.16000000,66013.36000000,789.42664000,1784721599999,52121211.33648850,59946,350.44654000,23137298.27619050
1784721600000,2026-07-22 12:00:00,66013.36000000,66013.37000000,65553.67000000,65636.01000000,572.31956000,1784725199999,37643161.33592710,88136,230.97887000,15189878.02187840
1784725200000,2026-07-22 13:00:00,65636.01000000,65982.28000000,65559.66000000,65951.39000000,762.44551000,1784728799999,50128481.39770440,177645,381.78740000,25106378.99206970
1784728800000,2026-07-22 14:00:00,65951.38000000,66204.98000000,65588.00000000,65793.98000000,977.66799000,1784732399999,64370253.86865100,220988,507.82559000,33442272.14186080
1784732400000,2026-07-22 15:00:00,65793.98000000,66125.00000000,65793.98000000,66047.39000000,689.66439000,1784735999999,45509300.11457980,175975,399.84955000,26384059.64820380
1784736000000,2026-07-22 16:00:00,66047.38000000,66384.00000000,65911.60000000,66229.01000000,531.34681000,1784739599999,35154988.67799030,148065,250.74712000,16592231.72817890
1784739600000,2026-07-22 17:00:00,66229.01000000,66275.29000000,65944.00000000,66024.03000000,332.68865000,1784743199999,21996004.08529560,104053,148.18655000,9797454.72793300
1784743200000,2026-07-22 18:00:00,66024.02000000,66075.91000000,65726.08000000,65895.46000000,372.67709000,1784746799999,24553586.77270650,97666,156.30905000,10298665.18068980
1784746800000,2026-07-22 19:00:00,65895.46000000,65958.56000000,65691.93000000,65923.19000000,284.49057000,1784750399999,18740263.10262230,78209,118.43739000,7802325.76630310
1784750400000,2026-07-22 20:00:00,65923.19000000,65986.00000000,65791.79000000,65919.68000000,303.33342000,1784753999999,19992838.26307990,75302,143.52943000,9460097.55853930
1784754000000,2026-07-22 21:00:00,65919.67000000,66133.98000000,65892.64000000,66072.47000000,345.28683000,1784757599999,22790833.89482870,55486,166.43056000,10983875.05311440
1784757600000,2026-07-22 22:00:00,66072.48000000,66080.94000000,65932.00000000,66044.17000000,283.82490000,1784761199999,18733779.72986750,61859,120.02718000,7921998.44413940
1784761200000,2026-07-22 23:00:00,66044.17000000,66138.24000000,65844.30000000,66114.49000000,440.45434000,1784764799999,29066401.46634470,65491,221.24943000,14601615.18317830
1784764800000,2026-07-23 00:00:00,66114.50000000,66313.14000000,66054.58000000,66058.19000000,818.52742000,1784768399999,54155763.28152660,101542,455.42556000,30131822.73725720
1784768400000,2026-07-23 01:00:00,66058.20000000,66208.00000000,65751.00000000,65830.00000000,911.89269000,1784771999999,60104629.36132110,116801,436.85739000,28796722.04583690
1784772000000,2026-07-23 02:00:00,65830.00000000,65843.25000000,65653.23000000,65805.34000000,489.67764000,1784775599999,32207820.23036290,89297,246.96764000,16243081.97920330
1784775600000,2026-07-23 03:00:00,65805.35000000,65816.00000000,65585.11000000,65662.53000000,518.12407000,1784779199999,34037699.49329840,83286,190.83580000,12536267.50407810
1784779200000,2026-07-23 04:00:00,65662.53000000,65738.99000000,65590.12000000,65616.48000000,673.83221000,1784782799999,44243082.65586400,71356,286.57201000,18816040.62707470
1784782800000,2026-07-23 05:00:00,65616.49000000,65797.93000000,65570.12000000,65691.01000000,258.16071000,1784786399999,16952660.21387500,60111,111.90581000,7348569.34665640
1784786400000,2026-07-23 06:00:00,65691.01000000,65821.17000000,65625.20000000,65790.00000000,198.22051000,1784789999999,13028058.06245090,54913,96.41480000,6337284.56441380
1784790000000,2026-07-23 07:00:00,65790.00000000,65790.00000000,65351.02000000,65442.13000000,625.49860000,1784793599999,40945991.68101620,127032,280.77924000,18377061.58893320
1784793600000,2026-07-23 08:00:00,65442.12000000,65665.99000000,65419.75000000,65633.00000000,617.22753000,1784797199999,40448552.08196890,70528,309.06305000,20250113.56605970
1784797200000,2026-07-23 09:00:00,65632.99000000,65757.99000000,65608.18000000,65638.92000000,505.16907000,1784800799999,33191579.97701530,68218,258.28435000,16969582.75575800
1784800800000,2026-07-23 10:00:00,65638.92000000,65792.09000000,65589.69000000,65740.00000000,314.19369000,1784804399999,20651864.15634310,57927,173.15418000,11380423.01347850
1784804400000,2026-07-23 11:00:00,65740.00000000,65740.01000000,65540.93000000,65555.21000000,260.87827000,1784807999999,17119333.51793920,66807,100.11351000,6568771.53667220
1784808000000,2026-07-23 12:00:00,65555.21000000,65589.41000000,64988.05000000,65167.04000000,1080.21623000,1784811599999,70489309.85778650,170313,427.76772000,27922772.94205370
1784811600000,2026-07-23 13:00:00,65167.05000000,65221.29000000,64863.62000000,64880.00000000,1019.68548000,1784815199999,66316158.36393310,257564,468.59600000,30479586.64948670
1784815200000,2026-07-23 14:00:00,64880.00000000,65216.24000000,64822.13000000,64909.99000000,1122.58373000,1784818799999,72973729.69792190,222134,463.32341000,30123654.47692140
1784818800000,2026-07-23 15:00:00,64910.00000000,65023.68000000,64728.00000000,64958.36000000,1087.45523000,1784822399999,70551900.76112630,214968,509.31855000,33047369.65402380
1784822400000,2026-07-23 16:00:00,64958.37000000,64961.15000000,64704.57000000,64756.84000000,823.97347000,1784825999999,53400401.75823240,131588,334.72907000,21690566.85750240
1784826000000,2026-07-23 17:00:00,64756.84000000,64900.00000000,64650.00000000,64681.27000000,610.54166000,1784829599999,39562719.88316800,118553,345.37924000,22381635.65064250
1784829600000,2026-07-23 18:00:00,64681.26000000,64948.05000000,64680.00000000,64869.12000000,473.57506000,1784833199999,30686499.01517000,101825,260.91652000,16906045.42319280
1784833200000,2026-07-23 19:00:00,64869.13000000,64934.75000000,64686.56000000,64846.94000000,525.37224000,1784836799999,34052805.80175290,105509,236.41419000,15324211.50114810
1784836800000,2026-07-23 20:00:00,64846.93000000,65217.93000000,64834.52000000,65147.50000000,435.69297000,1784840399999,28358595.84284500,75790,299.35840000,19487762.55558970
1784840400000,2026-07-23 21:00:00,65147.50000000,65210.35000000,65014.00000000,65169.81000000,348.67820000,1784843999999,22704454.87812740,68545,215.68040000,14042848.53387370
1784844000000,2026-07-23 22:00:00,65169.82000000,65227.99000000,65013.94000000,65195.43000000,465.02672000,1784847599999,30302110.15844620,69112,263.17200000,17148483.80186930
1784847600000,2026-07-23 23:00:00,65195.43000000,65235.43000000,65052.01000000,65098.97000000,514.02333000,1784851199999,33505486.72890270,53580,265.29545000,17292291.73098800
1784851200000,2026-07-24 00:00:00,65098.98000000,65113.86000000,64762.18000000,64973.99000000,343.41298000,1784854799999,22293397.51933570,84058,129.81999000,8426348.33358740
1784854800000,2026-07-24 01:00:00,64974.00000000,65168.00000000,64944.37000000,65086.00000000,666.39562000,1784858399999,43363410.76915660,96667,381.68436000,24836465.11139380
1784858400000,2026-07-24 02:00:00,65086.00000000,65187.57000000,64925.45000000,65116.99000000,432.37390000,1784861999999,28142630.88620780,80843,190.71358000,12413512.00039230
1784862000000,2026-07-24 03:00:00,65116.99000000,65464.35000000,65078.00000000,65456.70000000,382.69980000,1784865599999,24998991.58662680,91902,210.07461000,13722108.37190000
1784865600000,2026-07-24 04:00:00,65456.70000000,65469.86000000,65272.26000000,65318.00000000,299.69580000,1784869199999,19592772.72245840,62476,126.80876000,8288149.23934710
1784869200000,2026-07-24 05:00:00,65318.01000000,65394.00000000,65248.00000000,65325.00000000,372.30415000,1784872799999,24317849.91703270,48965,181.25615000,11839492.08960130
1784872800000,2026-07-24 06:00:00,65325.01000000,65519.93000000,65278.07000000,65472.00000000,914.26438000,1784876399999,59785493.21661900,77673,390.87561000,25565679.05674230
1784876400000,2026-07-24 07:00:00,65472.00000000,65808.59000000,65320.69000000,65499.95000000,1219.60281000,1784879999999,79958294.46959490,137947,561.37159000,36812796.32017140
1784880000000,2026-07-24 08:00:00,65499.94000000,65508.17000000,65302.18000000,65302.18000000,306.26025000,1784883599999,20034904.34419260,58326,170.22498000,11135621.62442980
1784883600000,2026-07-24 09:00:00,65302.18000000,65314.66000000,64952.38000000,65113.13000000,478.93491000,1784887199999,31169700.55865250,97330,269.49813000,17536501.55797670
1784887200000,2026-07-24 10:00:00,65113.13000000,65157.99000000,64906.85000000,64950.00000000,716.12782000,1784890799999,46552964.42419580,55339,438.38848000,28496200.15374980
1784890800000,2026-07-24 11:00:00,64950.01000000,65099.99000000,64857.14000000,65083.43000000,751.17375000,1784894399999,48825602.12426520,88288,382.70676000,24874127.07061130
1784894400000,2026-07-24 12:00:00,65083.42000000,65133.99000000,64766.00000000,64780.01000000,507.45117000,1784897999999,32961854.50980420,95073,203.58935000,13225962.80724660
1784898000000,2026-07-24 13:00:00,64780.00000000,64802.00000000,63920.01000000,64155.46000000,2007.68582000,1784901599999,129104719.96433190,281787,788.22142000,50678367.79182870
1784901600000,2026-07-24 14:00:00,64155.47000000,64198.30000000,63739.75000000,64055.12000000,1591.08926000,1784905199999,101681776.60599820,301812,778.66940000,49766595.84220300
1784905200000,2026-07-24 15:00:00,64055.11000000,64333.33000000,63858.00000000,64093.85000000,1939.18979000,1784908799999,124372547.16317120,238240,979.65769000,62836087.46430990
1784908800000,2026-07-24 16:00:00,64093.86000000,64200.00000000,63881.46000000,63958.00000000,529.35925000,1784912399999,33893566.23447890,115274,254.41795000,16289402.91558290
1784912400000,2026-07-24 17:00:00,63958.01000000,64202.91000000,63905.51000000,64180.00000000,525.47557000,1784915999999,33678098.47179470,101347,248.64802000,15936495.29984130
1784916000000,2026-07-24 18:00:00,64180.00000000,64290.10000000,64129.75000000,64272.00000000,390.98725000,1784919599999,25103008.29861050,68837,225.24313000,14463098.43891480
1784919600000,2026-07-24 19:00:00,64272.01000000,64292.44000000,64141.18000000,64225.32000000,579.59462000,1784923199999,37219446.18859430,89535,268.80626000,17261732.53030090
1784923200000,2026-07-24 20:00:00,64225.32000000,64288.02000000,64128.89000000,64170.23000000,214.82759000,1784926799999,13793686.13649970,46136,101.68095000,6528980.53148730
1784926800000,2026-07-24 21:00:00,64170.24000000,64258.73000000,64122.29000000,64155.00000000,651.81342000,1784930399999,41828439.16876800,63726,360.48448000,23134033.08217110
1784930400000,2026-07-24 22:00:00,64155.00000000,64216.27000000,64121.86000000,64169.01000000,587.59798000,1784933999999,37708911.18855610,40494,288.78415000,18532397.19539800
1784934000000,2026-07-24 23:00:00,64169.01000000,64187.40000000,64134.71000000,64139.99000000,412.95391000,1784937599999,26497342.69510590,45616,201.59706000,12935489.19125850
1784937600000,2026-07-25 00:00:00,64140.00000000,64179.03000000,64033.18000000,64073.61000000,386.54772000,1784941199999,24787918.61747700,40034,156.01559000,10005479.13525900
1784941200000,2026-07-25 01:00:00,64073.61000000,64160.00000000,64006.55000000,64068.01000000,493.07694000,1784944799999,31596317.35529070,51288,296.31588000,18987292.17442960
1784944800000,2026-07-25 02:00:00,64068.00000000,64099.99000000,64017.87000000,64052.00000000,479.58839000,1784948399999,30715835.49296670,33813,238.38469000,15267879.11992600
1784948400000,2026-07-25 03:00:00,64052.01000000,64105.61000000,64016.65000000,64085.36000000,469.51581000,1784951999999,30073708.62566310,37030,264.55376000,16946572.34522220
1784952000000,2026-07-25 04:00:00,64085.36000000,64205.67000000,64085.15000000,64181.46000000,171.38031000,1784955599999,10992292.00269970,32769,107.64419000,6904717.25763780
1784955600000,2026-07-25 05:00:00,64181.45000000,64199.76000000,63980.01000000,64024.00000000,245.62438000,1784959199999,15740190.78647300,33518,96.47787000,6183581.77831730
1784959200000,2026-07-25 06:00:00,64024.00000000,64063.37000000,63964.57000000,64010.00000000,248.54758000,1784962799999,15908724.87458460,44520,108.02015000,6914177.25034340
1784962800000,2026-07-25 07:00:00,64010.00000000,64038.52000000,64000.00000000,64003.20000000,408.36611000,1784966399999,26144644.92285410,40124,191.35277000,12250641.82606940
1784966400000,2026-07-25 08:00:00,64003.20000000,64010.01000000,63810.00000000,63876.06000000,507.52898000,1784969999999,32444882.00105970,61803,232.07014000,14838119.39073180
1784970000000,2026-07-25 09:00:00,63876.07000000,64024.72000000,63830.00000000,63999.99000000,1813.61210000,1784973599999,115947962.18096540,117858,918.60235000,58727395.72799210
1784973600000,2026-07-25 10:00:00,64000.00000000,64070.00000000,63996.00000000,64070.00000000,200.57959000,1784977199999,12842699.63066780,29050,133.64299000,8556941.78490350
1784977200000,2026-07-25 11:00:00,64069.99000000,64113.00000000,64047.09000000,64064.01000000,226.46632000,1784980799999,14510694.28439360,31689,160.27698000,10269610.06165980
1784980800000,2026-07-25 12:00:00,64064.01000000,64123.80000000,64043.00000000,64123.80000000,179.41020000,1784984399999,11495368.74020380,25201,131.18503000,8405195.20781200
1784984400000,2026-07-25 13:00:00,64123.80000000,64267.78000000,64106.74000000,64172.00000000,285.46591000,1784987999999,18320305.28525770,42993,190.77595000,12242433.74681050
1784988000000,2026-07-25 14:00:00,64172.01000000,64217.09000000,64126.00000000,64214.04000000,270.20323000,1784991599999,17338886.78780100,38844,200.70657000,12878967.02938320
1784991600000,2026-07-25 15:00:00,64214.05000000,64272.00000000,64169.99000000,64182.00000000,193.98029000,1784995199999,12456622.19600340,41628,114.60800000,7359930.46404520
1784995200000,2026-07-25 16:00:00,64182.01000000,64241.71000000,64123.00000000,64206.60000000,126.61028000,1784998799999,8125884.95473100,35478,50.01854000,3210139.97602880
1784998800000,2026-07-25 17:00:00,64206.61000000,64356.00000000,64194.37000000,64267.40000000,187.81706000,1785002399999,12070609.81949000,43641,111.44653000,7162535.81352300
1785002400000,2026-07-25 18:00:00,64267.41000000,64475.28000000,64267.41000000,64415.99000000,314.52068000,1785005999999,20255218.26126030,63602,220.18960000,14181073.01943760
1785006000000,2026-07-25 19:00:00,64415.99000000,64438.12000000,64388.38000000,64388.38000000,219.49730000,1785009599999,14138733.78721310,29584,86.42949000,5567392.39216050
1785009600000,2026-07-25 20:00:00,64388.39000000,64392.74000000,64313.00000000,64339.75000000,213.90166000,1785013199999,13766401.40061680,31434,122.49595000,7883263.74893100
1785013200000,2026-07-25 21:00:00,64339.75000000,64430.00000000,64263.03000000,64344.02000000,177.06463000,1785016799999,11393594.79641280,36650,63.59180000,4090955.20220210
1785016800000,2026-07-25 22:00:00,64344.02000000,64426.00000000,64344.01000000,64412.00000000,625.93723000,1785020399999,40308245.98412250,39024,236.38268000,15221529.53126880
1785020400000,2026-07-25 23:00:00,64412.01000000,64429.38000000,64363.00000000,64375.00000000,417.80760000,1785023999999,26906313.29537630,23763,190.30745000,12255833.94184920
1785024000000,2026-07-26 00:00:00,64375.01000000,64507.00000000,64350.00000000,64506.99000000,256.73658000,1785027599999,16543427.97238870,40156,179.85928000,11589716.41460500
1785027600000,2026-07-26 01:00:00,64506.99000000,64541.66000000,64456.67000000,64462.00000000,277.18148000,1785031199999,17872218.44719690,41762,132.73716000,8558396.96794720
1785031200000,2026-07-26 02:00:00,64462.00000000,64527.59000000,64427.59000000,64527.56000000,117.02260000,1785034799999,7543722.89536360,25516,52.66136000,3394571.99416100
1785034800000,2026-07-26 03:00:00,64527.57000000,64582.00000000,64488.73000000,64557.00000000,304.96319000,1785038399999,19682386.26115520,35083,190.43815000,12290418.49109890
1785038400000,2026-07-26 04:00:00,64557.00000000,64599.95000000,64491.73000000,64530.06000000,425.16453000,1785041999999,27442007.60700830,34104,153.52402000,9908207.33827220
1785042000000,2026-07-26 05:00:00,64530.06000000,64530.07000000,64403.95000000,64417.69000000,131.14508000,1785045599999,8455231.47071260,30073,56.34574000,3632651.10996790
1785045600000,2026-07-26 06:00:00,64417.68000000,64457.55000000,64293.81000000,64438.00000000,408.23581000,1785049199999,26283880.99490230,34947,164.22506000,10573293.43413930
1785049200000,2026-07-26 07:00:00,64438.01000000,64460.00000000,64341.99000000,64370.00000000,273.49735000,1785052799999,17607606.26325920,30062,149.98133000,9655357.59378750
1785052800000,2026-07-26 08:00:00,64370.00000000,64493.99000000,64353.00000000,64480.01000000,204.14991000,1785056399999,13148267.47640420,32359,95.32458000,6140511.49802500
1785056400000,2026-07-26 09:00:00,64480.02000000,64549.02000000,64478.38000000,64538.00000000,164.82486000,1785059999999,10634767.51795600,26386,86.78158000,5599091.79690230
1785060000000,2026-07-26 10:00:00,64538.01000000,64573.73000000,64497.62000000,64515.40000000,137.04740000,1785063599999,8843018.92634530,27304,77.91995000,5027535.00004120
1785063600000,2026-07-26 11:00:00,64515.39000000,64535.99000000,64495.17000000,64507.35000000,174.84399000,1785067199999,11279560.89679920,26828,86.58179000,5585519.36267730
1785067200000,2026-07-26 12:00:00,64507.36000000,64662.99000000,64434.00000000,64466.67000000,319.29329000,1785070799999,20613879.38669530,53713,203.44644000,13135615.13338300
1785070800000,2026-07-26 13:00:00,64466.68000000,64571.42000000,64414.00000000,64518.00000000,319.15410000,1785074399999,20585758.71684470,42136,163.57915000,10550200.24416250
1785074400000,2026-07-26 14:00:00,64517.99000000,64768.23000000,64517.99000000,64712.99000000,504.24215000,1785077999999,32611384.65118810,86836,301.39848000,19490734.53675990
1785078000000,2026-07-26 15:00:00,64713.00000000,64827.00000000,64673.42000000,64768.00000000,313.86895000,1785081599999,20326120.80649120,64035,169.92212000,11004228.73938740
1785081600000,2026-07-26 16:00:00,64768.00000000,64940.51000000,64703.23000000,64734.17000000,420.05042000,1785085199999,27222221.05797760,63543,208.06396000,13486577.56821710
1785085200000,2026-07-26 17:00:00,64734.17000000,64794.45000000,64668.91000000,64688.90000000,310.46121000,1785088799999,20093037.54308600,36687,129.38463000,8374399.44038800
