open_time,datetime,open,high,low,close,volume,close_time,quote_volume,trades,taker_buy_base,taker_buy_quote
1722038400000,2024-07-27 00:00:00,3274.60000000,3327.59000000,3191.01000000,3249.01000000,231991.90370000,1722124799999,757931406.54581500,1076809,118058.31710000,385871810.97083600
1722124800000,2024-07-28 00:00:00,3249.00000000,3284.30000000,3198.11000000,3270.16000000,103529.83290000,1722211199999,336422802.72238300,682428,52499.47910000,170673348.40827400
1722211200000,2024-07-29 00:00:00,3270.16000000,3396.77000000,3258.00000000,3317.66000000,318471.50550000,1722297599999,1061016180.07809800,1484898,159686.57070000,532117930.52570200
1722297600000,2024-07-30 00:00:00,3317.66000000,3366.40000000,3233.18000000,3279.21000000,197277.16410000,1722383999999,652703227.79650700,1183239,91006.58420000,301189857.21781700
1722384000000,2024-07-31 00:00:00,3279.20000000,3350.00000000,3213.75000000,3232.74000000,233711.33520000,1722470399999,769347274.94598800,1337992,112910.42490000,371910899.51371900
1722470400000,2024-08-01 00:00:00,3232.74000000,3242.57000000,3080.02000000,3203.40000000,323285.61050000,1722556799999,1020921619.45247900,1835455,151515.29100000,478652865.10178800
1722556800000,2024-08-02 00:00:00,3203.40000000,3218.60000000,2967.00000000,2989.61000000,385704.03950000,1722643199999,1185594927.51484300,2104725,177842.92770000,547327363.22897600
1722643200000,2024-08-03 00:00:00,2989.61000000,3018.02000000,2859.00000000,2903.64000000,344595.31570000,1722729599999,1013020792.75208300,1798017,151541.68820000,445649429.32525000
1722729600000,2024-08-04 00:00:00,2903.65000000,2935.46000000,2630.00000000,2688.92000000,512064.26120000,1722815999999,1426784556.44274300,2184760,235563.98230000,656402849.74097500
1722816000000,2024-08-05 00:00:00,2688.91000000,2697.44000000,2111.00000000,2419.59000000,2670604.10030000,1722902399999,6243689817.19261800,7064159,1281460.79170000,2994688528.68390600
1722902400000,2024-08-06 00:00:00,2419.76000000,2556.23000000,2414.19000000,2461.33000000,642283.80380000,1722988799999,1601879002.76912300,2870150,323805.05300000,808046548.67942800
1722988800000,2024-08-07 00:00:00,2461.33000000,2551.32000000,2309.04000000,2342.80000000,630115.42280000,1723075199999,1537271441.49575900,2370148,307617.06650000,750975466.25288000
1723075200000,2024-08-08 00:00:00,2342.79000000,2724.10000000,2320.40000000,2682.50000000,586502.87540000,1723161599999,1474101815.46942400,2112663,299400.95030000,752709539.42640600
1723161600000,2024-08-09 00:00:00,2682.50000000,2707.98000000,2552.61000000,2598.78000000,406739.96110000,1723247999999,1069628608.09830500,1710060,195440.29410000,514507073.99430500
1723248000000,2024-08-10 00:00:00,2598.79000000,2644.70000000,2576.49000000,2609.92000000,171012.36190000,1723334399999,446695039.69273400,758863,87017.10450000,227278356.48900000
1723334400000,2024-08-11 00:00:00,2609.92000000,2720.00000000,2540.00000000,2555.38000000,297098.91450000,1723420799999,780682452.75452000,1217650,143129.64650000,376123937.07866100
1723420800000,2024-08-12 00:00:00,2555.38000000,2750.00000000,2510.05000000,2722.30000000,483414.25060000,1723507199999,1275788778.66051800,1915621,252099.21840000,665331112.59673800
1723507200000,2024-08-13 00:00:00,2722.30000000,2738.40000000,2611.37000000,2702.44000000,325668.69640000,1723593599999,872886595.98851800,1547949,165417.05460000,443554807.91132300
1723593600000,2024-08-14 00:00:00,2702.44000000,2780.00000000,2632.20000000,2661.45000000,338808.71410000,1723679999999,914805683.89824400,1503315,167827.71990000,453631446.39239700
1723680000000,2024-08-15 00:00:00,2661.45000000,2675.60000000,2515.71000000,2569.89000000,356546.80590000,1723766399999,927491377.06139800,1761529,172089.68210000,447789574.12869100
1723766400000,2024-08-16 00:00:00,2569.90000000,2630.97000000,2550.04000000,2592.73000000,270684.13730000,1723852799999,702631292.53493100,1602311,127687.39840000,331506251.81562000
1723852800000,2024-08-17 00:00:00,2592.72000000,2629.69000000,2587.50000000,2614.51000000,89348.67600000,1723939199999,232787181.52592400,543278,47334.20420000,123329370.60796800
1723939200000,2024-08-18 00:00:00,2614.51000000,2689.16000000,2594.53000000,2612.15000000,174074.05850000,1724025599999,459975824.15432300,836384,92214.98720000,243669152.91462400
1724025600000,2024-08-19 00:00:00,2612.15000000,2648.08000000,2563.58000000,2636.36000000,224867.13360000,1724111999999,585578272.44348200,1156033,112686.52750000,293606287.96500200
1724112000000,2024-08-20 00:00:00,2636.36000000,2695.00000000,2555.00000000,2572.82000000,281315.87510000,1724198399999,738361057.60213400,1303349,139599.91330000,366762747.97612900
1724198400000,2024-08-21 00:00:00,2572.81000000,2663.74000000,2536.22000000,2630.71000000,245286.62180000,1724284799999,638338169.86214400,1420421,121889.98370000,317338706.90672800
1724284800000,2024-08-22 00:00:00,2630.71000000,2644.69000000,2584.20000000,2622.88000000,199063.11960000,1724371199999,521285357.08642300,1064195,98645.80600000,258303739.53123700
1724371200000,2024-08-23 00:00:00,2622.89000000,2799.13000000,2621.40000000,2762.48000000,401786.44470000,1724457599999,1082989033.02354700,1747686,210295.50730000,567121017.13849100
1724457600000,2024-08-24 00:00:00,2762.49000000,2820.00000000,2731.26000000,2768.00000000,263542.94410000,1724543999999,730370481.13812200,1133872,130086.44910000,360650474.07165400
1724544000000,2024-08-25 00:00:00,2768.01000000,2792.28000000,2733.21000000,2746.13000000,154527.23520000,1724630399999,426733399.32663600,1047985,75993.74900000,209910294.01518700
1724630400000,2024-08-26 00:00:00,2746.12000000,2762.00000000,2666.66000000,2680.49000000,211708.12470000,1724716799999,575695656.47717900,1453833,102718.22470000,279333306.99040100
1724716800000,2024-08-27 00:00:00,2680.49000000,2699.98000000,2392.96000000,2457.33000000,412660.71970000,1724803199999,1058769621.89210300,1898416,187278.07780000,480143744.79680500
1724803200000,2024-08-28 00:00:00,2457.33000000,2554.60000000,2418.80000000,2528.33000000,451266.63400000,1724889599999,1124304892.42379500,2272721,222246.91840000,553710617.94950600
1724889600000,2024-08-29 00:00:00,2528.33000000,2595.40000000,2505.88000000,2527.61000000,237002.96320000,1724975999999,603867504.22594900,1455668,119563.35910000,304607143.52593600
1724976000000,2024-08-30 00:00:00,2527.60000000,2552.17000000,2431.14000000,2526.00000000,338379.19410000,1725062399999,845015735.14941100,1735497,172073.91140000,429842974.52976200
1725062400000,2024-08-31 00:00:00,2525.99000000,2533.95000000,2491.92000000,2513.01000000,97946.11470000,1725148799999,246514334.07653000,702529,47410.90720000,119335754.45879400
1725148800000,2024-09-01 00:00:00,2513.00000000,2516.28000000,2400.00000000,2425.72000000,223127.77600000,1725235199999,550299930.15344900,1357443,106672.82840000,263071210.85051600
1725235200000,2024-09-02 00:00:00,2425.71000000,2564.83000000,2423.52000000,2538.01000000,262632.83850000,1725321599999,654854126.19511100,1452334,134090.70480000,334264683.01748600
1725321600000,2024-09-03 00:00:00,2538.00000000,2553.60000000,2411.12000000,2425.29000000,224793.12990000,1725407999999,556674703.35234100,1272909,101487.65070000,251452238.68507400
1725408000000,2024-09-04 00:00:00,2425.28000000,2490.00000000,2306.65000000,2450.71000000,384179.38540000,1725494399999,921640300.67465400,2002621,188707.74580000,452757932.49333500
1725494400000,2024-09-05 00:00:00,2450.71000000,2466.00000000,2348.04000000,2368.81000000,278549.09690000,1725580799999,667044058.82643400,1862353,131571.92470000,315231080.60793400
1725580800000,2024-09-06 00:00:00,2368.81000000,2408.83000000,2150.55000000,2225.23000000,643027.11100000,1725667199999,1467265008.06349300,2980066,303990.16890000,694418877.02475400
1725667200000,2024-09-07 00:00:00,2225.24000000,2311.27000000,2220.98000000,2273.58000000,219453.20760000,1725753599999,498662894.23097500,982698,109807.92460000,249593766.45553000
1725753600000,2024-09-08 00:00:00,2273.58000000,2333.58000000,2240.94000000,2297.30000000,192775.64930000,1725839999999,440447734.82637300,976672,93305.19370000,213222870.55342400
1725840000000,2024-09-09 00:00:00,2297.30000000,2381.41000000,2272.80000000,2359.50000000,321698.99000000,1725926399999,747001776.04653600,1761692,156788.50980000,364223174.14290400
1725926400000,2024-09-10 00:00:00,2359.51000000,2400.00000000,2320.41000000,2388.52000000,224382.17290000,1726012799999,528411566.91970200,1210860,105895.41880000,249480052.38138200
1726012800000,2024-09-11 00:00:00,2388.52000000,2389.32000000,2277.68000000,2340.55000000,282898.31250000,1726099199999,659291892.32673100,1530070,135125.59650000,314926799.45453100
1726099200000,2024-09-12 00:00:00,2340.54000000,2391.93000000,2315.39000000,2361.76000000,202611.13080000,1726185599999,476749201.76441900,1093596,102118.09520000,240341157.99811900
1726185600000,2024-09-13 00:00:00,2361.75000000,2464.82000000,2337.35000000,2439.19000000,253888.61600000,1726271999999,607650210.70286200,1458878,124124.36760000,297410717.96547000
1726272000000,2024-09-14 00:00:00,2439.19000000,2440.60000000,2376.72000000,2417.79000000,122931.23020000,1726358399999,296990460.13007800,754834,57970.96450000,140034806.30787600
1726358400000,2024-09-15 00:00:00,2417.80000000,2430.32000000,2283.75000000,2316.10000000,174364.19460000,1726444799999,413278017.27632400,1058493,80610.91460000,191044099.00633000
1726444800000,2024-09-16 00:00:00,2316.09000000,2335.70000000,2252.39000000,2295.68000000,330555.23200000,1726531199999,756718235.68223400,2102319,153834.01110000,352253267.83244000
1726531200000,2024-09-17 00:00:00,2295.67000000,2393.63000000,2263.29000000,2341.80000000,274206.25880000,1726617599999,640307796.59404200,1813524,134491.63700000,314135444.25581700
1726617600000,2024-09-18 00:00:00,2341.79000000,2376.14000000,2277.34000000,2374.75000000,292917.60080000,1726703999999,679856751.17105300,2555639,144167.24010000,334741394.02654900
1726704000000,2024-09-19 00:00:00,2374.74000000,2494.95000000,2372.60000000,2465.21000000,326746.03200000,1726790399999,794820680.99505400,2862096,171108.47470000,416132368.00402700
1726790400000,2024-09-20 00:00:00,2465.21000000,2571.93000000,2437.31000000,2561.40000000,340754.59120000,1726876799999,864016608.11556300,3241249,173101.71320000,438921107.76329400
1726876800000,2024-09-21 00:00:00,2561.40000000,2623.34000000,2528.97000000,2612.40000000,154757.87730000,1726963199999,396953470.51763100,1425778,78964.07040000,202638566.04465200
1726963200000,2024-09-22 00:00:00,2612.40000000,2632.57000000,2524.58000000,2581.00000000,214266.32570000,1727049599999,553059849.55339900,2067811,97837.05120000,252636983.57337800
1727049600000,2024-09-23 00:00:00,2580.99000000,2702.82000000,2539.49000000,2646.97000000,333282.01490000,1727135999999,883518257.19940700,3492404,161782.11780000,428832914.20111200
1727136000000,2024-09-24 00:00:00,2646.98000000,2670.96000000,2591.56000000,2653.20000000,288600.04020000,1727222399999,760159619.98153400,2730471,140655.88960000,370558448.96591700
1727222400000,2024-09-25 00:00:00,2653.20000000,2673.50000000,2554.05000000,2579.95000000,220343.42930000,1727308799999,576100924.71154600,2446589,103887.87840000,271731602.59947200
1727308800000,2024-09-26 00:00:00,2580.09000000,2666.22000000,2559.20000000,2632.26000000,278686.35730000,1727395199999,731881168.91669500,2897463,139205.44730000,365580497.05442400
1727395200000,2024-09-27 00:00:00,2632.25000000,2728.60000000,2615.21000000,2694.43000000,281826.97920000,1727481599999,753233859.35867200,2599262,151742.50930000,405576362.61347600
1727481600000,2024-09-28 00:00:00,2694.43000000,2704.35000000,2650.00000000,2675.21000000,137230.03420000,1727567999999,367299958.06267600,1192804,65924.22020000,176467262.33616800
1727568000000,2024-09-29 00:00:00,2675.21000000,2683.70000000,2629.73000000,2657.62000000,160554.31460000,1727654399999,426486288.27627700,1417045,81486.00610000,216453626.08854400
1727654400000,2024-09-30 00:00:00,2657.62000000,2663.50000000,2575.00000000,2602.23000000,282475.79610000,1727740799999,738997897.57908500,2684395,135231.59450000,353834770.00365100
1727740800000,2024-10-01 00:00:00,2602.24000000,2659.00000000,2414.00000000,2447.79000000,502828.68040000,1727827199999,1275068045.81654800,4525442,241562.47160000,612727012.04731000
1727827200000,2024-10-02 00:00:00,2447.78000000,2499.00000000,2352.00000000,2364.10000000,317484.73500000,1727913599999,772815459.36655100,4299369,155763.84130000,379325012.46359800
1727913600000,2024-10-03 00:00:00,2364.09000000,2403.38000000,2310.00000000,2349.80000000,314635.92630000,1727999999999,739732809.48188700,4096011,149299.04360000,351028567.52354300
1728000000000,2024-10-04 00:00:00,2349.80000000,2441.64000000,2339.15000000,2414.41000000,239383.01700000,1728086399999,572627417.10536900,2556302,121492.18760000,290635408.17503000
1728086400000,2024-10-05 00:00:00,2414.41000000,2428.23000000,2390.05000000,2414.66000000,103740.23160000,1728172799999,250133597.68832200,1147501,49644.85370000,119740244.15091900
1728172800000,2024-10-06 00:00:00,2414.66000000,2457.80000000,2407.00000000,2440.03000000,105752.70960000,1728259199999,257213775.45288000,1097106,56040.49420000,136283551.47355800
1728259200000,2024-10-07 00:00:00,2440.02000000,2521.00000000,2403.00000000,2422.71000000,300459.54070000,1728345599999,742163736.96691100,3081333,147053.19260000,363265506.41464900
1728345600000,2024-10-08 00:00:00,2422.70000000,2466.66000000,2401.18000000,2440.89000000,201358.33120000,1728431999999,490043095.02496200,2240640,98699.06950000,240246242.02095800
1728432000000,2024-10-09 00:00:00,2440.88000000,2473.61000000,2351.42000000,2370.47000000,242082.27250000,1728518399999,586469983.39352700,2569883,118607.67530000,287392550.52832000
1728518400000,2024-10-10 00:00:00,2370.47000000,2421.36000000,2330.66000000,2386.49000000,257862.96190000,1728604799999,614182044.94953600,2734517,124649.16980000,296876662.88337700
1728604800000,2024-10-11 00:00:00,2386.49000000,2471.45000000,2381.86000000,2439.50000000,235441.21970000,1728691199999,572065403.74189800,1913115,120079.05810000,291669006.34268800
1728691200000,2024-10-12 00:00:00,2439.49000000,2490.51000000,2434.35000000,2476.40000000,139637.50620000,1728777599999,343538957.82022800,1058123,75635.47220000,186143651.98497400
1728777600000,2024-10-13 00:00:00,2476.40000000,2484.92000000,2436.40000000,2468.91000000,120022.81790000,1728863999999,295322793.08412500,1032905,59760.37470000,147082675.32577100
1728864000000,2024-10-14 00:00:00,2468.92000000,2654.00000000,2443.39000000,2629.79000000,435900.16190000,1728950399999,1119084230.80793800,2715025,229665.60470000,589781071.81532800
1728950400000,2024-10-15 00:00:00,2629.79000000,2688.60000000,2537.36000000,2607.41000000,416285.66630000,1729036799999,1083630113.13970700,3306565,205576.51830000,535279891.16590100
1729036800000,2024-10-16 00:00:00,2607.41000000,2647.79000000,2588.67000000,2611.10000000,260322.42420000,1729123199999,681342662.41857000,2813136,127407.66790000,333593643.09779300
1729123200000,2024-10-17 00:00:00,2611.10000000,2648.37000000,2575.40000000,2605.80000000,221624.54340000,1729209599999,579597649.92940300,2543113,109682.85890000,286944146.55601100
1729209600000,2024-10-18 00:00:00,2605.79000000,2675.58000000,2596.49000000,2642.17000000,292444.11530000,1729295999999,771232214.93516400,2835054,151075.29190000,398486077.84859300
1729296000000,2024-10-19 00:00:00,2642.17000000,2663.49000000,2631.02000000,2648.20000000,105413.76460000,1729382399999,278723129.15789400,1145594,52955.70120000,140037162.00516000
1729382400000,2024-10-20 00:00:00,2648.20000000,2759.00000000,2635.54000000,2746.91000000,256910.74480000,1729468799999,692550694.44162900,2274845,131315.63210000,354129881.28676600
1729468800000,2024-10-21 00:00:00,2746.91000000,2769.48000000,2655.01000000,2666.70000000,310674.72320000,1729555199999,839718870.96762100,2526347,155766.44540000,421099497.59600700
1729555200000,2024-10-22 00:00:00,2666.71000000,2671.92000000,2606.56000000,2622.81000000,265747.71300000,1729641599999,699818031.28854000,2153796,129041.05420000,339834310.02414700
1729641600000,2024-10-23 00:00:00,2622.81000000,2628.20000000,2450.00000000,2524.61000000,352647.70860000,1729727999999,897683017.74016800,2642127,161673.03630000,411442765.60034200
1729728000000,2024-10-24 00:00:00,2524.60000000,2562.65000000,2507.31000000,2535.82000000,290851.78420000,1729814399999,737665762.66614700,2252562,151672.57960000,384697096.34031300
1729814400000,2024-10-25 00:00:00,2535.82000000,2566.33000000,2382.59000000,2440.62000000,514799.88220000,1729900799999,1282541014.46980300,3741205,232180.14350000,578647966.53560800
1729900800000,2024-10-26 00:00:00,2440.63000000,2508.00000000,2430.12000000,2482.51000000,248724.83130000,1729987199999,612908876.73898300,1985542,132469.85690000,326550515.93420700
1729987200000,2024-10-27 00:00:00,2482.51000000,2527.99000000,2464.13000000,2507.80000000,137580.88360000,1730073599999,342704461.29822200,1337190,70648.00530000,176001096.76121000
1730073600000,2024-10-28 00:00:00,2507.80000000,2589.67000000,2471.67000000,2567.48000000,360605.32700000,1730159999999,910015100.83083700,2847523,180803.60760000,456316658.78481300
1730160000000,2024-10-29 00:00:00,2567.49000000,2681.86000000,2561.20000000,2638.80000000,451915.70250000,1730246399999,1187541746.02171500,3690029,227223.48010000,597159695.53777800
1730246400000,2024-10-30 00:00:00,2638.80000000,2722.30000000,2599.66000000,2659.19000000,460627.12600000,1730332799999,1230352880.14265500,3700127,234688.32980000,627072013.72104200
1730332800000,2024-10-31 00:00:00,2659.19000000,2669.00000000,2503.00000000,2518.61000000,403427.20170000,1730419199999,1042550364.39079100,3391343,196341.44980000,507552898.63574800
1730419200000,2024-11-01 00:00:00,2518.61000000,2586.80000000,2467.67000000,2511.49000000,430249.10730000,1730505599999,1084316033.71191500,3614843,202239.11620000,509869182.30356700
1730505600000,2024-11-02 00:00:00,2511.49000000,2523.45000000,2470.00000000,2494.23000000,145961.13000000,1730591999999,364240307.89237700,1228028,68739.22170000,171535490.17364200
1730592000000,2024-11-03 00:00:00,2494.23000000,2496.39000000,2411.00000000,2457.73000000,276009.11970000,1730678399999,675516839.24615800,2569553,128755.13020000,315138233.23078100
1730678400000,2024-11-04 00:00:00,2457.73000000,2491.39000000,2357.59000000,2398.21000000,306316.96450000,1730764799999,745000696.54959400,3066552,148574.72540000,361660123.21258000
1730764800000,2024-11-05 00:00:00,2398.21000000,2480.00000000,2380.74000000,2422.55000000,331619.25450000,1730851199999,807964220.38260700,2878817,164899.72260000,401792814.47828200
1730851200000,2024-11-06 00:00:00,2422.60000000,2744.70000000,2420.30000000,2721.87000000,1002141.36180000,1730937599999,2613263657.61569000,5557031,527404.57970000,1375499686.35223600
1730937600000,2024-11-07 00:00:00,2721.88000000,2916.11000000,2699.49000000,2895.47000000,730845.95240000,1731023999999,2069602523.37207700,5380366,367745.65060000,1041659729.92273900
1731024000000,2024-11-08 00:00:00,2895.47000000,2981.69000000,2886.40000000,2961.75000000,568864.43500000,1731110399999,1664276186.36745700,4290252,290136.27340000,849147013.62205100
1731110400000,2024-11-09 00:00:00,2961.75000000,3157.40000000,2953.71000000,3126.21000000,526719.42120000,1731196799999,1602480049.88551400,3681905,278109.26380000,846556140.57644800
1731196800000,2024-11-10 00:00:00,3126.20000000,3248.52000000,3069.00000000,3183.21000000,865536.73220000,1731283199999,2751696491.35327300,6072418,444231.98530000,1412520566.69655500
1731283200000,2024-11-11 00:00:00,3183.20000000,3387.61000000,3105.00000000,3371.59000000,1000093.96640000,1731369599999,3248336095.35783400,7802397,512353.65970000,1664789115.81200000
1731369600000,2024-11-12 00:00:00,3371.59000000,3442.50000000,3207.67000000,3243.80000000,973215.72850000,1731455999999,3215515065.96685000,7073014,474680.79960000,1569519071.96666300
1731456000000,2024-11-13 00:00:00,3243.79000000,3331.00000000,3116.69000000,3187.16000000,919686.37470000,1731542399999,2958494366.71914000,9753402,446483.23990000,1436610189.54269200
1731542400000,2024-11-14 00:00:00,3187.16000000,3240.40000000,3028.56000000,3058.82000000,605780.66620000,1731628799999,1909266330.68371800,6204964,291332.14280000,919046552.32491300
1731628800000,2024-11-15 00:00:00,3058.81000000,3131.06000000,3014.50000000,3090.01000000,519623.63170000,1731715199999,1593247701.28904900,6118576,256031.96210000,785238977.75679600
1731715200000,2024-11-16 00:00:00,3090.01000000,3219.97000000,3072.00000000,3132.87000000,423639.15730000,1731801599999,1332892680.48503800,5079843,221452.09360000,696573570.91146400
1731801600000,2024-11-17 00:00:00,3132.88000000,3162.11000000,3034.99000000,3076.00000000,449818.95750000,1731887999999,1393762559.89606500,5832635,219773.82170000,681175947.12536200
1731888000000,2024-11-18 00:00:00,3075.99000000,3224.94000000,3050.01000000,3207.80000000,640658.43570000,1731974399999,2006111259.65758600,6541040,335610.63520000,1051440459.59821600
1731974400000,2024-11-19 00:00:00,3207.81000000,3221.20000000,3065.40000000,3107.44000000,500112.01940000,1732060799999,1561642778.41815400,5163295,240538.57970000,751285220.16740200
1732060800000,2024-11-20 00:00:00,3107.45000000,3159.20000000,3029.41000000,3069.97000000,503607.83360000,1732147199999,1559041767.18546400,6338828,262555.33790000,813254437.22967800
1732147200000,2024-11-21 00:00:00,3069.97000000,3386.73000000,3032.59000000,3355.81000000,974923.30350000,1732233599999,3167224819.41876900,8227428,517407.46180000,1678599533.38309400
1732233600000,2024-11-22 00:00:00,3355.88000000,3425.92000000,3257.54000000,3327.78000000,603273.70930000,1732319999999,2008464564.86167400,7141711,299228.21600000,996678648.69699500
1732320000000,2024-11-23 00:00:00,3327.78000000,3497.51000000,3312.72000000,3393.91000000,721024.00090000,1732406399999,2449223191.45451700,6790558,377413.29840000,1281905367.17223400
1732406400000,2024-11-24 00:00:00,3393.91000000,3450.00000000,3281.40000000,3361.20000000,479098.09210000,1732492799999,1608242778.28287200,5919258,229135.64760000,769433365.50576100
1732492800000,2024-11-25 00:00:00,3361.21000000,3546.66000000,3300.01000000,3414.49000000,949330.37000000,1732579199999,3272920810.05731100,9876856,473543.93990000,1633463973.64652600
1732579200000,2024-11-26 00:00:00,3414.49000000,3462.49000000,3252.00000000,3324.73000000,672367.15030000,1732665599999,2252619301.96427400,7269605,320649.41400000,1076018603.47616000
1732665600000,2024-11-27 00:00:00,3324.74000000,3684.92000000,3302.40000000,3653.28000000,754573.64850000,1732751999999,2640023089.76093500,6392173,422777.04850000,1478531171.09609100
1732752000000,2024-11-28 00:00:00,3653.27000000,3661.92000000,3529.76000000,3578.79000000,560976.42500000,1732838399999,2014252549.70202200,5393261,281616.14450000,1011307244.12480200
1732838400000,2024-11-29 00:00:00,3578.80000000,3647.98000000,3534.28000000,3592.21000000,425493.24490000,1732924799999,1525999121.81963900,4240304,220911.87590000,792537823.50665000
1732924800000,2024-11-30 00:00:00,3592.22000000,3738.98000000,3568.40000000,3703.60000000,503684.74850000,1733011199999,1849683070.29735000,4641849,267000.57690000,980789627.35957700
1733011200000,2024-12-01 00:00:00,3703.59000000,3746.80000000,3659.20000000,3707.61000000,429089.26330000,1733097599999,1589850114.02591500,3667910,212029.40080000,785774029.01285500
1733097600000,2024-12-02 00:00:00,3707.61000000,3760.00000000,3554.32000000,3643.42000000,737130.56900000,1733183999999,2685285591.84536500,6825848,368529.34700000,1342985979.58074500
1733184000000,2024-12-03 00:00:00,3643.43000000,3670.00000000,3500.00000000,3614.51000000,678400.20320000,1733270399999,2439869839.02902100,5200407,376625.93000000,1355330328.94503700
1733270400000,2024-12-04 00:00:00,3614.51000000,3887.24000000,3614.51000000,3837.80000000,968744.03990000,1733356799999,3638907449.55176100,8222722,516513.63150000,1939427558.60474000
1733356800000,2024-12-05 00:00:00,3837.80000000,3956.00000000,3677.00000000,3785.20000000,946493.27600000,1733443199999,3653558567.75371200,8753645,465065.30160000,1796915310.22586500
1733443200000,2024-12-06 00:00:00,3785.21000000,4087.73000000,3777.26000000,3998.87000000,803855.11460000,1733529599999,3174080080.14619300,6677199,410529.41370000,1621071926.72690900
1733529600000,2024-12-07 00:00:00,3998.87000000,4024.46000000,3968.00000000,3996.22000000,283920.02000000,1733615999999,1134418058.86617300,2721543,141027.53580000,563531840.24221200
1733616000000,2024-12-08 00:00:00,3996.22000000,4015.58000000,3923.50000000,4004.15000000,251362.16850000,1733702399999,1000371580.63835900,2614587,124696.17300000,496407855.45914100
1733702400000,2024-12-09 00:00:00,4004.15000000,4006.17000000,3509.00000000,3712.00000000,939642.20010000,1733788799999,3566495804.12810500,8331026,434519.74420000,1650765938.05197400
1733788800000,2024-12-10 00:00:00,3712.00000000,3780.76000000,3515.89000000,3628.25000000,942206.03370000,1733875199999,3443114495.27366400,10461668,468842.23620000,1713256933.09975900
1733875200000,2024-12-11 00:00:00,3628.24000000,3848.64000000,3562.34000000,3831.81000000,461818.78010000,1733961599999,1722223536.87817700,6195364,248830.10390000,928595809.30058700
1733961600000,2024-12-12 00:00:00,3831.82000000,3987.41000000,3796.80000000,3881.61000000,572098.63430000,1734047999999,2239803483.57660700,7005239,284607.15510000,1114554219.24114300
1734048000000,2024-12-13 00:00:00,3881.60000000,3968.47000000,3852.94000000,3906.80000000,387765.68730000,1734134399999,1516942852.28518100,5124578,192195.32380000,751955442.54806600
1734134400000,2024-12-14 00:00:00,3906.80000000,3945.00000000,3825.03000000,3870.29000000,265538.94790000,1734220799999,1031595277.38733700,3407748,131333.82940000,510395698.45593300
1734220800000,2024-12-15 00:00:00,3870.30000000,3974.61000000,3831.50000000,3959.09000000,253833.21410000,1734307199999,987865003.12754300,3637695,137576.23630000,535670221.16029300
1734307200000,2024-12-16 00:00:00,3959.09000000,4107.80000000,3884.00000000,3986.24000000,673351.07230000,1734393599999,2686550997.11024500,7117624,357970.22610000,1428720574.04516100
1734393600000,2024-12-17 00:00:00,3986.24000000,4041.82000000,3847.96000000,3893.01000000,450825.98610000,1734479999999,1788532842.70075700,6874200,212006.09800000,841864072.77054100
1734480000000,2024-12-18 00:00:00,3893.01000000,3907.19000000,3617.42000000,3626.80000000,722505.06180000,1734566399999,2735374632.73864100,6584244,338987.74140000,1283903825.65402800
1734566400000,2024-12-19 00:00:00,3626.80000000,3720.00000000,3326.80000000,3417.01000000,1078153.48510000,1734652799999,3807975330.68116200,6357638,498105.40580000,1759867070.36279600
1734652800000,2024-12-20 00:00:00,3417.01000000,3497.84000000,3101.90000000,3472.21000000,1332783.73100000,1734739199999,4421584295.58089900,7029546,616548.69460000,2043875039.78797600
1734739200000,2024-12-21 00:00:00,3472.20000000,3555.18000000,3293.11000000,3338.92000000,475275.82000000,1734825599999,1627460721.69215300,2732677,227433.37900000,779411940.38609500
1734825600000,2024-12-22 00:00:00,3338.92000000,3403.00000000,3221.10000000,3281.83000000,361920.24950000,1734911999999,1201895225.01695200,2546556,178324.64420000,592471146.24274100
1734912000000,2024-12-23 00:00:00,3281.83000000,3466.99000000,3216.97000000,3422.53000000,488253.41000000,1734998399999,1627069583.87868200,4032824,251606.21720000,838574859.78571200
1734998400000,2024-12-24 00:00:00,3422.53000000,3539.65000000,3358.19000000,3493.18000000,315723.67630000,1735084799999,1087476459.25316300,2764397,158218.89880000,544905389.45923000
1735084800000,2024-12-25 00:00:00,3493.17000000,3547.95000000,3440.93000000,3497.00000000,219846.04520000,1735171199999,766349902.71321700,2133099,110386.21040000,384894251.07668100
1735171200000,2024-12-26 00:00:00,3497.00000000,3514.94000000,3304.63000000,3335.05000000,310170.17190000,1735257599999,1047464157.03218900,2543314,164346.24880000,554727435.33012100
1735257600000,2024-12-27 00:00:00,3335.04000000,3444.16000000,3306.60000000,3333.51000000,342529.60380000,1735343999999,1152635224.26543900,3133395,171567.67040000,577327628.47015500
1735344000000,2024-12-28 00:00:00,3333.51000000,3428.68000000,3322.23000000,3404.00000000,175963.61300000,1735430399999,592591876.17898600,1445334,88404.95780000,297871890.10946200
1735430400000,2024-12-29 00:00:00,3404.01000000,3413.78000000,3326.17000000,3356.48000000,156256.88190000,1735516799999,527250656.14570400,1170497,74717.28830000,252109610.01206700
1735516800000,2024-12-30 00:00:00,3356.48000000,3437.59000000,3305.00000000,3361.84000000,420794.64760000,1735603199999,1420731724.37256400,2700666,215138.52690000,726878029.72007100
1735603200000,2024-12-31 00:00:00,3361.83000000,3451.00000000,3315.59000000,3337.78000000,303053.16850000,1735689599999,1024862944.04619100,2021786,146510.75010000,495460792.49061200
1735689600000,2025-01-01 00:00:00,3337.78000000,3374.85000000,3313.88000000,3360.38000000,190238.58610000,1735775999999,636613395.69596500,1182219,99518.02170000,333085258.28746200
1735776000000,2025-01-02 00:00:00,3360.39000000,3509.99000000,3354.50000000,3455.67000000,338632.88740000,1735862399999,1166286232.16288200,2373075,169044.36270000,582161055.52196500
1735862400000,2025-01-03 00:00:00,3455.68000000,3630.00000000,3423.44000000,3609.01000000,334041.06040000,1735948799999,1179953901.10181400,2293811,169194.07500000,597682226.03096200
1735948800000,2025-01-04 00:00:00,3609.00000000,3671.60000000,3572.42000000,3656.88000000,229266.31330000,1736035199999,829864804.85983700,1567855,116823.14830000,422850861.08688600
1736035200000,2025-01-05 00:00:00,3656.88000000,3675.25000000,3593.70000000,3635.99000000,155444.17410000,1736121599999,564147572.80066900,1461192,76901.37580000,279135355.27000600
1736121600000,2025-01-06 00:00:00,3636.00000000,3744.83000000,3610.63000000,3687.45000000,329642.36480000,1736207999999,1210642823.30206900,2753873,166824.61960000,612822771.95455100
1736208000000,2025-01-07 00:00:00,3687.44000000,3700.86000000,3356.31000000,3381.31000000,541543.28740000,1736294399999,1899318756.15801600,3538701,254553.45020000,892893276.02080900
1736294400000,2025-01-08 00:00:00,3381.31000000,3415.10000000,3208.20000000,3327.29000000,584749.96270000,1736380799999,1944382187.65665900,3766197,275577.22690000,916259778.41837900
1736380800000,2025-01-09 00:00:00,3327.29000000,3357.27000000,3158.00000000,3219.20000000,501818.42470000,1736467199999,1638958679.71436800,3685889,237793.73460000,777185110.08267900
1736467200000,2025-01-10 00:00:00,3219.20000000,3322.49000000,3193.97000000,3267.04000000,454142.13330000,1736553599999,1482940591.67198800,3199118,222519.18490000,726413490.66837400
1736553600000,2025-01-11 00:00:00,3267.05000000,3320.18000000,3217.56000000,3282.83000000,151679.74870000,1736639999999,494933295.35826200,1208777,74202.78760000,242350177.14399100
1736640000000,2025-01-12 00:00:00,3282.83000000,3300.00000000,3224.49000000,3267.30000000,164879.97090000,1736726399999,538751712.04578700,1151908,78312.53320000,255990007.31399000
1736726400000,2025-01-13 00:00:00,3267.30000000,3339.00000000,2920.00000000,3137.51000000,845907.56690000,1736812799999,2614824635.15443900,4900248,410956.80140000,1271030799.21146800
1736812800000,2025-01-14 00:00:00,3137.51000000,3256.67000000,3125.65000000,3225.63000000,374308.45170000,1736899199999,1197715520.89902600,2446285,180843.36050000,578754045.67724400
1736899200000,2025-01-15 00:00:00,3225.63000000,3473.75000000,3186.36000000,3451.52000000,464188.03400000,1736985599999,1537407357.36677100,2689488,233981.71830000,775803015.40606800
1736985600000,2025-01-16 00:00:00,3451.51000000,3460.79000000,3265.44000000,3308.05000000,471282.67870000,1737071999999,1573512574.07485100,2667507,227669.87210000,760336218.42832100
1737072000000,2025-01-17 00:00:00,3308.04000000,3525.72000000,3307.50000000,3473.63000000,518550.18130000,1737158399999,1773013467.30909300,3165882,269301.51330000,920836504.15644600
1737158400000,2025-01-18 00:00:00,3473.64000000,3494.39000000,3227.00000000,3307.71000000,634197.12810000,1737244799999,2100633661.76441900,3931387,309754.32910000,1025970289.51767100
1737244800000,2025-01-19 00:00:00,3307.71000000,3448.99000000,3130.48000000,3215.12000000,1342301.52170000,1737331199999,4408659681.01233000,7064813,651932.43120000,2143657478.90028600
1737331200000,2025-01-20 00:00:00,3215.20000000,3453.69000000,3142.78000000,3284.00000000,1158354.78140000,1737417599999,3830020315.13160700,7137551,572672.70280000,1895320599.96198600
1737417600000,2025-01-21 00:00:00,3283.99000000,3368.00000000,3204.60000000,3327.54000000,548706.05130000,1737503999999,1802317579.66765900,3752957,271093.62780000,890755658.88544800
1737504000000,2025-01-22 00:00:00,3327.55000000,3365.99000000,3222.85000000,3242.60000000,349240.74980000,1737590399999,1150648371.19655900,2187671,163482.76000000,538844820.50456300
1737590400000,2025-01-23 00:00:00,3242.61000000,3347.97000000,3185.00000000,3338.21000000,605592.72250000,1737676799999,1965307923.08054700,3255920,303294.94180000,984590435.71734800
1737676800000,2025-01-24 00:00:00,3338.22000000,3428.00000000,3275.90000000,3310.09000000,451524.27520000,1737763199999,1519379297.69096300,2793569,215008.00350000,723830815.04652300
1737763200000,2025-01-25 00:00:00,3310.10000000,3350.68000000,3268.66000000,3318.77000000,208559.04150000,1737849599999,690383485.12544400,1456638,98129.44980000,324799632.12765400
1737849600000,2025-01-26 00:00:00,3318.76000000,3362.00000000,3230.00000000,3232.61000000,272165.46900000,1737935999999,899291017.61337400,1416325,116826.27890000,386320687.82792900
1737936000000,2025-01-27 00:00:00,3232.61000000,3253.91000000,3020.01000000,3182.44000000,753004.75290000,1738022399999,2349770569.70661100,4888504,345284.58210000,1077195796.13712200
1738022400000,2025-01-28 00:00:00,3182.44000000,3223.01000000,3040.03000000,3077.72000000,350959.71730000,1738108799999,1107001736.17500500,2936974,170776.72710000,538990208.72344700
1738108800000,2025-01-29 00:00:00,3077.72000000,3182.52000000,3054.06000000,3113.90000000,409737.25760000,1738195199999,1278256645.74957000,3277369,200807.92350000,626556500.38162000
1738195200000,2025-01-30 00:00:00,3113.90000000,3283.43000000,3091.06000000,3247.39000000,350639.48230000,1738281599999,1130886606.53968200,2410789,180484.13070000,581935263.18457600
1738281600000,2025-01-31 00:00:00,3247.38000000,3437.31000000,3213.80000000,3300.99000000,648681.65610000,1738367999999,2158479814.33174300,3802893,343645.01990000,1144000791.64150100
1738368000000,2025-02-01 00:00:00,3300.99000000,3331.98000000,3101.70000000,3117.54000000,354065.25250000,1738454399999,1142845926.86590100,2900696,170674.35850000,551595869.39510300
1738454400000,2025-02-02 00:00:00,3117.54000000,3163.20000000,2750.71000000,2869.68000000,1050805.93000000,1738540799999,3131430738.39175600,5974563,494989.10690000,1476742890.84230700
1738540800000,2025-02-03 00:00:00,2869.68000000,2921.00000000,2125.01000000,2879.90000000,2807979.02100000,1738627199999,7325488963.97464300,10550628,1344253.33180000,3509887592.19632100
1738627200000,2025-02-04 00:00:00,2879.89000000,2888.50000000,2632.60000000,2731.19000000,1259594.39190000,1738713599999,3477670143.18934000,4767588,602952.47060000,1664512055.45414100
1738713600000,2025-02-05 00:00:00,2731.19000000,2826.95000000,2699.13000000,2788.25000000,686593.04290000,1738799999999,1897054238.49022300,3498289,327991.42560000,906340721.06455900
1738800000000,2025-02-06 00:00:00,2788.25000000,2857.64000000,2655.28000000,2686.64000000,719459.95710000,1738886399999,1981674881.32211900,3805682,325809.32920000,897799508.97995700
1738886400000,2025-02-07 00:00:00,2686.63000000,2797.50000000,2562.51000000,2622.10000000,695467.36120000,1738972799999,1875060380.33431200,3272698,327218.13880000,882532535.72256600
1738972800000,2025-02-08 00:00:00,2622.11000000,2667.30000000,2588.80000000,2632.46000000,379685.15090000,1739059199999,996898803.98491500,1865406,182406.15920000,478945902.37338400
1739059200000,2025-02-09 00:00:00,2632.46000000,2698.90000000,2520.02000000,2627.18000000,387166.79110000,1739145599999,1016386052.05048500,2319910,185314.83730000,486833033.68547700
1739145600000,2025-02-10 00:00:00,2627.18000000,2693.79000000,2559.85000000,2661.19000000,398173.27160000,1739231999999,1051708232.55688000,2736600,195023.19150000,515093980.36806000
1739232000000,2025-02-11 00:00:00,2661.19000000,2725.04000000,2558.24000000,2602.59000000,484196.14350000,1739318399999,1286091770.77380500,2776008,226374.75100000,602010853.06517800
1739318400000,2025-02-12 00:00:00,2602.59000000,2795.45000000,2546.92000000,2738.27000000,646295.89590000,1739404799999,1705436939.53312700,4190060,324858.61930000,858009920.21868800
1739404800000,2025-02-13 00:00:00,2738.27000000,2757.28000000,2612.76000000,2675.87000000,443769.28530000,1739491199999,1185301387.82442300,3213834,217787.64580000,581683038.43609800
1739491200000,2025-02-14 00:00:00,2675.87000000,2791.78000000,2664.46000000,2725.95000000,419895.78620000,1739577599999,1142877818.04390300,2645594,222908.78010000,606858652.13950500
1739577600000,2025-02-15 00:00:00,2725.95000000,2739.00000000,2662.28000000,2693.04000000,202971.42950000,1739663999999,548554180.22232300,1678502,90810.31790000,245463912.57346800
1739664000000,2025-02-16 00:00:00,2693.04000000,2727.31000000,2651.26000000,2661.41000000,191231.53140000,1739750399999,514482095.17428300,1449884,89433.40550000,240599550.81239200
1739750400000,2025-02-17 00:00:00,2661.41000000,2849.70000000,2637.71000000,2744.05000000,639739.81970000,1739836799999,1752388687.80560900,3881592,329950.37510000,904399237.60008900
1739836800000,2025-02-18 00:00:00,2744.05000000,2756.93000000,2605.44000000,2671.99000000,604863.87370000,1739923199999,1616153629.01871700,3898156,285508.86940000,762964442.38585300
1739923200000,2025-02-19 00:00:00,2672.00000000,2736.70000000,2656.03000000,2715.50000000,326154.02020000,1740009599999,882047186.13193300,2376004,163604.87670000,442601160.33245900
1740009600000,2025-02-20 00:00:00,2715.51000000,2770.59000000,2707.18000000,2738.04000000,336735.25440000,1740095999999,921476439.35493700,2096063,170515.66670000,466756209.20123600
1740096000000,2025-02-21 00:00:00,2738.04000000,2845.32000000,2616.72000000,2663.00000000,890440.06040000,1740182399999,2429306635.17723400,3872201,428879.73450000,1170981749.41479300
1740182400000,2025-02-22 00:00:00,2663.00000000,2798.07000000,2653.33000000,2763.22000000,444989.66690000,1740268799999,1214059511.89993500,2597168,248387.77720000,677008292.57399600
1740268800000,2025-02-23 00:00:00,2763.23000000,2857.34000000,2745.41000000,2819.69000000,611002.12220000,1740355199999,1711849865.81904600,2796506,321625.33770000,901407652.08499300
1740355200000,2025-02-24 00:00:00,2819.70000000,2839.95000000,2470.33000000,2513.52000000,876876.37070000,1740441599999,2334572148.66195500,4737903,411575.66580000,1095102528.76310100
1740441600000,2025-02-25 00:00:00,2513.52000000,2533.49000000,2313.49000000,2495.70000000,1322016.87180000,1740527999999,3207776114.78246300,7076645,655424.21700000,1590563026.37175900
1740528000000,2025-02-26 00:00:00,2495.69000000,2507.50000000,2253.77000000,2336.37000000,863087.21330000,1740614399999,2059160287.05077300,5495972,408608.95600000,975185376.42155500
1740614400000,2025-02-27 00:00:00,2336.38000000,2381.60000000,2230.57000000,2307.72000000,637583.91060000,1740700799999,1480849324.54064600,3906903,297736.91540000,691230000.43889100
1740700800000,2025-02-28 00:00:00,2307.72000000,2314.18000000,2076.26000000,2237.59000000,1291539.05570000,1740787199999,2794546441.72688400,5708556,625030.52870000,1351940395.76477200
1740787200000,2025-03-01 00:00:00,2237.59000000,2281.14000000,2142.73000000,2217.39000000,446430.72710000,1740873599999,988941461.43036100,2511839,209196.86050000,463872993.77574900
1740873600000,2025-03-02 00:00:00,2217.40000000,2550.58000000,2172.04000000,2518.11000000,1266684.77480000,1740959999999,3001215557.60368700,4977392,627527.30170000,1488652979.40276800
1740960000000,2025-03-03 00:00:00,2518.12000000,2523.56000000,2097.91000000,2149.01000000,1109565.20030000,1741046399999,2529346005.90948500,4969357,510488.26520000,1161760907.05315700
1741046400000,2025-03-04 00:00:00,2149.02000000,2221.88000000,1993.20000000,2171.51000000,1257822.33720000,1741132799999,2634485208.25977100,5856962,596181.03000000,1248910466.06030300
1741132800000,2025-03-05 00:00:00,2171.50000000,2273.51000000,2155.03000000,2241.59000000,687130.78970000,1741219199999,1514537132.80739300,3480893,326604.00720000,720412253.03102700
1741219200000,2025-03-06 00:00:00,2241.59000000,2319.99000000,2176.90000000,2202.20000000,596908.39350000,1741305599999,1343407922.35918800,3304973,304201.82560000,684721457.49054600
1741305600000,2025-03-07 00:00:00,2202.21000000,2258.47000000,2101.82000000,2141.60000000,782387.26060000,1741391999999,1698459492.23933000,4452265,384442.62820000,834995037.36138600
1741392000000,2025-03-08 00:00:00,2141.60000000,2234.93000000,2105.06000000,2203.58000000,328793.09790000,1741478399999,714743022.41034700,2118806,165408.66080000,359616114.81522300
1741478400000,2025-03-09 00:00:00,2203.57000000,2212.00000000,1989.66000000,2020.41000000,601671.58820000,1741564799999,1249766628.54494900,2791079,283406.49900000,589074622.73424600
1741564800000,2025-03-10 00:00:00,2020.43000000,2152.40000000,1810.01000000,1865.10000000,1248745.35140000,1741651199999,2461512870.77077700,5261040,617411.70940000,1216440716.44610600
1741651200000,2025-03-11 00:00:00,1865.11000000,1963.20000000,1754.28000000,1923.43000000,1171427.99950000,1741737599999,2203451540.61138800,4578427,576537.07930000,1085290919.30363300
1741737600000,2025-03-12 00:00:00,1923.42000000,1960.00000000,1829.72000000,1908.20000000,788739.67630000,1741823999999,1494384669.01818000,3444921,399364.70410000,756917595.00109500
1741824000000,2025-03-13 00:00:00,1908.20000000,1923.09000000,1821.81000000,1864.59000000,569537.26220000,1741910399999,1069629049.44307000,2688683,276728.70200000,519941674.76874300
1741910400000,2025-03-14 00:00:00,1864.59000000,1945.64000000,1861.31000000,1911.65000000,375805.73550000,1741996799999,718122712.75367900,1728618,196808.74180000,376032113.70590500
1741996800000,2025-03-15 00:00:00,1911.64000000,1957.19000000,1903.75000000,1937.17000000,209545.86750000,1742083199999,404571982.73839400,884429,103183.25480000,199258936.50565500
1742083200000,2025-03-16 00:00:00,1937.18000000,1940.87000000,1860.38000000,1887.00000000,324766.65640000,1742169599999,616620264.89167500,1466585,147750.61790000,280566280.64947600
1742169600000,2025-03-17 00:00:00,1887.01000000,1952.40000000,1879.98000000,1926.31000000,334840.48770000,1742255999999,641484974.27830700,1566024,166794.97820000,319499477.72078500
1742256000000,2025-03-18 00:00:00,1926.30000000,1936.20000000,1872.31000000,1931.54000000,332896.01550000,1742342399999,632109997.55131100,1549810,156778.67070000,297667875.79396900
1742342400000,2025-03-19 00:00:00,1931.54000000,2069.90000000,1927.58000000,2056.06000000,691809.50340000,1742428799999,1385193898.48161800,2614680,338168.36960000,677189954.26203100
1742428800000,2025-03-20 00:00:00,2056.05000000,2067.90000000,1952.17000000,1983.79000000,401518.92820000,1742515199999,800851703.93756900,1885019,185718.33720000,370117787.13141900
1742515200000,2025-03-21 00:00:00,1983.79000000,1996.73000000,1937.10000000,1965.75000000,262641.65900000,1742601599999,516587945.85855400,1470569,130673.03910000,256964902.67304100
1742601600000,2025-03-22 00:00:00,1965.74000000,2006.61000000,1964.34000000,1980.69000000,170782.95740000,1742687999999,339679365.31931900,833146,83417.24300000,165949750.56443500
1742688000000,2025-03-23 00:00:00,1980.68000000,2020.74000000,1976.81000000,2005.99000000,268707.52330000,1742774399999,537810044.75225100,973880,141545.40570000,283218620.57617100
1742774400000,2025-03-24 00:00:00,2005.99000000,2104.11000000,1977.67000000,2081.20000000,477912.81540000,1742860799999,985984215.59453300,1804046,241987.67580000,499157615.49160600
1742860800000,2025-03-25 00:00:00,2081.20000000,2097.70000000,2037.08000000,2066.15000000,328765.32920000,1742947199999,678919919.78074900,1398034,144848.29280000,299282311.76582700
1742947200000,2025-03-26 00:00:00,2066.16000000,2079.21000000,1981.60000000,2009.52000000,428975.32860000,1743033599999,872757205.46664500,1468474,181445.07230000,369125581.32051100
1743033600000,2025-03-27 00:00:00,2009.52000000,2037.38000000,1987.06000000,2003.66000000,360634.83830000,1743119999999,726385594.53475100,1394730,154040.23270000,310291637.03096800
1743120000000,2025-03-28 00:00:00,2003.67000000,2015.93000000,1860.00000000,1896.90000000,626167.58320000,1743206399999,1197329354.05841500,2245087,307332.27690000,587606938.58451500
1743206400000,2025-03-29 00:00:00,1896.90000000,1913.60000000,1797.20000000,1828.08000000,409769.75550000,1743292799999,758545295.87177900,1755638,199201.13980000,368752720.35688600
1743292800000,2025-03-30 00:00:00,1828.09000000,1849.01000000,1767.69000000,1807.74000000,327843.44760000,1743379199999,595676639.88354800,1523210,164123.14760000,298224370.05484300
1743379200000,2025-03-31 00:00:00,1807.74000000,1854.22000000,1776.75000000,1822.43000000,497854.90520000,1743465599999,904456573.01041500,2283021,248408.78650000,451323627.20457800
1743465600000,2025-04-01 00:00:00,1822.43000000,1927.90000000,1817.88000000,1904.98000000,452989.09740000,1743551999999,851190042.27337700,2141608,227293.91340000,427068696.66992000
1743552000000,2025-04-02 00:00:00,1904.98000000,1957.00000000,1781.53000000,1795.22000000,750840.78230000,1743638399999,1411539014.56212600,3408080,364479.37670000,685797603.62861100
1743638400000,2025-04-03 00:00:00,1795.21000000,1845.26000000,1750.00000000,1817.23000000,508075.01800000,1743724799999,912214691.84003600,2579520,253462.44640000,455404696.42755200
1743724800000,2025-04-04 00:00:00,1817.23000000,1835.68000000,1758.72000000,1816.87000000,572734.47020000,1743811199999,1030518559.14175400,2647730,277397.81970000,499272616.79746900
1743811200000,2025-04-05 00:00:00,1816.88000000,1827.29000000,1764.39000000,1806.01000000,201716.26960000,1743897599999,362822603.99707900,861593,96425.62450000,173484839.30756800
1743897600000,2025-04-06 00:00:00,1806.02000000,1817.00000000,1537.50000000,1580.76000000,979847.09580000,1743983999999,1621420911.80354200,3251935,453768.93160000,751319408.63196000
1743984000000,2025-04-07 00:00:00,1580.77000000,1639.00000000,1411.01000000,1553.04000000,2168796.00670000,1744070399999,3314200223.32717800,5723226,1076060.06700000,1645270461.50436500
1744070400000,2025-04-08 00:00:00,1553.04000000,1618.67000000,1441.30000000,1473.41000000,891846.13270000,1744156799999,1361139288.97793200,3369669,449628.14170000,686762120.76577600
1744156800000,2025-04-09 00:00:00,1473.41000000,1689.00000000,1385.05000000,1669.51000000,1968530.91380000,1744243199999,2995077137.62664700,4723847,990740.83630000,1508747907.72777100
1744243200000,2025-04-10 00:00:00,1669.51000000,1669.85000000,1471.02000000,1522.25000000,911855.39340000,1744329599999,1425649915.89491900,3007121,454828.25920000,711164539.48715100
1744329600000,2025-04-11 00:00:00,1522.24000000,1591.47000000,1504.63000000,1566.85000000,578484.31830000,1744415999999,901210974.60836300,2547292,305707.17480000,476514872.29880400
1744416000000,2025-04-12 00:00:00,1566.85000000,1669.59000000,1546.06000000,1644.18000000,501867.90330000,1744502399999,813176435.31397300,2177800,266899.40920000,432987094.82390400
1744502400000,2025-04-13 00:00:00,1644.19000000,1649.75000000,1562.01000000,1597.76000000,580136.61450000,1744588799999,931598664.29185500,2597350,281372.53800000,452135764.61108300
1744588800000,2025-04-14 00:00:00,1597.76000000,1691.50000000,1595.56000000,1623.77000000,645930.14190000,1744675199999,1062426756.84963600,2975844,332185.12950000,546536662.98174400
1744675200000,2025-04-15 00:00:00,1623.78000000,1661.21000000,1583.12000000,1588.78000000,476178.89150000,1744761599999,774210116.71062500,2283302,232389.85030000,377978352.55460700
1744761600000,2025-04-16 00:00:00,1588.77000000,1613.66000000,1538.07000000,1577.14000000,611387.86860000,1744847999999,965271509.89318300,2645419,311107.79030000,491272640.36474200
1744848000000,2025-04-17 00:00:00,1577.15000000,1616.96000000,1563.20000000,1583.62000000,449870.36280000,1744934399999,716711483.14334500,1871114,226961.42410000,361610704.82123100
1744934400000,2025-04-18 00:00:00,1583.63000000,1600.64000000,1573.54000000,1588.60000000,200409.03590000,1745020799999,317931022.83947300,889028,99073.53740000,157166748.96690200
1745020800000,2025-04-19 00:00:00,1588.60000000,1631.81000000,1585.01000000,1613.27000000,223096.38990000,1745107199999,358254845.71229400,1762563,119856.30270000,192451022.06704700
1745107200000,2025-04-20 00:00:00,1613.26000000,1619.19000000,1565.59000000,1587.36000000,276052.23060000,1745193599999,438377495.97515200,1913811,138393.39470000,219774032.48275600
1745193600000,2025-04-21 00:00:00,1587.36000000,1658.75000000,1564.07000000,1579.57000000,691486.66670000,1745279999999,1117358203.86859500,4257816,349723.77790000,565324291.15929200
1745280000000,2025-04-22 00:00:00,1579.57000000,1778.00000000,1537.26000000,1756.26000000,1103036.95860000,1745366399999,1833852783.08012900,3841594,570956.59690000,949980453.53835200
1745366400000,2025-04-23 00:00:00,1756.25000000,1834.86000000,1744.95000000,1795.07000000,887545.63160000,1745452799999,1590311895.51547700,3346263,465865.23670000,834633411.49964400
1745452800000,2025-04-24 00:00:00,1795.08000000,1802.82000000,1722.90000000,1769.65000000,483465.03850000,1745539199999,851507192.04646000,2225460,228156.98120000,401904077.51987700
1745539200000,2025-04-25 00:00:00,1769.64000000,1827.32000000,1738.60000000,1784.60000000,595610.88940000,1745625599999,1063192910.33905300,2516748,310119.56980000,553732398.65082100
1745625600000,2025-04-26 00:00:00,1784.60000000,1841.16000000,1778.94000000,1820.88000000,355068.04420000,1745711999999,640645562.86521600,1907298,184308.07960000,332672166.45517400
1745712000000,2025-04-27 00:00:00,1820.87000000,1857.47000000,1781.90000000,1791.29000000,340332.64350000,1745798399999,616122293.30825400,2405764,164744.71280000,298455924.45359300
1745798400000,2025-04-28 00:00:00,1791.29000000,1827.98000000,1744.71000000,1799.88000000,587269.74300000,1745884799999,1049690759.15237400,2980656,282424.40210000,504906960.40592800
1745884800000,2025-04-29 00:00:00,1799.88000000,1842.99000000,1780.47000000,1797.81000000,480456.38840000,1745971199999,871685371.74914200,2590967,247137.12130000,448518545.93327100
1745971200000,2025-04-30 00:00:00,1797.81000000,1816.80000000,1731.70000000,1793.61000000,473523.98770000,1746057599999,843558998.32633200,2468998,224863.77570000,400751136.05107900
1746057600000,2025-05-01 00:00:00,1793.62000000,1873.17000000,1792.52000000,1838.11000000,537198.72910000,1746143999999,988206595.82489200,2398765,284534.13820000,523485516.25783300
1746144000000,2025-05-02 00:00:00,1838.10000000,1871.00000000,1813.00000000,1842.20000000,410667.87500000,1746230399999,755324594.31892100,2062923,214203.70890000,394103918.03934500
1746230400000,2025-05-03 00:00:00,1842.20000000,1848.60000000,1810.00000000,1833.52000000,213751.59790000,1746316799999,391267436.33205700,1135719,102337.22030000,187310371.21118100
1746316800000,2025-05-04 00:00:00,1833.52000000,1849.95000000,1803.00000000,1808.86000000,238254.35640000,1746403199999,435999576.56534900,1443996,115191.41150000,210878994.45542400
1746403200000,2025-05-05 00:00:00,1808.86000000,1833.55000000,1781.85000000,1820.19000000,342341.00780000,1746489599999,619310042.70500000,1961255,174628.62900000,315946281.03002200
1746489600000,2025-05-06 00:00:00,1820.19000000,1820.90000000,1752.00000000,1817.00000000,384584.24510000,1746575999999,687049952.31388500,2333041,187697.54610000,335412217.28663900
1746576000000,2025-05-07 00:00:00,1817.00000000,1850.00000000,1787.01000000,1811.11000000,456170.07050000,1746662399999,831394497.73404300,2408512,237181.47550000,432215626.27634500
1746662400000,2025-05-08 00:00:00,1811.11000000,2226.00000000,1808.71000000,2207.39000000,1473152.68600000,1746748799999,2976074419.32354100,5616063,774940.46430000,1564609175.67303500
1746748800000,2025-05-09 00:00:00,2207.39000000,2490.77000000,2184.33000000,2345.04000000,1667041.03820000,1746835199999,3881949928.35172300,6885286,816968.73200000,1901989668.67701100
1746835200000,2025-05-10 00:00:00,2345.04000000,2600.00000000,2317.00000000,2583.23000000,979350.16060000,1746921599999,2393510879.66520500,4862978,508011.26320000,1242333639.70397500
1746921600000,2025-05-11 00:00:00,2583.22000000,2608.13000000,2435.51000000,2514.57000000,831584.38880000,1747007999999,2087255708.68951200,4340859,402700.09720000,1010999635.26973100
1747008000000,2025-05-12 00:00:00,2514.58000000,2624.00000000,2406.63000000,2495.47000000,1068680.94330000,1747094399999,2694150708.64276100,5441783,534397.32040000,1347640836.76613100
1747094400000,2025-05-13 00:00:00,2495.48000000,2738.50000000,2415.30000000,2679.71000000,1031355.64650000,1747180799999,2653880363.30538100,4666012,569632.76620000,1468803335.98828900
1747180800000,2025-05-14 00:00:00,2679.71000000,2725.99000000,2547.26000000,2609.74000000,830047.11220000,1747267199999,2183890526.34022800,4181188,413256.84190000,1088633834.58473200
1747267200000,2025-05-15 00:00:00,2609.75000000,2647.03000000,2476.03000000,2548.69000000,768954.03320000,1747353599999,1963827790.23660200,4305508,396304.51570000,1012773316.79760300
1747353600000,2025-05-16 00:00:00,2548.70000000,2649.31000000,2529.40000000,2537.12000000,605953.69190000,1747439999999,1568128704.04634500,3310498,323624.70410000,837990689.56693800
1747440000000,2025-05-17 00:00:00,2537.13000000,2538.16000000,2446.42000000,2475.08000000,494333.27820000,1747526399999,1227578098.31878000,2950197,227882.84550000,566013389.00904200
1747526400000,2025-05-18 00:00:00,2475.09000000,2587.61000000,2323.21000000,2497.78000000,810103.18510000,1747612799999,2001441345.43429700,3416878,400896.36800000,990832542.38212900
1747612800000,2025-05-19 00:00:00,2497.78000000,2547.36000000,2348.38000000,2528.14000000,861747.52300000,1747699199999,2109843607.57332400,4757453,431712.84650000,1057907975.58555100
1747699200000,2025-05-20 00:00:00,2528.14000000,2588.63000000,2442.40000000,2524.19000000,676989.17470000,1747785599999,1703522806.13044900,3816684,338210.00920000,851893459.66911600
1747785600000,2025-05-21 00:00:00,2524.19000000,2615.95000000,2452.20000000,2550.99000000,1095890.29020000,1747871999999,2780015740.83286100,5568312,550624.56040000,1397549396.34974400
1747872000000,2025-05-22 00:00:00,2551.00000000,2692.99000000,2544.83000000,2664.82000000,852555.66690000,1747958399999,2246807632.74527100,5196535,448569.10980000,1182067855.83315600
1747958400000,2025-05-23 00:00:00,2664.83000000,2734.23000000,2498.30000000,2526.50000000,971442.45320000,1748044799999,2537338702.61574200,5450420,473528.16840000,1237163443.75582900
1748044800000,2025-05-24 00:00:00,2526.49000000,2575.85000000,2515.08000000,2530.40000000,257544.23440000,1748131199999,656038924.22051300,2090724,128007.86040000,326091787.48766700
1748131200000,2025-05-25 00:00:00,2530.41000000,2554.26000000,2463.00000000,2551.22000000,359890.02990000,1748217599999,901956598.72487400,2556052,170482.18590000,427565947.98883700
1748217600000,2025-05-26 00:00:00,2551.22000000,2599.00000000,2525.86000000,2563.70000000,362971.11820000,1748303999999,929347758.92452700,2374458,175269.05960000,448860267.78344500
1748304000000,2025-05-27 00:00:00,2563.70000000,2712.36000000,2509.46000000,2660.81000000,798430.88620000,1748390399999,2101748442.52487300,4017588,412557.62560000,1085725214.20204400
1748390400000,2025-05-28 00:00:00,2660.81000000,2689.14000000,2608.50000000,2681.60000000,560095.68330000,1748476799999,1480645502.35148400,3160462,273261.38310000,722627732.75787000
1748476800000,2025-05-29 00:00:00,2681.61000000,2788.00000000,2619.05000000,2631.39000000,811567.25450000,1748563199999,2189640513.33957300,4254669,405459.37330000,1094147671.84856000
1748563200000,2025-05-30 00:00:00,2631.39000000,2649.23000000,2507.35000000,2531.34000000,763045.25640000,1748649599999,1976177953.87944200,4624552,376566.67720000,975743608.33954700
1748649600000,2025-05-31 00:00:00,2531.35000000,2550.34000000,2475.33000000,2528.06000000,394537.25210000,1748735999999,994330383.17050800,2792146,197180.28060000,497000872.32481100
1748736000000,2025-06-01 00:00:00,2528.06000000,2547.79000000,2468.56000000,2539.21000000,332021.70880000,1748822399999,834842712.27754100,2210246,165557.31400000,416473007.50785100
1748822400000,2025-06-02 00:00:00,2539.20000000,2615.00000000,2475.00000000,2607.41000000,468889.97370000,1748908799999,1184963591.47166600,3239230,232758.66580000,588585524.42812800
1748908800000,2025-06-03 00:00:00,2607.42000000,2655.38000000,2575.00000000,2593.36000000,454383.04390000,1748995199999,1188862077.10082500,3098351,228172.36000000,597147462.45455600
1748995200000,2025-06-04 00:00:00,2593.35000000,2679.88000000,2583.50000000,2607.68000000,502494.82140000,1749081599999,1321537606.68494800,2754319,260366.58980000,685080028.87730700
1749081600000,2025-06-05 00:00:00,2607.68000000,2640.86000000,2391.66000000,2414.01000000,808938.03440000,1749167999999,2047572739.90118600,4181206,378086.69130000,958339246.46072700
1749168000000,2025-06-06 00:00:00,2414.02000000,2531.36000000,2381.49000000,2476.10000000,578843.49740000,1749254399999,1428256037.77595400,3246760,290586.02100000,717257126.50203100
1749254400000,2025-06-07 00:00:00,2476.10000000,2544.36000000,2457.00000000,2524.63000000,264787.67430000,1749340799999,662320802.30528400,1587509,135613.34190000,339037471.97769700
1749340800000,2025-06-08 00:00:00,2524.64000000,2548.63000000,2490.58000000,2509.83000000,266474.71390000,1749427199999,670516749.05965500,1401175,135061.78730000,339794332.05044100
1749427200000,2025-06-09 00:00:00,2509.84000000,2693.99000000,2477.73000000,2680.13000000,568726.30250000,1749513599999,1458505754.33474000,2896758,303579.99580000,779517686.54985700
1749513600000,2025-06-10 00:00:00,2680.13000000,2827.00000000,2655.61000000,2816.40000000,1138405.47750000,1749599999999,3115655145.47206800,5277581,605348.55600000,1656990975.32606900
1749600000000,2025-06-11 00:00:00,2816.41000000,2879.22000000,2743.75000000,2771.61000000,850210.93240000,1749686399999,2388186204.97776600,4906906,410413.94130000,1153264237.42136600
1749686400000,2025-06-12 00:00:00,2771.60000000,2784.83000000,2616.24000000,2642.65000000,699593.37570000,1749772799999,1905633561.09752800,4172997,343802.72940000,937069085.59915800
1749772800000,2025-06-13 00:00:00,2642.66000000,2645.45000000,2436.98000000,2579.19000000,1202176.29720000,1749859199999,3033896895.56215400,6026303,570084.13540000,1438866069.08929800
1749859200000,2025-06-14 00:00:00,2579.19000000,2579.43000000,2488.72000000,2530.76000000,331438.92780000,1749945599999,838399986.46010700,1988958,155289.43720000,393033307.09492600
1749945600000,2025-06-15 00:00:00,2530.77000000,2559.51000000,2492.00000000,2547.61000000,299701.66240000,1750031999999,758742736.76762300,1846489,153252.40730000,388090718.36371600
1750032000000,2025-06-16 00:00:00,2547.62000000,2680.34000000,2514.85000000,2544.17000000,680429.98800000,1750118399999,1774646762.47170600,3434185,348962.33010000,910684719.14748000
1750118400000,2025-06-17 00:00:00,2544.17000000,2618.60000000,2453.80000000,2509.95000000,715930.40810000,1750204799999,1815306987.09381600,4017130,359536.21040000,912037726.66547900
1750204800000,2025-06-18 00:00:00,2509.95000000,2548.42000000,2465.78000000,2525.00000000,504532.18180000,1750291199999,1266177014.47092600,3243812,250381.79510000,628614334.11337600
1750291200000,2025-06-19 00:00:00,2525.00000000,2546.91000000,2485.03000000,2521.12000000,252646.05900000,1750377599999,636251233.01039300,1667327,122131.81250000,307645921.48036200
1750377600000,2025-06-20 00:00:00,2521.13000000,2569.00000000,2367.36000000,2406.49000000,632027.82350000,1750463999999,1559837109.18270900,3175602,283785.50710000,700887886.03660000
1750464000000,2025-06-21 00:00:00,2406.49000000,2448.80000000,2216.00000000,2295.73000000,496783.86400000,1750550399999,1167664698.57864400,2825558,223536.01090000,525577801.09342200
1750550400000,2025-06-22 00:00:00,2295.72000000,2314.48000000,2111.89000000,2227.70000000,840155.82950000,1750636799999,1865382440.30302800,5203723,410219.46060000,910717903.71948000
1750636800000,2025-06-23 00:00:00,2227.70000000,2438.68000000,2188.00000000,2411.66000000,744583.80030000,1750723199999,1707539521.02711300,4477307,367124.34620000,842382247.36326600
1750723200000,2025-06-24 00:00:00,2411.66000000,2482.04000000,2376.11000000,2448.45000000,516760.66210000,1750809599999,1252322606.09484200,3133356,255502.68020000,619378004.30776700
1750809600000,2025-06-25 00:00:00,2448.46000000,2468.69000000,2389.69000000,2418.49000000,414894.73870000,1750895999999,1007574107.70643100,2776920,206517.99820000,501745009.71973900
1750896000000,2025-06-26 00:00:00,2418.50000000,2520.92000000,2394.32000000,2415.96000000,463704.02610000,1750982399999,1138310757.58406500,2978926,234924.02150000,577384294.65855800
1750982400000,2025-06-27 00:00:00,2415.96000000,2463.54000000,2382.53000000,2423.17000000,381474.76600000,1751068799999,927024811.54842000,2112477,163666.22800000,397737067.68862700
1751068800000,2025-06-28 00:00:00,2423.17000000,2447.80000000,2405.81000000,2435.62000000,155814.98590000,1751155199999,378310903.94894800,855656,75110.01350000,182401886.24414200
1751155200000,2025-06-29 00:00:00,2435.62000000,2525.00000000,2412.00000000,2500.09000000,284291.80570000,1751241599999,700329421.97683400,1370707,147274.80330000,363091989.66193300
1751241600000,2025-06-30 00:00:00,2500.09000000,2524.30000000,2431.00000000,2485.47000000,440455.71400000,1751327999999,1093515997.92479700,2333352,224857.10160000,558417620.21776300
1751328000000,2025-07-01 00:00:00,2485.47000000,2500.80000000,2386.52000000,2405.01000000,351951.08680000,1751414399999,858543228.33426400,1978858,158891.86220000,387699992.14510000
1751414400000,2025-07-02 00:00:00,2405.01000000,2619.28000000,2373.00000000,2570.41000000,634967.03370000,1751500799999,1599878809.25388700,2717139,323198.02060000,814743086.67437700
1751500800000,2025-07-03 00:00:00,2570.41000000,2635.50000000,2556.12000000,2591.25000000,504943.65920000,1751587199999,1308429372.97278500,2506227,261017.40600000,676592013.25971600
1751587200000,2025-07-04 00:00:00,2591.26000000,2603.17000000,2474.24000000,2508.04000000,452593.02000000,1751673599999,1142275937.96820200,1980591,198158.55510000,500628761.72932700
1751673600000,2025-07-05 00:00:00,2508.04000000,2529.81000000,2487.95000000,2516.41000000,157198.09580000,1751759999999,394906375.01776600,911950,79575.30020000,199902327.12592900
1751760000000,2025-07-06 00:00:00,2516.42000000,2605.00000000,2503.50000000,2570.35000000,277593.63190000,1751846399999,707971625.07080200,1375995,138516.85220000,353423928.29889400
1751846400000,2025-07-07 00:00:00,2570.35000000,2590.57000000,2512.00000000,2542.29000000,315707.52720000,1751932799999,805370144.47348500,1985043,155551.56780000,396828929.46014500
1751932800000,2025-07-08 00:00:00,2542.30000000,2628.21000000,2523.59000000,2615.25000000,370915.73210000,1752019199999,957180096.78372700,1899797,193484.74210000,499495444.93014900
1752019200000,2025-07-09 00:00:00,2615.25000000,2795.74000000,2589.78000000,2768.74000000,686119.37720000,1752105599999,1844561572.90659900,2997546,357355.99720000,961263657.53783400
1752105600000,2025-07-10 00:00:00,2768.74000000,3000.00000000,2755.50000000,2951.29000000,951896.07000000,1752191999999,2707997922.26563800,4235042,489489.59430000,1391543272.39458800
1752192000000,2025-07-11 00:00:00,2951.29000000,3040.15000000,2913.75000000,2958.22000000,906839.16890000,1752278399999,2704484897.47172300,4434934,446642.84720000,1332154807.31485500
1752278400000,2025-07-12 00:00:00,2958.21000000,2979.78000000,2903.85000000,2943.28000000,348884.88770000,1752364799999,1027324169.83148200,1690700,169290.30630000,498560502.19128400
1752364800000,2025-07-13 00:00:00,2943.29000000,3020.31000000,2936.49000000,2972.03000000,357333.50160000,1752451199999,1063507989.97740500,1778200,181359.79350000,539737375.12212000
1752451200000,2025-07-14 00:00:00,2972.03000000,3083.00000000,2962.81000000,3013.62000000,815552.64960000,1752537599999,2470137078.01798600,3706161,386886.22520000,1172067555.15050300
1752537600000,2025-07-15 00:00:00,3013.61000000,3144.14000000,2932.46000000,3137.89000000,863583.73770000,1752623999999,2610352115.95314900,4317422,452826.40110000,1369794578.66173300
1752624000000,2025-07-16 00:00:00,3137.90000000,3425.00000000,3101.00000000,3371.35000000,1135950.58310000,1752710399999,3699155067.26826700,4381562,586498.64290000,1907885299.31317400
1752710400000,2025-07-17 00:00:00,3371.35000000,3523.44000000,3310.77000000,3476.87000000,974065.82640000,1752796799999,3331779733.25500400,5025581,483988.56920000,1656122659.30288300
1752796800000,2025-07-18 00:00:00,3476.88000000,3673.84000000,3458.68000000,3546.92000000,1163823.39770000,1752883199999,4180688128.22182400,5566028,568849.47550000,2043472787.03476600
1752883200000,2025-07-19 00:00:00,3546.92000000,3608.30000000,3506.79000000,3592.01000000,381791.92130000,1752969599999,1360031951.33707600,2217328,178344.00760000,635470858.67964600
1752969600000,2025-07-20 00:00:00,3592.00000000,3824.56000000,3579.13000000,3756.69000000,852356.55330000,1753055999999,3170505338.40009500,3794627,443544.93130000,1649205513.37634200
1753056000000,2025-07-21 00:00:00,3756.69000000,3860.00000000,3701.01000000,3762.33000000,812074.05340000,1753142399999,3070256408.91971600,4156350,385711.49860000,1458766820.89545400
1753142400000,2025-07-22 00:00:00,3762.32000000,3798.65000000,3616.54000000,3746.21000000,870127.38640000,1753228799999,3216022611.72017900,4455526,418929.48080000,1548480285.71400700
1753228800000,2025-07-23 00:00:00,3746.21000000,3764.20000000,3527.00000000,3628.29000000,800259.40250000,1753315199999,2907900644.92029500,3761894,369083.35370000,1341700552.41642800
1753315200000,2025-07-24 00:00:00,3628.29000000,3771.00000000,3502.85000000,3706.94000000,749459.49500000,1753401599999,2743326751.98716900,3752613,372725.31770000,1364487144.84527900
1753401600000,2025-07-25 00:00:00,3706.95000000,3747.00000000,3573.76000000,3724.96000000,764606.72610000,1753487999999,2799663682.73190600,4083119,370298.00700000,1356082362.39636800
1753488000000,2025-07-26 00:00:00,3724.97000000,3793.00000000,3697.66000000,3741.10000000,407259.70240000,1753574399999,1525422085.06614500,1720495,204826.18170000,767464713.63339200
1753574400000,2025-07-27 00:00:00,3741.11000000,3879.82000000,3731.00000000,3872.10000000,457352.46050000,1753660799999,1744992440.58552800,2299384,230309.32170000,878880700.37882600
1753660800000,2025-07-28 00:00:00,3872.11000000,3941.00000000,3754.00000000,3799.00000000,620994.74630000,1753747199999,2387363538.13591300,3161770,304037.60740000,1169796792.11698100
1753747200000,2025-07-29 00:00:00,3799.00000000,3886.44000000,3716.04000000,3793.79000000,584210.43930000,1753833599999,2218694085.76780200,3121489,286292.45720000,1088086275.20196100
1753833600000,2025-07-30 00:00:00,3793.79000000,3834.03000000,3677.65000000,3810.00000000,525424.90030000,1753919999999,1984744001.48840900,3128399,248999.44820000,941064351.69585500
1753920000000,2025-07-31 00:00:00,3810.00000000,3878.67000000,3684.33000000,3698.39000000,516088.45030000,1754006399999,1961880275.40254700,2754480,245555.22930000,934297246.77798700
1754006400000,2025-08-01 00:00:00,3698.39000000,3724.02000000,3431.75000000,3488.20000000,783869.15170000,1754092799999,2826423714.23782200,5288678,361738.00530000,1304785660.60106200
1754092800000,2025-08-02 00:00:00,3488.21000000,3537.69000000,3368.29000000,3393.94000000,494195.70940000,1754179199999,1709705648.16293100,3703627,231776.95140000,802069751.33339800
1754179200000,2025-08-03 00:00:00,3393.94000000,3521.79000000,3354.28000000,3496.74000000,296347.67580000,1754265599999,1026636932.33361000,2428479,156807.23000000,543358817.94711300
1754265600000,2025-08-04 00:00:00,3496.75000000,3736.73000000,3490.73000000,3720.99000000,463349.98610000,1754351999999,1677819313.33299800,3316870,241318.70640000,873258522.31127600
1754352000000,2025-08-05 00:00:00,3720.99000000,3722.24000000,3546.00000000,3612.00000000,489070.95890000,1754438399999,1772309727.64044400,3721006,230213.28320000,834391670.47438700
1754438400000,2025-08-06 00:00:00,3612.01000000,3698.60000000,3564.19000000,3683.31000000,365309.92050000,1754524799999,1326203496.30214000,2912356,186459.27770000,677091112.59610900
1754524800000,2025-08-07 00:00:00,3683.31000000,3927.77000000,3647.63000000,3910.31000000,631678.98720000,1754611199999,2402252971.43174100,3495451,344602.94900000,1310682080.45414000
1754611200000,2025-08-08 00:00:00,3910.30000000,4071.00000000,3880.00000000,4009.50000000,723300.01090000,1754697599999,2868715363.88936900,4175115,389637.01660000,1545604109.31350800
1754697600000,2025-08-09 00:00:00,4009.51000000,4326.20000000,4006.63000000,4260.62000000,691932.10480000,1754783999999,2897074775.14015900,3932997,354396.80920000,1482946335.17285800
1754784000000,2025-08-10 00:00:00,4260.63000000,4332.60000000,4153.07000000,4250.57000000,494843.81050000,1754870399999,2091948332.58911400,3319102,235841.29630000,997589724.68665500
1754870400000,2025-08-11 00:00:00,4250.58000000,4366.46000000,4166.77000000,4223.22000000,722664.04000000,1754956799999,3089081112.55487400,5162548,360218.29540000,1540350244.42061200
1754956800000,2025-08-12 00:00:00,4223.22000000,4639.70000000,4219.04000000,4590.52000000,885288.06520000,1755043199999,3918279210.05392900,5104868,460721.25810000,2038703612.77851900
1755043200000,2025-08-13 00:00:00,4590.52000000,4783.85000000,4564.33000000,4749.30000000,925931.49880000,1755129599999,4334944436.91063500,5293034,476639.19460000,2232173733.89773400
1755129600000,2025-08-14 00:00:00,4749.31000000,4788.00000000,4451.33000000,4546.84000000,1265449.04530000,1755215999999,5853669749.16580800,6488264,610793.14930000,2824145240.89079600
1755216000000,2025-08-15 00:00:00,4546.84000000,4672.67000000,4368.00000000,4439.47000000,880409.25910000,1755302399999,3978902618.05877900,5091385,431967.53780000,1953497546.87203900
1755302400000,2025-08-16 00:00:00,4439.47000000,4490.42000000,4372.54000000,4421.99000000,358676.58840000,1755388799999,1587545552.64488400,2446573,172182.48140000,762345533.80651400
1755388800000,2025-08-17 00:00:00,4422.00000000,4576.00000000,4393.98000000,4472.33000000,442461.38290000,1755475199999,1990037593.51367000,2844829,216791.68460000,975401417.63345400
1755475200000,2025-08-18 00:00:00,4472.34000000,4481.88000000,4225.86000000,4312.99000000,823188.12690000,1755561599999,3561988639.06488000,4938429,406762.54810000,1759665776.66057900
1755561600000,2025-08-19 00:00:00,4312.99000000,4355.00000000,4067.34000000,4075.59000000,831222.79510000,1755647999999,3499853674.63769500,4828050,398237.73890000,1679727808.42840300
1755648000000,2025-08-20 00:00:00,4075.58000000,4378.00000000,4060.00000000,4336.16000000,728324.89330000,1755734399999,3077553918.18234000,4768196,377599.43360000,1596144868.67702200
1755734400000,2025-08-21 00:00:00,4336.16000000,4340.26000000,4204.20000000,4225.30000000,433836.39920000,1755820799999,1854414176.52944700,4202357,215637.33520000,922109670.92633600
1755820800000,2025-08-22 00:00:00,4225.30000000,4887.59000000,4207.39000000,4832.07000000,1277976.63526000,1755907199999,5850514269.29654200,6440351,685989.38976000,3139499789.41466900
1755907200000,2025-08-23 00:00:00,4832.07000000,4832.07000000,4659.70000000,4778.40000000,512442.08880000,1755993599999,2428561923.41783700,3011610,247002.37200000,1170650191.93899900
1755993600000,2025-08-24 00:00:00,4778.40000000,4956.78000000,4711.00000000,4780.15000000,780668.77842000,1756079999999,3755014998.44670220,4316811,393654.81102000,1894436117.27078820
1756080000000,2025-08-25 00:00:00,4780.15000000,4797.97000000,4334.13000000,4376.18000000,1043917.16590000,1756166399999,4769033242.72804400,6296796,466034.81590000,2129931225.53078700
1756166400000,2025-08-26 00:00:00,4376.17000000,4633.46000000,4311.04000000,4600.63000000,834750.27670000,1756252799999,3739773474.02150600,5640502,401376.30870000,1798486042.55364600
1756252800000,2025-08-27 00:00:00,4600.63000000,4663.93000000,4481.53000000,4506.71000000,606669.36110000,1756339199999,2784659238.30170100,3920404,307736.90980000,1412983486.96609100
1756339200000,2025-08-28 00:00:00,4506.71000000,4633.97000000,4430.00000000,4511.21000000,485243.40270000,1756425599999,2202472276.64976000,3236156,230509.09270000,1046782923.35748600
1756425600000,2025-08-29 00:00:00,4511.20000000,4516.75000000,4265.00000000,4360.18000000,679063.87770000,1756511999999,2969120530.27437700,4406428,324223.36290000,1417503064.20564000
1756512000000,2025-08-30 00:00:00,4360.18000000,4415.61000000,4257.20000000,4373.70000000,340319.18260000,1756598399999,1483613909.74936700,2086140,180789.98800000,788720330.98407400
1756598400000,2025-08-31 00:00:00,4373.70000000,4498.47000000,4372.63000000,4391.83000000,356586.18610000,1756684799999,1588952837.43226100,2221987,183775.31640000,819127243.58221000
1756684800000,2025-09-01 00:00:00,4391.83000000,4491.84000000,4210.61000000,4314.50000000,513830.03950000,1756771199999,2244610986.86617000,4011776,246147.26540000,1075592499.53480800
1756771200000,2025-09-02 00:00:00,4314.50000000,4416.78000000,4257.85000000,4326.50000000,524605.05120000,1756857599999,2275752549.70453100,4161006,262315.12980000,1138093049.51054500
1756857600000,2025-09-03 00:00:00,4326.49000000,4490.64000000,4283.23000000,4450.46000000,487091.68610000,1756943999999,2146232316.54618200,3491341,260805.13180000,1150952058.93142000
1756944000000,2025-09-04 00:00:00,4450.46000000,4482.05000000,4265.33000000,4297.55000000,471795.70960000,1757030399999,2061920365.30679200,4087637,223178.84790000,975391239.95549400
1757030400000,2025-09-05 00:00:00,4297.56000000,4490.00000000,4256.03000000,4307.45000000,624169.87540000,1757116799999,2722930703.94995800,4751518,312428.23520000,1364013868.12025600
1757116800000,2025-09-06 00:00:00,4307.46000000,4329.30000000,4236.00000000,4273.14000000,191166.06860000,1757203199999,819243725.21230000,1711937,90318.68330000,387096202.23554800
1757203200000,2025-09-07 00:00:00,4273.15000000,4336.02000000,4270.81000000,4306.19000000,169620.83720000,1757289599999,729149678.76054200,1450115,88389.91040000,379994466.14712400
1757289600000,2025-09-08 00:00:00,4306.19000000,4384.06000000,4279.00000000,4306.37000000,372882.43550000,1757375999999,1611402674.92485900,2889398,185577.50780000,801973160.93579000
1757376000000,2025-09-09 00:00:00,4306.36000000,4381.87000000,4276.76000000,4310.09000000,405485.78210000,1757462399999,1751903233.45533400,3068397,197329.24000000,852710674.59124100
1757462400000,2025-09-10 00:00:00,4310.08000000,4453.57000000,4285.10000000,4349.32000000,506633.90980000,1757548799999,2207912091.68550800,3221192,275693.69070000,1201067542.57710800
1757548800000,2025-09-11 00:00:00,4349.33000000,4481.09000000,4338.82000000,4458.82000000,441259.66490000,1757635199999,1949893256.33512800,3446340,233524.38820000,1032162722.67410200
1757635200000,2025-09-12 00:00:00,4458.83000000,4748.40000000,4450.71000000,4712.16000000,510777.54020000,1757721599999,2337299050.09869100,3859691,260127.44640000,1190623320.12000300
1757721600000,2025-09-13 00:00:00,4712.16000000,4769.36000000,4605.00000000,4666.53000000,394393.68690000,1757807999999,1850836179.98348300,2711137,194348.83880000,912698240.49633600
1757808000000,2025-09-14 00:00:00,4666.54000000,4692.36000000,4576.89000000,4604.49000000,278244.32050000,1757894399999,1287527692.94641300,2561665,119825.80780000,554538161.06943200
1757894400000,2025-09-15 00:00:00,4604.48000000,4670.28000000,4466.00000000,4523.74000000,412291.96870000,1757980799999,1874781946.01509900,3889905,203592.76640000,925893860.09543000
1757980800000,2025-09-16 00:00:00,4523.74000000,4538.25000000,4424.00000000,4501.29000000,293307.10990000,1758067199999,1315498731.65000400,2967454,149843.52550000,671943724.59703600
1758067200000,2025-09-17 00:00:00,4501.30000000,4616.77000000,4412.00000000,4590.53000000,476981.45610000,1758153599999,2149457762.91381600,3859374,239986.82670000,1081954417.39073700
1758153600000,2025-09-18 00:00:00,4590.54000000,4644.47000000,4553.70000000,4587.66000000,290660.37700000,1758239999999,1336761563.70499600,2922079,146325.17890000,673188179.99693500
1758240000000,2025-09-19 00:00:00,4587.66000000,4620.72000000,4435.70000000,4468.59000000,331611.14820000,1758326399999,1495953132.09977300,2302227,143873.06950000,649024828.89489300
1758326400000,2025-09-20 00:00:00,4468.59000000,4508.71000000,4454.45000000,4480.42000000,130781.91300000,1758412799999,585813348.77492400,1094083,65379.03970000,292888970.60094300
1758412800000,2025-09-21 00:00:00,4480.41000000,4498.16000000,4443.00000000,4444.97000000,149349.82620000,1758499199999,668077573.11298600,1098813,74558.80410000,333524523.78404600
1758499200000,2025-09-22 00:00:00,4444.98000000,4455.76000000,4077.00000000,4199.08000000,708243.23480000,1758585599999,2991392446.13075600,4143966,343579.01760000,1450404524.23435500
1758585600000,2025-09-23 00:00:00,4199.09000000,4229.03000000,4114.39000000,4164.26000000,315227.90570000,1758671999999,1318382529.12791200,3449275,157024.33390000,656858840.05195700
1758672000000,2025-09-24 00:00:00,4164.25000000,4206.90000000,4073.74000000,4152.81000000,353665.56710000,1758758399999,1472276097.66792100,3119658,166727.33670000,694041084.40574500
1758758400000,2025-09-25 00:00:00,4152.81000000,4161.04000000,3815.00000000,3874.36000000,930327.69510000,1758844799999,3702962412.91711400,7611345,441393.55430000,1756048962.79527500
1758844800000,2025-09-26 00:00:00,3874.35000000,4068.30000000,3867.65000000,4032.24000000,575711.08590000,1758931199999,2275867014.04683600,5466636,307750.34570000,1216442944.06247000
1758931200000,2025-09-27 00:00:00,4032.24000000,4039.01000000,3972.98000000,4018.38000000,172693.26380000,1759017599999,692281857.20758200,1940113,79817.40350000,320025622.51354700
1759017600000,2025-09-28 00:00:00,4018.39000000,4144.88000000,3966.00000000,4142.16000000,240331.85890000,1759103999999,972239151.62757900,2500609,140010.73230000,566880552.49907500
1759104000000,2025-09-29 00:00:00,4142.16000000,4235.86000000,4082.25000000,4215.07000000,380728.67840000,1759190399999,1580732256.80118700,3612246,199061.71470000,826365235.84284700
1759190400000,2025-09-30 00:00:00,4215.07000000,4245.00000000,4092.10000000,4145.15000000,391126.61720000,1759276799999,1625808124.64346200,4118784,181458.99580000,754666917.72757400
1759276800000,2025-10-01 00:00:00,4145.15000000,4355.46000000,4123.08000000,4348.03000000,507026.38220000,1759363199999,2165739972.37104500,4138481,247673.98910000,1059254829.12700800
1759363200000,2025-10-02 00:00:00,4348.03000000,4516.74000000,4332.73000000,4484.35000000,526411.15710000,1759449599999,2322911121.29364600,4441183,270113.99700000,1192562119.64942100
1759449600000,2025-10-03 00:00:00,4484.35000000,4591.59000000,4428.00000000,4512.87000000,485684.02670000,1759535999999,2184423024.58254500,5149648,234630.14990000,1055644644.39433500
1759536000000,2025-10-04 00:00:00,4512.88000000,4517.93000000,4440.00000000,4487.15000000,199732.70880000,1759622399999,895195711.88107900,2252261,90161.81790000,404217765.19663300
1759622400000,2025-10-05 00:00:00,4487.16000000,4618.17000000,4467.05000000,4514.32000000,506587.96140000,1759708799999,2305062852.19154900,3791095,265246.90610000,1206877173.08105500
1759708800000,2025-10-06 00:00:00,4514.32000000,4735.93000000,4488.25000000,4684.01000000,456200.65280000,1759795199999,2107882753.61472900,4677655,235462.94880000,1087700705.07508600
1759795200000,2025-10-07 00:00:00,4684.02000000,4755.00000000,4430.43000000,4447.70000000,640685.93190000,1759881599999,2946435862.40083800,6028668,308407.60860000,1419710155.47706900
1759881600000,2025-10-08 00:00:00,4447.70000000,4558.00000000,4410.08000000,4525.72000000,399904.32870000,1759967999999,1791815622.63574500,4771608,205585.76950000,921332896.43583500
1759968000000,2025-10-09 00:00:00,4525.72000000,4531.52000000,4265.06000000,4368.09000000,515978.18290000,1760054399999,2257574038.66859000,5181361,242773.63840000,1060847514.33513800
1760054400000,2025-10-10 00:00:00,4368.09000000,4393.63000000,3435.00000000,3829.72000000,1493971.02440000,1760140799999,5954598988.69031500,12594514,680600.68970000,2723566227.17254300
1760140800000,2025-10-11 00:00:00,3829.72000000,3878.30000000,3643.33000000,3746.79000000,789885.65820000,1760227199999,2994511140.40929900,8794145,362107.59010000,1373206442.87708000
1760227200000,2025-10-12 00:00:00,3746.80000000,4197.70000000,3694.74000000,4152.29000000,811308.15200000,1760313599999,3213401552.27495600,8286691,406500.54870000,1607458765.92029500
1760313600000,2025-10-13 00:00:00,4152.29000000,4292.00000000,4042.29000000,4240.85000000,622813.92470000,1760399999999,2590697041.47960500,8321249,302948.00940000,1261092410.08250900
1760400000000,2025-10-14 00:00:00,4240.86000000,4263.38000000,3888.74000000,4125.02000000,962996.76580000,1760486399999,3894019260.94604300,10714712,500346.68170000,2021620281.20795500
1760486400000,2025-10-15 00:00:00,4125.01000000,4217.60000000,3926.74000000,3985.61000000,626081.69660000,1760572799999,2543782117.97325700,7421801,313175.53890000,1273392874.00212100
1760572800000,2025-10-16 00:00:00,3985.61000000,4086.49000000,3826.04000000,3894.51000000,643804.61630000,1760659199999,2552218455.01881900,8451902,319663.42660000,1268557283.41115900
1760659200000,2025-10-17 00:00:00,3894.50000000,3950.45000000,3674.50000000,3831.57000000,830127.08850000,1760745599999,3147006926.52111000,9412569,421727.04450000,1597875952.21762300
1760745600000,2025-10-18 00:00:00,3831.58000000,3927.73000000,3819.07000000,3889.21000000,250710.61210000,1760831999999,971616631.64294300,3174247,123527.72800000,478841122.02979000
1760832000000,2025-10-19 00:00:00,3889.20000000,4030.94000000,3827.04000000,3982.58000000,408538.25450000,1760918399999,1609546719.15419900,4377250,210770.82900000,830019862.21592500
1760918400000,2025-10-20 00:00:00,3982.58000000,4085.30000000,3908.73000000,3979.22000000,511382.33010000,1761004799999,2049366257.29489900,5803391,237126.18510000,950802301.27770800
1761004800000,2025-10-21 00:00:00,3979.22000000,4110.00000000,3840.24000000,3873.05000000,590594.13820000,1761091199999,2335723187.67724700,7015049,279785.50530000,1107257090.99576300
1761091200000,2025-10-22 00:00:00,3873.04000000,3889.27000000,3710.00000000,3805.53000000,593130.09050000,1761177599999,2268706650.10990400,6834244,263582.81730000,1008334927.99178000
1761177600000,2025-10-23 00:00:00,3805.53000000,3934.86000000,3796.54000000,3856.80000000,477231.01810000,1761263999999,1842438997.00686600,4206428,210507.97390000,813180072.00693300
1761264000000,2025-10-24 00:00:00,3856.80000000,4026.39000000,3845.86000000,3934.88000000,425926.93830000,1761350399999,1676037250.10021400,4291705,217754.83750000,857155216.56115900
1761350400000,2025-10-25 00:00:00,3934.88000000,3969.22000000,3912.40000000,3953.82000000,138526.33380000,1761436799999,545722019.67597500,1476147,67667.27930000,266617187.89066100
1761436800000,2025-10-26 00:00:00,3953.81000000,4178.78000000,3919.03000000,4158.46000000,344698.09180000,1761523199999,1396836816.69346500,3249487,173720.18560000,703491084.26207500
1761523200000,2025-10-27 00:00:00,4158.46000000,4253.72000000,4095.00000000,4120.15000000,487131.22910000,1761609599999,2035684992.60360700,5081784,248999.97290000,1040497593.80026500
1761609600000,2025-10-28 00:00:00,4120.16000000,4175.55000000,3931.33000000,3979.20000000,472965.83770000,1761695999999,1926589295.49168200,5061999,222962.15790000,908763052.71704800
1761696000000,2025-10-29 00:00:00,3979.19000000,4036.66000000,3840.37000000,3902.99000000,486452.31270000,1761782399999,1925328091.83401800,5571627,230694.78000000,913403769.32460800
1761782400000,2025-10-30 00:00:00,3903.00000000,3948.74000000,3680.00000000,3805.09000000,531455.99230000,1761868799999,2028708564.22221200,6906431,253157.68280000,966915641.09658000
1761868800000,2025-10-31 00:00:00,3804.95000000,3906.09000000,3796.36000000,3847.99000000,478636.29950000,1761955199999,1843471240.95085800,5000695,263997.83610000,1017255899.85976600
1761955200000,2025-11-01 00:00:00,3848.00000000,3909.39000000,3831.00000000,3873.77000000,152998.16260000,1762041599999,592459458.76156700,1840903,75638.86120000,292912520.17027500
1762041600000,2025-11-02 00:00:00,3873.78000000,3918.23000000,3839.12000000,3906.58000000,216083.15420000,1762127999999,837354910.68862800,2433160,115417.92050000,447423699.37343100
1762128000000,2025-11-03 00:00:00,3906.58000000,3914.29000000,3558.82000000,3603.83000000,877187.38520000,1762214399999,3238285047.50950600,7464333,396065.94480000,1462435750.93542700
1762214400000,2025-11-04 00:00:00,3603.84000000,3654.54000000,3057.00000000,3287.05000000,1568004.23790000,1762300799999,5314450723.76383100,10283812,730780.38230000,2476934144.73121800
1762300800000,2025-11-05 00:00:00,3287.05000000,3480.46000000,3166.66000000,3424.29000000,809591.51320000,1762387199999,2699190339.15263200,6935719,421218.89650000,1403027181.85986700
1762387200000,2025-11-06 00:00:00,3424.29000000,3456.46000000,3245.45000000,3315.14000000,566363.70030000,1762473599999,1896818057.20779100,6422367,278569.85690000,932497460.95717100
1762473600000,2025-11-07 00:00:00,3315.14000000,3473.00000000,3194.20000000,3436.05000000,683417.38540000,1762559999999,2269770217.23642700,7139239,352056.04590000,1169901356.91312100
1762560000000,2025-11-08 00:00:00,3436.04000000,3488.00000000,3355.58000000,3401.51000000,291532.28810000,1762646399999,997076516.09053000,3661341,144818.02070000,495545476.05733300
1762646400000,2025-11-09 00:00:00,3401.51000000,3623.25000000,3358.66000000,3583.46000000,464098.05200000,1762732799999,1616068059.82672000,4471232,255287.61130000,888865168.92693400
1762732800000,2025-11-10 00:00:00,3583.46000000,3658.98000000,3507.30000000,3567.85000000,595273.02980000,1762819199999,2130222587.62469400,5374965,288985.11780000,1035700899.57476100
1762819200000,2025-11-11 00:00:00,3567.85000000,3648.27000000,3405.24000000,3417.76000000,660283.27470000,1762905599999,2334219569.45880300,6239855,279975.27240000,988115425.79808700
1762905600000,2025-11-12 00:00:00,3417.76000000,3588.19000000,3371.65000000,3414.92000000,553101.93680000,1762991999999,1913040553.62282000,5915987,269502.14320000,932258100.37395800
1762992000000,2025-11-13 00:00:00,3414.91000000,3565.84000000,3154.22000000,3231.54000000,951989.13470000,1763078399999,3206643011.07722700,8109562,479288.71970000,1611512971.44622700
1763078400000,2025-11-14 00:00:00,3231.55000000,3256.71000000,3070.00000000,3112.40000000,890446.14910000,1763164799999,2825408309.92582500,9563602,444168.02280000,1410419310.96209600
1763164800000,2025-11-15 00:00:00,3112.40000000,3230.00000000,3110.68000000,3167.88000000,338463.47820000,1763251199999,1076796729.10253600,3329279,178961.82230000,569908112.71718600
1763251200000,2025-11-16 00:00:00,3167.87000000,3249.00000000,3004.00000000,3095.29000000,570633.58090000,1763337599999,1779987722.71109300,5709385,287844.83460000,899323831.84191700
1763337600000,2025-11-17 00:00:00,3095.29000000,3223.38000000,2959.46000000,3031.44000000,762500.42890000,1763423999999,2363337280.76593900,7450569,387414.74250000,1201427058.00221300
1763424000000,2025-11-18 00:00:00,3031.44000000,3169.95000000,2946.56000000,3123.66000000,766640.10580000,1763510399999,2340587460.79804400,7615241,403280.78860000,1232613020.73624700
1763510400000,2025-11-19 00:00:00,3123.65000000,3125.54000000,2873.64000000,3025.48000000,737926.71460000,1763596799999,2216678695.22302100,7164222,360036.54590000,1081978073.16299900
1763596800000,2025-11-20 00:00:00,3025.48000000,3063.61000000,2790.01000000,2834.22000000,912524.37180000,1763683199999,2661800409.34073800,7127439,428888.87250000,1252889590.16988300
1763683200000,2025-11-21 00:00:00,2834.21000000,2886.73000000,2623.57000000,2765.85000000,1180475.40850000,1763769599999,3236847819.47923000,10064748,547922.10990000,1502813541.49519300
1763769600000,2025-11-22 00:00:00,2765.86000000,2799.01000000,2704.33000000,2770.12000000,264691.30890000,1763855999999,726992504.44569300,3610746,130783.38580000,359293974.59302700
1763856000000,2025-11-23 00:00:00,2770.12000000,2858.16000000,2768.29000000,2802.16000000,409808.57340000,1763942399999,1154902366.81610500,3902263,206241.27950000,581290867.28626200
1763942400000,2025-11-24 00:00:00,2802.16000000,2987.00000000,2763.00000000,2953.38000000,715279.75510000,1764028799999,2052356496.55259500,5727108,341887.11620000,979551492.84939200
1764028800000,2025-11-25 00:00:00,2953.38000000,2980.82000000,2857.32000000,2959.36000000,427686.45280000,1764115199999,1246454120.37033200,4418266,202476.62980000,590249449.81336900
1764115200000,2025-11-26 00:00:00,2959.36000000,3045.00000000,2888.69000000,3026.56000000,364535.32600000,1764201599999,1079536972.45960700,3911013,171996.02410000,509726234.87035600
1764201600000,2025-11-27 00:00:00,3026.56000000,3071.37000000,2985.78000000,3015.23000000,274980.39550000,1764287999999,831942752.09970900,2917476,127744.67000000,386552391.78453500
1764288000000,2025-11-28 00:00:00,3015.23000000,3099.00000000,2994.36000000,3031.15000000,346616.02750000,1764374399999,1053857760.71480900,3662478,172614.61760000,525060095.64153500
1764374400000,2025-11-29 00:00:00,3031.14000000,3052.64000000,2961.91000000,2989.16000000,217904.13030000,1764460799999,654348734.59972600,1930588,93034.01640000,279413777.60487700
1764460800000,2025-11-30 00:00:00,2989.17000000,3053.02000000,2975.30000000,2991.26000000,182722.42530000,1764547199999,551904047.43264500,1896781,87143.65790000,263255693.67659000
1764547200000,2025-12-01 00:00:00,2991.25000000,2999.47000000,2716.04000000,2799.07000000,849002.99090000,1764633599999,2386884973.98284600,7108249,383330.50810000,1076737868.24577100
1764633600000,2025-12-02 00:00:00,2799.07000000,3033.76000000,2782.19000000,2996.07000000,523707.35860000,1764719999999,1528447401.32484600,5821936,263958.35760000,770318630.30767800
1764720000000,2025-12-03 00:00:00,2996.07000000,3214.99000000,2985.58000000,3188.36000000,553669.81460000,1764806399999,1713587615.13256400,6210489,280795.74290000,869390296.03202300
1764806400000,2025-12-04 00:00:00,3188.39000000,3240.35000000,3066.37000000,3133.26000000,486698.39870000,1764892799999,1543790061.95239200,6357509,238177.98120000,755733360.54993800
1764892800000,2025-12-05 00:00:00,3133.26000000,3193.33000000,2983.08000000,3021.78000000,530382.89860000,1764979199999,1639255389.98776900,6012408,259028.75780000,799899847.55701600
1764979200000,2025-12-06 00:00:00,3021.77000000,3069.00000000,3012.58000000,3038.06000000,159721.24880000,1765065599999,485368537.24003100,2244070,75279.08030000,228817367.45928400
1765065600000,2025-12-07 00:00:00,3038.06000000,3150.00000000,2907.52000000,3059.85000000,391129.67500000,1765151999999,1186332501.65101000,4277667,186555.63980000,565678531.95939500
1765152000000,2025-12-08 00:00:00,3059.86000000,3180.51000000,3040.87000000,3124.16000000,452820.22070000,1765238399999,1415589445.03909500,6327207,224225.64960000,701178219.81979500
1765238400000,2025-12-09 00:00:00,3124.16000000,3397.85000000,3090.80000000,3318.04000000,603859.94580000,1765324799999,1962292840.76768700,6993282,280409.75900000,911911294.83715500
1765324800000,2025-12-10 00:00:00,3318.04000000,3447.44000000,3288.10000000,3324.14000000,539585.45350000,1765411199999,1810738811.73561600,7155428,265501.84580000,891358758.83300900
1765411200000,2025-12-11 00:00:00,3324.14000000,3327.37000000,3145.28000000,3237.39000000,504114.23910000,1765497599999,1619734578.21387100,7267153,239375.54430000,768839628.95644400
1765497600000,2025-12-12 00:00:00,3237.38000000,3265.50000000,3045.31000000,3084.86000000,435686.44350000,1765583999999,1371414759.85773400,5948483,204665.14710000,643771575.25428400
1765584000000,2025-12-13 00:00:00,3084.86000000,3135.68000000,3078.60000000,3114.64000000,136465.75670000,1765670399999,423920604.03812200,1855254,66698.63270000,207214417.64237500
1765670400000,2025-12-14 00:00:00,3114.64000000,3129.54000000,3024.44000000,3063.50000000,279058.35450000,1765756799999,862072488.53001400,3511048,122884.56610000,379597137.01443500
1765756800000,2025-12-15 00:00:00,3063.49000000,3177.50000000,2894.57000000,2964.85000000,520509.95550000,1765843199999,1579982448.23956300,7417115,260217.03310000,790063852.03111900
1765843200000,2025-12-16 00:00:00,2964.85000000,2981.87000000,2876.00000000,2962.30000000,378293.11590000,1765929599999,1111582164.80433200,6669623,177353.99480000,521322317.10360100
1765929600000,2025-12-17 00:00:00,2962.30000000,3030.92000000,2791.02000000,2833.49000000,497630.41620000,1766015999999,1446107029.74967600,6532843,241806.43380000,702713292.87542100
1766016000000,2025-12-18 00:00:00,2833.50000000,2997.40000000,2775.19000000,2828.57000000,595253.79970000,1766102399999,1712688363.64049000,7801439,297647.54560000,856465294.37728900
1766102400000,2025-12-19 00:00:00,2828.56000000,3020.00000000,2808.63000000,2979.50000000,531702.54390000,1766188799999,1565878519.31718000,6948512,265654.99200000,782773695.89257600
1766188800000,2025-12-20 00:00:00,2979.49000000,2994.41000000,2964.17000000,2977.93000000,91783.77340000,1766275199999,273573678.21258100,1350111,40641.51920000,121155599.00852900
1766275200000,2025-12-21 00:00:00,2977.93000000,3013.40000000,2944.00000000,3002.02000000,162244.80670000,1766361599999,483780019.52750500,2474808,78868.28790000,235186765.37217600
1766361600000,2025-12-22 00:00:00,3002.03000000,3077.39000000,2963.43000000,3009.49000000,298443.56330000,1766447999999,903056984.46616100,5452069,142983.36890000,432713971.59936400
1766448000000,2025-12-23 00:00:00,3009.48000000,3035.79000000,2900.93000000,2965.02000000,386465.74700000,1766534399999,1143899253.06253200,4824322,206394.45950000,610982176.71415100
1766534400000,2025-12-24 00:00:00,2965.03000000,2978.15000000,2888.70000000,2947.47000000,197035.55980000,1766620799999,578209287.85826600,3194683,101402.54290000,297704426.14427100
1766620800000,2025-12-25 00:00:00,2947.48000000,2971.46000000,2891.20000000,2903.95000000,188721.29810000,1766707199999,554690625.49277900,2183611,85987.39200000,252678463.92910700
1766707200000,2025-12-26 00:00:00,2903.90000000,2994.38000000,2894.26000000,2927.99000000,314830.99890000,1766793599999,928357784.21783200,4062164,159371.29950000,469784292.69820000
1766793600000,2025-12-27 00:00:00,2928.00000000,2960.89000000,2917.13000000,2949.05000000,95040.39560000,1766879999999,278706096.33451800,1004396,43285.97130000,126936744.90557300
1766880000000,2025-12-28 00:00:00,2949.05000000,2961.23000000,2924.54000000,2950.91000000,128834.13900000,1766966399999,379078145.43257800,1484510,65373.99150000,192352556.01868600
1766966400000,2025-12-29 00:00:00,2950.91000000,3057.78000000,2910.25000000,2937.90000000,485959.18240000,1767052799999,1447180217.93353900,5162535,233555.15830000,694845447.76188500
1767052800000,2025-12-30 00:00:00,2937.91000000,3009.80000000,2919.44000000,2973.69000000,286583.28790000,1767139199999,851498558.48960800,3959890,146128.23480000,434231190.13607200
1767139200000,2025-12-31 00:00:00,2973.69000000,3028.08000000,2958.91000000,2971.64000000,233729.58870000,1767225599999,697600045.70021200,2935432,116217.52630000,346891301.18093300
1767225600000,2026-01-01 00:00:00,2971.65000000,3010.00000000,2971.15000000,3004.19000000,136088.52070000,1767311999999,406547667.09815400,1338212,66477.08600000,198558579.19466800
1767312000000,2026-01-02 00:00:00,3004.19000000,3150.01000000,2992.49000000,3125.45000000,369891.24490000,1767398399999,1137619077.20473900,5276480,195057.03910000,599510476.37196800
1767398400000,2026-01-03 00:00:00,3125.46000000,3136.71000000,3076.00000000,3127.11000000,134405.22580000,1767484799999,417746796.51213700,1823251,66789.80670000,207586674.46487200
1767484800000,2026-01-04 00:00:00,3127.11000000,3167.22000000,3118.75000000,3144.70000000,181576.06860000,1767571199999,570517585.64855400,2261499,94783.86980000,297836974.89267700
1767571200000,2026-01-05 00:00:00,3144.71000000,3265.66000000,3135.02000000,3224.99000000,382446.66180000,1767657599999,1219648843.48148700,5401982,188956.43360000,602755810.62079900
1767657600000,2026-01-06 00:00:00,3224.99000000,3308.86000000,3183.27000000,3296.84000000,412503.50660000,1767743999999,1340863819.95425500,5310071,204316.79950000,664312441.65116900
1767744000000,2026-01-07 00:00:00,3296.83000000,3296.84000000,3125.42000000,3168.72000000,321350.12250000,1767830399999,1027448724.68783900,4839276,154644.91840000,494179925.68990700
1767830400000,2026-01-08 00:00:00,3168.72000000,3184.39000000,3054.65000000,3106.65000000,343616.10050000,1767916799999,1069846020.04270300,4982423,167834.93660000,522450484.02997000
1767916800000,2026-01-09 00:00:00,3106.66000000,3148.41000000,3058.69000000,3088.40000000,274587.45330000,1768003199999,851846982.92555300,4182570,137269.67140000,426011198.68438000
1768003200000,2026-01-10 00:00:00,3088.40000000,3104.12000000,3077.99000000,3086.72000000,82341.05460000,1768089599999,254495724.00264300,881069,44689.16280000,138130908.82504900
1768089600000,2026-01-11 00:00:00,3086.72000000,3147.27000000,3084.46000000,3123.45000000,149381.29650000,1768175999999,465227647.58300200,1522502,77521.21910000,241470651.78317300
1768176000000,2026-01-12 00:00:00,3123.46000000,3171.49000000,3065.55000000,3095.75000000,297373.46810000,1768262399999,928024542.29600100,4303605,145169.94890000,453140052.75455700
1768262400000,2026-01-13 00:00:00,3095.75000000,3367.79000000,3091.96000000,3325.82000000,457782.28160000,1768348799999,1470983302.12487700,4876916,239733.94480000,769970312.59228600
1768348800000,2026-01-14 00:00:00,3325.83000000,3402.89000000,3280.48000000,3354.92000000,503440.07590000,1768435199999,1682648500.33979800,5351410,242601.21110000,811091133.79328900
1768435200000,2026-01-15 00:00:00,3354.92000000,3384.19000000,3273.72000000,3318.69000000,389993.83600000,1768521599999,1296628250.56622000,4766390,182106.08110000,605761505.41646900
1768521600000,2026-01-16 00:00:00,3318.70000000,3326.79000000,3253.01000000,3296.28000000,223921.78760000,1768607999999,737278508.74983300,3528248,109159.16150000,359334304.75793800
1768608000000,2026-01-17 00:00:00,3296.28000000,3330.26000000,3283.96000000,3310.56000000,124325.03030000,1768694399999,411508868.39151000,1229614,68643.58520000,227299910.45493700
1768694400000,2026-01-18 00:00:00,3310.56000000,3368.82000000,3278.86000000,3284.03000000,173354.30260000,1768780799999,576301516.53025600,2227452,93056.79920000,309424972.08158800
1768780800000,2026-01-19 00:00:00,3284.04000000,3284.58000000,3165.38000000,3189.55000000,442540.55960000,1768867199999,1421588263.89826100,4406164,225707.67390000,725130247.58456800
1768867200000,2026-01-20 00:00:00,3189.56000000,3200.50000000,2920.00000000,2939.88000000,518166.47870000,1768953599999,1586973026.80606000,7228638,251605.13020000,770975910.79319300
1768953600000,2026-01-21 00:00:00,2939.88000000,3069.07000000,2866.11000000,2982.27000000,577800.24810000,1769039999999,1712903183.81205300,8064316,296961.80700000,880621251.79068900
1769040000000,2026-01-22 00:00:00,2982.28000000,3038.33000000,2906.02000000,2952.69000000,291660.73490000,1769126399999,867206892.23913800,4696521,144410.79470000,429371629.05031700
1769126400000,2026-01-23 00:00:00,2952.70000000,3019.26000000,2892.40000000,2956.41000000,318415.33170000,1769212799999,939757975.66951500,5479038,159251.25290000,470264718.66918400
1769212800000,2026-01-24 00:00:00,2956.41000000,2970.41000000,2943.84000000,2953.22000000,92082.90390000,1769299199999,272517275.86042600,1185149,41483.21070000,122751060.75811900
1769299200000,2026-01-25 00:00:00,2953.23000000,2960.29000000,2787.00000000,2816.89000000,380186.53260000,1769385599999,1088137895.95277100,4637787,165133.77170000,473021399.88106500
1769385600000,2026-01-26 00:00:00,2816.90000000,2951.21000000,2812.37000000,2930.35000000,485169.33720000,1769471999999,1405058143.57859500,5933570,239396.14480000,693731253.12419400
1769472000000,2026-01-27 00:00:00,2930.35000000,3035.08000000,2899.77000000,3026.77000000,478792.39880000,1769558399999,1416537368.43336100,5278439,229630.17280000,679191460.93659200
1769558400000,2026-01-28 00:00:00,3026.77000000,3045.78000000,2983.67000000,3010.78000000,296607.65490000,1769644799999,894057677.74036500,5061029,154557.60640000,465946305.94887000
1769644800000,2026-01-29 00:00:00,3010.78000000,3013.50000000,2754.53000000,2822.59000000,561288.59790000,1769731199999,1601894306.03981300,6779608,270939.81710000,772718271.37995800
1769731200000,2026-01-30 00:00:00,2822.60000000,2828.65000000,2636.01000000,2707.38000000,793279.62520000,1769817599999,2161851949.08838500,10661631,388766.16300000,1059467300.87525100
1769817600000,2026-01-31 00:00:00,2707.37000000,2714.64000000,2250.00000000,2451.95000000,1113097.71320000,1769903999999,2759353621.32131200,9305297,520430.20550000,1291798679.95266900
1769904000000,2026-02-01 00:00:00,2451.96000000,2475.98000000,2222.00000000,2270.15000000,1026573.94660000,1769990399999,2412828498.62774500,11038637,455879.64490000,1069127421.80474900
1769990400000,2026-02-02 00:00:00,2270.16000000,2396.62000000,2157.14000000,2347.02000000,1248535.21140000,1770076799999,2842177286.24149000,11149156,614416.94200000,1398079659.35376800
1770076800000,2026-02-03 00:00:00,2347.01000000,2359.88000000,2110.00000000,2233.72000000,1321099.38670000,1770163199999,2981630480.12086500,11643770,666418.21570000,1505015892.49548400
1770163200000,2026-02-04 00:00:00,2233.72000000,2295.74000000,2076.68000000,2148.26000000,1264743.43000000,1770249599999,2756607838.33289400,10912540,609896.09520000,1325924462.84547700
1770249600000,2026-02-05 00:00:00,2148.25000000,2173.77000000,1818.18000000,1826.83000000,1952286.69510000,1770335999999,3895174109.78586300,13667587,967965.28240000,1933830694.36292300
1770336000000,2026-02-06 00:00:00,1826.83000000,2093.94000000,1747.80000000,2063.38000000,2102311.55730000,1770422399999,4099448671.01183900,12362731,1189792.57630000,2323481388.75045200
1770422400000,2026-02-07 00:00:00,2063.37000000,2121.70000000,1994.57000000,2087.08000000,1142616.44870000,1770508799999,2350131251.11150900,7938360,548585.94210000,1128556150.77775100
1770508800000,2026-02-08 00:00:00,2087.08000000,2152.03000000,2064.10000000,2089.74000000,482837.25150000,1770595199999,1015368967.85889400,4379045,228020.75960000,479809411.99597500
1770595200000,2026-02-09 00:00:00,2089.73000000,2147.73000000,2008.62000000,2105.02000000,625378.55690000,1770681599999,1299316807.80527900,6331904,315446.53130000,655569971.22627400
1770681600000,2026-02-10 00:00:00,2105.02000000,2124.71000000,1989.38000000,2022.67000000,574321.69080000,1770767999999,1163710989.70857200,5159394,276990.26500000,560975011.04426000
1770768000000,2026-02-11 00:00:00,2022.67000000,2032.31000000,1903.19000000,1941.18000000,529655.81770000,1770854399999,1036100476.10287600,6450810,259017.74160000,506650635.74885200
1770854400000,2026-02-12 00:00:00,1941.19000000,2001.42000000,1897.24000000,1947.85000000,427567.14690000,1770940799999,833481568.53202400,5262808,212467.49900000,414232137.14951400
1770940800000,2026-02-13 00:00:00,1947.85000000,2073.68000000,1924.72000000,2048.72000000,425649.76980000,1771027199999,850907791.20718000,4695571,215643.61920000,431290771.89200900
1771027200000,2026-02-14 00:00:00,2048.72000000,2107.67000000,2042.37000000,2086.59000000,220677.23550000,1771113599999,458319230.49435600,2720271,110065.54200000,228627817.28261800
1771113600000,2026-02-15 00:00:00,2086.59000000,2103.32000000,1928.88000000,1966.58000000,834778.09520000,1771199999999,1680654508.88047800,5864311,323503.22980000,651093452.90573600
1771200000000,2026-02-16 00:00:00,1966.59000000,2023.51000000,1937.24000000,1998.33000000,351347.94330000,1771286399999,694116360.94026900,4476026,178158.78580000,352070618.30182700
1771286400000,2026-02-17 00:00:00,1998.34000000,2015.33000000,1941.66000000,1991.66000000,406246.94270000,1771372799999,804961298.70977700,6420841,196947.70310000,390162604.36740800
1771372800000,2026-02-18 00:00:00,1991.67000000,2039.05000000,1923.78000000,1955.91000000,393639.00860000,1771459199999,778491630.59956800,5176537,191523.61190000,378687588.77984300
1771459200000,2026-02-19 00:00:00,1955.90000000,1987.55000000,1907.00000000,1949.08000000,300257.07330000,1771545599999,583869775.94774200,3793608,142030.31220000,276036975.73743700
1771545600000,2026-02-20 00:00:00,1949.08000000,1981.18000000,1922.97000000,1968.88000000,386253.55570000,1771631999999,755968932.47352600,3948261,186424.22570000,364867772.12270400
1771632000000,2026-02-21 00:00:00,1968.88000000,1995.56000000,1955.62000000,1973.35000000,179173.84560000,1771718399999,354489354.64823500,1362230,91535.91070000,181134209.82095300
1771718400000,2026-02-22 00:00:00,1973.35000000,1983.13000000,1935.00000000,1957.82000000,155325.64820000,1771804799999,304517550.29857200,1850073,77240.11240000,151464074.94503900
1771804800000,2026-02-23 00:00:00,1957.82000000,1958.33000000,1837.13000000,1856.30000000,547359.48690000,1771891199999,1031859704.04575300,6684753,266498.78510000,502378481.41193900
1771891200000,2026-02-24 00:00:00,1856.30000000,1869.58000000,1800.00000000,1851.94000000,438064.02840000,1771977599999,804280693.82921600,6607359,205850.41010000,378122255.42972900
1771977600000,2026-02-25 00:00:00,1851.95000000,2148.39000000,1846.74000000,2057.48000000,682979.43780000,1772063999999,1366356333.15167200,9024746,343230.54900000,686156732.82384800
1772064000000,2026-02-26 00:00:00,2057.48000000,2083.33000000,1975.35000000,2027.68000000,439783.35660000,1772150399999,897062353.24218900,7142316,224781.90990000,458691743.98232700
1772150400000,2026-02-27 00:00:00,2027.68000000,2063.52000000,1887.00000000,1929.84000000,428687.23400000,1772236799999,846919721.88444400,5213158,214287.62640000,422880876.50018600
1772236800000,2026-02-28 00:00:00,1929.84000000,1984.99000000,1835.36000000,1964.51000000,461680.98350000,1772323199999,877128283.23371200,6186042,229978.42380000,437053523.08305200
1772323200000,2026-03-01 00:00:00,1964.51000000,2054.80000000,1907.41000000,1939.71000000,529196.84640000,1772409599999,1051030823.78944500,6616298,254547.64760000,505531901.71865500
1772409600000,2026-03-02 00:00:00,1939.71000000,2090.00000000,1920.00000000,2027.35000000,577406.37490000,1772495999999,1154427554.49389300,9343785,299199.24940000,598658734.97125500
1772496000000,2026-03-03 00:00:00,2027.34000000,2041.48000000,1929.56000000,1982.80000000,509329.85340000,1772582399999,1007923347.10669400,8311355,254251.33090000,503251034.90272200
1772582400000,2026-03-04 00:00:00,1982.81000000,2199.00000000,1945.08000000,2127.28000000,737644.81520000,1772668799999,1537991054.00405600,9527323,368171.85590000,767713624.11577200
1772668800000,2026-03-05 00:00:00,2127.28000000,2163.66000000,2054.75000000,2072.86000000,432157.81260000,1772755199999,909578852.98892300,6753565,205453.49580000,432642648.34752700
1772755200000,2026-03-06 00:00:00,2072.86000000,2093.33000000,1955.95000000,1978.68000000,411597.75690000,1772841599999,831917068.63137300,5601424,197603.94350000,399155087.07121800
1772841600000,2026-03-07 00:00:00,1978.68000000,1996.04000000,1948.09000000,1969.59000000,184459.82000000,1772927999999,364529234.78772000,2029543,89270.39320000,176467060.50311400
1772928000000,2026-03-08 00:00:00,1969.60000000,1979.80000000,1916.14000000,1937.10000000,391189.73170000,1773014399999,761435521.24438200,4044585,190729.89920000,371905575.96230600
1773014400000,2026-03-09 00:00:00,1937.11000000,2053.52000000,1929.65000000,1992.98000000,550825.48830000,1773100799999,1102883352.28304900,6360581,282877.29000000,566353976.45296300
1773100800000,2026-03-10 00:00:00,1992.97000000,2088.19000000,1991.00000000,2036.51000000,463411.87390000,1773187199999,948509257.02615900,5226998,240013.71730000,491126376.68095300
1773187200000,2026-03-11 00:00:00,2036.50000000,2085.58000000,2007.17000000,2051.97000000,350061.25600000,1773273599999,717032957.20601700,4730286,172446.73260000,353640487.90306500
1773273600000,2026-03-12 00:00:00,2051.97000000,2095.00000000,2017.59000000,2073.52000000,400507.81320000,1773359999999,824458252.12667800,4757775,196694.83340000,404852828.04082400
1773360000000,2026-03-13 00:00:00,2073.51000000,2209.03000000,2070.12000000,2092.22000000,599657.03990000,1773446399999,1279403180.49358600,6138489,300361.21510000,641144458.02252800
1773446400000,2026-03-14 00:00:00,2092.21000000,2106.09000000,2061.60000000,2096.16000000,152500.58220000,1773532799999,317648583.84004200,1584458,73409.36100000,152930062.52478700
1773532800000,2026-03-15 00:00:00,2096.16000000,2202.87000000,2083.35000000,2178.30000000,280825.93770000,1773619199999,598811241.30096800,3001730,146142.37460000,311760540.13400700
1773619200000,2026-03-16 00:00:00,2178.29000000,2386.02000000,2164.73000000,2352.97000000,845892.77560000,1773705599999,1930037154.48076900,7409311,445819.39600000,1017103594.86955900
1773705600000,2026-03-17 00:00:00,2352.97000000,2376.66000000,2294.15000000,2317.39000000,493831.10160000,1773791999999,1152094007.66843700,5596636,240136.50650000,560589683.75215800
1773792000000,2026-03-18 00:00:00,2317.38000000,2350.00000000,2153.21000000,2203.39000000,488040.88870000,1773878399999,1091022905.10325400,5684937,232364.59060000,519214878.00205800
1773878400000,2026-03-19 00:00:00,2203.39000000,2233.72000000,2099.38000000,2137.81000000,490791.67900000,1773964799999,1055407061.65772100,6142160,235483.17880000,506383264.14446100
1773964800000,2026-03-20 00:00:00,2137.82000000,2176.84000000,2116.88000000,2146.22000000,300156.17780000,1774051199999,642995528.13065400,4595372,162200.14400000,347562186.59691000
1774051200000,2026-03-21 00:00:00,2146.21000000,2168.27000000,2070.78000000,2084.87000000,132559.46460000,1774137599999,283144610.71690300,1375463,63249.58120000,135224634.23488500
1774137600000,2026-03-22 00:00:00,2084.86000000,2127.21000000,2026.00000000,2053.89000000,313070.55720000,1774223999999,650684776.65879400,3577857,154345.70560000,320941884.72567800
1774224000000,2026-03-23 00:00:00,2053.90000000,2198.57000000,2023.04000000,2152.03000000,614508.43690000,1774310399999,1308899803.01649900,7349668,310239.98640000,660782033.70074100
1774310400000,2026-03-24 00:00:00,2152.03000000,2175.16000000,2103.02000000,2156.23000000,316703.47280000,1774396799999,678105646.81039000,4633093,152304.16750000,326179427.04275100
1774396800000,2026-03-25 00:00:00,2156.22000000,2199.02000000,2146.35000000,2169.02000000,275641.52550000,1774483199999,599018681.16774600,3492121,139003.48470000,302159076.48627200
1774483200000,2026-03-26 00:00:00,2169.02000000,2172.19000000,2034.54000000,2060.43000000,338010.62380000,1774569599999,705496760.97093400,3890747,171588.21340000,357646756.15337900
1774569600000,2026-03-27 00:00:00,2060.43000000,2077.19000000,1970.93000000,1992.75000000,394873.52480000,1774655999999,794108629.00714000,3909237,206051.27980000,414754558.99147100
1774656000000,2026-03-28 00:00:00,1992.76000000,2047.45000000,1983.17000000,1994.74000000,154831.80550000,1774742399999,311328052.14732900,1569810,86378.91900000,173673147.48441000
1774742400000,2026-03-29 00:00:00,1994.74000000,2019.65000000,1938.82000000,1984.64000000,166726.73820000,1774828799999,331249654.02983000,2049808,87697.24380000,174245244.85697900
1774828800000,2026-03-30 00:00:00,1984.65000000,2085.00000000,1980.28000000,2026.48000000,338304.43440000,1774915199999,691966365.08245700,3886546,174062.21110000,355924242.29080900
1774915200000,2026-03-31 00:00:00,2026.48000000,2124.03000000,2012.64000000,2105.43000000,421897.90230000,1775001599999,874387220.20619400,5013796,218379.12860000,452866534.12697100
1775001600000,2026-04-01 00:00:00,2105.43000000,2167.85000000,2082.08000000,2140.35000000,399227.37790000,1775087999999,852017259.87877100,4211533,203721.11140000,434880842.71255900
1775088000000,2026-04-02 00:00:00,2140.35000000,2159.37000000,2017.04000000,2057.17000000,346872.83230000,1775174399999,716548524.66574400,4462923,161146.87020000,332893735.58313200
1775174400000,2026-04-03 00:00:00,2057.18000000,2081.76000000,2040.66000000,2053.83000000,136266.63930000,1775260799999,280140562.11284100,1741595,64849.80160000,133339039.25233000
1775260800000,2026-04-04 00:00:00,2053.83000000,2084.00000000,2044.63000000,2065.52000000,86504.44060000,1775347199999,178054333.99678400,1246022,42789.65730000,88100430.80966200
1775347200000,2026-04-05 00:00:00,2065.51000000,2123.49000000,2021.50000000,2110.17000000,157353.31990000,1775433599999,324727424.31234600,2504865,78363.49740000,161754815.54507900
1775433600000,2026-04-06 00:00:00,2110.17000000,2174.79000000,2087.50000000,2107.16000000,356054.28940000,1775519999999,761391237.67137300,5330366,180414.50930000,385813662.23118200
1775520000000,2026-04-07 00:00:00,2107.16000000,2273.87000000,2060.24000000,2240.01000000,460094.80930000,1775606399999,986211206.77887500,5189711,239252.97770000,513077515.53762500
1775606400000,2026-04-08 00:00:00,2240.01000000,2270.55000000,2179.78000000,2190.00000000,404717.63210000,1775692799999,902920921.74991500,4339985,190983.32430000,426109014.22970300
1775692800000,2026-04-09 00:00:00,2190.00000000,2246.00000000,2157.31000000,2190.20000000,275317.95030000,1775779199999,604408302.66542900,3756386,135540.54130000,297732725.56567400
1775779200000,2026-04-10 00:00:00,2190.17000000,2257.99000000,2176.10000000,2245.05000000,272899.08580000,1775865599999,605992300.07612600,2929213,132077.31220000,293534507.02831400
1775865600000,2026-04-11 00:00:00,2245.06000000,2329.93000000,2229.00000000,2284.99000000,214785.40390000,1775951999999,488370993.14692200,1929651,107238.98770000,243918090.90499400
1775952000000,2026-04-12 00:00:00,2285.00000000,2288.57000000,2175.00000000,2191.65000000,258156.88210000,1776038399999,571520838.84188800,2575808,125658.24370000,278162577.10903300
1776038400000,2026-04-13 00:00:00,2191.64000000,2394.71000000,2175.68000000,2369.46000000,453870.82920000,1776124799999,1029253015.58625400,4527557,234599.90450000,531843331.73173800
1776124800000,2026-04-14 00:00:00,2369.46000000,2415.50000000,2302.90000000,2322.44000000,460107.38410000,1776211199999,1087699649.07412200,3689565,226148.47630000,534958937.28431500
1776211200000,2026-04-15 00:00:00,2322.44000000,2385.61000000,2308.50000000,2359.95000000,268190.63770000,1776297599999,627841344.47908900,3232871,126442.71530000,295982409.84898300
1776297600000,2026-04-16 00:00:00,2359.94000000,2369.59000000,2285.10000000,2348.17000000,328960.93770000,1776383999999,767882725.89326300,3793210,155922.24390000,363994207.03123100
1776384000000,2026-04-17 00:00:00,2348.16000000,2464.91000000,2317.43000000,2419.00000000,491731.36150000,1776470399999,1182467392.60610600,4541654,252564.96940000,607785958.79897700
1776470400000,2026-04-18 00:00:00,2419.00000000,2427.64000000,2339.92000000,2350.32000000,221741.38880000,1776556799999,526019366.77518300,2045925,98727.06940000,234161468.61088400
1776556800000,2026-04-19 00:00:00,2350.33000000,2355.30000000,2252.72000000,2263.27000000,256086.82760000,1776643199999,591108513.09305000,2728260,119800.90190000,276635006.88894500
1776643200000,2026-04-20 00:00:00,2263.28000000,2346.78000000,2259.67000000,2313.85000000,301000.06590000,1776729599999,694052197.97869300,3751621,149027.62850000,343672032.59096100
1776729600000,2026-04-21 00:00:00,2313.84000000,2338.75000000,2284.19000000,2327.14000000,226645.97700000,1776815999999,524186949.63958000,3398934,108621.45780000,251286503.84597900
1776816000000,2026-04-22 00:00:00,2327.15000000,2423.75000000,2312.95000000,2374.07000000,379707.12590000,1776902399999,906985929.20068700,4230243,191758.26780000,457996923.49354000
1776902400000,2026-04-23 00:00:00,2374.08000000,2382.00000000,2285.42000000,2330.26000000,356645.69230000,1776988799999,831612346.68122500,4079579,169637.89930000,395788711.63360400
1776988800000,2026-04-24 00:00:00,2330.27000000,2337.50000000,2300.22000000,2314.99000000,183887.61810000,1777075199999,426084826.21781900,2413824,88184.83810000,204323992.88376500
1777075200000,2026-04-25 00:00:00,2314.98000000,2323.21000000,2300.55000000,2319.50000000,68139.21910000,1777161599999,157673587.53854300,658757,33589.85290000,77727130.99405500
1777161600000,2026-04-26 00:00:00,2319.49000000,2380.00000000,2306.72000000,2369.44000000,154591.62190000,1777247999999,363039217.94069300,1508570,76876.17170000,180579327.35491500
1777248000000,2026-04-27 00:00:00,2369.45000000,2404.37000000,2266.09000000,2303.67000000,300363.85860000,1777334399999,697653543.10075400,3192282,143798.29750000,334290742.02839700
1777334400000,2026-04-28 00:00:00,2303.66000000,2310.88000000,2258.24000000,2289.42000000,187932.22010000,1777420799999,429094630.50897500,2346992,94578.07970000,215948355.74480600
1777420800000,2026-04-29 00:00:00,2289.42000000,2346.95000000,2220.36000000,2252.90000000,355078.10150000,1777507199999,811555243.52763300,3588292,178999.80270000,409301744.34277300
1777507200000,2026-04-30 00:00:00,2252.90000000,2279.00000000,2231.64000000,2257.51000000,167194.27760000,1777593599999,377557889.67163500,2649837,83993.11240000,189738754.61792600
1777593600000,2026-05-01 00:00:00,2257.51000000,2325.28000000,2257.21000000,2295.63000000,191082.55500000,1777679999999,438751255.82791600,1805481,89533.73290000,205580455.52897100
1777680000000,2026-05-02 00:00:00,2295.63000000,2343.60000000,2292.91000000,2316.97000000,85588.47240000,1777766399999,197914496.93788900,870699,45662.79590000,105649979.74995000
1777766400000,2026-05-03 00:00:00,2316.97000000,2356.92000000,2297.59000000,2322.65000000,151074.43420000,1777852799999,351370000.01807900,1374290,74492.17380000,173304008.27447500
1777852800000,2026-05-04 00:00:00,2322.65000000,2398.93000000,2309.24000000,2347.16000000,453020.79850000,1777939199999,1067990750.06659100,4137093,220556.48400000,519975851.02914200
1777939200000,2026-05-05 00:00:00,2347.17000000,2399.50000000,2344.93000000,2360.77000000,286636.73120000,1778025599999,681480549.11058100,2512190,139328.06970000,331307244.77815600
1778025600000,2026-05-06 00:00:00,2360.76000000,2423.74000000,2338.00000000,2350.84000000,420667.31610000,1778111999999,999441628.41537300,3062625,193007.55340000,459022962.96813700
1778112000000,2026-05-07 00:00:00,2350.84000000,2352.30000000,2280.10000000,2291.06000000,469521.93780000,1778198399999,1084720938.60619900,3191083,177521.51230000,410305896.17950700
1778198400000,2026-05-08 00:00:00,2291.06000000,2321.22000000,2265.61000000,2307.06000000,421035.15820000,1778284799999,964540001.64208500,2568056,164773.99950000,377287682.73126000
1778284800000,2026-05-09 00:00:00,2307.07000000,2338.37000000,2300.00000000,2326.44000000,230431.15700000,1778371199999,534441724.09586900,1248625,90960.58030000,210978434.96751900
1778371200000,2026-05-10 00:00:00,2326.43000000,2382.53000000,2311.83000000,2371.27000000,398122.86230000,1778457599999,933278254.42787900,2272749,219121.33200000,514296301.19756100
1778457600000,2026-05-11 00:00:00,2371.26000000,2374.92000000,2304.00000000,2339.87000000,236962.05520000,1778543999999,553428064.25292300,2594593,103490.20320000,241738239.91014200
1778544000000,2026-05-12 00:00:00,2339.88000000,2340.85000000,2256.27000000,2274.96000000,252981.10820000,1778630399999,579204959.79746400,2520381,112560.29470000,257748542.88205500
1778630400000,2026-05-13 00:00:00,2274.97000000,2323.36000000,2234.13000000,2258.65000000,258455.72990000,1778716799999,587994702.42187800,2145600,124180.36110000,282671652.63352300
1778716800000,2026-05-14 00:00:00,2258.66000000,2319.33000000,2238.64000000,2283.25000000,256680.83590000,1778803199999,585368708.59742000,2730407,127752.35790000,291429330.03182600
1778803200000,2026-05-15 00:00:00,2283.26000000,2300.29000000,2205.11000000,2224.66000000,288536.55070000,1778889599999,647433872.91231800,2977308,123184.03190000,276140795.80839500
1778889600000,2026-05-16 00:00:00,2224.65000000,2231.51000000,2162.55000000,2180.77000000,199288.57610000,1778975999999,435687947.06734600,1541883,91742.29910000,200617586.05155000
1778976000000,2026-05-17 00:00:00,2180.77000000,2198.14000000,2091.48000000,2131.00000000,175116.81490000,1779062399999,378577487.52779700,1638605,83798.74100000,181236111.53670500
1779062400000,2026-05-18 00:00:00,2131.00000000,2157.24000000,2077.23000000,2130.08000000,381878.39320000,1779148799999,808389842.46425700,3981985,183892.16370000,389344799.12401600
1779148800000,2026-05-19 00:00:00,2130.08000000,2146.95000000,2094.47000000,2111.93000000,186945.07500000,1779235199999,396338335.85530400,2356965,86073.67310000,182580954.16811000
1779235200000,2026-05-20 00:00:00,2111.93000000,2149.00000000,2103.29000000,2129.44000000,189088.29400000,1779321599999,402576774.24043600,2256505,93912.98240000,199953325.02152800
1779321600000,2026-05-21 00:00:00,2129.44000000,2157.50000000,2105.15000000,2133.76000000,232889.11170000,1779407999999,496323964.94440300,2526150,118956.06800000,253517525.20618100
1779408000000,2026-05-22 00:00:00,2133.77000000,2141.39000000,2057.79000000,2065.85000000,221783.25480000,1779494399999,467017252.54059000,2344218,109989.37640000,231748468.55410100
1779494400000,2026-05-23 00:00:00,2065.86000000,2149.95000000,2009.30000000,2117.68000000,350546.22890000,1779580799999,726153698.57779200,2641732,186016.08230000,385175449.16264800
1779580800000,2026-05-24 00:00:00,2117.69000000,2132.14000000,2063.00000000,2099.85000000,197748.76050000,1779667199999,416532783.72525200,1928016,95960.62840000,202225441.42974300
1779667200000,2026-05-25 00:00:00,2099.86000000,2141.98000000,2092.26000000,2113.01000000,166428.59790000,1779753599999,351916867.99249300,1786621,86258.15990000,182447684.96651900
1779753600000,2026-05-26 00:00:00,2113.01000000,2140.49000000,2055.06000000,2073.77000000,282553.30960000,1779839999999,592778366.39005300,2963706,125284.84560000,262909030.36216800
1779840000000,2026-05-27 00:00:00,2073.77000000,2097.40000000,2016.00000000,2024.84000000,267963.15730000,1779926399999,552204762.41858400,3056962,121588.13890000,250702118.80569300
1779926400000,2026-05-28 00:00:00,2024.83000000,2030.00000000,1967.00000000,2009.90000000,363834.92110000,1780012799999,726105347.82339000,3609031,176081.02930000,351395809.42909800
1780012800000,2026-05-29 00:00:00,2009.89000000,2046.59000000,1976.48000000,2014.54000000,283145.69500000,1780099199999,570689885.84888200,2925370,142075.63210000,286465186.36351200
1780099200000,2026-05-30 00:00:00,2014.54000000,2032.00000000,2002.00000000,2022.44000000,97977.53490000,1780185599999,197997124.86031900,969371,51565.26260000,104222719.60439800
1780185600000,2026-05-31 00:00:00,2022.44000000,2038.00000000,1993.75000000,2007.01000000,163735.49580000,1780271999999,329721845.89615600,1454319,69842.50330000,140859204.95440100
1780272000000,2026-06-01 00:00:00,2007.02000000,2021.50000000,1956.04000000,2006.73000000,374428.28390000,1780358399999,744774481.26642500,3806222,189965.62170000,377662437.03656600
1780358400000,2026-06-02 00:00:00,2006.73000000,2006.78000000,1839.02000000,1859.84000000,556885.54180000,1780444799999,1073808150.12186500,5759311,262471.39670000,506325251.42477300
1780444800000,2026-06-03 00:00:00,1859.84000000,1893.07000000,1769.62000000,1813.05000000,584760.48180000,1780531199999,1077611599.89867300,6496256,291410.25770000,537524756.10659500
1780531200000,2026-06-04 00:00:00,1813.05000000,1820.50000000,1717.28000000,1770.77000000,648306.10510000,1780617599999,1147661693.34122300,8222751,313120.64050000,554812157.80051200
1780617600000,2026-06-05 00:00:00,1770.76000000,1774.99000000,1540.19000000,1583.40000000,1257013.16080000,1780703999999,2055119895.17678200,13017779,605408.45430000,989120625.50257500
1780704000000,2026-06-06 00:00:00,1583.40000000,1601.22000000,1505.68000000,1569.69000000,558458.36720000,1780790399999,870946411.10025200,6254953,267600.82580000,417431854.55344200
1780790400000,2026-06-07 00:00:00,1569.68000000,1721.93000000,1564.10000000,1690.51000000,458280.59090000,1780876799999,745676201.88402300,5095675,228933.85400000,372439278.78439500
1780876800000,2026-06-08 00:00:00,1690.50000000,1714.50000000,1645.00000000,1690.49000000,480027.31210000,1780963199999,807959902.78797400,5759621,245621.22720000,413591195.33014700
1780963200000,2026-06-09 00:00:00,1690.48000000,1696.88000000,1614.02000000,1639.52000000,384147.23490000,1781049599999,637600472.42120100,4501516,174461.54490000,289539392.53691800
1781049600000,2026-06-10 00:00:00,1639.52000000,1667.96000000,1603.44000000,1621.59000000,290791.28190000,1781135999999,474642198.52845800,4680030,144480.85870000,235927052.00043400
1781136000000,2026-06-11 00:00:00,1621.60000000,1693.59000000,1621.60000000,1673.46000000,278507.72040000,1781222399999,462505814.28974900,3410263,146755.82890000,243721688.77186100
1781222400000,2026-06-12 00:00:00,1673.46000000,1691.07000000,1652.09000000,1666.41000000,201888.01020000,1781308799999,337258161.65899100,2888517,103835.64530000,173483225.39758000
1781308800000,2026-06-13 00:00:00,1666.42000000,1697.28000000,1662.20000000,1681.18000000,106751.60770000,1781395199999,178899182.70338700,1222979,57726.99570000,96741209.15175200
1781395200000,2026-06-14 00:00:00,1681.19000000,1732.28000000,1654.90000000,1725.62000000,178009.95410000,1781481599999,301404302.77074900,1935991,90922.78550000,153914550.85508500
1781481600000,2026-06-15 00:00:00,1725.63000000,1849.54000000,1709.66000000,1796.13000000,464135.25530000,1781567999999,828105501.97530900,3136116,226908.44900000,405060642.75706800
1781568000000,2026-06-16 00:00:00,1796.14000000,1839.77000000,1758.00000000,1792.99000000,353577.54900000,1781654399999,632855864.59334000,3651200,175935.25400000,315106403.07720100
1781654400000,2026-06-17 00:00:00,1793.00000000,1810.21000000,1725.34000000,1750.60000000,334498.05750000,1781740799999,590352096.34258100,4175463,156023.07390000,275524010.83478600
1781740800000,2026-06-18 00:00:00,1750.61000000,1762.99000000,1671.79000000,1711.11000000,312480.96560000,1781827199999,537955499.99103600,3404966,150925.45200000,259763307.22874400
1781827200000,2026-06-19 00:00:00,1711.11000000,1719.51000000,1679.11000000,1711.19000000,165078.19840000,1781913599999,280490372.39464900,2339768,86541.46700000,147084005.19450700
1781913600000,2026-06-20 00:00:00,1711.18000000,1749.55000000,1704.06000000,1741.08000000,159791.82110000,1781999999999,276212659.05202600,1842588,85441.38780000,147719202.44631500
1782000000000,2026-06-21 00:00:00,1741.08000000,1741.45000000,1702.00000000,1706.94000000,123762.46890000,1782086399999,213639585.05652500,1658599,60145.80810000,103842379.63307600
1782086400000,2026-06-22 00:00:00,1706.94000000,1779.90000000,1706.94000000,1728.19000000,262657.18200000,1782172799999,458500918.78925900,3303043,132053.03620000,230521826.74530400
1782172800000,2026-06-23 00:00:00,1728.19000000,1736.25000000,1635.65000000,1667.13000000,248262.01200000,1782259199999,415217088.04396600,3415279,120633.52980000,201728266.36662800
1782259200000,2026-06-24 00:00:00,1667.13000000,1693.67000000,1552.95000000,1622.17000000,355728.34030000,1782345599999,577866307.94514500,5254099,177192.23960000,287932856.20918300
1782345600000,2026-06-25 00:00:00,1622.18000000,1660.54000000,1532.90000000,1567.84000000,440671.00500000,1782431999999,701364958.55089400,4454580,236247.02860000,376296993.09231200
1782432000000,2026-06-26 00:00:00,1567.86000000,1594.70000000,1512.00000000,1578.68000000,423691.43930000,1782518399999,660970073.85057200,4010582,219134.26950000,342094937.88720500
1782518400000,2026-06-27 00:00:00,1578.68000000,1611.02000000,1562.86000000,1573.99000000,131592.35980000,1782604799999,208767639.65273000,1281824,67386.18570000,106954490.21578200
1782604800000,2026-06-28 00:00:00,1574.00000000,1588.82000000,1548.37000000,1571.96000000,140181.14170000,1782691199999,220544633.52290400,1506628,70060.99560000,110253591.30271100
1782691200000,2026-06-29 00:00:00,1571.96000000,1637.58000000,1550.43000000,1613.07000000,309968.97480000,1782777599999,492867470.53718200,2959728,155013.50300000,246375879.79255500
1782777600000,2026-06-30 00:00:00,1613.07000000,1614.41000000,1550.20000000,1572.01000000,222057.20420000,1782863999999,350170280.88022600,2013738,104379.84000000,164632298.32181900
1782864000000,2026-07-01 00:00:00,1572.00000000,1646.26000000,1552.92000000,1609.58000000,306536.31100000,1782950399999,490560666.67279700,2678598,156369.50220000,250205451.99666800
1782950400000,2026-07-02 00:00:00,1609.59000000,1725.00000000,1597.22000000,1700.57000000,373453.50820000,1783036799999,623263881.11862700,2999563,199786.55080000,333445222.47491600
1783036800000,2026-07-03 00:00:00,1700.57000000,1775.78000000,1694.72000000,1758.21000000,244416.86800000,1783123199999,423991252.44646700,2558467,129829.13540000,225287644.53576200
1783123200000,2026-07-04 00:00:00,1758.22000000,1807.65000000,1744.09000000,1780.64000000,190880.14970000,1783209599999,338974331.94968600,1984105,98915.76580000,175700635.89022900
1783209600000,2026-07-05 00:00:00,1780.64000000,1808.00000000,1748.79000000,1785.65000000,389673.41910000,1783295999999,688573118.49607900,2710301,186115.15620000,328976521.12593500
1783296000000,2026-07-06 00:00:00,1785.65000000,1833.40000000,1728.95000000,1799.56000000,305879.33040000,1783382399999,543793458.05043900,2770665,156283.92340000,278024553.85192000
1783382400000,2026-07-07 00:00:00,1799.56000000,1813.16000000,1757.57000000,1771.45000000,241536.72530000,1783468799999,430535778.21159800,2520272,117218.51850000,208980383.81818800
1783468800000,2026-07-08 00:00:00,1771.45000000,1785.00000000,1713.44000000,1743.54000000,225231.22540000,1783555199999,392443741.00134200,2459826,107440.57800000,187242060.83734200
1783555200000,2026-07-09 00:00:00,1743.55000000,1762.36000000,1721.93000000,1745.16000000,173705.25720000,1783641599999,303099797.64520500,1852063,87235.12740000,152279315.33999200
1783641600000,2026-07-10 00:00:00,1745.17000000,1812.00000000,1737.68000000,1796.85000000,215605.80450000,1783727999999,384955634.87069700,1885371,111540.90270000,199151434.45911900
1783728000000,2026-07-11 00:00:00,1796.85000000,1830.00000000,1786.58000000,1787.76000000,178703.41830000,1783814399999,323458409.34515700,1196630,82847.99760000,149962472.19250300
1783814400000,2026-07-12 00:00:00,1787.76000000,1826.92000000,1779.46000000,1806.80000000,141072.98350000,1783900799999,255198846.99317700,1163165,67542.13250000,122239778.84186000
1783900800000,2026-07-13 00:00:00,1806.80000000,1846.00000000,1750.20000000,1776.72000000,295031.61980000,1783987199999,526935050.09030200,2649302,139033.39630000,248442577.14779000
1783987200000,2026-07-14 00:00:00,1776.71000000,1896.14000000,1773.41000000,1891.87000000,368913.77200000,1784073599999,679973505.26953800,3283907,202166.46480000,372450185.21568500
1784073600000,2026-07-15 00:00:00,1891.87000000,1946.52000000,1864.38000000,1917.86000000,319800.96930000,1784159999999,610469249.64272700,2766157,164441.10350000,314141483.54427100
1784160000000,2026-07-16 00:00:00,1917.86000000,1929.48000000,1857.54000000,1864.71000000,271689.08630000,1784246399999,513230705.74106000,2577028,124124.42700000,234460901.07051600
1784246400000,2026-07-17 00:00:00,1864.71000000,1871.08000000,1803.05000000,1841.93000000,253027.75560000,1784332799999,464360361.59667500,2654101,127019.90060000,233123087.53174700
1784332800000,2026-07-18 00:00:00,1841.94000000,1867.58000000,1837.58000000,1862.61000000,92597.92320000,1784419199999,171263880.03790200,898148,49679.77060000,91902062.25611500
1784419200000,2026-07-19 00:00:00,1862.61000000,1879.38000000,1851.71000000,1872.23000000,143922.66620000,1784505599999,268830201.62559200,1375145,72477.41090000,135402193.85375400
1784505600000,2026-07-20 00:00:00,1872.24000000,1918.16000000,1843.14000000,1904.77000000,271195.63300000,1784591999999,510211033.82208100,2898762,139935.44340000,263303373.33412300
1784592000000,2026-07-21 00:00:00,1904.77000000,1953.00000000,1900.74000000,1930.09000000,326965.67790000,1784678399999,631388165.10664200,2430342,178850.16880000,345382377.28910600
1784678400000,2026-07-22 00:00:00,1930.09000000,1956.45000000,1910.68000000,1934.25000000,251140.82530000,1784764799999,485196087.24341500,2535468,123958.46420000,239567428.63989200
1784764800000,2026-07-23 00:00:00,1934.26000000,1941.50000000,1869.44000000,1878.38000000,219789.07330000,1784851199999,418550826.41650200,2040809,99799.09670000,189967157.53668000
1784851200000,2026-07-24 00:00:00,1878.38000000,1909.80000000,1848.09000000,1861.44000000,200795.43610000,1784937599999,375704056.48112200,2134534,102087.89970000,191054544.87455000
1784937600000,2026-07-25 00:00:00,1861.44000000,1877.07000000,1851.22000000,1874.89000000,88434.48800000,1785023999999,164844925.66627500,763113,45312.70750000,84483134.45285400
1785024000000,2026-07-26 00:00:00,1874.88000000,1928.08000000,1873.85000000,1912.27000000,85089.69020000,1785110399999,161445183.86101400,898293,43715.39350000,82938966.52916100
