open_time,datetime,open,high,low,close,volume,close_time,quote_volume,trades,taker_buy_base,taker_buy_quote
1753560000000,2025-07-26 20:00:00,3750.50000000,3793.00000000,3733.49000000,3741.10000000,60146.12180000,1753574399999,226004324.52754400,292129,32475.90200000,122083299.07783600
1753574400000,2025-07-27 00:00:00,3741.11000000,3787.80000000,3731.00000000,3774.03000000,41045.23460000,1753588799999,154529424.94849600,266863,21253.75450000,80042942.96196600
1753588800000,2025-07-27 04:00:00,3774.03000000,3811.00000000,3763.00000000,3768.01000000,60429.02860000,1753603199999,228838665.91188200,279923,31954.68210000,121056511.60363600
1753603200000,2025-07-27 08:00:00,3768.00000000,3842.95000000,3751.00000000,3815.26000000,90831.05420000,1753617599999,345497065.16892500,396735,47045.67620000,178957397.57189000
1753617600000,2025-07-27 12:00:00,3815.26000000,3836.54000000,3791.48000000,3818.53000000,90376.24820000,1753631999999,344777288.39357900,404608,40048.55950000,152811898.23118000
1753632000000,2025-07-27 16:00:00,3818.53000000,3868.08000000,3809.01000000,3828.32000000,109495.58360000,1753646399999,420479958.22689700,521273,55703.54000000,213935279.56223400
1753646400000,2025-07-27 20:00:00,3828.33000000,3879.82000000,3816.01000000,3872.10000000,65175.31130000,1753660799999,250870037.93574900,429982,34303.10940000,132076670.44792000
1753660800000,2025-07-28 00:00:00,3872.11000000,3907.40000000,3843.00000000,3879.81000000,101123.91940000,1753675199999,392120843.18607200,539497,55523.71650000,215333434.17865700
1753675200000,2025-07-28 04:00:00,3879.81000000,3941.00000000,3868.34000000,3893.00000000,116692.63490000,1753689599999,456460681.99258200,496320,60978.46070000,238617116.19520300
1753689600000,2025-07-28 08:00:00,3893.01000000,3901.94000000,3860.01000000,3879.79000000,61307.74240000,1753703999999,238115337.60709100,339471,29807.54950000,115799715.84610000
1753704000000,2025-07-28 12:00:00,3879.80000000,3889.99000000,3773.33000000,3808.11000000,175985.12580000,1753718399999,672381548.18559000,818986,80634.77710000,308072993.88619800
1753718400000,2025-07-28 16:00:00,3808.11000000,3822.80000000,3754.00000000,3797.36000000,100389.13240000,1753732799999,380269003.66075100,575697,44779.27150000,169608068.51061800
1753732800000,2025-07-28 20:00:00,3797.37000000,3803.98000000,3765.88000000,3799.00000000,65496.19140000,1753747199999,248016123.50382700,391799,32313.83210000,122365463.50020500
1753747200000,2025-07-29 00:00:00,3799.00000000,3821.48000000,3731.21000000,3791.90000000,98310.44440000,1753761599999,371039062.63571500,600175,45509.82780000,171858874.70360500
1753761600000,2025-07-29 04:00:00,3791.91000000,3880.00000000,3775.77000000,3877.36000000,85485.22620000,1753775999999,327426823.89800900,403237,46146.47760000,176810464.32917300
1753776000000,2025-07-29 08:00:00,3877.36000000,3886.44000000,3811.78000000,3825.90000000,82993.76150000,1753790399999,319731711.96667900,447422,40877.33910000,157524671.26343900
1753790400000,2025-07-29 12:00:00,3825.89000000,3874.54000000,3747.00000000,3761.57000000,140877.52910000,1753804799999,536392394.22755400,766821,67829.52890000,258482588.45596400
1753804800000,2025-07-29 16:00:00,3761.56000000,3797.00000000,3716.04000000,3765.89000000,117271.51260000,1753819199999,440715890.50105600,585923,55600.28320000,209046419.23523600
1753819200000,2025-07-29 20:00:00,3765.89000000,3801.77000000,3739.14000000,3793.79000000,59271.96550000,1753833599999,223388202.53878900,317911,30329.00060000,114363257.21454400
1753833600000,2025-07-30 00:00:00,3793.79000000,3828.71000000,3756.00000000,3817.47000000,65329.13800000,1753847999999,248204636.14969400,368304,35150.47320000,133611724.21520100
1753848000000,2025-07-30 04:00:00,3817.46000000,3834.03000000,3786.87000000,3811.44000000,52195.72360000,1753862399999,199102058.26947700,302848,22966.67490000,87615850.93046400
1753862400000,2025-07-30 08:00:00,3811.44000000,3825.73000000,3744.16000000,3758.18000000,74284.47960000,1753876799999,281181074.28076700,460161,30781.10320000,116544621.20591300
1753876800000,2025-07-30 12:00:00,3758.18000000,3832.00000000,3749.74000000,3797.25000000,90460.84370000,1753891199999,342287285.05509200,711025,43385.43940000,164200037.04718400
1753891200000,2025-07-30 16:00:00,3797.25000000,3822.00000000,3677.65000000,3760.68000000,175379.97490000,1753905599999,657976353.37642300,937136,79626.45260000,298997067.20395300
1753905600000,2025-07-30 20:00:00,3760.67000000,3811.93000000,3742.79000000,3810.00000000,67774.74050000,1753919999999,255992594.35695600,348925,37089.30490000,140095051.09314000
1753920000000,2025-07-31 00:00:00,3810.00000000,3868.00000000,3801.53000000,3863.31000000,100247.87350000,1753934399999,385171812.77621400,416326,52087.36700000,200177218.78032700
1753934400000,2025-07-31 04:00:00,3863.31000000,3878.67000000,3854.77000000,3863.81000000,57223.35680000,1753948799999,221141888.18255300,222624,29053.77460000,112283854.49430500
1753948800000,2025-07-31 08:00:00,3863.81000000,3873.28000000,3826.30000000,3838.46000000,55333.29240000,1753963199999,213193004.08228100,225347,25260.49040000,97348054.32883800
1753963200000,2025-07-31 12:00:00,3838.45000000,3845.09000000,3762.27000000,3788.38000000,109596.78470000,1753977599999,416368113.20467300,645241,51006.64520000,193802408.61805800
1753977600000,2025-07-31 16:00:00,3788.39000000,3819.00000000,3735.00000000,3737.72000000,99597.76020000,1753991999999,375955707.54197500,678127,46992.51250000,177470559.22537000
1753992000000,2025-07-31 20:00:00,3737.71000000,3758.56000000,3684.33000000,3698.39000000,94089.38270000,1754006399999,350049749.61485100,566815,41154.43960000,153215151.33108900
1754006400000,2025-08-01 00:00:00,3698.39000000,3724.02000000,3616.66000000,3704.98000000,149144.96010000,1754020799999,549142916.73447600,911094,65940.07070000,242907603.96843300
1754020800000,2025-08-01 04:00:00,3704.98000000,3704.98000000,3624.11000000,3650.74000000,100331.00960000,1754035199999,367345704.96543200,621101,45948.62550000,168205329.30786200
1754035200000,2025-08-01 08:00:00,3650.73000000,3650.73000000,3585.69000000,3642.72000000,106483.84330000,1754049599999,385320608.12477800,679268,51286.52930000,185639346.16895000
1754049600000,2025-08-01 12:00:00,3642.72000000,3675.85000000,3565.00000000,3616.10000000,152982.10010000,1754063999999,554527651.35484500,1207181,72312.82190000,262319355.98257700
1754064000000,2025-08-01 16:00:00,3616.10000000,3634.00000000,3515.13000000,3518.40000000,133452.71200000,1754078399999,475760933.10516600,997952,62086.59380000,221448026.88700300
1754078400000,2025-08-01 20:00:00,3518.42000000,3553.21000000,3431.75000000,3488.20000000,141474.52660000,1754092799999,494325899.95312500,872082,64163.36410000,224265998.28623700
1754092800000,2025-08-02 00:00:00,3488.21000000,3532.30000000,3478.42000000,3528.79000000,76611.63590000,1754107199999,268619245.06011600,479658,39619.96450000,138919542.23779300
1754107200000,2025-08-02 04:00:00,3528.79000000,3537.69000000,3455.00000000,3519.16000000,78666.82070000,1754121599999,275156099.06045500,531028,34848.77320000,121918610.89244900
1754121600000,2025-08-02 08:00:00,3519.17000000,3524.25000000,3474.23000000,3508.67000000,52942.94710000,1754135999999,185214608.06041200,509930,24396.98840000,85358506.04109600
1754136000000,2025-08-02 12:00:00,3508.67000000,3517.56000000,3451.43000000,3459.33000000,61057.55450000,1754150399999,212893835.49913800,610064,28831.16570000,100532700.29326500
1754150400000,2025-08-02 16:00:00,3459.33000000,3481.64000000,3372.47000000,3383.20000000,155907.99650000,1754164799999,532780867.10641300,996320,69050.12440000,236005264.94456400
1754164800000,2025-08-02 20:00:00,3383.20000000,3441.69000000,3368.29000000,3393.94000000,69008.75470000,1754179199999,235040993.37639700,576627,35029.93520000,119335126.92423100
1754179200000,2025-08-03 00:00:00,3393.94000000,3452.29000000,3354.28000000,3444.12000000,70214.79520000,1754193599999,239442289.97900700,565032,38274.45420000,130572947.48231300
1754193600000,2025-08-03 04:00:00,3444.13000000,3459.62000000,3433.98000000,3456.25000000,33125.77360000,1754207999999,114160149.90717200,280893,16245.15970000,55987584.37281200
1754208000000,2025-08-03 08:00:00,3456.24000000,3516.31000000,3454.11000000,3485.46000000,58025.37620000,1754222399999,202004518.24314700,367622,31270.40360000,108849750.77798200
1754222400000,2025-08-03 12:00:00,3485.45000000,3504.27000000,3454.34000000,3476.49000000,51259.79920000,1754236799999,178322977.58067500,489030,22546.49460000,78452442.94373300
1754236800000,2025-08-03 16:00:00,3476.49000000,3515.00000000,3467.85000000,3496.74000000,46815.28550000,1754251199999,163538456.48719600,364181,28570.09050000,99830306.51293200
1754251200000,2025-08-03 20:00:00,3496.75000000,3521.79000000,3483.50000000,3496.74000000,36906.64610000,1754265599999,129168540.13641300,361721,19900.62740000,69665785.85734100
1754265600000,2025-08-04 00:00:00,3496.75000000,3576.07000000,3490.73000000,3556.80000000,75541.32780000,1754279999999,267684273.32597200,529562,45453.30400000,161107865.39730000
1754280000000,2025-08-04 04:00:00,3556.79000000,3565.67000000,3520.69000000,3551.99000000,47698.20790000,1754294399999,168868920.84972800,344475,23308.54290000,82533034.53896600
1754294400000,2025-08-04 08:00:00,3552.00000000,3574.47000000,3542.25000000,3555.70000000,45699.27550000,1754308799999,162527482.49269800,410383,23313.33070000,82924663.16753800
1754308800000,2025-08-04 12:00:00,3555.71000000,3665.60000000,3551.10000000,3648.89000000,135330.58010000,1754323199999,490425704.30218400,810096,69912.43450000,253314006.01969200
1754323200000,2025-08-04 16:00:00,3648.89000000,3718.54000000,3648.85000000,3669.73000000,85223.49940000,1754337599999,314004657.68883700,684251,42395.64530000,156195115.25145800
1754337600000,2025-08-04 20:00:00,3669.73000000,3736.73000000,3661.21000000,3720.99000000,73857.09540000,1754351999999,274308274.67357900,538103,36935.44900000,137183837.93632200
1754352000000,2025-08-05 00:00:00,3720.99000000,3722.24000000,3648.24000000,3651.94000000,75119.41990000,1754366399999,276554960.02726400,451054,29530.48410000,108792783.59769400
1754366400000,2025-08-05 04:00:00,3651.94000000,3679.69000000,3601.53000000,3613.49000000,70853.75860000,1754380799999,258237568.58811100,522670,33411.40540000,121870009.02249100
1754380800000,2025-08-05 08:00:00,3613.49000000,3694.06000000,3608.10000000,3673.79000000,67427.90270000,1754395199999,246512790.17446200,486935,37713.92900000,137875067.01321400
1754395200000,2025-08-05 12:00:00,3673.80000000,3680.58000000,3555.00000000,3570.43000000,165645.95350000,1754409599999,596554570.80996900,1199077,76525.73910000,275682270.87709700
1754409600000,2025-08-05 16:00:00,3570.43000000,3612.26000000,3559.71000000,3571.66000000,64656.72100000,1754423999999,231771705.35112400,666560,30849.15830000,110592740.48015600
1754424000000,2025-08-05 20:00:00,3571.65000000,3624.56000000,3546.00000000,3612.00000000,45367.20320000,1754438399999,162678132.68951400,394710,22182.56730000,79578799.48373500
1754438400000,2025-08-06 00:00:00,3612.01000000,3614.00000000,3564.19000000,3583.66000000,41403.61190000,1754452799999,148463616.70109300,459325,19047.60920000,68289418.14012900
1754452800000,2025-08-06 04:00:00,3583.67000000,3662.00000000,3569.28000000,3639.82000000,70989.27240000,1754467199999,257550214.17021800,536526,38751.08030000,140599998.38256100
1754467200000,2025-08-06 08:00:00,3639.81000000,3644.60000000,3607.54000000,3619.64000000,48235.91330000,1754481599999,174777808.39977400,360588,24487.20350000,88733698.49354900
1754481600000,2025-08-06 12:00:00,3619.63000000,3669.38000000,3574.05000000,3664.69000000,102539.58700000,1754495999999,370423056.25050000,818560,52134.73750000,188405396.49844200
1754496000000,2025-08-06 16:00:00,3664.70000000,3698.60000000,3638.56000000,3683.65000000,63895.58770000,1754510399999,234469946.27122700,489959,32688.89470000,119959407.56705600
1754510400000,2025-08-06 20:00:00,3683.66000000,3686.17000000,3652.38000000,3683.31000000,38245.94820000,1754524799999,140518854.50932800,247398,19349.75250000,71103193.51437200
1754524800000,2025-08-07 00:00:00,3683.31000000,3716.61000000,3647.63000000,3656.78000000,56122.72460000,1754539199999,206533185.48331200,367749,29184.22770000,107461474.77990100
1754539200000,2025-08-07 04:00:00,3656.78000000,3711.00000000,3655.09000000,3702.40000000,46356.28700000,1754553599999,171004931.19402000,305321,24778.69850000,91386243.17893500
1754553600000,2025-08-07 08:00:00,3702.41000000,3843.66000000,3702.41000000,3827.00000000,183717.29690000,1754567999999,695025955.18259100,720559,102735.40910000,388390681.29956200
1754568000000,2025-08-07 12:00:00,3827.01000000,3865.64000000,3804.27000000,3837.01000000,151206.00770000,1754582399999,579885021.45595600,783608,79808.81310000,306101324.98802600
1754582400000,2025-08-07 16:00:00,3837.01000000,3876.44000000,3780.54000000,3867.60000000,93776.67860000,1754596799999,359059170.49559800,677666,52219.71250000,200025494.88066800
1754596800000,2025-08-07 20:00:00,3867.60000000,3927.77000000,3851.22000000,3910.31000000,100499.99240000,1754611199999,390744707.62026400,640548,55876.08810000,217316861.32704800
1754611200000,2025-08-08 00:00:00,3910.30000000,3969.06000000,3880.00000000,3939.18000000,130547.20770000,1754625599999,511540464.89499600,889921,73549.51660000,288415227.68541600
1754625600000,2025-08-08 04:00:00,3939.19000000,3939.34000000,3892.47000000,3915.97000000,66893.21030000,1754639999999,261816239.03673800,410295,31402.31040000,122922666.73404000
1754640000000,2025-08-08 08:00:00,3915.98000000,3927.54000000,3884.44000000,3917.97000000,56015.14380000,1754654399999,218568010.48532200,466808,30152.66190000,117698799.61050000
1754654400000,2025-08-08 12:00:00,3917.97000000,4012.00000000,3891.52000000,3954.56000000,249634.10800000,1754668799999,990058665.25278600,1177068,140935.99690000,559130479.45910900
1754668800000,2025-08-08 16:00:00,3954.56000000,4065.86000000,3950.00000000,4060.99000000,161157.17350000,1754683199999,648187873.47319400,904146,86747.74170000,348919763.79005800
1754683200000,2025-08-08 20:00:00,4060.98000000,4071.00000000,4006.90000000,4009.50000000,59053.16760000,1754697599999,238544110.74633300,326877,26848.78910000,108517172.03438500
1754697600000,2025-08-09 00:00:00,4009.51000000,4053.01000000,4006.63000000,4051.01000000,54922.10130000,1754711999999,221419395.30273500,291729,30425.09290000,122681571.65664400
1754712000000,2025-08-09 04:00:00,4051.02000000,4200.00000000,4045.00000000,4170.64000000,209400.97580000,1754726399999,868195725.65998500,944686,110197.57400000,456491358.23348100
1754726400000,2025-08-09 08:00:00,4170.64000000,4246.65000000,4166.22000000,4190.00000000,132401.55160000,1754740799999,556787774.19851800,697343,66254.54470000,278645398.36287500
1754740800000,2025-08-09 12:00:00,4190.00000000,4226.23000000,4153.17000000,4209.57000000,99517.93660000,1754755199999,417161324.70375100,667873,49097.58330000,205825185.87078000
1754755200000,2025-08-09 16:00:00,4209.57000000,4271.45000000,4192.80000000,4258.57000000,81130.88340000,1754769599999,343361406.60260600,561752,42598.04640000,180363765.15124200
1754769600000,2025-08-09 20:00:00,4258.57000000,4326.20000000,4242.87000000,4260.62000000,114558.65610000,1754783999999,490149148.67256400,769614,55823.96790000,238939055.89783600
1754784000000,2025-08-10 00:00:00,4260.63000000,4332.60000000,4206.55000000,4242.74000000,133032.10750000,1754798399999,567547729.30585000,845818,64586.29690000,275688688.38688900
1754798400000,2025-08-10 04:00:00,4242.73000000,4264.98000000,4176.00000000,4185.12000000,93255.55600000,1754812799999,393387580.10914000,587014,42377.11900000,178881390.41416400
1754812800000,2025-08-10 08:00:00,4185.12000000,4232.73000000,4160.00000000,4180.57000000,87280.44200000,1754827199999,366795726.84623000,550030,37804.78660000,158929086.77977200
1754827200000,2025-08-10 12:00:00,4180.58000000,4237.43000000,4153.07000000,4217.94000000,77277.58300000,1754841599999,324507312.18467200,615888,40779.81680000,171360623.78345900
1754841600000,2025-08-10 16:00:00,4217.94000000,4259.36000000,4214.45000000,4248.83000000,40487.62520000,1754855999999,171507920.04978200,320881,22036.06270000,93366217.29960000
1754856000000,2025-08-10 20:00:00,4248.80000000,4254.54000000,4186.16000000,4250.57000000,63510.49680000,1754870399999,268202064.09344000,399471,28257.21430000,119363718.02277100
1754870400000,2025-08-11 00:00:00,4250.58000000,4343.00000000,4238.52000000,4309.64000000,135191.56210000,1754884799999,581191993.62034700,928183,69359.32550000,298146378.86368500
1754884800000,2025-08-11 04:00:00,4309.65000000,4349.81000000,4266.66000000,4273.69000000,91929.69290000,1754899199999,395999987.54044300,634529,44392.80040000,191348042.30617900
1754899200000,2025-08-11 08:00:00,4273.69000000,4287.17000000,4170.02000000,4185.10000000,109276.43120000,1754913599999,462934161.54657700,750205,50295.40630000,213018825.64666000
1754913600000,2025-08-11 12:00:00,4185.10000000,4332.17000000,4166.77000000,4329.74000000,176788.26900000,1754927999999,752738492.21745900,1256901,94703.89600000,403498403.56459600
1754928000000,2025-08-11 16:00:00,4329.74000000,4366.46000000,4233.99000000,4259.39000000,127454.62710000,1754942399999,549804537.93515500,979029,62328.74910000,269035997.52395900
1754942400000,2025-08-11 20:00:00,4259.38000000,4259.38000000,4190.00000000,4223.22000000,82023.45770000,1754956799999,346411939.69489300,613701,39138.11810000,165302596.51553300
1754956800000,2025-08-12 00:00:00,4223.22000000,4311.12000000,4219.04000000,4286.09000000,69103.57260000,1754971199999,295391070.55141200,515155,36224.01190000,154808997.34764900
1754971200000,2025-08-12 04:00:00,4286.09000000,4321.67000000,4267.41000000,4315.57000000,80593.49390000,1754985599999,346584151.81325900,464243,41722.84820000,179509772.98041900
1754985600000,2025-08-12 08:00:00,4315.57000000,4332.32000000,4256.92000000,4290.94000000,74576.08820000,1754999999999,320245832.89485200,524768,39239.75610000,168534190.94789400
1755000000000,2025-08-12 12:00:00,4290.94000000,4480.66000000,4278.01000000,4472.62000000,319555.84590000,1755014399999,1404916115.76396600,1638182,167622.49970000,736847536.76698700
1755014400000,2025-08-12 16:00:00,4472.62000000,4518.89000000,4440.38000000,4516.97000000,155770.59310000,1755028799999,698868940.75445900,944098,81263.84510000,364702305.40958500
1755028800000,2025-08-12 20:00:00,4516.97000000,4639.70000000,4504.54000000,4590.52000000,185688.47150000,1755043199999,852273098.27598100,1018422,94648.29710000,434300809.32598500
1755043200000,2025-08-13 00:00:00,4590.52000000,4656.24000000,4564.33000000,4647.00000000,118706.85080000,1755057599999,547258517.59072500,872481,62368.75980000,287656725.75687800
1755057600000,2025-08-13 04:00:00,4646.99000000,4683.00000000,4608.21000000,4625.59000000,121530.18240000,1755071999999,564619600.40351300,763231,57118.34200000,265403040.20246800
1755072000000,2025-08-13 08:00:00,4625.60000000,4715.75000000,4609.04000000,4690.33000000,143405.64890000,1755086399999,670153910.35410000,718774,77458.18120000,362042041.68798800
1755086400000,2025-08-13 12:00:00,4690.28000000,4736.82000000,4616.00000000,4664.38000000,223447.51730000,1755100799999,1045428699.65981700,1264217,112676.53350000,527294092.75929800
1755100800000,2025-08-13 16:00:00,4664.38000000,4750.00000000,4661.09000000,4738.99000000,178188.50480000,1755115199999,840470373.94264600,887823,98521.45870000,464788984.10267200
1755115200000,2025-08-13 20:00:00,4738.98000000,4783.85000000,4697.34000000,4749.30000000,140652.79460000,1755129599999,667013334.95983400,786508,68495.91940000,324988849.38843000
1755129600000,2025-08-14 00:00:00,4749.31000000,4779.00000000,4708.35000000,4774.08000000,110355.49780000,1755143999999,523246196.18765900,837147,54700.02910000,259491835.72445700
1755144000000,2025-08-14 04:00:00,4774.09000000,4788.00000000,4716.00000000,4748.37000000,126732.07930000,1755158399999,601887033.46988700,679630,55455.47720000,263472035.14526500
1755158400000,2025-08-14 08:00:00,4748.37000000,4766.66000000,4675.81000000,4718.17000000,152329.87920000,1755172799999,719864377.28996400,632766,63284.05890000,299042376.09233500
1755172800000,2025-08-14 12:00:00,4718.18000000,4736.00000000,4451.33000000,4618.87000000,554409.15660000,1755187199999,2550829940.17497700,2505954,285483.62850000,1313459818.44512500
1755187200000,2025-08-14 16:00:00,4618.87000000,4623.62000000,4480.63000000,4537.63000000,205989.89340000,1755201599999,935648292.69057700,1084529,98548.38070000,447733353.03141200
1755201600000,2025-08-14 20:00:00,4537.64000000,4572.00000000,4453.13000000,4546.84000000,115632.53900000,1755215999999,522193909.35274400,748238,53321.57490000,240945822.45220200
1755216000000,2025-08-15 00:00:00,4546.84000000,4650.00000000,4537.32000000,4634.46000000,107623.88430000,1755230399999,495386314.34605100,757267,54730.05860000,251917740.83839000
1755230400000,2025-08-15 04:00:00,4634.47000000,4662.60000000,4599.01000000,4640.16000000,91121.57340000,1755244799999,422154377.82967900,559763,44894.38150000,208008971.54891300
1755244800000,2025-08-15 08:00:00,4640.15000000,4666.66000000,4612.31000000,4634.16000000,69832.27490000,1755259199999,323948943.31678900,451041,37215.21170000,172640140.50179000
1755259200000,2025-08-15 12:00:00,4634.17000000,4672.67000000,4395.47000000,4430.86000000,301257.04930000,1755273599999,1365774133.19169100,1637151,145131.28910000,658291343.02252800
1755273600000,2025-08-15 16:00:00,4430.87000000,4462.26000000,4369.46000000,4383.45000000,168479.39260000,1755287999999,742678829.75056100,1006943,84050.85310000,370640435.27568900
1755288000000,2025-08-15 20:00:00,4383.45000000,4490.73000000,4368.00000000,4439.47000000,142095.08460000,1755302399999,628960019.62400800,679220,65945.74380000,291998915.68472900
1755302400000,2025-08-16 00:00:00,4439.47000000,4490.42000000,4423.53000000,4432.24000000,88860.86150000,1755316799999,396249970.33042100,548654,44196.62850000,197095757.84153200
1755316800000,2025-08-16 04:00:00,4432.25000000,4465.22000000,4407.69000000,4451.83000000,49806.40970000,1755331199999,221018612.48879200,364974,22989.08950000,102043217.91923800
1755331200000,2025-08-16 08:00:00,4451.84000000,4459.12000000,4372.54000000,4387.87000000,81613.29860000,1755345599999,360092078.75191900,475745,32964.84320000,145543717.69942600
1755345600000,2025-08-16 12:00:00,4387.88000000,4427.92000000,4375.63000000,4400.42000000,70316.27870000,1755359999999,309498046.67415300,501236,34193.89670000,150528889.35006400
1755360000000,2025-08-16 16:00:00,4400.41000000,4440.51000000,4390.58000000,4418.53000000,38344.52320000,1755374399999,169177389.19528500,315645,22425.41170000,98971841.60713700
1755374400000,2025-08-16 20:00:00,4418.53000000,4437.88000000,4402.82000000,4421.99000000,29735.21670000,1755388799999,131509455.20431400,240319,15412.61180000,68162109.38911700
1755388800000,2025-08-17 00:00:00,4422.00000000,4459.30000000,4393.98000000,4452.77000000,48880.89730000,1755403199999,216270763.53317800,354187,23360.37860000,103410351.35501200
1755403200000,2025-08-17 04:00:00,4452.78000000,4491.00000000,4444.44000000,4467.12000000,79637.80470000,1755417599999,356397902.51135600,403106,37262.42420000,166731951.71360300
1755417600000,2025-08-17 08:00:00,4467.12000000,4576.00000000,4458.64000000,4551.68000000,102669.32540000,1755431999999,465505523.83955400,576238,55004.48820000,249347401.60880400
1755432000000,2025-08-17 12:00:00,4551.69000000,4565.49000000,4519.13000000,4561.99000000,52232.25050000,1755446399999,237314645.59858100,373437,26193.15230000,119011286.28641500
1755446400000,2025-08-17 16:00:00,4561.99000000,4566.17000000,4427.44000000,4459.56000000,92723.52580000,1755460799999,416479797.06769200,660673,40434.60090000,181578564.39539500
1755460800000,2025-08-17 20:00:00,4459.55000000,4533.95000000,4457.02000000,4472.33000000,66317.57920000,1755475199999,298068960.96330900,477188,34536.64040000,155321862.27422500
1755475200000,2025-08-18 00:00:00,4472.34000000,4481.88000000,4278.13000000,4320.22000000,241372.53280000,1755489599999,1055199997.51470800,1352838,105370.86920000,460635335.89442600
1755489600000,2025-08-18 04:00:00,4320.22000000,4348.44000000,4230.74000000,4257.47000000,139718.94580000,1755503999999,598213176.14533600,798482,71551.70200000,306436978.30171500
1755504000000,2025-08-18 08:00:00,4257.47000000,4319.77000000,4225.86000000,4274.37000000,122837.60620000,1755518399999,525040974.27204600,701126,62494.53340000,267222930.37765600
1755518400000,2025-08-18 12:00:00,4274.36000000,4370.26000000,4270.77000000,4345.52000000,155521.86820000,1755532799999,672124491.03952300,970196,86256.43660000,372887469.47661900
1755532800000,2025-08-18 16:00:00,4345.52000000,4384.53000000,4299.44000000,4355.09000000,92501.23380000,1755547199999,401978419.64625300,651463,48478.76390000,210668695.75333400
1755547200000,2025-08-18 20:00:00,4355.08000000,4388.65000000,4303.67000000,4312.99000000,71235.94010000,1755561599999,309431580.44701400,464324,32610.24300000,141814366.85682900
1755561600000,2025-08-19 00:00:00,4312.99000000,4355.00000000,4213.21000000,4218.66000000,118747.77500000,1755575999999,508401894.45157800,801664,56949.89980000,244068466.45269900
1755576000000,2025-08-19 04:00:00,4218.65000000,4250.41000000,4193.77000000,4234.36000000,103979.94280000,1755590399999,439220808.52072300,628315,55798.40750000,235745517.57138100
1755590400000,2025-08-19 08:00:00,4234.35000000,4317.41000000,4218.46000000,4308.93000000,72742.71520000,1755604799999,311078248.76812200,514494,44858.61810000,191796035.75571900
1755604800000,2025-08-19 12:00:00,4308.94000000,4340.15000000,4169.42000000,4192.14000000,237188.02180000,1755619199999,1003915617.16766700,1229154,119479.22270000,505734833.45265800
1755619200000,2025-08-19 16:00:00,4192.14000000,4206.33000000,4113.63000000,4142.00000000,191723.25180000,1755633599999,797009602.19385500,1061094,80043.85190000,332900980.98964300
1755633600000,2025-08-19 20:00:00,4142.00000000,4164.97000000,4067.34000000,4075.59000000,106841.08850000,1755647999999,440227503.53575000,593329,41107.73890000,169481974.20630300
1755648000000,2025-08-20 00:00:00,4075.58000000,4158.32000000,4060.00000000,4140.92000000,114356.88900000,1755662399999,470246994.06468400,744628,59749.65290000,245811662.10454400
1755662400000,2025-08-20 04:00:00,4140.92000000,4211.74000000,4139.51000000,4185.22000000,75847.71100000,1755676799999,316903334.23245400,472749,38483.99160000,160797288.09234100
1755676800000,2025-08-20 08:00:00,4185.22000000,4242.00000000,4150.26000000,4195.30000000,95308.36740000,1755691199999,400960085.25215900,550612,47136.34490000,198312925.01289800
1755691200000,2025-08-20 12:00:00,4195.29000000,4308.49000000,4106.37000000,4255.90000000,215624.98060000,1755705599999,907722646.40140800,1494575,112803.21080000,475141159.46975400
1755705600000,2025-08-20 16:00:00,4255.68000000,4364.77000000,4254.72000000,4346.65000000,159841.42220000,1755719999999,688921091.13779100,988196,87084.95950000,375434019.18439100
1755720000000,2025-08-20 20:00:00,4346.64000000,4378.00000000,4320.53000000,4336.16000000,67345.52310000,1755734399999,292799767.09384400,517436,32341.27390000,140647814.81309400
1755734400000,2025-08-21 00:00:00,4336.16000000,4340.26000000,4278.03000000,4295.23000000,84502.79840000,1755748799999,364227756.93336800,644181,42846.61840000,184704297.55742100
1755748800000,2025-08-21 04:00:00,4295.24000000,4321.36000000,4270.89000000,4310.76000000,44223.15560000,1755763199999,190060196.68067800,414911,23472.90210000,100883791.91097200
1755763200000,2025-08-21 08:00:00,4310.79000000,4315.01000000,4256.34000000,4278.52000000,66951.72580000,1755777599999,286940730.37919600,793338,35280.10110000,151271336.56991500
1755777600000,2025-08-21 12:00:00,4278.53000000,4328.37000000,4226.98000000,4242.66000000,123952.43120000,1755791999999,529386442.42057400,1068719,58724.85920000,250914209.19961400
1755792000000,2025-08-21 16:00:00,4242.66000000,4274.38000000,4208.00000000,4224.10000000,66342.35960000,1755806399999,281152956.31685000,779527,30145.95640000,127790154.18992000
1755806400000,2025-08-21 20:00:00,4224.10000000,4260.86000000,4204.20000000,4225.30000000,47863.92860000,1755820799999,202646093.79878100,501681,25166.89800000,106545881.49849400
1755820800000,2025-08-22 00:00:00,4225.30000000,4314.89000000,4222.25000000,4278.93000000,77390.85140000,1755835199999,330626065.20746600,591793,45338.03480000,193735994.54569800
1755835200000,2025-08-22 04:00:00,4278.93000000,4345.38000000,4272.55000000,4328.14000000,84613.35900000,1755849599999,364558423.17136400,556485,49336.05600000,212597272.33489300
1755849600000,2025-08-22 08:00:00,4328.13000000,4354.19000000,4273.75000000,4274.56000000,96665.09380000,1755863999999,416840883.81041100,581803,45173.17760000,195005846.78688800
1755864000000,2025-08-22 12:00:00,4274.57000000,4668.18000000,4207.39000000,4616.08000000,510799.58050000,1755878399999,2297983872.08500000,2354820,268387.04750000,1205558540.40095600
1755878400000,2025-08-22 16:00:00,4616.09000000,4859.10000000,4616.09000000,4833.00000000,347174.18230000,1755892799999,1659566153.35782900,1540291,192456.98670000,919723649.95190800
1755892800000,2025-08-22 20:00:00,4833.00000000,4887.59000000,4796.48000000,4832.07000000,161333.56826000,1755907199999,780938871.66447200,815159,85298.08716000,412878485.39432600
1755907200000,2025-08-23 00:00:00,4832.07000000,4832.07000000,4659.70000000,4694.64000000,183495.76120000,1755921599999,870383406.07324800,950162,79486.45600000,377037641.70004500
1755921600000,2025-08-23 04:00:00,4694.63000000,4765.54000000,4694.33000000,4713.88000000,102546.78530000,1755935999999,485644500.79813600,588556,46758.94920000,221459883.79117100
1755936000000,2025-08-23 08:00:00,4713.89000000,4746.09000000,4690.72000000,4704.93000000,55489.62450000,1755950399999,261884035.61669300,485523,29616.74330000,139800033.20909600
1755950400000,2025-08-23 12:00:00,4704.95000000,4768.90000000,4692.81000000,4751.00000000,93641.47140000,1755964799999,442994827.03621700,540721,52665.56800000,249173786.86170800
1755964800000,2025-08-23 16:00:00,4750.99000000,4761.97000000,4727.80000000,4758.66000000,37902.42660000,1755979199999,180044082.22424800,234966,18472.39180000,87758816.43624600
1755979200000,2025-08-23 20:00:00,4758.66000000,4797.34000000,4738.00000000,4778.40000000,39366.01980000,1755993599999,187611071.66929500,211682,20002.26370000,95420029.94073300
1755993600000,2025-08-24 00:00:00,4778.40000000,4817.40000000,4753.42000000,4788.59000000,73990.71080000,1756007999999,353937653.19738500,534588,38927.01360000,186288037.26831700
1756008000000,2025-08-24 04:00:00,4788.59000000,4800.01000000,4757.30000000,4758.70000000,44970.77740000,1756022399999,214969778.33453900,352528,22725.30450000,108651182.31598900
1756022400000,2025-08-24 08:00:00,4758.70000000,4786.50000000,4720.00000000,4747.73000000,59259.89440000,1756036799999,281654962.10758000,456985,27213.70660000,129415355.39206200
1756036800000,2025-08-24 12:00:00,4747.73000000,4829.74000000,4738.67000000,4798.32000000,122996.97990000,1756051199999,588363462.29356200,602994,66566.84870000,318448922.46359600
1756051200000,2025-08-24 16:00:00,4798.31000000,4956.78000000,4744.20000000,4813.04000000,305250.74042000,1756065599999,1484527550.82618720,1332182,156272.02502000,760295050.36136020
1756065600000,2025-08-24 20:00:00,4813.01000000,4824.31000000,4711.00000000,4780.15000000,174199.67550000,1756079999999,831561591.68744900,1037534,81949.91260000,391337569.46946400
1756080000000,2025-08-25 00:00:00,4780.15000000,4797.97000000,4670.00000000,4727.41000000,111875.81300000,1756094399999,529704741.31262500,881480,49563.83810000,234832904.88852800
1756094400000,2025-08-25 04:00:00,4727.41000000,4740.01000000,4581.55000000,4591.36000000,161725.11760000,1756108799999,754387542.06679600,1082608,69167.37040000,322818315.73371600
1756108800000,2025-08-25 08:00:00,4591.37000000,4615.05000000,4519.96000000,4600.08000000,168097.68860000,1756123199999,769251986.65966300,976233,79242.86230000,362671446.98337300
1756123200000,2025-08-25 12:00:00,4600.08000000,4690.02000000,4585.56000000,4612.57000000,205755.39750000,1756137599999,954251411.93485800,1118233,93028.15110000,431560940.87206200
1756137600000,2025-08-25 16:00:00,4612.58000000,4645.54000000,4416.00000000,4420.34000000,146228.72210000,1756151999999,665569867.45150200,935613,65653.95550000,298914488.16215800
1756152000000,2025-08-25 20:00:00,4420.34000000,4446.19000000,4334.13000000,4376.18000000,250234.42710000,1756166399999,1095867693.30260000,1302629,109378.63850000,479133128.89095000
1756166400000,2025-08-26 00:00:00,4376.17000000,4451.72000000,4311.04000000,4402.58000000,172417.38670000,1756180799999,755871408.76402200,1244315,81131.61940000,355849423.35242200
1756180800000,2025-08-26 04:00:00,4402.58000000,4454.00000000,4393.86000000,4429.70000000,93610.11470000,1756195199999,414464754.66251200,998785,46941.79440000,207858583.77930600
1756195200000,2025-08-26 08:00:00,4429.70000000,4465.86000000,4405.09000000,4427.24000000,81044.39950000,1756209599999,358931334.37728000,546747,36632.64140000,162216424.24991900
1756209600000,2025-08-26 12:00:00,4427.24000000,4579.00000000,4405.84000000,4519.02000000,227815.43180000,1756223999999,1025513882.25709500,1415383,114175.83090000,513872565.92721400
1756224000000,2025-08-26 16:00:00,4519.03000000,4598.28000000,4498.58000000,4596.70000000,170031.45370000,1756238399999,772213483.17257500,880844,78260.87410000,355423413.90544800
1756238400000,2025-08-26 20:00:00,4596.69000000,4633.46000000,4563.21000000,4600.63000000,89831.49030000,1756252799999,412778610.78802200,554428,44233.54850000,203265631.33933700
1756252800000,2025-08-27 00:00:00,4600.63000000,4626.82000000,4538.69000000,4603.55000000,103641.69750000,1756267199999,474389001.96529600,627984,52625.65810000,240853579.90311200
1756267200000,2025-08-27 04:00:00,4603.56000000,4645.93000000,4560.22000000,4580.45000000,100967.80200000,1756281599999,465408107.40598200,559169,60191.03710000,277570366.66326900
1756281600000,2025-08-27 08:00:00,4580.46000000,4619.68000000,4550.01000000,4608.87000000,72044.21220000,1756295999999,330569122.90063000,410131,37619.02620000,172642513.65719800
1756296000000,2025-08-27 12:00:00,4608.87000000,4663.93000000,4575.17000000,4657.57000000,132483.35130000,1756310399999,612063464.70009900,898991,64508.25040000,298101601.21924300
1756310400000,2025-08-27 16:00:00,4657.58000000,4658.00000000,4535.01000000,4565.70000000,80996.88730000,1756324799999,372901924.81603300,650431,36856.75460000,169730312.59450800
1756324800000,2025-08-27 20:00:00,4565.70000000,4614.00000000,4481.53000000,4506.71000000,116535.41080000,1756339199999,529327616.51366100,773698,55936.18340000,254085112.92876100
1756339200000,2025-08-28 00:00:00,4506.71000000,4549.00000000,4467.63000000,4541.63000000,69573.99210000,1756353599999,313867651.01820800,585240,38528.16180000,173837619.88640200
1756353600000,2025-08-28 04:00:00,4541.62000000,4600.85000000,4534.99000000,4596.82000000,57664.75040000,1756367999999,263563644.82791800,464733,30479.73380000,139330278.91971300
1756368000000,2025-08-28 08:00:00,4596.82000000,4633.97000000,4581.28000000,4594.80000000,71841.82080000,1756382399999,330612748.18755700,366350,37054.86970000,170549330.21541800
1756382400000,2025-08-28 12:00:00,4594.79000000,4616.02000000,4485.00000000,4504.01000000,141018.17460000,1756396799999,643980268.79617500,858873,59856.67870000,273490616.75801900
1756396800000,2025-08-28 16:00:00,4504.01000000,4530.50000000,4436.34000000,4438.46000000,92574.33770000,1756411199999,415012393.50523100,604521,38265.37860000,171590370.72695900
1756411200000,2025-08-28 20:00:00,4438.49000000,4515.78000000,4430.00000000,4511.21000000,52570.32710000,1756425599999,235435570.31467100,356439,26324.27010000,117984706.85097500
1756425600000,2025-08-29 00:00:00,4511.20000000,4516.75000000,4434.79000000,4489.75000000,69637.50810000,1756439999999,311739757.41877200,535964,35421.08330000,158581709.14550500
1756440000000,2025-08-29 04:00:00,4489.75000000,4497.00000000,4367.50000000,4381.03000000,118788.53060000,1756454399999,526385864.53251900,620092,50919.30410000,225646225.36407400
1756454400000,2025-08-29 08:00:00,4381.03000000,4398.43000000,4318.57000000,4346.48000000,135466.21440000,1756468799999,589335142.14995300,628407,59291.38010000,257944157.21219400
1756468800000,2025-08-29 12:00:00,4346.48000000,4454.40000000,4265.00000000,4316.09000000,215781.37520000,1756483199999,937239524.65457700,1464921,108750.44470000,472476496.95508900
1756483200000,2025-08-29 16:00:00,4316.10000000,4366.66000000,4296.13000000,4340.78000000,88846.07820000,1756497599999,384841508.84593500,712201,47119.56120000,204110718.06093400
1756497600000,2025-08-29 20:00:00,4340.79000000,4379.55000000,4305.57000000,4360.18000000,50544.17120000,1756511999999,219578732.67262100,444843,22721.58950000,98743757.46784400
1756512000000,2025-08-30 00:00:00,4360.18000000,4381.61000000,4257.20000000,4352.45000000,102136.55210000,1756526399999,441198937.57211400,538445,50987.38990000,220368808.22674800
1756526400000,2025-08-30 04:00:00,4352.46000000,4415.61000000,4347.58000000,4402.39000000,97596.30120000,1756540799999,428202431.96938000,412427,62062.29470000,272346337.93810700
1756540800000,2025-08-30 08:00:00,4402.39000000,4408.07000000,4378.41000000,4392.08000000,41144.32650000,1756555199999,180745371.50100700,270436,20115.65340000,88377214.79009800
1756555200000,2025-08-30 12:00:00,4392.07000000,4393.48000000,4332.15000000,4376.35000000,53086.31160000,1756569599999,231466411.64166900,444912,24581.37100000,107203524.47933300
1756569600000,2025-08-30 16:00:00,4376.24000000,4376.24000000,4335.82000000,4354.63000000,21764.97660000,1756583999999,94881949.05011000,217473,11130.09270000,48527750.10799900
1756584000000,2025-08-30 20:00:00,4354.63000000,4378.66000000,4334.40000000,4373.70000000,24590.71460000,1756598399999,107118808.01508700,202447,11913.18630000,51896695.44178900
1756598400000,2025-08-31 00:00:00,4373.70000000,4488.58000000,4372.63000000,4488.12000000,86870.55880000,1756612799999,385916189.87142300,499801,47416.83590000,210646988.34703100
1756612800000,2025-08-31 04:00:00,4488.12000000,4491.46000000,4433.04000000,4450.84000000,46105.63650000,1756627199999,205570773.75190000,261795,23253.81040000,103721536.29495400
1756627200000,2025-08-31 08:00:00,4450.84000000,4483.80000000,4440.47000000,4476.98000000,64280.16860000,1756641599999,286912083.14615900,341708,34390.07560000,153512341.17560300
1756641600000,2025-08-31 12:00:00,4476.98000000,4498.47000000,4451.03000000,4485.27000000,74632.13580000,1756655999999,333923586.50876100,405970,41412.99630000,185294092.84166400
1756656000000,2025-08-31 16:00:00,4485.28000000,4490.87000000,4454.89000000,4456.01000000,33871.48720000,1756670399999,151647315.58310800,301571,15596.41400000,69835056.55452100
1756670400000,2025-08-31 20:00:00,4456.00000000,4477.10000000,4378.43000000,4391.83000000,50826.19920000,1756684799999,224982888.57091000,411142,21705.18420000,96117228.36843700
1756684800000,2025-09-01 00:00:00,4391.83000000,4432.25000000,4360.00000000,4404.16000000,97484.51960000,1756699199999,428114868.13615100,866634,47592.63180000,209043312.75107600
1756699200000,2025-09-01 04:00:00,4404.15000000,4464.00000000,4358.67000000,4463.29000000,82667.98790000,1756713599999,364427944.33290700,586947,40088.76120000,176786844.19207600
1756713600000,2025-09-01 08:00:00,4463.29000000,4491.84000000,4381.99000000,4392.83000000,81553.92940000,1756727999999,362285856.48365200,645658,41628.68210000,184915225.77708900
1756728000000,2025-09-01 12:00:00,4392.83000000,4423.78000000,4346.19000000,4362.01000000,65084.46470000,1756742399999,285690171.93942100,581156,29251.63760000,128457547.10841000
1756742400000,2025-09-01 16:00:00,4362.01000000,4371.54000000,4309.69000000,4368.06000000,58822.66220000,1756756799999,255507505.00144800,523443,25918.89350000,112604769.48321100
1756756800000,2025-09-01 20:00:00,4368.05000000,4368.15000000,4210.61000000,4314.50000000,128216.47570000,1756771199999,548584640.97259100,807938,61666.65920000,263784800.22294600
1756771200000,2025-09-02 00:00:00,4314.50000000,4394.97000000,4290.98000000,4367.11000000,80296.08770000,1756785599999,348405903.65295000,594446,42812.62170000,185865366.71955000
1756785600000,2025-09-02 04:00:00,4367.11000000,4416.78000000,4360.84000000,4377.53000000,63965.58780000,1756799999999,280731908.21254200,535540,32209.76010000,141363283.24889600
1756800000000,2025-09-02 08:00:00,4377.53000000,4408.00000000,4340.98000000,4347.98000000,62250.68090000,1756814399999,272915027.02811800,489093,29073.84230000,127461310.49412500
1756814400000,2025-09-02 12:00:00,4347.98000000,4397.44000000,4271.31000000,4295.66000000,179101.12440000,1756828799999,775743490.82537600,1334854,86685.87750000,375562745.29694700
1756828800000,2025-09-02 16:00:00,4295.65000000,4331.57000000,4257.85000000,4274.41000000,83144.93750000,1756843199999,356928207.64380500,797361,40368.70780000,173342863.40652500
1756843200000,2025-09-02 20:00:00,4274.41000000,4337.40000000,4266.31000000,4326.50000000,55846.63290000,1756857599999,241028012.34174000,409712,31164.32040000,134497480.34450200
1756857600000,2025-09-03 00:00:00,4326.49000000,4355.37000000,4283.23000000,4335.02000000,59970.96990000,1756871999999,259246725.32119900,598897,31286.16000000,135283999.38037100
1756872000000,2025-09-03 04:00:00,4335.02000000,4342.59000000,4285.71000000,4310.21000000,45196.69970000,1756886399999,195015151.77029500,420413,19917.44680000,85955901.11183300
1756886400000,2025-09-03 08:00:00,4310.20000000,4385.88000000,4300.01000000,4371.51000000,70248.19120000,1756900799999,305927342.52130500,534064,32662.75230000,142300039.32387100
1756900800000,2025-09-03 12:00:00,4371.51000000,4486.98000000,4339.99000000,4480.03000000,163360.92290000,1756915199999,723462559.07266200,1180648,85019.82930000,376729632.39440300
1756915200000,2025-09-03 16:00:00,4480.02000000,4490.64000000,4455.42000000,4475.32000000,112106.49000000,1756929599999,500991052.74452800,475756,75829.53260000,338858735.87093300
1756929600000,2025-09-03 20:00:00,4475.32000000,4480.79000000,4436.60000000,4450.46000000,36208.41240000,1756943999999,161589485.11619300,281563,16089.41080000,71823750.85000900
1756944000000,2025-09-04 00:00:00,4450.46000000,4482.05000000,4388.90000000,4398.03000000,101700.46040000,1756958399999,450827658.06862600,658981,44443.43900000,197332912.06628900
1756958400000,2025-09-04 04:00:00,4398.03000000,4414.90000000,4355.29000000,4371.04000000,68607.19670000,1756972799999,300326368.82069400,541244,36519.07050000,159847481.14974700
1756972800000,2025-09-04 08:00:00,4371.05000000,4433.85000000,4365.40000000,4407.03000000,66351.38370000,1756987199999,292010630.71377700,476750,31019.35450000,136511893.50180600
1756987200000,2025-09-04 12:00:00,4407.04000000,4428.39000000,4293.06000000,4305.33000000,129618.46370000,1757001599999,564734318.42396000,1180259,57668.04790000,251369667.64047700
1757001600000,2025-09-04 16:00:00,4305.32000000,4323.79000000,4265.33000000,4275.92000000,63186.73860000,1757015999999,271340405.50169100,762317,31057.26890000,133380649.61254000
1757016000000,2025-09-04 20:00:00,4275.92000000,4353.33000000,4272.30000000,4297.55000000,42331.46650000,1757030399999,182680983.77804400,468086,22471.66710000,96948635.98463500
1757030400000,2025-09-05 00:00:00,4297.56000000,4335.69000000,4291.02000000,4328.88000000,45816.72210000,1757044799999,197573696.79204500,546587,23239.76290000,100233621.50132300
1757044800000,2025-09-05 04:00:00,4328.89000000,4428.67000000,4316.57000000,4417.29000000,72860.78880000,1757059199999,318432243.29911200,478655,38847.79720000,169781926.31111000
1757059200000,2025-09-05 08:00:00,4417.29000000,4426.31000000,4373.20000000,4417.39000000,81554.00640000,1757073599999,359156274.29572900,549326,41373.19490000,182255436.47142700
1757073600000,2025-09-05 12:00:00,4417.38000000,4490.00000000,4256.03000000,4283.39000000,318985.24600000,1757087999999,1395825662.42056700,2111453,154702.33320000,678041903.34677200
1757088000000,2025-09-05 16:00:00,4283.40000000,4331.90000000,4272.35000000,4331.54000000,59666.92030000,1757102399999,256543342.33768900,602991,31321.25180000,134693636.91535000
1757102400000,2025-09-05 20:00:00,4331.54000000,4343.03000000,4286.71000000,4307.45000000,45286.19180000,1757116799999,195399484.80481600,462506,22943.89520000,99007343.57427400
1757116800000,2025-09-06 00:00:00,4307.46000000,4329.30000000,4302.77000000,4320.42000000,20383.26090000,1757131199999,88006435.93592500,258097,10287.16510000,44416025.61123300
1757131200000,2025-09-06 04:00:00,4320.43000000,4320.43000000,4290.71000000,4312.26000000,18863.66310000,1757145599999,81182794.00936700,192878,8338.20970000,35882935.85891600
1757145600000,2025-09-06 08:00:00,4312.27000000,4315.05000000,4286.08000000,4299.99000000,17622.54790000,1757159999999,75771203.81841100,212038,7164.69410000,30809872.34151300
1757160000000,2025-09-06 12:00:00,4300.00000000,4308.39000000,4263.19000000,4270.24000000,44936.60690000,1757174399999,192692338.10131100,319261,20485.22660000,87856391.44300400
1757174400000,2025-09-06 16:00:00,4270.23000000,4304.25000000,4236.00000000,4255.48000000,59382.79990000,1757188799999,253435587.87579700,507913,27952.69380000,119339844.38391700
1757188800000,2025-09-06 20:00:00,4255.48000000,4288.00000000,4253.35000000,4273.14000000,29977.18990000,1757203199999,128155365.47148900,221750,16090.69400000,68791132.59696500
1757203200000,2025-09-07 00:00:00,4273.15000000,4304.08000000,4270.81000000,4296.90000000,21924.99240000,1757217599999,94082135.70084300,224334,11865.17610000,50913073.45083100
1757217600000,2025-09-07 04:00:00,4296.90000000,4307.20000000,4276.76000000,4294.56000000,20002.13440000,1757231999999,85879515.82087600,170721,9739.26560000,41827442.72379600
1757232000000,2025-09-07 08:00:00,4294.57000000,4315.35000000,4291.65000000,4310.87000000,41022.61910000,1757246399999,176627260.57967200,264930,25161.16870000,108342458.34158300
1757246400000,2025-09-07 12:00:00,4310.88000000,4311.23000000,4288.95000000,4299.38000000,27581.90450000,1757260799999,118642396.67431000,238425,12494.26250000,53742544.70595500
1757260800000,2025-09-07 16:00:00,4299.39000000,4301.62000000,4270.81000000,4293.48000000,26890.30390000,1757275199999,115195530.82296500,256843,13233.84640000,56684840.20007900
1757275200000,2025-09-07 20:00:00,4293.47000000,4336.02000000,4281.34000000,4306.19000000,32198.88290000,1757289599999,138722839.16187600,294862,15896.19110000,68484106.72488000
1757289600000,2025-09-08 00:00:00,4306.19000000,4330.97000000,4279.00000000,4311.87000000,51316.81700000,1757303999999,220788951.73438100,499244,24944.74580000,107341188.44992100
1757304000000,2025-09-08 04:00:00,4311.87000000,4313.59000000,4287.68000000,4291.78000000,32212.31040000,1757318399999,138457920.89636300,279834,15405.24280000,66207214.33894100
1757318400000,2025-09-08 08:00:00,4291.78000000,4337.77000000,4288.30000000,4312.41000000,81225.53670000,1757332799999,350612829.88993800,495348,40498.30310000,174878351.17569100
1757332800000,2025-09-08 12:00:00,4312.42000000,4384.06000000,4306.19000000,4371.64000000,105874.04590000,1757347199999,460194698.72898400,753598,54495.57960000,236832204.38910100
1757347200000,2025-09-08 16:00:00,4371.64000000,4373.43000000,4284.44000000,4293.00000000,59748.48880000,1757361599999,258296682.69943500,556698,26181.64460000,113141308.21293800
1757361600000,2025-09-08 20:00:00,4293.00000000,4332.50000000,4281.80000000,4306.37000000,42505.23670000,1757375999999,183051590.97575800,304676,24051.99190000,103572894.36919800
1757376000000,2025-09-09 00:00:00,4306.36000000,4316.03000000,4276.76000000,4306.63000000,48368.78090000,1757390399999,207676661.09643500,378788,23730.57700000,101904365.79537600
1757390400000,2025-09-09 04:00:00,4306.62000000,4381.87000000,4302.50000000,4361.53000000,87658.45460000,1757404799999,381218517.40603300,432351,44958.52360000,195497303.60646400
1757404800000,2025-09-09 08:00:00,4361.53000000,4366.77000000,4342.16000000,4347.34000000,47693.01970000,1757419199999,207717067.33668100,346422,24363.75430000,106111793.32567200
1757419200000,2025-09-09 12:00:00,4347.33000000,4367.44000000,4277.06000000,4284.94000000,150845.40710000,1757433599999,650758697.61855900,1183477,68634.96890000,296130715.32654300
1757433600000,2025-09-09 16:00:00,4284.94000000,4299.99000000,4278.13000000,4295.00000000,41784.06760000,1757447999999,179154053.86607500,388338,19715.37460000,84549614.99982900
1757448000000,2025-09-09 20:00:00,4295.00000000,4319.67000000,4281.00000000,4310.09000000,29136.05220000,1757462399999,125378236.13155100,339021,15926.04160000,68516881.53735700
1757462400000,2025-09-10 00:00:00,4310.08000000,4326.09000000,4285.10000000,4320.44000000,43917.56300000,1757476799999,189121516.88917700,443672,24426.15130000,105166592.45333800
1757476800000,2025-09-10 04:00:00,4320.45000000,4333.28000000,4294.92000000,4329.82000000,50979.88100000,1757491199999,219945467.44314700,367781,26901.86350000,116057283.92946600
1757491200000,2025-09-10 08:00:00,4329.83000000,4335.02000000,4309.50000000,4331.31000000,60442.22990000,1757505599999,261551385.52959100,326151,37675.47510000,163029109.22241100
1757505600000,2025-09-10 12:00:00,4331.30000000,4453.57000000,4330.00000000,4404.90000000,204214.23720000,1757519999999,897638483.57170000,1111143,108663.08490000,477572431.60726200
1757520000000,2025-09-10 16:00:00,4404.90000000,4409.31000000,4300.59000000,4322.72000000,108167.46430000,1757534399999,470775629.04963700,679172,57968.67450000,252197988.02561600
1757534400000,2025-09-10 20:00:00,4322.71000000,4355.70000000,4320.75000000,4349.32000000,38912.53440000,1757548799999,168879609.20225600,293273,20058.44140000,87044137.33901500
1757548800000,2025-09-11 00:00:00,4349.33000000,4408.00000000,4338.82000000,4404.10000000,49171.41060000,1757563199999,215197821.98472900,351985,27857.97780000,121924990.57416500
1757563200000,2025-09-11 04:00:00,4404.11000000,4450.00000000,4395.05000000,4440.41000000,80121.80450000,1757577599999,354417768.45827700,482995,45128.11300000,199617889.74831500
1757577600000,2025-09-11 08:00:00,4440.40000000,4442.47000000,4406.30000000,4429.80000000,51898.37320000,1757591999999,229681950.86527900,392139,26488.11600000,117221778.65629400
1757592000000,2025-09-11 12:00:00,4429.81000000,4481.09000000,4350.01000000,4412.52000000,178527.79810000,1757606399999,789040134.10800900,1404762,88058.71030000,389454734.22141100
1757606400000,2025-09-11 16:00:00,4412.52000000,4441.50000000,4407.40000000,4423.73000000,35769.39490000,1757620799999,158245139.66074000,485442,18973.90830000,83944571.51477900
1757620800000,2025-09-11 20:00:00,4423.73000000,4469.00000000,4415.40000000,4458.82000000,45770.88360000,1757635199999,203310441.25809400,329017,27017.56280000,119998757.95913800
1757635200000,2025-09-12 00:00:00,4458.83000000,4539.00000000,4450.71000000,4505.55000000,102293.70780000,1757649599999,460864592.41260600,744832,53805.37100000,242301757.01689500
1757649600000,2025-09-12 04:00:00,4505.55000000,4563.00000000,4500.01000000,4525.81000000,72173.83390000,1757663999999,327325180.22992400,453876,32402.49130000,146904874.19569800
1757664000000,2025-09-12 08:00:00,4525.81000000,4536.53000000,4504.50000000,4520.76000000,39122.72040000,1757678399999,176816307.84826200,347480,18889.72920000,85387913.45920300
1757678400000,2025-09-12 12:00:00,4520.76000000,4571.24000000,4504.11000000,4541.98000000,80075.79280000,1757692799999,363324371.36407400,788019,40046.28320000,181695767.21907600
1757692800000,2025-09-12 16:00:00,4541.99000000,4660.00000000,4533.69000000,4657.18000000,102055.19110000,1757707199999,470116345.98203600,778821,55582.60830000,256065912.72057900
1757707200000,2025-09-12 20:00:00,4657.19000000,4748.40000000,4630.24000000,4712.16000000,115056.29420000,1757721599999,538852252.26178900,746663,59400.96340000,278267095.50855200
1757721600000,2025-09-13 00:00:00,4712.16000000,4769.36000000,4691.85000000,4756.81000000,99948.87950000,1757735999999,472077920.58443100,638431,59850.29000000,282740887.97281500
1757736000000,2025-09-13 04:00:00,4756.80000000,4756.91000000,4702.33000000,4711.70000000,53829.58040000,1757750399999,254483545.41340300,379579,23736.15190000,112239615.81005800
1757750400000,2025-09-13 08:00:00,4711.70000000,4738.58000000,4709.01000000,4719.53000000,42906.51370000,1757764799999,202624579.30609800,268321,21598.60010000,102025801.64039000
1757764800000,2025-09-13 12:00:00,4719.53000000,4730.18000000,4645.00000000,4653.92000000,92866.38130000,1757779199999,435005887.67031200,562901,40418.92120000,189378296.59405300
1757779200000,2025-09-13 16:00:00,4653.92000000,4667.92000000,4605.00000000,4638.21000000,72101.49360000,1757793599999,334091767.58586300,591976,32188.42900000,149177163.22807000
1757793600000,2025-09-13 20:00:00,4638.21000000,4672.94000000,4637.35000000,4666.53000000,32740.83840000,1757807999999,152552479.42337600,269929,16556.44660000,77136475.25095000
1757808000000,2025-09-14 00:00:00,4666.54000000,4692.36000000,4650.44000000,4663.22000000,35235.76630000,1757822399999,164648626.19579500,423614,16540.89350000,77303506.66482200
1757822400000,2025-09-14 04:00:00,4663.22000000,4681.47000000,4634.00000000,4650.58000000,28423.35550000,1757836799999,132494417.11978800,318110,11710.86790000,54598688.85273000
1757836800000,2025-09-14 08:00:00,4650.58000000,4674.38000000,4626.68000000,4635.00000000,26149.13000000,1757851199999,121644629.54078000,292697,12023.80440000,55953645.10449800
1757851200000,2025-09-14 12:00:00,4634.99000000,4644.74000000,4576.89000000,4582.22000000,126074.09880000,1757865599999,581122417.89436600,813151,46919.47500000,216185894.73790600
1757865600000,2025-09-14 16:00:00,4582.23000000,4629.27000000,4579.36000000,4615.47000000,36584.12140000,1757879999999,168557315.33860800,364790,20115.86800000,92683424.28200100
1757880000000,2025-09-14 20:00:00,4615.46000000,4636.51000000,4598.46000000,4604.49000000,25777.84850000,1757894399999,119060286.85707600,349303,12514.89900000,57813001.42747500
1757894400000,2025-09-15 00:00:00,4604.48000000,4643.57000000,4580.10000000,4636.20000000,40470.40380000,1757908799999,186742631.14305700,533217,21110.06590000,97423401.89157200
1757908800000,2025-09-15 04:00:00,4636.20000000,4670.28000000,4587.90000000,4597.37000000,73965.86320000,1757923199999,342573255.64316000,599436,35040.86040000,162441676.76141400
1757923200000,2025-09-15 08:00:00,4597.37000000,4597.37000000,4498.22000000,4530.65000000,130686.38610000,1757937599999,592399734.29827600,878918,63842.12870000,289399027.70323400
1757937600000,2025-09-15 12:00:00,4530.66000000,4541.92000000,4466.00000000,4500.01000000,94350.66050000,1757951999999,425258011.00269700,1016377,45899.65140000,206884252.77165500
1757952000000,2025-09-15 16:00:00,4500.01000000,4514.28000000,4474.04000000,4493.41000000,48005.18890000,1757966399999,215785036.33175500,591207,24355.25440000,109497468.40193200
1757966400000,2025-09-15 20:00:00,4493.41000000,4529.99000000,4488.49000000,4523.74000000,24813.46620000,1757980799999,112023277.59615400,270750,13344.80560000,60248032.56562300
1757980800000,2025-09-16 00:00:00,4523.74000000,4538.25000000,4503.00000000,4520.78000000,23762.66180000,1757995199999,107454219.89942200,316540,11890.92970000,53784786.18009000
1757995200000,2025-09-16 04:00:00,4520.77000000,4536.21000000,4487.53000000,4512.86000000,36219.65410000,1758009599999,163464814.59231800,388290,18754.31050000,84640289.60811600
1758009600000,2025-09-16 08:00:00,4512.87000000,4531.35000000,4493.31000000,4501.26000000,29726.78170000,1758023999999,134012181.92436900,388363,12959.41190000,58421682.44997900
1758024000000,2025-09-16 12:00:00,4501.26000000,4512.49000000,4424.00000000,4468.20000000,109689.57110000,1758038399999,489266010.99660600,930260,54750.95870000,244153221.96258900
1758038400000,2025-09-16 16:00:00,4468.19000000,4510.51000000,4447.03000000,4491.21000000,64203.97930000,1758052799999,287450696.20095800,650096,36603.89140000,163880418.53643500
1758052800000,2025-09-16 20:00:00,4491.22000000,4525.40000000,4483.61000000,4501.29000000,29704.46190000,1758067199999,133850808.03633100,293905,14884.02330000,67063325.85982700
1758067200000,2025-09-17 00:00:00,4501.30000000,4553.02000000,4492.99000000,4497.79000000,44974.63620000,1758081599999,203244594.33843700,423554,23461.00160000,106001794.50985200
1758081600000,2025-09-17 04:00:00,4497.79000000,4557.67000000,4464.00000000,4544.07000000,68978.63270000,1758095999999,311671625.17575500,467300,37685.87210000,170431100.75657800
1758096000000,2025-09-17 08:00:00,4544.07000000,4545.81000000,4479.00000000,4491.64000000,35585.12470000,1758110399999,160228591.19289600,372931,15193.31870000,68412560.51627100
1758110400000,2025-09-17 12:00:00,4491.64000000,4513.46000000,4467.36000000,4489.54000000,43543.38450000,1758124799999,195663009.66114100,617736,21471.51200000,96479601.39593500
1758124800000,2025-09-17 16:00:00,4489.53000000,4533.31000000,4412.00000000,4517.62000000,201430.15830000,1758139199999,902464720.18786500,1392464,98843.97550000,442909076.71659400
1758139200000,2025-09-17 20:00:00,4517.62000000,4616.77000000,4486.74000000,4590.53000000,82469.51970000,1758153599999,376185222.35772200,585389,43331.14680000,197720283.49550700
1758153600000,2025-09-18 00:00:00,4590.54000000,4644.47000000,4580.27000000,4614.42000000,64147.72250000,1758167999999,295946857.15370300,532274,35596.43280000,164237971.89294400
1758168000000,2025-09-18 04:00:00,4614.42000000,4619.99000000,4553.70000000,4574.75000000,48241.47810000,1758182399999,221220356.67131400,364453,20537.45250000,94201063.31248100
1758182400000,2025-09-18 08:00:00,4574.75000000,4607.76000000,4568.59000000,4576.12000000,36532.74060000,1758196799999,167613257.83434500,383242,17779.78270000,81586086.84084600
1758196800000,2025-09-18 12:00:00,4576.12000000,4625.00000000,4558.15000000,4599.34000000,62066.70910000,1758211199999,285108453.00876600,796597,31106.32640000,142919078.39761000
1758211200000,2025-09-18 16:00:00,4599.35000000,4636.22000000,4581.03000000,4588.23000000,54659.64960000,1758225599999,252018470.79941900,582379,29301.08950000,135116062.60625900
1758225600000,2025-09-18 20:00:00,4588.24000000,4605.65000000,4570.61000000,4587.66000000,25012.07710000,1758239999999,114854168.23744900,263134,12004.09500000,55127916.94679500
1758240000000,2025-09-19 00:00:00,4587.66000000,4620.72000000,4542.27000000,4549.98000000,46833.97890000,1758254399999,214722832.50059400,367651,22714.40630000,104174683.69173100
1758254400000,2025-09-19 04:00:00,4549.98000000,4559.15000000,4518.33000000,4539.06000000,48598.37110000,1758268799999,220561230.79221300,364413,22770.19880000,103347450.75932600
1758268800000,2025-09-19 08:00:00,4539.06000000,4549.00000000,4507.93000000,4513.80000000,35221.83940000,1758283199999,159501207.16739400,274296,15374.44220000,69633335.42861400
1758283200000,2025-09-19 12:00:00,4513.79000000,4544.44000000,4445.64000000,4474.93000000,121002.24860000,1758297599999,544553619.57753700,650923,43761.15850000,196784509.92814000
1758297600000,2025-09-19 16:00:00,4474.93000000,4489.21000000,4435.70000000,4440.68000000,52976.95310000,1758311999999,236289004.81490700,402048,26159.54010000,116687528.25624800
1758312000000,2025-09-19 20:00:00,4440.68000000,4478.21000000,4438.40000000,4468.59000000,26977.75710000,1758326399999,120325237.24712800,242896,13093.32360000,58397320.83083400
1758326400000,2025-09-20 00:00:00,4468.59000000,4475.91000000,4454.45000000,4465.52000000,17981.82160000,1758340799999,80313500.36588600,236746,8692.03510000,38823086.47803700
1758340800000,2025-09-20 04:00:00,4465.52000000,4484.81000000,4462.82000000,4483.22000000,16057.37680000,1758355199999,71842217.17232300,143217,8627.96500000,38605028.32073400
1758355200000,2025-09-20 08:00:00,4483.21000000,4483.21000000,4456.43000000,4469.96000000,16915.93730000,1758369599999,75594615.62456200,169182,7319.24230000,32711103.35217100
1758369600000,2025-09-20 12:00:00,4469.96000000,4507.19000000,4463.41000000,4498.20000000,29833.45770000,1758383999999,133804651.69150100,221694,15877.93690000,71219294.81782000
1758384000000,2025-09-20 16:00:00,4498.21000000,4508.71000000,4470.00000000,4480.18000000,34323.19090000,1758398399999,153922560.60259000,198067,17791.15170000,79787922.57047900
1758398400000,2025-09-20 20:00:00,4480.18000000,4501.39000000,4478.23000000,4480.42000000,15670.12870000,1758412799999,70335803.31806200,125177,7070.70870000,31742535.06170200
1758412800000,2025-09-21 00:00:00,4480.41000000,4490.00000000,4458.00000000,4478.26000000,23270.30850000,1758427199999,104201896.75542200,144130,10122.72520000,45319808.57373800
1758427200000,2025-09-21 04:00:00,4478.26000000,4492.24000000,4466.90000000,4477.78000000,17415.03800000,1758441599999,77993053.47946000,125083,8470.43290000,37931532.46527000
1758441600000,2025-09-21 08:00:00,4477.78000000,4479.57000000,4444.34000000,4460.57000000,22522.28550000,1758455999999,100492516.04474300,202648,10934.55480000,48797052.93111400
1758456000000,2025-09-21 12:00:00,4460.58000000,4486.40000000,4460.32000000,4482.80000000,23238.03890000,1758470399999,103994406.55559700,181285,11566.15430000,51764383.23622700
1758470400000,2025-09-21 16:00:00,4482.80000000,4498.16000000,4464.59000000,4494.40000000,34203.46930000,1758484799999,153302844.65840500,222181,18063.36470000,80954555.87966800
1758484800000,2025-09-21 20:00:00,4494.40000000,4494.41000000,4443.00000000,4444.97000000,28700.68600000,1758499199999,128092855.61935900,223486,15401.57220000,68757190.69802900
1758499200000,2025-09-22 00:00:00,4444.98000000,4455.76000000,4261.60000000,4305.87000000,197204.86520000,1758513599999,854629549.11316900,1113965,92716.24320000,401436155.79645700
1758513600000,2025-09-22 04:00:00,4305.87000000,4310.49000000,4077.00000000,4193.38000000,216713.49960000,1758527999999,907618047.77799300,942235,105186.39750000,440585947.86215900
1758528000000,2025-09-22 08:00:00,4193.38000000,4207.35000000,4136.47000000,4181.62000000,106293.20830000,1758542399999,443613571.70730000,555676,51541.72610000,215120723.46846300
1758542400000,2025-09-22 12:00:00,4181.63000000,4219.34000000,4159.16000000,4167.88000000,87845.15420000,1758556799999,368093256.16828300,724174,42103.09960000,176391146.29389000
1758556800000,2025-09-22 16:00:00,4167.88000000,4183.28000000,4122.00000000,4134.98000000,66207.12060000,1758571199999,275330640.26752800,517833,32699.31550000,136010507.49782600
1758571200000,2025-09-22 20:00:00,4134.99000000,4207.91000000,4134.34000000,4199.08000000,33979.38690000,1758585599999,142107381.09648300,290083,19332.23570000,80860043.31556000
1758585600000,2025-09-23 00:00:00,4199.09000000,4211.56000000,4114.39000000,4188.01000000,62240.68680000,1758599999999,259569297.70444600,613153,30003.70670000,125170981.36200700
1758600000000,2025-09-23 04:00:00,4188.02000000,4215.78000000,4154.44000000,4205.24000000,50387.07350000,1758614399999,211308442.46237700,490721,26644.39860000,111743664.21072600
1758614400000,2025-09-23 08:00:00,4205.23000000,4229.03000000,4178.27000000,4192.08000000,49069.29950000,1758628799999,206186698.09826200,376622,23833.57510000,100166916.89016400
1758628800000,2025-09-23 12:00:00,4192.09000000,4211.50000000,4161.87000000,4181.01000000,67923.32580000,1758643199999,284460975.29851100,765815,33662.88600000,141043271.73411000
1758643200000,2025-09-23 16:00:00,4181.01000000,4207.00000000,4137.70000000,4153.43000000,56635.58870000,1758657599999,236008160.68452100,807527,28370.82950000,118227492.76055100
1758657600000,2025-09-23 20:00:00,4153.43000000,4190.86000000,4139.53000000,4164.26000000,28971.93140000,1758671999999,120848954.87979500,395437,14508.93800000,60506513.09439900
1758672000000,2025-09-24 00:00:00,4164.25000000,4194.37000000,4129.24000000,4147.51000000,60731.13730000,1758686399999,252924574.38692500,630844,30671.20870000,127747735.45070300
1758686400000,2025-09-24 04:00:00,4147.51000000,4184.22000000,4073.74000000,4175.08000000,91708.36750000,1758700799999,379490744.83537400,661015,47400.37580000,196242771.19012000
1758700800000,2025-09-24 08:00:00,4175.08000000,4198.34000000,4164.66000000,4182.08000000,41367.38250000,1758715199999,172907866.66415900,372354,20511.39140000,85737207.50398200
1758715200000,2025-09-24 12:00:00,4182.08000000,4206.90000000,4145.96000000,4166.18000000,75410.26010000,1758729599999,315105600.11856900,660233,29688.91300000,124066662.33995600
1758729600000,2025-09-24 16:00:00,4166.17000000,4194.42000000,4155.00000000,4161.50000000,46228.02650000,1758743999999,192919158.23520500,430228,22615.29540000,94385339.13850300
1758744000000,2025-09-24 20:00:00,4161.50000000,4172.23000000,4131.20000000,4152.81000000,38220.39320000,1758758399999,158928153.42768900,364984,15840.15240000,65861368.78248100
1758758400000,2025-09-25 00:00:00,4152.81000000,4161.04000000,4022.00000000,4062.78000000,146839.10130000,1758772799999,600475366.12444400,1170563,65010.12640000,265762687.33951600
1758772800000,2025-09-25 04:00:00,4062.77000000,4071.08000000,3966.00000000,4009.18000000,161897.29180000,1758787199999,649673810.97357300,1320563,73977.11940000,296866110.96959700
1758787200000,2025-09-25 08:00:00,4009.17000000,4052.81000000,3991.39000000,4002.51000000,95222.31120000,1758801599999,383029531.79175500,733052,42756.04230000,171994777.18880600
1758801600000,2025-09-25 12:00:00,4002.51000000,4022.87000000,3924.12000000,4003.26000000,211278.37850000,1758815999999,842112976.65970300,1746866,107147.09070000,427094781.48589500
1758816000000,2025-09-25 16:00:00,4003.27000000,4006.77000000,3815.00000000,3911.59000000,229844.57480000,1758830399999,895998987.58881900,1742838,108994.45940000,425004639.82362800
1758830400000,2025-09-25 20:00:00,3911.59000000,3937.20000000,3850.00000000,3874.36000000,85246.03750000,1758844799999,331671739.77882000,897463,43508.71610000,169325965.98783300
1758844800000,2025-09-26 00:00:00,3874.35000000,3971.09000000,3867.65000000,3965.32000000,100004.62520000,1758859199999,392713300.49224300,1057643,59466.24960000,233306148.27521800
1758859200000,2025-09-26 04:00:00,3965.33000000,3976.98000000,3906.09000000,3938.11000000,113344.88420000,1758873599999,445100806.23117800,725251,56412.35300000,221481095.15195500
1758873600000,2025-09-26 08:00:00,3938.11000000,3944.58000000,3873.00000000,3906.00000000,64785.92490000,1758887999999,253159030.84437900,869917,30544.91460000,119351450.06556200
1758888000000,2025-09-26 12:00:00,3906.00000000,3985.41000000,3875.71000000,3946.00000000,139542.13740000,1758902399999,549580051.12965800,1439173,75738.52610000,298314020.03103300
1758902400000,2025-09-26 16:00:00,3945.98000000,4068.30000000,3942.94000000,4024.07000000,120662.65940000,1758916799999,485008152.99152300,1022826,64828.82970000,260486263.89464100
1758916800000,2025-09-26 20:00:00,4024.08000000,4039.56000000,4005.00000000,4032.24000000,37370.85480000,1758931199999,150305672.35785500,351826,20759.47270000,83503966.64406100
1758931200000,2025-09-27 00:00:00,4032.24000000,4032.44000000,4005.74000000,4019.41000000,28037.32090000,1758945599999,112705331.23922400,354970,11411.16470000,45867566.16835400
1758945600000,2025-09-27 04:00:00,4019.40000000,4027.85000000,4006.38000000,4007.93000000,16424.51130000,1758959999999,65979295.44577200,190090,7926.86560000,31844684.28485700
1758960000000,2025-09-27 08:00:00,4007.92000000,4017.90000000,3972.98000000,4002.16000000,39530.13310000,1758974399999,157971586.78773500,412120,18665.38600000,74593320.64580400
1758974400000,2025-09-27 12:00:00,4002.15000000,4039.01000000,3994.77000000,4018.92000000,34659.97930000,1758988799999,139261785.30340800,402645,18418.78470000,74012472.46028500
1758988800000,2025-09-27 16:00:00,4018.92000000,4019.88000000,3980.98000000,4002.45000000,37164.25450000,1759003199999,148542649.39344000,322106,14401.87360000,57563921.65269200
1759003200000,2025-09-27 20:00:00,4002.45000000,4033.23000000,4000.90000000,4018.38000000,16877.06470000,1759017599999,67821209.03800300,258182,8993.32890000,36143657.30155500
1759017600000,2025-09-28 00:00:00,4018.39000000,4031.75000000,3994.27000000,4002.74000000,22549.98230000,1759031999999,90402965.72179900,376652,10624.30020000,42607294.68132500
1759032000000,2025-09-28 04:00:00,4002.73000000,4019.87000000,3996.24000000,4014.32000000,15964.02270000,1759046399999,63972430.15216800,215667,7510.77420000,30099725.36532100
1759046400000,2025-09-28 08:00:00,4014.32000000,4016.00000000,3984.45000000,3992.39000000,24299.90910000,1759060799999,97092605.88603300,327926,13550.04770000,54139909.07017100
1759060800000,2025-09-28 12:00:00,3992.39000000,4029.48000000,3966.00000000,4021.69000000,47406.31290000,1759075199999,189936081.91200900,474141,27032.45080000,108355191.22327400
1759075200000,2025-09-28 16:00:00,4021.68000000,4055.12000000,4021.68000000,4039.45000000,49060.98710000,1759089599999,198106149.34967500,429321,30953.79750000,124983394.61814300
1759089600000,2025-09-28 20:00:00,4039.46000000,4144.88000000,4035.58000000,4142.16000000,81050.64480000,1759103999999,332728918.60589500,676902,50339.36190000,206695037.54084100
1759104000000,2025-09-29 00:00:00,4142.16000000,4146.38000000,4103.81000000,4121.80000000,41433.19350000,1759118399999,170833481.14049400,553213,20518.89940000,84610642.99814900
1759118400000,2025-09-29 04:00:00,4121.80000000,4123.99000000,4088.15000000,4108.25000000,37102.31360000,1759132799999,152361282.59872800,437718,17446.36790000,71652900.91827700
1759132800000,2025-09-29 08:00:00,4108.26000000,4141.00000000,4095.00000000,4103.21000000,58678.31250000,1759147199999,241981058.88281300,532039,35767.27720000,147562526.35097100
1759147200000,2025-09-29 12:00:00,4103.21000000,4205.59000000,4082.25000000,4164.80000000,124528.75180000,1759161599999,518016128.44541600,1038280,64280.70260000,267464515.74141900
1759161600000,2025-09-29 16:00:00,4164.81000000,4193.44000000,4128.53000000,4188.32000000,69503.21070000,1759175999999,288854407.85303200,557446,38537.90290000,160142623.39239400
1759176000000,2025-09-29 20:00:00,4188.32000000,4235.86000000,4182.07000000,4215.07000000,49482.89630000,1759190399999,208685897.88070400,493550,22510.56470000,94932026.44163700
1759190400000,2025-09-30 00:00:00,4215.07000000,4245.00000000,4188.03000000,4198.68000000,53170.26600000,1759204799999,223808224.27921400,572920,24994.96590000,105213911.83936500
1759204800000,2025-09-30 04:00:00,4198.69000000,4206.85000000,4169.38000000,4182.13000000,57421.80890000,1759219199999,240475464.02983800,412649,25870.11740000,108353267.54354500
1759219200000,2025-09-30 08:00:00,4182.12000000,4183.21000000,4134.00000000,4165.39000000,56698.73140000,1759233599999,235884778.43314100,590321,29675.70670000,123471393.74523000
1759233600000,2025-09-30 12:00:00,4165.38000000,4175.95000000,4094.59000000,4119.87000000,73946.45310000,1759247999999,305781577.12997900,1107284,34022.38780000,140719929.73033400
1759248000000,2025-09-30 16:00:00,4119.88000000,4170.43000000,4092.10000000,4160.10000000,85179.58400000,1759262399999,350572897.03266300,863207,35936.53810000,148037469.39132900
1759262400000,2025-09-30 20:00:00,4160.11000000,4201.52000000,4116.64000000,4145.15000000,64709.77380000,1759276799999,269285183.73862700,572403,30959.27990000,128870945.47777100
1759276800000,2025-10-01 00:00:00,4145.15000000,4174.63000000,4124.12000000,4128.66000000,48730.69700000,1759291199999,202177744.99594500,547726,20979.70050000,87047710.59297800
1759291200000,2025-10-01 04:00:00,4128.65000000,4156.79000000,4123.08000000,4145.80000000,40423.03460000,1759305599999,167389594.18249800,485605,15780.67330000,65361124.40632000
1759305600000,2025-10-01 08:00:00,4145.80000000,4329.00000000,4142.92000000,4298.20000000,174933.89300000,1759319999999,746936414.22780500,1019823,84269.89580000,359729307.62004100
1759320000000,2025-10-01 12:00:00,4298.21000000,4344.00000000,4280.00000000,4327.23000000,97899.32150000,1759334399999,422189092.31016200,970337,46082.41110000,198772622.53714600
1759334400000,2025-10-01 16:00:00,4327.24000000,4340.00000000,4288.64000000,4334.53000000,79548.39800000,1759348799999,343972517.22726300,615838,47862.13090000,206985504.33079600
1759348800000,2025-10-01 20:00:00,4334.52000000,4355.46000000,4287.50000000,4348.03000000,65491.03810000,1759363199999,283074609.42737200,499152,32699.17750000,141358559.63972700
1759363200000,2025-10-02 00:00:00,4348.03000000,4399.11000000,4332.73000000,4376.30000000,100457.80460000,1759377599999,439366855.06322600,957337,50186.12530000,219532061.39169000
1759377600000,2025-10-02 04:00:00,4376.30000000,4423.35000000,4358.26000000,4375.78000000,100115.31050000,1759391999999,439258003.82130800,524166,52554.16290000,230503607.96165000
1759392000000,2025-10-02 08:00:00,4375.77000000,4395.98000000,4369.32000000,4378.93000000,35078.55500000,1759406399999,153736878.87902500,345627,14159.43000000,62071032.83035600
1759406400000,2025-10-02 12:00:00,4378.92000000,4443.00000000,4335.74000000,4437.09000000,132455.04830000,1759420799999,582506638.24464100,1211585,66452.40110000,292380655.01827500
1759420800000,2025-10-02 16:00:00,4437.10000000,4516.74000000,4426.12000000,4495.61000000,116624.19450000,1759435199999,521434465.83191500,936136,67678.42500000,302616617.55480500
1759435200000,2025-10-02 20:00:00,4495.62000000,4497.87000000,4457.27000000,4484.35000000,41680.24420000,1759449599999,186608279.45353100,466332,19083.45270000,85458144.89264500
1759449600000,2025-10-03 00:00:00,4484.35000000,4560.00000000,4461.01000000,4500.59000000,75124.27420000,1759463999999,338518861.45232700,665619,36762.76090000,165755621.15934600
1759464000000,2025-10-03 04:00:00,4500.59000000,4510.79000000,4454.00000000,4462.33000000,56599.20940000,1759478399999,253321096.95881100,511668,23911.06640000,107033220.69452200
1759478400000,2025-10-03 08:00:00,4462.32000000,4495.00000000,4428.00000000,4478.45000000,56813.72370000,1759492799999,253594323.47589200,530460,28477.54040000,127130280.08889100
1759492800000,2025-10-03 12:00:00,4478.46000000,4541.66000000,4436.26000000,4534.75000000,97652.29570000,1759507199999,437817325.07501600,1298681,50735.33720000,227542795.08156700
1759507200000,2025-10-03 16:00:00,4534.75000000,4591.59000000,4450.62000000,4519.48000000,163628.11930000,1759521599999,738992184.92049900,1732550,77731.72590000,351232539.71291700
1759521600000,2025-10-03 20:00:00,4519.49000000,4542.97000000,4493.72000000,4512.87000000,35866.40440000,1759535999999,162179232.70000000,410670,17011.71910000,76950187.65709200
1759536000000,2025-10-04 00:00:00,4512.88000000,4516.91000000,4463.17000000,4487.06000000,42001.23320000,1759550399999,188505380.15006500,483665,18318.82140000,82186445.43931900
1759550400000,2025-10-04 04:00:00,4487.07000000,4517.93000000,4479.66000000,4498.29000000,29248.02010000,1759564799999,131644128.04178700,349896,15153.69960000,68207811.38383600
1759564800000,2025-10-04 08:00:00,4498.28000000,4503.90000000,4479.93000000,4483.83000000,26306.83090000,1759579199999,118138612.69973200,320534,11343.97680000,50956888.11724600
1759579200000,2025-10-04 12:00:00,4483.84000000,4511.71000000,4441.34000000,4455.05000000,49716.96100000,1759593599999,222562976.39860300,575451,22455.27730000,100582835.18748800
1759593600000,2025-10-04 16:00:00,4455.08000000,4476.46000000,4440.00000000,4467.12000000,33938.11250000,1759607999999,151292156.26748000,339252,14014.17640000,62483513.71358400
1759608000000,2025-10-04 20:00:00,4467.13000000,4494.50000000,4467.13000000,4487.15000000,18521.55110000,1759622399999,83052458.32341200,183463,8875.86640000,39800271.35516000
1759622400000,2025-10-05 00:00:00,4487.16000000,4575.00000000,4467.05000000,4531.54000000,109994.62390000,1759636799999,498762776.67768800,710371,62713.07510000,284326107.03482200
1759636800000,2025-10-05 04:00:00,4531.55000000,4615.00000000,4529.00000000,4605.97000000,122504.77340000,1759651199999,560066566.45521900,846754,69554.69330000,318000832.27429100
1759651200000,2025-10-05 08:00:00,4605.98000000,4618.17000000,4523.45000000,4551.06000000,147092.09500000,1759665599999,672059164.09686900,808872,68495.00280000,312950085.72174700
1759665600000,2025-10-05 12:00:00,4551.07000000,4551.07000000,4526.74000000,4532.00000000,44543.82380000,1759679999999,202180247.87005600,444018,23421.02420000,106313521.39066400
1759680000000,2025-10-05 16:00:00,4532.00000000,4540.71000000,4482.06000000,4487.26000000,56477.45010000,1759694399999,254973191.00725700,610684,26394.00040000,119194377.40619000
1759694400000,2025-10-05 20:00:00,4487.26000000,4523.48000000,4474.00000000,4514.32000000,25975.19520000,1759708799999,117020906.08446000,370396,14669.11030000,66092249.25334100
1759708800000,2025-10-06 00:00:00,4514.32000000,4552.44000000,4488.25000000,4537.08000000,65211.58510000,1759723199999,295068706.53874500,766023,34898.72850000,157958682.17043900
1759723200000,2025-10-06 04:00:00,4537.09000000,4577.80000000,4509.00000000,4533.19000000,54394.59220000,1759737599999,247256176.44543300,557372,23312.34270000,105955443.77707000
1759737600000,2025-10-06 08:00:00,4533.20000000,4593.65000000,4533.20000000,4571.71000000,55734.39920000,1759751999999,254620026.90902800,586990,32637.55050000,149122076.00897900
1759752000000,2025-10-06 12:00:00,4571.71000000,4693.80000000,4570.25000000,4673.39000000,142820.94720000,1759766399999,662427980.85477600,1372185,77890.68960000,361144900.91219600
1759766400000,2025-10-06 16:00:00,4673.39000000,4733.18000000,4659.99000000,4722.62000000,82331.19000000,1759780799999,386841464.74878200,837023,42193.84290000,198294471.14302700
1759780800000,2025-10-06 20:00:00,4722.61000000,4735.93000000,4672.56000000,4684.01000000,55707.93910000,1759795199999,261668398.11796500,558062,24529.79460000,115225131.06337500
1759795200000,2025-10-07 00:00:00,4684.02000000,4698.99000000,4663.71000000,4690.59000000,42932.29330000,1759809599999,201023506.69494800,489787,20551.50510000,96224442.12359500
1759809600000,2025-10-07 04:00:00,4690.59000000,4730.94000000,4665.03000000,4678.19000000,70809.17240000,1759823999999,332445126.93316200,622001,35013.61540000,164438121.12110300
1759824000000,2025-10-07 08:00:00,4678.20000000,4713.17000000,4638.92000000,4708.81000000,69221.71020000,1759838399999,323666135.94963400,694116,36447.68600000,170487954.98727000
1759838400000,2025-10-07 12:00:00,4708.82000000,4755.00000000,4477.43000000,4511.99000000,272531.47800000,1759852799999,1258683589.99153400,2240004,130692.17370000,603934035.19260500
1759852800000,2025-10-07 16:00:00,4511.99000000,4524.00000000,4446.13000000,4479.44000000,129849.57410000,1759867199999,582336180.96559700,1295224,60779.97240000,272760634.47736300
1759867200000,2025-10-07 20:00:00,4479.48000000,4517.09000000,4430.43000000,4447.70000000,55341.70390000,1759881599999,248281321.86596300,687536,24922.65600000,111864967.57513300
1759881600000,2025-10-08 00:00:00,4447.70000000,4498.22000000,4433.68000000,4443.60000000,63178.95780000,1759895999999,282058330.62003400,918656,29929.19080000,133635775.68659300
1759896000000,2025-10-08 04:00:00,4443.59000000,4465.50000000,4410.08000000,4463.48000000,68889.52120000,1759910399999,306061686.72548400,827472,35881.75830000,159471035.45197100
1759910400000,2025-10-08 08:00:00,4463.48000000,4506.85000000,4458.22000000,4487.30000000,58000.77680000,1759924799999,260175499.49544500,611855,32169.05100000,144278958.13780100
1759924800000,2025-10-08 12:00:00,4487.30000000,4522.60000000,4437.08000000,4447.14000000,90304.27770000,1759939199999,403993747.88165000,1211362,46633.21370000,208726815.37818400
1759939200000,2025-10-08 16:00:00,4447.15000000,4558.00000000,4439.00000000,4515.27000000,94654.63960000,1759953599999,427057154.70022400,872408,48696.72850000,219712351.16595700
1759953600000,2025-10-08 20:00:00,4515.28000000,4539.31000000,4500.18000000,4525.72000000,24876.15560000,1759967999999,112469203.21290800,329855,12275.82720000,55507960.61532900
1759968000000,2025-10-09 00:00:00,4525.72000000,4531.52000000,4398.17000000,4450.80000000,95180.18500000,1759982399999,424575605.00617800,733992,34398.34250000,153329243.98094700
1759982400000,2025-10-09 04:00:00,4450.80000000,4460.00000000,4411.00000000,4426.60000000,53292.32340000,1759996799999,236572007.38606800,434350,23100.94190000,102526919.09755100
1759996800000,2025-10-09 08:00:00,4426.60000000,4426.69000000,4320.00000000,4373.05000000,135485.78400000,1760011199999,589953284.96821300,1066859,67207.39720000,292621052.28321700
1760011200000,2025-10-09 12:00:00,4373.06000000,4413.76000000,4291.82000000,4314.79000000,119759.57480000,1760025599999,521241303.03685200,1481062,60357.92270000,262803677.38311000
1760025600000,2025-10-09 16:00:00,4314.78000000,4344.33000000,4265.06000000,4338.00000000,77400.70730000,1760039999999,333394700.96179200,1019427,38184.75520000,164521704.07975400
1760040000000,2025-10-09 20:00:00,4338.03000000,4383.00000000,4327.89000000,4368.09000000,34859.60840000,1760054399999,151837137.30948700,445671,19524.27890000,85044917.51055900
1760054400000,2025-10-10 00:00:00,4368.09000000,4393.63000000,4342.98000000,4347.13000000,50255.51220000,1760068799999,219617166.67958600,568039,22159.37250000,96897863.17286400
1760068800000,2025-10-10 04:00:00,4347.12000000,4377.14000000,4315.23000000,4323.39000000,54577.68850000,1760083199999,237019724.69656300,715241,29706.80890000,129054683.99469000
1760083200000,2025-10-10 08:00:00,4323.40000000,4351.27000000,4313.39000000,4343.02000000,37120.33160000,1760097599999,160873554.17807100,541527,21892.24290000,94880279.84904500
1760097600000,2025-10-10 12:00:00,4343.02000000,4390.46000000,4073.55000000,4103.11000000,286824.61160000,1760111999999,1207697367.63053700,2159791,135090.77840000,569166442.12448500
1760112000000,2025-10-10 16:00:00,4103.10000000,4138.52000000,3950.69000000,3997.56000000,226757.75650000,1760126399999,921560702.22191800,2230937,102655.39420000,417172698.28088900
1760126400000,2025-10-10 20:00:00,3997.56000000,4380.00000000,3435.00000000,3829.72000000,838435.12400000,1760140799999,3207830473.28364000,6378979,369096.09280000,1416394259.75057000
1760140800000,2025-10-11 00:00:00,3829.72000000,3878.30000000,3726.16000000,3792.26000000,251247.23490000,1760155199999,955640033.02635800,2306025,114883.28900000,436927111.43953700
1760155200000,2025-10-11 04:00:00,3792.27000000,3831.98000000,3733.70000000,3758.81000000,144423.69000000,1760169599999,546430048.24698000,1723356,69137.04880000,261745348.57662900
1760169600000,2025-10-11 08:00:00,3758.82000000,3857.24000000,3749.13000000,3839.99000000,133875.21310000,1760183999999,511054845.55170700,1310803,61145.80880000,233479619.77912500
1760184000000,2025-10-11 12:00:00,3839.99000000,3855.06000000,3786.07000000,3825.13000000,82809.64580000,1760198399999,316518891.58265400,1059080,39237.39550000,150021099.03129700
1760198400000,2025-10-11 16:00:00,3825.14000000,3848.00000000,3731.03000000,3760.61000000,73573.58410000,1760212799999,279165768.73865400,1024666,29744.10580000,112982860.17054500
1760212800000,2025-10-11 20:00:00,3760.61000000,3766.66000000,3643.33000000,3746.79000000,103956.29030000,1760227199999,385701553.26294600,1370215,47959.94220000,178050403.87994700
1760227200000,2025-10-12 00:00:00,3746.80000000,3819.22000000,3694.74000000,3781.61000000,118058.81670000,1760241599999,442013517.89245900,1433962,60512.93900000,226707501.57531300
1760241600000,2025-10-12 04:00:00,3781.62000000,3844.50000000,3776.27000000,3827.99000000,69518.88140000,1760255999999,265298877.01505400,706853,42417.67870000,161862597.56847200
1760256000000,2025-10-12 08:00:00,3827.98000000,3866.60000000,3806.34000000,3820.36000000,74514.09710000,1760270399999,285328370.09835300,696185,36849.52560000,141098593.69139700
1760270400000,2025-10-12 12:00:00,3820.36000000,4080.00000000,3793.56000000,4034.59000000,256836.96010000,1760284799999,1015347726.59006300,2031444,129712.73610000,513073247.43953400
1760284800000,2025-10-12 16:00:00,4034.59000000,4170.00000000,4034.58000000,4135.68000000,162787.22560000,1760299199999,669111865.38183300,1882804,83151.38870000,341806035.43682000
1760299200000,2025-10-12 20:00:00,4135.68000000,4197.70000000,4080.70000000,4152.29000000,129592.17110000,1760313599999,536301195.29719400,1535443,53856.28060000,222910790.20875900
1760313600000,2025-10-13 00:00:00,4152.29000000,4220.89000000,4124.54000000,4139.78000000,110123.47340000,1760327999999,458063226.76943800,1645615,54527.63070000,226874446.83526400
1760328000000,2025-10-13 04:00:00,4139.79000000,4198.00000000,4116.07000000,4178.30000000,74789.99910000,1760342399999,310672057.59107200,925801,35999.45320000,149630819.54354900
1760342400000,2025-10-13 08:00:00,4178.29000000,4195.52000000,4042.29000000,4080.39000000,97647.45990000,1760356799999,402881406.94057900,1212077,44389.40160000,183193477.72076600
1760356800000,2025-10-13 12:00:00,4080.38000000,4180.00000000,4056.57000000,4135.00000000,171122.23170000,1760371199999,704912123.24062000,2226028,79753.39700000,328683688.07583800
1760371200000,2025-10-13 16:00:00,4135.01000000,4271.12000000,4129.14000000,4251.96000000,113706.81920000,1760385599999,477924712.12718500,1592084,62151.07370000,261300467.66642500
1760385600000,2025-10-13 20:00:00,4251.96000000,4292.00000000,4236.08000000,4240.85000000,55423.94140000,1760399999999,236243514.81071100,719644,26127.05320000,111409510.24066700
1760400000000,2025-10-14 00:00:00,4240.86000000,4263.38000000,4137.63000000,4153.56000000,86464.57030000,1760414399999,362366447.02402900,1052991,40846.82410000,171159190.02137200
1760414400000,2025-10-14 04:00:00,4153.56000000,4160.75000000,3965.56000000,3981.19000000,180870.11800000,1760428799999,731425802.51923600,2000154,84966.84460000,343427266.30801200
1760428800000,2025-10-14 08:00:00,3981.19000000,4014.61000000,3888.74000000,3971.85000000,163117.09100000,1760443199999,646019801.35179000,1930255,82560.91890000,327227864.96135500
1760443200000,2025-10-14 12:00:00,3971.85000000,4088.79000000,3893.77000000,4085.40000000,252159.67440000,1760457599999,1001592611.95710300,2611757,147082.62350000,584087812.41810800
1760457600000,2025-10-14 16:00:00,4085.41000000,4164.62000000,4048.49000000,4102.94000000,222833.57110000,1760471999999,915778554.52425400,2329798,116990.08000000,480875777.40187600
1760472000000,2025-10-14 20:00:00,4102.96000000,4144.54000000,4072.69000000,4125.02000000,57551.74100000,1760486399999,236836043.56963100,789757,27899.39060000,114842370.09723200
1760486400000,2025-10-15 00:00:00,4125.01000000,4145.73000000,4060.11000000,4080.70000000,93684.78030000,1760500799999,384188063.38319900,1228179,37428.47130000,153566260.27834300
1760500800000,2025-10-15 04:00:00,4080.70000000,4129.37000000,4072.00000000,4122.04000000,88151.97590000,1760515199999,361992717.26947700,998805,52392.08560000,215171070.45356000
1760515200000,2025-10-15 08:00:00,4122.03000000,4217.60000000,4087.78000000,4099.90000000,121592.36360000,1760529599999,504829238.61281700,1124739,65081.44530000,270405551.38410000
1760529600000,2025-10-15 12:00:00,4099.89000000,4107.14000000,3959.33000000,3980.97000000,153858.65400000,1760543999999,622424177.55143800,1936129,76164.52670000,308104592.30888100
1760544000000,2025-10-15 16:00:00,3980.98000000,4013.17000000,3929.66000000,3983.21000000,97017.74700000,1760558399999,385728118.49429600,1165693,49270.66670000,195886039.59037400
1760558400000,2025-10-15 20:00:00,3983.21000000,3996.16000000,3926.74000000,3985.61000000,71776.17580000,1760572799999,284619802.66203000,968256,32838.34330000,130259359.98686300
1760572800000,2025-10-16 00:00:00,3985.61000000,4036.84000000,3976.07000000,4014.85000000,77531.32470000,1760587199999,311049675.97932300,942961,47290.49310000,189789245.56956200
1760587200000,2025-10-16 04:00:00,4014.85000000,4049.88000000,3979.36000000,4004.30000000,60755.40210000,1760601599999,243817392.48717900,843311,27302.17180000,109607225.85277400
1760601600000,2025-10-16 08:00:00,4004.31000000,4078.96000000,3940.66000000,4061.85000000,93961.84680000,1760615999999,377603652.30959100,1235239,45250.92910000,181992469.56347600
1760616000000,2025-10-16 12:00:00,4061.86000000,4086.49000000,3892.00000000,3907.18000000,169535.94000000,1760630399999,678412389.50658100,2133562,84487.99310000,338672049.53114000
1760630400000,2025-10-16 16:00:00,3907.17000000,3967.60000000,3851.11000000,3867.01000000,167547.36400000,1760644799999,653549525.79567200,2299805,74907.31410000,292201494.79277600
1760644800000,2025-10-16 20:00:00,3867.14000000,3898.05000000,3826.04000000,3894.51000000,74472.73870000,1760659199999,287785818.94047300,997024,40424.52540000,156294798.10143100
1760659200000,2025-10-17 00:00:00,3894.50000000,3950.45000000,3888.24000000,3933.25000000,59225.10150000,1760673599999,232231843.21153800,884263,28200.81720000,110580242.40275500
1760673600000,2025-10-17 04:00:00,3933.26000000,3935.97000000,3752.89000000,3756.49000000,163147.11280000,1760687999999,623776425.57228900,1698675,72690.04260000,277995917.90685800
1760688000000,2025-10-17 08:00:00,3756.49000000,3817.70000000,3674.50000000,3778.54000000,292369.70550000,1760702399999,1092523855.57164000,2548884,158779.55930000,593321889.77928100
1760702400000,2025-10-17 12:00:00,3778.53000000,3811.42000000,3714.00000000,3797.75000000,163163.95840000,1760716799999,614939139.98830000,2302543,85545.43730000,322540098.70622500
1760716800000,2025-10-17 16:00:00,3797.76000000,3850.36000000,3779.01000000,3827.76000000,94686.06520000,1760731199999,361472474.66662400,1452797,47122.18680000,179937917.33470900
1760731200000,2025-10-17 20:00:00,3827.77000000,3883.17000000,3818.25000000,3831.57000000,57535.14510000,1760745599999,222063187.51071900,525407,29389.00130000,113499886.08779500
1760745600000,2025-10-18 00:00:00,3831.58000000,3882.28000000,3819.07000000,3870.57000000,48438.16740000,1760759999999,186873513.17318100,579812,25111.69270000,96913707.08143100
1760760000000,2025-10-18 04:00:00,3870.56000000,3927.73000000,3841.30000000,3892.43000000,55461.13910000,1760774399999,215409240.38962600,644485,29242.45150000,113646123.04799700
1760774400000,2025-10-18 08:00:00,3892.44000000,3906.00000000,3861.98000000,3881.99000000,53646.38100000,1760788799999,208130611.96140400,612904,25092.61900000,97375805.65000500
1760788800000,2025-10-18 12:00:00,3881.99000000,3893.38000000,3848.81000000,3877.89000000,37468.74000000,1760803199999,144990576.90346200,545583,16519.19280000,63925058.60795800
1760803200000,2025-10-18 16:00:00,3877.90000000,3898.83000000,3853.16000000,3893.64000000,29362.97970000,1760817599999,113796984.37259600,428888,14670.91950000,56846982.55812200
1760817600000,2025-10-18 20:00:00,3893.63000000,3908.94000000,3869.62000000,3889.21000000,26333.20490000,1760831999999,102415704.84267400,362575,12890.85250000,50133445.08427700
1760832000000,2025-10-19 00:00:00,3889.20000000,3906.57000000,3855.70000000,3906.29000000,40481.77700000,1760846399999,157062558.50445400,449126,21010.70650000,81499528.95434300
1760846400000,2025-10-19 04:00:00,3906.30000000,3921.61000000,3873.91000000,3888.01000000,48962.10480000,1760860799999,190797355.34753200,447892,30019.89360000,116998895.16174700
1760860800000,2025-10-19 08:00:00,3888.01000000,3955.60000000,3827.04000000,3923.82000000,115957.71220000,1760875199999,452925703.13906400,1322313,61114.94010000,238879196.59498300
1760875200000,2025-10-19 12:00:00,3923.82000000,4002.08000000,3908.17000000,3978.65000000,91707.69250000,1760889599999,363827293.49901400,925637,46643.45050000,184980573.42678900
1760889600000,2025-10-19 16:00:00,3978.65000000,4026.95000000,3958.71000000,3985.75000000,70651.98880000,1760903999999,282004284.52017300,645629,33488.76930000,133737357.54925300
1760904000000,2025-10-19 20:00:00,3985.75000000,4030.94000000,3970.00000000,3982.58000000,40776.97920000,1760918399999,162929524.14396200,586653,18493.06900000,73924310.52881000
1760918400000,2025-10-20 00:00:00,3982.58000000,4038.88000000,3908.73000000,4026.90000000,79570.21810000,1760932799999,314764653.14242300,1227594,38796.00140000,153527236.63600200
1760932800000,2025-10-20 04:00:00,4026.90000000,4085.30000000,4023.07000000,4055.03000000,102258.79820000,1760947199999,415122084.29373200,1043379,57718.26830000,234329040.88310300
1760947200000,2025-10-20 08:00:00,4055.03000000,4070.92000000,4012.21000000,4035.02000000,73033.70350000,1760961599999,294862315.49475200,870640,40389.90270000,163069100.09671500
1760961600000,2025-10-20 12:00:00,4035.03000000,4049.51000000,4002.07000000,4003.98000000,117292.01880000,1760975999999,472835595.61300000,1119768,38266.66970000,154259129.78957000
1760976000000,2025-10-20 16:00:00,4003.99000000,4003.99000000,3922.00000000,3981.36000000,111593.22460000,1760990399999,441642759.24048900,1122731,48010.21150000,190028264.24566100
1760990400000,2025-10-20 20:00:00,3981.36000000,4003.20000000,3971.01000000,3979.22000000,27634.36690000,1761004799999,110138849.51050300,419279,13945.13150000,55589529.62665700
1761004800000,2025-10-21 00:00:00,3979.22000000,3985.76000000,3918.39000000,3922.66000000,50471.43200000,1761019199999,199225923.02579200,653735,22400.38510000,88465907.96271200
1761019200000,2025-10-21 04:00:00,3922.66000000,3922.66000000,3840.24000000,3892.95000000,91272.54650000,1761033599999,353460216.56925000,1046127,41840.95080000,162059009.72109600
1761033600000,2025-10-21 08:00:00,3892.95000000,3897.77000000,3851.00000000,3890.07000000,46017.18150000,1761047999999,178318787.29236000,578985,22649.58250000,87798624.61373600
1761048000000,2025-10-21 12:00:00,3890.06000000,4084.91000000,3852.06000000,4081.66000000,176194.31390000,1761062399999,699468689.64671000,1993099,84778.46280000,336810467.90792900
1761062400000,2025-10-21 16:00:00,4081.66000000,4110.00000000,3965.47000000,3995.69000000,143288.42390000,1761076799999,578471312.04167100,1586985,68986.01180000,278747827.07032400
1761076800000,2025-10-21 20:00:00,3995.70000000,4001.13000000,3858.00000000,3873.05000000,83350.24040000,1761091199999,326778259.10146400,1156118,39130.11230000,153375253.71996600
1761091200000,2025-10-22 00:00:00,3873.04000000,3889.27000000,3821.64000000,3859.57000000,73814.11820000,1761105599999,284572202.85762900,856855,34831.53960000,134305911.52758500
1761105600000,2025-10-22 04:00:00,3859.58000000,3884.34000000,3838.31000000,3868.72000000,51818.23040000,1761119999999,200013585.29665800,650882,26056.84320000,100591673.87465200
1761120000000,2025-10-22 08:00:00,3868.72000000,3868.91000000,3770.02000000,3829.00000000,84899.40200000,1761134399999,324949148.32087500,1032783,39297.89260000,150391392.95592700
1761134400000,2025-10-22 12:00:00,3829.01000000,3876.92000000,3780.32000000,3841.76000000,179714.84310000,1761148799999,688852973.15390900,1975980,76285.80560000,292418597.80143300
1761148800000,2025-10-22 16:00:00,3841.76000000,3861.90000000,3784.00000000,3804.00000000,115522.16190000,1761163199999,441512240.75620100,1370696,47416.09990000,181257897.13702200
1761163200000,2025-10-22 20:00:00,3804.00000000,3816.50000000,3710.00000000,3805.53000000,87361.33490000,1761177599999,328806499.72463200,947048,39694.63640000,149369454.69516100
1761177600000,2025-10-23 00:00:00,3805.53000000,3835.93000000,3796.54000000,3826.79000000,34230.42230000,1761191999999,130768614.31283000,483260,15785.37930000,60312371.49191900
1761192000000,2025-10-23 04:00:00,3826.80000000,3897.00000000,3822.76000000,3881.01000000,59576.81130000,1761206399999,230309112.50241300,515773,30455.81050000,117721498.75260700
1761206400000,2025-10-23 08:00:00,3881.02000000,3905.22000000,3859.00000000,3863.06000000,58633.75550000,1761220799999,227837955.56734300,577261,30915.12390000,120169568.85274900
1761220800000,2025-10-23 12:00:00,3863.06000000,3887.35000000,3808.01000000,3876.94000000,185281.38430000,1761235199999,712652655.66747700,1320934,73932.89040000,284566235.62488100
1761235200000,2025-10-23 16:00:00,3876.95000000,3934.86000000,3845.00000000,3859.40000000,101157.98110000,1761249599999,393489679.74230100,879471,43274.99700000,168383321.47074700
1761249600000,2025-10-23 20:00:00,3859.40000000,3860.10000000,3818.72000000,3856.80000000,38350.66360000,1761263999999,147380979.21450200,429729,16143.77280000,62027075.81403000
1761264000000,2025-10-24 00:00:00,3856.80000000,3896.00000000,3845.86000000,3891.00000000,35863.77390000,1761278399999,138947725.45340700,541738,17688.69490000,68555547.44180700
1761278400000,2025-10-24 04:00:00,3891.00000000,3989.20000000,3886.21000000,3949.22000000,86681.35320000,1761292799999,342984382.05881200,767383,47466.81910000,187750010.70319700
1761292800000,2025-10-24 08:00:00,3949.22000000,3969.81000000,3925.83000000,3946.57000000,58504.13860000,1761307199999,231122729.05633500,661915,30029.66330000,118642416.75828100
1761307200000,2025-10-24 12:00:00,3946.58000000,4026.39000000,3871.32000000,3888.92000000,164441.31840000,1761321599999,648558762.95543800,1477804,80263.92670000,316784580.77929100
1761321600000,2025-10-24 16:00:00,3888.92000000,3937.90000000,3866.43000000,3926.53000000,56593.06770000,1761335999999,220609858.50095900,576294,29786.31340000,116164167.58423800
1761336000000,2025-10-24 20:00:00,3926.53000000,3945.23000000,3924.38000000,3934.88000000,23843.28650000,1761350399999,93813792.07526300,266571,12519.42010000,49258493.29434500
1761350400000,2025-10-25 00:00:00,3934.88000000,3939.29000000,3912.40000000,3921.20000000,22578.84680000,1761364799999,88667216.97348400,255005,10392.87470000,40817406.66283400
1761364800000,2025-10-25 04:00:00,3921.21000000,3960.57000000,3920.46000000,3928.92000000,29435.12920000,1761379199999,115758115.70977400,258533,12295.97610000,48375546.37821100
1761379200000,2025-10-25 08:00:00,3928.93000000,3956.59000000,3927.70000000,3940.31000000,20459.09840000,1761393599999,80684513.73943700,288448,10601.27150000,41809192.36004800
1761393600000,2025-10-25 12:00:00,3940.32000000,3956.41000000,3924.20000000,3932.71000000,24666.12480000,1761407999999,97180844.00735100,260133,12791.60390000,50391771.79450600
1761408000000,2025-10-25 16:00:00,3932.72000000,3969.22000000,3927.74000000,3957.43000000,26582.61060000,1761422399999,104920301.97787100,220136,15125.36440000,59690287.13097300
1761422400000,2025-10-25 20:00:00,3957.44000000,3964.76000000,3935.82000000,3953.82000000,14804.52400000,1761436799999,58511027.26805800,193892,6460.18870000,25532983.56408900
1761436800000,2025-10-26 00:00:00,3953.81000000,3961.87000000,3919.03000000,3931.82000000,29409.50930000,1761451199999,115884709.97705900,320527,15322.62260000,60405278.11482000
1761451200000,2025-10-26 04:00:00,3931.82000000,3956.59000000,3928.83000000,3951.57000000,15902.02180000,1761465599999,62703973.08354500,137591,8645.87300000,34087881.03099800
1761465600000,2025-10-26 08:00:00,3951.57000000,4054.97000000,3951.08000000,4044.99000000,81774.82310000,1761479999999,327001303.98922200,716665,44563.50220000,178214995.19631200
1761480000000,2025-10-26 12:00:00,4044.98000000,4099.02000000,4040.66000000,4075.29000000,89022.61370000,1761494399999,362359719.33115900,901008,42849.66250000,174425565.62987600
1761494400000,2025-10-26 16:00:00,4075.29000000,4080.25000000,4046.29000000,4067.94000000,37810.85310000,1761508799999,153697277.88949300,346095,17958.85770000,73001941.09230700
1761508800000,2025-10-26 20:00:00,4067.94000000,4178.78000000,4054.11000000,4158.46000000,90778.27080000,1761523199999,375189832.42298700,827601,44379.66760000,183355423.19776200
1761523200000,2025-10-27 00:00:00,4158.46000000,4225.55000000,4148.48000000,4205.08000000,94241.75200000,1761537599999,395006775.63220000,817809,47594.21790000,199540643.50110600
1761537600000,2025-10-27 04:00:00,4205.08000000,4253.72000000,4193.24000000,4201.36000000,78401.85130000,1761551999999,331105882.26370900,728435,34641.57620000,146365090.20005700
1761552000000,2025-10-27 08:00:00,4201.36000000,4201.51000000,4133.00000000,4162.14000000,89992.01870000,1761566399999,374946841.09640100,818074,46026.88100000,191751715.56583800
1761566400000,2025-10-27 12:00:00,4162.14000000,4188.00000000,4124.52000000,4172.96000000,95706.28500000,1761580799999,397792096.72993200,1155725,56194.66420000,233631204.54708900
1761580800000,2025-10-27 16:00:00,4172.95000000,4233.48000000,4172.95000000,4193.96000000,60752.79810000,1761595199999,255587459.39688200,822119,32886.17060000,138353355.54498100
1761595200000,2025-10-27 20:00:00,4193.95000000,4195.79000000,4095.00000000,4120.15000000,68036.52400000,1761609599999,281245937.48448300,739622,31656.46300000,130855584.44119400
1761609600000,2025-10-28 00:00:00,4120.16000000,4143.13000000,4069.80000000,4094.32000000,68080.56550000,1761623999999,279658172.23329300,633459,29750.47060000,122273584.28725900
1761624000000,2025-10-28 04:00:00,4094.31000000,4127.00000000,4066.58000000,4117.24000000,46990.64630000,1761638399999,192546057.86805100,564335,26529.30480000,108719903.50638500
1761638400000,2025-10-28 08:00:00,4117.25000000,4136.10000000,4104.23000000,4112.46000000,30177.84000000,1761652799999,124302464.20154400,418449,15791.41930000,65047897.30762100
1761652800000,2025-10-28 12:00:00,4112.45000000,4175.55000000,4071.28000000,4096.85000000,102498.67100000,1761667199999,423006592.93457800,1273256,49557.37770000,204578513.63246000
1761667200000,2025-10-28 16:00:00,4096.86000000,4151.28000000,4027.00000000,4039.39000000,92255.27390000,1761681599999,377506578.28224300,1063733,41342.92490000,169291431.93333400
1761681600000,2025-10-28 20:00:00,4039.37000000,4042.49000000,3931.33000000,3979.20000000,132962.84100000,1761695999999,529569429.97197300,1108767,59990.66060000,238851722.04998900
1761696000000,2025-10-29 00:00:00,3979.19000000,4008.89000000,3964.56000000,3997.66000000,40658.01850000,1761710399999,162019073.01759500,525455,21463.12290000,85551490.69610900
1761710400000,2025-10-29 04:00:00,3997.66000000,4036.66000000,3996.00000000,4025.06000000,37966.54920000,1761724799999,152621606.52865500,438689,19743.78930000,79384614.02638600
1761724800000,2025-10-29 08:00:00,4025.07000000,4027.17000000,3983.60000000,4011.01000000,41280.26230000,1761739199999,165285889.20987100,572302,18515.84200000,74133143.59305800
1761739200000,2025-10-29 12:00:00,4011.01000000,4029.41000000,3941.61000000,3951.71000000,76342.39910000,1761753599999,304259895.31504000,1104323,34412.37220000,137215218.43694100
1761753600000,2025-10-29 16:00:00,3951.72000000,4018.46000000,3840.37000000,3905.71000000,221047.02080000,1761767999999,870055690.46009500,2174382,104425.92620000,411187002.56452500
1761768000000,2025-10-29 20:00:00,3905.70000000,3963.59000000,3874.01000000,3902.99000000,69158.06280000,1761782399999,271085937.30276200,756476,32133.72740000,125932300.00758900
1761782400000,2025-10-30 00:00:00,3903.00000000,3948.74000000,3885.41000000,3934.58000000,44425.51660000,1761796799999,174352222.61121600,720250,23467.27590000,92064523.32477800
1761796800000,2025-10-30 04:00:00,3934.58000000,3944.94000000,3839.50000000,3940.42000000,104896.31930000,1761811199999,408175685.73665500,1344303,52189.87980000,203124635.50700000
1761811200000,2025-10-30 08:00:00,3940.43000000,3940.43000000,3877.34000000,3881.10000000,41203.61220000,1761825599999,160821500.29970000,671375,19438.64260000,75853726.92644100
1761825600000,2025-10-30 12:00:00,3881.10000000,3884.43000000,3758.37000000,3773.69000000,155241.50920000,1761839999999,590338489.56753100,1756334,70030.60890000,266285097.70787800
1761840000000,2025-10-30 16:00:00,3773.69000000,3802.37000000,3680.10000000,3686.93000000,126564.46500000,1761854399999,473345419.05653500,1516560,54768.66090000,204812286.55805600
1761854400000,2025-10-30 20:00:00,3686.93000000,3807.21000000,3680.00000000,3805.09000000,59124.57000000,1761868799999,221675246.95057500,897609,33262.61470000,124775371.07242700
1761868800000,2025-10-31 00:00:00,3804.95000000,3860.79000000,3796.36000000,3829.16000000,57392.98380000,1761883199999,219808219.08610300,783170,28043.86490000,107417927.16050800
1761883200000,2025-10-31 04:00:00,3829.16000000,3873.68000000,3821.67000000,3831.49000000,56050.64330000,1761897599999,215591315.44469400,634069,28908.44130000,111187066.78764000
1761897600000,2025-10-31 08:00:00,3831.49000000,3883.13000000,3818.48000000,3874.01000000,45183.45690000,1761911999999,173820022.23349000,646245,23196.72280000,89260704.12911700
1761912000000,2025-10-31 12:00:00,3874.01000000,3888.00000000,3831.95000000,3860.99000000,180403.51400000,1761926399999,696373849.94635200,1282861,109572.65260000,423005326.19622400
1761926400000,2025-10-31 16:00:00,3860.99000000,3906.09000000,3804.74000000,3886.15000000,99468.14750000,1761940799999,382765064.51600100,1216511,49098.03810000,189081383.11521700
1761940800000,2025-10-31 20:00:00,3886.14000000,3893.29000000,3841.31000000,3847.99000000,40137.55400000,1761955199999,155112769.72421800,437839,25178.11640000,97303492.47106000
1761955200000,2025-11-01 00:00:00,3848.00000000,3864.43000000,3831.00000000,3861.38000000,21651.48080000,1761969599999,83304777.22669700,320967,11665.00740000,44883939.57931400
1761969600000,2025-11-01 04:00:00,3861.38000000,3869.55000000,3852.96000000,3860.84000000,21459.94740000,1761983999999,82864065.51708700,233163,10078.57120000,38916238.04611800
1761984000000,2025-11-01 08:00:00,3860.84000000,3882.94000000,3860.73000000,3877.79000000,25844.51040000,1761998399999,100133657.68935300,249747,11222.22260000,43476999.45902200
1761998400000,2025-11-01 12:00:00,3877.79000000,3902.00000000,3858.11000000,3895.15000000,39015.65700000,1762012799999,151368335.31896300,426463,18845.49280000,73120331.40323500
1762012800000,2025-11-01 16:00:00,3895.15000000,3909.39000000,3862.92000000,3879.99000000,29432.89920000,1762027199999,114335031.92959800,369348,14858.97460000,57746829.86835500
1762027200000,2025-11-01 20:00:00,3880.00000000,3891.60000000,3864.31000000,3873.77000000,15593.66780000,1762041599999,60453591.07986900,241215,8968.59260000,34768181.81423100
1762041600000,2025-11-02 00:00:00,3873.78000000,3886.85000000,3861.71000000,3880.63000000,17627.75580000,1762055999999,68270041.70445800,233606,9667.33590000,37433395.26283100
1762056000000,2025-11-02 04:00:00,3880.62000000,3918.23000000,3876.01000000,3906.73000000,30950.71740000,1762070399999,120702578.97745300,370849,17293.23780000,67453214.41642900
1762070400000,2025-11-02 08:00:00,3906.73000000,3910.97000000,3853.76000000,3891.31000000,60294.52560000,1762084799999,233926885.68936900,482907,35332.99670000,137095549.46164300
1762084800000,2025-11-02 12:00:00,3891.31000000,3895.41000000,3839.12000000,3853.33000000,46715.92450000,1762099199999,180517777.23001700,600626,21166.25790000,81789606.81280400
1762099200000,2025-11-02 16:00:00,3853.32000000,3867.42000000,3840.64000000,3855.98000000,26684.75860000,1762113599999,102878412.12667300,351291,11957.32600000,46105591.69924200
1762113600000,2025-11-02 20:00:00,3855.99000000,3916.27000000,3844.05000000,3906.58000000,33809.47230000,1762127999999,131059214.96065800,393881,20000.76620000,77546341.72048200
1762128000000,2025-11-03 00:00:00,3906.58000000,3914.29000000,3728.09000000,3736.23000000,157359.34940000,1762142399999,599500897.87549500,1266598,74484.37200000,284008342.26684700
1762142400000,2025-11-03 04:00:00,3736.23000000,3765.46000000,3684.00000000,3714.58000000,125179.07580000,1762156799999,466029395.79845700,1055655,59979.34450000,223425011.04099500
1762156800000,2025-11-03 08:00:00,3714.54000000,3740.00000000,3662.88000000,3711.68000000,110785.35620000,1762171199999,410206834.68000800,922464,49102.53040000,181892064.74601900
1762171200000,2025-11-03 12:00:00,3711.68000000,3748.64000000,3582.29000000,3588.89000000,253499.79060000,1762185599999,930445168.39600800,1524509,98940.38470000,362716460.43948500
1762185600000,2025-11-03 16:00:00,3588.89000000,3682.35000000,3564.13000000,3631.50000000,140180.70370000,1762199999999,508264215.72112500,1503126,70760.60720000,256681048.63426600
1762200000000,2025-11-03 20:00:00,3631.50000000,3636.69000000,3558.82000000,3603.83000000,90183.10950000,1762214399999,323838535.03841300,1191981,42798.70600000,153712823.80781500
1762214400000,2025-11-04 00:00:00,3603.84000000,3654.54000000,3567.27000000,3642.29000000,83473.08670000,1762228799999,302742383.00738900,1076225,42664.37940000,154733839.15248300
1762228800000,2025-11-04 04:00:00,3642.30000000,3647.95000000,3474.10000000,3494.56000000,288856.77670000,1762243199999,1019191743.16091000,1658122,116171.68810000,409947065.01711700
1762243200000,2025-11-04 08:00:00,3494.56000000,3534.00000000,3460.30000000,3529.52000000,162419.58980000,1762257599999,567820513.65521500,1159279,72327.00100000,252818347.14201100
1762257600000,2025-11-04 12:00:00,3529.53000000,3587.66000000,3474.00000000,3507.58000000,184308.01770000,1762271999999,649708371.43143500,1565943,106677.71150000,376099469.24400700
1762272000000,2025-11-04 16:00:00,3507.59000000,3520.58000000,3226.16000000,3230.94000000,383940.28320000,1762286399999,1288329416.18438700,2553841,168018.46140000,563742262.81120400
1762286400000,2025-11-04 20:00:00,3230.94000000,3304.49000000,3057.00000000,3287.05000000,465006.48380000,1762300799999,1486658296.32449500,2270402,224921.14090000,719593161.36439600
1762300800000,2025-11-05 00:00:00,3287.05000000,3349.12000000,3166.66000000,3334.83000000,264027.80710000,1762315199999,858876850.56870700,1790869,153691.95650000,500205735.49906500
1762315200000,2025-11-05 04:00:00,3334.83000000,3354.60000000,3300.89000000,3331.08000000,81305.60970000,1762329599999,270678023.97747300,842919,41871.36940000,139479959.43099200
1762329600000,2025-11-05 08:00:00,3331.09000000,3331.09000000,3274.54000000,3322.55000000,90433.44190000,1762343999999,298612332.82626000,1071306,39563.83830000,130652031.63546600
1762344000000,2025-11-05 12:00:00,3322.58000000,3399.19000000,3312.93000000,3398.36000000,145873.97750000,1762358399999,488848666.21867600,1460343,76977.04820000,258000868.90893400
1762358400000,2025-11-05 16:00:00,3398.37000000,3479.16000000,3370.82000000,3455.12000000,154429.23740000,1762372799999,529139370.53198500,1060598,73547.99780000,252248387.63106300
1762372800000,2025-11-05 20:00:00,3455.11000000,3480.46000000,3415.29000000,3424.29000000,73521.43960000,1762387199999,253035095.02953100,709684,35566.68630000,122440198.75434700
1762387200000,2025-11-06 00:00:00,3424.29000000,3450.50000000,3375.13000000,3432.90000000,68886.51650000,1762401599999,234929340.75975600,797058,33081.70970000,112895740.29323600
1762401600000,2025-11-06 04:00:00,3432.91000000,3456.46000000,3361.00000000,3380.42000000,80558.17830000,1762415999999,273780617.62939100,765542,32703.42530000,111283332.83765400
1762416000000,2025-11-06 08:00:00,3380.40000000,3415.00000000,3366.99000000,3399.40000000,54543.39630000,1762430399999,184958762.52757300,716537,27247.32940000,92389662.06165100
1762430400000,2025-11-06 12:00:00,3399.39000000,3404.78000000,3276.54000000,3300.00000000,155262.62000000,1762444799999,518360675.75226800,1601976,79712.26300000,265947072.15057600
1762444800000,2025-11-06 16:00:00,3300.00000000,3352.37000000,3245.45000000,3325.80000000,149379.32440000,1762459199999,493661345.35371700,1651012,79461.44750000,262693663.17071900
1762459200000,2025-11-06 20:00:00,3325.86000000,3337.30000000,3287.77000000,3315.14000000,57733.66480000,1762473599999,191127315.18508600,890242,26363.68200000,87287990.44333500
1762473600000,2025-11-07 00:00:00,3315.14000000,3365.32000000,3276.19000000,3345.12000000,92798.28410000,1762487999999,308462471.56092500,1205663,48469.50760000,161189430.67749800
1762488000000,2025-11-07 04:00:00,3345.12000000,3369.99000000,3319.59000000,3358.42000000,60593.17170000,1762502399999,202885794.38617200,698155,31510.08540000,105507337.81121400
1762502400000,2025-11-07 08:00:00,3358.41000000,3360.67000000,3225.36000000,3259.97000000,95364.19960000,1762516799999,312736652.15089900,1067919,41276.39460000,135287609.00473300
1762516800000,2025-11-07 12:00:00,3259.97000000,3318.35000000,3194.20000000,3297.52000000,212483.92110000,1762531199999,692073225.20423300,1788240,110373.74150000,359774832.20021500
1762531200000,2025-11-07 16:00:00,3297.52000000,3450.00000000,3273.99000000,3443.60000000,152410.05630000,1762545599999,512852326.80806700,1568476,85006.79450000,285890169.43181500
1762545600000,2025-11-07 20:00:00,3443.60000000,3473.00000000,3430.23000000,3436.05000000,69767.75260000,1762559999999,240759747.12613100,810786,35419.52230000,122251977.78764600
1762560000000,2025-11-08 00:00:00,3436.04000000,3467.64000000,3405.87000000,3454.19000000,61736.29060000,1762574399999,212481710.96852900,806395,31773.55500000,109392759.63725100
1762574400000,2025-11-08 04:00:00,3454.18000000,3488.00000000,3418.60000000,3447.90000000,53657.05140000,1762588799999,185076428.44978700,639362,26693.69930000,92124361.43921400
1762588800000,2025-11-08 08:00:00,3447.89000000,3473.42000000,3407.00000000,3413.03000000,40732.17570000,1762603199999,140291703.84549700,486254,20537.80630000,70803084.95445900
1762603200000,2025-11-08 12:00:00,3413.02000000,3417.58000000,3370.36000000,3376.79000000,64962.43490000,1762617599999,220581009.37384000,775479,30189.81390000,102527448.73200700
1762617600000,2025-11-08 16:00:00,3376.80000000,3408.16000000,3355.58000000,3389.35000000,48446.53380000,1762631999999,163826488.65331800,625667,24736.17780000,83662406.56755100
1762632000000,2025-11-08 20:00:00,3389.34000000,3415.62000000,3381.09000000,3401.51000000,21997.80170000,1762646399999,74819174.79955900,328184,10886.96840000,37035414.72685100
1762646400000,2025-11-09 00:00:00,3401.51000000,3403.97000000,3358.66000000,3375.80000000,32973.58590000,1762660799999,111490477.21306400,531688,16050.55330000,54274257.15286400
1762660800000,2025-11-09 04:00:00,3375.80000000,3427.37000000,3370.19000000,3422.78000000,60679.82220000,1762675199999,206255911.20664500,489837,35804.30910000,121693784.14539200
1762675200000,2025-11-09 08:00:00,3422.79000000,3435.13000000,3382.35000000,3428.37000000,67792.01220000,1762689599999,231275515.85564900,587264,37811.99970000,129023128.73495500
1762689600000,2025-11-09 12:00:00,3428.38000000,3563.65000000,3424.64000000,3515.51000000,159673.49190000,1762703999999,557853511.13629100,1211535,84554.98330000,295276781.51759600
1762704000000,2025-11-09 16:00:00,3515.52000000,3580.00000000,3501.63000000,3580.00000000,64347.99990000,1762718399999,227267464.21843200,746155,39580.02510000,139800804.24711900
1762718400000,2025-11-09 20:00:00,3580.00000000,3623.25000000,3562.38000000,3583.46000000,78631.13990000,1762732799999,281925180.19663900,904753,41485.74080000,148796413.12900800
1762732800000,2025-11-10 00:00:00,3583.46000000,3658.98000000,3553.52000000,3627.47000000,122599.19980000,1762747199999,444245672.13448000,1365440,67157.62710000,243309420.98045300
1762747200000,2025-11-10 04:00:00,3627.48000000,3631.51000000,3589.46000000,3609.09000000,63239.71370000,1762761599999,228327842.96121200,674043,31290.18890000,112994729.11746800
1762761600000,2025-11-10 08:00:00,3609.09000000,3631.32000000,3586.02000000,3610.57000000,72187.40130000,1762775999999,260285925.09946200,587652,43994.87480000,158641327.87783300
1762776000000,2025-11-10 12:00:00,3610.57000000,3622.14000000,3508.00000000,3519.46000000,145646.94360000,1762790399999,518415184.17601600,1245922,65363.23000000,232900598.59612600
1762790400000,2025-11-10 16:00:00,3519.45000000,3576.10000000,3507.30000000,3558.55000000,142424.23100000,1762804799999,503965513.11956200,800599,56914.62740000,201465030.05910500
1762804800000,2025-11-10 20:00:00,3558.55000000,3584.04000000,3529.41000000,3567.85000000,49175.54040000,1762819199999,174982450.13396200,701309,24264.56960000,86389792.94377600
1762819200000,2025-11-11 00:00:00,3567.85000000,3648.27000000,3552.84000000,3606.10000000,131855.91330000,1762833599999,476048199.27241600,1307991,55065.04750000,198676769.54187100
1762833600000,2025-11-11 04:00:00,3606.11000000,3610.48000000,3532.20000000,3544.67000000,125970.78040000,1762847999999,447890608.02040200,902934,43611.67300000,155125903.36259800
1762848000000,2025-11-11 08:00:00,3544.67000000,3587.05000000,3543.55000000,3574.14000000,80646.18180000,1762862399999,287735164.81509300,708446,30040.17200000,107156526.48174800
1762862400000,2025-11-11 12:00:00,3574.15000000,3594.33000000,3467.21000000,3481.10000000,159227.83190000,1762876799999,561031539.37738600,1367251,70873.29380000,249477744.91530400
1762876800000,2025-11-11 16:00:00,3481.11000000,3500.59000000,3446.02000000,3456.81000000,86290.09980000,1762891199999,299751181.71828600,1008798,42326.01250000,147064408.31054900
1762891200000,2025-11-11 20:00:00,3456.81000000,3461.79000000,3405.24000000,3417.76000000,76292.46750000,1762905599999,261762876.25522000,944435,38059.07360000,130614073.18601700
1762905600000,2025-11-12 00:00:00,3417.76000000,3456.06000000,3410.00000000,3439.10000000,72507.70370000,1762919999999,248958585.86546300,926667,37024.22940000,127191109.98856400
1762920000000,2025-11-12 04:00:00,3439.11000000,3458.07000000,3424.58000000,3428.23000000,68170.82570000,1762934399999,235047867.93345700,497516,26344.34620000,90804793.30238700
1762934400000,2025-11-12 08:00:00,3428.24000000,3570.06000000,3428.24000000,3549.38000000,83166.35480000,1762948799999,291875957.56671400,953332,43394.86910000,152221208.51425100
1762948800000,2025-11-12 12:00:00,3549.37000000,3588.19000000,3418.60000000,3427.85000000,138971.39040000,1762963199999,487845465.43974800,1377895,65107.53200000,228778549.74314800
1762963200000,2025-11-12 16:00:00,3427.85000000,3454.65000000,3371.65000000,3407.99000000,139071.24110000,1762977599999,474320024.93205200,1496520,69756.51420000,238007993.92499000
1762977600000,2025-11-12 20:00:00,3408.00000000,3439.62000000,3392.00000000,3414.92000000,51214.42110000,1762991999999,174992651.88538600,664057,27874.65230000,95254444.90061800
1762992000000,2025-11-13 00:00:00,3414.91000000,3473.48000000,3377.68000000,3452.86000000,108782.80890000,1763006399999,373588461.76329000,1150898,56409.68030000,193728838.63917800
1763006400000,2025-11-13 04:00:00,3452.86000000,3565.84000000,3434.03000000,3538.74000000,124524.65470000,1763020799999,437290011.19602400,1179213,61152.11110000,214686195.32217600
1763020800000,2025-11-13 08:00:00,3538.74000000,3550.00000000,3476.06000000,3501.95000000,78146.77710000,1763035199999,274321688.07024900,787007,31719.31450000,111379591.53050300
1763035200000,2025-11-13 12:00:00,3501.94000000,3511.31000000,3367.03000000,3386.85000000,187531.83800000,1763049599999,644972067.99239800,1592040,81960.94820000,281585125.31146700
1763049600000,2025-11-13 16:00:00,3386.84000000,3398.24000000,3175.83000000,3197.69000000,312803.04330000,1763063999999,1027686579.95630000,2137997,177359.97770000,583776557.56547100
1763064000000,2025-11-13 20:00:00,3197.69000000,3272.30000000,3154.22000000,3231.54000000,140200.01270000,1763078399999,448784202.09896600,1262407,70686.68790000,226356663.07743200
1763078400000,2025-11-14 00:00:00,3231.55000000,3251.88000000,3186.20000000,3227.93000000,122991.52220000,1763092799999,396019662.45523000,1311995,62416.84800000,201019529.93979200
1763092800000,2025-11-14 04:00:00,3227.94000000,3241.32000000,3104.66000000,3215.59000000,212560.65400000,1763107199999,676286564.14964800,1748351,109612.10410000,349040463.13294900
1763107200000,2025-11-14 08:00:00,3215.60000000,3219.39000000,3116.82000000,3144.35000000,102244.58950000,1763121599999,324230210.34259900,1334931,45413.40580000,144136979.19904100
1763121600000,2025-11-14 12:00:00,3144.34000000,3234.49000000,3070.00000000,3196.70000000,278131.43500000,1763135999999,874326989.76849100,2607235,140511.67880000,442265175.06279600
1763136000000,2025-11-14 16:00:00,3196.70000000,3256.71000000,3155.00000000,3207.86000000,95128.55710000,1763150399999,304952398.26683900,1374285,46195.89240000,148094098.95654800
1763150400000,2025-11-14 20:00:00,3207.87000000,3213.22000000,3090.00000000,3112.40000000,79389.39130000,1763164799999,249592484.94301800,1186805,40018.09370000,125863064.67097000
1763164800000,2025-11-15 00:00:00,3112.40000000,3194.00000000,3110.68000000,3179.16000000,62288.38310000,1763179199999,196796492.91712800,767266,32114.03790000,101472577.11230900
1763179200000,2025-11-15 04:00:00,3179.17000000,3191.65000000,3159.03000000,3176.55000000,33474.08070000,1763193599999,106269234.82254100,424358,15670.70430000,49761896.55107300
1763193600000,2025-11-15 08:00:00,3176.56000000,3177.98000000,3134.23000000,3152.52000000,39200.48900000,1763207999999,123698132.45092100,555504,17741.37230000,56003011.71375400
1763208000000,2025-11-15 12:00:00,3152.52000000,3197.37000000,3147.37000000,3186.05000000,47939.62890000,1763222399999,152395259.01916400,525481,23427.23800000,74461421.17604200
1763222400000,2025-11-15 16:00:00,3186.05000000,3230.00000000,3162.78000000,3197.88000000,120649.70570000,1763236799999,386906372.81075100,576894,73892.78510000,237094987.47504500
1763236800000,2025-11-15 20:00:00,3197.89000000,3200.68000000,3152.75000000,3167.88000000,34911.19080000,1763251199999,110731237.08203100,479776,16115.68470000,51114218.68896300
1763251200000,2025-11-16 00:00:00,3167.87000000,3210.00000000,3131.78000000,3202.97000000,48534.59860000,1763265599999,153861167.41432600,738011,25993.95070000,82436110.91095500
1763265600000,2025-11-16 04:00:00,3202.95000000,3220.62000000,3187.03000000,3219.55000000,31570.61060000,1763279999999,101202091.54698400,471419,17992.66950000,57677659.74752200
1763280000000,2025-11-16 08:00:00,3219.54000000,3249.00000000,3160.36000000,3168.64000000,59004.63910000,1763294399999,189533514.45238600,693363,27464.95740000,88283380.49652600
1763294400000,2025-11-16 12:00:00,3168.64000000,3182.60000000,3099.23000000,3105.44000000,112729.65320000,1763308799999,355785304.44833100,857077,64904.07100000,205116458.14840500
1763308800000,2025-11-16 16:00:00,3105.45000000,3128.00000000,3026.00000000,3091.09000000,194474.70260000,1763323199999,598444164.78158300,1707166,88152.33540000,271513594.79981300
1763323200000,2025-11-16 20:00:00,3091.09000000,3117.21000000,3004.00000000,3095.29000000,124319.37680000,1763337599999,381161480.06748300,1242349,63336.85060000,194296627.73869600
1763337600000,2025-11-17 00:00:00,3095.29000000,3180.42000000,3069.00000000,3176.60000000,80383.55470000,1763351999999,251884466.44869700,1110526,44849.84990000,140600144.11012000
1763352000000,2025-11-17 04:00:00,3176.59000000,3208.52000000,3165.93000000,3198.44000000,63583.82560000,1763366399999,202758480.00337600,660040,30741.95810000,98060542.23469900
1763366400000,2025-11-17 08:00:00,3198.44000000,3223.38000000,3179.88000000,3204.12000000,65732.19780000,1763380799999,210320821.53565800,580628,32992.91670000,105619796.24847600
1763380800000,2025-11-17 12:00:00,3204.12000000,3210.88000000,3095.09000000,3121.04000000,189831.27570000,1763395199999,597832673.38127600,1883870,99231.49000000,312586495.04399000
1763395200000,2025-11-17 16:00:00,3121.04000000,3142.56000000,2972.88000000,2982.27000000,229892.42680000,1763409599999,701247386.52948500,2050290,104104.70780000,317916006.55580000
1763409600000,2025-11-17 20:00:00,2982.27000000,3032.53000000,2959.46000000,3031.44000000,133077.14830000,1763423999999,399293452.86744700,1165215,75493.82000000,226644073.80912800
1763424000000,2025-11-18 00:00:00,3031.44000000,3050.05000000,2946.56000000,3023.97000000,189127.36700000,1763438399999,568336274.78956000,1767039,94783.25560000,285233827.38211100
1763438400000,2025-11-18 04:00:00,3023.97000000,3034.50000000,2958.08000000,3024.44000000,140899.43050000,1763452799999,422496232.73115400,1441690,68031.92210000,204075013.80380000
1763452800000,2025-11-18 08:00:00,3024.44000000,3074.45000000,3024.44000000,3058.01000000,116556.03310000,1763467199999,355944128.79302800,1014731,73475.79530000,224393170.82725200
1763467200000,2025-11-18 12:00:00,3058.00000000,3123.69000000,3022.09000000,3106.87000000,158180.75600000,1763481599999,485747782.65822900,1752505,79644.71810000,244652831.52439900
1763481600000,2025-11-18 16:00:00,3106.87000000,3169.95000000,3099.39000000,3146.02000000,122085.94850000,1763495999999,383927831.63594200,1114625,67868.53850000,213492661.97582300
1763496000000,2025-11-18 20:00:00,3146.01000000,3150.43000000,3097.21000000,3123.66000000,39790.57070000,1763510399999,124135210.19013100,524651,19476.55900000,60765515.22286200
1763510400000,2025-11-19 00:00:00,3123.65000000,3125.54000000,3069.59000000,3073.02000000,65254.27840000,1763524799999,202004612.49705600,776455,34400.65570000,106492859.38669300
1763524800000,2025-11-19 04:00:00,3073.01000000,3087.71000000,2992.23000000,3084.96000000,105860.61000000,1763539199999,321741439.70274900,921480,47752.19400000,145170641.25233000
1763539200000,2025-11-19 08:00:00,3084.97000000,3112.55000000,3053.55000000,3083.51000000,68846.46760000,1763553599999,212385818.05027200,749591,32674.05440000,100828788.02237900
1763553600000,2025-11-19 12:00:00,3083.51000000,3108.76000000,2967.00000000,2973.16000000,164573.89740000,1763567999999,500616290.24428700,1600989,78624.49240000,239715359.78061300
1763568000000,2025-11-19 16:00:00,2973.15000000,3000.00000000,2873.64000000,2881.66000000,207908.63990000,1763582399999,607770919.26089000,1953735,99030.35920000,289495565.32314000
1763582400000,2025-11-19 20:00:00,2881.66000000,3027.88000000,2875.00000000,3025.48000000,125482.82130000,1763596799999,372159615.46776700,1161972,67554.79020000,200274859.39784400
1763596800000,2025-11-20 00:00:00,3025.48000000,3058.00000000,3004.41000000,3038.98000000,87568.18980000,1763611199999,265881918.55959000,733048,49596.51590000,150532552.31051400
1763611200000,2025-11-20 04:00:00,3038.99000000,3063.61000000,3006.89000000,3039.43000000,69770.78410000,1763625599999,211667933.93073800,568105,33586.37430000,101920240.06252300
1763625600000,2025-11-20 08:00:00,3039.44000000,3044.75000000,2993.91000000,3023.98000000,63213.04430000,1763639999999,190714516.60586900,557021,28913.35300000,87215112.24653700
1763640000000,2025-11-20 12:00:00,3023.99000000,3049.58000000,2952.39000000,2955.68000000,143692.78940000,1763654399999,430786517.23641700,1507674,70300.30680000,210791633.39019300
1763654400000,2025-11-20 16:00:00,2955.65000000,2961.28000000,2790.01000000,2847.90000000,451454.18900000,1763668799999,1285783260.24542700,2677748,199226.01530000,567255346.17439900
1763668800000,2025-11-20 20:00:00,2847.89000000,2905.93000000,2819.55000000,2834.22000000,96825.37520000,1763683199999,276966262.76269700,1083843,47266.30720000,135174705.98571700
1763683200000,2025-11-21 00:00:00,2834.21000000,2886.73000000,2772.84000000,2809.18000000,117232.89560000,1763697599999,331700481.28065500,1340463,55619.56480000,157512717.91818400
1763697600000,2025-11-21 04:00:00,2809.17000000,2832.66000000,2669.00000000,2720.17000000,282092.79680000,1763711999999,776678080.08808500,1647942,111806.03140000,307925481.76656500
1763712000000,2025-11-21 08:00:00,2720.17000000,2754.48000000,2663.01000000,2688.42000000,218825.54220000,1763726399999,592229646.00648400,1848178,105234.54970000,284900470.28225800
1763726400000,2025-11-21 12:00:00,2688.42000000,2781.83000000,2623.57000000,2705.32000000,294361.29640000,1763740799999,799982828.76839400,2576064,143403.35150000,390061717.99968400
1763740800000,2025-11-21 16:00:00,2705.31000000,2806.84000000,2675.00000000,2752.24000000,185971.97480000,1763755199999,511274080.55297200,1732599,93057.32160000,255875805.64375000
1763755200000,2025-11-21 20:00:00,2752.23000000,2777.01000000,2708.55000000,2765.85000000,81990.90270000,1763769599999,224982702.78264000,919502,38801.29090000,106537347.88475200
1763769600000,2025-11-22 00:00:00,2765.86000000,2784.12000000,2739.76000000,2752.27000000,39805.85150000,1763783999999,109912616.85100800,704232,18708.33730000,51684706.64886700
1763784000000,2025-11-22 04:00:00,2752.27000000,2771.00000000,2726.66000000,2756.21000000,43047.87940000,1763798399999,118220723.74039700,688049,20501.51670000,56316420.09230500
1763798400000,2025-11-22 08:00:00,2756.21000000,2756.36000000,2704.33000000,2735.16000000,50191.65180000,1763812799999,136930702.46356900,628737,25167.44480000,68672446.91192100
1763812800000,2025-11-22 12:00:00,2735.16000000,2754.45000000,2711.01000000,2738.92000000,49892.98940000,1763827199999,136346975.66834600,659873,25541.29760000,69808006.35019200
1763827200000,2025-11-22 16:00:00,2738.92000000,2759.02000000,2735.20000000,2750.65000000,41469.87610000,1763841599999,114080791.16032400,450935,19237.71370000,52915258.27561000
1763841600000,2025-11-22 20:00:00,2750.65000000,2799.01000000,2733.72000000,2770.12000000,40283.06070000,1763855999999,111500694.56204900,478920,21627.07570000,59897136.31413200
1763856000000,2025-11-23 00:00:00,2770.12000000,2834.33000000,2768.29000000,2824.77000000,67882.07720000,1763870399999,190389919.77647500,719527,39336.82810000,110301156.31339500
1763870400000,2025-11-23 04:00:00,2824.77000000,2852.17000000,2777.20000000,2793.70000000,96029.16040000,1763884799999,270345157.22067500,596657,37836.90580000,106560311.21286500
1763884800000,2025-11-23 08:00:00,2793.70000000,2823.98000000,2793.69000000,2815.54000000,33197.59050000,1763899199999,93289479.53839500,447616,18478.96010000,51927992.52238400
1763899200000,2025-11-23 12:00:00,2815.54000000,2858.16000000,2810.12000000,2836.50000000,100156.85450000,1763913599999,283847988.66239500,798048,55594.54310000,157559655.84336300
1763913600000,2025-11-23 16:00:00,2836.49000000,2846.80000000,2786.63000000,2822.70000000,60022.70230000,1763927999999,168803831.09728500,644251,28213.22750000,79346851.87597500
1763928000000,2025-11-23 20:00:00,2822.70000000,2845.00000000,2794.74000000,2802.16000000,52520.18850000,1763942399999,148225990.52088000,696164,26780.81490000,75594899.51828000
1763942400000,2025-11-24 00:00:00,2802.16000000,2867.46000000,2763.00000000,2856.44000000,110955.21420000,1763956799999,313315794.82074200,1057215,61828.88550000,174939117.79689200
1763956800000,2025-11-24 04:00:00,2856.45000000,2885.75000000,2802.87000000,2830.27000000,98647.94040000,1763971199999,280593986.82836000,944977,47387.13230000,134781625.20132700
1763971200000,2025-11-24 08:00:00,2830.26000000,2843.09000000,2788.00000000,2803.41000000,85563.00910000,1763985599999,240487024.30258500,611086,35816.27570000,100629180.58074700
1763985600000,2025-11-24 12:00:00,2803.40000000,2860.37000000,2785.04000000,2846.47000000,128886.25660000,1763999999999,363394772.10107400,1097132,64850.29670000,182879283.00816600
1764000000000,2025-11-24 16:00:00,2846.47000000,2979.63000000,2842.82000000,2959.00000000,228159.11090000,1764014399999,667452178.15562200,1346217,101624.52480000,296187098.47810200
1764014400000,2025-11-24 20:00:00,2959.00000000,2987.00000000,2947.77000000,2953.38000000,63068.22390000,1764028799999,187112740.34421200,670481,30380.00120000,90135187.78415800
1764028800000,2025-11-25 00:00:00,2953.38000000,2953.38000000,2904.39000000,2911.99000000,55807.67550000,1764043199999,163548359.87832900,617323,25022.30050000,73377622.43818500
1764043200000,2025-11-25 04:00:00,2911.99000000,2943.03000000,2901.75000000,2902.77000000,44848.23110000,1764057599999,131052529.74559300,424904,17979.99620000,52553546.76414500
1764057600000,2025-11-25 08:00:00,2902.77000000,2909.18000000,2865.09000000,2891.01000000,72825.31650000,1764071999999,210141093.92669700,541423,35548.91550000,102537768.30500300
1764072000000,2025-11-25 12:00:00,2891.01000000,2934.00000000,2857.32000000,2895.45000000,106635.57340000,1764086399999,309114563.91724400,1274966,54014.42520000,156611422.90301400
1764086400000,2025-11-25 16:00:00,2895.46000000,2958.53000000,2872.09000000,2922.95000000,79721.83560000,1764100799999,232876227.61755600,869352,37627.15390000,109995088.71248000
1764100800000,2025-11-25 20:00:00,2922.96000000,2980.82000000,2907.42000000,2959.36000000,67847.82070000,1764115199999,199721345.28491300,690298,32283.83850000,95174000.69054200
1764115200000,2025-11-26 00:00:00,2959.36000000,2984.00000000,2922.08000000,2927.20000000,60791.57260000,1764129599999,179457170.54624200,505756,19681.29180000,58206505.41999600
1764129600000,2025-11-26 04:00:00,2927.19000000,2954.67000000,2921.11000000,2944.52000000,43870.37460000,1764143999999,128931015.21140600,432499,17029.00280000,50051585.44029200
1764144000000,2025-11-26 08:00:00,2944.52000000,2949.27000000,2902.12000000,2914.00000000,38855.29390000,1764158399999,113289253.98146000,407932,18338.16380000,53456545.61629900
1764158400000,2025-11-26 12:00:00,2913.99000000,2947.40000000,2888.69000000,2927.41000000,69609.69890000,1764172799999,203286443.83727100,868202,36160.98020000,105639905.43826900
1764172800000,2025-11-26 16:00:00,2927.40000000,3045.00000000,2926.37000000,3032.28000000,112464.24240000,1764187199999,336812036.14177400,1132129,63061.07720000,188764944.05317700
1764187200000,2025-11-26 20:00:00,3032.28000000,3035.91000000,3008.53000000,3026.56000000,38944.14360000,1764201599999,117761052.74145400,564495,17725.50830000,53606748.90232300
1764201600000,2025-11-27 00:00:00,3026.56000000,3071.37000000,3004.61000000,3033.53000000,73556.58340000,1764215999999,223844319.93957100,735473,35323.34870000,107550210.51706800
1764216000000,2025-11-27 04:00:00,3033.53000000,3053.98000000,3017.45000000,3033.90000000,33999.83070000,1764230399999,103110593.11101600,383488,13633.09280000,41359615.95717500
1764230400000,2025-11-27 08:00:00,3033.89000000,3044.73000000,3017.78000000,3028.54000000,31351.50300000,1764244799999,94977741.16024100,383519,12275.86680000,37198335.09152500
1764244800000,2025-11-27 12:00:00,3028.54000000,3030.49000000,2985.78000000,3010.97000000,65626.41940000,1764259199999,196958064.84007100,569108,30870.18570000,92652908.99871900
1764259200000,2025-11-27 16:00:00,3010.97000000,3039.99000000,3004.83000000,3032.02000000,41934.89630000,1764273599999,126769204.32951900,507561,21959.07880000,66381028.07326100
1764273600000,2025-11-27 20:00:00,3032.01000000,3044.44000000,3003.88000000,3015.23000000,28511.16270000,1764287999999,86282828.71929100,338327,13683.09720000,41410293.14678700
1764288000000,2025-11-28 00:00:00,3015.23000000,3023.97000000,2994.36000000,3008.63000000,38314.67750000,1764302399999,115197211.24008500,457782,14781.57190000,44445489.90762400
1764302400000,2025-11-28 04:00:00,3008.64000000,3028.94000000,3000.70000000,3001.91000000,43556.13520000,1764316799999,131343441.65260600,328896,20836.28980000,62846290.54187800
1764316800000,2025-11-28 08:00:00,3001.90000000,3077.77000000,3001.59000000,3034.02000000,74468.95090000,1764331199999,226894619.12070200,674959,40960.20800000,124700468.68310500
1764331200000,2025-11-28 12:00:00,3034.02000000,3099.00000000,3026.32000000,3073.77000000,82965.60100000,1764345599999,254466539.63779200,921844,45613.89420000,139896411.73448400
1764345600000,2025-11-28 16:00:00,3073.78000000,3074.40000000,3011.22000000,3050.00000000,79747.02690000,1764359999999,242087196.70800300,914888,39097.10680000,118716560.21885400
1764360000000,2025-11-28 20:00:00,3049.99000000,3059.48000000,3020.57000000,3031.15000000,27563.63600000,1764374399999,83868752.35562100,364109,11325.54690000,34454874.55559000
1764374400000,2025-11-29 00:00:00,3031.14000000,3052.64000000,3017.73000000,3022.60000000,24555.34610000,1764388799999,74477888.34779100,294527,12439.83920000,37743785.62735900
1764388800000,2025-11-29 04:00:00,3022.61000000,3045.60000000,2992.50000000,3004.90000000,42551.99660000,1764403199999,128355893.53433500,288245,16810.97600000,50736897.45757700
1764403200000,2025-11-29 08:00:00,3004.90000000,3011.41000000,2986.09000000,2999.82000000,37596.17440000,1764417599999,112817831.68695600,308192,15877.34970000,47644929.10428000
1764417600000,2025-11-29 12:00:00,2999.82000000,3014.09000000,2986.40000000,3007.41000000,44737.35260000,1764431999999,134098891.82827100,361994,16484.25430000,49430915.16471000
1764432000000,2025-11-29 16:00:00,3007.41000000,3011.31000000,2961.91000000,2988.47000000,54342.16460000,1764446399999,162369430.46852400,436115,23497.76190000,70159077.70200400
1764446400000,2025-11-29 20:00:00,2988.47000000,2999.17000000,2982.49000000,2989.16000000,14121.09600000,1764460799999,42228798.73384900,241515,7923.83530000,23698172.54894700
1764460800000,2025-11-30 00:00:00,2989.17000000,3012.29000000,2975.30000000,3001.69000000,22703.96470000,1764475199999,68061594.36399500,258602,10964.15800000,32877267.96312800
1764475200000,2025-11-30 04:00:00,3001.68000000,3008.90000000,2985.69000000,3005.22000000,14470.82450000,1764489599999,43357103.38640200,186551,6413.72560000,19217475.89295500
1764489600000,2025-11-30 08:00:00,3005.22000000,3018.48000000,2999.94000000,3003.36000000,23291.34670000,1764503999999,70088393.28210500,288001,9968.21820000,29999446.80869200
1764504000000,2025-11-30 12:00:00,3003.37000000,3053.02000000,3000.34000000,3028.69000000,60797.76800000,1764518399999,184462179.91856200,474243,32676.15750000,99105886.54162700
1764518400000,2025-11-30 16:00:00,3028.69000000,3049.34000000,3028.24000000,3034.71000000,26922.08970000,1764532799999,81799872.69422200,309162,10732.97760000,32612743.87197000
1764532800000,2025-11-30 20:00:00,3034.71000000,3041.14000000,2989.06000000,2991.26000000,34536.43170000,1764547199999,104134903.78735900,380222,16388.42100000,49442872.59821800
1764547200000,2025-12-01 00:00:00,2991.25000000,2999.47000000,2813.20000000,2825.77000000,199403.73910000,1764561599999,572014046.35501700,1728435,100545.74110000,288087753.87602000
1764561600000,2025-12-01 04:00:00,2825.77000000,2844.11000000,2806.71000000,2840.21000000,66691.25710000,1764575999999,188290391.37122700,707706,31351.17600000,88539569.67975000
1764576000000,2025-12-01 08:00:00,2840.21000000,2854.35000000,2828.62000000,2838.35000000,154411.99340000,1764590399999,438729062.69931800,575427,45889.53580000,130358145.50987400
1764590400000,2025-12-01 12:00:00,2838.36000000,2840.31000000,2716.04000000,2745.72000000,228178.02820000,1764604799999,634395013.69474800,1906138,102520.50450000,284883417.44829100
1764604800000,2025-12-01 16:00:00,2745.73000000,2758.02000000,2719.73000000,2740.80000000,92163.46090000,1764619199999,252391817.20767300,1301431,43088.12700000,118055172.86295700
1764619200000,2025-12-01 20:00:00,2740.80000000,2819.35000000,2739.89000000,2799.07000000,108154.51220000,1764633599999,301064642.65486300,889112,59935.42370000,166813808.86887900
1764633600000,2025-12-02 00:00:00,2799.07000000,2825.11000000,2782.81000000,2804.55000000,40929.97460000,1764647999999,114635033.12517100,846103,22751.08960000,63717378.94350500
1764648000000,2025-12-02 04:00:00,2804.55000000,2815.88000000,2796.88000000,2805.65000000,30185.33660000,1764662399999,84692319.53871600,465322,12044.95560000,33798017.78454300
1764662400000,2025-12-02 08:00:00,2805.66000000,2834.50000000,2782.19000000,2826.18000000,41716.95650000,1764676799999,117210108.87331700,652077,22175.21070000,62346577.12078300
1764676800000,2025-12-02 12:00:00,2826.18000000,3024.98000000,2816.82000000,3006.61000000,243912.66530000,1764691199999,710204870.43765100,1872267,128601.35400000,374895180.01210300
1764691200000,2025-12-02 16:00:00,3006.61000000,3033.76000000,2987.19000000,3015.83000000,104569.56300000,1764705599999,314786380.08151600,1305393,47727.96840000,143692899.74903500
1764705600000,2025-12-02 20:00:00,3015.84000000,3021.27000000,2972.35000000,2996.07000000,62392.86260000,1764719999999,186918689.26847500,680774,30657.77930000,91868576.69770900
1764720000000,2025-12-03 00:00:00,2996.07000000,3048.00000000,2985.58000000,3030.75000000,51276.00730000,1764734399999,154909944.23247400,572503,27775.04390000,83940244.13664700
1764734400000,2025-12-03 04:00:00,3030.74000000,3085.56000000,3029.59000000,3057.44000000,83611.91530000,1764748799999,255998480.84196700,668656,42486.91530000,130032058.15324500
1764748800000,2025-12-03 08:00:00,3057.44000000,3080.00000000,3043.75000000,3073.23000000,45464.58880000,1764763199999,139060183.31982200,501941,20362.50070000,62323794.98095000
1764763200000,2025-12-03 12:00:00,3073.23000000,3145.68000000,3030.42000000,3086.12000000,172616.43180000,1764777599999,532468476.41145000,1863822,88412.21020000,272699730.97383500
1764777600000,2025-12-03 16:00:00,3086.13000000,3142.15000000,3064.36000000,3128.20000000,76818.98220000,1764791999999,239102755.25483800,1319505,36255.77770000,112884116.42013000
1764792000000,2025-12-03 20:00:00,3128.20000000,3214.99000000,3117.00000000,3188.36000000,123881.88920000,1764806399999,392047775.07201300,1284062,65503.29510000,207510351.36721600
1764806400000,2025-12-04 00:00:00,3188.39000000,3240.35000000,3174.19000000,3210.13000000,85059.47440000,1764820799999,272950726.75564500,1091677,44035.99350000,141307122.32670000
1764820800000,2025-12-04 04:00:00,3210.12000000,3219.62000000,3170.47000000,3190.10000000,76321.05010000,1764835199999,243838768.61936100,719021,33174.80010000,105984369.86681500
1764835200000,2025-12-04 08:00:00,3190.10000000,3208.63000000,3175.51000000,3186.55000000,41332.43320000,1764849599999,131858087.80881500,660922,18825.40020000,60076385.33049600
1764849600000,2025-12-04 12:00:00,3186.55000000,3224.38000000,3139.72000000,3208.15000000,109395.53650000,1764863999999,347453166.30864500,1447033,59860.01560000,190108210.38848400
1764864000000,2025-12-04 16:00:00,3208.15000000,3225.00000000,3066.37000000,3119.27000000,123840.90660000,1764878399999,388712542.64509800,1605375,56758.13740000,178308808.95153200
1764878400000,2025-12-04 20:00:00,3119.26000000,3152.07000000,3105.90000000,3133.26000000,50748.99790000,1764892799999,158976769.81482800,833481,25523.63440000,79948463.68591100
1764892800000,2025-12-05 00:00:00,3133.26000000,3193.33000000,3132.45000000,3170.98000000,43830.02060000,1764907199999,138712595.89377200,628781,21749.33300000,68853173.44234400
1764907200000,2025-12-05 04:00:00,3170.98000000,3182.88000000,3152.00000000,3173.94000000,36417.07270000,1764921599999,115378411.75099400,548091,18050.37700000,57199427.33665600
1764921600000,2025-12-05 08:00:00,3173.95000000,3173.95000000,3107.82000000,3131.38000000,87970.96760000,1764935999999,275761374.73000200,850505,38856.24290000,121721568.43088600
1764936000000,2025-12-05 12:00:00,3131.38000000,3157.99000000,3082.75000000,3106.34000000,131005.09970000,1764950399999,408586289.62323100,1460819,60721.48840000,189510844.99212800
1764950400000,2025-12-05 16:00:00,3106.35000000,3108.73000000,2983.08000000,3038.49000000,180132.33010000,1764964799999,546270993.73461800,1873799,90022.13410000,272853027.19210500
1764964800000,2025-12-05 20:00:00,3038.50000000,3049.34000000,3006.78000000,3021.78000000,51027.40790000,1764979199999,154545724.25515200,650413,29629.18240000,89761806.16289700
1764979200000,2025-12-06 00:00:00,3021.77000000,3046.30000000,3012.58000000,3040.31000000,25507.02650000,1764993599999,77276190.01919100,394054,13130.03750000,39791075.07880900
1764993600000,2025-12-06 04:00:00,3040.31000000,3042.78000000,3024.35000000,3026.25000000,18352.25630000,1765007999999,55701891.41116000,246161,6989.57870000,21219338.51491500
1765008000000,2025-12-06 08:00:00,3026.25000000,3042.00000000,3013.25000000,3038.99000000,20383.77770000,1765022399999,61710893.25728300,325361,9081.37990000,27497750.09815200
1765022400000,2025-12-06 12:00:00,3038.98000000,3069.00000000,3026.50000000,3041.69000000,43669.98040000,1765036799999,132948101.11561900,502020,20693.05170000,63009088.92932200
1765036800000,2025-12-06 16:00:00,3041.69000000,3066.62000000,3025.00000000,3030.44000000,33248.82740000,1765051199999,101317557.35127000,438176,16869.16000000,51414255.29243400
1765051200000,2025-12-06 20:00:00,3030.45000000,3054.31000000,3026.16000000,3038.06000000,18559.38050000,1765065599999,56413904.08550800,338298,8515.87250000,25885859.54565200
1765065600000,2025-12-07 00:00:00,3038.06000000,3056.97000000,3032.47000000,3053.92000000,15546.93430000,1765079999999,47372503.25332700,293194,7463.24930000,22741722.95532200
1765080000000,2025-12-07 04:00:00,3053.93000000,3058.01000000,3031.21000000,3037.29000000,13660.35660000,1765094399999,41594834.46655600,217674,5825.79910000,17736828.52591500
1765094400000,2025-12-07 08:00:00,3037.28000000,3043.69000000,3024.07000000,3035.77000000,22816.86390000,1765108799999,69221454.10142400,288147,8273.00050000,25104330.44477200
1765108800000,2025-12-07 12:00:00,3035.77000000,3053.49000000,2907.52000000,3027.01000000,146482.46810000,1765123199999,436015791.79192000,1151623,72237.11250000,214939811.15289100
1765123200000,2025-12-07 16:00:00,3027.00000000,3150.00000000,2999.63000000,3137.92000000,123703.29870000,1765137599999,380597737.71601900,1180368,60604.43950000,186531661.99057900
1765137600000,2025-12-07 20:00:00,3137.91000000,3147.36000000,3013.73000000,3059.85000000,68919.75340000,1765151999999,211530180.32176400,1146661,32152.03890000,98624176.88991600
1765152000000,2025-12-08 00:00:00,3059.86000000,3134.73000000,3040.87000000,3111.01000000,62439.90040000,1765166399999,193301101.26074700,1017582,33171.43690000,102652381.04319900
1765166400000,2025-12-08 04:00:00,3111.01000000,3140.50000000,3108.53000000,3134.31000000,65181.90520000,1765180799999,203974685.20518100,708250,37687.79960000,117941622.96996200
1765180800000,2025-12-08 08:00:00,3134.31000000,3180.51000000,3125.10000000,3142.25000000,67113.04220000,1765195199999,211627545.93163900,814206,35889.49770000,113182005.78426500
1765195200000,2025-12-08 12:00:00,3142.25000000,3178.42000000,3088.83000000,3101.54000000,125289.79610000,1765209599999,392528538.03548600,1642358,55665.32530000,174508858.59286200
1765209600000,2025-12-08 16:00:00,3101.54000000,3133.00000000,3075.38000000,3118.64000000,89209.12470000,1765223999999,277587444.38016400,1429773,39879.56240000,124167033.37129500
1765224000000,2025-12-08 20:00:00,3118.65000000,3153.00000000,3112.88000000,3124.16000000,43586.45210000,1765238399999,136570130.22587800,715038,21932.02770000,68726318.05821200
1765238400000,2025-12-09 00:00:00,3124.16000000,3143.50000000,3090.80000000,3129.26000000,42586.42150000,1765252799999,132578852.62691400,742590,19722.32550000,61433298.04316000
1765252800000,2025-12-09 04:00:00,3129.27000000,3131.42000000,3095.12000000,3123.00000000,45669.32210000,1765267199999,142098346.09828200,628348,20318.08700000,63228785.40727300
1765267200000,2025-12-09 08:00:00,3123.00000000,3130.00000000,3093.00000000,3118.35000000,28056.40800000,1765281599999,87318299.95462700,532781,11824.33260000,36799202.85294200
1765281600000,2025-12-09 12:00:00,3118.35000000,3256.88000000,3098.58000000,3245.88000000,155154.14080000,1765295999999,491380055.62601100,1653286,71762.54100000,227578766.11130400
1765296000000,2025-12-09 16:00:00,3245.88000000,3397.85000000,3245.63000000,3357.88000000,241671.72990000,1765310399999,807381013.54171400,2175585,115538.11330000,385763957.15592600
1765310400000,2025-12-09 20:00:00,3357.87000000,3361.41000000,3285.00000000,3318.04000000,90721.92350000,1765324799999,301536272.92013900,1260692,41244.35960000,137107285.26655000
1765324800000,2025-12-10 00:00:00,3318.04000000,3328.20000000,3288.10000000,3309.73000000,45078.39760000,1765339199999,149147574.67401200,651158,22557.39310000,74646262.06096900
1765339200000,2025-12-10 04:00:00,3309.73000000,3334.66000000,3306.92000000,3327.21000000,42144.18140000,1765353599999,139964283.37255700,440294,19879.95640000,66021744.92604100
1765353600000,2025-12-10 08:00:00,3327.21000000,3376.00000000,3296.99000000,3318.39000000,73454.61940000,1765367999999,244650704.45247300,937466,38449.22910000,128132607.08473100
1765368000000,2025-12-10 12:00:00,3318.39000000,3339.14000000,3304.45000000,3328.25000000,64308.98480000,1765382399999,213706815.00907300,1205378,32063.88810000,106550184.80935900
1765382400000,2025-12-10 16:00:00,3328.25000000,3435.00000000,3320.72000000,3390.71000000,186919.89110000,1765396799999,632378909.12719500,2195279,95062.90990000,321787017.08499300
1765396800000,2025-12-10 20:00:00,3390.67000000,3447.44000000,3317.37000000,3324.14000000,127679.37920000,1765411199999,430890525.10030600,1725853,57488.46920000,194220942.86691600
1765411200000,2025-12-11 00:00:00,3324.14000000,3327.37000000,3167.07000000,3191.42000000,138432.01240000,1765425599999,447908165.56706000,1593802,60159.56060000,194497381.26959500
1765425600000,2025-12-11 04:00:00,3191.42000000,3216.16000000,3180.93000000,3201.51000000,49737.32180000,1765439999999,159241676.09669800,731079,23349.16230000,74764494.85271900
1765440000000,2025-12-11 08:00:00,3201.52000000,3213.00000000,3178.00000000,3192.75000000,38704.27000000,1765454399999,123700151.19501000,670329,17366.04040000,55522649.27745900
1765454400000,2025-12-11 12:00:00,3192.75000000,3210.00000000,3145.28000000,3179.25000000,92491.41110000,1765468799999,294501252.98734100,1392420,49055.85820000,156265112.95829500
1765468800000,2025-12-11 16:00:00,3179.24000000,3234.25000000,3155.00000000,3194.51000000,90002.78990000,1765483199999,287650379.00163100,1588890,46196.15410000,147700082.09196900
1765483200000,2025-12-11 20:00:00,3194.52000000,3273.40000000,3186.36000000,3237.39000000,94746.43390000,1765497599999,306732953.36613100,1290633,43248.76870000,140089908.50640700
1765497600000,2025-12-12 00:00:00,3237.38000000,3265.50000000,3185.20000000,3245.49000000,51913.29540000,1765511999999,167770982.30517900,980103,24965.40670000,80705203.98203300
1765512000000,2025-12-12 04:00:00,3245.49000000,3265.00000000,3232.79000000,3246.55000000,34036.65400000,1765526399999,110616123.65687400,532304,16336.71510000,53105873.86268800
1765526400000,2025-12-12 08:00:00,3246.55000000,3255.70000000,3225.92000000,3242.59000000,38271.96980000,1765540799999,124015439.64175700,532159,16136.99700000,52285267.87240400
1765540800000,2025-12-12 12:00:00,3242.59000000,3251.31000000,3058.12000000,3071.41000000,143185.81420000,1765555199999,451600204.45804200,1463422,60014.73010000,189534488.41264700
1765555200000,2025-12-12 16:00:00,3071.40000000,3099.88000000,3045.31000000,3073.74000000,142541.95370000,1765569599999,438065067.68444000,1963785,73700.08510000,226488254.36057800
1765569600000,2025-12-12 20:00:00,3073.74000000,3096.16000000,3067.61000000,3084.86000000,25736.75640000,1765583999999,79346942.11144200,476710,13511.21310000,41652486.76393400
1765584000000,2025-12-13 00:00:00,3084.86000000,3095.24000000,3078.60000000,3089.85000000,16683.08370000,1765598399999,51514132.59614500,223502,7342.45620000,22675344.10693000
1765598400000,2025-12-13 04:00:00,3089.86000000,3095.85000000,3084.11000000,3094.72000000,13025.15630000,1765612799999,40257431.57380400,165544,6003.92830000,18558062.42203600
1765612800000,2025-12-13 08:00:00,3094.72000000,3135.68000000,3092.59000000,3119.35000000,35477.13250000,1765627199999,110687895.62994200,452529,17492.20600000,54558553.80251900
1765627200000,2025-12-13 12:00:00,3119.36000000,3127.80000000,3095.12000000,3109.63000000,25324.47480000,1765641599999,78771825.23867900,405548,11797.58660000,36709317.87556700
1765641600000,2025-12-13 16:00:00,3109.63000000,3116.37000000,3096.05000000,3108.41000000,23595.44270000,1765655999999,73261254.76151000,269037,12534.67730000,38916557.86946400
1765656000000,2025-12-13 20:00:00,3108.41000000,3119.79000000,3079.00000000,3114.64000000,22360.46670000,1765670399999,69428064.23804200,339094,11527.77830000,35796581.56585900
1765670400000,2025-12-14 00:00:00,3114.64000000,3129.54000000,3103.49000000,3118.96000000,17318.87490000,1765684799999,54003713.80338000,260582,9158.31420000,28559767.09170600
1765684800000,2025-12-14 04:00:00,3118.97000000,3122.10000000,3104.59000000,3115.30000000,12759.86680000,1765699199999,39697767.72913300,193929,4793.94760000,14916336.46325000
1765699200000,2025-12-14 08:00:00,3115.30000000,3119.90000000,3050.01000000,3084.84000000,55728.58880000,1765713599999,172335825.67438300,585428,27012.05760000,83529994.48160200
1765713600000,2025-12-14 12:00:00,3084.84000000,3108.18000000,3070.42000000,3084.51000000,46359.23010000,1765727999999,143213448.05620100,816675,21580.15830000,66675080.46561000
1765728000000,2025-12-14 16:00:00,3084.51000000,3107.89000000,3074.29000000,3093.71000000,88491.95950000,1765742399999,273701307.14543900,744320,31568.66610000,97636116.37949400
1765742400000,2025-12-14 20:00:00,3093.71000000,3097.10000000,3024.44000000,3063.50000000,58399.83440000,1765756799999,179120426.12147800,910114,28771.42230000,88279842.13277300
1765756800000,2025-12-15 00:00:00,3063.49000000,3150.92000000,3056.70000000,3108.68000000,68229.90450000,1765771199999,211975527.98886500,1135565,36259.78070000,112640145.67895500
1765771200000,2025-12-15 04:00:00,3108.68000000,3145.00000000,3104.02000000,3128.90000000,34378.08940000,1765785599999,107484069.79185400,462221,18340.69550000,57336832.58680300
1765785600000,2025-12-15 08:00:00,3128.91000000,3177.50000000,3125.86000000,3156.73000000,45866.45030000,1765799999999,144614579.64221500,600961,23497.67360000,74075884.03446600
1765800000000,2025-12-15 12:00:00,3156.73000000,3159.14000000,2986.05000000,3010.96000000,165313.33970000,1765814399999,505579966.19633500,2036999,76111.55410000,232998702.59288000
1765814400000,2025-12-15 16:00:00,3010.97000000,3017.77000000,2894.57000000,2940.30000000,146722.78960000,1765828799999,433846092.95486000,2207552,72384.89910000,214102285.22206200
1765828800000,2025-12-15 20:00:00,2940.29000000,2969.29000000,2916.67000000,2964.85000000,59999.38200000,1765843199999,176482211.66543400,973817,33622.43010000,98910001.91595300
1765843200000,2025-12-16 00:00:00,2964.85000000,2978.26000000,2922.64000000,2937.00000000,50152.44950000,1765857599999,147910216.96320400,871599,24287.90240000,71666001.12632900
1765857600000,2025-12-16 04:00:00,2936.99000000,2951.45000000,2876.00000000,2924.11000000,65694.23870000,1765871999999,191795024.37757500,914807,28191.83330000,82330323.32283600
1765872000000,2025-12-16 08:00:00,2924.10000000,2964.14000000,2920.02000000,2957.93000000,50801.87010000,1765886399999,149306526.16377300,846881,20320.53710000,59758181.79438300
1765886400000,2025-12-16 12:00:00,2957.93000000,2981.87000000,2886.75000000,2963.31000000,117771.36220000,1765900799999,346158376.34442700,1975984,56957.46320000,167401979.41249800
1765900800000,2025-12-16 16:00:00,2963.31000000,2968.00000000,2912.15000000,2945.58000000,70556.53220000,1765915199999,207560731.64404000,1409590,36059.86770000,106098667.23914300
1765915200000,2025-12-16 20:00:00,2945.57000000,2965.73000000,2938.08000000,2962.30000000,23316.66320000,1765929599999,68851289.31131300,650762,11536.39110000,34067164.20841200
1765929600000,2025-12-17 00:00:00,2962.30000000,2974.27000000,2938.38000000,2947.80000000,21063.39510000,1765943999999,62238039.78791800,456133,9146.47580000,27034218.32222600
1765944000000,2025-12-17 04:00:00,2947.80000000,2953.98000000,2913.95000000,2947.92000000,40306.44140000,1765958399999,118341682.77667800,487496,18326.17100000,53821195.26091600
1765958400000,2025-12-17 08:00:00,2947.92000000,2947.92000000,2908.56000000,2928.71000000,28398.94240000,1765972799999,83104213.17809400,492062,13462.19410000,39390253.55638100
1765972800000,2025-12-17 12:00:00,2928.71000000,3030.92000000,2886.80000000,2904.66000000,202478.37880000,1765987199999,599110896.00996400,2018591,99092.48040000,293315443.44056000
1765987200000,2025-12-17 16:00:00,2904.65000000,2925.59000000,2791.02000000,2820.28000000,155552.71940000,1766001599999,442655863.43687900,2207720,76455.69620000,217660499.98570600
1766001600000,2025-12-17 20:00:00,2820.28000000,2837.80000000,2798.00000000,2833.49000000,49830.53910000,1766015999999,140656334.56014300,870841,25323.41630000,71491682.30963200
1766016000000,2025-12-18 00:00:00,2833.50000000,2847.65000000,2821.34000000,2832.06000000,30115.80100000,1766030399999,85288468.38943800,598685,14222.93040000,40285787.92920300
1766030400000,2025-12-18 04:00:00,2832.06000000,2841.76000000,2822.98000000,2836.45000000,25308.19250000,1766044799999,71692170.58645100,336628,10775.62480000,30527710.07313600
1766044800000,2025-12-18 08:00:00,2836.45000000,2864.46000000,2831.99000000,2859.09000000,30684.17220000,1766059199999,87466271.47168800,571759,16761.69870000,47783643.62833300
1766059200000,2025-12-18 12:00:00,2859.10000000,2997.40000000,2854.47000000,2965.19000000,215481.28100000,1766073599999,634521563.09521800,2440360,108925.40980000,320634859.03466800
1766073600000,2025-12-18 16:00:00,2965.19000000,2967.48000000,2775.19000000,2781.93000000,205062.63390000,1766087999999,584609916.04331800,2622896,100334.67780000,286171548.01236700
1766088000000,2025-12-18 20:00:00,2781.92000000,2838.25000000,2779.76000000,2828.57000000,88601.71910000,1766102399999,249109974.05437700,1231111,46627.20410000,131061745.69958200
1766102400000,2025-12-19 00:00:00,2828.56000000,2935.00000000,2808.63000000,2909.01000000,123898.42720000,1766116799999,357148432.57747800,1367310,54067.02780000,155349200.22644800
1766116800000,2025-12-19 04:00:00,2909.00000000,2984.33000000,2907.09000000,2951.73000000,96960.58590000,1766131199999,284960066.44077300,1027477,50976.88960000,149866789.46978200
1766131200000,2025-12-19 08:00:00,2951.72000000,2971.57000000,2938.01000000,2964.96000000,43082.58980000,1766145599999,127301985.53172400,688917,21277.52170000,62876236.92114700
1766145600000,2025-12-19 12:00:00,2964.97000000,3020.00000000,2943.13000000,2964.99000000,149054.67300000,1766159999999,443210153.34885600,1727677,75372.36980000,224233780.09639400
1766160000000,2025-12-19 16:00:00,2964.99000000,3007.06000000,2936.30000000,2985.02000000,93755.72910000,1766174399999,278695529.05941000,1499156,50310.27470000,149644172.52166100
1766174400000,2025-12-19 20:00:00,2985.02000000,3003.02000000,2974.72000000,2979.50000000,24950.53890000,1766188799999,74562352.35893900,637975,13650.90840000,40803516.65714400
1766188800000,2025-12-20 00:00:00,2979.49000000,2994.41000000,2970.98000000,2989.41000000,12846.45510000,1766203199999,38302533.77913100,280192,7048.31390000,21020738.05638100
1766203200000,2025-12-20 04:00:00,2989.42000000,2990.80000000,2964.17000000,2981.24000000,17802.91440000,1766217599999,53099158.33083800,221345,7377.85880000,22009474.37300000
1766217600000,2025-12-20 08:00:00,2981.24000000,2990.20000000,2975.14000000,2987.13000000,14432.69450000,1766231999999,43063371.32672200,245383,7103.61650000,21196665.98050400
1766232000000,2025-12-20 12:00:00,2987.14000000,2993.80000000,2967.44000000,2977.27000000,25699.31960000,1766246399999,76549030.61659700,288397,9834.23650000,29293093.96452700
1766246400000,2025-12-20 16:00:00,2977.26000000,2981.40000000,2974.34000000,2978.05000000,13056.86880000,1766260799999,38885591.31989500,160416,5068.37110000,15093401.46706800
1766260800000,2025-12-20 20:00:00,2978.06000000,2985.94000000,2972.85000000,2977.93000000,7945.52100000,1766275199999,23673992.83939800,154378,4209.12240000,12542225.16704900
1766275200000,2025-12-21 00:00:00,2977.93000000,2981.43000000,2961.42000000,2972.81000000,21624.48730000,1766289599999,64229932.49639600,251563,11366.52900000,33763055.54149600
1766289600000,2025-12-21 04:00:00,2972.80000000,2982.54000000,2971.75000000,2981.09000000,6058.04040000,1766303999999,18031953.17808100,108089,2528.61390000,7527009.56503400
1766304000000,2025-12-21 08:00:00,2981.09000000,3013.40000000,2977.61000000,2996.52000000,37511.98290000,1766318399999,112506838.18174700,452749,18681.46460000,56004724.01869400
1766318400000,2025-12-21 12:00:00,2996.52000000,3005.46000000,2944.00000000,2974.68000000,47803.64990000,1766332799999,141872317.18620400,842640,22071.53580000,65532270.38536800
1766332800000,2025-12-21 16:00:00,2974.69000000,2997.96000000,2967.74000000,2991.18000000,24256.67510000,1766347199999,72328219.81786000,392439,12133.56660000,36178900.96521600
1766347200000,2025-12-21 20:00:00,2991.19000000,3012.27000000,2970.75000000,3002.02000000,24989.97110000,1766361599999,74810758.66721700,427328,12086.57800000,36180804.89636800
1766361600000,2025-12-22 00:00:00,3002.03000000,3060.55000000,2972.48000000,3021.52000000,67518.02990000,1766375999999,203953312.20774500,1221035,35841.43490000,108305638.85403400
1766376000000,2025-12-22 04:00:00,3021.53000000,3042.87000000,3020.00000000,3029.67000000,23753.18370000,1766390399999,72006712.21272600,440097,10561.15130000,32016762.79778300
1766390400000,2025-12-22 08:00:00,3029.66000000,3058.38000000,3025.11000000,3049.04000000,35463.93820000,1766404799999,107870849.24705400,596270,17169.39600000,52228940.81651800
1766404800000,2025-12-22 12:00:00,3049.05000000,3077.39000000,3022.35000000,3052.59000000,70632.56520000,1766419199999,215522830.50850700,1434029,34171.49250000,104277832.84037600
1766419200000,2025-12-22 16:00:00,3052.59000000,3059.42000000,2974.23000000,2980.44000000,55772.38560000,1766433599999,168306785.34373300,1029129,22069.13680000,66621715.38082400
1766433600000,2025-12-22 20:00:00,2980.44000000,3015.37000000,2963.43000000,3009.49000000,45303.46070000,1766447999999,135396494.94639600,731509,23170.75740000,69263080.90982900
1766448000000,2025-12-23 00:00:00,3009.48000000,3035.79000000,2971.56000000,2991.80000000,52521.82130000,1766462399999,157843082.93353500,711616,25427.09480000,76398707.25673400
1766462400000,2025-12-23 04:00:00,2991.81000000,2999.97000000,2944.79000000,2964.89000000,70774.13460000,1766476799999,210007672.70320900,722587,37608.43940000,111568747.48291400
1766476800000,2025-12-23 08:00:00,2964.88000000,2975.35000000,2952.26000000,2973.63000000,22052.47850000,1766491199999,65401148.04651800,381356,9922.58780000,29429449.00627000
1766491200000,2025-12-23 12:00:00,2973.63000000,2974.47000000,2900.93000000,2928.59000000,96611.75450000,1766505599999,283638815.01911500,1310221,44085.17330000,129421515.04473000
1766505600000,2025-12-23 16:00:00,2928.59000000,2966.56000000,2908.95000000,2943.92000000,66566.67240000,1766519999999,195933600.61666300,972768,34609.87290000,101863873.85607600
1766520000000,2025-12-23 20:00:00,2943.95000000,2988.44000000,2940.89000000,2965.02000000,77938.88570000,1766534399999,231074933.74349200,725774,54741.29130000,162299884.06742700
1766534400000,2025-12-24 00:00:00,2965.03000000,2978.15000000,2921.03000000,2945.75000000,37427.16870000,1766548799999,110385539.23296100,535719,20901.21240000,61694883.90942800
1766548800000,2025-12-24 04:00:00,2945.75000000,2958.73000000,2917.12000000,2932.68000000,35394.64200000,1766563199999,103887941.61781800,433103,17302.05080000,50789896.20965700
1766563200000,2025-12-24 08:00:00,2932.69000000,2939.84000000,2914.35000000,2925.02000000,29363.68130000,1766577599999,85994727.47446500,417075,14214.38160000,41635573.71162800
1766577600000,2025-12-24 12:00:00,2925.02000000,2938.73000000,2888.70000000,2925.55000000,44957.60810000,1766591999999,131093668.19894900,917364,21947.72600000,64016855.73917700
1766592000000,2025-12-24 16:00:00,2925.54000000,2954.39000000,2921.37000000,2945.72000000,32340.05220000,1766606399999,95045806.75207000,626750,18356.02650000,53944386.84645200
1766606400000,2025-12-24 20:00:00,2945.73000000,2962.96000000,2941.73000000,2947.47000000,17552.40750000,1766620799999,51801604.58200300,264672,8681.14560000,25622829.72792900
1766620800000,2025-12-25 00:00:00,2947.48000000,2956.89000000,2936.89000000,2947.15000000,13645.16010000,1766635199999,40208491.09359200,224507,5271.24880000,15535259.70273000
1766635200000,2025-12-25 04:00:00,2947.16000000,2948.15000000,2938.12000000,2941.56000000,17963.74390000,1766649599999,52839698.60717900,181926,7437.64360000,21875594.99518100
1766649600000,2025-12-25 08:00:00,2941.57000000,2946.82000000,2912.00000000,2924.88000000,26993.28170000,1766663999999,78973819.44655900,344770,11187.29530000,32725532.19069800
1766664000000,2025-12-25 12:00:00,2924.88000000,2971.46000000,2920.00000000,2961.14000000,50360.94130000,1766678399999,148487452.23530300,517172,24555.21810000,72286245.25971900
1766678400000,2025-12-25 16:00:00,2961.14000000,2967.65000000,2943.75000000,2956.41000000,40199.70350000,1766692799999,118761538.26367000,351898,20584.26520000,60794739.37169600
1766692800000,2025-12-25 20:00:00,2956.41000000,2956.58000000,2891.20000000,2903.95000000,39558.46760000,1766707199999,115419625.84647600,563338,16951.72100000,49461092.40908300
1766707200000,2025-12-26 00:00:00,2903.90000000,2994.38000000,2894.26000000,2964.92000000,85472.06550000,1766721599999,252846474.17670600,1003012,42117.64800000,124477676.96910800
1766721600000,2025-12-26 04:00:00,2964.92000000,2993.27000000,2952.59000000,2956.83000000,56536.75280000,1766735999999,168096702.90443200,509120,28938.19970000,85985660.01685600
1766736000000,2025-12-26 08:00:00,2956.83000000,2976.53000000,2954.76000000,2964.75000000,27704.01270000,1766750399999,82178810.82127600,436108,14420.61460000,42769480.06199600
1766750400000,2025-12-26 12:00:00,2964.76000000,2985.89000000,2894.49000000,2923.19000000,102372.87410000,1766764799999,300198054.01541200,1257964,54323.26260000,159302796.96882600
1766764800000,2025-12-26 16:00:00,2923.20000000,2935.12000000,2906.98000000,2925.99000000,29323.55710000,1766779199999,85712225.19593000,592665,14002.70630000,40933252.32119200
1766779200000,2025-12-26 20:00:00,2925.99000000,2938.83000000,2921.49000000,2927.99000000,13421.73670000,1766793599999,39325517.10407600,263295,5568.86830000,16315426.36022200
1766793600000,2025-12-27 00:00:00,2928.00000000,2933.70000000,2921.33000000,2933.40000000,12504.40620000,1766807999999,36612402.80014000,149028,6386.09100000,18697361.46142100
1766808000000,2025-12-27 04:00:00,2933.39000000,2938.00000000,2928.11000000,2933.27000000,9579.62220000,1766822399999,28088000.40595000,96266,3848.99870000,11285064.19360400
1766822400000,2025-12-27 08:00:00,2933.27000000,2940.79000000,2917.25000000,2930.88000000,22992.08650000,1766836799999,67385577.78172500,217520,9287.01080000,27214015.81328300
1766836800000,2025-12-27 12:00:00,2930.88000000,2933.85000000,2925.25000000,2926.50000000,11659.57270000,1766851199999,34158677.05342400,140515,5352.73250000,15679151.68020200
1766851200000,2025-12-27 16:00:00,2926.50000000,2930.82000000,2917.13000000,2930.82000000,12392.45610000,1766865599999,36245989.99671700,139728,5870.78500000,17166408.71977100
1766865600000,2025-12-27 20:00:00,2930.81000000,2960.89000000,2928.89000000,2949.05000000,25912.25190000,1766879999999,76215448.29656200,261339,12540.35330000,36894743.03729200
1766880000000,2025-12-28 00:00:00,2949.05000000,2951.86000000,2941.14000000,2943.58000000,13874.22370000,1766894399999,40883811.46286700,179740,7152.04360000,21075674.03578100
1766894400000,2025-12-28 04:00:00,2943.57000000,2947.07000000,2929.50000000,2939.00000000,12300.15730000,1766908799999,36147136.89079300,182794,5718.18370000,16803318.67619600
1766908800000,2025-12-28 08:00:00,2938.99000000,2947.34000000,2931.56000000,2944.09000000,18702.57960000,1766923199999,55018945.84569000,218805,8696.44490000,25579553.62096000
1766923200000,2025-12-28 12:00:00,2944.09000000,2961.23000000,2937.78000000,2949.46000000,33669.67110000,1766937599999,99209474.91076600,271861,15942.58130000,46980752.48576600
1766937600000,2025-12-28 16:00:00,2949.47000000,2954.72000000,2924.54000000,2933.61000000,29530.26860000,1766951999999,86765547.16523100,318261,17660.52570000,51896415.36555700
1766952000000,2025-12-28 20:00:00,2933.60000000,2955.50000000,2928.89000000,2950.91000000,20757.23870000,1766966399999,61053229.15723100,313049,10204.21230000,30016841.83442600
1766966400000,2025-12-29 00:00:00,2950.91000000,3048.45000000,2944.54000000,3043.75000000,101995.36420000,1766980799999,305835086.66302500,1097778,51032.64840000,152997370.84710400
1766980800000,2025-12-29 04:00:00,3043.75000000,3057.78000000,3010.74000000,3019.51000000,103030.94620000,1766995199999,313086668.19819200,688109,42485.72870000,129084104.39166700
1766995200000,2025-12-29 08:00:00,3019.51000000,3026.51000000,2956.89000000,2959.91000000,84829.16650000,1767009599999,252652788.28865300,831982,41484.84880000,123511418.57849600
1767009600000,2025-12-29 12:00:00,2959.90000000,2965.85000000,2910.25000000,2935.75000000,119862.58970000,1767023999999,351891851.56485400,1503839,59116.19940000,173539981.32854300
1767024000000,2025-12-29 16:00:00,2935.75000000,2946.00000000,2914.03000000,2932.48000000,51908.42180000,1767038399999,152283795.04504900,693089,26367.09730000,77353985.26117000
1767038400000,2025-12-29 20:00:00,2932.47000000,2944.24000000,2926.04000000,2937.90000000,24332.69400000,1767052799999,71430028.17376600,347738,13068.63570000,38358587.35490500
1767052800000,2025-12-30 00:00:00,2937.91000000,2956.00000000,2919.44000000,2951.91000000,30076.55630000,1767067199999,88340391.19251100,504841,14941.47300000,43880660.33987900
1767067200000,2025-12-30 04:00:00,2951.92000000,2959.00000000,2937.39000000,2950.79000000,26514.31340000,1767081599999,78196959.00816600,357297,11294.59620000,33303390.28988900
1767081600000,2025-12-30 08:00:00,2950.79000000,3003.66000000,2950.20000000,2978.88000000,59053.35640000,1767095999999,176062875.52139600,737249,31257.20380000,93195630.50673400
1767096000000,2025-12-30 12:00:00,2978.88000000,3009.80000000,2958.88000000,2989.77000000,93742.77320000,1767110399999,279540783.08027300,1219117,48858.79240000,145675803.82724200
1767110400000,2025-12-30 16:00:00,2989.78000000,2995.28000000,2944.76000000,2971.56000000,54745.65840000,1767124799999,162740949.15236400,802223,28341.12630000,84248362.29892600
1767124800000,2025-12-30 20:00:00,2971.56000000,2975.96000000,2954.28000000,2973.69000000,22450.63020000,1767139199999,66616600.53489800,339163,11435.04310000,33927342.87340200
1767139200000,2025-12-31 00:00:00,2973.69000000,2984.86000000,2961.89000000,2970.69000000,20321.85070000,1767153599999,60458930.61751400,374246,10007.81680000,29770783.39011200
1767153600000,2025-12-31 04:00:00,2970.68000000,2980.00000000,2968.92000000,2976.98000000,17669.20100000,1767167999999,52567868.28121200,220775,6495.90330000,19324393.47690800
1767168000000,2025-12-31 08:00:00,2976.97000000,3003.64000000,2963.91000000,3002.20000000,54160.49180000,1767182399999,161719552.06647900,357985,24936.09030000,74469717.76448000
1767182400000,2025-12-31 12:00:00,3002.20000000,3028.08000000,2968.00000000,2985.76000000,77365.93240000,1767196799999,231779882.82641300,933233,40297.04920000,120710683.56503900
1767196800000,2025-12-31 16:00:00,2985.76000000,2997.40000000,2958.91000000,2971.15000000,38835.51560000,1767211199999,115602608.10333700,685729,20972.70380000,62441994.41467600
1767211200000,2025-12-31 20:00:00,2971.16000000,2984.86000000,2963.43000000,2971.64000000,25376.59720000,1767225599999,75471203.80525700,363464,13507.96290000,40173728.56971800
1767225600000,2026-01-01 00:00:00,2971.65000000,2988.96000000,2971.15000000,2980.00000000,14277.70370000,1767239999999,42578953.55291500,208284,8186.47070000,24410153.70149900
1767240000000,2026-01-01 04:00:00,2979.99000000,2983.79000000,2972.99000000,2978.53000000,24119.37450000,1767254399999,71824160.20018500,159773,13246.78000000,39439703.59507000
1767254400000,2026-01-01 08:00:00,2978.52000000,2993.20000000,2977.80000000,2989.69000000,18658.70120000,1767268799999,55695006.55035600,121817,7982.72790000,23828792.25780400
1767268800000,2026-01-01 12:00:00,2989.70000000,2994.87000000,2977.74000000,2989.87000000,24220.78590000,1767283199999,72306230.59755400,248284,10026.99610000,29933983.04716400
1767283200000,2026-01-01 16:00:00,2989.87000000,3005.98000000,2980.75000000,2995.42000000,28557.25960000,1767297599999,85396521.99222400,326175,14695.07540000,43945593.31279500
1767297600000,2026-01-01 20:00:00,2995.42000000,3010.00000000,2987.54000000,3004.19000000,26254.69580000,1767311999999,78746794.20492000,273879,12339.03590000,37000353.28033600
1767312000000,2026-01-02 00:00:00,3004.19000000,3035.00000000,2992.49000000,3022.53000000,40245.60680000,1767326399999,121258200.41750500,483871,24322.00890000,73264807.17649700
1767326400000,2026-01-02 04:00:00,3022.53000000,3039.54000000,3009.02000000,3018.33000000,25581.58800000,1767340799999,77342499.07184600,399393,13427.12790000,40605811.04748000
1767340800000,2026-01-02 08:00:00,3018.32000000,3069.71000000,3015.95000000,3047.82000000,67146.88370000,1767355199999,204808381.94810700,680050,35143.65290000,107155052.90228400
1767355200000,2026-01-02 12:00:00,3047.81000000,3109.00000000,3020.79000000,3086.64000000,103779.65480000,1767369599999,318454989.60442500,1538745,56839.86240000,174446819.67509100
1767369600000,2026-01-02 16:00:00,3086.64000000,3150.01000000,3079.23000000,3123.62000000,103511.24000000,1767383999999,323089193.87457600,1653821,50486.90980000,157617120.53536600
1767384000000,2026-01-02 20:00:00,3123.63000000,3146.00000000,3111.52000000,3125.45000000,29626.27160000,1767398399999,92665812.28828000,520600,14837.47720000,46420865.03525000
1767398400000,2026-01-03 00:00:00,3125.46000000,3136.71000000,3119.26000000,3125.56000000,21639.93510000,1767412799999,67659413.43176400,289441,10187.82390000,31854969.29612900
1767412800000,2026-01-03 04:00:00,3125.56000000,3127.79000000,3076.00000000,3090.50000000,37848.57680000,1767427199999,117325486.05183000,446975,16781.02600000,52002924.62224200
1767427200000,2026-01-03 08:00:00,3090.49000000,3110.56000000,3083.86000000,3098.49000000,24186.44090000,1767441599999,74948221.11404200,402894,12795.19760000,39651714.63104500
1767441600000,2026-01-03 12:00:00,3098.50000000,3114.61000000,3093.47000000,3101.31000000,21597.53100000,1767455999999,67047477.59354100,287753,11607.58050000,36034448.20876700
1767456000000,2026-01-03 16:00:00,3101.32000000,3118.55000000,3098.33000000,3113.13000000,13958.28980000,1767470399999,43406326.14342500,176990,7207.91250000,22419400.53233100
1767470400000,2026-01-03 20:00:00,3113.13000000,3131.00000000,3107.49000000,3127.11000000,15174.45220000,1767484799999,47359872.17753500,219198,8210.26620000,25623217.17435800
1767484800000,2026-01-04 00:00:00,3127.11000000,3167.22000000,3126.35000000,3147.36000000,48314.70560000,1767499199999,152083782.69346000,569480,27925.49970000,87902516.87329000
1767499200000,2026-01-04 04:00:00,3147.36000000,3163.19000000,3133.57000000,3141.29000000,39164.63500000,1767513599999,123222810.27094500,362773,20767.81140000,65338479.90766000
1767513600000,2026-01-04 08:00:00,3141.29000000,3148.30000000,3126.00000000,3139.54000000,25325.44150000,1767527999999,79480435.58311900,386737,10496.81440000,32941857.91424300
1767528000000,2026-01-04 12:00:00,3139.55000000,3147.26000000,3118.75000000,3135.55000000,25571.05360000,1767542399999,80173771.94258500,370526,11955.41730000,37488921.13008100
1767542400000,2026-01-04 16:00:00,3135.55000000,3143.60000000,3118.98000000,3132.72000000,22056.35940000,1767556799999,69091898.19355300,307114,12393.24710000,38817954.45199600
1767556800000,2026-01-04 20:00:00,3132.72000000,3155.85000000,3130.85000000,3144.70000000,21143.87350000,1767571199999,66464886.96489200,264869,11245.07990000,35347244.61540700
1767571200000,2026-01-05 00:00:00,3144.71000000,3220.82000000,3143.54000000,3185.86000000,78748.06230000,1767585599999,250711646.42616200,884326,39716.75290000,126428848.25620400
1767585600000,2026-01-05 04:00:00,3185.86000000,3188.35000000,3135.31000000,3157.33000000,46393.43120000,1767599999999,146579181.49771600,504482,20381.77130000,64388707.68864600
1767600000000,2026-01-05 08:00:00,3157.24000000,3183.64000000,3153.12000000,3180.27000000,35017.82470000,1767614399999,110955694.66781400,545817,16461.28000000,52164281.73382600
1767614400000,2026-01-05 12:00:00,3180.28000000,3205.00000000,3135.02000000,3195.57000000,75457.21820000,1767628799999,238935844.18857800,1294737,37755.54930000,119556117.20512000
1767628800000,2026-01-05 16:00:00,3195.58000000,3229.99000000,3159.48000000,3223.07000000,84699.98380000,1767643199999,271109777.97234900,1251761,43111.92620000,138027435.68681300
1767643200000,2026-01-05 20:00:00,3223.07000000,3265.66000000,3220.00000000,3224.99000000,62130.14160000,1767657599999,201356698.72886800,920859,31529.15390000,102190420.05019000
1767657600000,2026-01-06 00:00:00,3224.99000000,3247.30000000,3203.34000000,3225.10000000,41660.20450000,1767671999999,134221933.56576900,648730,21349.26180000,68798917.90778400
1767672000000,2026-01-06 04:00:00,3225.10000000,3253.76000000,3211.37000000,3219.24000000,43424.56580000,1767686399999,140247235.98350000,527019,20674.19330000,66787927.61177200
1767686400000,2026-01-06 08:00:00,3219.24000000,3242.98000000,3214.52000000,3238.08000000,31791.57480000,1767700799999,102658761.03333400,464263,15886.35770000,51304044.17386400
1767700800000,2026-01-06 12:00:00,3238.09000000,3308.86000000,3230.00000000,3272.32000000,128299.73240000,1767715199999,420552998.82084800,1352581,69324.22940000,227213470.63021400
1767715200000,2026-01-06 16:00:00,3272.31000000,3279.36000000,3183.27000000,3223.57000000,114076.95400000,1767729599999,368908871.23305800,1447972,49799.41290000,160939722.07643400
1767729600000,2026-01-06 20:00:00,3223.57000000,3301.60000000,3223.11000000,3296.84000000,53250.47510000,1767743999999,174274019.31774600,869506,27283.34440000,89268359.25110100
1767744000000,2026-01-07 00:00:00,3296.83000000,3296.84000000,3239.44000000,3266.83000000,42293.99430000,1767758399999,138001743.08291400,749990,20418.52870000,66606725.61149300
1767758400000,2026-01-07 04:00:00,3266.84000000,3271.81000000,3246.75000000,3255.31000000,22149.39160000,1767772799999,72147242.12926800,346037,9719.07290000,31659912.60384100
1767772800000,2026-01-07 08:00:00,3255.31000000,3263.37000000,3196.23000000,3220.24000000,64927.43870000,1767787199999,209138130.75431200,735324,29327.73400000,94413301.07389200
1767787200000,2026-01-07 12:00:00,3220.25000000,3229.05000000,3144.37000000,3164.70000000,91685.58270000,1767801599999,291875570.12179700,1385509,43875.64100000,139656873.83509100
1767801600000,2026-01-07 16:00:00,3164.71000000,3179.69000000,3125.42000000,3146.02000000,58204.19410000,1767815999999,183518827.16065600,992160,28634.21240000,90293157.72961900
1767816000000,2026-01-07 20:00:00,3146.02000000,3181.78000000,3128.13000000,3168.72000000,42089.52110000,1767830399999,132767211.43889200,630256,22669.72940000,71549954.83597100
1767830400000,2026-01-08 00:00:00,3168.72000000,3184.39000000,3133.56000000,3142.88000000,39920.82530000,1767844799999,126229758.84970600,665977,19320.91740000,61106510.65825700
1767844800000,2026-01-08 04:00:00,3142.88000000,3161.24000000,3090.04000000,3128.28000000,59556.32340000,1767859199999,186060296.89820100,738345,26834.63980000,83847236.67677800
1767859200000,2026-01-08 08:00:00,3128.29000000,3136.56000000,3096.68000000,3121.24000000,46446.00650000,1767873599999,144883873.33760300,646633,22169.50450000,69147960.70483500
1767873600000,2026-01-08 12:00:00,3121.25000000,3121.49000000,3054.65000000,3104.20000000,115339.83260000,1767887999999,356165726.47371000,1510585,61256.16740000,189178943.94210900
1767888000000,2026-01-08 16:00:00,3104.19000000,3140.00000000,3090.20000000,3111.53000000,53648.43490000,1767902399999,167239292.28923000,882482,24515.01980000,76442866.72954300
1767902400000,2026-01-08 20:00:00,3111.53000000,3130.38000000,3089.39000000,3106.65000000,28704.67780000,1767916799999,89267072.19425300,538401,13738.68770000,42726965.31844800
1767916800000,2026-01-09 00:00:00,3106.66000000,3148.41000000,3081.34000000,3119.60000000,49958.42800000,1767931199999,155500670.91368800,547080,23856.74840000,74286598.37924000
1767931200000,2026-01-09 04:00:00,3119.60000000,3125.71000000,3110.39000000,3111.20000000,17294.12780000,1767945599999,53928250.04431000,269189,8805.78060000,27458976.11090100
1767945600000,2026-01-09 08:00:00,3111.21000000,3115.37000000,3067.44000000,3090.36000000,40427.36910000,1767959999999,125003507.53220000,615306,18808.41630000,58176504.00796800
1767960000000,2026-01-09 12:00:00,3090.36000000,3143.00000000,3058.69000000,3112.08000000,86674.20140000,1767974399999,268672169.53830300,1264047,44637.46120000,138423411.00396800
1767974400000,2026-01-09 16:00:00,3112.08000000,3145.45000000,3068.94000000,3080.60000000,56163.57710000,1767988799999,174540426.28437600,1038422,28028.89480000,87176341.77960200
1767988800000,2026-01-09 20:00:00,3080.60000000,3093.35000000,3065.23000000,3088.40000000,24069.74990000,1768003199999,74201958.61267600,448526,13132.37010000,40489367.40270100
1768003200000,2026-01-10 00:00:00,3088.40000000,3094.61000000,3080.10000000,3086.51000000,10803.58600000,1768017599999,33349044.19549800,170826,5284.35170000,16314561.12103100
1768017600000,2026-01-10 04:00:00,3086.51000000,3093.38000000,3077.99000000,3092.77000000,20280.09510000,1768031999999,62548053.94466100,153243,10085.70610000,31104410.21515100
1768032000000,2026-01-10 08:00:00,3092.77000000,3104.12000000,3087.37000000,3096.99000000,19119.59530000,1768046399999,59214720.92736600,152896,11786.05390000,36493025.36162400
1768046400000,2026-01-10 12:00:00,3096.99000000,3104.01000000,3088.81000000,3095.64000000,12501.09340000,1768060799999,38711365.54776000,160344,6930.07530000,21460008.26439800
1768060800000,2026-01-10 16:00:00,3095.63000000,3099.37000000,3090.08000000,3092.12000000,8420.09520000,1768075199999,26055249.95798300,95545,4430.05190000,13707560.78240500
1768075200000,2026-01-10 20:00:00,3092.13000000,3093.30000000,3078.71000000,3086.72000000,11216.58960000,1768089599999,34617289.42937500,148215,6172.92390000,19051343.08044000
1768089600000,2026-01-11 00:00:00,3086.72000000,3097.53000000,3084.46000000,3096.78000000,6690.16030000,1768103999999,20688764.86566100,131856,3692.78410000,11418608.50205300
1768104000000,2026-01-11 04:00:00,3096.78000000,3102.42000000,3090.00000000,3095.32000000,10462.92550000,1768118399999,32405321.91093800,113477,5164.61300000,15995398.21372100
1768118400000,2026-01-11 08:00:00,3095.32000000,3109.78000000,3092.70000000,3105.22000000,16569.45840000,1768132799999,51428240.39220100,139256,8329.94950000,25853189.59982200
1768132800000,2026-01-11 12:00:00,3105.22000000,3131.00000000,3105.00000000,3118.22000000,35550.03100000,1768147199999,110748101.72278200,338797,18605.58310000,57966622.01661500
1768147200000,2026-01-11 16:00:00,3118.22000000,3147.27000000,3115.63000000,3124.36000000,36016.84370000,1768161599999,112782298.28370300,303696,19614.10900000,61421042.81065300
1768161600000,2026-01-11 20:00:00,3124.36000000,3126.15000000,3092.59000000,3123.45000000,44091.87760000,1768175999999,137174920.40771700,495420,22114.18040000,68815790.64030900
1768176000000,2026-01-12 00:00:00,3123.46000000,3171.49000000,3097.24000000,3152.55000000,72306.44110000,1768190399999,227129509.97383600,962354,38590.71800000,121210000.59405200
1768190400000,2026-01-12 04:00:00,3152.56000000,3166.90000000,3133.52000000,3135.34000000,25464.26070000,1768204799999,80331814.06305900,315827,11034.91710000,34816659.19159900
1768204800000,2026-01-12 08:00:00,3135.33000000,3147.62000000,3101.48000000,3115.43000000,40245.08710000,1768219199999,125538913.02300600,626658,20582.25090000,64209550.16215200
1768219200000,2026-01-12 12:00:00,3115.43000000,3133.52000000,3065.55000000,3130.17000000,73683.73550000,1768233599999,228477459.45492500,983998,35465.64680000,109986308.57940500
1768233600000,2026-01-12 16:00:00,3130.17000000,3146.66000000,3083.50000000,3121.83000000,57077.67910000,1768247999999,177899016.02091800,942739,28064.93080000,87473897.87389000
1768248000000,2026-01-12 20:00:00,3121.82000000,3127.75000000,3083.54000000,3095.75000000,28596.26460000,1768262399999,88647829.76025700,472029,11431.48530000,35443636.35345900
1768262400000,2026-01-13 00:00:00,3095.75000000,3119.01000000,3091.96000000,3116.14000000,22531.13350000,1768276799999,69960561.91674500,383431,12573.12240000,39044666.81130600
1768276800000,2026-01-13 04:00:00,3116.14000000,3146.55000000,3112.46000000,3122.01000000,38274.26130000,1768291199999,119810547.77733100,432421,18660.02690000,58407411.12519900
1768291200000,2026-01-13 08:00:00,3122.00000000,3148.33000000,3122.00000000,3133.95000000,33910.39540000,1768305599999,106295004.27785000,432776,18594.99670000,58280995.75276200
1768305600000,2026-01-13 12:00:00,3133.95000000,3188.47000000,3130.00000000,3184.41000000,96545.24060000,1768319999999,304279297.19907900,1157853,52034.88240000,164054752.06384800
1768320000000,2026-01-13 16:00:00,3184.41000000,3218.61000000,3172.00000000,3215.90000000,73955.93380000,1768334399999,236022434.37691600,1172339,37826.01960000,120734805.77755500
1768334400000,2026-01-13 20:00:00,3215.91000000,3367.79000000,3190.56000000,3325.82000000,192565.31700000,1768348799999,634615456.57695600,1298096,100044.89680000,329447681.06161600
1768348800000,2026-01-14 00:00:00,3325.83000000,3357.56000000,3315.15000000,3351.95000000,85543.41500000,1768363199999,285103810.30403500,784401,39211.35520000,130722455.30484000
1768363200000,2026-01-14 04:00:00,3351.94000000,3364.64000000,3322.01000000,3335.78000000,63136.24590000,1768377599999,210640332.54904300,540347,30543.62450000,101917031.79119100
1768377600000,2026-01-14 08:00:00,3335.78000000,3342.64000000,3282.59000000,3286.22000000,58774.12120000,1768391999999,194770832.62002300,545919,25410.81950000,84215911.61687400
1768392000000,2026-01-14 12:00:00,3286.22000000,3362.17000000,3280.48000000,3345.81000000,107556.32600000,1768406399999,358057467.49215000,1241532,55061.00770000,183336010.56413100
1768406400000,2026-01-14 16:00:00,3345.81000000,3402.89000000,3315.51000000,3367.42000000,136432.62720000,1768420799999,458932951.91792700,1529555,69844.62560000,234998420.29692000
1768420800000,2026-01-14 20:00:00,3367.42000000,3392.94000000,3347.83000000,3354.92000000,51997.34060000,1768435199999,175143105.45662000,709656,22529.77860000,75901304.21933300
1768435200000,2026-01-15 00:00:00,3354.92000000,3355.80000000,3278.00000000,3286.55000000,57564.06280000,1768449599999,190769807.02797100,653130,22477.62100000,74481119.34777600
1768449600000,2026-01-15 04:00:00,3286.56000000,3335.15000000,3284.84000000,3330.00000000,36938.09880000,1768463999999,122372256.79324400,488511,17583.10680000,58246548.05885100
1768464000000,2026-01-15 08:00:00,3329.99000000,3378.75000000,3320.17000000,3349.96000000,56429.51160000,1768478399999,189320415.17791700,578821,28247.87090000,94789404.95645600
1768478400000,2026-01-15 12:00:00,3349.96000000,3384.19000000,3285.79000000,3330.65000000,109387.00460000,1768492799999,365504248.14021700,1342387,51706.34960000,172837516.34577800
1768492800000,2026-01-15 16:00:00,3330.66000000,3337.56000000,3273.72000000,3295.48000000,95663.68140000,1768507199999,316435315.42772900,1246351,46635.76300000,154386506.06623800
1768507200000,2026-01-15 20:00:00,3295.47000000,3323.32000000,3276.70000000,3318.69000000,34011.47680000,1768521599999,112226207.99914200,457190,15455.36980000,51020410.64137000
1768521600000,2026-01-16 00:00:00,3318.70000000,3326.79000000,3291.89000000,3295.21000000,26232.68950000,1768535999999,86749126.27409800,419192,12099.65820000,40012861.34361800
1768536000000,2026-01-16 04:00:00,3295.22000000,3316.99000000,3277.04000000,3309.41000000,39155.79340000,1768550399999,129214856.78914100,375374,17595.46970000,58074484.46389300
1768550400000,2026-01-16 08:00:00,3309.42000000,3319.97000000,3293.33000000,3301.94000000,24987.77870000,1768564799999,82639137.17564600,386704,10700.41590000,35395124.14715400
1768564800000,2026-01-16 12:00:00,3301.94000000,3318.61000000,3253.01000000,3264.18000000,65806.19230000,1768579199999,216375887.90217900,1146837,31283.97420000,102858607.59823800
1768579200000,2026-01-16 16:00:00,3264.17000000,3288.42000000,3259.83000000,3276.94000000,40718.88600000,1768593599999,133442549.61259500,788855,22606.75310000,74086355.90603800
1768593600000,2026-01-16 20:00:00,3276.94000000,3299.89000000,3264.42000000,3296.28000000,27020.44770000,1768607999999,88856950.99617400,411286,14872.89040000,48906871.29899700
1768608000000,2026-01-17 00:00:00,3296.28000000,3297.34000000,3283.96000000,3289.32000000,11302.55070000,1768622399999,37195337.76037600,170806,4288.23720000,14111131.30449300
1768622400000,2026-01-17 04:00:00,3289.33000000,3294.12000000,3285.99000000,3291.57000000,8025.45660000,1768636799999,26405041.65088600,116609,3901.47920000,12837232.36139100
1768636800000,2026-01-17 08:00:00,3291.56000000,3305.32000000,3289.01000000,3302.72000000,19466.08160000,1768651199999,64198074.84988200,172227,11054.01490000,36463374.02094700
1768651200000,2026-01-17 12:00:00,3302.72000000,3330.07000000,3299.77000000,3329.95000000,42521.61030000,1768665599999,141084931.55539700,302019,27007.63400000,89615937.95918800
1768665600000,2026-01-17 16:00:00,3329.95000000,3330.26000000,3312.22000000,3316.36000000,27286.94490000,1768679999999,90596915.30790000,254385,14623.45080000,48559138.09136800
1768680000000,2026-01-17 20:00:00,3316.36000000,3320.33000000,3297.44000000,3310.56000000,15722.38620000,1768694399999,52028567.26706900,213568,7768.76910000,25713096.71755000
1768694400000,2026-01-18 00:00:00,3310.56000000,3319.50000000,3296.34000000,3316.16000000,14955.00730000,1768708799999,49449341.94997300,274674,6755.58130000,22342605.38405300
1768708800000,2026-01-18 04:00:00,3316.15000000,3318.36000000,3306.40000000,3307.30000000,19441.76680000,1768723199999,64411782.57571900,205007,12439.49890000,41214056.25406500
1768723200000,2026-01-18 08:00:00,3307.30000000,3326.20000000,3303.52000000,3322.00000000,26425.78910000,1768737599999,87699651.04785800,263440,16749.17840000,55577616.09398800
1768737600000,2026-01-18 12:00:00,3322.00000000,3347.75000000,3314.64000000,3333.99000000,32494.89080000,1768751999999,108229509.36244000,407444,16049.92390000,53478303.84414500
1768752000000,2026-01-18 16:00:00,3334.00000000,3368.82000000,3330.05000000,3346.56000000,28977.75520000,1768766399999,97093149.79914600,410609,15083.53670000,50531544.48216400
1768766400000,2026-01-18 20:00:00,3346.56000000,3356.26000000,3278.86000000,3284.03000000,51059.09340000,1768780799999,169418081.79512000,666278,25979.08000000,86280846.02317300
1768780800000,2026-01-19 00:00:00,3284.04000000,3284.58000000,3177.68000000,3212.29000000,189671.13610000,1768795199999,610074734.03488000,1630290,87789.82770000,282401742.01079700
1768795200000,2026-01-19 04:00:00,3212.28000000,3218.02000000,3187.88000000,3207.47000000,86267.35460000,1768809599999,276445092.15231600,511273,52177.10810000,167263252.85694400
1768809600000,2026-01-19 08:00:00,3207.47000000,3231.27000000,3197.30000000,3223.91000000,62305.84340000,1768823999999,200426963.33609300,570879,36379.82150000,117077759.01690300
1768824000000,2026-01-19 12:00:00,3223.91000000,3236.26000000,3202.85000000,3216.21000000,39678.10610000,1768838399999,127764115.62834200,559934,19884.62300000,64060451.46753800
1768838400000,2026-01-19 16:00:00,3216.20000000,3227.17000000,3208.50000000,3219.95000000,20446.96470000,1768852799999,65801797.74208300,480450,8712.77240000,28042086.14138600
1768852800000,2026-01-19 20:00:00,3219.95000000,3225.43000000,3165.38000000,3189.55000000,44171.15470000,1768867199999,141075561.00454700,653338,20763.52120000,66284956.09100000
1768867200000,2026-01-20 00:00:00,3189.56000000,3200.50000000,3175.53000000,3188.67000000,31249.15240000,1768881599999,99658329.11357600,652548,16988.65730000,54188961.41120500
1768881600000,2026-01-20 04:00:00,3188.68000000,3189.23000000,3109.37000000,3123.37000000,92886.95920000,1768895999999,291868491.81995500,1121911,39946.15810000,125510588.06084100
1768896000000,2026-01-20 08:00:00,3123.37000000,3123.84000000,3085.17000000,3109.88000000,80416.52770000,1768910399999,249396747.83891800,1034157,44398.41250000,137686296.32914000
1768910400000,2026-01-20 12:00:00,3109.88000000,3115.00000000,2995.33000000,3032.99000000,151528.89060000,1768924799999,462379448.95740200,1950847,72154.20040000,220401518.70638500
1768924800000,2026-01-20 16:00:00,3033.00000000,3042.92000000,2980.11000000,2996.49000000,80445.97880000,1768939199999,241665002.09311800,1401521,42235.65440000,126875276.27049600
1768939200000,2026-01-20 20:00:00,2996.49000000,3007.22000000,2920.00000000,2939.88000000,81638.97000000,1768953599999,242005006.98309100,1067654,35882.04750000,106313270.01512600
1768953600000,2026-01-21 00:00:00,2939.88000000,2984.64000000,2921.89000000,2981.76000000,52743.88170000,1768967999999,156030014.12043600,963246,29142.25350000,86209008.79460900
1768968000000,2026-01-21 04:00:00,2981.75000000,3002.00000000,2966.00000000,2970.60000000,43953.85090000,1768982399999,131113379.85719500,574844,21574.40920000,64358534.70585900
1768982400000,2026-01-21 08:00:00,2970.60000000,2974.87000000,2938.00000000,2943.00000000,47857.52160000,1768996799999,141699552.58837600,535937,24574.82260000,72797971.30131900
1768996800000,2026-01-21 12:00:00,2943.00000000,3026.83000000,2902.00000000,3002.69000000,152744.35480000,1769011199999,452601825.53240000,2134817,78089.24660000,231564400.68671200
1769011200000,2026-01-21 16:00:00,3002.69000000,3069.07000000,2866.11000000,3055.56000000,209234.42990000,1769025599999,616190414.98081400,2759930,108803.46020000,320643453.59062000
1769025600000,2026-01-21 20:00:00,3055.55000000,3057.72000000,2972.69000000,2982.27000000,71266.20920000,1769039999999,215267996.73283200,1095542,34777.61490000,105047882.71157000
1769040000000,2026-01-22 00:00:00,2982.28000000,3038.33000000,2980.73000000,3013.41000000,40907.93090000,1769054399999,123323612.23326300,740957,22256.94570000,67086980.69085100
1769054400000,2026-01-22 04:00:00,3013.41000000,3027.90000000,3000.40000000,3000.94000000,30603.70310000,1769068799999,92305198.15189300,481516,14146.60360000,42675916.02164500
1769068800000,2026-01-22 08:00:00,3000.94000000,3016.40000000,2977.22000000,2986.80000000,36510.93440000,1769083199999,109520108.37556700,501913,16247.41520000,48744450.28558700
1769083200000,2026-01-22 12:00:00,2986.80000000,3010.18000000,2906.02000000,2942.01000000,106579.00970000,1769097599999,314954271.25317200,1452427,51244.90400000,151448498.30283300
1769097600000,2026-01-22 16:00:00,2942.02000000,2972.76000000,2923.99000000,2953.94000000,48457.57140000,1769111999999,142841913.91380300,1064051,26949.98700000,79459747.42026800
1769112000000,2026-01-22 20:00:00,2953.94000000,2959.16000000,2930.15000000,2952.69000000,28601.58540000,1769126399999,84261788.31144000,455657,13564.93920000,39956036.32913300
1769126400000,2026-01-23 00:00:00,2952.70000000,2972.08000000,2946.22000000,2964.42000000,22069.38630000,1769140799999,65313118.01004700,447566,11709.91710000,34659406.87136200
1769140800000,2026-01-23 04:00:00,2964.42000000,2984.71000000,2935.31000000,2948.49000000,46545.65440000,1769155199999,137785988.42605200,706183,24340.24770000,72064408.34034300
1769155200000,2026-01-23 08:00:00,2948.58000000,2951.34000000,2914.93000000,2940.68000000,56738.25020000,1769169599999,166240805.40095600,742561,27115.77820000,79470868.47941400
1769169600000,2026-01-23 12:00:00,2940.68000000,2965.06000000,2892.40000000,2952.75000000,74272.57470000,1769183999999,217316321.19225000,1332250,34865.74240000,102058526.38196100
1769184000000,2026-01-23 16:00:00,2952.66000000,3019.26000000,2938.46000000,2959.80000000,94167.90530000,1769198399999,280513389.45834300,1622097,48665.53950000,144992619.09402800
1769198400000,2026-01-23 20:00:00,2959.79000000,2963.69000000,2930.42000000,2956.41000000,24621.56080000,1769212799999,72588353.18186700,628381,12554.02800000,37018889.50207600
1769212800000,2026-01-24 00:00:00,2956.41000000,2970.41000000,2949.27000000,2962.72000000,19180.17920000,1769227199999,56799653.01224200,325404,8765.79240000,25950429.14100300
1769227200000,2026-01-24 04:00:00,2962.72000000,2966.86000000,2953.99000000,2957.34000000,16552.47340000,1769241599999,48987797.08391400,170409,7667.75960000,22687876.94649500
1769241600000,2026-01-24 08:00:00,2957.34000000,2964.98000000,2954.77000000,2961.18000000,7645.16100000,1769255999999,22633339.25813300,116746,3883.93760000,11499874.08585200
1769256000000,2026-01-24 12:00:00,2961.17000000,2968.08000000,2943.84000000,2957.25000000,21086.46140000,1769270399999,62380203.21630800,225001,9029.22820000,26710554.56774400
1769270400000,2026-01-24 16:00:00,2957.25000000,2968.49000000,2952.23000000,2953.93000000,14150.08160000,1769284799999,41889652.65869900,185559,5985.25080000,17717491.28171200
1769284800000,2026-01-24 20:00:00,2953.94000000,2964.55000000,2949.23000000,2953.22000000,13468.54730000,1769299199999,39826630.63113000,162030,6151.24210000,18184834.73531300
1769299200000,2026-01-25 00:00:00,2953.23000000,2960.29000000,2937.50000000,2942.60000000,14633.96870000,1769313599999,43156594.51262100,212868,5456.35680000,16097095.20436800
1769313600000,2026-01-25 04:00:00,2942.59000000,2949.36000000,2935.01000000,2939.57000000,15127.51260000,1769327999999,44513047.03884000,229072,6161.60430000,18133596.41936200
1769328000000,2026-01-25 08:00:00,2939.58000000,2948.11000000,2921.00000000,2937.54000000,26614.87190000,1769342399999,78141057.81925800,345294,13400.83910000,39335909.34804400
1769342400000,2026-01-25 12:00:00,2937.54000000,2945.37000000,2922.08000000,2926.81000000,24962.62020000,1769356799999,73268832.23827400,494417,13765.09140000,40405994.21782900
1769356800000,2026-01-25 16:00:00,2926.82000000,2927.78000000,2797.20000000,2812.96000000,193895.40630000,1769371199999,554557897.54109600,1992595,82793.02280000,236826507.93212700
1769371200000,2026-01-25 20:00:00,2812.96000000,2825.72000000,2787.00000000,2816.89000000,104952.15290000,1769385599999,294500466.80268200,1363541,43556.85730000,122222296.75933500
1769385600000,2026-01-26 00:00:00,2816.90000000,2898.76000000,2812.37000000,2850.68000000,103456.70270000,1769399999999,295730641.92151400,1320338,50005.38700000,142878695.29225300
1769400000000,2026-01-26 04:00:00,2850.69000000,2911.61000000,2849.91000000,2904.32000000,70449.52970000,1769414399999,202797854.68125900,787997,29240.92770000,84248378.85415500
1769414400000,2026-01-26 08:00:00,2904.32000000,2934.40000000,2880.50000000,2892.15000000,58700.95280000,1769428799999,170483945.25314200,679603,30160.16660000,87600849.72340800
1769428800000,2026-01-26 12:00:00,2892.15000000,2951.21000000,2875.77000000,2899.32000000,115201.55600000,1769443199999,335005063.28497600,1449582,54847.15160000,159575987.89415100
1769443200000,2026-01-26 16:00:00,2899.32000000,2936.06000000,2885.97000000,2923.12000000,66316.68000000,1769457599999,193200295.55542200,1054884,36758.34500000,107101805.53873800
1769457600000,2026-01-26 20:00:00,2923.11000000,2945.32000000,2895.82000000,2930.35000000,71043.91600000,1769471999999,207840342.88228200,641166,38384.16690000,112325535.82148900
1769472000000,2026-01-27 00:00:00,2930.35000000,2948.88000000,2912.44000000,2941.18000000,58753.87050000,1769486399999,172465802.60845300,543626,32302.23490000,94777102.37677500
1769486400000,2026-01-27 04:00:00,2941.17000000,2957.04000000,2924.35000000,2929.11000000,52881.50630000,1769500799999,155403140.74424700,390018,24088.04640000,70767517.68867300
1769500800000,2026-01-27 08:00:00,2929.11000000,2932.65000000,2899.77000000,2917.02000000,55309.14420000,1769515199999,161150022.42389800,460953,19767.86800000,57607092.08916900
1769515200000,2026-01-27 12:00:00,2917.03000000,2943.63000000,2905.93000000,2937.45000000,67431.61110000,1769529599999,197168478.46978800,1073336,37149.98570000,108639415.46639300
1769529600000,2026-01-27 16:00:00,2937.46000000,2998.52000000,2918.09000000,2980.48000000,130629.94340000,1769543999999,387164301.71520200,1771718,65642.62830000,194590578.26529300
1769544000000,2026-01-27 20:00:00,2980.48000000,3035.08000000,2978.92000000,3026.77000000,113786.32330000,1769558399999,343185622.47177300,1038788,50679.40950000,152809755.05028900
1769558400000,2026-01-28 00:00:00,3026.77000000,3029.79000000,2996.55000000,3005.18000000,26992.65850000,1769572799999,81336023.93404800,490677,13045.01910000,39311814.47911500
1769572800000,2026-01-28 04:00:00,3005.18000000,3018.33000000,2992.89000000,3005.07000000,34894.08530000,1769587199999,104868449.63908300,358243,16863.59960000,50683737.85634400
1769587200000,2026-01-28 08:00:00,3005.07000000,3045.36000000,2986.59000000,3039.72000000,57899.71120000,1769601599999,174692968.08323800,725324,31942.89380000,96382371.24291400
1769601600000,2026-01-28 12:00:00,3039.71000000,3045.78000000,2983.67000000,3008.25000000,79326.46210000,1769615999999,239465822.09038000,1359567,46127.89720000,139246395.02971200
1769616000000,2026-01-28 16:00:00,3008.25000000,3031.68000000,2989.41000000,3016.60000000,64622.69410000,1769630399999,194523824.11439500,1396958,30949.56330000,93166683.64365700
1769630400000,2026-01-28 20:00:00,3016.60000000,3038.45000000,2996.66000000,3010.78000000,32872.04370000,1769644799999,99170589.87922100,730260,15628.63340000,47155303.69712800
1769644800000,2026-01-29 00:00:00,3010.78000000,3013.50000000,2944.48000000,2952.52000000,54242.74830000,1769659199999,161420180.54708800,1018159,23639.20190000,70342360.28655300
1769659200000,2026-01-29 04:00:00,2952.52000000,2965.69000000,2937.55000000,2961.54000000,30942.78330000,1769673599999,91423092.61950500,436170,14735.73260000,43548015.73450500
1769673600000,2026-01-29 08:00:00,2961.54000000,2969.79000000,2923.77000000,2929.29000000,46623.76330000,1769687999999,137280747.85717000,513266,22471.57090000,66184756.94131400
1769688000000,2026-01-29 12:00:00,2929.29000000,2939.00000000,2797.01000000,2824.32000000,140222.24920000,1769702399999,399798771.36856300,1801407,64874.20550000,184873924.72784300
1769702400000,2026-01-29 16:00:00,2824.31000000,2860.05000000,2754.53000000,2797.53000000,242269.32640000,1769716799999,679886779.80614000,2275362,121778.56860000,341872135.38567700
1769716800000,2026-01-29 20:00:00,2797.53000000,2827.59000000,2789.39000000,2822.59000000,46987.72740000,1769731199999,132084733.84134700,735244,23440.53760000,65897078.30406600
1769731200000,2026-01-30 00:00:00,2822.60000000,2828.65000000,2689.00000000,2741.11000000,182314.48070000,1769745599999,499594027.68269400,1983651,80763.07110000,221262736.88505500
1769745600000,2026-01-30 04:00:00,2741.12000000,2774.83000000,2696.82000000,2740.16000000,103133.54440000,1769759999999,282551169.39547300,1164722,50175.28500000,137483247.35453500
1769760000000,2026-01-30 08:00:00,2740.17000000,2768.78000000,2710.00000000,2759.88000000,65278.21790000,1769774399999,178497934.30606700,1154458,34231.05120000,93642019.91851500
1769774400000,2026-01-30 12:00:00,2759.87000000,2766.53000000,2693.42000000,2729.47000000,123239.40300000,1769788799999,337129814.36723300,1966271,60338.75740000,165110337.24635900
1769788800000,2026-01-30 16:00:00,2729.46000000,2761.46000000,2636.01000000,2742.40000000,205002.41880000,1769803199999,555609845.87947900,2897182,103824.06880000,281601467.75330200
1769803200000,2026-01-30 20:00:00,2742.39000000,2742.87000000,2664.82000000,2707.38000000,114311.56040000,1769817599999,308469157.45743900,1495347,59433.92950000,160367491.71748500
1769817600000,2026-01-31 00:00:00,2707.37000000,2714.64000000,2684.67000000,2695.86000000,31607.47250000,1769831999999,85404346.94727700,536130,18851.58070000,50938317.18544100
1769832000000,2026-01-31 04:00:00,2695.86000000,2704.82000000,2668.20000000,2680.06000000,36477.28860000,1769846399999,98155401.02399500,422213,20172.22750000,54295170.48467200
1769846400000,2026-01-31 08:00:00,2680.06000000,2683.49000000,2609.85000000,2640.72000000,101951.59480000,1769860799999,269280021.69803500,1071114,46709.54940000,123335818.36256200
1769860800000,2026-01-31 12:00:00,2640.72000000,2644.43000000,2510.01000000,2534.20000000,226209.65770000,1769875199999,580258120.18448600,2005524,105861.57130000,271308937.68430700
1769875200000,2026-01-31 16:00:00,2534.20000000,2551.26000000,2250.00000000,2382.82000000,562612.38080000,1769889599999,1354276212.01161500,3724592,256044.29720000,616410629.55605500
1769889600000,2026-01-31 20:00:00,2382.83000000,2473.77000000,2355.24000000,2451.95000000,154239.31880000,1769903999999,371979519.45590400,1545724,72790.97940000,175509806.67963200
1769904000000,2026-02-01 00:00:00,2451.96000000,2475.98000000,2429.15000000,2445.46000000,92986.23760000,1769918399999,227850150.65650300,1454631,35140.02040000,86137666.35151300
1769918400000,2026-02-01 04:00:00,2445.46000000,2454.66000000,2393.46000000,2411.22000000,122634.21600000,1769932799999,297538194.70989700,1359010,45706.80530000,110831614.45201000
1769932800000,2026-02-01 08:00:00,2411.22000000,2438.98000000,2376.10000000,2411.86000000,99830.51420000,1769947199999,240306357.55090000,1427091,38601.60520000,92954415.73025700
1769947200000,2026-02-01 12:00:00,2411.86000000,2412.47000000,2285.40000000,2315.39000000,215369.13390000,1769961599999,505513118.12837600,2295943,86428.69220000,202968714.17000100
1769961600000,2026-02-01 16:00:00,2315.47000000,2377.99000000,2284.17000000,2320.35000000,236454.42140000,1769975999999,549195944.09810900,2184459,125294.79790000,291005143.80606300
1769976000000,2026-02-01 20:00:00,2320.35000000,2349.24000000,2222.00000000,2270.15000000,259299.42350000,1769990399999,592424733.48396000,2317503,124707.72390000,285229867.29490500
1769990400000,2026-02-02 00:00:00,2270.16000000,2324.17000000,2166.14000000,2239.02000000,298359.91310000,1770004799999,670161939.64536100,2801160,137456.04520000,308935833.88031600
1770004800000,2026-02-02 04:00:00,2239.01000000,2268.00000000,2157.14000000,2228.93000000,301794.94070000,1770019199999,667014932.36027300,2315005,159853.86100000,353410484.04874500
1770019200000,2026-02-02 08:00:00,2228.93000000,2319.00000000,2228.93000000,2282.32000000,202430.04470000,1770033599999,460723054.64004900,1608571,102862.94670000,234120709.12668400
1770033600000,2026-02-02 12:00:00,2282.32000000,2396.62000000,2274.19000000,2372.71000000,260831.01060000,1770047999999,609156293.87322900,2292176,128384.54640000,299835536.04284900
1770048000000,2026-02-02 16:00:00,2372.71000000,2387.31000000,2327.68000000,2331.54000000,123749.57130000,1770062399999,291795588.17570400,1246648,53720.90300000,126713214.07342100
1770062400000,2026-02-02 20:00:00,2331.52000000,2355.55000000,2313.33000000,2347.02000000,61369.73100000,1770076799999,143325477.54687400,885596,32138.63970000,75063882.18175300
1770076800000,2026-02-03 00:00:00,2347.01000000,2359.88000000,2284.48000000,2344.03000000,92480.32960000,1770091199999,215339648.07345000,1343890,42016.62950000,97794439.89671100
1770091200000,2026-02-03 04:00:00,2343.99000000,2354.99000000,2298.44000000,2323.12000000,142937.59610000,1770105599999,333332933.08582100,939165,84233.00130000,196560848.64494500
1770105600000,2026-02-03 08:00:00,2323.13000000,2332.57000000,2262.15000000,2276.68000000,125794.65910000,1770119999999,288147610.55954100,1189827,63066.31430000,144468745.98107300
1770120000000,2026-02-03 12:00:00,2276.68000000,2317.65000000,2251.94000000,2303.20000000,165687.02230000,1770134399999,379397404.39058500,2097911,82279.32390000,188410097.14082200
1770134400000,2026-02-03 16:00:00,2303.21000000,2303.40000000,2110.00000000,2205.28000000,499560.12020000,1770148799999,1095701889.97553900,3529295,252942.77050000,555317735.49142200
1770148800000,2026-02-03 20:00:00,2205.27000000,2343.82000000,2188.25000000,2233.72000000,294639.65940000,1770163199999,669710994.03592900,2543682,141880.17620000,322464025.34051100
1770163200000,2026-02-04 00:00:00,2233.72000000,2295.74000000,2223.88000000,2283.37000000,94160.57300000,1770177599999,213031876.49434600,1257630,45952.42920000,103985622.66229500
1770177600000,2026-02-04 04:00:00,2283.37000000,2293.99000000,2256.00000000,2283.85000000,78151.76510000,1770191999999,177886592.48964500,753442,36092.32780000,82164250.67692900
1770192000000,2026-02-04 08:00:00,2283.84000000,2285.90000000,2221.47000000,2254.86000000,132402.81610000,1770206399999,297660469.55141600,1041531,46915.73120000,105604656.06400800
1770206400000,2026-02-04 12:00:00,2254.86000000,2263.30000000,2136.60000000,2151.83000000,322528.07640000,1770220799999,708056899.00723100,2791058,143341.33230000,313992652.52961800
1770220800000,2026-02-04 16:00:00,2151.84000000,2194.71000000,2076.68000000,2188.27000000,475231.02280000,1770235199999,1011634169.71922600,3409121,258140.56640000,549631828.01696900
1770235200000,2026-02-04 20:00:00,2188.26000000,2192.70000000,2088.01000000,2148.26000000,162269.17660000,1770249599999,348337831.07103000,1659758,79453.70830000,170545452.89565800
1770249600000,2026-02-05 00:00:00,2148.25000000,2173.77000000,2097.94000000,2110.00000000,173253.34990000,1770263999999,369521901.94626100,2130118,89032.69840000,189805891.43474400
1770264000000,2026-02-05 04:00:00,2110.00000000,2125.26000000,2068.20000000,2091.40000000,232556.15290000,1770278399999,487963936.13557700,2139557,111268.83450000,233544051.09474200
1770278400000,2026-02-05 08:00:00,2091.50000000,2149.75000000,2061.96000000,2079.98000000,171883.20940000,1770292799999,362013533.80902600,1631215,86671.57440000,182603937.67966200
1770292800000,2026-02-05 12:00:00,2079.98000000,2106.51000000,1927.33000000,1961.12000000,487545.32960000,1770307199999,984698499.28904600,2700547,244678.07200000,494901741.87670000
1770307200000,2026-02-05 16:00:00,1961.12000000,2018.33000000,1913.76000000,1928.76000000,377522.14960000,1770321599999,738654819.08668100,2456506,196603.50170000,384734645.49364600
1770321600000,2026-02-05 20:00:00,1928.78000000,1943.06000000,1818.18000000,1826.83000000,509526.50370000,1770335999999,952321419.51927200,2609644,239710.60140000,448240426.78342900
1770336000000,2026-02-06 00:00:00,1826.83000000,1947.84000000,1747.80000000,1891.82000000,467955.45570000,1770350399999,868309173.19175000,2931114,233839.73630000,434438561.21164800
1770350400000,2026-02-06 04:00:00,1891.81000000,1975.75000000,1885.95000000,1899.42000000,267768.45600000,1770364799999,513344316.37617300,1622855,151146.73000000,289742471.96108300
1770364800000,2026-02-06 08:00:00,1899.41000000,1939.35000000,1866.13000000,1932.68000000,372603.63130000,1770379199999,710116472.31046000,1453851,230717.52960000,439765664.14749900
1770379200000,2026-02-06 12:00:00,1932.67000000,2002.18000000,1914.88000000,1980.81000000,347876.92940000,1770393599999,681968767.89508800,2425219,197218.63880000,386389236.34510100
1770393600000,2026-02-06 16:00:00,1980.80000000,2090.13000000,1970.17000000,2065.63000000,408242.29280000,1770407999999,834659949.71820100,2588654,242467.73470000,495755110.76477600
1770408000000,2026-02-06 20:00:00,2065.63000000,2093.94000000,2039.93000000,2063.38000000,237864.79210000,1770422399999,491049991.52016700,1341038,134402.20690000,277390344.32034500
1770422400000,2026-02-07 00:00:00,2063.37000000,2086.00000000,2032.60000000,2080.81000000,123773.12190000,1770436799999,254375493.21760100,1038378,65984.64880000,135667528.14919500
1770436800000,2026-02-07 04:00:00,2080.80000000,2119.46000000,1994.57000000,2027.10000000,180822.74620000,1770451199999,372515413.40960800,1670715,86377.30130000,178058047.62566100
1770451200000,2026-02-07 08:00:00,2027.10000000,2032.60000000,1999.57000000,2018.77000000,90171.08940000,1770465599999,181814315.23709800,942175,33708.66360000,67960759.28469700
1770465600000,2026-02-07 12:00:00,2018.77000000,2075.21000000,2009.82000000,2052.54000000,171743.75730000,1770479999999,350764606.02196600,1436385,92065.24980000,188026658.50377100
1770480000000,2026-02-07 16:00:00,2052.55000000,2121.70000000,2009.54000000,2091.29000000,500380.43240000,1770494399999,1031904298.02872800,2183989,240388.27930000,495812513.74687900
1770494400000,2026-02-07 20:00:00,2091.29000000,2115.00000000,2073.00000000,2087.08000000,75725.30150000,1770508799999,158757125.19650800,666718,30061.79930000,63030643.46754800
1770508800000,2026-02-08 00:00:00,2087.08000000,2107.44000000,2076.86000000,2078.77000000,55846.23850000,1770523199999,116621287.76215000,600954,25970.29120000,54251648.59250000
1770523200000,2026-02-08 04:00:00,2078.78000000,2090.01000000,2064.10000000,2084.41000000,81901.88860000,1770537599999,170177886.74030600,471006,32969.81830000,68518971.85797200
1770537600000,2026-02-08 08:00:00,2084.41000000,2137.57000000,2078.04000000,2132.35000000,92748.60060000,1770551999999,195618988.19134300,965482,48937.44180000,103233490.90735200
1770552000000,2026-02-08 12:00:00,2132.36000000,2145.26000000,2097.57000000,2108.64000000,92209.49940000,1770566399999,195886654.25858500,857803,43181.26980000,91733412.83001200
1770566400000,2026-02-08 16:00:00,2108.63000000,2129.73000000,2072.80000000,2126.77000000,60836.70240000,1770580799999,127851817.78373100,662159,27195.01070000,57164711.25441600
1770580800000,2026-02-08 20:00:00,2126.79000000,2152.03000000,2071.60000000,2089.74000000,99294.32200000,1770595199999,209212333.12277900,821641,49766.92780000,104907176.55372300
1770595200000,2026-02-09 00:00:00,2089.73000000,2103.02000000,2055.01000000,2100.25000000,90227.12240000,1770609599999,187800866.71203700,922984,48990.86780000,101992915.90331900
1770609600000,2026-02-09 04:00:00,2100.25000000,2102.03000000,2064.67000000,2065.74000000,63962.16130000,1770623999999,133281174.58004900,572838,32541.93150000,67829490.82159500
1770624000000,2026-02-09 08:00:00,2065.74000000,2070.21000000,2013.25000000,2028.23000000,110228.86290000,1770638399999,224749836.78500700,853994,50933.12520000,103798528.13639300
1770638400000,2026-02-09 12:00:00,2028.26000000,2073.47000000,2008.62000000,2061.61000000,123193.22430000,1770652799999,251136009.38041100,1455543,62866.73890000,128193757.76722900
1770652800000,2026-02-09 16:00:00,2061.61000000,2143.00000000,2047.78000000,2131.34000000,142688.25350000,1770667199999,301060620.76810600,1668213,73898.35520000,155867417.90535000
1770667200000,2026-02-09 20:00:00,2131.34000000,2147.73000000,2089.00000000,2105.02000000,95078.93250000,1770681599999,201288299.57966900,858332,46215.51270000,97887860.69238800
1770681600000,2026-02-10 00:00:00,2105.02000000,2124.71000000,2052.14000000,2064.96000000,63762.62520000,1770695999999,133241696.53743900,719697,29089.44240000,60822561.67210300
1770696000000,2026-02-10 04:00:00,2064.96000000,2074.35000000,1997.59000000,2007.47000000,195613.55690000,1770710399999,395838795.34253400,985021,102335.18890000,206685206.47818400
1770710400000,2026-02-10 08:00:00,2007.47000000,2029.98000000,1995.83000000,2003.21000000,114586.79500000,1770724799999,230502797.27073900,622498,44318.63150000,89194309.85905500
1770724800000,2026-02-10 12:00:00,2003.20000000,2040.01000000,1989.38000000,2022.66000000,106821.10300000,1770739199999,215261465.97239300,1344064,55518.91050000,111923700.50840300
1770739200000,2026-02-10 16:00:00,2022.67000000,2046.94000000,1996.18000000,2017.95000000,63309.81360000,1770753599999,128049282.22547600,1020831,30547.54630000,61803586.50032800
1770753600000,2026-02-10 20:00:00,2017.95000000,2022.85000000,1997.00000000,2022.67000000,30227.79710000,1770767999999,60816952.35999100,467283,15180.54540000,30545646.02618700
1770768000000,2026-02-11 00:00:00,2022.67000000,2032.31000000,1998.00000000,2009.59000000,33194.10970000,1770782399999,67017506.65392600,503881,14323.75400000,28921625.75804300
1770782400000,2026-02-11 04:00:00,2009.59000000,2011.23000000,1939.21000000,1950.89000000,100528.67860000,1770796799999,197623985.45860800,987404,46255.66060000,90903781.60728500
1770796800000,2026-02-11 08:00:00,1950.90000000,1956.52000000,1932.02000000,1953.66000000,49832.95220000,1770811199999,96939865.56744700,653812,26814.47310000,52178829.68677900
1770811200000,2026-02-11 12:00:00,1953.65000000,2015.81000000,1903.19000000,1929.46000000,190798.58930000,1770825599999,372701811.36265400,2097641,93732.92050000,183191649.94713000
1770825600000,2026-02-11 16:00:00,1929.46000000,1959.80000000,1908.80000000,1952.28000000,103334.79850000,1770839999999,200094645.37359500,1427284,50233.32030000,97292090.48897800
1770840000000,2026-02-11 20:00:00,1952.27000000,1988.07000000,1932.44000000,1941.18000000,51966.68940000,1770854399999,101722661.68664600,780788,27657.61310000,54162658.26063700
1770854400000,2026-02-12 00:00:00,1941.19000000,1977.75000000,1941.19000000,1968.69000000,42186.61030000,1770868799999,82813203.10860400,653718,21899.76660000,42989750.45561300
1770868800000,2026-02-12 04:00:00,1968.70000000,1983.00000000,1953.14000000,1968.07000000,52494.69410000,1770883199999,103413795.05257500,605987,24055.00410000,47386186.28287400
1770883200000,2026-02-12 08:00:00,1968.07000000,2001.42000000,1957.25000000,1989.02000000,56917.08830000,1770897599999,112712753.05084800,610389,28877.57850000,57225932.93274400
1770897600000,2026-02-12 12:00:00,1989.02000000,1996.30000000,1945.01000000,1948.47000000,80328.08540000,1770911999999,158712577.67119800,1016348,39022.32910000,77121080.43938800
1770912000000,2026-02-12 16:00:00,1948.48000000,1950.16000000,1897.24000000,1925.44000000,150050.45110000,1770926399999,287784230.85019400,1768908,72984.40040000,140010488.74852300
1770926400000,2026-02-12 20:00:00,1925.45000000,1952.61000000,1909.66000000,1947.85000000,45590.21770000,1770940799999,88045008.79860500,607458,25628.42030000,49498698.29037200
1770940800000,2026-02-13 00:00:00,1947.85000000,1958.21000000,1927.63000000,1953.55000000,37154.79570000,1770955199999,72276869.39272900,541140,16309.69890000,31725883.75012800
1770955200000,2026-02-13 04:00:00,1953.56000000,1955.80000000,1924.72000000,1935.75000000,43614.14100000,1770969599999,84640046.50472500,461390,19098.25620000,37051480.51683500
1770969600000,2026-02-13 08:00:00,1935.75000000,1969.26000000,1933.65000000,1960.04000000,62366.42000000,1770983999999,122008067.57455900,591739,32715.07140000,64012993.68815300
1770984000000,2026-02-13 12:00:00,1960.05000000,2050.58000000,1952.60000000,2034.93000000,155146.57920000,1770998399999,310195021.77402900,1628260,83564.69820000,167052375.56887600
1770998400000,2026-02-13 16:00:00,2034.92000000,2073.68000000,2031.42000000,2057.75000000,90215.97320000,1771012799999,185605436.95402400,1026760,47825.26110000,98370031.40162600
1771012800000,2026-02-13 20:00:00,2057.74000000,2059.65000000,2038.69000000,2048.72000000,37151.86070000,1771027199999,76182349.00711400,446282,16130.63340000,33078006.96639100
1771027200000,2026-02-14 00:00:00,2048.72000000,2057.57000000,2042.37000000,2054.37000000,20999.18910000,1771041599999,43082066.72864100,311973,9847.35460000,20202952.12231700
1771041600000,2026-02-14 04:00:00,2054.39000000,2060.49000000,2048.50000000,2057.21000000,20369.19550000,1771055999999,41848621.74306100,214844,9718.55850000,19968171.58162000
1771056000000,2026-02-14 08:00:00,2057.20000000,2107.67000000,2057.04000000,2099.58000000,58856.95620000,1771070399999,122635827.07212000,760286,33131.17670000,69040903.81105700
1771070400000,2026-02-14 12:00:00,2099.58000000,2100.39000000,2064.58000000,2087.43000000,55179.63590000,1771084799999,114774773.34019900,629806,24247.31940000,50430423.79490600
1771084800000,2026-02-14 16:00:00,2087.42000000,2090.51000000,2067.27000000,2088.52000000,38770.89250000,1771099199999,80626667.72924100,456470,20860.86140000,43372744.22606700
1771099200000,2026-02-14 20:00:00,2088.52000000,2098.89000000,2078.63000000,2086.59000000,26501.36630000,1771113599999,55351273.88109400,346892,12260.27140000,25612621.74665100
1771113600000,2026-02-15 00:00:00,2086.59000000,2090.50000000,2030.90000000,2058.94000000,241490.38740000,1771127999999,494661116.53837000,1025765,73708.75580000,151162698.00054000
1771128000000,2026-02-15 04:00:00,2058.94000000,2103.32000000,2058.94000000,2091.41000000,80534.69260000,1771142399999,167935854.59509500,817986,37066.18800000,77259788.21515300
1771142400000,2026-02-15 08:00:00,2091.41000000,2096.82000000,2054.36000000,2061.96000000,52092.57460000,1771156799999,107924289.96219600,587947,24237.90270000,50201397.82181500
1771156800000,2026-02-15 12:00:00,2061.96000000,2068.63000000,1993.30000000,2011.29000000,115706.51940000,1771171199999,233267435.47117600,1157354,54576.95090000,110001276.80744600
1771171200000,2026-02-15 16:00:00,2011.29000000,2011.30000000,1928.88000000,1942.23000000,289683.71130000,1771185599999,568752281.33173000,1607912,103597.96280000,203154819.35167700
1771185600000,2026-02-15 20:00:00,1942.22000000,1974.51000000,1933.77000000,1966.58000000,55270.20990000,1771199999999,108113530.98191100,667347,30315.46960000,59313472.70910500
1771200000000,2026-02-16 00:00:00,1966.59000000,1981.20000000,1948.76000000,1958.78000000,47402.36150000,1771214399999,93117944.25311600,633565,25592.38830000,50279298.86348600
1771214400000,2026-02-16 04:00:00,1958.78000000,1978.64000000,1952.91000000,1971.13000000,38495.48140000,1771228799999,75686595.23064600,392641,18299.27010000,35986188.21199900
1771228800000,2026-02-16 08:00:00,1971.14000000,1993.35000000,1957.12000000,1976.15000000,51619.90070000,1771243199999,102125438.75180300,560147,25339.54200000,50151114.99055600
1771243200000,2026-02-16 12:00:00,1976.16000000,2023.51000000,1937.24000000,1956.65000000,110856.72050000,1771257599999,219170753.58012800,1573431,55466.19260000,109713869.92307100
1771257600000,2026-02-16 16:00:00,1956.65000000,1988.40000000,1956.31000000,1974.04000000,57117.50970000,1771271999999,112731209.94930900,757916,28338.86660000,55934165.32602900
1771272000000,2026-02-16 20:00:00,1974.04000000,2004.02000000,1971.10000000,1998.33000000,45855.96950000,1771286399999,91284419.17526700,558326,25122.52620000,50005980.98668600
1771286400000,2026-02-17 00:00:00,1998.34000000,2008.58000000,1979.70000000,1985.70000000,39980.29220000,1771300799999,79840609.28861900,562676,16323.40460000,32609732.17131000
1771300800000,2026-02-17 04:00:00,1985.69000000,1998.48000000,1964.72000000,1985.91000000,44990.18130000,1771315199999,89107988.65748600,531420,19511.70550000,38658130.30786800
1771315200000,2026-02-17 08:00:00,1985.91000000,1990.88000000,1961.71000000,1968.47000000,47256.36610000,1771329599999,93279219.39663900,657792,22456.88370000,44331730.50784800
1771329600000,2026-02-17 12:00:00,1968.47000000,2002.70000000,1941.66000000,1968.58000000,117605.26830000,1771343999999,231451528.29201500,1938442,60678.27980000,119369969.67835100
1771344000000,2026-02-17 16:00:00,1968.59000000,2015.33000000,1954.03000000,1998.14000000,117627.21870000,1771358399999,233881356.84748100,2037979,60943.51280000,121201094.25186400
1771358400000,2026-02-17 20:00:00,1998.15000000,2004.00000000,1987.57000000,1991.66000000,38787.61610000,1771372799999,77400596.22753700,692532,17033.91670000,33991947.45016700
1771372800000,2026-02-18 00:00:00,1991.67000000,2000.56000000,1968.68000000,1997.07000000,48694.66310000,1771387199999,96674958.05158800,672514,19855.79730000,39420034.87876600
1771387200000,2026-02-18 04:00:00,1997.08000000,2023.52000000,1993.35000000,2018.07000000,37645.52040000,1771401599999,75452676.83955300,522814,20142.65550000,40386054.76656500
1771401600000,2026-02-18 08:00:00,2018.06000000,2039.05000000,1976.57000000,1981.43000000,60451.96390000,1771415999999,121354674.24551000,792048,27409.64310000,55038563.68477600
1771416000000,2026-02-18 12:00:00,1981.44000000,2010.30000000,1954.30000000,1985.48000000,108443.00650000,1771430399999,214572465.15438900,1392697,54486.33420000,107834327.03745900
1771430400000,2026-02-18 16:00:00,1985.48000000,1987.89000000,1923.78000000,1941.03000000,95520.99710000,1771444799999,187017754.38714800,1254332,45282.66860000,88650424.77273600
1771444800000,2026-02-18 20:00:00,1941.04000000,1956.79000000,1935.82000000,1955.91000000,42882.85760000,1771459199999,83419101.92138000,542132,24346.51320000,47358183.63954100
1771459200000,2026-02-19 00:00:00,1955.90000000,1974.73000000,1950.50000000,1972.33000000,26076.37310000,1771473599999,51239000.24853900,432597,14055.47550000,27617241.38291900
1771473600000,2026-02-19 04:00:00,1972.32000000,1987.55000000,1964.20000000,1981.76000000,34121.89460000,1771487999999,67428810.36884700,402698,14010.91650000,27695935.78587100
1771488000000,2026-02-19 08:00:00,1981.76000000,1982.54000000,1948.16000000,1949.58000000,43208.62600000,1771502399999,84911356.38547600,386860,16572.43680000,32580201.77375000
1771502400000,2026-02-19 12:00:00,1949.59000000,1956.18000000,1911.49000000,1926.30000000,102895.48610000,1771516799999,198572512.15367500,1379261,49876.03350000,96253329.13304400
1771516800000,2026-02-19 16:00:00,1926.29000000,1947.52000000,1907.00000000,1941.34000000,63444.20110000,1771531199999,122351897.30498200,852294,33102.97570000,63848969.36504100
1771531200000,2026-02-19 20:00:00,1941.33000000,1952.57000000,1934.79000000,1949.08000000,30510.49240000,1771545599999,59366199.48622300,339898,14412.47420000,28041298.29681200
1771545600000,2026-02-20 00:00:00,1949.08000000,1964.54000000,1947.41000000,1954.85000000,28686.37280000,1771559999999,56104521.62815700,398586,13494.78710000,26395644.85382300
1771560000000,2026-02-20 04:00:00,1954.85000000,1968.55000000,1931.01000000,1960.97000000,55966.12250000,1771574399999,109272985.33811400,486462,26212.84060000,51208640.97173200
1771574400000,2026-02-20 08:00:00,1960.93000000,1973.86000000,1940.58000000,1943.98000000,58746.40140000,1771588799999,115187507.94751400,428662,23611.44510000,46286010.65672400
1771588800000,2026-02-20 12:00:00,1943.99000000,1980.49000000,1922.97000000,1963.95000000,121943.27510000,1771603199999,237806733.24375300,1251364,59901.97970000,116775015.80006300
1771603200000,2026-02-20 16:00:00,1963.96000000,1981.18000000,1939.21000000,1963.69000000,94955.21260000,1771617599999,186486433.22450200,1063467,50003.32570000,98212746.21080200
1771617600000,2026-02-20 20:00:00,1963.69000000,1975.27000000,1961.60000000,1968.88000000,25956.17130000,1771631999999,51110751.09148600,319720,13199.84750000,25989713.62956000
1771632000000,2026-02-21 00:00:00,1968.88000000,1970.70000000,1955.62000000,1959.03000000,16581.19730000,1771646399999,32565470.21781200,199931,7650.35250000,15026995.44875700
1771646400000,2026-02-21 04:00:00,1959.03000000,1966.09000000,1956.21000000,1962.71000000,14321.58320000,1771660799999,28097555.55196700,143056,8241.06150000,16166837.80423700
1771660800000,2026-02-21 08:00:00,1962.70000000,1988.60000000,1962.00000000,1977.02000000,40811.74560000,1771675199999,80603220.41068100,240601,19775.69150000,39049045.26211400
1771675200000,2026-02-21 12:00:00,1977.02000000,1995.56000000,1969.49000000,1988.13000000,48823.03300000,1771689599999,96910887.02459300,324039,24606.36750000,48847291.31296100
1771689600000,2026-02-21 16:00:00,1988.13000000,1995.31000000,1976.41000000,1988.35000000,33339.75900000,1771703999999,66261957.63990800,240770,19881.65230000,39525595.20052200
1771704000000,2026-02-21 20:00:00,1988.34000000,1990.41000000,1970.00000000,1973.35000000,25296.52750000,1771718399999,50050263.80327400,213833,11380.78540000,22518444.79236200
1771718400000,2026-02-22 00:00:00,1973.35000000,1982.99000000,1967.40000000,1974.71000000,20908.13310000,1771732799999,41274935.10485700,214412,11111.59890000,21940326.02583700
1771732800000,2026-02-22 04:00:00,1974.71000000,1979.54000000,1970.20000000,1975.88000000,16211.40130000,1771747199999,32017490.13583500,131154,8702.77120000,17186512.26340800
1771747200000,2026-02-22 08:00:00,1975.87000000,1983.13000000,1970.58000000,1980.78000000,17778.81130000,1771761599999,35156254.21384800,208977,8494.81860000,16799437.60124700
1771761600000,2026-02-22 12:00:00,1980.79000000,1981.60000000,1943.53000000,1953.98000000,50424.89780000,1771775999999,98675643.72405700,634036,22981.25670000,44978672.38513000
1771776000000,2026-02-22 16:00:00,1953.99000000,1955.56000000,1935.00000000,1943.74000000,29014.49090000,1771790399999,56437530.56113100,318475,13586.41810000,26432590.56196600
1771790400000,2026-02-22 20:00:00,1943.73000000,1960.95000000,1939.81000000,1957.82000000,20987.91380000,1771804799999,40955696.55884400,343019,12363.24890000,24126536.10745100
1771804800000,2026-02-23 00:00:00,1957.82000000,1958.33000000,1847.46000000,1862.87000000,167470.89130000,1771819199999,315549813.55108600,1778892,83237.76010000,156993359.72264700
1771819200000,2026-02-23 04:00:00,1862.88000000,1888.71000000,1853.34000000,1885.50000000,66206.07590000,1771833599999,123995387.84918500,555621,37535.92330000,70347397.08397500
1771833600000,2026-02-23 08:00:00,1885.50000000,1928.19000000,1877.23000000,1915.30000000,69463.56120000,1771847999999,132491350.56545900,695556,33427.47100000,63680355.12240800
1771848000000,2026-02-23 12:00:00,1915.29000000,1935.52000000,1892.68000000,1895.65000000,88300.10080000,1771862399999,168951893.42600100,1363415,38877.32540000,74393797.02195800
1771862400000,2026-02-23 16:00:00,1895.65000000,1900.18000000,1837.13000000,1857.19000000,118579.90540000,1771876799999,221430058.29005600,1662852,53563.11500000,100035094.83207900
1771876800000,2026-02-23 20:00:00,1857.19000000,1870.00000000,1846.80000000,1856.30000000,37338.95230000,1771891199999,69441200.36396600,628417,19857.19030000,36928477.62887200
1771891200000,2026-02-24 00:00:00,1856.30000000,1869.58000000,1811.81000000,1832.03000000,79888.06940000,1771905599999,147083612.28453100,1238886,39138.01450000,72073597.91425800
1771905600000,2026-02-24 04:00:00,1832.03000000,1840.79000000,1813.77000000,1825.70000000,73536.26700000,1771919999999,134252071.68507200,1035302,36642.78390000,66909785.70025800
1771920000000,2026-02-24 08:00:00,1825.70000000,1836.18000000,1815.22000000,1826.75000000,63530.82440000,1771934399999,115954463.56123500,745956,25039.02870000,45701215.86457800
1771934400000,2026-02-24 12:00:00,1826.75000000,1850.29000000,1800.00000000,1847.59000000,111212.74970000,1771948799999,203102519.52892000,1784136,50327.48560000,91941023.60101500
1771948800000,2026-02-24 16:00:00,1847.59000000,1865.38000000,1838.36000000,1852.46000000,74379.34420000,1771963199999,137995160.50090600,1217624,35952.15350000,66706611.66773000
1771963200000,2026-02-24 20:00:00,1852.47000000,1864.11000000,1845.41000000,1851.94000000,35516.77370000,1771977599999,65892866.26855200,585455,18750.94390000,34790020.68189000
1771977600000,2026-02-25 00:00:00,1851.95000000,1944.86000000,1846.74000000,1906.14000000,105259.28720000,1771991999999,200952646.40235100,1438910,55220.33210000,105405978.79960600
1771992000000,2026-02-25 04:00:00,1906.14000000,1914.35000000,1878.02000000,1893.31000000,54762.95920000,1772006399999,103818696.77958000,773774,26038.04340000,49386004.38422800
1772006400000,2026-02-25 08:00:00,1893.32000000,1928.45000000,1890.27000000,1926.48000000,49526.34860000,1772020799999,94713021.76883800,694343,25188.95640000,48155113.98480500
1772020800000,2026-02-25 12:00:00,1926.48000000,2028.70000000,1922.28000000,2013.73000000,159045.48480000,1772035199999,314842261.49284900,2192419,82606.19580000,163439515.59503400
1772035200000,2026-02-25 16:00:00,2013.69000000,2086.17000000,2013.36000000,2071.10000000,145026.76040000,1772049599999,298316780.04598600,2026272,69185.00370000,142282160.66468000
1772049600000,2026-02-25 20:00:00,2071.10000000,2148.39000000,2034.39000000,2057.48000000,169358.59760000,1772063999999,353712926.66206800,1899028,84992.01760000,177487959.39549500
1772064000000,2026-02-26 00:00:00,2057.48000000,2076.60000000,2039.37000000,2054.55000000,59037.31290000,1772078399999,121472295.01817900,1221677,29703.17930000,61134531.16904900
1772078400000,2026-02-26 04:00:00,2054.55000000,2082.81000000,2051.55000000,2053.37000000,61288.61100000,1772092799999,126629852.61116700,941979,32297.54500000,66762759.45060300
1772092800000,2026-02-26 08:00:00,2053.36000000,2083.33000000,2044.36000000,2057.66000000,57504.25920000,1772107199999,118564362.37233400,888192,28752.95150000,59302026.97815600
1772107200000,2026-02-26 12:00:00,2057.65000000,2077.81000000,2011.56000000,2033.34000000,111408.82670000,1772121599999,227847209.70406200,1788522,56982.51770000,116649542.09994500
1772121600000,2026-02-26 16:00:00,2033.34000000,2037.78000000,1975.35000000,2030.14000000,119622.75690000,1772135999999,239734423.36740900,1772328,61929.95290000,124126032.75695100
1772136000000,2026-02-26 20:00:00,2030.13000000,2042.75000000,2018.33000000,2027.68000000,30921.58990000,1772150399999,62814210.16903800,529618,15115.76350000,30716851.52762300
1772150400000,2026-02-27 00:00:00,2027.68000000,2049.48000000,2000.02000000,2045.39000000,54459.60790000,1772164799999,110008057.69368200,758456,28032.47840000,56658694.36508700
1772164800000,2026-02-27 04:00:00,2045.39000000,2063.52000000,2022.16000000,2032.69000000,63087.88230000,1772179199999,128734533.39679500,591331,27828.83550000,56839783.39754300
1772179200000,2026-02-27 08:00:00,2032.69000000,2045.93000000,1953.37000000,1962.08000000,92541.28530000,1772193599999,184727505.73217600,741928,42269.41210000,84282628.25302000
1772193600000,2026-02-27 12:00:00,1962.08000000,1969.00000000,1938.82000000,1948.59000000,105123.54970000,1772207999999,205356778.48175800,1309667,56866.81070000,111101288.77158300
1772208000000,2026-02-27 16:00:00,1948.59000000,1948.86000000,1907.48000000,1921.10000000,64022.95820000,1772222399999,123331417.46603800,1181232,34380.00590000,66224548.33783700
1772222400000,2026-02-27 20:00:00,1921.11000000,1933.64000000,1887.00000000,1929.84000000,49451.95060000,1772236799999,94761429.11399500,630544,24910.08380000,47773933.37511600
1772236800000,2026-02-28 00:00:00,1929.84000000,1937.17000000,1919.80000000,1924.49000000,21099.55530000,1772251199999,40700963.88885900,330609,11135.66600000,21486955.93663700
1772251200000,2026-02-28 04:00:00,1924.49000000,1931.62000000,1835.36000000,1866.73000000,135260.60760000,1772265599999,253530178.99211200,1604112,63673.66510000,119226559.94281400
1772265600000,2026-02-28 08:00:00,1866.73000000,1881.00000000,1845.05000000,1863.31000000,66347.78400000,1772279999999,123439958.02701100,873459,33302.85660000,61979576.60879800
1772280000000,2026-02-28 12:00:00,1863.32000000,1915.95000000,1862.47000000,1898.88000000,91811.98350000,1772294399999,173703453.12131900,1184491,47991.52770000,90797078.50709500
1772294400000,2026-02-28 16:00:00,1898.87000000,1955.04000000,1886.02000000,1947.02000000,73171.57700000,1772308799999,140548399.36364800,1087425,35812.66210000,68812551.26902800
1772308800000,2026-02-28 20:00:00,1947.03000000,1984.99000000,1938.76000000,1964.51000000,73989.47610000,1772323199999,145205329.84076300,1105946,38062.04630000,74750800.81868000
1772323200000,2026-03-01 00:00:00,1964.51000000,2054.80000000,1943.58000000,2023.29000000,128780.56670000,1772337599999,259578034.03834300,1565408,64013.89670000,128843108.50068200
1772337600000,2026-03-01 04:00:00,2023.29000000,2030.30000000,1989.00000000,2007.24000000,69926.20210000,1772351999999,140266712.75987000,680986,31872.25060000,63930299.36843500
1772352000000,2026-03-01 08:00:00,2007.23000000,2010.18000000,1972.24000000,1983.32000000,51208.57370000,1772366399999,101777046.10296400,676222,23180.71870000,46067377.34501500
1772366400000,2026-03-01 12:00:00,1983.32000000,2028.00000000,1968.60000000,1993.38000000,80414.57350000,1772380799999,160998978.37844600,1161552,40318.13780000,80762530.17311500
1772380800000,2026-03-01 16:00:00,1993.38000000,2009.38000000,1946.55000000,1953.90000000,99987.14540000,1772395199999,197485050.46382800,1234298,48899.46200000,96592319.60292200
1772395200000,2026-03-01 20:00:00,1953.89000000,1971.01000000,1907.41000000,1939.71000000,98879.78500000,1772409599999,190925002.04599400,1297832,46263.18180000,89336266.72848600
1772409600000,2026-03-02 00:00:00,1939.71000000,1989.23000000,1937.42000000,1972.30000000,69056.63290000,1772423999999,135514384.95315800,1256036,35522.49560000,69726506.21295200
1772424000000,2026-03-02 04:00:00,1972.30000000,1983.60000000,1925.53000000,1941.66000000,58667.37870000,1772438399999,114642042.55820700,869803,25973.65440000,50750637.60410800
1772438400000,2026-03-02 08:00:00,1941.65000000,1967.13000000,1920.00000000,1947.81000000,61905.28160000,1772452799999,120492211.74434000,1048231,30081.10230000,58557856.03000200
1772452800000,2026-03-02 12:00:00,1947.80000000,2065.48000000,1921.70000000,2047.33000000,181807.12150000,1772467199999,362352209.86097200,2770363,102221.58880000,204042164.99193900
1772467200000,2026-03-02 16:00:00,2047.33000000,2090.00000000,2017.15000000,2043.57000000,122416.91260000,1772481599999,251119614.64215800,2192641,59289.90570000,121642700.19339500
1772481600000,2026-03-02 20:00:00,2043.56000000,2058.59000000,2024.32000000,2027.35000000,83553.04760000,1772495999999,170307090.73505800,1206711,46110.50260000,93938869.93885900
1772496000000,2026-03-03 00:00:00,2027.34000000,2041.48000000,1998.00000000,2008.88000000,72387.96760000,1772510399999,146407709.11381500,1211319,36307.21830000,73508253.39441200
1772510400000,2026-03-03 04:00:00,2008.88000000,2019.40000000,1987.50000000,1996.33000000,54747.81340000,1772524799999,109434106.77194000,925505,28056.70880000,56081525.97115600
1772524800000,2026-03-03 08:00:00,1996.32000000,2000.53000000,1939.10000000,1961.28000000,94656.13810000,1772539199999,185638242.73057700,1183174,46385.06140000,90966582.83734400
1772539200000,2026-03-03 12:00:00,1961.28000000,1990.07000000,1929.56000000,1969.22000000,138896.99130000,1772553599999,271667983.61180400,2349375,71551.73390000,139970041.09197600
1772553600000,2026-03-03 16:00:00,1969.21000000,2014.12000000,1958.76000000,1986.02000000,112467.89330000,1772567999999,223135403.04878300,1957431,54607.52680000,108367085.29183900
1772568000000,2026-03-03 20:00:00,1986.03000000,2001.63000000,1959.35000000,1982.80000000,36173.04970000,1772582399999,71639901.82977500,684551,17343.08170000,34357546.31599500
1772582400000,2026-03-04 00:00:00,1982.81000000,1998.66000000,1945.08000000,1960.90000000,62339.72850000,1772596799999,122882907.06532200,1148999,26263.98730000,51783776.17323000
1772596800000,2026-03-04 04:00:00,1960.89000000,2010.00000000,1950.65000000,2006.55000000,52487.58590000,1772611199999,103743049.74432400,927698,28068.19430000,55503590.32322500
1772611200000,2026-03-04 08:00:00,2006.55000000,2092.90000000,2000.47000000,2054.97000000,187331.07230000,1772625599999,385835400.74024900,2002114,91723.60390000,188801729.10402200
1772625600000,2026-03-04 12:00:00,2054.97000000,2157.67000000,2036.37000000,2150.23000000,202994.58080000,1772639999999,424800537.00331100,2502408,111709.85330000,233712204.88176400
1772640000000,2026-03-04 16:00:00,2150.23000000,2199.00000000,2129.13000000,2177.51000000,171810.71140000,1772654399999,370403557.00245900,2009920,86893.38480000,187374621.53439800
1772654400000,2026-03-04 20:00:00,2177.51000000,2179.66000000,2116.67000000,2127.28000000,60681.13630000,1772668799999,130325602.44839100,936184,23512.83230000,50537702.09913300
1772668800000,2026-03-05 00:00:00,2127.28000000,2141.93000000,2107.50000000,2120.15000000,54056.40320000,1772683199999,114800645.71850400,920091,22385.31190000,47542861.86716000
1772683200000,2026-03-05 04:00:00,2120.15000000,2144.20000000,2095.71000000,2104.96000000,54039.21260000,1772697599999,114631178.45942900,774595,25680.45870000,54510789.58004300
1772697600000,2026-03-05 08:00:00,2104.96000000,2163.66000000,2093.63000000,2137.92000000,70522.73530000,1772711999999,150259156.14186800,1177899,37972.15590000,80918364.99277500
1772712000000,2026-03-05 12:00:00,2137.92000000,2142.95000000,2067.54000000,2086.96000000,124518.75750000,1772726399999,261920881.84694700,2003065,56505.52880000,118984164.24230300
1772726400000,2026-03-05 16:00:00,2086.95000000,2093.70000000,2054.75000000,2074.36000000,89377.08070000,1772740799999,185328499.79423700,1349986,43151.80930000,89480819.73499500
1772740800000,2026-03-05 20:00:00,2074.37000000,2099.36000000,2069.72000000,2072.86000000,39643.62330000,1772755199999,82638491.02793800,527929,19758.23120000,41205647.93025100
1772755200000,2026-03-06 00:00:00,2072.86000000,2093.33000000,2061.79000000,2083.80000000,39076.41670000,1772769599999,81261675.21692800,760634,18227.00290000,37912242.28344200
1772769600000,2026-03-06 04:00:00,2083.81000000,2087.66000000,2058.84000000,2082.83000000,45370.55240000,1772783999999,94076801.42778600,582711,22321.88410000,46294215.14800600
1772784000000,2026-03-06 08:00:00,2082.83000000,2082.83000000,2045.79000000,2051.03000000,50661.10230000,1772798399999,104470945.18528200,615638,23227.74570000,47907675.43556100
1772798400000,2026-03-06 12:00:00,2051.03000000,2062.12000000,1966.24000000,1978.01000000,172028.74260000,1772812799999,345781170.70921300,2048928,79376.55850000,159485105.34056900
1772812800000,2026-03-06 16:00:00,1978.00000000,1993.30000000,1955.95000000,1983.75000000,75044.61730000,1772827199999,148080921.45967000,1147614,41092.69150000,81103265.06505800
1772827200000,2026-03-06 20:00:00,1983.75000000,1989.91000000,1969.26000000,1978.68000000,29416.32560000,1772841599999,58245554.63249400,445899,13358.06080000,26452583.79858200
1772841600000,2026-03-07 00:00:00,1978.68000000,1996.04000000,1971.79000000,1980.21000000,27984.32920000,1772855999999,55455327.15521200,288120,14902.96420000,29534005.09555800
1772856000000,2026-03-07 04:00:00,1980.22000000,1984.19000000,1964.34000000,1982.94000000,40763.17630000,1772870399999,80486314.47436900,333095,18884.81860000,37272487.01297900
1772870400000,2026-03-07 08:00:00,1982.94000000,1994.98000000,1975.38000000,1988.91000000,29519.29210000,1772884799999,58606539.54517900,290395,15251.80560000,30286968.74666800
1772884800000,2026-03-07 12:00:00,1988.92000000,1990.95000000,1970.47000000,1981.04000000,29451.19760000,1772899199999,58372410.83920400,395021,13848.32900000,27453797.38944200
1772899200000,2026-03-07 16:00:00,1981.03000000,1983.47000000,1948.09000000,1955.20000000,34963.65390000,1772913599999,68758134.20355500,407598,14944.51990000,29412020.52522200
1772913600000,2026-03-07 20:00:00,1955.20000000,1974.27000000,1954.89000000,1969.59000000,21778.17090000,1772927999999,42850508.57020100,315314,11437.95590000,22507781.73324500
1772928000000,2026-03-08 00:00:00,1969.60000000,1977.35000000,1935.73000000,1947.67000000,52276.87430000,1772942399999,102068212.22527900,439299,21790.54830000,42600846.90081500
1772942400000,2026-03-08 04:00:00,1947.67000000,1960.41000000,1930.00000000,1955.23000000,53344.17150000,1772956799999,103776368.19683400,399641,21284.96940000,41434842.35398700
1772956800000,2026-03-08 08:00:00,1955.22000000,1979.80000000,1944.85000000,1951.38000000,70951.64930000,1772971199999,139454229.66128300,435873,49746.68980000,97834000.73156500
1772971200000,2026-03-08 12:00:00,1951.39000000,1954.67000000,1925.06000000,1943.32000000,83662.24060000,1772985599999,162180246.77510800,1017323,32851.26250000,63721555.15914100
1772985600000,2026-03-08 16:00:00,1943.32000000,1970.58000000,1928.08000000,1964.91000000,48151.69320000,1772999999999,93686922.28170300,631218,25889.19990000,50454175.92525100
1773000000000,2026-03-08 20:00:00,1964.91000000,1971.95000000,1916.14000000,1937.10000000,82803.10280000,1773014399999,160269542.10417500,1121231,39167.22930000,75860154.89154700
1773014400000,2026-03-09 00:00:00,1937.11000000,2006.01000000,1929.65000000,1977.48000000,104584.24940000,1773028799999,206262205.50979600,1385371,53947.15260000,106338937.83051600
1773028800000,2026-03-09 04:00:00,1977.48000000,2014.26000000,1963.45000000,1983.90000000,83648.80270000,1773043199999,166663003.90882100,987486,37740.94400000,75172750.56624600
1773043200000,2026-03-09 08:00:00,1983.91000000,2022.00000000,1978.92000000,1992.20000000,68130.81020000,1773057599999,136154820.67565800,906642,36762.18810000,73497612.07404300
1773057600000,2026-03-09 12:00:00,1992.20000000,2032.84000000,1992.20000000,2022.63000000,115494.54610000,1773071999999,233043310.34253900,1414385,59174.45910000,119398354.38795400
1773072000000,2026-03-09 16:00:00,2022.64000000,2053.52000000,2005.76000000,2033.91000000,81118.95110000,1773086399999,164328017.55381400,1048222,40369.37380000,81817148.11414000
1773086400000,2026-03-09 20:00:00,2033.91000000,2037.30000000,1989.12000000,1992.98000000,97848.12880000,1773100799999,196431994.29242100,618475,54883.17240000,110129173.48006400
1773100800000,2026-03-10 00:00:00,1992.97000000,2054.19000000,1991.00000000,2026.80000000,83033.80260000,1773115199999,168100823.47380300,875564,49442.20360000,100028659.84552800
1773115200000,2026-03-10 04:00:00,2026.80000000,2059.69000000,2026.36000000,2051.00000000,60378.28510000,1773129599999,123433809.97306500,601839,34923.41570000,71384910.11120300
1773129600000,2026-03-10 08:00:00,2051.00000000,2074.00000000,2051.00000000,2061.69000000,60450.06460000,1773143999999,124693815.71744900,710721,30927.59210000,63799599.68704000
1773144000000,2026-03-10 12:00:00,2061.70000000,2085.73000000,2008.65000000,2079.35000000,139969.20040000,1773158399999,286957669.76240400,1396918,68226.20300000,139928496.23813900
1773158400000,2026-03-10 16:00:00,2079.34000000,2088.19000000,2027.16000000,2037.02000000,85631.60700000,1773172799999,176311608.69725100,1218345,41701.96610000,85902456.04801700
1773172800000,2026-03-10 20:00:00,2037.02000000,2048.31000000,2018.00000000,2036.51000000,33948.91420000,1773187199999,69011529.40218700,423611,14792.33680000,30082254.75102600
1773187200000,2026-03-11 00:00:00,2036.50000000,2041.71000000,2018.13000000,2021.17000000,36763.35010000,1773201599999,74616942.92399600,428960,13716.35360000,27852163.33319400
1773201600000,2026-03-11 04:00:00,2021.17000000,2041.49000000,2007.17000000,2012.54000000,35827.92290000,1773215999999,72454045.54110500,418266,15099.45620000,30557120.00181900
1773216000000,2026-03-11 08:00:00,2012.54000000,2033.96000000,2009.48000000,2017.80000000,36247.09840000,1773230399999,73252849.53443800,544142,15730.12610000,31797498.10623400
1773230400000,2026-03-11 12:00:00,2017.80000000,2082.66000000,2012.81000000,2049.73000000,132152.86250000,1773244799999,271059934.51992200,1727200,69539.35220000,142676008.73179800
1773244800000,2026-03-11 16:00:00,2049.75000000,2085.58000000,2046.46000000,2076.06000000,76213.74440000,1773259199999,157773619.09628300,1123299,43022.70440000,89058139.50608700
1773259200000,2026-03-11 20:00:00,2076.05000000,2084.53000000,2045.20000000,2051.97000000,32856.27770000,1773273599999,67875565.59027300,488419,15338.74010000,31699558.22393300
1773273600000,2026-03-12 00:00:00,2051.97000000,2058.16000000,2017.59000000,2023.38000000,44363.53440000,1773287999999,90354207.14106400,567541,20485.52080000,41729684.27189600
1773288000000,2026-03-12 04:00:00,2023.39000000,2042.26000000,2019.33000000,2040.70000000,36224.65700000,1773302399999,73539634.15519400,382714,20415.45350000,41464541.23218700
1773302400000,2026-03-12 08:00:00,2040.69000000,2076.65000000,2038.42000000,2062.83000000,56474.72060000,1773316799999,116219273.84137900,617407,27278.02520000,56148185.44618400
1773316800000,2026-03-12 12:00:00,2062.83000000,2095.00000000,2037.79000000,2072.33000000,112015.80500000,1773331199999,231385465.90123200,1621113,61399.77140000,126855390.27540300
1773331200000,2026-03-12 16:00:00,2072.33000000,2078.09000000,2045.42000000,2069.59000000,63567.83530000,1773345599999,131074660.85565400,983488,32258.95400000,66489943.97774700
1773345600000,2026-03-12 20:00:00,2069.60000000,2093.45000000,2054.99000000,2073.52000000,87861.26090000,1773359999999,181885010.23215500,585512,34857.10850000,72165082.83740700
1773360000000,2026-03-13 00:00:00,2073.51000000,2148.80000000,2070.12000000,2118.85000000,126779.33880000,1773374399999,268822044.62539200,1212243,60051.05750000,127276877.75742200
1773374400000,2026-03-13 04:00:00,2118.86000000,2120.06000000,2090.00000000,2099.38000000,45196.26170000,1773388799999,94986259.49171100,494435,21301.56990000,44759625.38391200
1773388800000,2026-03-13 08:00:00,2099.38000000,2133.30000000,2091.45000000,2121.02000000,66817.47370000,1773403199999,141309346.67808900,777893,33950.70280000,71785490.74408700
1773403200000,2026-03-13 12:00:00,2121.02000000,2209.03000000,2120.52000000,2128.01000000,234537.66850000,1773417599999,508108528.64045700,2045887,125202.14680000,271191358.17097200
1773417600000,2026-03-13 16:00:00,2128.01000000,2143.33000000,2090.28000000,2102.48000000,84455.49420000,1773431999999,178480710.42384700,1141369,39958.18880000,84460713.03623800
1773432000000,2026-03-13 20:00:00,2102.48000000,2116.66000000,2078.50000000,2092.22000000,41870.80300000,1773446399999,87696290.63409000,466662,19897.54930000,41670392.92989700
1773446400000,2026-03-14 00:00:00,2092.21000000,2103.42000000,2081.39000000,2101.16000000,31321.78370000,1773460799999,65531005.01170200,346003,17646.72410000,36925332.75033000
1773460800000,2026-03-14 04:00:00,2101.15000000,2106.09000000,2068.28000000,2077.46000000,38191.84210000,1773475199999,79691588.69329700,365282,14637.84800000,30544980.40522700
1773475200000,2026-03-14 08:00:00,2077.46000000,2081.64000000,2061.60000000,2073.67000000,26861.54630000,1773489599999,55633967.37955500,270467,12461.85130000,25812670.20638800
1773489600000,2026-03-14 12:00:00,2073.67000000,2080.65000000,2069.80000000,2074.72000000,22427.71150000,1773503999999,46541930.38016400,240791,12013.02300000,24930980.83458600
1773504000000,2026-03-14 16:00:00,2074.72000000,2079.47000000,2069.19000000,2077.49000000,10772.07770000,1773518399999,22356889.03298100,145527,4845.96590000,10057884.04514300
1773518400000,2026-03-14 20:00:00,2077.50000000,2099.69000000,2076.20000000,2096.16000000,22925.62090000,1773532799999,47893203.34234300,216388,11803.94870000,24658214.28311300
1773532800000,2026-03-15 00:00:00,2096.16000000,2107.91000000,2083.35000000,2096.15000000,28619.31640000,1773547199999,59975681.87585000,329471,15860.34790000,33242618.10279800
1773547200000,2026-03-15 04:00:00,2096.15000000,2115.95000000,2096.13000000,2105.64000000,22147.28710000,1773561599999,46672740.40287300,269950,10628.89020000,22403907.64027300
1773561600000,2026-03-15 08:00:00,2105.64000000,2123.44000000,2105.64000000,2119.63000000,21019.70680000,1773575999999,44501332.87454900,238048,12208.89010000,25850658.64771100
1773576000000,2026-03-15 12:00:00,2119.63000000,2119.83000000,2086.34000000,2093.79000000,45875.41830000,1773590399999,96174221.63003600,382588,19979.62090000,41870649.26522200
1773590400000,2026-03-15 16:00:00,2093.79000000,2117.86000000,2088.84000000,2113.49000000,31467.59410000,1773604799999,66224549.35490000,397316,16479.83340000,34676099.46928300
1773604800000,2026-03-15 20:00:00,2113.49000000,2202.87000000,2110.00000000,2178.30000000,131696.61500000,1773619199999,285262715.16276000,1384357,70984.79210000,153716607.00872000
1773619200000,2026-03-16 00:00:00,2178.29000000,2253.48000000,2164.73000000,2235.67000000,133968.09910000,1773633599999,296266200.83254000,1206260,70747.30610000,156271529.98412400
1773633600000,2026-03-16 04:00:00,2235.67000000,2288.63000000,2235.67000000,2248.95000000,186961.79770000,1773647999999,422820355.64729400,1148606,96153.20480000,217456978.18794800
1773648000000,2026-03-16 08:00:00,2248.95000000,2280.00000000,2234.92000000,2269.94000000,89322.69480000,1773662399999,201862268.63922500,775540,48515.63270000,109716629.79450500
1773662400000,2026-03-16 12:00:00,2269.94000000,2308.54000000,2255.04000000,2273.88000000,178036.62190000,1773676799999,406976839.61902500,1861435,93993.72540000,214930188.74423000
1773676800000,2026-03-16 16:00:00,2273.88000000,2348.06000000,2270.00000000,2330.92000000,127675.31260000,1773691199999,295957836.62404600,1319043,68793.17940000,159393541.29826500
1773691200000,2026-03-16 20:00:00,2330.92000000,2386.02000000,2323.68000000,2352.97000000,129928.24950000,1773705599999,306153653.11863900,1098427,67616.34760000,159334726.86048700
1773705600000,2026-03-17 00:00:00,2352.97000000,2376.66000000,2308.03000000,2320.00000000,159041.61950000,1773719999999,374112299.55624400,1449118,81678.80240000,192301606.95458400
1773720000000,2026-03-17 04:00:00,2320.01000000,2337.86000000,2294.15000000,2327.70000000,86783.27650000,1773734399999,200813210.98712400,763581,42138.64700000,97493076.28810800
1773734400000,2026-03-17 08:00:00,2327.71000000,2335.35000000,2304.00000000,2326.82000000,59820.31030000,1773748799999,138803427.78758300,734745,28499.98090000,66157016.33064200
1773748800000,2026-03-17 12:00:00,2326.81000000,2357.73000000,2304.27000000,2315.98000000,105064.05960000,1773763199999,244697393.84951700,1472118,50538.77900000,117765622.26838500
1773763200000,2026-03-17 16:00:00,2315.98000000,2342.70000000,2312.44000000,2320.22000000,50434.42640000,1773777599999,117536308.11969500,782903,22928.93770000,53442626.64291100
1773777600000,2026-03-17 20:00:00,2320.22000000,2344.69000000,2316.78000000,2317.39000000,32687.40930000,1773791999999,76131367.36827400,394171,14351.35950000,33429735.26752800
1773792000000,2026-03-18 00:00:00,2317.38000000,2350.00000000,2307.00000000,2340.61000000,39754.86850000,1773806399999,92611158.05051200,525080,20430.11390000,47606753.56925300
1773806400000,2026-03-18 04:00:00,2340.61000000,2342.00000000,2311.53000000,2317.74000000,32757.98540000,1773820799999,76151214.19917900,366796,13593.81660000,31596007.31583200
1773820800000,2026-03-18 08:00:00,2317.73000000,2333.62000000,2263.43000000,2269.34000000,70784.14330000,1773835199999,162729954.56144100,762820,31528.91130000,72434897.80904300
1773835200000,2026-03-18 12:00:00,2269.33000000,2270.50000000,2168.97000000,2187.66000000,170394.11980000,1773849599999,377758114.56799700,1948341,79174.83500000,175566531.78459400
1773849600000,2026-03-18 16:00:00,2187.67000000,2220.00000000,2166.87000000,2185.85000000,99070.47100000,1773863999999,217212826.95623300,1327834,47254.67150000,103688766.49940600
1773864000000,2026-03-18 20:00:00,2185.85000000,2206.88000000,2153.21000000,2203.39000000,75279.30070000,1773878399999,164559636.76789200,754066,40382.24230000,88321921.02393000
1773878400000,2026-03-19 00:00:00,2203.39000000,2233.72000000,2187.24000000,2212.29000000,52579.62660000,1773892799999,116020711.24756100,674609,25521.14480000,56335753.47921600
1773892800000,2026-03-19 04:00:00,2212.29000000,2213.11000000,2143.14000000,2166.68000000,79211.28670000,1773907199999,172233669.79703100,952951,35620.24810000,77448414.22473400
1773907200000,2026-03-19 08:00:00,2166.68000000,2192.07000000,2158.09000000,2166.92000000,65786.04550000,1773921599999,143056658.12287900,804469,31737.74000000,68983859.83955000
1773921600000,2026-03-19 12:00:00,2166.92000000,2167.48000000,2099.38000000,2118.81000000,165314.32150000,1773935999999,351437575.46059100,1976852,70462.99080000,149839695.38934500
1773936000000,2026-03-19 16:00:00,2118.81000000,2156.92000000,2104.87000000,2141.19000000,86393.29930000,1773950399999,183669068.41110700,1181258,50055.92760000,106426024.09340400
1773950400000,2026-03-19 20:00:00,2141.18000000,2155.62000000,2130.57000000,2137.81000000,41507.09940000,1773964799999,88989378.61855200,552021,22085.12750000,47349517.11821200
1773964800000,2026-03-20 00:00:00,2137.82000000,2160.78000000,2132.69000000,2151.38000000,44494.76030000,1773979199999,95582855.13263600,621009,25150.38220000,54041179.03015200
1773979200000,2026-03-20 04:00:00,2151.38000000,2159.24000000,2121.25000000,2150.54000000,43279.94950000,1773993599999,92708311.61637200,574468,23004.66090000,49278199.24336500
1773993600000,2026-03-20 08:00:00,2150.53000000,2176.84000000,2131.56000000,2141.50000000,61690.40490000,1774007999999,132808271.12697800,842145,32509.97400000,70031113.83361300
1774008000000,2026-03-20 12:00:00,2141.49000000,2152.74000000,2116.88000000,2134.01000000,68483.29500000,1774022399999,146124884.70607200,1320553,36941.51940000,78840288.91962500
1774022400000,2026-03-20 16:00:00,2134.00000000,2144.76000000,2117.41000000,2132.91000000,45009.74200000,1774036799999,95856620.22277700,754341,23315.08880000,49663997.32335000
1774036800000,2026-03-20 20:00:00,2132.91000000,2168.00000000,2123.96000000,2146.22000000,37198.02610000,1774051199999,79914585.32581900,482856,21278.51870000,45707408.24680500
1774051200000,2026-03-21 00:00:00,2146.21000000,2159.87000000,2144.24000000,2153.60000000,15716.73850000,1774065599999,33816406.22796900,249850,7924.73180000,17053878.22556200
1774065600000,2026-03-21 04:00:00,2153.59000000,2161.34000000,2150.36000000,2155.67000000,16494.18310000,1774079999999,35552238.82124000,168368,9032.90260000,19471778.02831000
1774080000000,2026-03-21 08:00:00,2155.67000000,2159.52000000,2149.57000000,2157.37000000,12040.13390000,1774094399999,25951770.63719300,145347,6054.78610000,13051843.35351600
1774094400000,2026-03-21 12:00:00,2157.37000000,2168.27000000,2146.45000000,2155.12000000,19951.15340000,1774108799999,43032723.42814000,225123,10428.03900000,22497135.88810300
1774108800000,2026-03-21 16:00:00,2155.13000000,2155.64000000,2142.01000000,2152.16000000,13965.64080000,1774123199999,30028620.84587500,164448,7229.31620000,15546150.13298100
1774123200000,2026-03-21 20:00:00,2152.17000000,2157.00000000,2070.78000000,2084.87000000,54391.61490000,1774137599999,114762850.75648600,422327,22579.80550000,47603848.60641300
1774137600000,2026-03-22 00:00:00,2084.86000000,2127.21000000,2050.12000000,2113.83000000,109521.64830000,1774151999999,228415855.85076100,1047345,53881.53870000,112461590.69518200
1774152000000,2026-03-22 04:00:00,2113.83000000,2122.94000000,2092.35000000,2093.38000000,32643.63280000,1774166399999,68932197.31215900,374424,16240.09080000,34313074.38778500
1774166400000,2026-03-22 08:00:00,2093.40000000,2096.82000000,2066.97000000,2069.98000000,43062.53550000,1774180799999,89668874.31782200,550629,19947.56910000,41536825.40392900
1774180800000,2026-03-22 12:00:00,2069.97000000,2092.63000000,2068.37000000,2083.10000000,34314.28810000,1774195199999,71400216.48363600,422707,19232.99080000,40025293.90201300
1774195200000,2026-03-22 16:00:00,2083.10000000,2084.45000000,2054.35000000,2063.21000000,27972.36860000,1774209599999,57908974.25819900,344179,13024.12680000,26977376.17138300
1774209600000,2026-03-22 20:00:00,2063.22000000,2074.16000000,2026.00000000,2053.89000000,65556.08390000,1774223999999,134358658.43621700,838573,32019.38940000,65627724.16538600
1774224000000,2026-03-23 00:00:00,2053.90000000,2072.33000000,2035.69000000,2052.54000000,46093.48910000,1774238399999,94678372.14046800,748697,24040.70300000,49398319.71997900
1774238400000,2026-03-23 04:00:00,2052.53000000,2072.11000000,2023.04000000,2044.72000000,57516.02920000,1774252799999,117750665.02391100,706585,29331.90220000,60057641.43028400
1774252800000,2026-03-23 08:00:00,2044.73000000,2198.57000000,2028.20000000,2134.78000000,192147.20970000,1774267199999,410479442.09301700,1838949,97179.97290000,207479899.60334800
1774267200000,2026-03-23 12:00:00,2134.78000000,2192.44000000,2107.43000000,2128.45000000,199243.92920000,1774281599999,429362031.35745500,2328207,99420.81580000,214368809.47707300
1774281600000,2026-03-23 16:00:00,2128.46000000,2178.74000000,2117.77000000,2154.46000000,93011.07630000,1774295999999,199562741.30987000,1297298,47592.97000000,102180033.13444300
1774296000000,2026-03-23 20:00:00,2154.45000000,2166.81000000,2140.71000000,2152.03000000,26496.70340000,1774310399999,57066551.09177800,429932,12673.62250000,27297330.33561400
1774310400000,2026-03-24 00:00:00,2152.03000000,2156.22000000,2124.26000000,2141.59000000,43067.64660000,1774324799999,92128317.39213600,694154,19586.56830000,41906643.58596600
1774324800000,2026-03-24 04:00:00,2141.59000000,2170.65000000,2128.84000000,2165.61000000,46075.05790000,1774339199999,98986253.46928000,612079,22749.77660000,48874293.28819900
1774339200000,2026-03-24 08:00:00,2165.61000000,2175.16000000,2147.36000000,2165.90000000,40140.74950000,1774353599999,86731932.58014900,551067,19705.85170000,42587001.31354100
1774353600000,2026-03-24 12:00:00,2165.89000000,2170.52000000,2120.00000000,2135.15000000,80333.00750000,1774367999999,171997627.21701200,1318506,37575.62910000,80461280.57486000
1774368000000,2026-03-24 16:00:00,2135.15000000,2140.57000000,2103.02000000,2116.87000000,59554.77860000,1774382399999,126191368.74659800,818011,27742.47720000,58789229.37132600
1774382400000,2026-03-24 20:00:00,2116.86000000,2163.70000000,2115.63000000,2156.23000000,47532.23270000,1774396799999,102070147.40521500,639276,24943.86460000,53560978.90885900
1774396800000,2026-03-25 00:00:00,2156.22000000,2168.63000000,2146.35000000,2158.54000000,35228.55990000,1774411199999,76044149.68437100,445917,19058.79740000,41150689.60290600
1774411200000,2026-03-25 04:00:00,2158.53000000,2179.73000000,2156.83000000,2164.57000000,38937.41980000,1774425599999,84467019.02095700,366518,18305.07340000,39713309.77750500
1774425600000,2026-03-25 08:00:00,2164.57000000,2199.02000000,2164.57000000,2186.41000000,56767.01820000,1774439999999,124050456.91682700,562300,31355.79720000,68534860.02334900
1774440000000,2026-03-25 12:00:00,2186.41000000,2198.16000000,2147.67000000,2162.56000000,76609.84580000,1774454399999,166719272.98684100,1144526,35250.92430000,76747398.17651000
1774454400000,2026-03-25 16:00:00,2162.56000000,2186.85000000,2155.93000000,2172.69000000,46113.50720000,1774468799999,100036436.79624300,684308,25113.41620000,54481894.77615900
1774468800000,2026-03-25 20:00:00,2172.68000000,2183.50000000,2159.42000000,2169.02000000,21985.17460000,1774483199999,47701345.76250700,288552,9919.47620000,21530924.12984300
1774483200000,2026-03-26 00:00:00,2169.02000000,2172.19000000,2144.05000000,2153.21000000,29526.65840000,1774497599999,63720468.23767100,384632,12847.01700000,27721111.98046700
1774497600000,2026-03-26 04:00:00,2153.22000000,2154.58000000,2112.17000000,2123.64000000,49214.77060000,1774511999999,104698777.99130500,511552,20993.72490000,44654198.33332500
1774512000000,2026-03-26 08:00:00,2123.64000000,2126.89000000,2062.94000000,2068.44000000,76476.70340000,1774526399999,159613590.57324300,720255,38750.17480000,80857531.64511100
1774526400000,2026-03-26 12:00:00,2068.45000000,2093.79000000,2052.01000000,2070.40000000,74259.02180000,1774540799999,154004813.04725300,1003702,40040.72040000,83049937.87090000
1774540800000,2026-03-26 16:00:00,2070.40000000,2070.95000000,2034.54000000,2049.12000000,65545.19750000,1774555199999,134554041.48035600,714822,36633.62850000,75189623.29150000
1774555200000,2026-03-26 20:00:00,2049.11000000,2080.42000000,2046.54000000,2060.43000000,42988.27210000,1774569599999,88905069.64110600,555784,22322.94780000,46174353.03207600
1774569600000,2026-03-27 00:00:00,2060.43000000,2077.19000000,2056.80000000,2061.48000000,22743.32420000,1774583999999,46998194.30813600,366108,11254.61010000,23258058.90224800
1774584000000,2026-03-27 04:00:00,2061.49000000,2072.36000000,2043.49000000,2066.23000000,52118.19880000,1774598399999,107490340.67476400,437181,30748.22720000,63449521.76179400
1774598400000,2026-03-27 08:00:00,2066.24000000,2069.60000000,1983.02000000,1991.80000000,119274.87490000,1774612799999,240658675.78370700,991776,56817.37580000,114888861.25196300
1774612800000,2026-03-27 12:00:00,1991.80000000,2010.45000000,1970.93000000,1991.32000000,108873.37370000,1774627199999,216470642.55690200,1084346,54435.90260000,108271171.81769500
1774627200000,2026-03-27 16:00:00,1991.32000000,1997.73000000,1974.48000000,1991.71000000,70350.73150000,1774641599999,139733234.22393300,742004,43001.67480000,85423126.81948100
1774641600000,2026-03-27 20:00:00,1991.70000000,1996.31000000,1980.00000000,1992.75000000,21513.02170000,1774655999999,42757541.45969800,287822,9793.48930000,19463818.43829000
1774656000000,2026-03-28 00:00:00,1992.76000000,1995.16000000,1983.17000000,1989.19000000,17995.81980000,1774670399999,35791224.93644200,211494,11291.44180000,22454292.86821400
1774670400000,2026-03-28 04:00:00,1989.19000000,2008.35000000,1987.30000000,2007.07000000,18318.46700000,1774684799999,36621392.51154400,171265,11791.25850000,23571002.78709600
1774684800000,2026-03-28 08:00:00,2007.07000000,2008.34000000,1992.77000000,1997.64000000,18237.62290000,1774699199999,36459198.58370200,164289,9350.03160000,18691203.31124200
1774699200000,2026-03-28 12:00:00,1997.64000000,2047.45000000,1992.25000000,2026.84000000,65210.09230000,1774713599999,131853578.33946600,553972,37127.99360000,75080977.74167000
1774713600000,2026-03-28 16:00:00,2026.84000000,2030.23000000,2016.50000000,2020.56000000,12710.55040000,1774727999999,25717308.31523000,196711,6803.98520000,13769030.23722200
1774728000000,2026-03-28 20:00:00,2020.57000000,2026.48000000,1989.64000000,1994.74000000,22359.25310000,1774742399999,44885349.46094500,272079,10014.20830000,20106640.53896600
1774742400000,2026-03-29 00:00:00,1994.74000000,2019.65000000,1991.52000000,2011.10000000,16613.26080000,1774756799999,33307877.24728100,269628,8962.76830000,17973188.98481700
1774756800000,2026-03-29 04:00:00,2011.10000000,2012.72000000,1997.67000000,2006.14000000,12828.45970000,1774771199999,25713523.24803800,212112,6454.21900000,12936903.67834400
1774771200000,2026-03-29 08:00:00,2006.14000000,2008.16000000,1991.90000000,2003.78000000,15067.82310000,1774785599999,30145067.75650500,217382,7770.18690000,15544338.89960600
1774785600000,2026-03-29 12:00:00,2003.78000000,2004.90000000,1983.56000000,1992.97000000,25232.66860000,1774799999999,50287494.00792000,323082,12494.10960000,24904577.69894800
1774800000000,2026-03-29 16:00:00,1992.98000000,2003.61000000,1987.60000000,1995.89000000,16964.03580000,1774814399999,33867242.29666200,243267,9104.83420000,18176391.85890900
1774814400000,2026-03-29 20:00:00,1995.89000000,2009.48000000,1938.82000000,1984.64000000,80020.49020000,1774828799999,157928449.47342400,784337,42911.12580000,84709843.73635500
1774828800000,2026-03-30 00:00:00,1984.65000000,2043.50000000,1980.28000000,2035.88000000,70029.58620000,1774843199999,141231031.13631400,878125,40394.35830000,81475353.16465000
1774843200000,2026-03-30 04:00:00,2035.88000000,2068.28000000,2035.88000000,2059.58000000,52260.91340000,1774857599999,107181176.51017100,471916,26790.45810000,54953790.90281100
1774857600000,2026-03-30 08:00:00,2059.58000000,2081.65000000,2048.14000000,2071.28000000,50627.46870000,1774871999999,104493336.26790300,511099,26082.84820000,53842364.70180000
1774872000000,2026-03-30 12:00:00,2071.29000000,2085.00000000,2044.25000000,2074.53000000,70195.18220000,1774886399999,145075944.02717800,896727,34370.63100000,71077753.36719000
1774886400000,2026-03-30 16:00:00,2074.53000000,2074.99000000,2013.33000000,2023.70000000,60238.40650000,1774900799999,122980559.10739100,696460,28407.01000000,57966084.50624600
1774900800000,2026-03-30 20:00:00,2023.70000000,2049.10000000,2013.92000000,2026.48000000,34952.87740000,1774915199999,71004318.03350000,432219,18016.90550000,36608895.64811200
1774915200000,2026-03-31 00:00:00,2026.48000000,2092.34000000,2016.29000000,2066.71000000,66502.14020000,1774929599999,137267281.99431800,794282,38491.94570000,79399309.44949200
1774929600000,2026-03-31 04:00:00,2066.71000000,2072.24000000,2042.31000000,2055.97000000,34849.58180000,1774943999999,71746428.29204900,394201,15338.03460000,31577622.63755500
1774944000000,2026-03-31 08:00:00,2055.98000000,2059.20000000,2012.64000000,2041.20000000,62779.53770000,1774958399999,127661095.92829600,723301,28576.88810000,58120125.67216500
1774958400000,2026-03-31 12:00:00,2041.21000000,2092.00000000,2035.02000000,2054.85000000,95949.44820000,1774972799999,198088477.79331700,1255153,47054.47540000,97172098.15802800
1774972800000,2026-03-31 16:00:00,2054.85000000,2124.03000000,2054.29000000,2096.54000000,126072.26480000,1774987199999,264530378.29253100,1392942,69802.06120000,146430164.07953200
1774987200000,2026-03-31 20:00:00,2096.54000000,2111.01000000,2088.35000000,2105.43000000,35744.92960000,1775001599999,75093557.90568300,453917,19115.72360000,40167214.13019900
1775001600000,2026-04-01 00:00:00,2105.43000000,2117.79000000,2082.08000000,2102.91000000,37975.99830000,1775015999999,79727903.50791100,560193,19021.46920000,39948694.21439500
1775016000000,2026-04-01 04:00:00,2102.91000000,2158.00000000,2100.35000000,2131.00000000,78179.02180000,1775030399999,166912950.68252800,739316,39769.40290000,84889425.69567700
1775030400000,2026-04-01 08:00:00,2131.00000000,2142.93000000,2125.00000000,2135.32000000,46234.25240000,1775044799999,98660192.47447000,499154,20284.64130000,43289026.46801000
1775044800000,2026-04-01 12:00:00,2135.32000000,2152.00000000,2108.72000000,2135.04000000,77261.01300000,1775059199999,164265811.38376600,1072590,38632.01700000,82139146.91995400
1775059200000,2026-04-01 16:00:00,2135.04000000,2167.85000000,2123.58000000,2141.43000000,74639.06660000,1775073599999,159868636.58856000,824421,40493.00740000,86738808.86417100
1775073600000,2026-04-01 20:00:00,2141.43000000,2165.42000000,2130.70000000,2140.35000000,84938.02580000,1775087999999,182581765.24153600,515859,45520.57360000,97875740.55035200
1775088000000,2026-04-02 00:00:00,2140.35000000,2159.37000000,2046.48000000,2056.33000000,108784.51930000,1775102399999,228689806.39703600,1358682,49092.01790000,103249435.35242100
1775102400000,2026-04-02 04:00:00,2056.33000000,2058.45000000,2038.63000000,2056.09000000,45874.14580000,1775116799999,93993202.52015000,531932,19912.84570000,40809640.68213300
1775116800000,2026-04-02 08:00:00,2056.09000000,2056.09000000,2024.73000000,2033.01000000,34776.97170000,1775131199999,70983430.84965100,424333,16404.42600000,33494962.64346900
1775131200000,2026-04-02 12:00:00,2033.02000000,2072.22000000,2017.04000000,2059.60000000,88821.54810000,1775145599999,181530276.57235900,1256262,44130.78300000,90206802.87445800
1775145600000,2026-04-02 16:00:00,2059.59000000,2077.64000000,2043.65000000,2065.34000000,44924.95080000,1775159999999,92488495.11999300,572872,20921.57220000,43087559.81428500
1775160000000,2026-04-02 20:00:00,2065.35000000,2074.16000000,2053.54000000,2057.17000000,23690.69660000,1775174399999,48863313.20655500,318842,10685.22540000,22045334.21636600
1775174400000,2026-04-03 00:00:00,2057.18000000,2062.49000000,2040.66000000,2054.23000000,27862.58090000,1775188799999,57141977.70546000,373054,13171.39960000,27008447.73223300
1775188800000,2026-04-03 04:00:00,2054.22000000,2075.17000000,2047.35000000,2065.85000000,24471.25750000,1775203199999,50433103.89705300,334496,12432.13230000,25619959.37872300
1775203200000,2026-04-03 08:00:00,2065.84000000,2072.00000000,2053.46000000,2062.64000000,21397.62820000,1775217599999,44118886.93955400,241585,10269.38620000,21175499.93904800
1775217600000,2026-04-03 12:00:00,2062.64000000,2081.76000000,2041.65000000,2051.26000000,34731.97500000,1775231999999,71370851.82527600,443503,17396.92580000,35760698.43581200
1775232000000,2026-04-03 16:00:00,2051.26000000,2056.54000000,2043.78000000,2052.68000000,12701.84290000,1775246399999,26052502.88459300,192989,6178.26540000,12673765.76079300
1775246400000,2026-04-03 20:00:00,2052.69000000,2060.92000000,2049.23000000,2053.83000000,15101.35480000,1775260799999,31023238.86090500,155968,5401.69230000,11100668.00572100
1775260800000,2026-04-04 00:00:00,2053.83000000,2053.86000000,2047.92000000,2050.05000000,7032.79720000,1775275199999,14423778.79009100,163579,3592.93100000,7368950.46035000
1775275200000,2026-04-04 04:00:00,2050.05000000,2058.00000000,2048.41000000,2053.82000000,9175.38020000,1775289599999,18841840.81735500,170511,4734.55790000,9722556.23944100
1775289600000,2026-04-04 08:00:00,2053.82000000,2055.44000000,2047.89000000,2051.84000000,11621.74320000,1775303999999,23844217.28568200,167289,5203.23260000,10675658.43955700
1775304000000,2026-04-04 12:00:00,2051.84000000,2062.02000000,2044.63000000,2056.29000000,21445.16450000,1775318399999,44023531.42616100,261955,9520.89180000,19550260.88999400
1775318400000,2026-04-04 16:00:00,2056.29000000,2084.00000000,2053.07000000,2064.71000000,25517.21790000,1775332799999,52724395.46035200,292634,13766.84760000,28447555.54837200
1775332800000,2026-04-04 20:00:00,2064.71000000,2072.15000000,2059.60000000,2065.52000000,11712.13760000,1775347199999,24196570.21714300,190054,5971.19640000,12335449.23194800
1775347200000,2026-04-05 00:00:00,2065.51000000,2065.63000000,2054.15000000,2056.64000000,8367.25420000,1775361599999,17230590.53799600,153206,3706.10370000,7632999.49783500
1775361600000,2026-04-05 04:00:00,2056.64000000,2058.09000000,2027.75000000,2037.29000000,20196.38020000,1775375999999,41230067.04211900,297181,8411.16760000,17160461.19164800
1775376000000,2026-04-05 08:00:00,2037.29000000,2052.53000000,2035.91000000,2042.32000000,8916.05070000,1775390399999,18218049.00597100,202356,4562.06160000,9323007.47519400
1775390400000,2026-04-05 12:00:00,2042.31000000,2069.89000000,2021.50000000,2053.85000000,37354.65470000,1775404799999,76328023.13307500,576523,19491.13510000,39836565.25752100
1775404800000,2026-04-05 16:00:00,2053.85000000,2069.95000000,2048.69000000,2062.37000000,21390.37140000,1775419199999,44059941.78873700,401357,11201.92100000,23079357.87608100
1775419200000,2026-04-05 20:00:00,2062.38000000,2123.49000000,2050.00000000,2110.17000000,61128.60870000,1775433599999,127660752.80444800,874242,30991.10840000,64722424.24680000
1775433600000,2026-04-06 00:00:00,2110.17000000,2147.24000000,2110.17000000,2129.35000000,65862.41440000,1775447999999,140114580.48528500,993102,34410.48650000,73213893.39935900
1775448000000,2026-04-06 04:00:00,2129.35000000,2141.00000000,2120.04000000,2134.90000000,40132.15830000,1775462399999,85496720.28563100,568253,22085.33630000,47055393.11534600
1775462400000,2026-04-06 08:00:00,2134.91000000,2174.79000000,2133.42000000,2151.53000000,64975.08880000,1775476799999,139879765.80304300,807958,34230.93460000,73684425.78985600
1775476800000,2026-04-06 12:00:00,2151.53000000,2169.60000000,2137.76000000,2164.65000000,75911.31320000,1775491199999,163404692.83407300,1308526,39683.53050000,85450758.52399000
1775491200000,2026-04-06 16:00:00,2164.65000000,2168.72000000,2123.60000000,2144.25000000,56698.69750000,1775505599999,121510455.66205100,918441,24780.04950000,53079573.15807900
1775505600000,2026-04-06 20:00:00,2144.25000000,2155.06000000,2087.50000000,2107.16000000,52474.61720000,1775519999999,110985022.60129000,734086,25224.17190000,53329618.24455200
1775520000000,2026-04-07 00:00:00,2107.16000000,2120.14000000,2093.64000000,2108.37000000,34808.23460000,1775534399999,73406107.76256400,750469,16617.12260000,35045780.45618000
1775534400000,2026-04-07 04:00:00,2108.37000000,2119.21000000,2096.69000000,2104.04000000,24073.37930000,1775548799999,50676334.85165500,349115,11524.04160000,24269896.03075500
1775548800000,2026-04-07 08:00:00,2104.03000000,2133.83000000,2082.35000000,2089.58000000,52681.47720000,1775563199999,111004023.26421000,599211,27039.71400000,56972394.85663900
1775563200000,2026-04-07 12:00:00,2089.58000000,2093.17000000,2060.24000000,2080.06000000,76548.96240000,1775577599999,158951471.57508200,934462,38829.09200000,80626048.14474700
1775577600000,2026-04-07 16:00:00,2080.07000000,2116.65000000,2077.52000000,2113.39000000,55202.13230000,1775591999999,115723501.05371300,722308,29482.96430000,61831319.62890100
1775592000000,2026-04-07 20:00:00,2113.39000000,2273.87000000,2110.68000000,2240.01000000,216780.62350000,1775606399999,476449768.27165100,1834146,115760.04320000,254332076.42040300
1775606400000,2026-04-08 00:00:00,2240.01000000,2251.39000000,2228.24000000,2234.68000000,71283.32690000,1775620799999,159528086.66325200,669709,34637.98940000,77525689.48720200
1775620800000,2026-04-08 04:00:00,2234.68000000,2260.76000000,2234.68000000,2253.76000000,59756.00980000,1775635199999,134321829.14739800,450200,27751.82860000,62391636.97627500
1775635200000,2026-04-08 08:00:00,2253.76000000,2263.35000000,2237.12000000,2247.23000000,52326.61020000,1775649599999,117793378.73890300,465377,25009.63680000,56312486.49653700
1775649600000,2026-04-08 12:00:00,2247.23000000,2270.55000000,2186.61000000,2215.45000000,129483.03140000,1775663999999,288320268.98872700,1402147,61447.92230000,136753786.95115500
1775664000000,2026-04-08 16:00:00,2215.44000000,2239.50000000,2197.70000000,2211.04000000,53536.30800000,1775678399999,118658276.29188900,861618,25264.21540000,56010537.67657800
1775678400000,2026-04-08 20:00:00,2211.03000000,2222.55000000,2179.78000000,2190.00000000,38332.34580000,1775692799999,84299081.91974600,490934,16871.73180000,37114876.64195600
1775692800000,2026-04-09 00:00:00,2190.00000000,2193.79000000,2162.00000000,2182.49000000,34908.97250000,1775707199999,76035723.46530700,537316,14069.76520000,30647993.65805700
1775707200000,2026-04-09 04:00:00,2182.49000000,2188.99000000,2175.60000000,2181.14000000,24256.09050000,1775721599999,52914191.09295900,263219,10811.29420000,23588826.27989400
1775721600000,2026-04-09 08:00:00,2181.14000000,2197.70000000,2176.37000000,2180.26000000,33344.58290000,1775735999999,72921406.08358200,335762,17197.63000000,37604320.35943300
1775736000000,2026-04-09 12:00:00,2180.26000000,2225.00000000,2157.31000000,2217.99000000,76023.36060000,1775750399999,166284446.16329000,1054255,40876.56500000,89470633.09833400
1775750400000,2026-04-09 16:00:00,2218.00000000,2229.40000000,2193.00000000,2216.42000000,57199.04000000,1775764799999,126594157.18705900,935902,29176.84280000,64608129.94041000
1775764800000,2026-04-09 20:00:00,2216.42000000,2246.00000000,2183.33000000,2190.20000000,49585.90380000,1775779199999,109658378.67323200,629932,23408.44410000,51812822.22954600
1775779200000,2026-04-10 00:00:00,2190.17000000,2204.10000000,2176.10000000,2186.06000000,33173.29470000,1775793599999,72670870.66337700,484630,14426.30310000,31619404.47379900
1775793600000,2026-04-10 04:00:00,2186.05000000,2203.11000000,2176.40000000,2179.28000000,31613.99750000,1775807999999,69238190.63589600,277027,12920.84900000,28300207.63759400
1775808000000,2026-04-10 08:00:00,2179.27000000,2224.28000000,2177.13000000,2215.65000000,47671.23340000,1775822399999,105112528.17728100,363412,23430.27260000,51632890.12002900
1775822400000,2026-04-10 12:00:00,2215.66000000,2257.99000000,2208.18000000,2224.27000000,95750.74770000,1775836799999,213735467.92463100,996721,46828.92580000,104591139.23797800
1775836800000,2026-04-10 16:00:00,2224.28000000,2256.00000000,2221.46000000,2253.17000000,37702.42230000,1775851199999,84568813.01060800,510186,21652.97920000,48564604.97566900
1775851200000,2026-04-10 20:00:00,2253.17000000,2257.14000000,2235.41000000,2245.05000000,26987.39020000,1775865599999,60666429.66433300,297237,12817.98250000,28826260.58324500
1775865600000,2026-04-11 00:00:00,2245.06000000,2252.15000000,2234.81000000,2237.17000000,19355.10580000,1775879999999,43402035.07412200,190679,8104.67400000,18173575.32712400
1775880000000,2026-04-11 04:00:00,2237.18000000,2242.93000000,2229.00000000,2232.60000000,22477.34020000,1775894399999,50241515.90376200,182480,10653.96790000,23813020.26310300
1775894400000,2026-04-11 08:00:00,2232.60000000,2249.31000000,2232.14000000,2246.11000000,22661.82760000,1775908799999,50767333.08363000,162437,11403.74900000,25550566.21265100
1775908800000,2026-04-11 12:00:00,2246.12000000,2256.11000000,2233.72000000,2249.54000000,18996.83880000,1775923199999,42622018.98582000,221100,8945.37600000,20071521.99036200
1775923200000,2026-04-11 16:00:00,2249.54000000,2329.93000000,2246.53000000,2315.96000000,89257.10860000,1775937599999,204782078.79563700,746802,51065.73630000,117107236.53372700
1775937600000,2026-04-11 20:00:00,2315.96000000,2317.14000000,2276.47000000,2284.99000000,42037.18290000,1775951999999,96556011.30395100,426153,17065.48450000,39202170.57802700
1775952000000,2026-04-12 00:00:00,2285.00000000,2288.57000000,2207.06000000,2213.71000000,91337.46120000,1775966399999,204528648.62360700,846856,43401.90110000,97173837.13831700
1775966400000,2026-04-12 04:00:00,2213.70000000,2220.87000000,2208.32000000,2218.02000000,27644.04570000,1775980799999,61221079.98358800,238093,13978.25330000,30953874.30579000
1775980800000,2026-04-12 08:00:00,2218.02000000,2219.04000000,2194.32000000,2204.62000000,26727.76330000,1775995199999,59024832.17542900,197651,12302.05520000,27173188.03704200
1775995200000,2026-04-12 12:00:00,2204.62000000,2208.22000000,2175.00000000,2186.47000000,53590.68110000,1776009599999,117383507.26054500,489750,26042.73030000,57057561.72587100
1776009600000,2026-04-12 16:00:00,2186.47000000,2207.23000000,2183.09000000,2198.27000000,21416.51010000,1776023999999,47049607.78599500,227971,11306.49360000,24838603.63407500
1776024000000,2026-04-12 20:00:00,2198.27000000,2218.13000000,2183.99000000,2191.65000000,37440.42070000,1776038399999,82313163.01272400,575487,18626.81020000,40965512.26793800
1776038400000,2026-04-13 00:00:00,2191.64000000,2209.05000000,2187.20000000,2194.36000000,26455.47850000,1776052799999,58175672.45501600,385676,12714.07690000,27957871.65572300
1776052800000,2026-04-13 04:00:00,2194.36000000,2201.45000000,2182.22000000,2186.56000000,33191.76290000,1776067199999,72752476.35824200,306958,19289.70110000,42291070.48217200
1776067200000,2026-04-13 08:00:00,2186.57000000,2195.34000000,2179.00000000,2187.33000000,20617.55540000,1776081599999,45065829.22585900,308903,9941.35900000,21734847.03433200
1776081600000,2026-04-13 12:00:00,2187.33000000,2236.43000000,2175.68000000,2209.28000000,104259.36250000,1776095999999,230119345.33993700,1081599,54431.25730000,120076853.35571000
1776096000000,2026-04-13 16:00:00,2209.28000000,2268.88000000,2200.00000000,2262.33000000,64810.65880000,1776110399999,145049441.27530100,879999,34160.64330000,76510343.77491800
1776110400000,2026-04-13 20:00:00,2262.33000000,2394.71000000,2247.50000000,2369.46000000,204536.01110000,1776124799999,478090250.93189900,1564422,104062.86690000,243272345.42888300
1776124800000,2026-04-14 00:00:00,2369.46000000,2378.06000000,2354.60000000,2365.50000000,74432.85250000,1776139199999,176191509.28492300,615339,37846.45050000,89606265.96513600
1776139200000,2026-04-14 04:00:00,2365.50000000,2389.99000000,2354.76000000,2377.91000000,63856.12100000,1776153599999,151334759.83846700,470297,32900.52640000,77974280.40442000
1776153600000,2026-04-14 08:00:00,2377.92000000,2396.03000000,2367.61000000,2374.53000000,66171.32630000,1776167999999,157672031.91512100,564153,36299.76650000,86494418.75905600
1776168000000,2026-04-14 12:00:00,2374.54000000,2415.50000000,2332.72000000,2364.63000000,155007.39840000,1776182399999,368093708.83386600,1013152,78246.51670000,185774022.94854200
1776182400000,2026-04-14 16:00:00,2364.62000000,2371.48000000,2302.90000000,2313.32000000,73170.88880000,1776196799999,170690345.38308800,696087,28384.34890000,66178794.87455600
1776196800000,2026-04-14 20:00:00,2313.32000000,2332.35000000,2308.53000000,2322.44000000,27468.79710000,1776211199999,63717293.81865700,330537,12470.86730000,28931154.33260500
1776211200000,2026-04-15 00:00:00,2322.44000000,2342.76000000,2317.56000000,2328.81000000,28901.54660000,1776225599999,67396109.92799200,326045,13200.18200000,30785998.57814700
1776225600000,2026-04-15 04:00:00,2328.82000000,2338.23000000,2308.50000000,2316.62000000,31505.54390000,1776239999999,73104857.68600600,253967,14851.65430000,34464784.49865900
1776240000000,2026-04-15 08:00:00,2316.62000000,2339.42000000,2312.15000000,2337.43000000,39774.78350000,1776254399999,92455632.97617300,448805,20123.21340000,46779868.74925800
1776254400000,2026-04-15 12:00:00,2337.42000000,2349.46000000,2317.54000000,2332.04000000,55356.83760000,1776268799999,129142589.87418800,812911,27107.99320000,63266815.32752800
1776268800000,2026-04-15 16:00:00,2332.03000000,2385.61000000,2329.10000000,2375.05000000,60038.60430000,1776283199999,141440244.77785000,833035,28192.57250000,66414804.61244200
1776283200000,2026-04-15 20:00:00,2375.05000000,2380.45000000,2348.58000000,2359.95000000,52613.32180000,1776297599999,124301909.23688000,558108,22967.09990000,54270138.08294900
1776297600000,2026-04-16 00:00:00,2359.94000000,2369.59000000,2345.04000000,2357.86000000,24372.72040000,1776311999999,57460231.22437400,445911,10985.61130000,25901394.70203200
1776312000000,2026-04-16 04:00:00,2357.85000000,2364.00000000,2335.72000000,2341.52000000,33030.10560000,1776326399999,77706170.80604700,341840,15493.09400000,36454304.58398800
1776326400000,2026-04-16 08:00:00,2341.52000000,2348.40000000,2328.64000000,2335.67000000,38717.94520000,1776340799999,90493966.46899100,396912,19274.04660000,45035792.29503000
1776340800000,2026-04-16 12:00:00,2335.68000000,2351.80000000,2285.10000000,2339.01000000,122115.69180000,1776355199999,283140539.72271500,1218677,60638.08280000,140699527.99291600
1776355200000,2026-04-16 16:00:00,2339.01000000,2361.96000000,2309.96000000,2359.70000000,72519.84310000,1776369599999,169313531.22711000,951594,33772.17150000,78871239.68368800
1776369600000,2026-04-16 20:00:00,2359.69000000,2364.68000000,2336.25000000,2348.17000000,38204.63160000,1776383999999,89768286.44402600,438276,15759.23770000,37031947.77357700
1776384000000,2026-04-17 00:00:00,2348.16000000,2350.90000000,2323.83000000,2325.52000000,22001.98140000,1776398399999,51383982.74116400,328737,9749.05820000,22769582.18946300
1776398400000,2026-04-17 04:00:00,2325.53000000,2342.02000000,2317.43000000,2334.16000000,31478.76380000,1776412799999,73259232.49154600,304046,14766.25460000,34369574.65182900
1776412800000,2026-04-17 08:00:00,2334.15000000,2377.00000000,2332.98000000,2354.99000000,65874.44750000,1776427199999,154948268.41920600,615722,31683.08530000,74553540.21518300
1776427200000,2026-04-17 12:00:00,2355.00000000,2456.93000000,2349.40000000,2441.96000000,220835.88640000,1776441599999,533992872.83323800,1914992,114505.74760000,276790948.07519000
1776441600000,2026-04-17 16:00:00,2441.96000000,2464.91000000,2415.41000000,2427.92000000,76798.36750000,1776455999999,187207897.82622100,905824,35297.74100000,86063288.05306400
1776456000000,2026-04-17 20:00:00,2427.92000000,2444.34000000,2415.47000000,2419.00000000,74741.91490000,1776470399999,181675138.29473100,472333,46563.08270000,113239025.61424800
1776470400000,2026-04-18 00:00:00,2419.00000000,2427.64000000,2399.54000000,2405.04000000,29072.76020000,1776484799999,70264971.55328400,307040,12550.93370000,30343521.66612800
1776484800000,2026-04-18 04:00:00,2405.03000000,2413.54000000,2399.52000000,2403.71000000,14941.99540000,1776499199999,35966414.30113400,170694,6496.67570000,15640586.50024400
1776499200000,2026-04-18 08:00:00,2403.71000000,2404.85000000,2343.44000000,2352.96000000,67979.85780000,1776513599999,161108089.49291000,581840,31546.73320000,74721764.75971000
1776513600000,2026-04-18 12:00:00,2352.96000000,2369.66000000,2345.25000000,2363.64000000,57355.51280000,1776527999999,135252244.99248000,417823,22418.40600000,52858136.22819300
1776528000000,2026-04-18 16:00:00,2363.64000000,2375.14000000,2339.92000000,2348.59000000,39182.50610000,1776542399999,92353697.80525700,384817,18637.82470000,43949731.01548200
1776542400000,2026-04-18 20:00:00,2348.59000000,2359.50000000,2344.96000000,2350.32000000,13208.75650000,1776556799999,31073948.63011800,183711,7076.49610000,16647728.44112700
1776556800000,2026-04-19 00:00:00,2350.33000000,2355.30000000,2332.10000000,2339.77000000,20291.37960000,1776571199999,47559829.74445300,261070,9346.25860000,21912063.08140200
1776571200000,2026-04-19 04:00:00,2339.77000000,2346.11000000,2300.00000000,2316.03000000,54404.75180000,1776585599999,126268393.97068400,402320,24243.60880000,56306186.80627600
1776585600000,2026-04-19 08:00:00,2316.03000000,2331.13000000,2306.42000000,2329.38000000,23275.52400000,1776599999999,53974397.41072600,316327,11379.32020000,26383737.92462200
1776600000000,2026-04-19 12:00:00,2329.38000000,2350.24000000,2315.29000000,2330.80000000,37666.71920000,1776614399999,87955907.27213800,454066,19357.22630000,45203575.13433200
1776614400000,2026-04-19 16:00:00,2330.80000000,2331.34000000,2287.62000000,2299.65000000,53803.70870000,1776628799999,123915595.05772100,608853,25534.28430000,58814531.21016200
1776628800000,2026-04-19 20:00:00,2299.66000000,2300.00000000,2252.72000000,2263.27000000,66644.74430000,1776643199999,151434389.63732800,685624,29940.20370000,68014912.73215100
1776643200000,2026-04-20 00:00:00,2263.28000000,2294.30000000,2259.67000000,2286.56000000,30033.24890000,1776657599999,68460210.74916500,333782,16773.82930000,38233410.27134500
1776657600000,2026-04-20 04:00:00,2286.55000000,2332.88000000,2263.18000000,2298.80000000,59476.16260000,1776671999999,136439643.96393900,479365,30650.47430000,70322443.76497500
1776672000000,2026-04-20 08:00:00,2298.81000000,2320.00000000,2289.82000000,2308.42000000,37613.56550000,1776686399999,86676194.66558300,528607,20102.96830000,46329617.84788100
1776686400000,2026-04-20 12:00:00,2308.42000000,2326.36000000,2278.38000000,2313.91000000,85434.53390000,1776700799999,196930074.56048700,1274217,38666.84640000,89216801.24598200
1776700800000,2026-04-20 16:00:00,2313.92000000,2344.19000000,2297.97000000,2331.78000000,53432.50290000,1776715199999,124111959.38154800,710349,26591.94610000,61770730.59485700
1776715200000,2026-04-20 20:00:00,2331.78000000,2346.78000000,2307.74000000,2313.85000000,35010.05210000,1776729599999,81434114.65797100,425301,16241.56410000,37799028.86592100
1776729600000,2026-04-21 00:00:00,2313.84000000,2326.64000000,2300.01000000,2311.62000000,22781.19090000,1776743999999,52691898.23363900,327475,10892.41260000,25199211.67867200
1776744000000,2026-04-21 04:00:00,2311.62000000,2327.05000000,2304.06000000,2318.48000000,22945.37330000,1776758399999,53157569.87378800,303625,13324.87060000,30878134.51401800
1776758400000,2026-04-21 08:00:00,2318.48000000,2338.75000000,2314.00000000,2320.45000000,30640.36830000,1776772799999,71262900.27969800,420800,14028.14510000,32632633.66699900
1776772800000,2026-04-21 12:00:00,2320.45000000,2327.50000000,2290.35000000,2310.24000000,52118.04520000,1776787199999,120274988.22665600,950322,24273.27340000,56036226.64365800
1776787200000,2026-04-21 16:00:00,2310.25000000,2332.00000000,2284.19000000,2298.41000000,62286.60880000,1776801599999,143729519.14711500,911368,28046.80580000,64729925.75315500
1776801600000,2026-04-21 20:00:00,2298.42000000,2329.47000000,2296.04000000,2327.14000000,35874.39050000,1776815999999,83070073.87868400,485344,18055.95030000,41810371.58947700
1776816000000,2026-04-22 00:00:00,2327.15000000,2379.66000000,2312.95000000,2363.62000000,66774.38390000,1776830399999,157025524.89747100,726085,36127.36930000,84954755.45946700
1776830400000,2026-04-22 04:00:00,2363.63000000,2413.83000000,2358.41000000,2389.97000000,89349.94590000,1776844799999,213612449.15395600,668282,40855.70290000,97634936.26973200
1776844800000,2026-04-22 08:00:00,2389.98000000,2400.78000000,2383.00000000,2398.44000000,41401.37240000,1776859199999,98964646.85433700,426855,21686.73570000,51843510.42138400
1776859200000,2026-04-22 12:00:00,2398.44000000,2423.75000000,2390.90000000,2403.83000000,98738.82580000,1776873599999,237530839.86755400,1271017,54052.34450000,130040477.05214600
1776873600000,2026-04-22 16:00:00,2403.84000000,2413.75000000,2384.17000000,2397.79000000,50321.21200000,1776887999999,120601718.18063400,723878,23781.10950000,57006888.22251100
1776888000000,2026-04-22 20:00:00,2397.80000000,2406.11000000,2373.95000000,2374.07000000,33121.38590000,1776902399999,79250750.24673500,414126,15255.00590000,36516356.06830000
1776902400000,2026-04-23 00:00:00,2374.08000000,2382.00000000,2331.50000000,2340.81000000,76206.11530000,1776916799999,179737212.09139500,896029,40200.17970000,94885645.67645900
1776916800000,2026-04-23 04:00:00,2340.82000000,2358.93000000,2337.12000000,2344.43000000,39343.65630000,1776931199999,92436957.57903600,427820,16435.21000000,38608751.63653600
1776931200000,2026-04-23 08:00:00,2344.43000000,2345.00000000,2305.61000000,2328.97000000,78151.03770000,1776945599999,181619186.73554400,613077,36075.73900000,83862678.57196600
1776945600000,2026-04-23 12:00:00,2328.96000000,2343.58000000,2315.23000000,2333.26000000,52807.90010000,1776959999999,122964312.09528200,816205,27305.82710000,63581086.38892900
1776960000000,2026-04-23 16:00:00,2333.26000000,2335.76000000,2285.42000000,2312.88000000,79023.78390000,1776974399999,182451499.78276500,999074,35569.28820000,82147778.50717700
1776974400000,2026-04-23 20:00:00,2312.87000000,2338.79000000,2312.74000000,2330.26000000,31113.19900000,1776988799999,72403178.39720300,327374,14051.65530000,32702770.85253700
1776988800000,2026-04-24 00:00:00,2330.27000000,2337.50000000,2301.35000000,2308.64000000,27004.89320000,1777003199999,62681272.73280200,379883,11510.75200000,26724595.86186600
1777003200000,2026-04-24 04:00:00,2308.63000000,2317.35000000,2300.22000000,2311.63000000,28648.94020000,1777017599999,66176139.97148500,308752,15138.08640000,34969970.31244600
1777017600000,2026-04-24 08:00:00,2311.63000000,2332.26000000,2303.74000000,2328.10000000,35868.92010000,1777031999999,83155156.97267100,440852,17890.94920000,41478881.40906300
1777032000000,2026-04-24 12:00:00,2328.10000000,2331.85000000,2301.61000000,2323.81000000,46811.73040000,1777046399999,108495488.42747100,715319,21029.91190000,48738508.47922300
1777046400000,2026-04-24 16:00:00,2323.81000000,2325.00000000,2308.82000000,2321.60000000,24666.25170000,1777060799999,57163348.02736000,387682,11143.73510000,25823741.36956800
1777060800000,2026-04-24 20:00:00,2321.59000000,2328.16000000,2307.20000000,2314.99000000,20886.88250000,1777075199999,48413420.08603000,181336,11471.40350000,26588295.45159900
1777075200000,2026-04-25 00:00:00,2314.98000000,2321.36000000,2311.27000000,2318.43000000,7639.05880000,1777089599999,17699401.30367700,94007,4027.20630000,9331215.72566200
1777089600000,2026-04-25 04:00:00,2318.44000000,2319.01000000,2313.30000000,2316.48000000,6328.15460000,1777103999999,14656659.36386000,74646,3062.77530000,7093727.06648000
1777104000000,2026-04-25 08:00:00,2316.48000000,2323.21000000,2311.20000000,2313.64000000,11470.79720000,1777118399999,26598312.40038800,106448,4871.49770000,11295660.54533800
1777118400000,2026-04-25 12:00:00,2313.65000000,2318.94000000,2303.00000000,2308.09000000,15641.47780000,1777132799999,36192480.33145300,133121,7702.17590000,17826876.41641400
1777132800000,2026-04-25 16:00:00,2308.08000000,2313.98000000,2300.55000000,2310.06000000,19676.68660000,1777147199999,45427695.58289800,143366,9918.68770000,22897897.18632000
1777147200000,2026-04-25 20:00:00,2310.06000000,2320.42000000,2308.85000000,2319.50000000,7383.04410000,1777161599999,17099038.55626700,107169,4007.51000000,9281754.05384100
1777161600000,2026-04-26 00:00:00,2319.49000000,2320.06000000,2306.72000000,2310.00000000,10012.72520000,1777175999999,23173554.88897900,108354,3409.09620000,7891759.99265300
1777176000000,2026-04-26 04:00:00,2309.99000000,2336.48000000,2308.97000000,2331.24000000,24981.33340000,1777190399999,58163719.35626500,203500,12839.69790000,29894030.55799300
1777190400000,2026-04-26 08:00:00,2331.25000000,2337.68000000,2329.66000000,2335.95000000,12111.23650000,1777204799999,28261827.62621600,121952,6100.51610000,14236039.80748500
1777204800000,2026-04-26 12:00:00,2335.96000000,2352.44000000,2324.19000000,2348.05000000,24507.88060000,1777219199999,57373656.30833900,245066,12572.65400000,29434231.32471900
1777219200000,2026-04-26 16:00:00,2348.06000000,2376.35000000,2340.56000000,2367.40000000,35056.75380000,1777233599999,82744245.81598100,293154,18487.19850000,43637617.20058500
1777233600000,2026-04-26 20:00:00,2367.40000000,2380.00000000,2348.47000000,2369.44000000,47921.69240000,1777247999999,113322213.94491300,536544,23467.00900000,55485648.47148000
1777248000000,2026-04-27 00:00:00,2369.45000000,2404.37000000,2359.46000000,2394.85000000,48640.63520000,1777262399999,116200231.69065800,619528,28268.14770000,67548187.36143200
1777262400000,2026-04-27 04:00:00,2394.85000000,2396.05000000,2312.71000000,2316.01000000,71679.73750000,1777276799999,167755396.54425800,704000,33015.88600000,77175278.32143500
1777276800000,2026-04-27 08:00:00,2316.00000000,2325.52000000,2309.13000000,2320.39000000,29605.50660000,1777291199999,68638180.14557200,292944,13739.35110000,31853969.92346000
1777291200000,2026-04-27 12:00:00,2320.39000000,2329.82000000,2266.09000000,2275.07000000,85871.41060000,1777305599999,197426548.92979900,896015,38872.03170000,89328263.05493000
1777305600000,2026-04-27 16:00:00,2275.07000000,2292.91000000,2270.04000000,2289.14000000,46317.29280000,1777319999999,105775466.44132500,448789,21092.53870000,48169744.54848000
1777320000000,2026-04-27 20:00:00,2289.15000000,2308.61000000,2284.66000000,2303.67000000,18249.27590000,1777334399999,41857719.34914200,231006,8810.34230000,20215298.81866000
1777334400000,2026-04-28 00:00:00,2303.66000000,2310.88000000,2280.99000000,2290.94000000,21169.28510000,1777348799999,48602144.05299300,355365,9177.93210000,21074556.47092600
1777348800000,2026-04-28 04:00:00,2290.93000000,2296.91000000,2270.53000000,2287.99000000,37016.46720000,1777363199999,84562746.33657600,335571,17352.95680000,39639171.36433400
1777363200000,2026-04-28 08:00:00,2288.00000000,2291.64000000,2270.36000000,2275.32000000,32729.59210000,1777377599999,74658635.13855800,336925,16752.81750000,38207422.71181100
1777377600000,2026-04-28 12:00:00,2275.32000000,2286.20000000,2258.24000000,2279.76000000,49767.44530000,1777391999999,113041008.32896000,755933,25215.33310000,57297458.88084000
1777392000000,2026-04-28 16:00:00,2279.76000000,2305.55000000,2274.38000000,2301.96000000,33432.91850000,1777406399999,76565132.30403700,376377,19074.11770000,43676152.90417600
1777406400000,2026-04-28 20:00:00,2301.96000000,2305.95000000,2284.15000000,2289.42000000,13816.51190000,1777420799999,31664964.34785100,186821,7004.92250000,16053593.41271900
1777420800000,2026-04-29 00:00:00,2289.42000000,2316.36000000,2278.84000000,2311.52000000,39935.64580000,1777435199999,91714214.58120400,394085,21293.08280000,48929753.68643900
1777435200000,2026-04-29 04:00:00,2311.53000000,2342.50000000,2309.33000000,2323.73000000,55138.29570000,1777449599999,128361828.21944600,457186,27486.92390000,64004860.88318800
1777449600000,2026-04-29 08:00:00,2323.74000000,2346.95000000,2321.11000000,2331.74000000,34673.31280000,1777463999999,80964460.78045400,451152,17647.09590000,41212388.98627900
1777464000000,2026-04-29 12:00:00,2331.74000000,2331.94000000,2263.10000000,2272.51000000,81070.16890000,1777478399999,186202785.05940500,918226,41598.11960000,95566014.93769900
1777478400000,2026-04-29 16:00:00,2272.50000000,2285.92000000,2220.36000000,2233.70000000,105332.51640000,1777492799999,236794902.20829700,949510,52220.15730000,117414136.59752900
1777492800000,2026-04-29 20:00:00,2233.69000000,2264.80000000,2230.49000000,2252.90000000,38928.16190000,1777507199999,87517052.67882700,418133,18754.42320000,42174589.25163900
1777507200000,2026-04-30 00:00:00,2252.90000000,2279.00000000,2236.36000000,2253.24000000,36060.21850000,1777521599999,81467956.01231500,623320,18210.84810000,41145303.28279700
1777521600000,2026-04-30 04:00:00,2253.24000000,2262.23000000,2231.64000000,2260.31000000,33378.87140000,1777535999999,75013519.19512900,411290,15495.42970000,34840223.28553000
1777536000000,2026-04-30 08:00:00,2260.31000000,2273.70000000,2252.07000000,2258.18000000,30735.92410000,1777550399999,69511058.76639200,396742,16738.89080000,37860642.78724600
1777550400000,2026-04-30 12:00:00,2258.18000000,2275.13000000,2245.82000000,2265.70000000,37871.98220000,1777564799999,85693494.61236600,702265,19006.55610000,43025534.69824700
1777564800000,2026-04-30 16:00:00,2265.70000000,2267.16000000,2251.62000000,2261.99000000,17651.08860000,1777579199999,39892487.45040300,343077,9175.63500000,20738659.52513600
1777579200000,2026-04-30 20:00:00,2261.98000000,2267.32000000,2252.42000000,2257.51000000,11496.19280000,1777593599999,25979373.63503000,173143,5365.75270000,12128391.03897000
1777593600000,2026-05-01 00:00:00,2257.51000000,2295.00000000,2257.21000000,2282.87000000,26924.69360000,1777607999999,61293731.92503900,289839,14655.09830000,33350471.03711800
1777608000000,2026-05-01 04:00:00,2282.87000000,2286.75000000,2272.09000000,2279.48000000,22911.86680000,1777622399999,52234123.59012900,216692,8892.37210000,20276400.99502200
1777622400000,2026-05-01 08:00:00,2279.50000000,2293.00000000,2277.06000000,2286.45000000,18694.31890000,1777636799999,42707010.60639800,200289,8811.08110000,20128018.07778900
1777636800000,2026-05-01 12:00:00,2286.46000000,2325.28000000,2284.15000000,2307.64000000,74814.72450000,1777651199999,172745191.22571900,585911,36698.00440000,84728337.79473400
1777651200000,2026-05-01 16:00:00,2307.64000000,2314.21000000,2298.17000000,2304.85000000,26400.50380000,1777665599999,60879168.86742100,301474,11807.35280000,27226616.34049700
1777665600000,2026-05-01 20:00:00,2304.85000000,2305.86000000,2278.98000000,2295.63000000,21336.44740000,1777679999999,48892029.61321000,211276,8669.82420000,19870611.28381100
1777680000000,2026-05-02 00:00:00,2295.63000000,2308.34000000,2292.91000000,2304.44000000,10951.36060000,1777694399999,25191053.07674600,165359,6430.62680000,14794497.78693600
1777694400000,2026-05-02 04:00:00,2304.43000000,2306.35000000,2296.62000000,2301.02000000,10106.36540000,1777708799999,23258711.30472400,116339,3673.30030000,8454457.74345900
1777708800000,2026-05-02 08:00:00,2301.01000000,2307.78000000,2299.05000000,2302.10000000,8398.45980000,1777723199999,19347551.74644800,99997,3445.41900000,7937247.27475900
1777723200000,2026-05-02 12:00:00,2302.09000000,2311.83000000,2301.36000000,2309.19000000,11671.86100000,1777737599999,26928729.24245200,107794,6317.27780000,14576037.25152500
1777737600000,2026-05-02 16:00:00,2309.18000000,2313.98000000,2304.08000000,2311.08000000,10993.09170000,1777751999999,25386006.02958800,117966,6079.63830000,14039523.85590000
1777752000000,2026-05-02 20:00:00,2311.08000000,2343.60000000,2309.59000000,2316.97000000,33467.33390000,1777766399999,77802445.53793100,263244,19716.53370000,45848215.83737100
1777766400000,2026-05-03 00:00:00,2316.97000000,2317.69000000,2299.38000000,2301.90000000,19468.87980000,1777780799999,44906713.90171400,182498,7450.41490000,17183917.61581300
1777780800000,2026-05-03 04:00:00,2301.90000000,2314.01000000,2297.59000000,2309.28000000,11221.53220000,1777795199999,25863946.39337600,115727,5698.03470000,13135686.46092600
1777795200000,2026-05-03 08:00:00,2309.28000000,2327.50000000,2307.49000000,2319.63000000,17555.12580000,1777809599999,40666476.20277400,159932,9951.23210000,23056034.78817900
1777809600000,2026-05-03 12:00:00,2319.63000000,2333.91000000,2319.63000000,2328.44000000,21474.09310000,1777823999999,49962494.59405000,213808,10823.37290000,25183037.57923400
1777824000000,2026-05-03 16:00:00,2328.45000000,2337.87000000,2322.38000000,2335.59000000,19196.13350000,1777838399999,44750825.44232300,168382,10359.82600000,24155747.10412500
1777838400000,2026-05-03 20:00:00,2335.60000000,2356.92000000,2315.00000000,2322.65000000,62158.66980000,1777852799999,145219543.48384200,533943,30209.29320000,70589584.72619800
1777852800000,2026-05-04 00:00:00,2322.65000000,2391.00000000,2309.24000000,2385.12000000,114327.99650000,1777867199999,270073450.88248100,883575,57208.65030000,135184709.33822600
1777867200000,2026-05-04 04:00:00,2385.11000000,2398.93000000,2354.20000000,2362.80000000,69420.51890000,1777881599999,165096205.24170500,466765,31591.62510000,75150936.46785200
1777881600000,2026-05-04 08:00:00,2362.79000000,2371.09000000,2314.25000000,2337.59000000,85731.03210000,1777895999999,200593492.95305100,794562,41576.87580000,97288755.25275800
1777896000000,2026-05-04 12:00:00,2337.59000000,2381.80000000,2325.71000000,2350.10000000,103215.19310000,1777910399999,242716919.73184500,1060836,51732.79020000,121645049.09336900
1777910400000,2026-05-04 16:00:00,2350.11000000,2379.52000000,2336.63000000,2356.52000000,62301.44420000,1777924799999,147051915.11345600,693394,30189.82980000,71254546.27391800
1777924800000,2026-05-04 20:00:00,2356.52000000,2365.91000000,2344.83000000,2347.16000000,18024.61370000,1777939199999,42458766.14405300,237961,8256.71280000,19451854.60301900
1777939200000,2026-05-05 00:00:00,2347.17000000,2389.38000000,2344.93000000,2382.43000000,43369.65370000,1777953599999,102911351.41307100,379509,20211.59500000,47936384.90843500
1777953600000,2026-05-05 04:00:00,2382.43000000,2390.74000000,2367.35000000,2380.59000000,49038.94050000,1777967999999,116736198.02326100,372001,22697.65390000,54041416.40741700
1777968000000,2026-05-05 08:00:00,2380.59000000,2384.62000000,2366.76000000,2379.89000000,29380.95350000,1777982399999,69799969.32213900,262185,14721.55930000,34969380.51718500
1777982400000,2026-05-05 12:00:00,2379.89000000,2399.50000000,2369.17000000,2381.31000000,78808.51000000,1777996799999,188014480.11743700,696726,39426.21610000,94084462.37915900
1777996800000,2026-05-05 16:00:00,2381.30000000,2383.38000000,2359.71000000,2371.94000000,40911.27280000,1778011199999,96954986.54099800,377499,20766.65120000,49218721.99935400
1778011200000,2026-05-05 20:00:00,2371.94000000,2388.54000000,2354.34000000,2360.77000000,45127.40070000,1778025599999,107063563.69367500,424270,21504.39420000,51056878.56660600
1778025600000,2026-05-06 00:00:00,2360.76000000,2380.87000000,2355.00000000,2376.80000000,33054.80320000,1778039999999,78271149.26314600,384980,17510.94900000,41470746.54598300
1778040000000,2026-05-06 04:00:00,2376.81000000,2379.40000000,2355.00000000,2371.74000000,33514.67250000,1778054399999,79324880.54666300,307921,16953.38210000,40133068.51579700
1778054400000,2026-05-06 08:00:00,2371.74000000,2423.74000000,2369.16000000,2410.47000000,113801.04660000,1778068799999,273618535.84830200,695277,59890.51010000,143953241.66312400
1778068800000,2026-05-06 12:00:00,2410.47000000,2413.59000000,2346.68000000,2359.10000000,137462.54150000,1778083199999,326500848.53802300,950635,61108.24090000,145210547.77790300
1778083200000,2026-05-06 16:00:00,2359.10000000,2367.47000000,2338.00000000,2348.50000000,59822.68020000,1778097599999,140680471.90951900,432840,22693.25230000,53367534.33193300
1778097600000,2026-05-06 20:00:00,2348.49000000,2357.45000000,2338.28000000,2350.84000000,43011.57210000,1778111999999,101045742.30972000,290972,14851.21900000,34887824.13339700
1778112000000,2026-05-07 00:00:00,2350.84000000,2352.30000000,2313.89000000,2322.39000000,63504.31730000,1778126399999,147718361.87307700,523410,25385.22900000,59027085.34340200
1778126400000,2026-05-07 04:00:00,2322.39000000,2346.89000000,2317.80000000,2344.59000000,51518.00990000,1778140799999,120176362.89107600,333196,21238.92720000,49541539.00713700
1778140800000,2026-05-07 08:00:00,2344.59000000,2346.60000000,2317.35000000,2329.94000000,54139.78180000,1778155199999,126223511.70263700,402865,21159.34070000,49339085.97887200
1778155200000,2026-05-07 12:00:00,2329.94000000,2337.13000000,2285.95000000,2294.82000000,129506.95220000,1778169599999,298943585.36180300,855763,51727.20150000,119411804.80128100
1778169600000,2026-05-07 16:00:00,2294.82000000,2304.00000000,2280.10000000,2295.98000000,98757.48200000,1778183999999,226538965.39469400,688038,36392.37870000,83484192.15588200
1778184000000,2026-05-07 20:00:00,2295.98000000,2302.57000000,2281.04000000,2291.06000000,72095.39460000,1778198399999,165120151.38291200,387811,21618.43520000,49502188.89293300
1778198400000,2026-05-08 00:00:00,2291.06000000,2294.28000000,2265.61000000,2278.76000000,54369.02610000,1778212799999,123957786.63319900,393281,20604.70450000,46975325.78780900
1778212800000,2026-05-08 04:00:00,2278.77000000,2284.54000000,2267.15000000,2281.35000000,73893.46490000,1778227199999,168211725.58419400,339640,27763.67910000,63210662.57432500
1778227200000,2026-05-08 08:00:00,2281.37000000,2298.01000000,2280.15000000,2295.38000000,65719.13730000,1778241599999,150305493.28273400,343091,34017.19260000,77813315.09613800
1778241600000,2026-05-08 12:00:00,2295.38000000,2302.00000000,2269.96000000,2293.20000000,85201.34210000,1778255999999,194501490.53541000,734683,35440.31050000,80907726.56306800
1778256000000,2026-05-08 16:00:00,2293.20000000,2321.22000000,2286.42000000,2316.05000000,76484.52060000,1778270399999,176520488.37860600,507189,32344.26750000,74632942.61874000
1778270400000,2026-05-08 20:00:00,2316.06000000,2319.15000000,2303.19000000,2307.06000000,65367.66720000,1778284799999,151043017.22794200,250172,14603.84530000,33747710.09118000
1778284800000,2026-05-09 00:00:00,2307.07000000,2320.77000000,2304.19000000,2315.33000000,39168.71880000,1778299199999,90610920.63576700,195005,13871.16950000,32098402.54453800
1778299200000,2026-05-09 04:00:00,2315.33000000,2325.33000000,2310.90000000,2314.69000000,51761.09100000,1778313599999,119884973.14474000,199194,19645.06740000,45506119.10428500
1778313600000,2026-05-09 08:00:00,2314.69000000,2320.53000000,2310.24000000,2314.57000000,25659.72800000,1778327999999,59409184.50601400,122616,9826.09860000,22755457.32549000
1778328000000,2026-05-09 12:00:00,2314.56000000,2318.27000000,2300.00000000,2317.63000000,31105.77980000,1778342399999,71900472.13934000,223767,14407.55870000,33307271.00211000
1778342400000,2026-05-09 16:00:00,2317.64000000,2338.37000000,2315.29000000,2332.01000000,56917.64830000,1778356799999,132495433.50429400,349590,26062.18610000,60659495.82312400
1778356800000,2026-05-09 20:00:00,2332.02000000,2333.47000000,2324.70000000,2326.44000000,25818.19110000,1778371199999,60140740.16571400,158453,7148.50000000,16651689.16797200
1778371200000,2026-05-10 00:00:00,2326.43000000,2332.91000000,2318.33000000,2327.76000000,33278.13660000,1778385599999,77377176.54525000,211480,10692.92660000,24866762.80430900
1778385600000,2026-05-10 04:00:00,2327.75000000,2332.09000000,2326.10000000,2327.36000000,26964.35160000,1778399999999,62787274.77308300,162429,8518.05160000,19835110.59379400
1778400000000,2026-05-10 08:00:00,2327.36000000,2333.59000000,2319.00000000,2322.58000000,28879.99920000,1778414399999,67196718.87018600,184657,9880.90490000,22991802.98726500
1778414400000,2026-05-10 12:00:00,2322.59000000,2351.66000000,2320.87000000,2347.56000000,51926.97750000,1778428799999,121177230.77310000,300962,22011.07260000,51409712.60067500
1778428800000,2026-05-10 16:00:00,2347.56000000,2368.00000000,2340.11000000,2365.54000000,154424.55990000,1778443199999,363185897.68717100,432631,118760.18440000,279186197.91604000
1778443200000,2026-05-10 20:00:00,2365.54000000,2382.53000000,2311.83000000,2371.27000000,102648.83750000,1778457599999,241553955.77908900,980590,49258.19190000,116006714.29547800
1778457600000,2026-05-11 00:00:00,2371.26000000,2374.92000000,2320.01000000,2330.56000000,60324.27160000,1778471999999,141516137.57921300,678673,26752.63530000,62764826.50816300
1778472000000,2026-05-11 04:00:00,2330.56000000,2342.44000000,2326.66000000,2330.54000000,35309.27600000,1778486399999,82409373.33353900,273799,14630.28560000,34148339.73926500
1778486400000,2026-05-11 08:00:00,2330.55000000,2339.90000000,2326.66000000,2335.80000000,21339.08610000,1778500799999,49795722.30409500,262690,9464.87360000,22088266.27349300
1778500800000,2026-05-11 12:00:00,2335.80000000,2338.89000000,2304.00000000,2333.48000000,54288.22570000,1778515199999,126108053.20477100,663948,23396.41490000,54359062.94744400
1778515200000,2026-05-11 16:00:00,2333.48000000,2344.35000000,2323.68000000,2340.43000000,43385.86460000,1778529599999,101378810.53855100,457169,18462.39130000,43143267.93178300
1778529600000,2026-05-11 20:00:00,2340.44000000,2345.68000000,2335.08000000,2339.87000000,22315.33120000,1778543999999,52219967.29275400,258314,10783.60250000,25234476.50999400
1778544000000,2026-05-12 00:00:00,2339.88000000,2340.85000000,2295.01000000,2309.37000000,46792.48960000,1778558399999,108295182.84451200,442505,21876.93500000,50652511.12681000
1778558400000,2026-05-12 04:00:00,2309.36000000,2314.49000000,2291.63000000,2295.20000000,35381.71270000,1778572799999,81551632.23785800,233132,13966.71440000,32184704.73849600
1778572800000,2026-05-12 08:00:00,2295.20000000,2296.27000000,2278.57000000,2287.01000000,60392.79820000,1778587199999,138102164.84819900,399609,28309.81590000,64737889.64123800
1778587200000,2026-05-12 12:00:00,2287.02000000,2294.01000000,2256.67000000,2261.85000000,63665.27820000,1778601599999,144821051.59250300,828775,27124.48230000,61720275.44139000
1778601600000,2026-05-12 16:00:00,2261.86000000,2287.43000000,2256.27000000,2285.09000000,29736.93380000,1778615999999,67590284.62968700,408943,14639.53490000,33280375.10687300
1778616000000,2026-05-12 20:00:00,2285.10000000,2291.37000000,2273.88000000,2274.96000000,17011.89570000,1778630399999,38844643.64470500,207417,6642.81220000,15172786.82724800
1778630400000,2026-05-13 00:00:00,2274.97000000,2303.77000000,2273.34000000,2301.77000000,25629.71210000,1778644799999,58733882.08938100,370680,13091.44780000,30002572.71357100
1778644800000,2026-05-13 04:00:00,2301.76000000,2309.00000000,2295.63000000,2301.07000000,20242.60800000,1778659199999,46598565.98019900,204639,8646.33690000,19905261.83377600
1778659200000,2026-05-13 08:00:00,2301.07000000,2323.36000000,2299.00000000,2301.82000000,39654.71310000,1778673599999,91670926.13290200,334434,22011.42420000,50877296.76623400
1778673600000,2026-05-13 12:00:00,2301.83000000,2307.54000000,2234.13000000,2236.49000000,101419.74340000,1778687999999,229797898.36170500,738479,45926.33750000,104115195.78050100
1778688000000,2026-05-13 16:00:00,2236.48000000,2268.49000000,2235.48000000,2256.53000000,55259.29000000,1778702399999,124501701.63248800,327442,26880.46730000,60554924.98899800
1778702400000,2026-05-13 20:00:00,2256.53000000,2264.46000000,2251.00000000,2258.65000000,16249.66330000,1778716799999,36691728.22520300,169926,7624.34740000,17216400.55044300
1778716800000,2026-05-14 00:00:00,2258.66000000,2269.37000000,2238.64000000,2242.14000000,28395.76130000,1778731199999,64089642.37889700,364318,11227.36160000,25342056.52345200
1778731200000,2026-05-14 04:00:00,2242.14000000,2275.20000000,2239.54000000,2265.48000000,28603.53370000,1778745599999,64779481.06791000,285851,15392.06110000,34856115.26323100
1778745600000,2026-05-14 08:00:00,2265.49000000,2270.99000000,2252.53000000,2253.81000000,31025.11040000,1778759999999,70154546.03341300,289402,17105.70980000,38679497.70269200
1778760000000,2026-05-14 12:00:00,2253.81000000,2299.70000000,2246.13000000,2298.48000000,68751.78440000,1778774399999,156240171.87230500,777022,34447.35640000,78324378.91668100
1778774400000,2026-05-14 16:00:00,2298.48000000,2319.33000000,2293.96000000,2298.34000000,71280.16800000,1778788799999,164451362.89106700,723164,35727.53830000,82443362.55504000
1778788800000,2026-05-14 20:00:00,2298.34000000,2301.67000000,2280.18000000,2283.25000000,28624.47810000,1778803199999,65653504.35382800,290650,13852.33070000,31783919.07073000
1778803200000,2026-05-15 00:00:00,2283.26000000,2300.29000000,2260.45000000,2273.34000000,56947.01880000,1778817599999,129690554.81397300,499357,17269.86790000,39358561.44292400
1778817600000,2026-05-15 04:00:00,2273.35000000,2273.91000000,2237.95000000,2265.11000000,50307.02380000,1778831999999,113459432.84099700,450040,22164.06790000,49996179.69879800
1778832000000,2026-05-15 08:00:00,2265.11000000,2265.42000000,2250.00000000,2257.57000000,30771.65190000,1778846399999,69472696.25958400,348748,15424.32470000,34822467.88469100
1778846400000,2026-05-15 12:00:00,2257.56000000,2260.72000000,2205.11000000,2222.85000000,98329.86220000,1778860799999,218720724.78739400,1049205,43130.55330000,95901031.11296800
1778860800000,2026-05-15 16:00:00,2222.86000000,2232.88000000,2218.90000000,2223.35000000,32854.53900000,1778875199999,73151594.79938700,404174,16657.45830000,37092445.93064500
1778875200000,2026-05-15 20:00:00,2223.35000000,2226.29000000,2215.00000000,2224.66000000,19326.45500000,1778889599999,42938869.41098300,225784,8537.75980000,18970109.73836900
1778889600000,2026-05-16 00:00:00,2224.65000000,2231.51000000,2223.53000000,2228.01000000,11176.83180000,1778903999999,24907666.89542700,165343,5989.00800000,13347751.72520100
1778904000000,2026-05-16 04:00:00,2228.00000000,2228.96000000,2182.00000000,2194.81000000,52860.58160000,1778918399999,116338233.06194500,413958,25490.48750000,56072757.63730900
1778918400000,2026-05-16 08:00:00,2194.81000000,2196.87000000,2162.55000000,2176.10000000,66188.90010000,1778932799999,144010330.34834300,455164,28446.47490000,61885300.58680700
1778932800000,2026-05-16 12:00:00,2176.11000000,2188.16000000,2172.30000000,2180.00000000,38164.98320000,1778947199999,83119116.75875000,243536,17047.58540000,37128080.06451000
1778947200000,2026-05-16 16:00:00,2180.00000000,2185.22000000,2170.50000000,2179.57000000,23176.12850000,1778961599999,50467938.59872300,161654,10751.29160000,23418980.93118800
1778961600000,2026-05-16 20:00:00,2179.57000000,2183.54000000,2179.35000000,2180.77000000,7721.15090000,1778975999999,16844661.40415800,102228,4017.45170000,8764715.10653500
1778976000000,2026-05-17 00:00:00,2180.77000000,2185.60000000,2167.98000000,2181.70000000,22317.44490000,1778990399999,48568510.98378700,247485,11163.75840000,24295448.82460600
1778990400000,2026-05-17 04:00:00,2181.71000000,2195.00000000,2181.14000000,2186.64000000,17300.98820000,1779004799999,37836038.10273300,167464,9385.36190000,20528957.31532500
1779004800000,2026-05-17 08:00:00,2186.63000000,2198.14000000,2183.12000000,2192.00000000,15590.77780000,1779019199999,34158284.37524100,171257,8178.40050000,17919279.73066400
1779019200000,2026-05-17 12:00:00,2192.00000000,2198.04000000,2178.39000000,2186.51000000,18881.28670000,1779033599999,41331094.02605000,237689,8012.14390000,17539162.31575400
1779033600000,2026-05-17 16:00:00,2186.51000000,2193.62000000,2176.63000000,2192.53000000,12368.23510000,1779047999999,27019733.36234600,196922,6546.47210000,14303626.44076100
1779048000000,2026-05-17 20:00:00,2192.54000000,2194.82000000,2091.48000000,2131.00000000,88658.08220000,1779062399999,189663826.67764000,617788,40512.60420000,86649636.90959500
1779062400000,2026-05-18 00:00:00,2131.00000000,2132.00000000,2104.99000000,2118.44000000,66934.93130000,1779076799999,141643246.72059400,765049,27723.02690000,58668106.54098700
1779076800000,2026-05-18 04:00:00,2118.44000000,2125.83000000,2110.00000000,2120.82000000,32135.99810000,1779091199999,68089129.88213300,340324,15343.40570000,32514559.70836200
1779091200000,2026-05-18 08:00:00,2120.82000000,2139.75000000,2110.50000000,2133.90000000,32838.40050000,1779105599999,69698475.18022400,319323,17288.81440000,36703115.91947600
1779105600000,2026-05-18 12:00:00,2133.90000000,2157.24000000,2093.77000000,2107.48000000,113725.53240000,1779119999999,241430297.15706400,1195239,52327.11550000,111099033.17567400
1779120000000,2026-05-18 16:00:00,2107.49000000,2128.49000000,2077.23000000,2125.07000000,93607.24550000,1779134399999,196647677.86891800,956880,47370.83140000,99540666.66340500
1779134400000,2026-05-18 20:00:00,2125.07000000,2142.67000000,2114.59000000,2130.08000000,42636.28540000,1779148799999,90881015.65532400,405170,23838.96980000,50819317.11611200
1779148800000,2026-05-19 00:00:00,2130.08000000,2146.95000000,2118.60000000,2131.30000000,28665.03070000,1779163199999,61084243.31920200,455879,15802.24800000,33682200.75993400
1779163200000,2026-05-19 04:00:00,2131.30000000,2145.00000000,2123.61000000,2140.97000000,24673.13610000,1779177599999,52691050.80020800,277860,12900.89270000,27554827.16585600
1779177600000,2026-05-19 08:00:00,2140.97000000,2141.40000000,2106.77000000,2110.85000000,35095.63480000,1779191999999,74419763.68306500,387102,13646.98610000,28951142.76557600
1779192000000,2026-05-19 12:00:00,2110.85000000,2127.53000000,2094.47000000,2110.19000000,55879.33800000,1779206399999,117988583.43464000,720503,24250.75170000,51213805.31152700
1779206400000,2026-05-19 16:00:00,2110.20000000,2125.07000000,2107.12000000,2113.15000000,24674.86200000,1779220799999,52216912.36316700,303645,11785.63790000,24940749.09530500
1779220800000,2026-05-19 20:00:00,2113.14000000,2120.59000000,2102.09000000,2111.93000000,17957.07340000,1779235199999,37937782.25502200,211976,7687.15670000,16238229.06991200
1779235200000,2026-05-20 00:00:00,2111.93000000,2119.24000000,2103.29000000,2111.60000000,19314.47950000,1779249599999,40761430.80809000,374601,9740.96750000,20561690.15622200
1779249600000,2026-05-20 04:00:00,2111.60000000,2136.50000000,2107.30000000,2129.74000000,35114.28940000,1779263999999,74654557.75311000,278404,17800.23820000,37831899.38793700
1779264000000,2026-05-20 08:00:00,2129.75000000,2138.00000000,2124.28000000,2128.30000000,22183.42470000,1779278399999,47282684.86254700,210722,11161.59010000,23792918.18967700
1779278400000,2026-05-20 12:00:00,2128.31000000,2149.00000000,2113.87000000,2136.75000000,58916.98370000,1779292799999,125593154.26267100,702552,27664.11650000,58993704.01182200
1779292800000,2026-05-20 16:00:00,2136.76000000,2148.77000000,2124.10000000,2139.12000000,32155.66400000,1779307199999,68728048.07544800,422992,16507.50840000,35287194.39832500
1779307200000,2026-05-20 20:00:00,2139.12000000,2140.76000000,2118.45000000,2129.44000000,21403.45270000,1779321599999,45556898.47857000,267234,11038.56170000,23485918.87754500
1779321600000,2026-05-21 00:00:00,2129.44000000,2157.50000000,2128.59000000,2145.76000000,27764.97470000,1779335999999,59516421.91133900,342660,15405.83420000,33022143.91945400
1779336000000,2026-05-21 04:00:00,2145.76000000,2148.75000000,2124.25000000,2135.06000000,27168.55270000,1779350399999,58017494.43244000,253863,11784.57080000,25165335.69226300
1779350400000,2026-05-21 08:00:00,2135.07000000,2148.33000000,2110.00000000,2115.27000000,41666.61870000,1779364799999,88552371.83018700,423157,20412.70620000,43382448.55068900
1779364800000,2026-05-21 12:00:00,2115.28000000,2138.05000000,2105.15000000,2132.65000000,65871.67790000,1779379199999,139712301.79141400,677054,36217.47520000,76828609.33820600
1779379200000,2026-05-21 16:00:00,2132.64000000,2153.75000000,2121.79000000,2142.83000000,55972.00730000,1779393599999,119660659.64974600,639991,27857.38440000,59565297.90974000
1779393600000,2026-05-21 20:00:00,2142.84000000,2143.46000000,2127.27000000,2133.76000000,14445.28040000,1779407999999,30864715.32927700,189425,7278.09720000,15553689.79582900
1779408000000,2026-05-22 00:00:00,2133.77000000,2141.39000000,2125.68000000,2137.88000000,14039.10240000,1779422399999,29961026.24824700,237318,7288.72920000,15555737.53014400
1779422400000,2026-05-22 04:00:00,2137.89000000,2141.34000000,2122.22000000,2128.70000000,23434.86280000,1779436799999,49917943.24557400,211660,11952.20600000,25458520.64391800
1779436800000,2026-05-22 08:00:00,2128.70000000,2133.34000000,2119.18000000,2130.78000000,30833.21660000,1779451199999,65531671.31015400,256005,16596.69660000,35269910.84512100
1779451200000,2026-05-22 12:00:00,2130.78000000,2138.00000000,2112.47000000,2119.48000000,42385.95850000,1779465599999,90101899.70454500,510346,23703.64330000,50399864.00674200
1779465600000,2026-05-22 16:00:00,2119.49000000,2130.00000000,2058.00000000,2065.54000000,71524.65790000,1779479999999,149550864.80096700,687873,31417.53670000,65639378.40466400
1779480000000,2026-05-22 20:00:00,2065.54000000,2079.59000000,2057.79000000,2065.85000000,39565.45660000,1779494399999,81953847.23110300,441016,19030.56460000,39425057.12351200
1779494400000,2026-05-23 00:00:00,2065.86000000,2072.00000000,2053.00000000,2070.78000000,35673.54750000,1779508799999,73669523.59830200,345587,16747.79200000,34593740.69914000
1779508800000,2026-05-23 04:00:00,2070.78000000,2071.19000000,2009.30000000,2028.59000000,75799.21270000,1779523199999,154592088.32413700,310244,35585.83380000,72588619.68653900
1779523200000,2026-05-23 08:00:00,2028.58000000,2036.01000000,2021.07000000,2031.48000000,34325.37160000,1779537599999,69654929.15260000,274787,21176.20070000,42983357.58675100
1779537600000,2026-05-23 12:00:00,2031.48000000,2068.68000000,2027.35000000,2060.27000000,54590.26810000,1779551999999,111796645.30131400,414629,33502.44120000,68567870.84351000
1779552000000,2026-05-23 16:00:00,2060.27000000,2083.64000000,2057.25000000,2077.33000000,39862.38510000,1779566399999,82588429.15837700,367684,20710.83260000,42906693.32794700
1779566400000,2026-05-23 20:00:00,2077.34000000,2149.95000000,2074.84000000,2117.68000000,110295.44390000,1779580799999,233852083.04306200,928801,58292.98200000,123535167.01876100
1779580800000,2026-05-24 00:00:00,2117.69000000,2127.28000000,2113.10000000,2119.04000000,29103.05090000,1779595199999,61733066.95883700,251956,15645.35850000,33186938.06269800
1779595200000,2026-05-24 04:00:00,2119.05000000,2129.93000000,2113.65000000,2121.01000000,28463.34800000,1779609599999,60362751.98224600,186091,13132.78200000,27853322.60259900
1779609600000,2026-05-24 08:00:00,2121.02000000,2132.14000000,2119.05000000,2126.18000000,20978.19890000,1779623999999,44547066.64608400,207169,10320.06770000,21917094.04178700
1779624000000,2026-05-24 12:00:00,2126.19000000,2126.58000000,2079.52000000,2095.84000000,53181.48650000,1779638399999,111846595.73636900,459126,26170.03080000,55084182.47141300
1779638400000,2026-05-24 16:00:00,2095.83000000,2109.00000000,2095.22000000,2100.87000000,16390.00180000,1779652799999,34447129.29092800,231916,8347.57800000,17544985.40397400
1779652800000,2026-05-24 20:00:00,2100.87000000,2107.00000000,2063.00000000,2099.85000000,49632.67440000,1779667199999,103596173.11078800,591758,22344.81140000,46638918.84727200
1779667200000,2026-05-25 00:00:00,2099.86000000,2113.25000000,2092.57000000,2095.58000000,24131.10800000,1779681599999,50734585.32317200,360615,11331.49150000,23827760.12412800
1779681600000,2026-05-25 04:00:00,2095.59000000,2117.55000000,2092.26000000,2116.28000000,42000.33050000,1779695999999,88500841.43256700,306808,21534.84180000,45393467.14839500
1779696000000,2026-05-25 08:00:00,2116.29000000,2124.10000000,2111.70000000,2114.95000000,21667.03160000,1779710399999,45880443.38725600,211838,12686.49550000,26866343.28141900
1779710400000,2026-05-25 12:00:00,2114.95000000,2138.28000000,2112.25000000,2127.12000000,29687.98550000,1779724799999,63038363.85371600,329422,16448.30790000,34928447.84719900
1779724800000,2026-05-25 16:00:00,2127.13000000,2141.98000000,2116.55000000,2121.43000000,23506.46430000,1779739199999,50059999.26126300,275608,11624.09200000,24757550.53940400
1779739200000,2026-05-25 20:00:00,2121.42000000,2123.16000000,2102.35000000,2113.01000000,25435.67800000,1779753599999,53702634.73451900,302330,12632.93120000,26674116.02597400
1779753600000,2026-05-26 00:00:00,2113.01000000,2113.89000000,2084.52000000,2093.12000000,34695.09770000,1779767999999,72644103.94040000,442955,12601.90200000,26388106.02405100
1779768000000,2026-05-26 04:00:00,2093.11000000,2104.65000000,2088.82000000,2095.61000000,22937.96060000,1779782399999,48098261.45158600,229481,9775.69890000,20497510.39899400
1779782400000,2026-05-26 08:00:00,2095.61000000,2137.29000000,2094.10000000,2121.01000000,44588.58060000,1779796799999,94436330.52933100,453327,22249.27910000,47106788.38762900
1779796800000,2026-05-26 12:00:00,2121.00000000,2140.49000000,2078.75000000,2087.36000000,93684.91190000,1779811199999,197909889.87018500,936855,41776.59580000,88284929.71156600
1779811200000,2026-05-26 16:00:00,2087.36000000,2089.97000000,2055.06000000,2074.29000000,65909.52770000,1779825599999,136682365.44241000,647818,28404.37110000,58901701.14838200
1779825600000,2026-05-26 20:00:00,2074.30000000,2078.78000000,2065.98000000,2073.77000000,20737.23110000,1779839999999,43007415.15614100,253270,10476.99870000,21729994.69154600
1779840000000,2026-05-27 00:00:00,2073.77000000,2084.23000000,2068.90000000,2070.00000000,21987.00640000,1779854399999,45638390.30156400,279339,10833.88260000,22492063.23005300
1779854400000,2026-05-27 04:00:00,2070.01000000,2084.16000000,2056.31000000,2083.78000000,27195.69170000,1779868799999,56384171.96372800,294238,13271.40230000,27530819.82181100
1779868800000,2026-05-27 08:00:00,2083.77000000,2096.71000000,2078.26000000,2080.55000000,28746.55580000,1779883199999,59944835.43355200,291845,13474.32720000,28105152.38353300
1779883200000,2026-05-27 12:00:00,2080.56000000,2097.40000000,2051.96000000,2071.38000000,79022.11670000,1779897599999,163507959.65289500,908408,34668.30500000,71744388.86771100
1779897600000,2026-05-27 16:00:00,2071.39000000,2074.50000000,2043.31000000,2057.47000000,45395.46710000,1779911999999,93402558.79109100,541974,21287.67780000,43795061.51269800
1779912000000,2026-05-27 20:00:00,2057.47000000,2066.14000000,2016.00000000,2024.84000000,65616.31960000,1779926399999,133326846.27575400,741158,28052.54400000,57034632.98988700
1779926400000,2026-05-28 00:00:00,2024.83000000,2029.20000000,1972.00000000,1981.55000000,90607.57730000,1779940799999,181033240.30488600,805585,38211.09230000,76324718.19092800
1779940800000,2026-05-28 04:00:00,1981.55000000,1996.78000000,1967.00000000,1995.56000000,74760.42990000,1779955199999,148152757.65210900,563920,38974.96080000,77287687.98243400
1779955200000,2026-05-28 08:00:00,1995.56000000,1998.40000000,1984.85000000,1989.89000000,32953.94290000,1779969599999,65615646.04557300,285631,17262.97850000,34377264.67418800
1779969600000,2026-05-28 12:00:00,1989.88000000,2002.50000000,1967.38000000,1990.65000000,75988.18640000,1779983999999,150985610.69489700,960760,37382.81140000,74295376.05275400
1779984000000,2026-05-28 16:00:00,1990.65000000,2030.00000000,1985.22000000,2014.55000000,57298.37740000,1779998399999,115378236.18151100,657462,29321.40930000,59024519.12852500
1779998400000,2026-05-28 20:00:00,2014.54000000,2024.63000000,2005.43000000,2009.90000000,32226.40720000,1780012799999,64939856.94441400,335673,14927.77700000,30086243.40026900
1780012800000,2026-05-29 00:00:00,2009.89000000,2017.17000000,1997.24000000,2002.78000000,24310.57470000,1780027199999,48815842.62613000,335091,12421.73260000,24942020.22521300
1780027200000,2026-05-29 04:00:00,2002.79000000,2021.51000000,1998.40000000,2007.62000000,34409.91820000,1780041599999,69160252.28026500,274029,18915.90350000,38013144.86026600
1780041600000,2026-05-29 08:00:00,2007.61000000,2016.11000000,2002.35000000,2007.58000000,28724.07850000,1780055999999,57749117.83694500,219088,13765.27410000,27674947.21105400
1780056000000,2026-05-29 12:00:00,2007.58000000,2046.59000000,1976.48000000,2031.62000000,101067.75000000,1780070399999,203358486.72300400,1086606,50065.28200000,100795290.33580300
1780070400000,2026-05-29 16:00:00,2031.62000000,2044.29000000,2005.00000000,2016.96000000,67360.41660000,1780084799999,136683824.39612100,745014,34903.95710000,70862808.47055800
1780084800000,2026-05-29 20:00:00,2016.96000000,2023.99000000,2007.00000000,2014.54000000,27272.95700000,1780099199999,54922361.98641700,265542,12003.48280000,24176975.26061800
1780099200000,2026-05-30 00:00:00,2014.54000000,2023.55000000,2010.69000000,2016.83000000,14645.29140000,1780113599999,29554708.96675000,170049,7070.70430000,14269330.41295700
1780113600000,2026-05-30 04:00:00,2016.83000000,2020.56000000,2002.00000000,2016.32000000,22750.64640000,1780127999999,45800428.07797700,197017,12159.75690000,24490602.77676100
1780128000000,2026-05-30 08:00:00,2016.32000000,2022.00000000,2013.92000000,2017.40000000,9329.31140000,1780142399999,18823712.37188400,90333,4886.95670000,9861300.98556000
1780142400000,2026-05-30 12:00:00,2017.40000000,2032.00000000,2017.14000000,2026.61000000,22745.96640000,1780156799999,46067304.80028300,209256,13249.94580000,26836332.70859200
1780156800000,2026-05-30 16:00:00,2026.63000000,2030.01000000,2019.50000000,2028.76000000,15670.42140000,1780171199999,31745622.61532300,165868,8786.18660000,17800504.98346600
1780171200000,2026-05-30 20:00:00,2028.77000000,2031.41000000,2020.35000000,2022.44000000,12835.89790000,1780185599999,26005348.02810200,136848,5411.71230000,10964647.73706200
1780185600000,2026-05-31 00:00:00,2022.44000000,2038.00000000,2020.83000000,2033.41000000,17706.40740000,1780199999999,35964719.94924400,211856,10524.67250000,21381412.66308300
1780200000000,2026-05-31 04:00:00,2033.41000000,2034.99000000,2022.78000000,2024.01000000,11162.07520000,1780214399999,22649749.50596100,124420,5620.35990000,11405732.97744800
1780214400000,2026-05-31 08:00:00,2024.02000000,2029.11000000,2015.34000000,2023.27000000,20999.13970000,1780228799999,42481873.65111400,173231,12697.96510000,25695094.14545200
1780228800000,2026-05-31 12:00:00,2023.28000000,2026.50000000,2005.83000000,2010.52000000,29133.92810000,1780243199999,58687463.23133100,282645,13389.76420000,26982957.20928600
1780243200000,2026-05-31 16:00:00,2010.52000000,2012.42000000,1993.75000000,1999.59000000,40644.48500000,1780257599999,81363732.23791800,284343,11392.05630000,22807116.90879400
1780257600000,2026-05-31 20:00:00,1999.58000000,2023.00000000,1999.58000000,2007.01000000,44089.46040000,1780271999999,88574307.32058800,377824,16217.68530000,32586891.05033800
1780272000000,2026-06-01 00:00:00,2007.02000000,2021.50000000,1991.31000000,2009.09000000,73159.12050000,1780286399999,146998493.27266000,623861,27506.30740000,55281757.03317500
1780286400000,2026-06-01 04:00:00,2009.09000000,2011.97000000,1971.70000000,1976.43000000,43590.10030000,1780300799999,86756726.95539500,532130,21267.98280000,42331709.50555800
1780300800000,2026-06-01 08:00:00,1976.42000000,1990.11000000,1969.90000000,1981.44000000,49130.48000000,1780315199999,97327946.08928700,413474,25851.69770000,51214871.86338500
1780315200000,2026-06-01 12:00:00,1981.44000000,1994.39000000,1956.04000000,1968.45000000,90946.17430000,1780329599999,179439156.82358300,1137706,46794.78740000,92324234.85121800
1780329600000,2026-06-01 16:00:00,1968.45000000,2008.83000000,1958.79000000,2004.53000000,69908.53780000,1780343999999,138835105.91300100,647022,43544.19410000,86492478.52882000
1780344000000,2026-06-01 20:00:00,2004.53000000,2009.20000000,1984.50000000,2006.73000000,47693.87100000,1780358399999,95417052.21249900,452029,25000.65230000,50017385.25441000
1780358400000,2026-06-02 00:00:00,2006.73000000,2006.78000000,1962.76000000,2003.94000000,46692.24070000,1780372799999,92927306.75981200,627682,24145.85690000,48057787.21912500
1780372800000,2026-06-02 04:00:00,2003.94000000,2006.44000000,1973.88000000,1981.88000000,47532.95200000,1780387199999,94549918.77095800,486606,22549.27780000,44846315.20239100
1780387200000,2026-06-02 08:00:00,1981.89000000,1989.00000000,1966.69000000,1978.53000000,47617.47420000,1780401599999,94132993.79548300,514773,21417.87440000,42357293.09577400
1780401600000,2026-06-02 12:00:00,1978.53000000,1982.75000000,1890.00000000,1914.81000000,165219.28520000,1780415999999,319886134.20281100,1505446,76085.21290000,147201594.67103800
1780416000000,2026-06-02 16:00:00,1914.81000000,1943.87000000,1881.01000000,1912.28000000,96022.40050000,1780430399999,183852998.55166300,1071472,48810.09100000,93526790.35132500
1780430400000,2026-06-02 20:00:00,1912.28000000,1919.01000000,1839.02000000,1859.84000000,153801.18920000,1780444799999,288458798.04113800,1553332,69463.08370000,130335470.88512000
1780444800000,2026-06-03 00:00:00,1859.84000000,1874.11000000,1816.92000000,1828.24000000,122790.42310000,1780459199999,227228623.44506000,1081602,59026.99790000,109263628.76222200
1780459200000,2026-06-03 04:00:00,1828.24000000,1884.41000000,1827.65000000,1878.39000000,90436.65110000,1780473599999,168568807.04992500,846786,52490.08370000,97842271.99110200
1780473600000,2026-06-03 08:00:00,1878.39000000,1893.07000000,1869.95000000,1878.16000000,53244.03740000,1780487999999,100134416.27330400,558012,26670.04540000,50160090.59234100
1780488000000,2026-06-03 12:00:00,1878.17000000,1880.00000000,1836.21000000,1837.21000000,78492.25550000,1780502399999,145956494.21277800,1132727,39890.86820000,74166739.91884800
1780502400000,2026-06-03 16:00:00,1837.22000000,1844.08000000,1795.23000000,1803.41000000,104394.73990000,1780516799999,190129181.87369200,1192028,45819.58280000,83537905.97631300
1780516800000,2026-06-03 20:00:00,1803.41000000,1852.20000000,1769.62000000,1813.05000000,135402.37480000,1780531199999,245594077.04391400,1685101,67512.67970000,122554118.86576900
1780531200000,2026-06-04 00:00:00,1813.05000000,1820.50000000,1717.28000000,1809.24000000,200046.05880000,1780545599999,354461508.72909500,2187344,95316.67910000,169154035.30254300
1780545600000,2026-06-04 04:00:00,1809.24000000,1818.00000000,1773.52000000,1777.45000000,82985.55150000,1780559999999,148757536.10314000,899103,40970.51700000,73456571.73585400
1780560000000,2026-06-04 08:00:00,1777.44000000,1783.27000000,1730.13000000,1751.51000000,141386.86080000,1780574399999,247769982.62957600,1617070,61814.57350000,108373596.01134000
1780574400000,2026-06-04 12:00:00,1751.51000000,1794.43000000,1744.29000000,1777.02000000,111504.39670000,1780588799999,197820315.11929700,1685491,58234.75860000,103318980.25684500
1780588800000,2026-06-04 16:00:00,1777.03000000,1787.11000000,1754.00000000,1776.94000000,60544.57390000,1780603199999,107276269.41658800,914648,32620.14550000,57807986.43464400
1780603200000,2026-06-04 20:00:00,1776.93000000,1783.02000000,1752.46000000,1770.77000000,51838.66340000,1780617599999,91576081.34352700,919095,24163.96680000,42700988.05928600
1780617600000,2026-06-05 00:00:00,1770.76000000,1774.99000000,1722.36000000,1729.71000000,88171.19720000,1780631999999,153795260.85530700,1340804,41003.90860000,71545881.17404900
1780632000000,2026-06-05 04:00:00,1729.72000000,1747.80000000,1625.78000000,1679.21000000,313675.22750000,1780646399999,526181296.88488100,2909975,151740.98460000,254248907.17373900
1780646400000,2026-06-05 08:00:00,1679.22000000,1690.07000000,1659.43000000,1663.44000000,119418.67030000,1780660799999,199912034.19527400,1355414,57052.78890000,95521052.52182000
1780660800000,2026-06-05 12:00:00,1663.43000000,1677.70000000,1572.22000000,1583.29000000,304333.02100000,1780675199999,492655229.68144900,3100033,134248.75410000,217380812.00979000
1780675200000,2026-06-05 16:00:00,1583.29000000,1612.89000000,1540.19000000,1574.06000000,267408.07900000,1780689599999,420934233.61152900,2703286,134804.44960000,212344227.57495800
1780689600000,2026-06-05 20:00:00,1574.07000000,1619.30000000,1557.36000000,1583.40000000,164006.96580000,1780703999999,261641839.94834200,1608267,86557.56850000,138079745.04821900
1780704000000,2026-06-06 00:00:00,1583.40000000,1601.22000000,1555.28000000,1563.34000000,68604.39710000,1780718399999,108392813.38509700,970712,31037.50000000,49042681.54693600
1780718400000,2026-06-06 04:00:00,1563.34000000,1581.62000000,1505.68000000,1575.14000000,182035.79450000,1780732799999,282158181.78938100,1832768,84036.96110000,130304536.32205700
1780732800000,2026-06-06 08:00:00,1575.14000000,1593.04000000,1535.68000000,1558.89000000,96734.73010000,1780747199999,151232845.75740900,1207407,48997.22190000,76622196.57832400
1780747200000,2026-06-06 12:00:00,1558.90000000,1575.82000000,1544.87000000,1560.45000000,107947.68890000,1780761599999,168457360.14315000,1044134,51385.69630000,80192951.45096800
1780761600000,2026-06-06 16:00:00,1560.45000000,1566.51000000,1547.05000000,1554.56000000,60854.91470000,1780775999999,94780037.04585700,697415,30991.72490000,48278824.86091500
1780776000000,2026-06-06 20:00:00,1554.55000000,1570.06000000,1550.85000000,1569.69000000,42280.84190000,1780790399999,65925172.97935800,502517,21151.72160000,32990663.79424200
1780790400000,2026-06-07 00:00:00,1569.68000000,1600.51000000,1564.10000000,1595.01000000,56783.11700000,1780804799999,90080174.63561200,722274,30813.70370000,48878311.60824000
1780804800000,2026-06-07 04:00:00,1595.00000000,1623.52000000,1585.00000000,1615.18000000,88472.20630000,1780819199999,142242225.77672900,708710,47253.00810000,75959877.12118100
1780819200000,2026-06-07 08:00:00,1615.18000000,1648.70000000,1608.39000000,1630.12000000,79805.29250000,1780833599999,130159942.92975100,771237,38744.74490000,63195873.64749400
1780833600000,2026-06-07 12:00:00,1630.12000000,1640.00000000,1607.00000000,1630.07000000,73035.78970000,1780847999999,118475715.21903000,1007911,32474.58180000,52679601.29610000
1780848000000,2026-06-07 16:00:00,1630.07000000,1638.00000000,1604.00000000,1613.11000000,60204.44640000,1780862399999,97813298.62915600,738766,27614.58010000,44875029.39647400
1780862400000,2026-06-07 20:00:00,1613.10000000,1721.93000000,1609.43000000,1690.51000000,99979.73900000,1780876799999,166904844.69374500,1146777,52033.23540000,86850585.71490600
1780876800000,2026-06-08 00:00:00,1690.50000000,1711.58000000,1670.94000000,1680.01000000,74470.03850000,1780891199999,125771365.85110800,1082664,34600.47440000,58448074.11445000
1780891200000,2026-06-08 04:00:00,1680.02000000,1683.49000000,1645.00000000,1673.47000000,73682.01930000,1780905599999,122647547.69044700,817286,35330.32600000,58839467.14803100
1780905600000,2026-06-08 08:00:00,1673.46000000,1696.77000000,1657.21000000,1683.76000000,73745.40190000,1780919999999,123349288.48250700,817479,34893.43900000,58409675.33317000
1780920000000,2026-06-08 12:00:00,1683.77000000,1706.22000000,1667.46000000,1691.59000000,129205.29840000,1780934399999,218044478.47909700,1543160,76823.73760000,129648911.97377400
1780934400000,2026-06-08 16:00:00,1691.59000000,1703.88000000,1675.80000000,1684.78000000,72641.07160000,1780948799999,122593105.36945100,808491,35059.11970000,59157810.65981400
1780948800000,2026-06-08 20:00:00,1684.78000000,1714.50000000,1679.25000000,1690.49000000,56283.48240000,1780963199999,95554116.91536400,690541,28914.13050000,49087256.10090800
1780963200000,2026-06-09 00:00:00,1690.48000000,1696.88000000,1654.63000000,1669.44000000,65616.50840000,1780977599999,109563806.14101100,881498,24782.90360000,41390854.25842900
1780977600000,2026-06-09 04:00:00,1669.44000000,1696.41000000,1664.33000000,1679.86000000,55695.03100000,1780991999999,93808663.92969500,590073,27224.87060000,45877464.23374300
1780992000000,2026-06-09 08:00:00,1679.86000000,1680.64000000,1665.00000000,1671.96000000,39039.56220000,1781006399999,65298916.82886800,421391,17704.76210000,29615243.80358200
1781006400000,2026-06-09 12:00:00,1671.96000000,1683.32000000,1633.84000000,1636.40000000,109750.90150000,1781020799999,181732549.11303500,1155577,49354.69300000,81715352.96116800
1781020800000,2026-06-09 16:00:00,1636.40000000,1658.64000000,1614.02000000,1657.33000000,81822.23620000,1781035199999,134090149.99746900,1043647,40064.28810000,65659205.45351400
1781035200000,2026-06-09 20:00:00,1657.33000000,1663.77000000,1630.36000000,1639.52000000,32222.99560000,1781049599999,53106386.41112300,409330,15330.02750000,25281271.82648200
1781049600000,2026-06-10 00:00:00,1639.52000000,1646.91000000,1621.77000000,1630.82000000,27935.83410000,1781063999999,45681938.90310200,555312,13637.88230000,22308223.06411500
1781064000000,2026-06-10 04:00:00,1630.82000000,1643.58000000,1616.33000000,1640.09000000,28762.48470000,1781078399999,46872662.70351400,431533,14020.37870000,22859939.76892500
1781078400000,2026-06-10 08:00:00,1640.10000000,1640.89000000,1606.01000000,1620.05000000,50677.52420000,1781092799999,82179420.17902700,722545,24173.83910000,39188744.46594900
1781092800000,2026-06-10 12:00:00,1620.06000000,1667.96000000,1615.91000000,1657.97000000,78993.13650000,1781107199999,129938835.67391600,1327451,42651.76960000,70166657.91013200
1781107200000,2026-06-10 16:00:00,1657.98000000,1658.73000000,1622.51000000,1630.15000000,55253.00500000,1781121599999,90394827.81096100,952522,27231.84840000,44555092.61706400
1781121600000,2026-06-10 20:00:00,1630.15000000,1636.21000000,1603.44000000,1621.59000000,49169.29740000,1781135999999,79574513.25793800,690667,22765.14060000,36848394.17424900
1781136000000,2026-06-11 00:00:00,1621.60000000,1661.30000000,1621.60000000,1653.95000000,36288.03360000,1781150399999,59568101.55088800,522427,20678.03440000,33938674.58094700
1781150400000,2026-06-11 04:00:00,1653.94000000,1663.14000000,1646.20000000,1654.41000000,36562.96660000,1781164799999,60516705.86739600,372612,18121.73120000,29992732.16959700
1781164800000,2026-06-11 08:00:00,1654.40000000,1673.50000000,1654.28000000,1666.84000000,30402.70250000,1781179199999,50505638.82082000,340895,16238.36520000,26979662.81056100
1781179200000,2026-06-11 12:00:00,1666.84000000,1666.88000000,1636.19000000,1645.55000000,55809.10210000,1781193599999,92069576.46186600,877664,27868.65160000,45975063.22204900
1781193600000,2026-06-11 16:00:00,1645.56000000,1693.59000000,1632.71000000,1681.26000000,85215.64650000,1781207999999,142470910.18874800,946468,44562.31730000,74498722.64096100
1781208000000,2026-06-11 20:00:00,1681.26000000,1683.29000000,1667.18000000,1673.46000000,34229.26910000,1781222399999,57374881.40003100,350197,19286.72920000,32336833.34774600
1781222400000,2026-06-12 00:00:00,1673.46000000,1678.42000000,1660.93000000,1673.25000000,20659.44970000,1781236799999,34522035.06524800,331979,11111.55180000,18573331.44727300
1781236800000,2026-06-12 04:00:00,1673.25000000,1682.00000000,1652.09000000,1662.12000000,30223.57520000,1781251199999,50314659.43773500,360746,15647.21090000,26056442.09473800
1781251200000,2026-06-12 08:00:00,1662.12000000,1685.65000000,1662.12000000,1673.89000000,33152.91080000,1781265599999,55529649.28159700,421888,19144.57980000,32055551.82503600
1781265600000,2026-06-12 12:00:00,1673.88000000,1691.07000000,1653.74000000,1660.08000000,63394.63730000,1781279999999,106049182.48978200,989670,31497.42850000,52693915.11769400
1781280000000,2026-06-12 16:00:00,1660.08000000,1678.10000000,1657.38000000,1665.92000000,42191.86740000,1781294399999,70426625.78396400,582234,20889.69910000,34874285.95727400
1781294400000,2026-06-12 20:00:00,1665.92000000,1668.01000000,1659.02000000,1666.41000000,12265.56980000,1781308799999,20416009.60066500,202000,5545.17520000,9229698.95556500
1781308800000,2026-06-13 00:00:00,1666.42000000,1675.90000000,1663.36000000,1665.25000000,16399.59290000,1781323199999,27376235.16250000,194735,8517.68280000,14220110.89575200
1781323200000,2026-06-13 04:00:00,1665.25000000,1677.74000000,1662.20000000,1676.38000000,16043.72790000,1781337599999,26785790.43844000,158867,9913.59310000,16551021.53535900
1781337600000,2026-06-13 08:00:00,1676.38000000,1679.92000000,1672.80000000,1678.34000000,18492.01610000,1781351999999,30986108.98318600,177926,10716.91340000,17957231.41802700
1781352000000,2026-06-13 12:00:00,1678.33000000,1686.56000000,1676.69000000,1682.15000000,19930.43740000,1781366399999,33495922.00077600,235788,11064.08400000,18596044.01451900
1781366400000,2026-06-13 16:00:00,1682.14000000,1682.63000000,1671.44000000,1678.29000000,21369.35430000,1781380799999,35819080.82429700,235716,9222.41170000,15459847.89479600
1781380800000,2026-06-13 20:00:00,1678.30000000,1697.28000000,1674.91000000,1681.18000000,14516.47910000,1781395199999,24436045.29418800,219947,8292.31070000,13956953.39329900
1781395200000,2026-06-14 00:00:00,1681.19000000,1690.36000000,1678.83000000,1681.73000000,10407.90030000,1781409599999,17520019.91111400,157845,6244.60580000,10511582.25066600
1781409600000,2026-06-14 04:00:00,1681.74000000,1682.66000000,1673.72000000,1675.91000000,15591.20440000,1781423999999,26154750.07225000,155762,9689.97440000,16255378.81436200
1781424000000,2026-06-14 08:00:00,1675.91000000,1679.00000000,1669.15000000,1673.73000000,14816.27300000,1781438399999,24810168.71751700,152584,6863.20820000,11497831.97528000
1781438400000,2026-06-14 12:00:00,1673.73000000,1674.58000000,1654.90000000,1662.95000000,23932.56440000,1781452799999,39822265.50487100,286228,11085.55910000,18444929.96270900
1781452800000,2026-06-14 16:00:00,1662.95000000,1668.57000000,1658.95000000,1665.43000000,17942.97870000,1781467199999,29853503.49656600,197516,8939.90310000,14875206.17816800
1781467200000,2026-06-14 20:00:00,1665.44000000,1732.28000000,1662.67000000,1725.62000000,95319.03330000,1781481599999,163243595.06843100,986056,48099.53490000,82329621.67390000
1781481600000,2026-06-15 00:00:00,1725.63000000,1733.04000000,1709.66000000,1720.78000000,46791.08430000,1781495999999,80525366.55765900,385554,19640.47150000,33809659.71184400
1781496000000,2026-06-15 04:00:00,1720.78000000,1723.80000000,1715.95000000,1716.59000000,33173.38340000,1781510399999,57037268.79141500,229539,12833.20130000,22066041.99220600
1781510400000,2026-06-15 08:00:00,1716.60000000,1769.00000000,1712.17000000,1764.67000000,86337.29570000,1781524799999,150135664.75829400,555429,46991.87680000,81737808.86154000
1781524800000,2026-06-15 12:00:00,1764.67000000,1849.54000000,1760.28000000,1845.53000000,170759.76180000,1781539199999,308967598.67492600,902394,86455.34990000,156402515.56274800
1781539200000,2026-06-15 16:00:00,1845.53000000,1847.13000000,1811.66000000,1821.89000000,78464.50180000,1781553599999,143824186.52277700,590740,36760.77590000,67380467.37687900
1781553600000,2026-06-15 20:00:00,1821.88000000,1826.62000000,1782.82000000,1796.13000000,48609.22830000,1781567999999,87615416.67023800,472460,24226.77360000,43664149.25185100
1781568000000,2026-06-16 00:00:00,1796.14000000,1802.09000000,1764.84000000,1779.16000000,50532.62800000,1781582399999,90017719.51921500,384855,24365.73360000,43408384.98587000
1781582400000,2026-06-16 04:00:00,1779.16000000,1783.32000000,1758.00000000,1774.24000000,50401.93510000,1781596799999,89106636.02898400,304486,20665.83360000,36540975.60787100
1781596800000,2026-06-16 08:00:00,1774.25000000,1807.97000000,1773.25000000,1799.59000000,57224.95570000,1781611199999,102565954.18268500,594777,31744.47190000,56903602.71069900
1781611200000,2026-06-16 12:00:00,1799.60000000,1839.77000000,1763.36000000,1782.44000000,123987.15670000,1781625599999,223098425.18483900,1422362,62491.73470000,112499889.22117200
1781625600000,2026-06-16 16:00:00,1782.43000000,1808.44000000,1773.03000000,1795.41000000,48137.79780000,1781639999999,86259939.18612700,646141,24595.05300000,44084149.36318900
1781640000000,2026-06-16 20:00:00,1795.41000000,1800.48000000,1789.53000000,1792.99000000,23293.07570000,1781654399999,41807190.49149000,298579,12072.42720000,21669401.18840000
1781654400000,2026-06-17 00:00:00,1793.00000000,1810.21000000,1778.99000000,1793.58000000,31174.50300000,1781668799999,55923882.81617000,455840,16733.84450000,30025449.44446800
1781668800000,2026-06-17 04:00:00,1793.58000000,1801.79000000,1778.71000000,1785.08000000,23610.29960000,1781683199999,42290661.42937700,345742,12311.67370000,22058726.10650300
1781683200000,2026-06-17 08:00:00,1785.09000000,1786.15000000,1759.35000000,1763.92000000,35117.60550000,1781697599999,62124474.08350400,548825,14594.59040000,25820772.16483800
1781697600000,2026-06-17 12:00:00,1763.93000000,1776.94000000,1741.05000000,1773.41000000,82129.47210000,1781711999999,144411139.66198400,1009748,35490.70070000,62410674.87690200
1781712000000,2026-06-17 16:00:00,1773.42000000,1796.08000000,1729.26000000,1734.72000000,126372.96480000,1781726399999,222769406.49191500,1426164,57126.04420000,100791598.95542600
1781726400000,2026-06-17 20:00:00,1734.73000000,1751.66000000,1725.34000000,1750.60000000,36093.21250000,1781740799999,62832531.85963100,389144,19766.22040000,34416789.28664900
1781740800000,2026-06-18 00:00:00,1750.61000000,1762.99000000,1741.46000000,1744.17000000,30981.80330000,1781755199999,54328617.77946100,342995,16456.48030000,28858672.09302400
1781755200000,2026-06-18 04:00:00,1744.17000000,1753.29000000,1722.24000000,1749.79000000,44003.20680000,1781769599999,76389583.55504700,415634,20460.07320000,35540896.47148200
1781769600000,2026-06-18 08:00:00,1749.80000000,1753.61000000,1739.11000000,1743.31000000,47075.97300000,1781783999999,82194635.35127100,421241,19284.60880000,33670624.63209500
1781784000000,2026-06-18 12:00:00,1743.31000000,1753.06000000,1680.00000000,1682.23000000,94529.59770000,1781798399999,162649087.47472100,1131625,44525.96350000,76670165.20720500
1781798400000,2026-06-18 16:00:00,1682.23000000,1707.48000000,1671.79000000,1705.39000000,66020.95080000,1781812799999,111355620.45410500,764838,35117.04700000,59252751.98825600
1781812800000,2026-06-18 20:00:00,1705.40000000,1717.23000000,1700.19000000,1711.11000000,29869.43400000,1781827199999,51037955.37643100,328633,15081.27920000,25770196.83668200
1781827200000,2026-06-19 00:00:00,1711.11000000,1719.51000000,1682.35000000,1697.69000000,37691.02340000,1781841599999,64130921.17882900,421515,17979.84840000,30599348.20995800
1781841600000,2026-06-19 04:00:00,1697.70000000,1703.40000000,1686.00000000,1695.82000000,32582.52040000,1781855999999,55233326.49686800,389074,17940.98650000,30425282.62921100
1781856000000,2026-06-19 08:00:00,1695.82000000,1699.82000000,1687.05000000,1691.74000000,19744.20880000,1781870399999,33417490.33960100,336081,9991.36770000,16912342.12658700
1781870400000,2026-06-19 12:00:00,1691.74000000,1712.06000000,1679.11000000,1707.86000000,38540.47960000,1781884799999,65478448.98482900,632732,20868.19820000,35469039.60051400
1781884800000,2026-06-19 16:00:00,1707.87000000,1711.76000000,1693.70000000,1701.20000000,22445.52510000,1781899199999,38211885.92691900,359587,11912.15660000,20281802.43095500
1781899200000,2026-06-19 20:00:00,1701.21000000,1715.00000000,1698.89000000,1711.19000000,14074.44110000,1781913599999,24018299.46760300,200779,7848.90960000,13396190.19728200
1781913600000,2026-06-20 00:00:00,1711.18000000,1718.00000000,1704.06000000,1708.17000000,14486.40390000,1781927999999,24766944.73945300,232787,6994.17930000,11960006.81654500
1781928000000,2026-06-20 04:00:00,1708.18000000,1733.89000000,1706.51000000,1725.82000000,28639.34550000,1781942399999,49375729.15536800,296623,17112.40890000,29501625.93760400
1781942400000,2026-06-20 08:00:00,1725.81000000,1731.76000000,1721.25000000,1727.18000000,13310.05260000,1781956799999,22978204.97337300,167591,7659.86190000,13224840.09240900
1781956800000,2026-06-20 12:00:00,1727.18000000,1749.55000000,1708.11000000,1740.63000000,45563.75980000,1781971199999,78859368.24936300,584044,22890.99350000,39649452.57555300
1781971200000,2026-06-20 16:00:00,1740.63000000,1740.91000000,1721.03000000,1729.27000000,23469.75030000,1781985599999,40574940.08084800,293750,11555.36190000,19976964.05586200
1781985600000,2026-06-20 20:00:00,1729.27000000,1746.17000000,1726.53000000,1741.08000000,34322.50900000,1781999999999,59657471.85362100,267793,19228.58230000,33406312.96834200
1782000000000,2026-06-21 00:00:00,1741.08000000,1741.45000000,1733.51000000,1737.87000000,11485.92880000,1782014399999,19956063.62731100,174336,5272.35510000,9160948.57096500
1782014400000,2026-06-21 04:00:00,1737.88000000,1741.41000000,1729.80000000,1732.36000000,19148.65550000,1782028799999,33212764.29799900,178328,11383.27760000,19743349.34857300
1782028800000,2026-06-21 08:00:00,1732.36000000,1737.02000000,1718.56000000,1725.36000000,19610.10550000,1782043199999,33901130.44174900,230369,7534.52890000,13024279.30421900
1782043200000,2026-06-21 12:00:00,1725.37000000,1732.57000000,1717.14000000,1730.72000000,18999.86190000,1782057599999,32769162.11890300,263935,9304.91900000,16049806.84892700
1782057600000,2026-06-21 16:00:00,1730.71000000,1739.32000000,1721.67000000,1734.14000000,20185.37750000,1782071999999,34932609.16376900,260447,10677.13250000,18480121.92930500
1782072000000,2026-06-21 20:00:00,1734.14000000,1735.34000000,1702.00000000,1706.94000000,34332.53970000,1782086399999,58867855.40679400,551184,15973.59500000,27383873.63108700
1782086400000,2026-06-22 00:00:00,1706.94000000,1759.84000000,1706.94000000,1730.00000000,48245.99080000,1782100799999,83790596.54606400,759671,25686.65790000,44619485.99056800
1782100800000,2026-06-22 04:00:00,1730.00000000,1751.58000000,1727.69000000,1746.34000000,31556.43560000,1782115199999,54891031.23205300,327318,16374.62600000,28478773.48079300
1782115200000,2026-06-22 08:00:00,1746.34000000,1774.70000000,1743.56000000,1767.68000000,39953.95120000,1782129599999,70127982.63322300,424238,20221.88570000,35503241.49325700
1782129600000,2026-06-22 12:00:00,1767.68000000,1779.90000000,1742.41000000,1744.74000000,64395.60520000,1782143999999,113562874.53843000,827601,30878.80470000,54486314.43297600
1782144000000,2026-06-22 16:00:00,1744.75000000,1747.70000000,1729.15000000,1734.59000000,49656.14200000,1782158399999,86271332.46014000,561698,23789.44560000,41328068.97813100
1782158400000,2026-06-22 20:00:00,1734.59000000,1740.07000000,1717.02000000,1728.19000000,28849.05720000,1782172799999,49857101.37934900,402517,15101.61630000,26105942.36957900
1782172800000,2026-06-23 00:00:00,1728.19000000,1736.25000000,1719.75000000,1729.90000000,18729.67560000,1782187199999,32377372.50179200,370164,10062.69770000,17400180.30697500
1782187200000,2026-06-23 04:00:00,1729.91000000,1731.25000000,1680.52000000,1683.01000000,51916.65030000,1782201599999,88283236.93990800,668644,23465.04550000,39864047.83249200
1782201600000,2026-06-23 08:00:00,1683.02000000,1684.80000000,1635.65000000,1660.90000000,71256.16000000,1782215999999,117983455.44479100,748102,34326.86110000,56816614.81641700
1782216000000,2026-06-23 12:00:00,1660.90000000,1672.00000000,1645.52000000,1659.78000000,48840.95450000,1782230399999,80964787.13780900,835298,22225.26230000,36858058.42237700
1782230400000,2026-06-23 16:00:00,1659.78000000,1673.89000000,1650.00000000,1662.58000000,38682.11680000,1782244799999,64239703.00630800,503985,20255.78370000,33639251.51265300
1782244800000,2026-06-23 20:00:00,1662.57000000,1672.92000000,1660.27000000,1667.13000000,18836.45480000,1782259199999,31368533.01335800,289086,10297.87950000,17150113.47571400
1782259200000,2026-06-24 00:00:00,1667.13000000,1680.46000000,1658.18000000,1666.67000000,22390.50440000,1782273599999,37372805.72641600,425689,11293.91320000,18855582.04067600
1782273600000,2026-06-24 04:00:00,1666.67000000,1679.57000000,1658.22000000,1673.12000000,24404.49940000,1782287999999,40802907.91016900,235407,12195.18150000,20395044.66812300
1782288000000,2026-06-24 08:00:00,1673.13000000,1693.67000000,1655.76000000,1679.57000000,33696.05430000,1782302399999,56283839.64746000,450395,18770.66120000,31356146.81276200
1782302400000,2026-06-24 12:00:00,1679.57000000,1681.29000000,1616.80000000,1618.08000000,88400.69620000,1782316799999,145554880.03290900,1483074,40438.94610000,66624428.86527900
1782316800000,2026-06-24 16:00:00,1618.08000000,1636.08000000,1552.95000000,1584.58000000,135306.74300000,1782331199999,214729380.12820200,1877922,66006.65270000,104757811.58496100
1782331200000,2026-06-24 20:00:00,1584.59000000,1629.82000000,1580.00000000,1622.17000000,51529.84300000,1782345599999,83122494.49998900,781612,28486.88490000,45943842.23738200
1782345600000,2026-06-25 00:00:00,1622.18000000,1626.51000000,1614.69000000,1619.60000000,23937.09540000,1782359999999,38777580.42720200,409691,11680.57100000,18922717.27981000
1782360000000,2026-06-25 04:00:00,1619.61000000,1660.54000000,1617.12000000,1657.19000000,63588.80330000,1782374399999,104616181.97384300,598658,37710.99190000,62042057.03589000
1782374400000,2026-06-25 08:00:00,1657.20000000,1658.98000000,1628.05000000,1633.27000000,44025.30020000,1782388799999,72176910.46943900,416323,25280.63910000,41431803.63139400
1782388800000,2026-06-25 12:00:00,1633.28000000,1650.38000000,1532.90000000,1570.01000000,198494.02950000,1782403199999,312158132.76700200,1881201,99332.26040000,156184743.99925900
1782403200000,2026-06-25 16:00:00,1570.01000000,1587.70000000,1554.60000000,1559.42000000,70320.41640000,1782417599999,110334019.87718200,713930,39547.43500000,62075161.78298500
1782417600000,2026-06-25 20:00:00,1559.41000000,1583.65000000,1556.73000000,1567.84000000,40305.36020000,1782431999999,63302133.03622600,434777,22695.13120000,35640509.36297400
1782432000000,2026-06-26 00:00:00,1567.86000000,1571.78000000,1512.00000000,1557.93000000,83566.00070000,1782446399999,128488500.00998400,884181,40172.14150000,61798447.97111900
1782446400000,2026-06-26 04:00:00,1557.93000000,1586.50000000,1543.43000000,1581.12000000,68736.48630000,1782460799999,107766090.30050200,521120,39061.75030000,61292135.56038200
1782460800000,2026-06-26 08:00:00,1581.12000000,1582.43000000,1541.01000000,1545.14000000,70838.70250000,1782475199999,110555875.30742100,626938,32228.13290000,50328025.50235200
1782475200000,2026-06-26 12:00:00,1545.15000000,1588.23000000,1521.54000000,1580.14000000,120105.85740000,1782489599999,187134274.01734600,1233188,63817.65190000,99429420.43835500
1782489600000,2026-06-26 16:00:00,1580.13000000,1594.70000000,1570.32000000,1574.51000000,54249.71680000,1782503999999,85777417.09988900,520973,28686.98720000,45360231.57064500
1782504000000,2026-06-26 20:00:00,1574.51000000,1583.40000000,1568.00000000,1578.68000000,26194.67560000,1782518399999,41247917.11543000,224182,15167.60570000,23886676.84435200
1782518400000,2026-06-27 00:00:00,1578.68000000,1587.17000000,1571.55000000,1580.62000000,19128.54270000,1782532799999,30231987.85097700,204564,8310.31140000,13134677.79538400
1782532800000,2026-06-27 04:00:00,1580.62000000,1586.38000000,1575.20000000,1585.71000000,15220.28540000,1782547199999,24067790.02742100,138540,7115.41880000,11253920.67966900
1782547200000,2026-06-27 08:00:00,1585.72000000,1585.95000000,1579.00000000,1584.00000000,13455.59160000,1782561599999,21299404.71642500,125861,5971.33410000,9451907.79378600
1782561600000,2026-06-27 12:00:00,1584.00000000,1611.02000000,1581.42000000,1605.68000000,34188.36220000,1782575999999,54573759.29288500,283478,21546.80540000,34394226.98423500
1782576000000,2026-06-27 16:00:00,1605.68000000,1607.92000000,1573.36000000,1578.51000000,29623.60610000,1782590399999,47107968.93346400,308152,14371.77970000,22841680.94362200
1782590400000,2026-06-27 20:00:00,1578.51000000,1585.69000000,1562.86000000,1573.99000000,19975.97180000,1782604799999,31486728.83155800,221229,10070.53630000,15878076.01908600
1782604800000,2026-06-28 00:00:00,1574.00000000,1580.05000000,1569.07000000,1575.08000000,12159.26770000,1782619199999,19144089.38577500,141596,5144.51640000,8100101.98645300
1782619200000,2026-06-28 04:00:00,1575.08000000,1577.34000000,1562.41000000,1575.96000000,21037.25820000,1782633599999,33029342.87776200,244254,11901.86370000,18688696.91238400
1782633600000,2026-06-28 08:00:00,1575.96000000,1586.35000000,1572.23000000,1582.87000000,23867.93030000,1782647999999,37713103.09229200,195904,11947.03680000,18883766.88990800
1782648000000,2026-06-28 12:00:00,1582.86000000,1588.82000000,1575.04000000,1580.89000000,23674.55530000,1782662399999,37448104.31258800,243238,12145.03560000,19214133.14877900
1782662400000,2026-06-28 16:00:00,1580.90000000,1581.94000000,1556.81000000,1564.62000000,26775.69870000,1782676799999,42028953.53742400,276706,12897.52740000,20253757.24685800
1782676800000,2026-06-28 20:00:00,1564.61000000,1582.29000000,1548.37000000,1571.96000000,32666.43150000,1782691199999,51181040.31706300,404930,16025.01570000,25113135.11832900
1782691200000,2026-06-29 00:00:00,1571.96000000,1589.75000000,1550.43000000,1584.78000000,37339.77260000,1782705599999,58664538.61176700,555570,19108.99800000,30037432.90832200
1782705600000,2026-06-29 04:00:00,1584.77000000,1589.08000000,1562.26000000,1580.16000000,24161.59220000,1782719999999,38128695.68852700,303986,11730.94070000,18510898.90668200
1782720000000,2026-06-29 08:00:00,1580.17000000,1587.00000000,1569.85000000,1574.93000000,33233.37000000,1782734399999,52386427.00255100,328177,15410.33210000,24291277.84069600
1782734400000,2026-06-29 12:00:00,1574.93000000,1597.28000000,1557.35000000,1580.26000000,100601.08260000,1782748799999,158505978.11559600,890800,52664.30640000,82962588.90924700
1782748800000,2026-06-29 16:00:00,1580.26000000,1637.58000000,1574.06000000,1625.60000000,80924.49230000,1782763199999,130640969.71038100,640608,40653.20130000,65575089.27350200
1782763200000,2026-06-29 20:00:00,1625.60000000,1626.65000000,1607.41000000,1613.07000000,33708.66510000,1782777599999,54540861.40836000,240587,15445.72450000,24998591.95410600
1782777600000,2026-06-30 00:00:00,1613.07000000,1614.41000000,1586.49000000,1587.18000000,34800.71000000,1782791999999,55527052.39239100,269087,17390.71220000,27750448.68431700
1782792000000,2026-06-30 04:00:00,1587.18000000,1596.25000000,1579.79000000,1592.51000000,25185.08780000,1782806399999,40028930.79264700,200299,11770.08860000,18712108.79872100
1782806400000,2026-06-30 08:00:00,1592.51000000,1594.28000000,1575.85000000,1578.58000000,33797.86620000,1782820799999,53528733.96950900,276160,14719.56860000,23314196.77425200
1782820800000,2026-06-30 12:00:00,1578.57000000,1578.58000000,1550.20000000,1565.18000000,74039.81130000,1782835199999,115780270.74910600,803417,34002.18160000,53186125.38479700
1782835200000,2026-06-30 16:00:00,1565.19000000,1581.92000000,1561.84000000,1580.53000000,32530.15070000,1782849599999,51165729.25491800,284527,16260.91340000,25570045.09237100
1782849600000,2026-06-30 20:00:00,1580.52000000,1582.98000000,1566.00000000,1572.01000000,21703.57820000,1782863999999,34139563.72165500,180248,10236.37560000,16099373.58736100
1782864000000,2026-07-01 00:00:00,1572.00000000,1599.19000000,1552.92000000,1594.81000000,49726.95690000,1782878399999,78495837.35977200,468108,28473.01880000,44981268.36379400
1782878400000,2026-07-01 04:00:00,1594.81000000,1604.02000000,1571.50000000,1578.36000000,39936.07740000,1782892799999,63377979.17915500,320098,19803.12600000,31420971.83793200
1782892800000,2026-07-01 08:00:00,1578.36000000,1585.33000000,1567.13000000,1569.89000000,26168.90670000,1782907199999,41244449.18886000,234375,12337.38120000,19446438.69389300
1782907200000,2026-07-01 12:00:00,1569.88000000,1631.00000000,1565.26000000,1620.09000000,94503.38230000,1782921599999,151367641.91973300,806999,47313.74900000,75737508.04456500
1782921600000,2026-07-01 16:00:00,1620.10000000,1629.26000000,1607.17000000,1618.09000000,41221.21140000,1782935999999,66745719.87046600,368021,20612.71100000,33378818.34311400
1782936000000,2026-07-01 20:00:00,1618.07000000,1646.26000000,1608.35000000,1609.58000000,54979.77630000,1782950399999,89329039.15481100,480997,27829.51620000,45240446.71337000
1782950400000,2026-07-02 00:00:00,1609.59000000,1642.32000000,1597.22000000,1639.47000000,45157.47770000,1782964799999,73171477.76743100,372317,25676.33200000,41650241.08167800
1782964800000,2026-07-02 04:00:00,1639.46000000,1639.94000000,1614.32000000,1615.97000000,39835.00730000,1782979199999,64750161.30917000,360988,17496.68170000,28437210.59508200
1782979200000,2026-07-02 08:00:00,1615.97000000,1657.53000000,1615.08000000,1650.32000000,70678.13400000,1782993599999,116096420.93214700,474667,39679.89430000,65158940.95599400
1782993600000,2026-07-02 12:00:00,1650.31000000,1725.00000000,1647.66000000,1697.05000000,157423.20350000,1783007999999,266684433.89962100,1220994,88324.98530000,149593055.52891500
1783008000000,2026-07-02 16:00:00,1697.06000000,1707.14000000,1686.49000000,1700.15000000,38353.52130000,1783022399999,65158228.90565600,356765,17829.74770000,30290530.86857700
1783022400000,2026-07-02 20:00:00,1700.15000000,1706.68000000,1692.13000000,1700.57000000,22006.16440000,1783036799999,37403158.30460200,213832,10778.90980000,18315243.44467000
1783036800000,2026-07-03 00:00:00,1700.57000000,1718.97000000,1694.72000000,1706.43000000,34469.11000000,1783051199999,58851782.48558300,412559,18265.54750000,31195373.30355100
1783051200000,2026-07-03 04:00:00,1706.43000000,1722.21000000,1702.28000000,1717.77000000,30478.01430000,1783065599999,52256378.59406300,278720,15487.60470000,26550686.01749600
1783065600000,2026-07-03 08:00:00,1717.77000000,1749.00000000,1715.68000000,1742.54000000,54522.53780000,1783079999999,94515618.06612400,562460,29393.75490000,50958056.94031800
1783080000000,2026-07-03 12:00:00,1742.54000000,1753.29000000,1728.99000000,1731.24000000,53093.40880000,1783094399999,92351389.97280600,500565,27432.17840000,47731238.39555400
1783094400000,2026-07-03 16:00:00,1731.24000000,1753.00000000,1727.87000000,1745.38000000,26376.49900000,1783108799999,45911194.19174900,332478,14115.39910000,24576619.77385300
1783108800000,2026-07-03 20:00:00,1745.39000000,1775.78000000,1743.61000000,1758.21000000,45477.29810000,1783123199999,80104889.13614200,471685,25134.65080000,44275670.10499000
1783123200000,2026-07-04 00:00:00,1758.22000000,1764.00000000,1744.09000000,1753.92000000,18698.17820000,1783137599999,32759415.81782300,271279,9206.84550000,16134489.00805800
1783137600000,2026-07-04 04:00:00,1753.91000000,1764.61000000,1751.72000000,1758.19000000,27472.91050000,1783151999999,48241722.05715600,257895,14580.53000000,25602165.11100600
1783152000000,2026-07-04 08:00:00,1758.18000000,1765.55000000,1755.00000000,1758.24000000,17210.93220000,1783166399999,30279202.87916100,307243,8131.57570000,14306534.54670600
1783166400000,2026-07-04 12:00:00,1758.23000000,1799.92000000,1758.23000000,1791.09000000,51998.97370000,1783180799999,92529333.18494600,469138,29847.37990000,53102859.61162300
1783180800000,2026-07-04 16:00:00,1791.08000000,1807.65000000,1779.00000000,1792.83000000,55311.17500000,1783195199999,99154313.40124800,507520,27566.88910000,49454196.30290500
1783195200000,2026-07-04 20:00:00,1792.83000000,1795.81000000,1772.10000000,1780.64000000,20187.98010000,1783209599999,36010344.60935200,171030,9582.54560000,17100391.30993100
1783209600000,2026-07-05 00:00:00,1780.64000000,1780.75000000,1757.00000000,1761.59000000,36440.40000000,1783223999999,64322776.99455900,322249,14220.20210000,25101702.19169000
1783224000000,2026-07-05 04:00:00,1761.58000000,1772.69000000,1760.07000000,1770.10000000,97257.22230000,1783238399999,171704728.36250600,630650,46519.17000000,82129147.22396600
1783238400000,2026-07-05 08:00:00,1770.09000000,1773.27000000,1748.79000000,1760.08000000,175998.46110000,1783252799999,309973568.63966200,832283,83303.29290000,146708689.84389200
1783252800000,2026-07-05 12:00:00,1760.08000000,1781.28000000,1756.03000000,1774.67000000,19997.98700000,1783267199999,35386807.29465900,256930,10904.41110000,19298206.61131800
1783267200000,2026-07-05 16:00:00,1774.66000000,1786.23000000,1770.31000000,1781.43000000,18203.54000000,1783281599999,32381270.96612700,225167,8251.51690000,14675754.64078400
1783281600000,2026-07-05 20:00:00,1781.44000000,1808.00000000,1769.29000000,1785.65000000,41775.80870000,1783295999999,74803966.23856600,443022,22916.56320000,41063020.61428500
1783296000000,2026-07-06 00:00:00,1785.65000000,1799.02000000,1772.22000000,1779.71000000,28847.35880000,1783310399999,51477067.91110500,378371,13743.33200000,24535888.93002900
1783310400000,2026-07-06 04:00:00,1779.70000000,1784.79000000,1764.42000000,1772.32000000,26903.85660000,1783324799999,47749629.90858000,255155,12810.42780000,22746046.95235000
1783324800000,2026-07-06 08:00:00,1772.32000000,1778.60000000,1755.77000000,1759.64000000,33338.53090000,1783339199999,58875690.64391400,269374,15738.39740000,27796743.14733000
1783339200000,2026-07-06 12:00:00,1759.64000000,1788.96000000,1728.95000000,1788.57000000,102182.48780000,1783353599999,179083609.27410000,948364,53547.52580000,93929695.82379600
1783353600000,2026-07-06 16:00:00,1788.57000000,1805.00000000,1782.42000000,1792.76000000,60585.24260000,1783367999999,108710719.03864500,530438,31023.84120000,55685583.80009500
1783368000000,2026-07-06 20:00:00,1792.76000000,1833.40000000,1787.26000000,1799.56000000,54021.85370000,1783382399999,97896741.27409500,388963,29420.39920000,53330595.19832000
1783382400000,2026-07-07 00:00:00,1799.56000000,1810.16000000,1768.85000000,1771.56000000,37424.64420000,1783396799999,66944098.86888500,378555,16835.23770000,30131868.04240700
1783396800000,2026-07-07 04:00:00,1771.55000000,1782.59000000,1757.57000000,1771.24000000,36953.69720000,1783411199999,65417463.72611800,288985,18492.89140000,32739436.43446300
1783411200000,2026-07-07 08:00:00,1771.23000000,1785.00000000,1768.37000000,1780.77000000,27719.86800000,1783425599999,49210293.24601500,233940,15253.02560000,27077921.60102800
1783425600000,2026-07-07 12:00:00,1780.77000000,1803.03000000,1761.19000000,1797.45000000,65131.78440000,1783439999999,116009755.11090200,785298,34865.23800000,62128855.44106000
1783440000000,2026-07-07 16:00:00,1797.45000000,1813.16000000,1773.50000000,1790.45000000,46598.59470000,1783454399999,83697542.77165700,556320,21531.34050000,38698107.74542800
1783454400000,2026-07-07 20:00:00,1790.46000000,1793.12000000,1765.35000000,1771.45000000,27708.13680000,1783468799999,49256624.48802100,277174,10240.78530000,18204194.55380200
1783468800000,2026-07-08 00:00:00,1771.45000000,1785.00000000,1741.21000000,1751.78000000,45660.41300000,1783483199999,80404740.59779100,450493,20538.40780000,36195855.99288800
1783483200000,2026-07-08 04:00:00,1751.74000000,1759.69000000,1745.01000000,1756.70000000,25382.19470000,1783497599999,44490761.31229800,286717,13465.51440000,23604381.79572000
1783497600000,2026-07-08 08:00:00,1756.70000000,1758.70000000,1725.18000000,1747.95000000,56796.37440000,1783511999999,98675827.77784200,528879,26078.66340000,45308141.79550800
1783512000000,2026-07-08 12:00:00,1747.95000000,1751.25000000,1713.44000000,1722.96000000,52233.59710000,1783526399999,90459253.46607700,643326,24816.38010000,42993846.10735000
1783526400000,2026-07-08 16:00:00,1722.96000000,1746.52000000,1722.78000000,1740.98000000,31384.71310000,1783540799999,54463164.25195300,356233,16038.35780000,27830160.79244900
1783540800000,2026-07-08 20:00:00,1740.99000000,1744.81000000,1731.41000000,1743.54000000,13773.93310000,1783555199999,23949993.59538100,194178,6503.25450000,11309674.35342700
1783555200000,2026-07-09 00:00:00,1743.55000000,1756.79000000,1721.93000000,1730.70000000,27790.60640000,1783569599999,48303672.85155600,370953,12544.67180000,21808813.78849100
1783569600000,2026-07-09 04:00:00,1730.70000000,1762.36000000,1730.35000000,1753.31000000,37627.14590000,1783583999999,65808618.56540500,313659,21405.71650000,37449069.53308600
1783584000000,2026-07-09 08:00:00,1753.30000000,1758.68000000,1741.26000000,1744.02000000,20219.99490000,1783598399999,35397227.75103700,222511,9279.38710000,16252168.09556400
1783598400000,2026-07-09 12:00:00,1744.02000000,1752.00000000,1733.36000000,1739.51000000,50758.71350000,1783612799999,88395030.74909100,539130,24261.96530000,42261389.39228300
1783612800000,2026-07-09 16:00:00,1739.51000000,1759.82000000,1731.99000000,1748.51000000,23935.05480000,1783627199999,41825612.73361900,241982,13245.06370000,23151729.82220600
1783627200000,2026-07-09 20:00:00,1748.51000000,1751.08000000,1741.56000000,1745.16000000,13373.74170000,1783641599999,23369634.99449700,163828,6498.32300000,11356144.70836200
1783641600000,2026-07-10 00:00:00,1745.17000000,1779.68000000,1737.68000000,1776.12000000,45350.53130000,1783655999999,80059828.14582400,401212,24140.84470000,42610443.46250000
1783656000000,2026-07-10 04:00:00,1776.13000000,1780.33000000,1768.57000000,1773.20000000,23853.29930000,1783670399999,42342687.78789200,211473,11563.90870000,20530957.59223400
1783670400000,2026-07-10 08:00:00,1773.20000000,1802.99000000,1772.63000000,1801.22000000,46227.72860000,1783684799999,82878197.71512800,358180,25937.92380000,46504797.55861800
1783684800000,2026-07-10 12:00:00,1801.22000000,1812.00000000,1775.00000000,1791.11000000,57199.94340000,1783699199999,102658845.23542200,476852,29626.17940000,53175236.75565200
1783699200000,2026-07-10 16:00:00,1791.11000000,1799.53000000,1781.20000000,1792.68000000,26445.64860000,1783713599999,47368296.41289700,245279,11945.90220000,21394978.16792200
1783713600000,2026-07-10 20:00:00,1792.68000000,1798.00000000,1789.60000000,1796.85000000,16528.65330000,1783727999999,29647779.57353400,192375,8326.14390000,14935020.92219300
1783728000000,2026-07-11 00:00:00,1796.85000000,1799.29000000,1786.77000000,1796.50000000,16451.06160000,1783742399999,29504422.88549700,149024,8308.00930000,14901918.51561300
1783742400000,2026-07-11 04:00:00,1796.50000000,1803.29000000,1794.60000000,1800.00000000,23003.11160000,1783756799999,41393222.39503700,144104,11896.24290000,21405285.64027800
1783756800000,2026-07-11 08:00:00,1799.99000000,1803.52000000,1795.15000000,1800.48000000,13163.65090000,1783771199999,23683229.59878100,121112,5745.99990000,10338666.90195200
1783771200000,2026-07-11 12:00:00,1800.47000000,1828.00000000,1798.42000000,1814.83000000,48962.55510000,1783785599999,88826829.55745300,297261,23229.10960000,42144727.15895800
1783785600000,2026-07-11 16:00:00,1814.82000000,1830.00000000,1810.62000000,1824.38000000,44106.59070000,1783799999999,80367089.18781000,228758,20615.19820000,37566168.46427800
1783800000000,2026-07-11 20:00:00,1824.38000000,1829.17000000,1786.58000000,1787.76000000,33016.44840000,1783814399999,59683615.72057900,256371,13053.43770000,23605705.51142400
1783814400000,2026-07-12 00:00:00,1787.76000000,1813.67000000,1779.46000000,1811.53000000,30490.93280000,1783828799999,54799124.23886600,279870,14467.75570000,26017189.59537200
1783828800000,2026-07-12 04:00:00,1811.53000000,1812.63000000,1789.44000000,1798.78000000,14481.58190000,1783843199999,26061931.56210300,123951,5510.13340000,9917525.94617000
1783843200000,2026-07-12 08:00:00,1798.78000000,1808.94000000,1796.48000000,1803.77000000,13663.37910000,1783857599999,24623648.55876700,161726,6636.16040000,11961076.91034800
1783857600000,2026-07-12 12:00:00,1803.77000000,1826.92000000,1803.00000000,1820.93000000,32674.83090000,1783871999999,59384458.66234700,232037,18852.91810000,34266690.52766200
1783872000000,2026-07-12 16:00:00,1820.94000000,1824.39000000,1814.85000000,1821.40000000,27234.03060000,1783886399999,49580419.31472600,136910,12299.08610000,22390758.98460200
1783886400000,2026-07-12 20:00:00,1821.40000000,1824.00000000,1797.63000000,1806.80000000,22528.22820000,1783900799999,40749264.65636800,228671,9776.07880000,17686536.87770600
1783900800000,2026-07-13 00:00:00,1806.80000000,1846.00000000,1775.00000000,1780.55000000,99489.32320000,1783915199999,180341311.89503200,799801,47783.98280000,86695057.83941100
1783915200000,2026-07-13 04:00:00,1780.54000000,1791.39000000,1773.99000000,1787.57000000,34173.72540000,1783929599999,60874562.19448800,291810,15906.64940000,28344922.32687700
1783929600000,2026-07-13 08:00:00,1787.58000000,1793.56000000,1777.10000000,1780.74000000,24971.00070000,1783943999999,44563351.99543600,219523,10734.35900000,19159332.43898700
1783944000000,2026-07-13 12:00:00,1780.74000000,1786.53000000,1762.44000000,1777.01000000,57606.19730000,1783958399999,102116332.02966400,622834,26075.12860000,46233412.12376800
1783958400000,2026-07-13 16:00:00,1777.00000000,1780.73000000,1750.20000000,1774.92000000,49356.97700000,1783972799999,87092641.00723300,442620,23394.67280000,41291520.74008800
1783972800000,2026-07-13 20:00:00,1774.93000000,1778.05000000,1752.59000000,1776.72000000,29434.39620000,1783987199999,51946850.96844900,272714,15138.60370000,26718331.67865900
1783987200000,2026-07-14 00:00:00,1776.71000000,1794.47000000,1773.41000000,1783.65000000,25835.84150000,1784001599999,46070956.04283000,354675,13532.65960000,24136799.20326300
1784001600000,2026-07-14 04:00:00,1783.64000000,1793.26000000,1779.41000000,1781.21000000,23132.89840000,1784015999999,41308137.62174700,228043,12469.75180000,22267496.03579500
1784016000000,2026-07-14 08:00:00,1781.21000000,1805.00000000,1779.00000000,1798.09000000,47517.09090000,1784030399999,85264476.00011500,336202,25138.29940000,45116210.54286800
1784030400000,2026-07-14 12:00:00,1798.09000000,1888.80000000,1794.37000000,1875.22000000,193011.76050000,1784044799999,358144351.18996600,1571099,109472.49530000,202872122.43925000
1784044800000,2026-07-14 16:00:00,1875.22000000,1881.56000000,1860.56000000,1876.74000000,38959.92310000,1784059199999,72936315.89552800,437205,20273.67940000,37951705.77282700
1784059200000,2026-07-14 20:00:00,1876.74000000,1896.14000000,1872.06000000,1891.87000000,40456.25760000,1784073599999,76249268.51935200,356683,21279.57930000,40105851.22168200
1784073600000,2026-07-15 00:00:00,1891.87000000,1893.32000000,1864.38000000,1876.08000000,35148.82230000,1784087999999,65889958.33444500,409790,14910.42540000,27958056.30002800
1784088000000,2026-07-15 04:00:00,1876.08000000,1891.89000000,1864.70000000,1870.04000000,36339.32800000,1784102399999,68211903.29679300,288693,16528.38820000,31023220.24695200
1784102400000,2026-07-15 08:00:00,1870.04000000,1886.59000000,1870.03000000,1884.62000000,35085.89350000,1784116799999,65955633.69310800,273069,19040.90270000,35789525.68178400
1784116800000,2026-07-15 12:00:00,1884.62000000,1946.52000000,1879.25000000,1931.95000000,137284.81530000,1784131199999,264343318.43361000,1078775,76825.20650000,147921191.14772500
1784131200000,2026-07-15 16:00:00,1931.96000000,1937.00000000,1904.36000000,1924.15000000,55271.77500000,1784145599999,106323551.22314300,534814,27359.63620000,52651556.59768900
1784145600000,2026-07-15 20:00:00,1924.15000000,1930.71000000,1914.89000000,1917.86000000,20670.33520000,1784159999999,39744884.66162800,181016,9776.54450000,18797933.57009300
1784160000000,2026-07-16 00:00:00,1917.86000000,1929.00000000,1908.12000000,1918.70000000,28168.20170000,1784174399999,54089213.98193300,447454,12243.31330000,23513943.29594100
1784174400000,2026-07-16 04:00:00,1918.70000000,1929.48000000,1905.00000000,1910.63000000,29157.41360000,1784188799999,55879345.03525800,261782,12442.57730000,23858754.71357400
1784188800000,2026-07-16 08:00:00,1910.64000000,1912.85000000,1875.56000000,1885.26000000,85450.73390000,1784203199999,161340583.68196900,531557,42206.64290000,79684056.81481900
1784203200000,2026-07-16 12:00:00,1885.26000000,1894.38000000,1867.68000000,1881.88000000,63993.55760000,1784217599999,120415111.17147400,694530,26478.60320000,49826820.69164700
1784217600000,2026-07-16 16:00:00,1881.89000000,1883.00000000,1862.57000000,1875.59000000,33323.57410000,1784231999999,62446348.31183900,367055,15613.70550000,29265100.66002000
1784232000000,2026-07-16 20:00:00,1875.59000000,1881.59000000,1857.54000000,1864.71000000,31595.60540000,1784246399999,59060103.55858700,274650,15139.58480000,28312224.89451500
1784246400000,2026-07-17 00:00:00,1864.71000000,1871.08000000,1843.20000000,1852.53000000,44486.81680000,1784260799999,82539730.34891700,524250,20081.73010000,37269916.16430200
1784260800000,2026-07-17 04:00:00,1852.53000000,1853.08000000,1820.74000000,1828.52000000,45533.72260000,1784275199999,83511831.86148600,407374,24262.38710000,44485464.53728200
1784275200000,2026-07-17 08:00:00,1828.52000000,1843.26000000,1821.41000000,1839.04000000,36870.49690000,1784289599999,67599773.93389800,286025,22988.31490000,42150515.97749600
1784289600000,2026-07-17 12:00:00,1839.05000000,1840.58000000,1803.05000000,1830.88000000,72970.32550000,1784303999999,132843157.48288800,798408,34172.66780000,62246572.99877000
1784304000000,2026-07-17 16:00:00,1830.89000000,1856.17000000,1825.32000000,1843.76000000,40978.70130000,1784318399999,75428073.81475700,459243,20526.50780000,37786525.42568000
1784318400000,2026-07-17 20:00:00,1843.76000000,1846.65000000,1835.27000000,1841.93000000,12187.69250000,1784332799999,22437794.15472900,178801,4988.29290000,9184092.42821700
1784332800000,2026-07-18 00:00:00,1841.94000000,1846.74000000,1839.38000000,1845.96000000,13627.63710000,1784347199999,25110095.56093000,128932,6459.86090000,11904328.61062500
1784347200000,2026-07-18 04:00:00,1845.96000000,1849.68000000,1842.56000000,1844.20000000,10193.37190000,1784361599999,18809339.97300700,118273,5502.25590000,10153614.20105800
1784361600000,2026-07-18 08:00:00,1844.20000000,1849.44000000,1842.30000000,1845.56000000,10162.46320000,1784375999999,18754926.01880900,92079,5206.82250000,9609756.70256100
1784376000000,2026-07-18 12:00:00,1845.56000000,1850.64000000,1837.58000000,1844.15000000,17626.37530000,1784390399999,32500010.65119300,192569,9933.52670000,18319444.24380600
1784390400000,2026-07-18 16:00:00,1844.15000000,1867.58000000,1841.51000000,1858.45000000,27311.78170000,1784404799999,50644842.77186200,239431,14994.15750000,27806860.76190100
1784404800000,2026-07-18 20:00:00,1858.45000000,1865.86000000,1855.47000000,1862.61000000,13676.29400000,1784419199999,25444665.06210100,126864,7583.14710000,14108057.73616400
1784419200000,2026-07-19 00:00:00,1862.61000000,1877.33000000,1858.17000000,1867.08000000,27387.49510000,1784433599999,51096557.43929500,204006,12494.63560000,23311559.67672700
1784433600000,2026-07-19 04:00:00,1867.08000000,1871.99000000,1864.21000000,1870.25000000,17140.74240000,1784447999999,32035355.04829200,103978,8724.44310000,16303898.56429500
1784448000000,2026-07-19 08:00:00,1870.26000000,1879.38000000,1863.46000000,1871.41000000,21823.45670000,1784462399999,40842585.19334000,207232,11291.11340000,21136412.87432200
1784462400000,2026-07-19 12:00:00,1871.40000000,1879.26000000,1864.47000000,1870.91000000,23743.08260000,1784476799999,44426977.89993300,233247,13722.55190000,25678130.34300300
1784476800000,2026-07-19 16:00:00,1870.91000000,1873.85000000,1851.71000000,1862.37000000,27303.99930000,1784491199999,50892782.59134600,299983,12337.09980000,22997606.28981800
1784491200000,2026-07-19 20:00:00,1862.37000000,1877.03000000,1857.00000000,1872.23000000,26523.89010000,1784505599999,49535943.45338600,326699,13907.56710000,25974586.10558900
1784505600000,2026-07-20 00:00:00,1872.24000000,1891.71000000,1862.08000000,1879.94000000,40327.57110000,1784519999999,75733997.94476100,616195,21744.08430000,40838819.33746800
1784520000000,2026-07-20 04:00:00,1879.94000000,1879.99000000,1843.14000000,1863.95000000,41366.61570000,1784534399999,76871498.46691700,455920,20574.42140000,38224162.93856800
1784534400000,2026-07-20 08:00:00,1863.95000000,1896.50000000,1854.31000000,1893.20000000,44092.32650000,1784548799999,82556285.88529000,408523,23823.71970000,44614828.95475900
1784548800000,2026-07-20 12:00:00,1893.21000000,1904.92000000,1853.65000000,1902.34000000,65138.71700000,1784563199999,122363679.28201300,752281,33815.30040000,63581417.14535900
1784563200000,2026-07-20 16:00:00,1902.34000000,1918.16000000,1890.07000000,1898.46000000,58309.89590000,1784577599999,110924838.13988900,463219,29341.82040000,55817423.03165800
1784577600000,2026-07-20 20:00:00,1898.46000000,1907.58000000,1894.40000000,1904.77000000,21960.50680000,1784591999999,41760734.10321100,202624,10636.09720000,20226721.92631100
1784592000000,2026-07-21 00:00:00,1904.77000000,1928.57000000,1900.74000000,1926.75000000,39390.32910000,1784606399999,75497345.33068000,350782,21513.77290000,41226536.99024200
1784606400000,2026-07-21 04:00:00,1926.74000000,1940.25000000,1921.81000000,1934.08000000,40556.14140000,1784620799999,78340198.82902000,311313,20552.21960000,39711825.21247100
1784620800000,2026-07-21 08:00:00,1934.07000000,1953.00000000,1925.98000000,1935.69000000,113965.73970000,1784635199999,220906489.74269500,461182,66835.34320000,129568305.00735000
1784635200000,2026-07-21 12:00:00,1935.69000000,1945.23000000,1923.36000000,1931.81000000,62411.13360000,1784649599999,120803100.61364500,635584,28853.03560000,55851450.81687100
1784649600000,2026-07-21 16:00:00,1931.81000000,1935.36000000,1915.00000000,1923.39000000,49947.78560000,1784663999999,96037996.76919800,450944,29408.75640000,56542433.82874400
1784664000000,2026-07-21 20:00:00,1923.38000000,1932.00000000,1916.67000000,1930.09000000,20694.54850000,1784678399999,39803033.82140400,220537,11687.04110000,22481825.43342800
1784678400000,2026-07-22 00:00:00,1930.09000000,1944.68000000,1926.76000000,1928.77000000,38196.56470000,1784692799999,73872413.04519800,420834,21071.12220000,40750093.05973800
1784692800000,2026-07-22 04:00:00,1928.76000000,1939.40000000,1910.68000000,1914.44000000,47965.13740000,1784707199999,92250525.77919000,411324,22929.01120000,44115627.97569000
1784707200000,2026-07-22 08:00:00,1914.43000000,1933.62000000,1914.08000000,1927.27000000,36444.43620000,1784721599999,70134235.56252100,330907,17557.90120000,33784334.49525300
1784721600000,2026-07-22 12:00:00,1927.26000000,1955.92000000,1913.26000000,1943.03000000,61853.03430000,1784735999999,119835277.61654300,640676,32530.11250000,63062880.66409300
1784736000000,2026-07-22 16:00:00,1943.04000000,1956.45000000,1921.00000000,1925.13000000,41321.45280000,1784750399999,80123330.78170200,474808,19019.50620000,36900741.62363100
1784750400000,2026-07-22 20:00:00,1925.14000000,1939.70000000,1922.95000000,1934.25000000,25360.19990000,1784764799999,48980304.45826100,256919,10850.81090000,20953750.82148700
1784764800000,2026-07-23 00:00:00,1934.26000000,1941.50000000,1917.57000000,1920.55000000,24993.73530000,1784779199999,48214379.80852900,238170,8996.07200000,17355927.83740600
1784779200000,2026-07-23 04:00:00,1920.56000000,1928.69000000,1912.60000000,1915.65000000,28351.10570000,1784793599999,54407839.03310700,253043,14383.38430000,27595088.48242900
1784793600000,2026-07-23 08:00:00,1915.65000000,1931.66000000,1914.44000000,1926.04000000,25394.43690000,1784807999999,48913071.26211900,255383,11995.15880000,23101452.11549100
1784808000000,2026-07-23 12:00:00,1926.03000000,1927.99000000,1882.98000000,1895.23000000,79844.22210000,1784822399999,151773538.45488100,681357,34618.08940000,65800293.05658600
1784822400000,2026-07-23 16:00:00,1895.23000000,1895.41000000,1869.44000000,1875.65000000,40349.49120000,1784836799999,75977811.92896700,401029,18802.03750000,35390717.23515700
1784836800000,2026-07-23 20:00:00,1875.64000000,1889.09000000,1874.23000000,1878.38000000,20856.08210000,1784851199999,39264185.92889900,211827,11004.35470000,20723678.80961100
1784851200000,2026-07-24 00:00:00,1878.38000000,1881.20000000,1859.67000000,1880.67000000,33554.36550000,1784865599999,62823597.09021700,323469,14702.96450000,27537500.97651000
1784865600000,2026-07-24 04:00:00,1880.67000000,1909.80000000,1873.48000000,1895.98000000,34493.48210000,1784879999999,65197193.46869100,306204,19550.92550000,36956560.41989200
1784880000000,2026-07-24 08:00:00,1895.98000000,1896.04000000,1876.71000000,1883.93000000,23099.07650000,1784894399999,43543529.57437400,273771,10942.79410000,20623639.94868000
1784894400000,2026-07-24 12:00:00,1883.93000000,1886.09000000,1848.09000000,1861.81000000,68024.00060000,1784908799999,126685739.63925100,770893,34782.69880000,64795127.55373700
1784908800000,2026-07-24 16:00:00,1861.82000000,1866.76000000,1853.50000000,1863.83000000,29813.16510000,1784923199999,55477384.28748400,339037,15656.21330000,29135786.41654100
1784923200000,2026-07-24 20:00:00,1863.84000000,1865.82000000,1856.97000000,1861.44000000,11811.34630000,1784937599999,21976612.42110500,121160,6452.30350000,12005929.55919000
1784937600000,2026-07-25 00:00:00,1861.44000000,1864.69000000,1855.93000000,1858.74000000,13999.14890000,1784951999999,26039463.44031400,112861,7205.61620000,13403120.19583200
1784952000000,2026-07-25 04:00:00,1858.74000000,1862.96000000,1854.61000000,1856.02000000,12980.19580000,1784966399999,24132356.56045100,107612,5750.68950000,10692572.82690600
1784966400000,2026-07-25 08:00:00,1856.03000000,1860.09000000,1851.22000000,1857.75000000,16027.45820000,1784980799999,29755614.85063900,118603,7923.58370000,14712302.10953200
1784980800000,2026-07-25 12:00:00,1857.75000000,1872.35000000,1856.96000000,1867.88000000,20845.35240000,1784995199999,38883665.09790300,149234,11029.17210000,20573483.09676000
1784995200000,2026-07-25 16:00:00,1867.88000000,1877.07000000,1864.65000000,1874.76000000,16227.75420000,1785009599999,30385128.70675700,170723,9623.47800000,18020761.16800900
1785009600000,2026-07-25 20:00:00,1874.77000000,1876.92000000,1867.92000000,1874.89000000,8354.57850000,1785023999999,15648697.01021100,104080,3780.16800000,7080895.05581500
1785024000000,2026-07-26 00:00:00,1874.88000000,1883.98000000,1873.85000000,1882.21000000,10360.01700000,1785038399999,19473769.98519900,113287,6218.31700000,11687619.96433200
1785038400000,2026-07-26 04:00:00,1882.21000000,1889.36000000,1878.46000000,1881.56000000,11240.73530000,1785052799999,21173822.65978800,96548,5416.73260000,10204889.35680100
1785052800000,2026-07-26 08:00:00,1881.57000000,1887.89000000,1878.74000000,1885.87000000,9601.93190000,1785067199999,18091980.47733500,105053,4697.89960000,8853463.83866900
1785067200000,2026-07-26 12:00:00,1885.87000000,1917.82000000,1881.61000000,1914.63000000,34317.99730000,1785081599999,65165309.72197900,374375,18074.57660000,34331570.52436600
1785081600000,2026-07-26 16:00:00,1914.63000000,1928.08000000,1908.75000000,1912.26000000,19568.95650000,1785095999999,37540201.19621900,209028,9307.81550000,17861323.02449900
