open_time,datetime,open,high,low,close,volume,close_time,quote_volume,trades,taker_buy_base,taker_buy_quote
1769536800000,2026-01-27 18:00:00,2930.29000000,2989.77000000,2925.92000000,2978.21000000,23281.69100000,1769540399999,68802982.85160500,392143,13520.49070000,39949389.64020800
1769540400000,2026-01-27 19:00:00,2978.22000000,2992.27000000,2965.61000000,2980.48000000,13249.56430000,1769543999999,39468138.06025200,254837,5823.02010000,17347579.69182500
1769544000000,2026-01-27 20:00:00,2980.48000000,3027.99000000,2978.92000000,3020.77000000,35359.69540000,1769547599999,106373745.35407100,474600,20451.16820000,61513715.98164400
1769547600000,2026-01-27 21:00:00,3020.78000000,3030.30000000,3005.43000000,3015.82000000,24179.65990000,1769551199999,72961265.36138200,285905,9018.80610000,27214019.06380600
1769551200000,2026-01-27 22:00:00,3015.82000000,3023.87000000,3004.69000000,3020.00000000,24001.52640000,1769554799999,72398581.95653600,123474,7655.27330000,23081457.71411500
1769554800000,2026-01-27 23:00:00,3020.00000000,3035.08000000,3011.22000000,3026.77000000,30245.44160000,1769558399999,91452029.79978400,154809,13554.16190000,41000562.29072400
1769558400000,2026-01-28 00:00:00,3026.77000000,3029.79000000,3015.74000000,3024.26000000,7944.34330000,1769561999999,24007164.40155500,122325,4077.53410000,12321515.81555200
1769562000000,2026-01-28 01:00:00,3024.26000000,3026.83000000,3007.50000000,3018.22000000,5944.60430000,1769565599999,17935390.22166400,132341,2883.97960000,8702235.70624400
1769565600000,2026-01-28 02:00:00,3018.21000000,3018.25000000,3005.49000000,3010.82000000,4589.79070000,1769569199999,13820663.39887000,118687,2042.16140000,6149345.92652500
1769569200000,2026-01-28 03:00:00,3010.82000000,3012.27000000,2996.55000000,3005.18000000,8513.92020000,1769572799999,25572805.91195900,117324,4041.34400000,12138717.03079400
1769572800000,2026-01-28 04:00:00,3005.18000000,3006.89000000,2992.89000000,2999.64000000,7746.22990000,1769576399999,23228250.42356000,87074,3159.99590000,9476892.72448900
1769576400000,2026-01-28 05:00:00,2999.65000000,3008.83000000,2996.50000000,3004.47000000,8328.53700000,1769579999999,25001873.73816300,80847,4768.33600000,14315191.33081600
1769580000000,2026-01-28 06:00:00,3004.48000000,3018.33000000,3003.01000000,3014.47000000,11630.24300000,1769583599999,35021029.34820900,115771,5956.47980000,17934769.84214500
1769583600000,2026-01-28 07:00:00,3014.47000000,3015.45000000,3002.29000000,3005.07000000,7189.07540000,1769587199999,21617296.12915100,74551,2978.78790000,8956883.95889400
1769587200000,2026-01-28 08:00:00,3005.07000000,3006.55000000,2988.70000000,2990.69000000,8832.57640000,1769590799999,26466534.50465200,127478,3757.25950000,11259670.03252200
1769590800000,2026-01-28 09:00:00,2990.68000000,3017.45000000,2986.59000000,3017.44000000,13870.69460000,1769594399999,41653640.65841700,157674,9180.55570000,27571361.19881100
1769594400000,2026-01-28 10:00:00,3017.45000000,3039.78000000,3013.11000000,3025.86000000,18858.15080000,1769597999999,57047198.71186300,214702,10277.23410000,31093301.37935600
1769598000000,2026-01-28 11:00:00,3025.86000000,3045.36000000,3014.92000000,3039.72000000,16338.28940000,1769601599999,49525594.20830600,225470,8727.84450000,26458038.63222500
1769601600000,2026-01-28 12:00:00,3039.71000000,3040.31000000,3023.78000000,3031.13000000,13341.16150000,1769605199999,40436611.77675300,218889,7340.73120000,22249778.02850700
1769605200000,2026-01-28 13:00:00,3031.14000000,3045.78000000,3029.55000000,3034.67000000,15084.46030000,1769608799999,45806616.87625100,210566,10075.98830000,30596582.25330600
1769608800000,2026-01-28 14:00:00,3034.68000000,3034.68000000,3007.64000000,3013.09000000,19228.21140000,1769612399999,58088238.26275500,431808,9420.97260000,28454209.60975400
1769612400000,2026-01-28 15:00:00,3013.09000000,3021.23000000,2983.67000000,3008.25000000,31672.62890000,1769615999999,95134355.17462100,498304,19290.20510000,57945825.13814500
1769616000000,2026-01-28 16:00:00,3008.25000000,3017.94000000,2996.08000000,2999.72000000,8458.65320000,1769619599999,25420224.86500900,263264,3567.58520000,10722559.88012400
1769619600000,2026-01-28 17:00:00,2999.72000000,3031.68000000,2989.41000000,3014.89000000,15003.72910000,1769623199999,45159211.78158700,271755,8201.99650000,24688632.73542700
1769623200000,2026-01-28 18:00:00,3014.89000000,3024.28000000,3000.11000000,3015.51000000,16085.93160000,1769626799999,48455415.76006600,259920,7997.20920000,24087328.67109800
1769626800000,2026-01-28 19:00:00,3015.51000000,3024.19000000,2996.85000000,3016.60000000,25074.38020000,1769630399999,75488971.70773300,602019,11182.77240000,33668162.35700800
1769630400000,2026-01-28 20:00:00,3016.60000000,3038.45000000,3008.25000000,3012.21000000,13430.95080000,1769633999999,40592997.78364400,299847,6663.18380000,20143411.69119100
1769634000000,2026-01-28 21:00:00,3012.21000000,3023.53000000,2996.66000000,3021.51000000,9777.46090000,1769637599999,29434274.27322400,208773,4812.86710000,14487532.19169300
1769637600000,2026-01-28 22:00:00,3021.51000000,3027.37000000,3008.83000000,3018.92000000,4968.07870000,1769641199999,14986894.80647300,97723,2299.55010000,6937801.11070300
1769641200000,2026-01-28 23:00:00,3018.92000000,3022.98000000,3008.30000000,3010.78000000,4695.55330000,1769644799999,14156423.01588000,123917,1853.03240000,5586558.70354100
1769644800000,2026-01-29 00:00:00,3010.78000000,3013.50000000,2995.94000000,3009.49000000,7396.79590000,1769648399999,22228294.63285600,162551,3316.12930000,9965781.85493600
1769648400000,2026-01-29 01:00:00,3009.48000000,3011.55000000,2987.18000000,2992.71000000,8718.98060000,1769651999999,26121013.54764900,194002,3888.96260000,11651684.42735400
1769652000000,2026-01-29 02:00:00,2992.71000000,2999.21000000,2944.48000000,2959.23000000,25130.62760000,1769655599999,74605893.03726800,389675,9929.95660000,29470537.41773900
1769655600000,2026-01-29 03:00:00,2959.24000000,2972.73000000,2947.83000000,2952.52000000,12996.34420000,1769659199999,38464979.32931500,271931,6504.15340000,19254356.58652400
1769659200000,2026-01-29 04:00:00,2952.52000000,2960.62000000,2937.55000000,2959.45000000,11696.74000000,1769662799999,34501428.73245400,149473,5429.71720000,16017485.75082700
1769662800000,2026-01-29 05:00:00,2959.46000000,2965.69000000,2947.95000000,2951.61000000,6625.46730000,1769666399999,19595759.27934100,96754,3043.73550000,9004682.10094400
1769666400000,2026-01-29 06:00:00,2951.60000000,2959.50000000,2950.16000000,2955.97000000,5890.82010000,1769669999999,17407107.07534700,96849,2153.86240000,6365057.00466900
1769670000000,2026-01-29 07:00:00,2955.97000000,2964.93000000,2955.44000000,2961.54000000,6729.75590000,1769673599999,19918797.53236300,93094,4108.41750000,12160790.87806500
1769673600000,2026-01-29 08:00:00,2961.54000000,2969.79000000,2943.56000000,2952.60000000,15330.16630000,1769677199999,45281070.44445600,174579,8113.32820000,23963788.97689900
1769677200000,2026-01-29 09:00:00,2952.59000000,2955.20000000,2942.37000000,2942.38000000,9586.79340000,1769680799999,28260016.64801600,91506,4481.56750000,13208732.94692800
1769680800000,2026-01-29 10:00:00,2942.38000000,2948.95000000,2941.36000000,2944.29000000,6855.72620000,1769684399999,20192816.14757300,84499,3879.35100000,11425827.79109100
1769684400000,2026-01-29 11:00:00,2944.30000000,2945.42000000,2923.77000000,2929.29000000,14851.07740000,1769687999999,43546844.61712500,162682,5997.32420000,17586407.22639600
1769688000000,2026-01-29 12:00:00,2929.29000000,2938.67000000,2925.89000000,2936.34000000,5631.11510000,1769691599999,16513002.89584500,98387,3084.18340000,9044600.44484500
1769691600000,2026-01-29 13:00:00,2936.34000000,2939.00000000,2931.62000000,2936.14000000,3389.05880000,1769695199999,9950968.95398000,60290,1826.77890000,5363908.80877700
1769695200000,2026-01-29 14:00:00,2936.15000000,2937.02000000,2875.70000000,2876.28000000,28733.61430000,1769698799999,83528636.60559800,434513,10599.81830000,30813685.11141300
1769698800000,2026-01-29 15:00:00,2876.29000000,2877.49000000,2797.01000000,2824.32000000,102468.46100000,1769702399999,289806162.91314000,1208217,49363.42490000,139651730.36280800
1769702400000,2026-01-29 16:00:00,2824.31000000,2836.45000000,2801.58000000,2835.03000000,81033.86840000,1769705999999,228066172.42666700,629702,49659.29800000,139767771.27792000
1769706000000,2026-01-29 17:00:00,2835.03000000,2860.05000000,2818.76000000,2824.34000000,36994.36450000,1769709599999,105083317.55769300,484619,18759.06910000,53305977.73117600
1769709600000,2026-01-29 18:00:00,2824.34000000,2834.44000000,2754.53000000,2763.98000000,84813.12290000,1769713199999,236950722.27247000,694014,31743.30270000,88594933.55038900
1769713200000,2026-01-29 19:00:00,2763.98000000,2811.34000000,2758.18000000,2797.53000000,39427.97060000,1769716799999,109786567.54931000,467027,21616.89880000,60203452.82619200
1769716800000,2026-01-29 20:00:00,2797.53000000,2812.32000000,2789.39000000,2805.85000000,17205.71180000,1769720399999,48158337.77868100,265410,9011.59800000,25232107.25208000
1769720400000,2026-01-29 21:00:00,2805.85000000,2825.10000000,2805.36000000,2819.83000000,14512.81650000,1769723999999,40875106.71941100,250965,6818.75470000,19207045.57873300
1769724000000,2026-01-29 22:00:00,2819.83000000,2825.23000000,2810.55000000,2819.95000000,6498.43270000,1769727599999,18306674.87326900,98505,3276.60070000,9230421.89443400
1769727600000,2026-01-29 23:00:00,2819.96000000,2827.59000000,2812.77000000,2822.59000000,8770.76640000,1769731199999,24744614.46998600,120364,4333.58420000,12227503.57881900
1769731200000,2026-01-30 00:00:00,2822.60000000,2828.65000000,2802.58000000,2805.00000000,11904.17860000,1769734799999,33482075.37139300,151710,4526.22980000,12737126.27798700
1769734800000,2026-01-30 01:00:00,2805.00000000,2813.31000000,2689.00000000,2747.15000000,100722.86640000,1769738399999,275772342.66015000,775813,43854.83590000,120065178.89707300
1769738400000,2026-01-30 02:00:00,2747.16000000,2751.29000000,2699.16000000,2736.56000000,52452.49050000,1769741999999,143103305.37374500,730935,24166.45380000,65942764.12348200
1769742000000,2026-01-30 03:00:00,2736.56000000,2748.34000000,2734.30000000,2741.11000000,17234.94520000,1769745599999,47236304.27740600,325193,8215.55160000,22517667.58651300
1769745600000,2026-01-30 04:00:00,2741.12000000,2774.83000000,2738.11000000,2752.99000000,23751.05640000,1769749199999,65509055.08173600,272302,11006.19050000,30366013.22205100
1769749200000,2026-01-30 05:00:00,2753.00000000,2760.61000000,2747.01000000,2747.02000000,11869.79870000,1769752799999,32673498.60806100,145298,4424.25070000,12182656.71744000
1769752800000,2026-01-30 06:00:00,2747.02000000,2748.54000000,2696.82000000,2718.56000000,31051.12630000,1769756399999,84588381.52379800,367501,12514.96000000,34106414.93393000
1769756400000,2026-01-30 07:00:00,2718.57000000,2750.93000000,2718.14000000,2740.16000000,36461.56300000,1769759999999,99780234.18187800,379621,22229.88380000,60828162.48111400
1769760000000,2026-01-30 08:00:00,2740.17000000,2748.41000000,2722.85000000,2737.43000000,17392.80590000,1769763599999,47594677.31500400,313905,8372.86920000,22916985.21103000
1769763600000,2026-01-30 09:00:00,2737.43000000,2743.91000000,2710.00000000,2721.93000000,20444.46500000,1769767199999,55753490.60040800,333384,9934.92390000,27092613.61513800
1769767200000,2026-01-30 10:00:00,2721.93000000,2736.92000000,2711.37000000,2736.19000000,12466.40610000,1769770799999,33975390.65691800,277086,6634.99330000,18090308.64593900
1769770800000,2026-01-30 11:00:00,2736.19000000,2768.78000000,2734.57000000,2759.88000000,14974.54090000,1769774399999,41174375.73373700,230083,9288.26480000,25542112.44640800
1769774400000,2026-01-30 12:00:00,2759.87000000,2766.53000000,2738.07000000,2740.49000000,14051.82000000,1769777999999,38655622.20496900,237644,6427.28460000,17678520.68522500
1769778000000,2026-01-30 13:00:00,2740.49000000,2751.24000000,2719.54000000,2730.00000000,22328.59890000,1769781599999,61033419.40450000,342529,10726.56020000,29323608.77652400
1769781600000,2026-01-30 14:00:00,2730.00000000,2764.82000000,2723.55000000,2737.42000000,35122.11080000,1769785199999,96339815.06936900,650197,18022.52270000,49446965.00077700
1769785200000,2026-01-30 15:00:00,2737.43000000,2752.84000000,2693.42000000,2729.47000000,51736.87330000,1769788799999,141100957.68839500,735901,25162.38990000,68661242.78383300
1769788800000,2026-01-30 16:00:00,2729.46000000,2744.55000000,2706.22000000,2726.96000000,30038.92900000,1769792399999,81973000.80446300,604093,15980.83280000,43620251.11680400
1769792400000,2026-01-30 17:00:00,2726.96000000,2740.99000000,2706.66000000,2712.53000000,33260.14520000,1769795999999,90526616.47207300,563079,17347.38100000,47222648.09675200
1769796000000,2026-01-30 18:00:00,2712.52000000,2750.11000000,2636.01000000,2740.27000000,104151.65810000,1769799599999,279946308.62697400,1041706,51508.92970000,138593673.22689500
1769799600000,2026-01-30 19:00:00,2740.27000000,2761.46000000,2734.66000000,2742.40000000,37551.68650000,1769803199999,103163919.97596900,688304,18986.92530000,52164895.31285100
1769803200000,2026-01-30 20:00:00,2742.39000000,2742.87000000,2664.82000000,2680.72000000,66480.12750000,1769806799999,179296700.48066800,851736,33409.10820000,90085339.19915900
1769806800000,2026-01-30 21:00:00,2680.72000000,2715.09000000,2677.60000000,2704.93000000,27224.91290000,1769810399999,73497065.13541000,340817,15583.69290000,42068875.53871700
1769810400000,2026-01-30 22:00:00,2704.94000000,2709.92000000,2693.21000000,2709.92000000,12130.34230000,1769813999999,32761122.52688500,194006,6188.69860000,16715736.35058700
1769814000000,2026-01-30 23:00:00,2709.91000000,2711.86000000,2694.59000000,2707.38000000,8476.17770000,1769817599999,22914269.31447600,108788,4252.42980000,11497540.62902200
1769817600000,2026-01-31 00:00:00,2707.37000000,2714.64000000,2703.27000000,2706.48000000,7010.54560000,1769821199999,18990225.93289100,124675,4010.02160000,10863222.32315500
1769821200000,2026-01-31 01:00:00,2706.47000000,2714.53000000,2699.13000000,2700.00000000,8314.55120000,1769824799999,22496617.25931800,128024,4906.73710000,13275764.61603300
1769824800000,2026-01-31 02:00:00,2700.00000000,2708.64000000,2684.67000000,2702.05000000,11096.23780000,1769828399999,29912638.71075500,182797,6854.58490000,18481605.07892200
1769828400000,2026-01-31 03:00:00,2702.04000000,2706.47000000,2694.72000000,2695.86000000,5186.13790000,1769831999999,14004865.04431300,100634,3080.23710000,8317725.16733100
1769832000000,2026-01-31 04:00:00,2695.86000000,2704.82000000,2693.00000000,2695.66000000,5813.77680000,1769835599999,15694103.63390600,85844,3508.14630000,9471129.46098000
1769835600000,2026-01-31 05:00:00,2695.66000000,2703.47000000,2690.80000000,2698.05000000,7984.31010000,1769839199999,21536190.93159000,93627,4916.44800000,13260328.52677600
1769839200000,2026-01-31 06:00:00,2698.05000000,2701.00000000,2684.14000000,2692.90000000,11530.84320000,1769842799999,31032623.34232100,113159,6319.91820000,17007015.21771100
1769842800000,2026-01-31 07:00:00,2692.91000000,2693.81000000,2668.20000000,2680.06000000,11148.35850000,1769846399999,29892483.11617800,129583,5427.71500000,14556697.27920500
1769846400000,2026-01-31 08:00:00,2680.06000000,2683.49000000,2609.85000000,2644.03000000,65964.16150000,1769849999999,174057436.52619700,559373,30660.42610000,80859257.42165100
1769850000000,2026-01-31 09:00:00,2644.02000000,2659.80000000,2633.71000000,2648.35000000,17355.92750000,1769853599999,45943840.34153800,238143,8163.74220000,21614005.39465600
1769853600000,2026-01-31 10:00:00,2648.35000000,2655.70000000,2636.54000000,2651.67000000,8989.43180000,1769857199999,23791178.09702700,140417,4527.46950000,11985307.53229400
1769857200000,2026-01-31 11:00:00,2651.66000000,2651.67000000,2634.69000000,2640.72000000,9642.07400000,1769860799999,25487566.73327300,133181,3357.91160000,8877248.01396100
1769860800000,2026-01-31 12:00:00,2640.72000000,2644.43000000,2628.63000000,2633.55000000,15841.58840000,1769864399999,41773241.45925600,224605,7717.44440000,20355989.95944900
1769864400000,2026-01-31 13:00:00,2633.55000000,2636.97000000,2618.00000000,2629.14000000,19347.56960000,1769867999999,50825378.57318400,288860,8526.64190000,22398976.88878400
1769868000000,2026-01-31 14:00:00,2629.14000000,2636.16000000,2510.01000000,2538.69000000,151198.87550000,1769871599999,386467310.46647000,1021462,68135.16680000,173959961.72154600
1769871600000,2026-01-31 15:00:00,2538.69000000,2554.89000000,2526.38000000,2534.20000000,39821.62420000,1769875199999,101192189.68557600,470597,21482.31820000,54594009.11452800
1769875200000,2026-01-31 16:00:00,2534.20000000,2551.26000000,2468.06000000,2482.71000000,88576.42580000,1769878799999,222512443.81145300,719898,39956.89860000,100473730.33862700
1769878800000,2026-01-31 17:00:00,2482.71000000,2495.43000000,2370.00000000,2403.39000000,180516.49720000,1769882399999,437326456.59591200,1203780,77854.00770000,188624585.66089000
1769882400000,2026-01-31 18:00:00,2403.39000000,2417.42000000,2250.00000000,2381.08000000,204390.82150000,1769885999999,480562130.83751600,1056957,95037.58320000,223638911.60775700
1769886000000,2026-01-31 19:00:00,2381.07000000,2433.66000000,2372.37000000,2382.82000000,89128.63630000,1769889599999,213875180.76673400,743957,43195.80770000,103673401.94878100
1769889600000,2026-01-31 20:00:00,2382.83000000,2407.24000000,2355.24000000,2382.61000000,42997.54820000,1769893199999,102206488.54568600,454922,20333.67540000,48341827.96173000
1769893200000,2026-01-31 21:00:00,2382.60000000,2423.92000000,2373.21000000,2419.60000000,42879.78710000,1769896799999,102952322.85733400,548014,21934.66090000,52674423.85374700
1769896800000,2026-01-31 22:00:00,2419.60000000,2424.98000000,2406.34000000,2419.59000000,15968.49570000,1769900399999,38583213.87491600,201532,6687.25630000,16162563.09609200
1769900400000,2026-01-31 23:00:00,2419.58000000,2473.77000000,2416.94000000,2451.95000000,52393.48780000,1769903999999,128237494.17796800,341256,23835.38680000,58330991.76806300
1769904000000,2026-02-01 00:00:00,2451.96000000,2475.98000000,2446.12000000,2452.18000000,31996.07580000,1769907599999,78724304.87974800,441442,12526.26290000,30832501.70261800
1769907600000,2026-02-01 01:00:00,2452.18000000,2455.61000000,2429.15000000,2444.70000000,25046.80800000,1769911199999,61125510.85884300,401089,9941.74670000,24265795.96284100
1769911200000,2026-02-01 02:00:00,2444.70000000,2461.81000000,2440.24000000,2452.61000000,18593.77780000,1769914799999,45578789.09379300,335206,8100.10670000,19856988.61028000
1769914800000,2026-02-01 03:00:00,2452.61000000,2456.62000000,2438.13000000,2445.46000000,17349.57600000,1769918399999,42421545.82411900,276894,4571.90410000,11182380.07577400
1769918400000,2026-02-01 04:00:00,2445.46000000,2454.66000000,2441.52000000,2448.23000000,14512.14280000,1769921999999,35541445.69726700,235573,4635.68560000,11352240.04742700
1769922000000,2026-02-01 05:00:00,2448.23000000,2449.44000000,2424.56000000,2430.51000000,27364.67360000,1769925599999,66712169.03326400,276433,9505.54590000,23167911.97323800
1769925600000,2026-02-01 06:00:00,2430.52000000,2440.00000000,2408.17000000,2418.65000000,39396.80890000,1769929199999,95542306.87612400,373722,15029.71790000,36439529.96609600
1769929200000,2026-02-01 07:00:00,2418.66000000,2438.79000000,2393.46000000,2411.22000000,41360.59070000,1769932799999,99742273.10324200,473282,16535.85590000,39871932.46524900
1769932800000,2026-02-01 08:00:00,2411.22000000,2428.37000000,2396.57000000,2412.95000000,26787.25950000,1769936399999,64591169.62505600,370020,10632.66650000,25645931.07715900
1769936400000,2026-02-01 09:00:00,2412.95000000,2438.22000000,2406.63000000,2432.23000000,13076.87970000,1769939999999,31648703.15621300,233618,6078.39620000,14718149.94979600
1769940000000,2026-02-01 10:00:00,2432.23000000,2438.98000000,2376.10000000,2381.03000000,35950.36880000,1769943599999,86397705.90971600,483773,10762.87350000,25861556.88156200
1769943600000,2026-02-01 11:00:00,2381.04000000,2423.90000000,2381.03000000,2411.86000000,24016.00620000,1769947199999,57668778.85991500,339680,11127.66900000,26728777.82174000
1769947200000,2026-02-01 12:00:00,2411.86000000,2412.47000000,2365.00000000,2396.02000000,35212.31480000,1769950799999,84368483.53977300,291409,12296.03080000,29492466.69842400
1769950800000,2026-02-01 13:00:00,2396.01000000,2410.53000000,2370.10000000,2381.13000000,16675.04610000,1769954399999,39888323.15498400,306342,7623.57620000,18239650.62583600
1769954400000,2026-02-01 14:00:00,2381.13000000,2389.57000000,2326.96000000,2373.07000000,58996.70220000,1769957999999,139201357.33940400,777188,26162.49950000,61769490.33699400
1769958000000,2026-02-01 15:00:00,2373.07000000,2373.07000000,2285.40000000,2315.39000000,104485.07080000,1769961599999,242054954.09421500,921004,40346.58570000,93467106.50874700
1769961600000,2026-02-01 16:00:00,2315.47000000,2333.15000000,2284.17000000,2304.06000000,65276.39450000,1769965199999,150671564.24204500,717441,26475.28330000,61111888.74000700
1769965200000,2026-02-01 17:00:00,2304.07000000,2321.94000000,2296.92000000,2313.96000000,66387.23510000,1769968799999,153105465.73315100,462831,41964.71550000,96753217.35981900
1769968800000,2026-02-01 18:00:00,2313.96000000,2377.99000000,2313.33000000,2350.97000000,62483.89570000,1769972399999,146806022.16297600,565375,33931.57970000,79732818.25375400
1769972400000,2026-02-01 19:00:00,2350.96000000,2356.00000000,2306.29000000,2320.35000000,42306.89610000,1769975999999,98612891.95993700,438812,22923.21940000,53407219.45248300
1769976000000,2026-02-01 20:00:00,2320.35000000,2349.24000000,2298.56000000,2316.36000000,49601.99570000,1769979599999,115156301.97515000,500175,26861.35010000,62386779.88969800
1769979600000,2026-02-01 21:00:00,2316.35000000,2319.57000000,2279.16000000,2290.58000000,42305.84180000,1769983199999,97293252.41179100,528178,19275.19840000,44333710.88475800
1769983200000,2026-02-01 22:00:00,2290.59000000,2334.90000000,2287.18000000,2319.33000000,30333.67340000,1769986799999,70137242.10463100,409560,15387.63380000,35576611.62254800
1769986800000,2026-02-01 23:00:00,2319.33000000,2321.69000000,2222.00000000,2270.15000000,137057.91260000,1769990399999,309837936.99238800,879590,63183.54160000,142932764.89790100
1769990400000,2026-02-02 00:00:00,2270.16000000,2324.17000000,2242.33000000,2293.20000000,60689.78370000,1769993999999,139252305.15529800,751206,29455.11210000,67594477.69745500
1769994000000,2026-02-02 01:00:00,2293.21000000,2318.66000000,2250.13000000,2291.29000000,43004.27940000,1769997599999,98421064.19817500,564596,20992.07980000,48064312.66967300
1769997600000,2026-02-02 02:00:00,2291.30000000,2300.51000000,2259.48000000,2262.27000000,39005.37980000,1770001199999,88946373.25794100,457929,17768.15320000,40526467.29774000
1770001200000,2026-02-02 03:00:00,2262.27000000,2267.67000000,2166.14000000,2239.02000000,155660.47020000,1770004799999,343542197.03394700,1027429,69240.70010000,152750576.21544800
1770004800000,2026-02-02 04:00:00,2239.01000000,2268.00000000,2207.55000000,2240.54000000,41154.02440000,1770008399999,92141971.11145300,452151,21422.77480000,47960435.58392300
1770008400000,2026-02-02 05:00:00,2240.54000000,2243.11000000,2184.95000000,2198.02000000,61147.36260000,1770011999999,134867026.60094400,571422,29071.06820000,64112922.87659900
1770012000000,2026-02-02 06:00:00,2198.02000000,2240.50000000,2157.14000000,2227.44000000,141581.67420000,1770015599999,310636758.68891800,782941,76548.54280000,168026833.17644800
1770015600000,2026-02-02 07:00:00,2227.43000000,2253.16000000,2217.57000000,2228.93000000,57911.87950000,1770019199999,129369175.95895800,508491,32811.47520000,73310292.41177500
1770019200000,2026-02-02 08:00:00,2228.93000000,2258.62000000,2228.93000000,2249.33000000,37267.17470000,1770022799999,83652009.29425500,425750,19773.33890000,44379342.88438900
1770022800000,2026-02-02 09:00:00,2249.33000000,2319.00000000,2237.57000000,2291.57000000,56425.28960000,1770026399999,128717924.14209800,535543,28396.76670000,64806079.96483400
1770026400000,2026-02-02 10:00:00,2291.58000000,2299.67000000,2273.52000000,2277.80000000,41471.21550000,1770029999999,94715332.58270000,351382,21842.14020000,49889992.52410300
1770030000000,2026-02-02 11:00:00,2277.80000000,2298.01000000,2273.50000000,2282.32000000,67266.36490000,1770033599999,153637788.62099600,295896,32850.70090000,75045293.75335800
1770033600000,2026-02-02 12:00:00,2282.32000000,2318.13000000,2282.01000000,2311.66000000,36325.71430000,1770037199999,83695092.11800000,349637,17792.61950000,41002206.00941600
1770037200000,2026-02-02 13:00:00,2311.65000000,2335.90000000,2302.45000000,2327.93000000,29550.57160000,1770040799999,68509874.16429300,323920,15746.57930000,36516181.46198700
1770040800000,2026-02-02 14:00:00,2327.93000000,2367.68000000,2274.19000000,2328.94000000,115148.89070000,1770044399999,268376825.75807300,851855,57277.01970000,133571783.78582300
1770044400000,2026-02-02 15:00:00,2328.93000000,2396.62000000,2320.00000000,2372.71000000,79805.83400000,1770047999999,188574501.83286300,766764,37568.32790000,88745364.78562300
1770048000000,2026-02-02 16:00:00,2372.71000000,2387.31000000,2349.90000000,2358.71000000,40086.10800000,1770051599999,95032557.40635000,386808,16269.88550000,38602264.05013900
1770051600000,2026-02-02 17:00:00,2358.71000000,2381.59000000,2345.74000000,2356.54000000,34835.43710000,1770055199999,82287893.58653100,305524,16017.19570000,37858979.08325600
1770055200000,2026-02-02 18:00:00,2356.53000000,2359.78000000,2332.74000000,2345.22000000,29357.10370000,1770058799999,68910199.49918000,299441,11936.60190000,28024249.89623900
1770058800000,2026-02-02 19:00:00,2345.22000000,2351.17000000,2327.68000000,2331.54000000,19470.92250000,1770062399999,45564937.68364300,254875,9497.21990000,22227721.04378700
1770062400000,2026-02-02 20:00:00,2331.52000000,2340.78000000,2313.33000000,2322.07000000,25644.54050000,1770065999999,59629904.72543400,368324,13203.09230000,30705653.07958200
1770066000000,2026-02-02 21:00:00,2322.07000000,2345.20000000,2319.21000000,2342.04000000,14736.45810000,1770069599999,34424457.70630000,214631,8400.93320000,19626008.67163900
1770069600000,2026-02-02 22:00:00,2342.04000000,2354.99000000,2336.00000000,2351.29000000,10355.63960000,1770073199999,24300536.81870500,151388,5425.68030000,12733475.07512100
1770073200000,2026-02-02 23:00:00,2351.30000000,2355.55000000,2340.00000000,2347.02000000,10633.09280000,1770076799999,24970578.29643500,151253,5108.93390000,11998745.35541100
1770076800000,2026-02-03 00:00:00,2347.01000000,2355.77000000,2325.23000000,2353.98000000,20152.91670000,1770080399999,47179660.69021000,294791,8969.99440000,21001457.07431200
1770080400000,2026-02-03 01:00:00,2353.98000000,2359.88000000,2337.87000000,2354.68000000,18244.21900000,1770083999999,42851802.88647100,314269,6997.74440000,16439817.00203600
1770084000000,2026-02-03 02:00:00,2354.69000000,2354.87000000,2297.13000000,2298.72000000,25890.31640000,1770087599999,60129479.62555000,359604,10307.00810000,23939685.36512300
1770087600000,2026-02-03 03:00:00,2298.72000000,2345.15000000,2284.48000000,2344.03000000,28192.87750000,1770091199999,65178704.87121900,375226,15741.88260000,36413480.45524000
1770091200000,2026-02-03 04:00:00,2343.99000000,2354.99000000,2333.31000000,2345.57000000,58243.05760000,1770094799999,136525436.97125200,222606,39776.99890000,93240939.34740500
1770094800000,2026-02-03 05:00:00,2345.57000000,2345.79000000,2315.00000000,2316.12000000,36438.28640000,1770098399999,84868782.07408400,219720,19813.89380000,46149910.12247300
1770098400000,2026-02-03 06:00:00,2316.13000000,2328.49000000,2298.44000000,2320.48000000,22606.64250000,1770101999999,52315621.47428400,245728,11278.93680000,26105768.12329400
1770102000000,2026-02-03 07:00:00,2320.48000000,2333.61000000,2312.80000000,2323.12000000,25649.60960000,1770105599999,59623092.56620100,251111,13363.17180000,31064231.05177300
1770105600000,2026-02-03 08:00:00,2323.13000000,2332.57000000,2309.20000000,2315.77000000,20330.04890000,1770109199999,47204655.86353600,257785,10506.88620000,24399704.67473500
1770109200000,2026-02-03 09:00:00,2315.77000000,2318.90000000,2262.15000000,2292.06000000,48287.72330000,1770112799999,110525380.51750900,428493,23716.32190000,54281422.75804500
1770112800000,2026-02-03 10:00:00,2292.06000000,2299.94000000,2276.70000000,2281.79000000,16482.48830000,1770116399999,37701913.03223100,238256,8846.02610000,20233613.60327100
1770116400000,2026-02-03 11:00:00,2281.79000000,2288.49000000,2270.39000000,2276.68000000,40694.39860000,1770119999999,92715661.14626500,265293,19997.08010000,45554004.94502200
1770120000000,2026-02-03 12:00:00,2276.68000000,2306.01000000,2272.21000000,2301.32000000,27004.25700000,1770123599999,61910671.03754600,287551,14217.68070000,32587059.44880900
1770123600000,2026-02-03 13:00:00,2301.31000000,2317.65000000,2296.44000000,2312.21000000,22529.42250000,1770127199999,51946774.27558300,285199,11063.75380000,25507152.67148700
1770127200000,2026-02-03 14:00:00,2312.22000000,2316.96000000,2255.02000000,2257.20000000,50376.26540000,1770130799999,115206116.92966700,684993,23673.43010000,54145157.62691400
1770130800000,2026-02-03 15:00:00,2257.19000000,2313.43000000,2251.94000000,2303.20000000,65777.07740000,1770134399999,150333842.14778900,840168,33324.45930000,76170727.39361200
1770134400000,2026-02-03 16:00:00,2303.21000000,2303.40000000,2235.19000000,2240.60000000,107134.54820000,1770137999999,241364122.24717300,707674,55080.89670000,124021836.10944900
1770138000000,2026-02-03 17:00:00,2240.60000000,2244.58000000,2193.50000000,2195.11000000,111725.78980000,1770141599999,247760812.31652800,785399,64224.05760000,142403583.39197900
1770141600000,2026-02-03 18:00:00,2195.11000000,2206.98000000,2110.00000000,2120.65000000,171392.47300000,1770145199999,368508440.39707500,1128763,76355.29310000,164165941.65621800
1770145200000,2026-02-03 19:00:00,2120.65000000,2218.40000000,2112.08000000,2205.28000000,109307.30920000,1770148799999,238068515.01476300,907459,57282.52310000,124726374.33377600
1770148800000,2026-02-03 20:00:00,2205.27000000,2343.82000000,2188.25000000,2299.46000000,150442.90900000,1770152399999,342346646.64966300,991366,73693.72720000,167554862.36931500
1770152400000,2026-02-03 21:00:00,2299.46000000,2337.58000000,2279.76000000,2283.92000000,58783.32460000,1770155999999,135790304.24792000,596394,29279.08110000,67650781.12904400
1770156000000,2026-02-03 22:00:00,2283.93000000,2286.17000000,2229.01000000,2236.38000000,41969.22710000,1770159599999,94685021.34506400,479126,18655.77280000,42085273.53864000
1770159600000,2026-02-03 23:00:00,2236.38000000,2248.62000000,2212.84000000,2233.72000000,43444.19870000,1770163199999,96889021.79328200,476796,20251.59510000,45173108.30351200
1770163200000,2026-02-04 00:00:00,2233.72000000,2256.62000000,2223.88000000,2241.02000000,25337.53570000,1770166799999,56835955.06725600,333958,12191.98150000,27352969.25050100
1770166800000,2026-02-04 01:00:00,2241.03000000,2281.82000000,2241.03000000,2268.64000000,24417.11840000,1770170399999,55394072.46759700,308027,11746.48020000,26639960.90772200
1770170400000,2026-02-04 02:00:00,2268.65000000,2276.61000000,2242.55000000,2251.82000000,19657.23500000,1770173999999,44457043.42329100,324456,8180.95750000,18501420.14823600
1770174000000,2026-02-04 03:00:00,2251.82000000,2295.74000000,2249.14000000,2283.37000000,24748.68390000,1770177599999,56344805.53620200,291189,13833.01000000,31491272.35583600
1770177600000,2026-02-04 04:00:00,2283.37000000,2290.09000000,2270.21000000,2273.78000000,13646.15970000,1770181199999,31077576.43926400,143679,6830.53210000,15553076.97548000
1770181200000,2026-02-04 05:00:00,2273.78000000,2280.54000000,2256.00000000,2265.40000000,16200.64920000,1770184799999,36758737.13002300,190780,6307.33960000,14310731.39888400
1770184800000,2026-02-04 06:00:00,2265.39000000,2284.30000000,2258.17000000,2277.54000000,16454.65980000,1770188399999,37393563.77504400,192776,8164.23280000,18555007.93464000
1770188400000,2026-02-04 07:00:00,2277.54000000,2293.99000000,2263.74000000,2283.85000000,31850.29640000,1770191999999,72656715.14531400,226207,14790.22330000,33745434.36792500
1770192000000,2026-02-04 08:00:00,2283.84000000,2285.90000000,2266.49000000,2279.73000000,17098.80240000,1770195599999,38933296.58669700,236991,6522.24580000,14855135.17131800
1770195600000,2026-02-04 09:00:00,2279.73000000,2279.91000000,2251.46000000,2260.65000000,18247.51060000,1770199199999,41293816.75093800,215664,6723.41430000,15212969.26678300
1770199200000,2026-02-04 10:00:00,2260.65000000,2264.44000000,2250.58000000,2260.74000000,11981.43120000,1770202799999,27053437.52135900,156675,4899.87560000,11065162.52676700
1770202800000,2026-02-04 11:00:00,2260.74000000,2267.32000000,2221.47000000,2254.86000000,85075.07190000,1770206399999,190379918.69242200,432201,28770.19550000,64471389.09914000
1770206400000,2026-02-04 12:00:00,2254.86000000,2263.30000000,2226.43000000,2243.92000000,53056.34960000,1770209999999,118862136.53301100,341009,16058.41600000,36013412.69733200
1770210000000,2026-02-04 13:00:00,2243.91000000,2246.09000000,2197.47000000,2198.63000000,57203.38880000,1770213599999,127038109.92029800,465978,20490.34820000,45433285.17238100
1770213600000,2026-02-04 14:00:00,2198.63000000,2226.28000000,2168.82000000,2171.87000000,87588.55770000,1770217199999,192457853.59731400,855183,45032.21970000,98962470.09378000
1770217200000,2026-02-04 15:00:00,2171.87000000,2197.26000000,2136.60000000,2151.83000000,124679.78030000,1770220799999,269698798.95660800,1128888,61760.34840000,133583484.56612500
1770220800000,2026-02-04 16:00:00,2151.84000000,2161.14000000,2106.00000000,2135.05000000,129090.86400000,1770224399999,274518796.43470000,1004777,67989.51390000,144596016.27876700
1770224400000,2026-02-04 17:00:00,2135.04000000,2154.59000000,2093.50000000,2126.07000000,137960.43380000,1770227999999,292650547.36114000,881107,79602.55160000,168938720.53535400
1770228000000,2026-02-04 18:00:00,2126.07000000,2185.63000000,2076.68000000,2147.97000000,139137.57540000,1770231599999,295385424.44620800,960360,73287.43810000,155631014.32699900
1770231600000,2026-02-04 19:00:00,2147.97000000,2194.71000000,2133.31000000,2188.27000000,69042.14960000,1770235199999,149079401.47717800,562877,37261.06280000,80466076.87584900
1770235200000,2026-02-04 20:00:00,2188.26000000,2192.70000000,2161.79000000,2172.02000000,32577.38890000,1770238799999,70827053.08738300,329890,15281.30640000,33214097.27749400
1770238800000,2026-02-04 21:00:00,2172.03000000,2180.90000000,2108.56000000,2129.80000000,41761.88340000,1770242399999,89538307.09956800,376643,20108.43230000,43104961.12697900
1770242400000,2026-02-04 22:00:00,2129.80000000,2168.46000000,2088.01000000,2120.16000000,55357.06900000,1770245999999,118018166.00869800,555218,27712.12200000,59104872.90314600
1770246000000,2026-02-04 23:00:00,2120.16000000,2165.65000000,2115.47000000,2148.26000000,32572.83530000,1770249599999,69954304.87538100,398007,16351.84760000,35121521.58803900
1770249600000,2026-02-05 00:00:00,2148.25000000,2164.15000000,2136.81000000,2149.78000000,18420.29870000,1770253199999,39620420.71344900,311000,9050.48830000,19468079.36004400
1770253200000,2026-02-05 01:00:00,2149.78000000,2173.77000000,2123.04000000,2148.55000000,37524.44430000,1770256799999,80780369.55428200,525795,18344.88560000,39502479.29542700
1770256800000,2026-02-05 02:00:00,2148.54000000,2163.67000000,2113.32000000,2124.31000000,46882.72780000,1770260399999,100266961.46945900,631267,23107.95380000,49434560.76737600
1770260400000,2026-02-05 03:00:00,2124.30000000,2136.68000000,2097.94000000,2110.00000000,70425.87910000,1770263999999,148854150.20907100,662056,38529.37070000,81400772.01189700
1770264000000,2026-02-05 04:00:00,2110.00000000,2125.26000000,2078.32000000,2104.03000000,67759.99650000,1770267599999,142294203.83975800,698839,31767.52020000,66722827.01465800
1770267600000,2026-02-05 05:00:00,2104.03000000,2124.55000000,2077.70000000,2101.42000000,54676.84490000,1770271199999,114850492.37707200,496903,24287.84880000,51042102.86523500
1770271200000,2026-02-05 06:00:00,2101.42000000,2107.72000000,2068.20000000,2087.57000000,60204.59950000,1770274799999,125584786.05847100,496334,28737.38250000,59950336.29541200
1770274800000,2026-02-05 07:00:00,2087.57000000,2124.32000000,2085.72000000,2091.40000000,49914.71200000,1770278399999,105234453.86027600,447481,26476.08300000,55828784.91943700
1770278400000,2026-02-05 08:00:00,2091.50000000,2121.27000000,2091.32000000,2111.76000000,34195.52650000,1770281999999,72111005.78558800,367613,17539.37020000,36987806.83421400
1770282000000,2026-02-05 09:00:00,2111.80000000,2149.75000000,2111.16000000,2133.45000000,34085.56560000,1770285599999,72788623.34867800,340917,17802.75300000,38010566.11208600
1770285600000,2026-02-05 10:00:00,2133.46000000,2140.50000000,2086.54000000,2097.72000000,42052.91220000,1770289199999,89050568.68670300,331732,21125.68440000,44758235.10747800
1770289200000,2026-02-05 11:00:00,2097.72000000,2105.30000000,2061.96000000,2079.98000000,61549.20510000,1770292799999,128063335.98805700,590953,30203.76680000,62847329.62588400
1770292800000,2026-02-05 12:00:00,2079.98000000,2092.71000000,2043.16000000,2063.99000000,91567.23330000,1770296399999,188925833.15811000,655731,51702.93410000,106676363.83611100
1770296400000,2026-02-05 13:00:00,2063.98000000,2080.76000000,2048.38000000,2058.64000000,43161.82740000,1770299999999,88961265.51258800,338820,23767.64300000,49002758.24161700
1770300000000,2026-02-05 14:00:00,2058.64000000,2106.51000000,2042.42000000,2046.60000000,97110.52090000,1770303599999,201578363.07506800,637377,49424.89940000,102604549.86064900
1770303600000,2026-02-05 15:00:00,2046.59000000,2054.16000000,1927.33000000,1961.12000000,255705.74800000,1770307199999,505233037.54328000,1068619,119782.59550000,236618069.93832300
1770307200000,2026-02-05 16:00:00,1961.12000000,2018.33000000,1944.94000000,1998.68000000,116393.93240000,1770310799999,230077817.00384100,722062,65012.29020000,128457995.00430200
1770310800000,2026-02-05 17:00:00,1998.68000000,2001.77000000,1943.57000000,1955.09000000,79113.87920000,1770314399999,155900779.67222000,617313,38490.09760000,75876247.09314000
1770314400000,2026-02-05 18:00:00,1955.09000000,1968.73000000,1913.76000000,1950.30000000,102822.69920000,1770317999999,199418104.05802500,607090,50529.16910000,98021383.12949000
1770318000000,2026-02-05 19:00:00,1950.35000000,1953.81000000,1918.14000000,1928.76000000,79191.63880000,1770321599999,153258118.35259500,510041,42571.94480000,82379020.26671400
1770321600000,2026-02-05 20:00:00,1928.78000000,1943.06000000,1825.06000000,1869.59000000,221025.50400000,1770325199999,413901008.94626800,931553,97674.11040000,183089921.09188100
1770325200000,2026-02-05 21:00:00,1869.60000000,1912.35000000,1840.04000000,1850.48000000,133385.25680000,1770328799999,249946079.12458200,768696,65039.92910000,121904972.09791600
1770328800000,2026-02-05 22:00:00,1850.42000000,1890.17000000,1818.18000000,1870.79000000,80415.38700000,1770332399999,149142673.44941700,442798,41821.53100000,77609081.11860800
1770332400000,2026-02-05 23:00:00,1870.78000000,1907.66000000,1820.46000000,1826.83000000,74700.35590000,1770335999999,139331657.99900500,466597,35175.03090000,65636452.47502400
1770336000000,2026-02-06 00:00:00,1826.83000000,1892.65000000,1747.80000000,1870.61000000,251543.05770000,1770339599999,455907543.83002800,1188115,123013.91200000,223274630.17675600
1770339600000,2026-02-06 01:00:00,1870.63000000,1940.16000000,1870.37000000,1932.17000000,113407.95110000,1770343199999,216065834.68065800,774536,62826.59120000,119617798.61629600
1770343200000,2026-02-06 02:00:00,1932.17000000,1947.84000000,1891.46000000,1907.49000000,48456.35130000,1770346799999,92878749.72130200,494785,24333.05720000,46665755.59036800
1770346800000,2026-02-06 03:00:00,1907.50000000,1917.88000000,1879.24000000,1891.82000000,54548.09560000,1770350399999,103457044.95976200,473678,23666.17590000,44880376.82822800
1770350400000,2026-02-06 04:00:00,1891.81000000,1917.80000000,1885.95000000,1909.03000000,34232.05140000,1770353999999,65184590.12456400,314347,16827.63300000,32059872.07684500
1770354000000,2026-02-06 05:00:00,1909.02000000,1975.75000000,1906.60000000,1958.69000000,53356.43510000,1770357599999,103295155.35887300,398410,28190.11590000,54588478.00301700
1770357600000,2026-02-06 06:00:00,1958.69000000,1967.27000000,1906.89000000,1908.32000000,77948.10550000,1770361199999,150531893.70065900,438069,45844.16400000,88516103.34563600
1770361200000,2026-02-06 07:00:00,1908.32000000,1915.15000000,1887.29000000,1899.42000000,102231.86400000,1770364799999,194332677.19207700,472029,60284.81710000,114578018.53558500
1770364800000,2026-02-06 08:00:00,1899.41000000,1907.01000000,1866.13000000,1874.46000000,115044.06770000,1770368399999,216801126.78634800,468606,69782.15930000,131531305.85600900
1770368400000,2026-02-06 09:00:00,1874.46000000,1929.18000000,1871.10000000,1919.00000000,99856.68830000,1770371999999,189837446.36326200,388848,61296.79110000,116529633.83566900
1770372000000,2026-02-06 10:00:00,1919.08000000,1934.98000000,1909.69000000,1926.94000000,102748.74250000,1770375599999,197492485.41222200,333701,68203.22040000,131067106.99441400
1770375600000,2026-02-06 11:00:00,1926.93000000,1939.35000000,1919.96000000,1932.68000000,54954.13280000,1770379199999,105985413.74862800,262696,31435.35880000,60637617.46140700
1770379200000,2026-02-06 12:00:00,1932.67000000,1932.67000000,1914.88000000,1920.91000000,41598.40670000,1770382799999,79935010.75731600,258218,23708.46650000,45562314.83329000
1770382800000,2026-02-06 13:00:00,1920.91000000,1962.39000000,1919.29000000,1950.31000000,75652.12420000,1770386399999,147187027.46429500,519598,47059.74510000,91558655.53849400
1770386400000,2026-02-06 14:00:00,1950.31000000,2002.18000000,1933.33000000,1978.88000000,143645.89250000,1770389999999,282759885.33964000,819557,84705.48690000,166724694.00640000
1770390000000,2026-02-06 15:00:00,1978.89000000,1997.68000000,1961.24000000,1980.81000000,86980.50600000,1770393599999,172086844.33383700,827846,41744.94030000,82543571.96691700
1770393600000,2026-02-06 16:00:00,1980.80000000,2046.60000000,1970.17000000,2036.17000000,123293.16540000,1770397199999,248791541.31878300,749127,76422.88290000,154191289.91779000
1770397200000,2026-02-06 17:00:00,2036.17000000,2090.13000000,2027.73000000,2067.01000000,130842.53060000,1770400799999,269912515.05721700,702160,78497.17680000,161975541.78417900
1770400800000,2026-02-06 18:00:00,2067.01000000,2070.19000000,2030.59000000,2044.61000000,90216.46300000,1770404399999,184730619.62595300,706550,48552.57770000,99463635.86093300
1770404400000,2026-02-06 19:00:00,2044.61000000,2072.00000000,2033.37000000,2065.63000000,63890.13380000,1770407999999,131225273.71624800,430817,38995.09730000,80124643.20187400
1770408000000,2026-02-06 20:00:00,2065.63000000,2093.94000000,2043.68000000,2054.23000000,62701.25700000,1770411599999,129805086.22284200,475278,31695.21230000,65628490.88449500
1770411600000,2026-02-06 21:00:00,2054.23000000,2061.99000000,2039.93000000,2053.97000000,45338.54260000,1770415199999,93072096.58466800,297608,26072.48040000,53535038.22368000
1770415200000,2026-02-06 22:00:00,2053.98000000,2085.47000000,2046.08000000,2075.10000000,74012.48670000,1770418799999,152817536.36595400,270647,45354.10840000,93615949.21898200
1770418800000,2026-02-06 23:00:00,2075.09000000,2087.98000000,2049.28000000,2063.38000000,55812.50580000,1770422399999,115355272.34670300,297505,31280.40580000,64610865.99318800
1770422400000,2026-02-07 00:00:00,2063.37000000,2064.56000000,2036.75000000,2043.50000000,50106.17100000,1770425999999,102608483.73386700,356332,27819.07400000,56960778.29731000
1770426000000,2026-02-07 01:00:00,2043.49000000,2066.64000000,2032.60000000,2061.94000000,26816.01290000,1770429599999,54888809.84827800,241167,12838.80670000,26290631.97686400
1770429600000,2026-02-07 02:00:00,2061.94000000,2065.35000000,2048.78000000,2059.39000000,17033.06500000,1770433199999,35046308.66393400,197049,6919.55250000,14237479.99233600
1770433200000,2026-02-07 03:00:00,2059.39000000,2086.00000000,2057.58000000,2080.81000000,29817.87300000,1770436799999,61831890.97152200,243830,18407.21560000,38178637.88268500
1770436800000,2026-02-07 04:00:00,2080.80000000,2119.46000000,2078.81000000,2087.40000000,56525.08030000,1770440399999,118539508.15634600,437692,28964.87100000,60711874.84849300
1770440400000,2026-02-07 05:00:00,2087.39000000,2103.99000000,2077.79000000,2083.79000000,21183.24820000,1770443999999,44276240.99056000,249553,11091.45340000,23187302.91944200
1770444000000,2026-02-07 06:00:00,2083.78000000,2093.52000000,2047.20000000,2047.73000000,24691.09550000,1770447599999,51181717.50888300,292280,10080.62100000,20903127.67274400
1770447600000,2026-02-07 07:00:00,2047.73000000,2055.70000000,1994.57000000,2027.10000000,78423.32220000,1770451199999,158517946.75381900,691190,36240.35590000,73255742.18498200
1770451200000,2026-02-07 08:00:00,2027.10000000,2032.60000000,2015.33000000,2019.02000000,30728.19430000,1770454799999,62185907.86545500,307942,10089.30240000,20425705.27444300
1770454800000,2026-02-07 09:00:00,2019.02000000,2029.84000000,2005.26000000,2014.45000000,21264.54310000,1770458399999,42893040.83571000,231506,7943.24730000,16023954.25905100
1770458400000,2026-02-07 10:00:00,2014.45000000,2019.56000000,1999.57000000,2010.68000000,21711.24230000,1770461999999,43601815.91199200,225635,8502.33390000,17074751.67025000
1770462000000,2026-02-07 11:00:00,2010.67000000,2021.79000000,2007.05000000,2018.77000000,16467.10970000,1770465599999,33133550.62394100,177092,7173.78000000,14436348.08095300
1770465600000,2026-02-07 12:00:00,2018.77000000,2075.21000000,2017.02000000,2041.33000000,65816.00490000,1770469199999,134809043.24837000,551225,37062.91420000,75896798.85524400
1770469200000,2026-02-07 13:00:00,2041.33000000,2050.43000000,2028.37000000,2041.49000000,50018.07730000,1770472799999,101992387.62960800,275721,30541.14860000,62271744.17327400
1770472800000,2026-02-07 14:00:00,2041.48000000,2049.53000000,2009.82000000,2020.41000000,24158.71380000,1770476399999,49072613.20930700,254519,9942.06090000,20187513.58647600
1770476400000,2026-02-07 15:00:00,2020.41000000,2063.46000000,2014.38000000,2052.54000000,31750.96130000,1770479999999,64890561.93468100,354920,14519.12610000,29670601.88877700
1770480000000,2026-02-07 16:00:00,2052.55000000,2121.70000000,2009.54000000,2050.30000000,389715.08600000,1770483599999,802133999.78558500,1262372,194505.50990000,400654211.30240500
1770483600000,2026-02-07 17:00:00,2050.30000000,2073.13000000,2032.96000000,2061.16000000,35198.21820000,1770487199999,72210032.25356500,386431,16964.19750000,34784650.52943000
1770487200000,2026-02-07 18:00:00,2061.16000000,2109.66000000,2059.00000000,2097.10000000,57697.36400000,1770490799999,120379317.54787500,339996,22560.11070000,47068290.69544100
1770490800000,2026-02-07 19:00:00,2097.10000000,2101.35000000,2083.74000000,2091.29000000,17769.76420000,1770494399999,37180948.44170300,195190,6358.46120000,13305361.21960300
1770494400000,2026-02-07 20:00:00,2091.29000000,2115.00000000,2084.60000000,2105.32000000,22849.02010000,1770497999999,47938739.72648400,177420,8906.03800000,18702660.31640000
1770498000000,2026-02-07 21:00:00,2105.33000000,2110.35000000,2094.46000000,2100.42000000,23918.76210000,1770501599999,50289712.41435000,187640,7471.08750000,15712825.82565900
1770501600000,2026-02-07 22:00:00,2100.43000000,2107.56000000,2087.62000000,2088.58000000,12581.73650000,1770505199999,26386741.03715600,129834,6117.34330000,12833278.61312000
1770505200000,2026-02-07 23:00:00,2088.58000000,2095.63000000,2073.00000000,2087.08000000,16375.78280000,1770508799999,34141932.01851800,171824,7567.33050000,15781878.71236900
1770508800000,2026-02-08 00:00:00,2087.08000000,2094.60000000,2076.86000000,2084.58000000,14208.60000000,1770512399999,29599875.96472000,150267,5446.87680000,11348142.86440200
1770512400000,2026-02-08 01:00:00,2084.58000000,2097.76000000,2082.23000000,2096.35000000,12761.08530000,1770515999999,26665848.07485500,140602,6063.51640000,12673672.51868100
1770516000000,2026-02-08 02:00:00,2096.36000000,2107.44000000,2082.48000000,2088.84000000,13998.52510000,1770519599999,29317485.75285300,160482,6927.96590000,14512916.48975300
1770519600000,2026-02-08 03:00:00,2088.90000000,2093.29000000,2077.00000000,2078.77000000,14878.02810000,1770523199999,31038077.96972200,149603,7531.93210000,15716916.71966400
1770523200000,2026-02-08 04:00:00,2078.78000000,2090.01000000,2064.91000000,2087.72000000,31811.96070000,1770526799999,66111683.21353000,134234,13658.42330000,28358788.61848300
1770526800000,2026-02-08 05:00:00,2087.72000000,2088.41000000,2078.76000000,2084.77000000,11329.98850000,1770530399999,23615163.10885300,93627,6375.41410000,13288924.56947300
1770530400000,2026-02-08 06:00:00,2084.76000000,2089.10000000,2077.19000000,2079.30000000,8700.93540000,1770533999999,18122009.40158500,98686,3657.65010000,7618983.96132800
1770534000000,2026-02-08 07:00:00,2079.30000000,2084.42000000,2064.10000000,2084.41000000,30059.00400000,1770537599999,62329031.01633800,144459,9278.33080000,19252274.70868800
1770537600000,2026-02-08 08:00:00,2084.41000000,2124.55000000,2078.04000000,2116.03000000,31335.03450000,1770541199999,65932211.20894300,293076,17725.23930000,37282558.41241600
1770541200000,2026-02-08 09:00:00,2116.04000000,2123.00000000,2095.53000000,2100.55000000,17224.49590000,1770544799999,36295944.16506400,220330,8363.86590000,17624076.75073600
1770544800000,2026-02-08 10:00:00,2100.54000000,2114.17000000,2083.41000000,2096.08000000,17098.50350000,1770548399999,35852194.64945200,195564,7907.99980000,16587990.22704300
1770548400000,2026-02-08 11:00:00,2096.08000000,2137.57000000,2094.45000000,2132.35000000,27090.56670000,1770551999999,57538638.16788400,256512,14940.33680000,31738865.51715700
1770552000000,2026-02-08 12:00:00,2132.36000000,2145.26000000,2125.42000000,2131.43000000,25674.12480000,1770555599999,54747858.51528900,233220,11808.48090000,25181869.98437400
1770555600000,2026-02-08 13:00:00,2131.44000000,2141.00000000,2118.39000000,2126.59000000,28849.42650000,1770559199999,61399105.55859500,225526,14078.47580000,29967397.96537500
1770559200000,2026-02-08 14:00:00,2126.59000000,2129.49000000,2116.32000000,2128.62000000,13093.62030000,1770562799999,27789839.60501500,153578,5361.90420000,11381096.48497200
1770562800000,2026-02-08 15:00:00,2128.61000000,2130.78000000,2097.57000000,2108.64000000,24592.32780000,1770566399999,51949850.57968600,245479,11932.40890000,25203048.39529100
1770566400000,2026-02-08 16:00:00,2108.63000000,2116.08000000,2072.80000000,2080.97000000,21042.14060000,1770569999999,44101805.39563300,229412,8671.57600000,18185927.55456200
1770570000000,2026-02-08 17:00:00,2080.96000000,2099.31000000,2080.10000000,2092.13000000,12984.15540000,1770573599999,27145617.10825000,153655,5961.82190000,12464904.45124200
1770573600000,2026-02-08 18:00:00,2092.13000000,2122.13000000,2090.69000000,2109.47000000,16445.40410000,1770577199999,34654410.67875300,157432,7912.33730000,16666717.82175000
1770577200000,2026-02-08 19:00:00,2109.47000000,2129.73000000,2107.66000000,2126.77000000,10365.00230000,1770580799999,21949984.60109500,121660,4649.27550000,9847161.42686200
1770580800000,2026-02-08 20:00:00,2126.79000000,2127.25000000,2100.26000000,2104.59000000,10698.39800000,1770584399999,22608556.37990300,132321,4163.76510000,8799537.21268900
1770584400000,2026-02-08 21:00:00,2104.58000000,2115.10000000,2090.00000000,2093.90000000,13436.26090000,1770587999999,28227085.90855900,132764,6017.38310000,12646669.62457100
1770588000000,2026-02-08 22:00:00,2093.91000000,2112.68000000,2093.83000000,2108.43000000,12301.02520000,1770591599999,25848171.52581500,107264,6257.40320000,13151026.72853900
1770591600000,2026-02-08 23:00:00,2108.45000000,2152.03000000,2071.60000000,2089.74000000,62858.63790000,1770595199999,132528519.30850200,449292,33328.37640000,70309942.98792400
1770595200000,2026-02-09 00:00:00,2089.73000000,2097.20000000,2076.33000000,2084.48000000,21165.07920000,1770598799999,44178603.21759800,239369,10817.32400000,22584308.95671000
1770598800000,2026-02-09 01:00:00,2084.47000000,2101.24000000,2055.01000000,2070.89000000,34537.95520000,1770602399999,71618689.09362300,284063,17303.62130000,35870960.17327800
1770602400000,2026-02-09 02:00:00,2070.89000000,2095.52000000,2065.71000000,2081.29000000,17975.80140000,1770605999999,37399469.43259200,201552,10907.08900000,22702656.88030100
1770606000000,2026-02-09 03:00:00,2081.29000000,2103.02000000,2081.29000000,2100.25000000,16548.28660000,1770609599999,34604104.96822400,198000,9962.83350000,20834989.89303000
1770609600000,2026-02-09 04:00:00,2100.25000000,2102.03000000,2086.66000000,2090.35000000,11919.64190000,1770613199999,24945323.44933100,114533,5073.77500000,10620657.16815200
1770613200000,2026-02-09 05:00:00,2090.35000000,2097.01000000,2083.75000000,2095.82000000,11072.99250000,1770616799999,23145185.67457300,104441,6291.95120000,13155647.60475000
1770616800000,2026-02-09 06:00:00,2095.81000000,2095.82000000,2072.43000000,2081.43000000,23279.37330000,1770620399999,48483918.71730300,201810,13133.78530000,27359203.22899300
1770620400000,2026-02-09 07:00:00,2081.43000000,2087.70000000,2064.67000000,2065.74000000,17690.15360000,1770623999999,36706746.73884200,152054,8042.42000000,16693982.81970000
1770624000000,2026-02-09 08:00:00,2065.74000000,2070.21000000,2034.56000000,2050.07000000,35682.28220000,1770627599999,73236555.46125000,270975,14996.42970000,30775502.51467400
1770627600000,2026-02-09 09:00:00,2050.02000000,2057.43000000,2034.61000000,2042.27000000,22439.91440000,1770631199999,45899699.74662500,154242,10195.23600000,20849049.13805700
1770631200000,2026-02-09 10:00:00,2042.27000000,2047.32000000,2013.25000000,2022.70000000,32691.43240000,1770634799999,66238119.70957900,264907,15249.54410000,30892849.37372900
1770634800000,2026-02-09 11:00:00,2022.70000000,2036.83000000,2020.89000000,2028.23000000,19415.23390000,1770638399999,39375461.86755300,163870,10491.91540000,21281127.10993300
1770638400000,2026-02-09 12:00:00,2028.26000000,2039.40000000,2027.53000000,2035.65000000,12709.90500000,1770641999999,25855420.11270000,140203,7041.20120000,14324652.24569600
1770642000000,2026-02-09 13:00:00,2035.65000000,2050.17000000,2022.30000000,2022.52000000,21963.78550000,1770645599999,44770713.18753800,224147,10918.85900000,22262763.20559800
1770645600000,2026-02-09 14:00:00,2022.52000000,2049.99000000,2008.62000000,2043.70000000,49955.37660000,1770649199999,101300626.42701500,630988,24681.24380000,50050847.60503900
1770649200000,2026-02-09 15:00:00,2043.71000000,2073.47000000,2032.10000000,2061.61000000,38564.15720000,1770652799999,79209249.65315800,460205,20225.43490000,41555494.71089600
1770652800000,2026-02-09 16:00:00,2061.61000000,2109.57000000,2047.78000000,2091.21000000,35694.01460000,1770656399999,74206337.26281900,455218,18895.65370000,39268885.57940800
1770656400000,2026-02-09 17:00:00,2091.22000000,2136.90000000,2078.00000000,2127.33000000,46013.34340000,1770659999999,97093820.42307400,471009,24500.26980000,51688527.85575200
1770660000000,2026-02-09 18:00:00,2127.33000000,2143.00000000,2109.53000000,2130.67000000,39034.99700000,1770663599999,83025269.19459500,453455,18941.73900000,40289815.06013700
1770663600000,2026-02-09 19:00:00,2130.67000000,2138.35000000,2119.25000000,2131.34000000,21945.89850000,1770667199999,46735193.88761800,288531,11560.69270000,24620189.41005300
1770667200000,2026-02-09 20:00:00,2131.34000000,2147.73000000,2118.34000000,2124.86000000,28564.24550000,1770670799999,60824070.63684200,291442,14041.23340000,29894868.79126500
1770670800000,2026-02-09 21:00:00,2124.87000000,2129.78000000,2089.00000000,2122.24000000,33056.30290000,1770674399999,69681821.14941200,252460,15436.93310000,32580306.35990500
1770674400000,2026-02-09 22:00:00,2122.24000000,2125.90000000,2111.40000000,2115.22000000,20709.85150000,1770677999999,43871456.96602300,148907,10378.74940000,21988022.00666000
1770678000000,2026-02-09 23:00:00,2115.22000000,2122.47000000,2101.67000000,2105.02000000,12748.53260000,1770681599999,26910950.82739200,165523,6358.59680000,13424663.53455800
1770681600000,2026-02-10 00:00:00,2105.02000000,2112.92000000,2096.49000000,2096.72000000,9634.87620000,1770685199999,20270184.78741700,141729,4959.53210000,10436185.55898800
1770685200000,2026-02-10 01:00:00,2096.72000000,2124.71000000,2096.40000000,2117.35000000,10400.32610000,1770688799999,21982756.30967400,182800,6048.41190000,12784117.86470000
1770688800000,2026-02-10 02:00:00,2117.35000000,2121.71000000,2102.73000000,2108.18000000,8793.30490000,1770692399999,18566643.88520700,128571,3648.14890000,7705262.98928000
1770692400000,2026-02-10 03:00:00,2108.18000000,2110.70000000,2052.14000000,2064.96000000,34934.11800000,1770695999999,72422111.55514100,266597,14433.34950000,29896995.25913500
1770696000000,2026-02-10 04:00:00,2064.96000000,2074.35000000,2062.91000000,2070.44000000,11716.02500000,1770699599999,24239862.10634800,121743,4473.61010000,9255313.89677600
1770699600000,2026-02-10 05:00:00,2070.44000000,2072.00000000,2045.57000000,2053.07000000,19759.33060000,1770703199999,40666369.64326600,177292,8146.62360000,16759084.46531200
1770703200000,2026-02-10 06:00:00,2053.07000000,2057.71000000,1997.59000000,2008.79000000,122549.32090000,1770706799999,247320963.94817400,471479,70468.81320000,141974879.16711000
1770706800000,2026-02-10 07:00:00,2008.79000000,2019.84000000,1999.99000000,2007.47000000,41588.88040000,1770710399999,83611599.64474600,214507,19246.14200000,38695928.94898600
1770710400000,2026-02-10 08:00:00,2007.47000000,2017.47000000,1995.83000000,2014.88000000,54492.82740000,1770713999999,109355883.29243300,222089,18307.83420000,36745425.28356400
1770714000000,2026-02-10 09:00:00,2014.87000000,2029.98000000,2009.87000000,2016.80000000,30100.62210000,1770717599999,60763811.22964600,154139,14297.62270000,28864663.55388800
1770717600000,2026-02-10 10:00:00,2016.80000000,2022.02000000,2009.54000000,2014.01000000,14015.99750000,1770721199999,28255357.93171900,101433,4438.72600000,8948050.46959400
1770721200000,2026-02-10 11:00:00,2014.00000000,2022.82000000,2001.05000000,2003.21000000,15977.34800000,1770724799999,32127744.81694100,144837,7274.44860000,14636170.55200900
1770724800000,2026-02-10 12:00:00,2003.20000000,2017.52000000,2002.60000000,2008.16000000,12071.21000000,1770728399999,24273030.24983100,149228,5864.01370000,11794095.13223400
1770728400000,2026-02-10 13:00:00,2008.15000000,2027.68000000,1999.00000000,2022.49000000,22866.51660000,1770731999999,46060419.66872000,227659,13289.20540000,26779929.04960100
1770732000000,2026-02-10 14:00:00,2022.49000000,2040.01000000,1989.38000000,2009.80000000,39644.31290000,1770735599999,79784471.20435300,505729,19193.99400000,38650394.02348800
1770735600000,2026-02-10 15:00:00,2009.79000000,2029.99000000,2004.02000000,2022.66000000,32239.06350000,1770739199999,65143544.84948900,461448,17171.69740000,34699282.30308000
1770739200000,2026-02-10 16:00:00,2022.67000000,2037.75000000,2012.22000000,2026.09000000,18282.05130000,1770742799999,37062577.41911600,291447,8520.48030000,17280435.46083900
1770742800000,2026-02-10 17:00:00,2026.08000000,2046.94000000,2020.00000000,2040.20000000,14256.81270000,1770746399999,29024515.11204800,211384,7358.28910000,14985795.90250100
1770746400000,2026-02-10 18:00:00,2040.20000000,2042.65000000,1996.18000000,2009.44000000,20737.05450000,1770749999999,41757715.33037900,285794,9303.82500000,18732934.67555600
1770750000000,2026-02-10 19:00:00,2009.44000000,2025.72000000,2003.74000000,2017.95000000,10033.89510000,1770753599999,20204474.36393300,232206,5364.95190000,10804420.46143200
1770753600000,2026-02-10 20:00:00,2017.95000000,2021.52000000,2004.75000000,2011.55000000,6872.16530000,1770757199999,13824723.07134600,149259,3522.61220000,7086855.36878900
1770757200000,2026-02-10 21:00:00,2011.56000000,2017.95000000,1997.00000000,2008.45000000,8420.29900000,1770760799999,16893275.18365700,130711,4111.42480000,8250287.40780800
1770760800000,2026-02-10 22:00:00,2008.46000000,2020.35000000,2007.11000000,2017.95000000,7117.06810000,1770764399999,14329093.28454900,91918,3570.74210000,7188570.23911900
1770764400000,2026-02-10 23:00:00,2017.95000000,2022.85000000,2012.64000000,2022.67000000,7818.26470000,1770767999999,15769860.82043900,95395,3975.76630000,8019933.01047100
1770768000000,2026-02-11 00:00:00,2022.67000000,2029.66000000,2019.29000000,2025.41000000,6888.51480000,1770771599999,13946430.78182300,111547,3054.48980000,6184209.01402100
1770771600000,2026-02-11 01:00:00,2025.41000000,2031.02000000,2016.60000000,2024.45000000,7138.67390000,1770775199999,14443367.88746000,99445,2680.65340000,5425741.15252000
1770775200000,2026-02-11 02:00:00,2024.45000000,2032.31000000,2014.39000000,2017.85000000,6254.76260000,1770778799999,12666381.69834900,114061,2710.04350000,5489107.25285800
1770778800000,2026-02-11 03:00:00,2017.84000000,2021.38000000,1998.00000000,2009.59000000,12912.15840000,1770782399999,25961326.28629400,178828,5878.56730000,11822568.33864400
1770782400000,2026-02-11 04:00:00,2009.59000000,2011.23000000,1963.29000000,1971.39000000,34552.98420000,1770785999999,68497439.88990700,297538,15659.26330000,31026874.96223400
1770786000000,2026-02-11 05:00:00,1971.40000000,1981.40000000,1971.28000000,1974.45000000,9363.01010000,1770789599999,18505758.49322900,158007,4618.22830000,9128357.47845600
1770789600000,2026-02-11 06:00:00,1974.45000000,1977.49000000,1939.21000000,1949.19000000,40991.64620000,1770793199999,80117497.60412200,324621,16954.12270000,33125404.84084100
1770793200000,2026-02-11 07:00:00,1949.19000000,1958.57000000,1945.50000000,1950.89000000,15621.03810000,1770796799999,30503289.47135000,207238,9024.04630000,17623144.32575400
1770796800000,2026-02-11 08:00:00,1950.90000000,1953.72000000,1937.11000000,1950.12000000,14519.16480000,1770800399999,28271020.93461100,173038,7510.97390000,14628298.84778000
1770800400000,2026-02-11 09:00:00,1950.13000000,1954.32000000,1943.31000000,1947.00000000,9783.08340000,1770803999999,19065420.33627200,133327,5566.74360000,10848435.36453000
1770804000000,2026-02-11 10:00:00,1947.00000000,1947.00000000,1932.02000000,1939.30000000,13999.77930000,1770807599999,27138055.10756900,192113,6408.13710000,12423577.25840400
1770807600000,2026-02-11 11:00:00,1939.29000000,1956.52000000,1936.75000000,1953.66000000,11530.92470000,1770811199999,22465369.18899500,155334,7328.61850000,14278518.21606500
1770811200000,2026-02-11 12:00:00,1953.65000000,1967.10000000,1949.08000000,1952.34000000,15263.05390000,1770814799999,29899375.75212100,175370,7858.51030000,15395949.56409500
1770814800000,2026-02-11 13:00:00,1952.34000000,1968.93000000,1942.82000000,1960.60000000,33012.43680000,1770818399999,64531725.35867100,322800,16890.92060000,33018074.26310800
1770818400000,2026-02-11 14:00:00,1960.60000000,2015.81000000,1937.23000000,1943.30000000,75602.52020000,1770821999999,149488657.39978100,803502,37339.78130000,73864353.57253900
1770822000000,2026-02-11 15:00:00,1943.34000000,1950.49000000,1903.19000000,1929.46000000,66920.57840000,1770825599999,128782052.85208100,795969,31643.70830000,60913272.54738800
1770825600000,2026-02-11 16:00:00,1929.46000000,1956.34000000,1910.02000000,1915.33000000,34074.72410000,1770829199999,65894778.42676700,448420,15596.65890000,30173415.96733700
1770829200000,2026-02-11 17:00:00,1915.34000000,1942.48000000,1908.80000000,1929.88000000,24595.91980000,1770832799999,47411666.69681600,343429,11899.69800000,22939991.06327000
1770832800000,2026-02-11 18:00:00,1929.95000000,1948.57000000,1915.71000000,1944.03000000,22146.21390000,1770836399999,42866077.30802300,323178,11390.90770000,22046105.09703800
1770836400000,2026-02-11 19:00:00,1944.02000000,1959.80000000,1938.28000000,1952.28000000,22517.94070000,1770839999999,43922122.94198900,312257,11346.05570000,22132578.36133300
1770840000000,2026-02-11 20:00:00,1952.27000000,1958.84000000,1940.49000000,1954.23000000,11739.01690000,1770843599999,22902593.06167400,217216,6451.31230000,12590064.00020100
1770843600000,2026-02-11 21:00:00,1954.24000000,1988.07000000,1950.92000000,1970.45000000,17835.29320000,1770847199999,35138401.22955200,259705,10454.87840000,20601607.17347300
1770847200000,2026-02-11 22:00:00,1970.46000000,1973.25000000,1948.35000000,1951.47000000,10030.03850000,1770850799999,19660547.41515100,156891,4415.69650000,8655646.86653600
1770850800000,2026-02-11 23:00:00,1951.47000000,1956.95000000,1932.44000000,1941.18000000,12362.34080000,1770854399999,24021119.98026900,146976,6335.72590000,12315340.22042700
1770854400000,2026-02-12 00:00:00,1941.19000000,1963.53000000,1941.19000000,1958.80000000,9494.70210000,1770857999999,18560408.02125100,169079,4994.04820000,9760249.39672400
1770858000000,2026-02-12 01:00:00,1958.81000000,1977.75000000,1958.81000000,1965.94000000,11412.10950000,1770861599999,22471278.78072800,183686,6047.17790000,11908833.51286900
1770861600000,2026-02-12 02:00:00,1965.93000000,1971.91000000,1955.39000000,1958.69000000,12120.13210000,1770865199999,23794503.28460700,167523,6399.50580000,12565110.78930300
1770865200000,2026-02-12 03:00:00,1958.70000000,1969.11000000,1957.19000000,1968.69000000,9159.66660000,1770868799999,17987013.02201800,133430,4459.03470000,8755556.75671700
1770868800000,2026-02-12 04:00:00,1968.70000000,1975.35000000,1960.29000000,1965.78000000,12225.79730000,1770872399999,24072131.82477400,156870,5612.34530000,11051653.34230400
1770872400000,2026-02-12 05:00:00,1965.78000000,1971.95000000,1953.14000000,1970.69000000,11882.65530000,1770875999999,23329704.78010400,167385,6100.77850000,11978994.96001300
1770876000000,2026-02-12 06:00:00,1970.69000000,1983.00000000,1965.51000000,1975.06000000,13953.51820000,1770879599999,27562336.43311400,156168,6406.51700000,12654892.57077500
1770879600000,2026-02-12 07:00:00,1975.06000000,1977.92000000,1966.19000000,1968.07000000,14432.72330000,1770883199999,28449622.01458300,125564,5935.36330000,11700645.40978200
1770883200000,2026-02-12 08:00:00,1968.07000000,1973.92000000,1957.25000000,1965.52000000,15136.98350000,1770886799999,29756271.55996300,138038,6670.53740000,13111813.36003100
1770886800000,2026-02-12 09:00:00,1965.52000000,1989.67000000,1963.28000000,1982.43000000,14651.40790000,1770890399999,28955794.79366000,142229,7033.90120000,13903619.88969800
1770890400000,2026-02-12 10:00:00,1982.43000000,1995.73000000,1977.57000000,1994.15000000,12025.19800000,1770893999999,23888794.70662800,149666,6680.96950000,13275378.80733900
1770894000000,2026-02-12 11:00:00,1994.16000000,2001.42000000,1983.71000000,1989.02000000,15103.49890000,1770897599999,30111891.99059700,180456,8492.17040000,16935120.87567600
1770897600000,2026-02-12 12:00:00,1989.02000000,1990.75000000,1974.85000000,1980.85000000,12244.53340000,1770901199999,24279731.04934100,146672,5691.03570000,11286672.47798500
1770901200000,2026-02-12 13:00:00,1980.85000000,1996.30000000,1975.50000000,1994.99000000,11624.99090000,1770904799999,23082597.86304800,164040,6270.36530000,12454733.89689000
1770904800000,2026-02-12 14:00:00,1994.99000000,1996.05000000,1973.41000000,1978.50000000,23170.37300000,1770908399999,45961870.91618400,301211,10613.63190000,21060056.91614800
1770908400000,2026-02-12 15:00:00,1978.50000000,1984.81000000,1945.01000000,1948.47000000,33288.18810000,1770911999999,65388377.84262500,404425,16447.29620000,32319617.14836500
1770912000000,2026-02-12 16:00:00,1948.48000000,1950.16000000,1897.24000000,1909.18000000,74532.60920000,1770915599999,142846160.46423500,759616,34288.13920000,65741944.14738500
1770915600000,2026-02-12 17:00:00,1909.18000000,1927.52000000,1902.90000000,1910.42000000,30755.39610000,1770919199999,58892408.21059200,399071,16399.54370000,31410611.66373400
1770919200000,2026-02-12 18:00:00,1910.42000000,1925.51000000,1901.82000000,1918.65000000,22178.82190000,1770922799999,42452455.85096200,348649,11406.51510000,21843186.23517200
1770922800000,2026-02-12 19:00:00,1918.66000000,1941.09000000,1911.76000000,1925.44000000,22583.62390000,1770926399999,43593206.32440500,261572,10890.20240000,21014746.70223200
1770926400000,2026-02-12 20:00:00,1925.45000000,1932.16000000,1909.66000000,1915.85000000,14922.65450000,1770929999999,28659378.39889500,215331,8566.40000000,16455412.80579100
1770930000000,2026-02-12 21:00:00,1915.88000000,1927.88000000,1914.37000000,1923.51000000,6977.46190000,1770933599999,13410369.82359700,118070,3850.29880000,7400217.71595400
1770933600000,2026-02-12 22:00:00,1923.52000000,1945.80000000,1920.46000000,1942.97000000,10377.93610000,1770937199999,20063319.93461500,114889,6016.01270000,11634002.13703100
1770937200000,2026-02-12 23:00:00,1942.96000000,1952.61000000,1939.43000000,1947.85000000,13312.16520000,1770940799999,25911940.64149800,159168,7195.70880000,14009065.63159600
1770940800000,2026-02-13 00:00:00,1947.85000000,1954.54000000,1927.63000000,1933.26000000,11537.01980000,1770944399999,22384880.89160500,166927,5183.26430000,10055722.33069300
1770944400000,2026-02-13 01:00:00,1933.26000000,1950.02000000,1933.26000000,1943.63000000,7599.65390000,1770947999999,14764697.71642000,140393,3610.27880000,7015034.97827300
1770948000000,2026-02-13 02:00:00,1943.64000000,1952.00000000,1940.88000000,1948.30000000,7231.89170000,1770951599999,14077895.09709500,114762,3091.88260000,6018829.41447800
1770951600000,2026-02-13 03:00:00,1948.31000000,1958.21000000,1944.50000000,1953.55000000,10786.23030000,1770955199999,21049395.68760900,119058,4424.27320000,8636297.02668400
1770955200000,2026-02-13 04:00:00,1953.56000000,1955.80000000,1943.80000000,1944.78000000,11010.55240000,1770958799999,21469876.54077800,116650,3678.27370000,7174141.51764700
1770958800000,2026-02-13 05:00:00,1944.77000000,1946.85000000,1933.41000000,1934.19000000,8403.20970000,1770962399999,16305349.91991200,104239,3699.96740000,7179067.39531600
1770962400000,2026-02-13 06:00:00,1934.19000000,1939.26000000,1924.72000000,1936.57000000,10656.83880000,1770965999999,20589337.19668200,109155,5229.97550000,10106370.47078500
1770966000000,2026-02-13 07:00:00,1936.57000000,1948.60000000,1932.78000000,1935.75000000,13543.54010000,1770969599999,26275482.84735300,131346,6490.03960000,12591901.13308700
1770969600000,2026-02-13 08:00:00,1935.75000000,1964.04000000,1933.65000000,1958.95000000,17601.78040000,1770973199999,34321750.53835200,155189,9602.11380000,18729980.19617600
1770973200000,2026-02-13 09:00:00,1958.96000000,1966.73000000,1953.04000000,1962.00000000,20596.58880000,1770976799999,40362417.92350600,152430,10454.57440000,20489878.84520300
1770976800000,2026-02-13 10:00:00,1962.00000000,1969.26000000,1956.70000000,1959.40000000,11783.40920000,1770980399999,23107193.80106200,152177,6335.05530000,12424879.96953200
1770980400000,2026-02-13 11:00:00,1959.41000000,1962.05000000,1945.84000000,1960.04000000,12384.64160000,1770983999999,24216705.31163900,131943,6323.32790000,12368254.67724200
1770984000000,2026-02-13 12:00:00,1960.05000000,1964.59000000,1952.60000000,1960.95000000,9051.40620000,1770987599999,17734926.40012100,120851,5260.30720000,10305999.04609300
1770987600000,2026-02-13 13:00:00,1960.95000000,1981.11000000,1956.02000000,1970.59000000,26265.70270000,1770991199999,51741256.68424800,267325,14743.04090000,29043010.87788000
1770991200000,2026-02-13 14:00:00,1970.58000000,2002.21000000,1963.14000000,1990.86000000,51023.05240000,1770994799999,101296461.55847400,550011,26818.10840000,53247606.83718100
1770994800000,2026-02-13 15:00:00,1990.88000000,2050.58000000,1987.20000000,2034.93000000,68806.41790000,1770998399999,139422377.13118600,690073,36743.24170000,74455758.80772200
1770998400000,2026-02-13 16:00:00,2034.92000000,2073.68000000,2031.42000000,2061.43000000,42726.96520000,1771001999999,87878398.68498100,413696,23618.83170000,48557095.46139500
1771002000000,2026-02-13 17:00:00,2061.43000000,2068.35000000,2049.64000000,2059.39000000,24152.41330000,1771005599999,49713050.53884400,234469,12670.61890000,26077957.61080400
1771005600000,2026-02-13 18:00:00,2059.40000000,2064.65000000,2050.64000000,2057.40000000,11647.94760000,1771009199999,23966518.87026100,222511,5650.90930000,11626857.87035400
1771009200000,2026-02-13 19:00:00,2057.41000000,2061.67000000,2052.20000000,2057.75000000,11688.64710000,1771012799999,24047468.85993800,156084,5884.90120000,12108120.45907300
1771012800000,2026-02-13 20:00:00,2057.74000000,2059.65000000,2038.69000000,2045.61000000,14978.33460000,1771016399999,30683155.23075300,166937,6099.96560000,12495089.81103600
1771016400000,2026-02-13 21:00:00,2045.61000000,2058.46000000,2045.04000000,2054.02000000,9217.60340000,1771019999999,18927001.40902500,110317,4085.38170000,8387645.25183300
1771020000000,2026-02-13 22:00:00,2054.03000000,2059.39000000,2045.07000000,2054.20000000,7343.46500000,1771023599999,15063919.66791700,83098,3228.64140000,6624812.06521900
1771023600000,2026-02-13 23:00:00,2054.20000000,2054.41000000,2046.57000000,2048.72000000,5612.45770000,1771027199999,11508272.69941900,85930,2716.64470000,5570459.83830300
1771027200000,2026-02-14 00:00:00,2048.72000000,2056.06000000,2042.37000000,2055.20000000,6195.33930000,1771030799999,12698227.58278900,103970,3317.11810000,6799716.03506400
1771030800000,2026-02-14 01:00:00,2055.20000000,2057.57000000,2050.29000000,2054.35000000,4889.22710000,1771034399999,10043471.06474800,91769,2231.49070000,4584050.54245600
1771034400000,2026-02-14 02:00:00,2054.35000000,2054.46000000,2048.10000000,2050.22000000,5703.70060000,1771037999999,11698489.28384100,64683,2220.84110000,4554351.36646800
1771038000000,2026-02-14 03:00:00,2050.22000000,2056.27000000,2048.48000000,2054.37000000,4210.92210000,1771041599999,8641878.79726300,51551,2077.90470000,4264834.17832900
1771041600000,2026-02-14 04:00:00,2054.39000000,2058.00000000,2052.77000000,2053.57000000,5108.10420000,1771045199999,10499228.40263300,64091,2170.77960000,4461475.91391300
1771045200000,2026-02-14 05:00:00,2053.56000000,2056.32000000,2050.86000000,2051.29000000,4685.48970000,1771048799999,9625395.70099400,41613,1793.70810000,3684801.84154700
1771048800000,2026-02-14 06:00:00,2051.28000000,2054.62000000,2048.50000000,2053.68000000,3821.87780000,1771052399999,7842302.16350400,37280,2286.19900000,4691583.53097600
1771052400000,2026-02-14 07:00:00,2053.68000000,2060.49000000,2050.69000000,2057.21000000,6753.72380000,1771055999999,13881695.47593000,71860,3467.87180000,7130310.29518400
1771056000000,2026-02-14 08:00:00,2057.20000000,2091.32000000,2057.04000000,2082.35000000,26811.47030000,1771059599999,55654740.66913600,268760,15127.96770000,31398855.10011000
1771059600000,2026-02-14 09:00:00,2082.35000000,2088.64000000,2075.91000000,2078.24000000,8333.01450000,1771063199999,17343849.11756700,125528,4327.41800000,9008500.65511700
1771063200000,2026-02-14 10:00:00,2078.24000000,2078.25000000,2072.57000000,2077.42000000,4025.05170000,1771066799999,8354443.55733800,62936,1758.79980000,3650573.67199300
1771066800000,2026-02-14 11:00:00,2077.43000000,2107.67000000,2077.10000000,2099.58000000,19687.41970000,1771070399999,41282793.72807900,303062,11916.99120000,24982974.38383700
1771070400000,2026-02-14 12:00:00,2099.58000000,2100.39000000,2068.09000000,2070.97000000,20672.54680000,1771073999999,43067587.68771500,228052,7293.45020000,15187421.95795400
1771074000000,2026-02-14 13:00:00,2070.97000000,2076.05000000,2064.58000000,2071.54000000,12885.30380000,1771077599999,26682146.57885700,147421,5533.06390000,11458095.60384500
1771077600000,2026-02-14 14:00:00,2071.54000000,2088.81000000,2069.34000000,2085.09000000,10445.11530000,1771081199999,21703801.15406700,133842,5931.15940000,12327806.91087400
1771081200000,2026-02-14 15:00:00,2085.10000000,2093.73000000,2080.55000000,2087.43000000,11176.67000000,1771084799999,23321237.91956000,120491,5489.64590000,11457099.32223300
1771084800000,2026-02-14 16:00:00,2087.42000000,2087.89000000,2067.27000000,2082.83000000,21781.51900000,1771088399999,45216403.58998200,150880,12228.42630000,25379418.40661300
1771088400000,2026-02-14 17:00:00,2082.84000000,2089.28000000,2077.49000000,2080.23000000,6872.69080000,1771091999999,14315232.57253400,124134,3288.86960000,6851055.79154000
1771092000000,2026-02-14 18:00:00,2080.23000000,2086.61000000,2078.77000000,2085.39000000,4417.11960000,1771095599999,9203875.80070600,93740,2356.44450000,4909961.80655900
1771095600000,2026-02-14 19:00:00,2085.39000000,2090.51000000,2078.56000000,2088.52000000,5699.56310000,1771099199999,11891155.76601900,87716,2987.12100000,6232308.22135500
1771099200000,2026-02-14 20:00:00,2088.52000000,2092.95000000,2081.24000000,2089.82000000,5072.22370000,1771102799999,10585882.65812400,63316,2541.43250000,5305048.74829300
1771102800000,2026-02-14 21:00:00,2089.83000000,2098.89000000,2078.63000000,2085.87000000,10624.36690000,1771106399999,22191563.85191500,123949,4559.19640000,9526037.84995000
1771106400000,2026-02-14 22:00:00,2085.86000000,2094.68000000,2083.66000000,2090.47000000,5214.72060000,1771109999999,10899055.82518200,84412,2722.41410000,5690489.16182100
1771110000000,2026-02-14 23:00:00,2090.46000000,2093.01000000,2083.70000000,2086.59000000,5590.05510000,1771113599999,11674771.54587300,75215,2437.22840000,5091045.98658700
1771113600000,2026-02-15 00:00:00,2086.59000000,2090.50000000,2072.74000000,2080.11000000,8335.04830000,1771117199999,17343307.74467500,111335,3571.83670000,7436760.30397000
1771117200000,2026-02-15 01:00:00,2080.11000000,2085.02000000,2053.81000000,2064.19000000,15258.93430000,1771120799999,31524598.55449100,190814,5734.32080000,11844453.35975700
1771120800000,2026-02-15 02:00:00,2064.18000000,2072.41000000,2045.00000000,2059.58000000,49424.30310000,1771124399999,101687344.63575800,269214,12278.86710000,25273452.02319600
1771124400000,2026-02-15 03:00:00,2059.59000000,2063.34000000,2030.90000000,2058.94000000,168472.10170000,1771127999999,344105865.60344600,454402,52123.73120000,106608032.31361700
1771128000000,2026-02-15 04:00:00,2058.94000000,2087.13000000,2058.94000000,2076.31000000,23173.06000000,1771131599999,48065755.01252100,279316,13242.92380000,27467702.50637600
1771131600000,2026-02-15 05:00:00,2076.31000000,2096.11000000,2075.12000000,2088.68000000,13517.58500000,1771135199999,28235721.00343100,174437,7005.18760000,14632666.75102800
1771135200000,2026-02-15 06:00:00,2088.67000000,2094.71000000,2082.61000000,2085.85000000,9082.31900000,1771138799999,18978971.48618100,124760,4791.41090000,10015134.32814800
1771138800000,2026-02-15 07:00:00,2085.85000000,2103.32000000,2082.47000000,2091.41000000,34761.72860000,1771142399999,72655407.09296200,239473,12026.66570000,25144284.62960100
1771142400000,2026-02-15 08:00:00,2091.41000000,2096.82000000,2055.92000000,2069.20000000,27316.09290000,1771145999999,56745475.96093200,251620,12336.71160000,25611501.04953700
1771146000000,2026-02-15 09:00:00,2069.20000000,2078.86000000,2066.02000000,2068.70000000,9469.01330000,1771149599999,19620163.64509900,100978,5102.70480000,10572338.85708100
1771149600000,2026-02-15 10:00:00,2068.70000000,2070.26000000,2054.36000000,2061.57000000,10415.54930000,1771153199999,21468419.27989200,164982,4372.24230000,9013057.17128600
1771153200000,2026-02-15 11:00:00,2061.56000000,2067.01000000,2058.61000000,2061.96000000,4891.91910000,1771156799999,10090231.07627300,70367,2426.24400000,5004500.74391100
1771156800000,2026-02-15 12:00:00,2061.96000000,2068.63000000,2011.00000000,2011.00000000,27452.08170000,1771160399999,55912016.77344900,237767,10033.14030000,20454812.99825300
1771160400000,2026-02-15 13:00:00,2011.00000000,2028.34000000,1994.05000000,2002.46000000,48992.18930000,1771163999999,98593606.37484900,528523,24069.79970000,48462647.75178300
1771164000000,2026-02-15 14:00:00,2002.45000000,2012.43000000,1993.30000000,2010.32000000,23471.84990000,1771167599999,47026580.10215400,245450,11861.60980000,23770753.50126200
1771167600000,2026-02-15 15:00:00,2010.32000000,2015.07000000,2002.50000000,2011.29000000,15790.39850000,1771171199999,31735232.22072400,145614,8612.40110000,17313062.55614800
1771171200000,2026-02-15 16:00:00,2011.29000000,2011.30000000,1993.35000000,2006.27000000,52142.12390000,1771174799999,104352541.54400000,227680,14857.14420000,29741945.99210100
1771174800000,2026-02-15 17:00:00,2006.27000000,2009.05000000,1957.90000000,1971.30000000,39397.21030000,1771178399999,77956600.57964000,340429,16102.37070000,31810075.05453500
1771178400000,2026-02-15 18:00:00,1971.30000000,1981.36000000,1952.62000000,1959.24000000,86430.69250000,1771181999999,169719691.16779300,434470,28286.72980000,55554845.58897700
1771182000000,2026-02-15 19:00:00,1959.24000000,1961.96000000,1928.88000000,1942.23000000,111713.68460000,1771185599999,216723448.04029700,605333,44351.71810000,86047952.71606400
1771185600000,2026-02-15 20:00:00,1942.22000000,1958.54000000,1933.77000000,1950.11000000,16989.63700000,1771189199999,33089443.87507500,198451,9420.08460000,18356157.96728000
1771189200000,2026-02-15 21:00:00,1950.11000000,1965.77000000,1950.00000000,1958.55000000,9995.15300000,1771192799999,19569452.53042700,148552,5932.57230000,11616110.24639800
1771192800000,2026-02-15 22:00:00,1958.55000000,1974.51000000,1956.58000000,1970.27000000,9431.49630000,1771196399999,18542155.99646400,130668,5661.82310000,11129977.23969000
1771196400000,2026-02-15 23:00:00,1970.27000000,1970.89000000,1944.36000000,1966.58000000,18853.92360000,1771199999999,36912478.57994500,189676,9300.98960000,18211227.25573700
1771200000000,2026-02-16 00:00:00,1966.59000000,1979.30000000,1963.35000000,1969.11000000,17601.45250000,1771203599999,34669756.19996300,178903,10184.82480000,20059617.77954200
1771203600000,2026-02-16 01:00:00,1969.11000000,1981.20000000,1957.00000000,1963.06000000,11795.92750000,1771207199999,23217853.54811100,142023,5675.95160000,11175753.69541900
1771207200000,2026-02-16 02:00:00,1963.06000000,1966.79000000,1952.30000000,1957.00000000,8676.65990000,1771210799999,17004019.00583800,197080,4758.51880000,9325909.48961100
1771210800000,2026-02-16 03:00:00,1957.01000000,1959.81000000,1948.76000000,1958.78000000,9328.32160000,1771214399999,18226315.49920400,115559,4973.09310000,9718017.89891400
1771214400000,2026-02-16 04:00:00,1958.78000000,1973.19000000,1958.34000000,1973.06000000,9289.76660000,1771217999999,18275477.39695800,119217,5486.94100000,10796082.55249200
1771218000000,2026-02-16 05:00:00,1973.05000000,1974.17000000,1952.91000000,1958.00000000,10870.13720000,1771221599999,21315954.11909000,91258,3968.79720000,7778247.51603800
1771221600000,2026-02-16 06:00:00,1957.99000000,1967.58000000,1955.94000000,1966.69000000,6224.53020000,1771225199999,12219948.95878000,63590,2823.04130000,5541956.87437400
1771225200000,2026-02-16 07:00:00,1966.69000000,1978.64000000,1964.32000000,1971.13000000,12111.04740000,1771228799999,23875214.75581800,118576,6020.49060000,11869901.26909500
1771228800000,2026-02-16 08:00:00,1971.14000000,1978.51000000,1970.00000000,1977.31000000,7824.22630000,1771232399999,15447609.89862900,73155,4708.96550000,9296847.99032600
1771232400000,2026-02-16 09:00:00,1977.31000000,1993.35000000,1976.16000000,1987.67000000,19499.89040000,1771235999999,38729364.43310600,183618,10288.03540000,20432129.72433300
1771236000000,2026-02-16 10:00:00,1987.66000000,1988.91000000,1977.51000000,1978.88000000,7219.15250000,1771239599999,14316107.60877200,97740,3023.79260000,5997966.13466200
1771239600000,2026-02-16 11:00:00,1978.88000000,1983.87000000,1957.12000000,1976.15000000,17076.63150000,1771243199999,33632356.81129600,205634,7318.74850000,14424171.14123500
1771243200000,2026-02-16 12:00:00,1976.16000000,2009.52000000,1972.46000000,2006.24000000,17839.92820000,1771246799999,35566400.08497300,258999,10424.19640000,20786777.01823500
1771246800000,2026-02-16 13:00:00,2006.25000000,2023.51000000,1961.23000000,1967.70000000,39101.64270000,1771250399999,77858532.58338600,500023,18688.59550000,37228579.65848400
1771250400000,2026-02-16 14:00:00,1967.69000000,1983.45000000,1954.97000000,1973.13000000,18232.33400000,1771253999999,35896511.02047200,292011,9772.12800000,19242692.48637800
1771254000000,2026-02-16 15:00:00,1973.13000000,1986.12000000,1937.24000000,1956.65000000,35682.81560000,1771257599999,69849309.89129700,522398,16581.27270000,32455820.75997400
1771257600000,2026-02-16 16:00:00,1956.65000000,1980.04000000,1956.31000000,1973.75000000,22180.47660000,1771261199999,43680544.30304800,287203,11509.89930000,22665335.81016700
1771261200000,2026-02-16 17:00:00,1973.75000000,1988.40000000,1964.48000000,1978.99000000,16573.70810000,1771264799999,32765217.13406100,224918,7397.27570000,14631155.08990100
1771264800000,2026-02-16 18:00:00,1978.99000000,1985.68000000,1967.10000000,1968.93000000,10273.72270000,1771268399999,20317448.95580400,121981,4537.10970000,8975221.38330900
1771268400000,2026-02-16 19:00:00,1968.94000000,1979.74000000,1966.22000000,1974.04000000,8089.60230000,1771271999999,15967999.55639600,123814,4894.58190000,9662453.04265200
1771272000000,2026-02-16 20:00:00,1974.04000000,1994.34000000,1971.10000000,1993.20000000,13720.29780000,1771275599999,27213514.20647000,156609,8317.81050000,16498112.33038500
1771275600000,2026-02-16 21:00:00,1993.20000000,2004.02000000,1986.20000000,1999.14000000,12003.68830000,1771279199999,23915948.36160600,136139,6684.69830000,13321400.76495100
1771279200000,2026-02-16 22:00:00,1999.13000000,2002.54000000,1984.39000000,1990.19000000,11617.83390000,1771282799999,23157971.73841500,124613,5514.65740000,10992645.83899800
1771282800000,2026-02-16 23:00:00,1990.19000000,2002.52000000,1988.72000000,1998.33000000,8514.14950000,1771286399999,16996984.86877600,140965,4605.36000000,9193822.05235200
1771286400000,2026-02-17 00:00:00,1998.34000000,2005.77000000,1993.41000000,1998.44000000,7247.17820000,1771289999999,14489983.77252700,125808,3301.53670000,6602157.62831500
1771290000000,2026-02-17 01:00:00,1998.45000000,2008.05000000,1991.00000000,1991.82000000,7619.56070000,1771293599999,15238419.24565800,144406,3282.00210000,6565277.60342800
1771293600000,2026-02-17 02:00:00,1991.80000000,2008.58000000,1979.70000000,1998.59000000,16392.98060000,1771297199999,32750281.58791300,191045,6981.66450000,13951397.85357200
1771297200000,2026-02-17 03:00:00,1998.60000000,1999.22000000,1984.73000000,1985.70000000,8720.57270000,1771300799999,17361924.68252100,101417,2758.20130000,5490899.08599500
1771300800000,2026-02-17 04:00:00,1985.69000000,1998.48000000,1982.23000000,1989.44000000,9943.18860000,1771304399999,19780085.15924900,97993,4426.85750000,8810471.25772100
1771304400000,2026-02-17 05:00:00,1989.44000000,1991.05000000,1964.72000000,1975.68000000,17831.92840000,1771307999999,35227376.92325100,199245,6754.12790000,13339962.74700500
1771308000000,2026-02-17 06:00:00,1975.68000000,1985.07000000,1975.67000000,1981.02000000,6772.84040000,1771311599999,13413355.51758400,94246,3282.55970000,6502064.00706400
1771311600000,2026-02-17 07:00:00,1981.02000000,1988.22000000,1973.32000000,1985.91000000,10442.22390000,1771315199999,20687171.05740200,139936,5048.16040000,10005632.29607800
1771315200000,2026-02-17 08:00:00,1985.91000000,1990.88000000,1973.95000000,1977.08000000,13060.64640000,1771318799999,25875475.21094200,181406,6738.60210000,13350116.22560400
1771318800000,2026-02-17 09:00:00,1977.07000000,1979.99000000,1969.79000000,1976.16000000,13678.91280000,1771322399999,27003604.66581400,165187,6163.70850000,12165435.93634000
1771322400000,2026-02-17 10:00:00,1976.15000000,1978.77000000,1961.71000000,1966.93000000,13184.14190000,1771325999999,25965044.37653600,190613,6140.51560000,12095154.02991700
1771326000000,2026-02-17 11:00:00,1966.92000000,1972.50000000,1964.28000000,1968.47000000,7332.66500000,1771329599999,14435095.14334700,120586,3414.05750000,6721024.31598700
1771329600000,2026-02-17 12:00:00,1968.47000000,1977.02000000,1967.21000000,1969.76000000,11194.80990000,1771333199999,22082204.89187000,190962,4522.30570000,8920604.68018200
1771333200000,2026-02-17 13:00:00,1969.76000000,1999.72000000,1964.74000000,1990.53000000,19708.19280000,1771336799999,39117074.57990500,282545,11468.64690000,22766581.42869000
1771336800000,2026-02-17 14:00:00,1990.53000000,2002.70000000,1944.30000000,1948.49000000,50708.57110000,1771340399999,99861848.83033900,782068,24668.47920000,48529077.87548500
1771340400000,2026-02-17 15:00:00,1948.50000000,1969.66000000,1941.66000000,1968.58000000,35993.69450000,1771343999999,70390399.98990100,682867,20018.84800000,39153705.69399400
1771344000000,2026-02-17 16:00:00,1968.59000000,2010.47000000,1967.65000000,1980.36000000,43955.80940000,1771347599999,87528604.85532200,670546,23366.76410000,46540793.85628200
1771347600000,2026-02-17 17:00:00,1980.37000000,1984.05000000,1954.03000000,1966.27000000,24967.60700000,1771351199999,49105335.58183400,534443,12042.04700000,23684850.12758500
1771351200000,2026-02-17 18:00:00,1966.28000000,2007.02000000,1961.73000000,1998.69000000,25370.98190000,1771354799999,50475151.62943500,464392,13879.59600000,27604832.73812600
1771354800000,2026-02-17 19:00:00,1998.70000000,2015.33000000,1995.07000000,1998.14000000,23332.82040000,1771358399999,46772264.78089000,368598,11655.10570000,23370617.52987100
1771358400000,2026-02-17 20:00:00,1998.15000000,2001.50000000,1987.57000000,1994.71000000,14385.54310000,1771361999999,28696242.31825200,313980,6554.32380000,13074787.60436300
1771362000000,2026-02-17 21:00:00,1994.71000000,2002.79000000,1992.34000000,1999.74000000,6350.19130000,1771365599999,12677073.98512400,131954,3223.97530000,6436120.51363600
1771365600000,2026-02-17 22:00:00,1999.74000000,2004.00000000,1992.39000000,1993.92000000,6910.23580000,1771369199999,13814833.13638900,109507,3035.67220000,6069191.54318300
1771369200000,2026-02-17 23:00:00,1993.91000000,1998.19000000,1989.67000000,1991.66000000,11141.64590000,1771372799999,22212446.78777200,137091,4219.94540000,8411847.78898500
1771372800000,2026-02-18 00:00:00,1991.67000000,1997.89000000,1981.18000000,1981.54000000,10638.94690000,1771376399999,21165455.39056400,178058,4717.36550000,9388488.00008100
1771376400000,2026-02-18 01:00:00,1981.54000000,1984.18000000,1968.68000000,1978.07000000,16454.55500000,1771379999999,32513043.98040400,213356,6827.14740000,13490842.77974000
1771380000000,2026-02-18 02:00:00,1978.08000000,1992.83000000,1977.57000000,1987.61000000,12379.75100000,1771383599999,24592204.43507000,146223,4635.06020000,9207774.79375100
1771383600000,2026-02-18 03:00:00,1987.61000000,2000.56000000,1986.86000000,1997.07000000,9221.41020000,1771387199999,18404254.24555000,134877,3676.22420000,7332929.30519400
1771387200000,2026-02-18 04:00:00,1997.08000000,2002.78000000,1993.35000000,1999.15000000,10445.95130000,1771390799999,20868459.08618800,132107,4432.80550000,8856023.67906400
1771390800000,2026-02-18 05:00:00,1999.18000000,2002.91000000,1996.00000000,1996.49000000,5731.64600000,1771394399999,11458199.19392500,114047,3101.78520000,6201540.84686200
1771394400000,2026-02-18 06:00:00,1996.50000000,2008.62000000,1995.56000000,2002.06000000,5869.89550000,1771397999999,11759137.99368200,121326,3387.16600000,6785744.21724300
1771398000000,2026-02-18 07:00:00,2002.06000000,2023.52000000,1996.71000000,2018.07000000,15598.02760000,1771401599999,31366880.56575800,155334,9220.89880000,18542746.02339600
1771401600000,2026-02-18 08:00:00,2018.06000000,2039.05000000,2017.17000000,2020.70000000,19799.38540000,1771405199999,40113274.70854700,268574,10380.34500000,21031657.92416400
1771405200000,2026-02-18 09:00:00,2020.69000000,2022.75000000,2015.82000000,2016.69000000,8508.15250000,1771408799999,17183411.75671300,138080,3522.59820000,7114858.22115700
1771408800000,2026-02-18 10:00:00,2016.69000000,2018.28000000,1995.55000000,1997.27000000,13627.43990000,1771412399999,27307258.86298600,144499,4522.38300000,9064290.97791500
1771412400000,2026-02-18 11:00:00,1997.27000000,1998.30000000,1976.57000000,1981.43000000,18516.98610000,1771415999999,36750728.91726400,240895,8984.31690000,17827756.56154000
1771416000000,2026-02-18 12:00:00,1981.44000000,1989.38000000,1971.66000000,1982.47000000,17377.61750000,1771419599999,34420533.90696100,186768,9013.78460000,17849204.98601600
1771419600000,2026-02-18 13:00:00,1982.48000000,1991.91000000,1961.56000000,1970.68000000,18828.97280000,1771423199999,37205427.03603200,215706,9260.89380000,18304288.30225900
1771423200000,2026-02-18 14:00:00,1970.67000000,1976.85000000,1954.30000000,1974.66000000,38349.61290000,1771426799999,75457364.37276300,515525,18228.67760000,35866543.15944500
1771426800000,2026-02-18 15:00:00,1974.65000000,2010.30000000,1973.58000000,1985.48000000,33886.80330000,1771430399999,67489139.83863300,474698,17982.97820000,35814290.58973900
1771430400000,2026-02-18 16:00:00,1985.48000000,1985.67000000,1965.00000000,1971.78000000,24137.24330000,1771433999999,47613533.65047800,334260,10769.44070000,21237839.11970800
1771434000000,2026-02-18 17:00:00,1971.78000000,1987.89000000,1970.81000000,1974.57000000,10635.90220000,1771437599999,21028041.23931900,165728,5446.98890000,10768364.00978000
1771437600000,2026-02-18 18:00:00,1974.58000000,1977.59000000,1949.21000000,1952.62000000,25111.71240000,1771441199999,49225660.03064700,314339,11661.25370000,22868493.81483100
1771441200000,2026-02-18 19:00:00,1952.62000000,1961.57000000,1923.78000000,1941.03000000,35636.13920000,1771444799999,69150519.46670400,440005,17404.98530000,33775727.82841700
1771444800000,2026-02-18 20:00:00,1941.04000000,1952.79000000,1935.82000000,1939.67000000,16433.13380000,1771448399999,31943582.10816000,239032,9013.34200000,17519373.02089800
1771448400000,2026-02-18 21:00:00,1939.68000000,1948.37000000,1935.94000000,1942.00000000,9781.71320000,1771451999999,18993668.67308400,122239,5630.53940000,10930831.97310700
1771452000000,2026-02-18 22:00:00,1941.96000000,1950.14000000,1939.92000000,1948.24000000,5923.77360000,1771455599999,11518932.00114700,79986,3129.79700000,6086261.59144700
1771455600000,2026-02-18 23:00:00,1948.24000000,1956.79000000,1944.62000000,1955.91000000,10744.23700000,1771459199999,20962919.13898900,100875,6572.83480000,12821717.05408900
1771459200000,2026-02-19 00:00:00,1955.90000000,1961.22000000,1950.50000000,1956.54000000,5924.94460000,1771462799999,11591555.92852400,97379,3410.00580000,6672254.42942100
1771462800000,2026-02-19 01:00:00,1956.54000000,1974.73000000,1956.42000000,1967.01000000,9009.38420000,1771466399999,17712643.73029700,128659,5164.93380000,10154345.38536500
1771466400000,2026-02-19 02:00:00,1967.01000000,1973.00000000,1962.77000000,1968.06000000,6281.32200000,1771469999999,12361957.71869800,112606,3210.88700000,6320593.24101100
1771470000000,2026-02-19 03:00:00,1968.06000000,1973.44000000,1963.14000000,1972.33000000,4860.72230000,1771473599999,9572842.87102000,93953,2269.64890000,4470048.32712200
1771473600000,2026-02-19 04:00:00,1972.32000000,1979.84000000,1969.21000000,1969.50000000,10857.52360000,1771477199999,21444321.50879100,112764,4344.85660000,8582715.64701500
1771477200000,2026-02-19 05:00:00,1969.51000000,1972.72000000,1964.20000000,1970.33000000,7950.21140000,1771480799999,15646837.64140500,86770,2633.79960000,5183945.90258100
1771480800000,2026-02-19 06:00:00,1970.32000000,1985.00000000,1970.04000000,1982.92000000,7290.36900000,1771484399999,14429474.61273000,107012,4004.78760000,7926302.97412800
1771484400000,2026-02-19 07:00:00,1982.93000000,1987.55000000,1979.05000000,1981.76000000,8023.79060000,1771487999999,15908176.60592100,96152,3027.47270000,6002971.26214700
1771488000000,2026-02-19 08:00:00,1981.76000000,1982.54000000,1966.35000000,1970.50000000,9542.85480000,1771491599999,18835481.87815900,99839,3642.64700000,7189823.21150000
1771491600000,2026-02-19 09:00:00,1970.50000000,1980.51000000,1961.64000000,1963.79000000,9144.56920000,1771495199999,18028931.38067700,89939,3884.27130000,7660297.24240200
1771495200000,2026-02-19 10:00:00,1963.80000000,1968.65000000,1957.45000000,1959.64000000,10708.92310000,1771498799999,21027960.37895800,94750,4337.50510000,8518001.91756700
1771498800000,2026-02-19 11:00:00,1959.65000000,1964.56000000,1948.16000000,1949.58000000,13812.27890000,1771502399999,27018982.74768200,102332,4708.01340000,9212079.40228100
1771502400000,2026-02-19 12:00:00,1949.59000000,1956.18000000,1945.09000000,1947.30000000,10698.54020000,1771505999999,20866152.42593600,141764,5330.16220000,10397161.46075200
1771506000000,2026-02-19 13:00:00,1947.30000000,1948.22000000,1911.49000000,1921.40000000,31694.48310000,1771509599999,61126100.79273000,336820,13168.46730000,25389851.26893000
1771509600000,2026-02-19 14:00:00,1921.40000000,1948.52000000,1912.07000000,1936.87000000,29110.39820000,1771513199999,56158366.23014600,452245,15486.85440000,29883611.86129200
1771513200000,2026-02-19 15:00:00,1936.87000000,1947.78000000,1913.24000000,1926.30000000,31392.06460000,1771516799999,60421892.70486300,448432,15890.54960000,30582704.54207000
1771516800000,2026-02-19 16:00:00,1926.29000000,1929.93000000,1907.00000000,1922.07000000,18684.19290000,1771520399999,35867587.02713100,266699,9847.09110000,18910513.00038100
1771520400000,2026-02-19 17:00:00,1922.08000000,1944.57000000,1910.77000000,1920.72000000,19336.20920000,1771523999999,37280709.82731000,212940,9866.84040000,19026831.64426200
1771524000000,2026-02-19 18:00:00,1920.71000000,1944.67000000,1916.59000000,1939.99000000,14820.33730000,1771527599999,28653252.47673900,200410,8278.23880000,16004588.77112900
1771527600000,2026-02-19 19:00:00,1940.00000000,1947.52000000,1927.84000000,1941.34000000,10603.46170000,1771531199999,20550347.97380200,172245,5110.80540000,9907035.94926900
1771531200000,2026-02-19 20:00:00,1941.33000000,1952.00000000,1934.79000000,1950.29000000,11823.37500000,1771534799999,22996081.62511100,121485,5155.17100000,10027202.43607000
1771534800000,2026-02-19 21:00:00,1950.29000000,1952.57000000,1945.77000000,1948.50000000,6871.61410000,1771538399999,13393355.53258300,76791,3233.70970000,6302559.85172400
1771538400000,2026-02-19 22:00:00,1948.50000000,1948.82000000,1937.09000000,1943.96000000,6898.73470000,1771541999999,13400010.92784100,68660,3559.58830000,6912694.60531600
1771542000000,2026-02-19 23:00:00,1943.96000000,1951.33000000,1942.29000000,1949.08000000,4916.76860000,1771545599999,9576751.40068800,72962,2464.00520000,4798841.40370200
1771545600000,2026-02-20 00:00:00,1949.08000000,1964.54000000,1947.41000000,1957.56000000,9537.71650000,1771549199999,18669611.10452900,133819,5208.77840000,10195047.29069300
1771549200000,2026-02-20 01:00:00,1957.57000000,1961.56000000,1950.03000000,1953.76000000,5450.54480000,1771552799999,10662877.08550500,95611,2441.39810000,4776642.27311100
1771552800000,2026-02-20 02:00:00,1953.77000000,1956.70000000,1948.17000000,1949.69000000,6151.30610000,1771556399999,12008963.77660500,83675,2370.64330000,4628119.59697700
1771556400000,2026-02-20 03:00:00,1949.69000000,1960.64000000,1949.69000000,1954.85000000,7546.80540000,1771559999999,14763069.66151800,85481,3473.96730000,6795835.69304200
1771560000000,2026-02-20 04:00:00,1954.85000000,1956.15000000,1931.01000000,1939.17000000,17059.94240000,1771563599999,33121711.47740900,142798,6101.36350000,11843670.46005000
1771563600000,2026-02-20 05:00:00,1939.17000000,1965.50000000,1936.21000000,1955.23000000,13605.43020000,1771567199999,26571857.68088500,141722,7085.83550000,13843362.00405300
1771567200000,2026-02-20 06:00:00,1955.23000000,1960.36000000,1949.82000000,1958.47000000,11046.30060000,1771570799999,21612125.61708800,97572,5892.04290000,11527003.24216200
1771570800000,2026-02-20 07:00:00,1958.47000000,1968.55000000,1956.98000000,1960.97000000,14254.44930000,1771574399999,27967290.56273200,104370,7133.59870000,13994605.26546700
1771574400000,2026-02-20 08:00:00,1960.93000000,1966.32000000,1957.12000000,1960.00000000,8987.28220000,1771577999999,17625402.36364100,73741,3004.14080000,5892191.77737700
1771578000000,2026-02-20 09:00:00,1960.00000000,1972.27000000,1959.91000000,1968.15000000,17267.75880000,1771581599999,33981660.62326600,124388,7655.73770000,15066281.38680400
1771581600000,2026-02-20 10:00:00,1968.15000000,1973.86000000,1956.55000000,1957.54000000,13226.20330000,1771585199999,26011873.88167800,106953,4516.70850000,8884742.60266700
1771585200000,2026-02-20 11:00:00,1957.53000000,1957.58000000,1940.58000000,1943.98000000,19265.15710000,1771588799999,37568571.07892900,123580,8434.85810000,16442794.88987600
1771588800000,2026-02-20 12:00:00,1943.99000000,1951.65000000,1942.39000000,1949.82000000,14375.62020000,1771592399999,27988671.04880600,98961,7875.77020000,15333981.58291000
1771592400000,2026-02-20 13:00:00,1949.82000000,1949.83000000,1922.97000000,1934.11000000,25969.82410000,1771595999999,50282292.08058800,246353,13197.46260000,25544427.70814500
1771596000000,2026-02-20 14:00:00,1934.11000000,1954.28000000,1933.07000000,1943.70000000,18771.15650000,1771599599999,36483557.27239700,272016,9784.83380000,19021097.30545600
1771599600000,2026-02-20 15:00:00,1943.70000000,1980.49000000,1935.40000000,1963.95000000,62826.67430000,1771603199999,123052212.84196200,634034,29043.91310000,56875509.20355200
1771603200000,2026-02-20 16:00:00,1963.96000000,1973.50000000,1953.86000000,1968.62000000,31207.24090000,1771606799999,61288597.94687100,310535,19071.72890000,37457819.65401200
1771606800000,2026-02-20 17:00:00,1968.62000000,1970.94000000,1939.21000000,1966.57000000,28092.67340000,1771610399999,54968004.45874900,319552,13584.28650000,26576978.92432400
1771610400000,2026-02-20 18:00:00,1966.56000000,1981.18000000,1959.89000000,1975.56000000,26074.15180000,1771613999999,51371970.80156700,297811,12476.31460000,24591920.98879600
1771614000000,2026-02-20 19:00:00,1975.55000000,1978.15000000,1961.67000000,1963.69000000,9581.14650000,1771617599999,18857860.01731500,135569,4870.99570000,9586026.64367000
1771617600000,2026-02-20 20:00:00,1963.69000000,1971.36000000,1961.60000000,1971.05000000,5525.90520000,1771621199999,10872220.25662200,96261,2972.43780000,5848943.19592600
1771621200000,2026-02-20 21:00:00,1971.04000000,1975.27000000,1967.19000000,1974.38000000,5270.03430000,1771624799999,10391832.55513200,78794,2978.15210000,5873217.55720800
1771624800000,2026-02-20 22:00:00,1974.37000000,1974.37000000,1964.40000000,1971.40000000,7586.04040000,1771628399999,14941380.61433900,77169,2978.55170000,5864099.03324000
1771628400000,2026-02-20 23:00:00,1971.39000000,1973.27000000,1963.54000000,1968.88000000,7574.19140000,1771631999999,14905317.66539300,67496,4270.70590000,8403453.84318600
1771632000000,2026-02-21 00:00:00,1968.88000000,1969.47000000,1961.47000000,1963.22000000,3689.91730000,1771635599999,7252741.96629500,60275,1458.89260000,2867326.26038200
1771635600000,2026-02-21 01:00:00,1963.23000000,1969.09000000,1963.00000000,1966.24000000,4693.70260000,1771639199999,9225186.24449000,46690,2707.86620000,5321570.58263100
1771639200000,2026-02-21 02:00:00,1966.25000000,1970.70000000,1964.83000000,1965.69000000,2629.85570000,1771642799999,5175279.80237500,35055,1276.07630000,2511366.58073600
1771642800000,2026-02-21 03:00:00,1965.69000000,1966.00000000,1955.62000000,1959.03000000,5567.72170000,1771646399999,10912262.20465200,57911,2207.51740000,4326732.02500800
1771646400000,2026-02-21 04:00:00,1959.03000000,1963.29000000,1956.21000000,1962.40000000,4120.70060000,1771649999999,8075822.72448900,39927,2740.99550000,5372004.29338100
1771650000000,2026-02-21 05:00:00,1962.40000000,1964.43000000,1961.20000000,1962.86000000,3515.36060000,1771653599999,6898061.70649000,31904,2264.72030000,4443421.29113700
1771653600000,2026-02-21 06:00:00,1962.86000000,1966.09000000,1960.52000000,1961.50000000,4038.74320000,1771657199999,7928825.36302500,40191,2186.23110000,4292353.07906100
1771657200000,2026-02-21 07:00:00,1961.50000000,1964.84000000,1960.00000000,1962.71000000,2646.77880000,1771660799999,5194845.75796300,31034,1049.11460000,2059059.14065800
1771660800000,2026-02-21 08:00:00,1962.70000000,1971.18000000,1962.00000000,1969.00000000,7080.48190000,1771664399999,13917719.47907600,36501,4509.97660000,8864215.79301300
1771664400000,2026-02-21 09:00:00,1969.01000000,1977.66000000,1967.20000000,1970.28000000,12055.13180000,1771667999999,23788340.21741800,65148,5619.38090000,11089543.38342800
1771668000000,2026-02-21 10:00:00,1970.28000000,1974.88000000,1969.09000000,1974.17000000,6008.23940000,1771671599999,11850887.50024900,38158,2358.36270000,4652664.27913600
1771671600000,2026-02-21 11:00:00,1974.17000000,1988.60000000,1973.85000000,1977.02000000,15667.89250000,1771675199999,31046273.21393800,100794,7287.97130000,14442621.80653700
1771675200000,2026-02-21 12:00:00,1977.02000000,1978.17000000,1969.49000000,1975.99000000,6999.56330000,1771678799999,13813807.27139600,54340,3260.12300000,6434606.52247900
1771678800000,2026-02-21 13:00:00,1975.99000000,1981.40000000,1972.63000000,1981.18000000,6317.42350000,1771682399999,12496195.57835000,46879,3014.04750000,5961552.29128000
1771682400000,2026-02-21 14:00:00,1981.18000000,1995.56000000,1978.09000000,1987.52000000,24404.42090000,1771685999999,48522612.07927900,144696,12542.57680000,24937732.03609500
1771686000000,2026-02-21 15:00:00,1987.51000000,1993.00000000,1984.25000000,1988.13000000,11101.62530000,1771689599999,22078272.09556800,78124,5789.62020000,11513400.46310700
1771689600000,2026-02-21 16:00:00,1988.13000000,1989.64000000,1976.41000000,1986.33000000,13460.13350000,1771693199999,26692269.69172400,101947,7069.15050000,14020074.32410600
1771693200000,2026-02-21 17:00:00,1986.34000000,1992.10000000,1984.26000000,1988.95000000,6840.05620000,1771696799999,13598490.76632000,58968,4088.56890000,8128655.22090200
1771696800000,2026-02-21 18:00:00,1988.95000000,1995.31000000,1987.77000000,1991.97000000,7986.10330000,1771700399999,15908394.83879300,48794,5436.58950000,10830503.51531100
1771700400000,2026-02-21 19:00:00,1991.97000000,1994.77000000,1987.86000000,1988.35000000,5053.46600000,1771703999999,10062802.34307100,31061,3287.34340000,6546362.14020300
1771704000000,2026-02-21 20:00:00,1988.34000000,1990.41000000,1973.53000000,1974.14000000,9505.75520000,1771707599999,18846068.83881900,60072,3282.78060000,6512535.78494000
1771707600000,2026-02-21 21:00:00,1974.14000000,1982.79000000,1970.00000000,1982.04000000,6233.46200000,1771711199999,12323746.51235600,59796,3438.62180000,6800152.29587300
1771711200000,2026-02-21 22:00:00,1982.04000000,1982.47000000,1972.02000000,1974.40000000,6109.63670000,1771714799999,12074063.03743400,53802,2905.90100000,5743832.50135600
1771714800000,2026-02-21 23:00:00,1974.39000000,1977.78000000,1971.08000000,1973.35000000,3447.67360000,1771718399999,6806385.41466500,40163,1753.48200000,3461924.21019300
1771718400000,2026-02-22 00:00:00,1973.35000000,1975.60000000,1967.75000000,1972.87000000,6008.30150000,1771721999999,11842859.54439200,56633,2854.18840000,5627066.68974800
1771722000000,2026-02-22 01:00:00,1972.87000000,1979.87000000,1972.61000000,1977.37000000,5083.13730000,1771725599999,10048267.94969300,46696,3133.43450000,6193751.12746700
1771725600000,2026-02-22 02:00:00,1977.38000000,1982.99000000,1972.21000000,1972.23000000,4860.79580000,1771729199999,9610017.33304400,51099,2655.12470000,5250275.07787200
1771729200000,2026-02-22 03:00:00,1972.23000000,1976.26000000,1967.40000000,1974.71000000,4955.89850000,1771732799999,9773790.27772800,59984,2468.85130000,4869233.13075000
1771732800000,2026-02-22 04:00:00,1974.71000000,1976.16000000,1970.20000000,1973.62000000,4191.90920000,1771736399999,8273194.55546200,33670,2385.68880000,4709523.63414700
1771736400000,2026-02-22 05:00:00,1973.63000000,1975.11000000,1971.06000000,1974.97000000,3675.85650000,1771739999999,7253334.86326900,26200,2659.37280000,5247685.08811500
1771740000000,2026-02-22 06:00:00,1974.97000000,1979.54000000,1974.29000000,1976.05000000,4322.97720000,1771743599999,8544221.99032800,34428,2023.92260000,4000283.20436800
1771743600000,2026-02-22 07:00:00,1976.06000000,1978.78000000,1974.58000000,1975.88000000,4020.65840000,1771747199999,7946738.72677600,36856,1633.78700000,3229020.33677800
1771747200000,2026-02-22 08:00:00,1975.87000000,1977.05000000,1970.58000000,1973.39000000,3464.46990000,1771750799999,6837861.55423200,46715,1309.82380000,2584765.14748600
1771750800000,2026-02-22 09:00:00,1973.40000000,1976.26000000,1971.72000000,1975.83000000,3255.75160000,1771754399999,6426635.96233200,54013,1694.82130000,3345389.75250900
1771754400000,2026-02-22 10:00:00,1975.83000000,1980.01000000,1975.02000000,1977.50000000,4793.50560000,1771757999999,9480198.12476000,43685,2187.14190000,4325556.97045200
1771758000000,2026-02-22 11:00:00,1977.51000000,1983.13000000,1977.51000000,1980.78000000,6265.08420000,1771761599999,12411558.57252400,64564,3303.03160000,6543725.73080000
1771761600000,2026-02-22 12:00:00,1980.79000000,1981.60000000,1961.84000000,1966.37000000,12687.47590000,1771765199999,24986802.43090500,141794,6033.38750000,11885052.68467100
1771765200000,2026-02-22 13:00:00,1966.37000000,1968.69000000,1945.00000000,1950.95000000,17873.02430000,1771768799999,34937712.11331200,212262,8074.44820000,15780842.57502500
1771768800000,2026-02-22 14:00:00,1950.95000000,1954.60000000,1943.53000000,1950.64000000,10915.59280000,1771772399999,21281453.64773000,166765,4839.30950000,9435705.96396500
1771772400000,2026-02-22 15:00:00,1950.65000000,1958.72000000,1945.86000000,1953.98000000,8948.80480000,1771775999999,17469675.53211000,113215,4034.11150000,7877071.16146900
1771776000000,2026-02-22 16:00:00,1953.99000000,1955.56000000,1947.53000000,1952.53000000,10039.44990000,1771779599999,19588232.23389100,69649,5733.53850000,11186628.62728500
1771779600000,2026-02-22 17:00:00,1952.52000000,1953.60000000,1935.00000000,1940.27000000,12200.52950000,1771783199999,23691250.15339700,141393,4528.92770000,8789473.82849800
1771783200000,2026-02-22 18:00:00,1940.27000000,1944.11000000,1938.39000000,1942.95000000,4324.00720000,1771786799999,8395778.71437200,58111,1893.29820000,3676069.83362800
1771786800000,2026-02-22 19:00:00,1942.95000000,1945.92000000,1940.05000000,1943.74000000,2450.50430000,1771790399999,4762269.45947100,49322,1430.65370000,2780418.27255500
1771790400000,2026-02-22 20:00:00,1943.73000000,1945.98000000,1939.81000000,1940.99000000,2422.20640000,1771793999999,4706806.30077900,52878,1193.86140000,2319941.07006800
1771794000000,2026-02-22 21:00:00,1941.00000000,1952.27000000,1941.00000000,1950.39000000,5948.99900000,1771797599999,11587850.88402100,63645,4053.95630000,7898851.01898700
1771797600000,2026-02-22 22:00:00,1950.40000000,1960.89000000,1946.61000000,1958.54000000,6012.48200000,1771801199999,11752588.92773500,90583,3183.72080000,6223474.45459700
1771801200000,2026-02-22 23:00:00,1958.53000000,1960.95000000,1948.62000000,1957.82000000,6604.22640000,1771804799999,12908450.44630900,135913,3931.71040000,7684269.56379900
1771804800000,2026-02-23 00:00:00,1957.82000000,1958.33000000,1928.71000000,1929.42000000,18435.23980000,1771808399999,35765364.78602800,191943,10829.09150000,20998738.61632900
1771808400000,2026-02-23 01:00:00,1929.42000000,1929.42000000,1847.46000000,1856.88000000,107679.14400000,1771811999999,202755598.56927400,1041436,51667.92740000,97368279.62550800
1771812000000,2026-02-23 02:00:00,1856.88000000,1868.67000000,1851.39000000,1863.24000000,24157.73760000,1771815599999,44966881.41400800,370585,12286.61300000,22872455.23427700
1771815600000,2026-02-23 03:00:00,1863.25000000,1871.98000000,1856.17000000,1862.87000000,17198.76990000,1771819199999,32061968.78177600,174928,8454.12820000,15753886.24653300
1771819200000,2026-02-23 04:00:00,1862.88000000,1864.94000000,1853.34000000,1860.17000000,11872.43870000,1771822799999,22077678.40092200,114329,4490.47350000,8355274.25811600
1771822800000,2026-02-23 05:00:00,1860.17000000,1870.67000000,1860.00000000,1866.08000000,15346.92530000,1771826399999,28646930.54834400,117200,8499.59260000,15864794.02757000
1771826400000,2026-02-23 06:00:00,1866.08000000,1883.20000000,1864.29000000,1879.52000000,17881.71230000,1771829999999,33548637.56914500,160191,11989.19660000,22495279.20095100
1771830000000,2026-02-23 07:00:00,1879.52000000,1888.71000000,1876.93000000,1885.50000000,21104.99960000,1771833599999,39722141.33077400,163901,12556.66060000,23632049.59733800
1771833600000,2026-02-23 08:00:00,1885.50000000,1889.77000000,1877.23000000,1880.62000000,12507.74690000,1771837199999,23556128.90792900,120177,7571.83230000,14264683.56307400
1771837200000,2026-02-23 09:00:00,1880.63000000,1918.82000000,1880.63000000,1918.00000000,18360.47070000,1771840799999,34940823.34498800,240058,11518.54680000,21921192.03727600
1771840800000,2026-02-23 10:00:00,1917.99000000,1928.19000000,1912.29000000,1913.94000000,23296.54450000,1771844399999,44710243.47063000,212205,8459.49630000,16241027.08436200
1771844400000,2026-02-23 11:00:00,1913.95000000,1920.59000000,1911.10000000,1915.30000000,15298.79910000,1771847999999,29284154.84191200,123116,5877.59560000,11253452.43769600
1771848000000,2026-02-23 12:00:00,1915.29000000,1926.53000000,1905.71000000,1919.99000000,29364.53850000,1771851599999,56256642.06854900,232755,11080.37600000,21231980.28779500
1771851600000,2026-02-23 13:00:00,1920.00000000,1935.52000000,1918.78000000,1921.90000000,16082.05400000,1771855199999,30958002.65554200,184725,8139.43830000,15665077.37437200
1771855200000,2026-02-23 14:00:00,1921.90000000,1925.48000000,1895.00000000,1906.92000000,25345.28720000,1771858799999,48408495.37698300,516697,11351.96180000,21682226.72305100
1771858800000,2026-02-23 15:00:00,1906.92000000,1913.23000000,1892.68000000,1895.65000000,17508.22110000,1771862399999,33328753.32492700,429238,8305.54930000,15814512.63674000
1771862400000,2026-02-23 16:00:00,1895.65000000,1900.18000000,1881.20000000,1884.72000000,27144.35340000,1771865999999,51278464.40116600,452381,13650.24650000,25789961.99002100
1771866000000,2026-02-23 17:00:00,1884.73000000,1888.17000000,1837.13000000,1863.92000000,49519.88900000,1771869599999,92150211.15152300,594225,21949.98810000,40825296.78262300
1771869600000,2026-02-23 18:00:00,1863.92000000,1874.12000000,1854.60000000,1857.75000000,23279.09070000,1771873199999,43414613.95431200,352127,9582.36560000,17864559.83649900
1771873200000,2026-02-23 19:00:00,1857.75000000,1864.75000000,1847.20000000,1857.19000000,18636.57230000,1771876799999,34586768.78305500,264119,8380.51480000,15555276.22293600
1771876800000,2026-02-23 20:00:00,1857.19000000,1862.49000000,1846.80000000,1860.56000000,14636.34650000,1771880399999,27145181.67836800,256293,8549.16050000,15858243.43104900
1771880400000,2026-02-23 21:00:00,1860.55000000,1869.31000000,1858.56000000,1863.59000000,8570.39310000,1771883999999,15977259.17632300,137349,4423.63890000,8247975.96073900
1771884000000,2026-02-23 22:00:00,1863.59000000,1870.00000000,1859.72000000,1859.93000000,6871.88350000,1771887599999,12822477.98128900,124315,3504.73400000,6540014.15851200
1771887600000,2026-02-23 23:00:00,1859.94000000,1866.95000000,1850.95000000,1856.30000000,7260.32920000,1771891199999,13496281.52798600,110460,3379.65690000,6282244.07857200
1771891200000,2026-02-24 00:00:00,1856.30000000,1869.58000000,1855.34000000,1867.96000000,9157.30620000,1771894799999,17067628.88033300,115272,4911.41720000,9154312.11352600
1771894800000,2026-02-24 01:00:00,1867.95000000,1867.99000000,1811.81000000,1840.95000000,40396.05860000,1771898399999,74274231.52369900,540752,19238.41190000,35371560.96715600
1771898400000,2026-02-24 02:00:00,1840.95000000,1854.46000000,1837.15000000,1843.54000000,12161.91000000,1771901999999,22437698.63333500,230339,6495.86050000,11985652.58528800
1771902000000,2026-02-24 03:00:00,1843.54000000,1843.54000000,1823.24000000,1832.03000000,18172.79460000,1771905599999,33304053.24716400,352523,8492.32490000,15562072.24828800
1771905600000,2026-02-24 04:00:00,1832.03000000,1833.82000000,1813.77000000,1830.81000000,19146.11980000,1771909199999,34956379.12778400,316034,10140.64140000,18520177.62979500
1771909200000,2026-02-24 05:00:00,1830.80000000,1840.79000000,1814.01000000,1826.26000000,22890.47500000,1771912799999,41792524.47689400,283879,12090.43330000,22077661.01174100
1771912800000,2026-02-24 06:00:00,1826.25000000,1831.35000000,1817.99000000,1820.86000000,12662.40300000,1771916399999,23119479.16047900,200304,5472.22500000,9993854.44393700
1771916400000,2026-02-24 07:00:00,1820.87000000,1831.89000000,1815.23000000,1825.70000000,18837.26920000,1771919999999,34383688.91991500,235085,8939.48420000,16318092.61478500
1771920000000,2026-02-24 08:00:00,1825.70000000,1836.18000000,1818.52000000,1831.57000000,15506.61590000,1771923599999,28363300.60965000,191593,6353.07860000,11616677.98233100
1771923600000,2026-02-24 09:00:00,1831.56000000,1834.69000000,1815.22000000,1827.14000000,15818.86830000,1771927199999,28853600.02341700,236927,7156.49150000,13054437.71799200
1771927200000,2026-02-24 10:00:00,1827.15000000,1829.68000000,1820.57000000,1825.88000000,13127.00180000,1771930799999,23962407.52557200,166990,5447.22670000,9943668.73979100
1771930800000,2026-02-24 11:00:00,1825.88000000,1827.36000000,1818.08000000,1826.75000000,19078.33840000,1771934399999,34775155.40259600,150446,6082.23190000,11086431.42446400
1771934400000,2026-02-24 12:00:00,1826.75000000,1830.29000000,1821.07000000,1823.92000000,11156.18800000,1771937999999,20366859.24071100,155852,5341.53300000,9753767.02137200
1771938000000,2026-02-24 13:00:00,1823.92000000,1827.50000000,1800.00000000,1815.73000000,27668.23310000,1771941599999,50157720.73333200,380836,11187.49030000,20289407.15329100
1771941600000,2026-02-24 14:00:00,1815.72000000,1847.99000000,1803.48000000,1834.73000000,40891.53990000,1771945199999,74571048.96774700,725081,18480.37610000,33693174.91259000
1771945200000,2026-02-24 15:00:00,1834.73000000,1850.29000000,1828.46000000,1847.59000000,31496.78870000,1771948799999,58006890.58713000,522367,15318.08620000,28204674.51376200
1771948800000,2026-02-24 16:00:00,1847.59000000,1863.33000000,1838.36000000,1858.56000000,27165.20430000,1771952399999,50319590.20304000,461552,13787.85360000,25550663.26312400
1771952400000,2026-02-24 17:00:00,1858.57000000,1865.38000000,1849.55000000,1855.43000000,25214.29160000,1771955999999,46891186.29061900,320332,12152.02180000,22595159.89585000
1771956000000,2026-02-24 18:00:00,1855.43000000,1860.67000000,1845.46000000,1855.08000000,12199.65860000,1771959599999,22619423.00228600,219577,5698.53030000,10563486.54071200
1771959600000,2026-02-24 19:00:00,1855.08000000,1862.63000000,1847.05000000,1852.46000000,9800.18970000,1771963199999,18164961.00496100,216163,4313.74780000,7997301.96804400
1771963200000,2026-02-24 20:00:00,1852.47000000,1862.36000000,1849.50000000,1858.58000000,6842.40440000,1771966799999,12701446.97991500,206455,4210.03220000,7814781.70214900
1771966800000,2026-02-24 21:00:00,1858.57000000,1858.57000000,1845.41000000,1854.17000000,8846.67930000,1771970399999,16376677.78142000,155499,3762.55760000,6965421.25751900
1771970400000,2026-02-24 22:00:00,1854.17000000,1864.11000000,1852.92000000,1860.56000000,7923.14680000,1771973999999,14727875.25723800,119807,3971.74620000,7382891.87180900
1771974000000,2026-02-24 23:00:00,1860.56000000,1860.61000000,1851.63000000,1851.94000000,11904.54320000,1771977599999,22086866.24997900,103694,6806.60790000,12626925.85041300
1771977600000,2026-02-25 00:00:00,1851.95000000,1856.68000000,1846.74000000,1851.98000000,5821.55120000,1771981199999,10776800.35807700,118615,2682.40670000,4967416.83028800
1771981200000,2026-02-25 01:00:00,1851.98000000,1924.84000000,1850.49000000,1918.34000000,52073.99220000,1771984799999,99057986.83241000,691458,28358.28530000,53915663.35468900
1771984800000,2026-02-25 02:00:00,1918.34000000,1944.86000000,1918.12000000,1920.97000000,30910.28200000,1771988399999,59678733.62317800,378080,16407.87820000,31673458.76610200
1771988400000,2026-02-25 03:00:00,1920.97000000,1922.81000000,1903.35000000,1906.14000000,16453.46180000,1771991999999,31439125.58868600,250757,7771.76190000,14849439.84852700
1771992000000,2026-02-25 04:00:00,1906.14000000,1914.35000000,1894.37000000,1906.30000000,16090.41730000,1771995599999,30690646.59255500,221237,8587.28090000,16384114.95354300
1771995600000,2026-02-25 05:00:00,1906.31000000,1908.30000000,1878.02000000,1887.98000000,18671.36540000,1771999199999,35322649.29540000,266285,8013.48980000,15160729.03727200
1771999200000,2026-02-25 06:00:00,1887.98000000,1896.71000000,1884.83000000,1885.05000000,9969.67510000,1772002799999,18847771.35642000,148507,4739.97790000,8962828.44131900
1772002800000,2026-02-25 07:00:00,1885.06000000,1895.58000000,1882.44000000,1893.31000000,10031.50140000,1772006399999,18957629.53520500,137745,4697.29480000,8878331.95209400
1772006400000,2026-02-25 08:00:00,1893.32000000,1913.90000000,1890.27000000,1910.29000000,13325.29260000,1772009999999,25350037.24155600,183542,7931.56110000,15087085.49021700
1772010000000,2026-02-25 09:00:00,1910.29000000,1917.83000000,1907.49000000,1915.19000000,12124.81110000,1772013599999,23186993.60019400,177649,5453.62560000,10429254.03841800
1772013600000,2026-02-25 10:00:00,1915.18000000,1923.43000000,1910.22000000,1912.61000000,10393.53160000,1772017199999,19910602.80145400,159045,4942.87580000,9470397.77087400
1772017200000,2026-02-25 11:00:00,1912.62000000,1928.45000000,1907.76000000,1926.48000000,13682.71330000,1772020799999,26265388.12563400,174107,6860.89390000,13168376.68529600
1772020800000,2026-02-25 12:00:00,1926.48000000,1956.79000000,1922.28000000,1953.43000000,28466.24330000,1772024399999,55273593.37507000,346256,17077.46270000,33174824.64818800
1772024400000,2026-02-25 13:00:00,1953.44000000,1976.89000000,1952.47000000,1964.57000000,29844.23990000,1772027999999,58581111.75483600,370823,14737.34270000,28933485.08782200
1772028000000,2026-02-25 14:00:00,1964.57000000,2001.65000000,1962.14000000,1997.38000000,46629.00120000,1772031599999,92312332.42035300,656795,24822.23480000,49161999.58509400
1772031600000,2026-02-25 15:00:00,1997.38000000,2028.70000000,1986.72000000,2013.73000000,54106.00040000,1772035199999,108675223.94259000,818545,25969.15560000,52169206.27393000
1772035200000,2026-02-25 16:00:00,2013.69000000,2049.18000000,2013.36000000,2046.33000000,41815.86190000,1772038799999,84955432.01722100,586597,21227.31530000,43132328.46443500
1772038800000,2026-02-25 17:00:00,2046.34000000,2086.17000000,2044.28000000,2073.90000000,52395.62230000,1772042399999,108232961.89764600,686165,25117.63700000,51888389.60088000
1772042400000,2026-02-25 18:00:00,2073.90000000,2081.20000000,2056.93000000,2074.12000000,30666.63170000,1772045999999,63471297.76124100,457436,14683.04610000,30396533.94372400
1772046000000,2026-02-25 19:00:00,2074.11000000,2074.90000000,2060.05000000,2071.10000000,20148.64450000,1772049599999,41657088.36987800,296074,8157.00530000,16864908.65564100
1772049600000,2026-02-25 20:00:00,2071.10000000,2083.99000000,2058.37000000,2075.00000000,28425.54920000,1772053199999,58845891.73074000,330119,14797.30170000,30624950.70971700
1772053200000,2026-02-25 21:00:00,2074.99000000,2148.39000000,2065.84000000,2100.33000000,72931.05040000,1772056799999,153455031.10957200,727925,39974.95870000,84083648.69319000
1772056800000,2026-02-25 22:00:00,2100.33000000,2115.41000000,2073.79000000,2083.15000000,34986.58860000,1772060399999,73427745.61582600,372642,14419.78760000,30259780.24906700
1772060400000,2026-02-25 23:00:00,2083.14000000,2087.00000000,2034.39000000,2057.48000000,33015.40940000,1772063999999,67984258.20593000,468342,15799.96960000,32519579.74352100
1772064000000,2026-02-26 00:00:00,2057.48000000,2076.60000000,2047.83000000,2062.36000000,22284.19840000,1772067599999,45974785.72149800,459558,11752.60260000,24253870.32347400
1772067600000,2026-02-26 01:00:00,2062.36000000,2066.95000000,2049.74000000,2058.34000000,15006.95450000,1772071199999,30898873.43833600,294474,7335.54090000,15105548.09932100
1772071200000,2026-02-26 02:00:00,2058.35000000,2059.06000000,2039.37000000,2053.28000000,12368.78590000,1772074799999,25341571.78697300,280201,6016.95160000,12331751.43966800
1772074800000,2026-02-26 03:00:00,2053.28000000,2059.35000000,2047.35000000,2054.55000000,9377.37410000,1772078399999,19257064.07137200,187444,4598.08420000,9443361.30658600
1772078400000,2026-02-26 04:00:00,2054.55000000,2082.81000000,2051.92000000,2075.01000000,23573.52540000,1772081999999,48805053.24377900,278104,16486.33630000,34129689.77280700
1772082000000,2026-02-26 05:00:00,2075.00000000,2075.55000000,2056.70000000,2066.13000000,11872.47050000,1772085599999,24513683.61380200,268537,5544.74000000,11446825.14520600
1772085600000,2026-02-26 06:00:00,2066.13000000,2076.50000000,2059.54000000,2062.54000000,12915.98000000,1772089199999,26680890.67460900,217677,5891.08460000,12170130.09268800
1772089200000,2026-02-26 07:00:00,2062.54000000,2068.29000000,2051.55000000,2053.37000000,12926.63510000,1772092799999,26630225.07897700,177661,4375.38410000,9016114.43990200
1772092800000,2026-02-26 08:00:00,2053.36000000,2059.00000000,2044.36000000,2054.43000000,18628.81110000,1772096399999,38211034.11138500,262707,9522.70740000,19533696.49301900
1772096400000,2026-02-26 09:00:00,2054.43000000,2078.24000000,2052.79000000,2074.94000000,16397.10810000,1772099999999,33912581.19720400,217545,9826.61140000,20329392.73416200
1772100000000,2026-02-26 10:00:00,2074.93000000,2083.33000000,2062.19000000,2065.31000000,11777.50460000,1772103599999,24398553.65902100,235259,5649.21290000,11705990.72373700
1772103600000,2026-02-26 11:00:00,2065.31000000,2067.45000000,2053.46000000,2057.66000000,10700.83540000,1772107199999,22042193.40472400,172681,3754.41980000,7732947.02723800
1772107200000,2026-02-26 12:00:00,2057.65000000,2071.76000000,2055.53000000,2070.00000000,8818.23510000,1772110799999,18214209.09279100,184800,5543.80100000,11449966.43740100
1772110800000,2026-02-26 13:00:00,2069.99000000,2073.95000000,2061.09000000,2065.23000000,10459.46680000,1772114399999,21626407.02752700,201240,6586.25880000,13620997.28947300
1772114400000,2026-02-26 14:00:00,2065.22000000,2077.81000000,2034.63000000,2051.19000000,38526.43650000,1772117999999,79263319.78211500,680171,19059.17490000,39248714.06947700
1772118000000,2026-02-26 15:00:00,2051.19000000,2053.43000000,2011.56000000,2033.34000000,53604.68830000,1772121599999,108743273.80162900,722311,25793.28300000,52329864.30359400
1772121600000,2026-02-26 16:00:00,2033.34000000,2037.78000000,1978.77000000,1983.80000000,46583.75660000,1772125199999,93453333.17197700,656646,21560.20810000,43271432.84881500
1772125200000,2026-02-26 17:00:00,1983.80000000,1998.98000000,1982.30000000,1988.43000000,22310.03910000,1772128799999,44406444.59015900,412340,11789.85920000,23468836.75970400
1772128800000,2026-02-26 18:00:00,1988.42000000,2009.45000000,1975.35000000,2004.23000000,23771.16830000,1772132399999,47346776.18585500,385447,13506.77450000,26907093.95969000
1772132400000,2026-02-26 19:00:00,2004.23000000,2034.40000000,2003.58000000,2030.14000000,26957.79290000,1772135999999,54527869.41941800,317895,15073.11110000,30478669.18874200
1772136000000,2026-02-26 20:00:00,2030.13000000,2042.75000000,2021.64000000,2023.67000000,16050.13300000,1772139599999,32638552.79473700,212437,7812.67450000,15895277.71063900
1772139600000,2026-02-26 21:00:00,2023.67000000,2034.99000000,2018.33000000,2030.36000000,5486.34810000,1772143199999,11122661.36671900,132391,2919.60750000,5919991.36708600
1772143200000,2026-02-26 22:00:00,2030.36000000,2037.51000000,2027.26000000,2033.29000000,4396.40270000,1772146799999,8933730.37638300,77608,2466.61910000,5013238.95502500
1772146800000,2026-02-26 23:00:00,2033.29000000,2033.64000000,2024.38000000,2027.68000000,4988.70610000,1772150399999,10119265.63119900,107182,1916.86240000,3888343.49487300
1772150400000,2026-02-27 00:00:00,2027.68000000,2030.86000000,2008.34000000,2014.79000000,7570.59450000,1772153999999,15291112.99299000,175211,3140.62430000,6344471.26124900
1772154000000,2026-02-27 01:00:00,2014.79000000,2022.60000000,2000.02000000,2021.90000000,28681.50960000,1772157599999,57750806.48692000,270552,13955.30730000,28108119.78960700
1772157600000,2026-02-27 02:00:00,2021.89000000,2034.52000000,2019.37000000,2026.00000000,8985.70770000,1772161199999,18217854.40346400,173221,5532.43580000,11217647.01892000
1772161200000,2026-02-27 03:00:00,2026.01000000,2049.48000000,2019.50000000,2045.39000000,9221.79610000,1772164799999,18748283.81030800,139472,5404.11100000,10988456.29531100
1772164800000,2026-02-27 04:00:00,2045.39000000,2063.52000000,2039.84000000,2042.64000000,21685.06350000,1772168399999,44516454.70654200,241523,11691.66930000,24020419.23340600
1772168400000,2026-02-27 05:00:00,2042.64000000,2049.43000000,2038.71000000,2041.61000000,7895.43300000,1772171999999,16139584.27447100,104753,2980.49620000,6094019.80692300
1772172000000,2026-02-27 06:00:00,2041.60000000,2042.95000000,2027.53000000,2035.91000000,13142.50530000,1772175599999,26743082.23484400,119052,3830.06270000,7797991.19930400
1772175600000,2026-02-27 07:00:00,2035.92000000,2041.43000000,2022.16000000,2032.69000000,20364.88050000,1772179199999,41335412.18093800,126003,9326.60730000,18927353.15791000
1772179200000,2026-02-27 08:00:00,2032.69000000,2045.93000000,2028.08000000,2033.38000000,12966.00150000,1772182799999,26395573.61306100,108154,5260.41450000,10714235.16977700
1772182800000,2026-02-27 09:00:00,2033.39000000,2042.43000000,2008.41000000,2010.01000000,15280.48440000,1772186399999,30951190.63197100,162116,6158.28260000,12479155.27710800
1772186400000,2026-02-27 10:00:00,2010.00000000,2013.69000000,1978.39000000,1980.80000000,32169.54420000,1772189999999,64125622.87906900,240203,14615.41430000,29127612.18608200
1772190000000,2026-02-27 11:00:00,1980.80000000,1984.12000000,1953.37000000,1962.08000000,32125.25520000,1772193599999,63255118.60807500,231455,16235.30070000,31961625.62005300
1772193600000,2026-02-27 12:00:00,1962.08000000,1969.00000000,1949.32000000,1959.92000000,21054.26310000,1772197199999,41247892.96017200,150684,11295.62640000,22136224.86034200
1772197200000,2026-02-27 13:00:00,1959.91000000,1967.71000000,1938.82000000,1963.35000000,29787.95540000,1772200799999,58229085.19715200,229396,16308.69400000,31883658.14126200
1772200800000,2026-02-27 14:00:00,1963.35000000,1964.30000000,1940.03000000,1942.95000000,27171.01230000,1772204399999,53014560.64058400,492852,14037.21960000,27388637.17415800
1772204400000,2026-02-27 15:00:00,1942.94000000,1959.24000000,1940.62000000,1948.59000000,27110.31890000,1772207999999,52865239.68385000,436735,15225.27070000,29692768.59582100
1772208000000,2026-02-27 16:00:00,1948.59000000,1948.86000000,1924.61000000,1927.15000000,24245.91060000,1772211599999,46921470.51043400,400296,12195.03110000,23603366.51436900
1772211600000,2026-02-27 17:00:00,1927.14000000,1934.98000000,1907.48000000,1932.35000000,22942.99840000,1772215199999,44060242.70460500,420139,13227.57460000,25405969.99328900
1772215200000,2026-02-27 18:00:00,1932.35000000,1933.06000000,1915.81000000,1918.02000000,9761.76610000,1772218799999,18779483.58519600,216223,5102.84790000,9817691.14863500
1772218800000,2026-02-27 19:00:00,1918.02000000,1923.46000000,1912.32000000,1921.10000000,7072.28310000,1772222399999,13570220.66580300,144574,3854.55230000,7397520.68154400
1772222400000,2026-02-27 20:00:00,1921.11000000,1926.78000000,1920.43000000,1923.14000000,6910.18110000,1772225999999,13291000.96910100,148350,3572.27750000,6871086.30855800
1772226000000,2026-02-27 21:00:00,1923.16000000,1933.64000000,1917.11000000,1921.26000000,9233.38020000,1772229599999,17788515.01762900,131251,5178.59500000,9979483.13783000
1772229600000,2026-02-27 22:00:00,1921.26000000,1927.72000000,1887.00000000,1921.40000000,25905.38380000,1772233199999,49405341.63233000,239913,11970.59530000,22845185.14343600
1772233200000,2026-02-27 23:00:00,1921.39000000,1933.55000000,1919.96000000,1929.84000000,7403.00550000,1772236799999,14276571.49493500,111030,4188.61600000,8078178.78529200
1772236800000,2026-02-28 00:00:00,1929.84000000,1937.17000000,1924.45000000,1932.40000000,7134.03550000,1772240399999,13778348.62724500,92751,4401.61760000,8502952.00813300
1772240400000,2026-02-28 01:00:00,1932.41000000,1936.18000000,1919.80000000,1924.61000000,6271.23260000,1772243999999,12094143.66982100,98691,2744.75590000,5293578.15381100
1772244000000,2026-02-28 02:00:00,1924.61000000,1932.54000000,1922.64000000,1930.36000000,3152.51860000,1772247599999,6080652.62029900,70261,1981.47870000,3822587.40419400
1772247600000,2026-02-28 03:00:00,1930.36000000,1931.27000000,1920.61000000,1924.49000000,4541.76860000,1772251199999,8747818.97149400,68906,2007.81380000,3867838.37049900
1772251200000,2026-02-28 04:00:00,1924.49000000,1931.62000000,1914.73000000,1925.12000000,6577.65950000,1772254799999,12652993.44989200,87670,3362.63850000,6471353.50276100
1772254800000,2026-02-28 05:00:00,1925.12000000,1928.20000000,1914.56000000,1919.94000000,5792.26430000,1772258399999,11129464.57717200,81486,2180.52210000,4190456.33160900
1772258400000,2026-02-28 06:00:00,1919.95000000,1920.25000000,1835.36000000,1842.45000000,78375.96360000,1772261999999,146743185.61426000,905018,34726.31860000,64942893.81301700
1772262000000,2026-02-28 07:00:00,1842.46000000,1885.00000000,1835.55000000,1866.73000000,44514.72020000,1772265599999,83004535.35078800,529938,23404.18590000,43621856.29542700
1772265600000,2026-02-28 08:00:00,1866.73000000,1868.76000000,1848.48000000,1852.48000000,20274.76320000,1772269199999,37666088.15778300,263534,9930.16860000,18451709.49271600
1772269200000,2026-02-28 09:00:00,1852.47000000,1863.51000000,1845.05000000,1854.98000000,15840.99530000,1772272799999,29366136.48498900,229801,7422.64970000,13763328.26331900
1772272800000,2026-02-28 10:00:00,1854.99000000,1868.45000000,1849.15000000,1865.09000000,14486.75130000,1772276399999,26926100.01360100,184710,7823.26800000,14543388.38689600
1772276400000,2026-02-28 11:00:00,1865.09000000,1881.00000000,1861.68000000,1863.31000000,15745.27420000,1772279999999,29481633.37063800,195414,8126.77030000,15221150.46586700
1772280000000,2026-02-28 12:00:00,1863.32000000,1874.20000000,1862.47000000,1868.53000000,8483.75750000,1772283599999,15848115.05855300,120149,4813.01160000,8990087.28183700
1772283600000,2026-02-28 13:00:00,1868.53000000,1910.20000000,1865.25000000,1905.58000000,30939.71000000,1772287199999,58450777.91668600,288705,16429.91450000,31033024.35730900
1772287200000,2026-02-28 14:00:00,1905.58000000,1915.95000000,1883.20000000,1887.75000000,32925.62590000,1772290799999,62572298.92760800,478278,15756.74420000,29960518.05655400
1772290800000,2026-02-28 15:00:00,1887.76000000,1903.91000000,1873.83000000,1898.88000000,19462.89010000,1772294399999,36832261.21847200,297359,10991.85740000,20813448.81139500
1772294400000,2026-02-28 16:00:00,1898.87000000,1910.20000000,1891.72000000,1903.98000000,9989.03480000,1772297999999,18987130.75031700,208600,5178.45140000,9845336.97969200
1772298000000,2026-02-28 17:00:00,1903.97000000,1911.62000000,1886.02000000,1906.91000000,15394.34560000,1772301599999,29213791.88069800,191517,6319.90520000,11997616.64737100
1772301600000,2026-02-28 18:00:00,1906.90000000,1947.00000000,1901.27000000,1936.08000000,23930.69350000,1772305199999,46061882.48293300,333336,12653.58820000,24344163.58354200
1772305200000,2026-02-28 19:00:00,1936.08000000,1955.04000000,1920.38000000,1947.02000000,23857.50310000,1772308799999,46285594.24970000,353972,11660.71730000,22625434.05842300
1772308800000,2026-02-28 20:00:00,1947.03000000,1972.44000000,1938.76000000,1965.96000000,23243.33400000,1772312399999,45526372.36537400,395556,12501.22780000,24493913.77844900
1772312400000,2026-02-28 21:00:00,1965.96000000,1967.76000000,1945.39000000,1957.69000000,17733.40680000,1772315999999,34666866.26156000,269090,7596.51780000,14858173.17966300
1772316000000,2026-02-28 22:00:00,1957.70000000,1984.99000000,1955.75000000,1965.48000000,25696.49410000,1772319599999,50646832.87103500,312005,14713.34510000,29014603.39830100
1772319600000,2026-02-28 23:00:00,1965.48000000,1969.97000000,1956.84000000,1964.51000000,7316.24120000,1772323199999,14365258.34279400,129295,3250.95560000,6384110.46226700
1772323200000,2026-03-01 00:00:00,1964.51000000,1969.28000000,1954.64000000,1962.66000000,8007.17190000,1772326799999,15707863.83317400,146204,4135.74960000,8116917.45777800
1772326800000,2026-03-01 01:00:00,1962.67000000,2023.40000000,1943.58000000,2012.36000000,40313.92550000,1772330399999,80049389.87338800,454306,23875.13830000,47422180.76573600
1772330400000,2026-03-01 02:00:00,2012.37000000,2054.80000000,2008.61000000,2033.05000000,62449.78480000,1772333999999,127258200.03082000,728952,28274.58630000,57615023.06015600
1772334000000,2026-03-01 03:00:00,2033.04000000,2039.25000000,2017.00000000,2023.29000000,18009.68450000,1772337599999,36562580.30096100,235946,7728.42250000,15688987.21701200
1772337600000,2026-03-01 04:00:00,2023.29000000,2030.30000000,1998.68000000,2015.70000000,21842.99120000,1772341199999,43965455.45252100,230043,9219.50560000,18563185.46580500
1772341200000,2026-03-01 05:00:00,2015.71000000,2022.90000000,2009.70000000,2011.24000000,8628.29860000,1772344799999,17398185.72866900,122439,3653.88160000,7369574.74990400
1772344800000,2026-03-01 06:00:00,2011.24000000,2012.67000000,1989.00000000,1998.41000000,24589.10070000,1772348399999,49119999.49053900,195362,11672.90620000,23316996.77855400
1772348400000,2026-03-01 07:00:00,1998.41000000,2009.63000000,1993.00000000,2007.24000000,14865.81160000,1772351999999,29783072.08814100,133142,7325.95720000,14680542.37417200
1772352000000,2026-03-01 08:00:00,2007.23000000,2010.18000000,1981.03000000,1986.00000000,15134.29250000,1772355599999,30216215.68687700,181154,5826.59930000,11635406.85580100
1772355600000,2026-03-01 09:00:00,1986.01000000,1996.12000000,1974.83000000,1980.69000000,16432.50290000,1772359199999,32607699.40664000,227443,7715.66040000,15314367.33974600
1772359200000,2026-03-01 10:00:00,1980.69000000,1993.03000000,1972.24000000,1984.81000000,13791.37850000,1772362799999,27333992.91482400,177762,6784.70740000,13449041.01523400
1772362800000,2026-03-01 11:00:00,1984.81000000,1989.48000000,1981.96000000,1983.32000000,5850.39980000,1772366399999,11619138.09462300,89863,2853.75160000,5668562.13423400
1772366400000,2026-03-01 12:00:00,1983.32000000,1988.00000000,1976.39000000,1978.20000000,6988.71400000,1772369999999,13850368.29519300,119075,3533.38690000,7003926.99546700
1772370000000,2026-03-01 13:00:00,1978.21000000,2024.40000000,1968.60000000,2006.58000000,30654.94600000,1772373599999,61228316.35530000,361014,15287.60570000,30549572.28591700
1772373600000,2026-03-01 14:00:00,2006.58000000,2028.00000000,1993.37000000,2000.10000000,26685.24770000,1772377199999,53624168.10531000,453909,12897.47190000,25934376.53350500
1772377200000,2026-03-01 15:00:00,2000.11000000,2016.23000000,1992.35000000,1993.38000000,16085.66580000,1772380799999,32296125.62264300,227554,8599.67330000,17274654.35822600
1772380800000,2026-03-01 16:00:00,1993.38000000,2009.38000000,1960.23000000,1974.03000000,32651.44220000,1772384399999,64762414.34283400,428752,15169.93890000,30115855.29253300
1772384400000,2026-03-01 17:00:00,1974.02000000,1975.92000000,1953.30000000,1961.17000000,18424.61090000,1772387999999,36231078.02601000,306739,8693.13820000,17099601.95307600
1772388000000,2026-03-01 18:00:00,1961.17000000,1997.53000000,1961.03000000,1975.82000000,27496.18100000,1772391599999,54516780.57775500,286414,14275.58290000,28298333.11317500
1772391600000,2026-03-01 19:00:00,1975.82000000,1976.37000000,1946.55000000,1953.90000000,21414.91130000,1772395199999,41974777.51722900,212393,10760.80200000,21078529.24413800
1772395200000,2026-03-01 20:00:00,1953.89000000,1955.01000000,1907.41000000,1914.26000000,34457.23730000,1772398799999,66289543.45211100,439950,14063.42070000,27058637.08882300
1772398800000,2026-03-01 21:00:00,1914.27000000,1932.34000000,1912.61000000,1928.98000000,15745.29400000,1772402399999,30273494.25849700,187745,8164.16650000,15696913.53860300
1772402400000,2026-03-01 22:00:00,1928.98000000,1971.01000000,1914.69000000,1924.86000000,30768.43610000,1772405999999,59686557.76064500,348190,14753.61090000,28610257.29807900
1772406000000,2026-03-01 23:00:00,1924.86000000,1948.15000000,1918.70000000,1939.71000000,17908.81760000,1772409599999,34675406.57474100,321947,9281.98370000,17970458.80298100
1772409600000,2026-03-02 00:00:00,1939.71000000,1967.49000000,1937.42000000,1960.86000000,15733.73560000,1772413199999,30705356.40128800,322837,8925.07750000,17417560.41071000
1772413200000,2026-03-02 01:00:00,1960.87000000,1989.23000000,1959.64000000,1963.71000000,20874.03170000,1772416799999,41205602.85350900,391886,10407.96710000,20543023.77121400
1772416800000,2026-03-02 02:00:00,1963.71000000,1966.16000000,1939.79000000,1955.63000000,17187.53170000,1772420399999,33534911.31819100,284081,7166.40890000,13985730.91525400
1772420400000,2026-03-02 03:00:00,1955.63000000,1979.82000000,1948.35000000,1972.30000000,15261.33390000,1772423999999,30068514.38017000,257232,9023.04210000,17780191.11577400
1772424000000,2026-03-02 04:00:00,1972.30000000,1980.32000000,1968.31000000,1972.94000000,9531.03250000,1772427599999,18803627.14870800,146644,4700.33830000,9273259.67098300
1772427600000,2026-03-02 05:00:00,1972.94000000,1983.60000000,1961.61000000,1970.84000000,11376.13410000,1772431199999,22431990.02420500,162836,4633.90680000,9143548.29814500
1772431200000,2026-03-02 06:00:00,1970.90000000,1971.20000000,1937.55000000,1943.31000000,19103.70640000,1772434799999,37291612.24149600,292631,7304.27960000,14256037.96109300
1772434800000,2026-03-02 07:00:00,1943.31000000,1944.99000000,1925.53000000,1941.66000000,18656.50570000,1772438399999,36114813.14379800,267692,9335.12970000,18077791.67388700
1772438400000,2026-03-02 08:00:00,1941.65000000,1951.14000000,1920.00000000,1949.34000000,20244.51960000,1772441999999,39186518.75260000,312485,10066.52200000,19495638.85620100
1772442000000,2026-03-02 09:00:00,1949.33000000,1967.13000000,1946.85000000,1947.79000000,21443.54990000,1772445599999,41949107.06585600,288398,9358.24080000,18312277.59294100
1772445600000,2026-03-02 10:00:00,1947.78000000,1956.18000000,1944.00000000,1952.25000000,7114.24230000,1772449199999,13874466.07676900,211063,3874.25490000,7556549.41417800
1772449200000,2026-03-02 11:00:00,1952.24000000,1954.81000000,1935.54000000,1947.81000000,13102.96980000,1772452799999,25482119.84911500,236285,6782.08460000,13193390.16668200
1772452800000,2026-03-02 12:00:00,1947.80000000,1948.98000000,1930.40000000,1938.12000000,8789.87690000,1772456399999,17048330.84988300,200836,4437.03600000,8606714.14759100
1772456400000,2026-03-02 13:00:00,1938.11000000,1944.50000000,1922.55000000,1927.71000000,15816.27830000,1772459999999,30567171.95590800,359760,7216.51300000,13949068.45307100
1772460000000,2026-03-02 14:00:00,1927.71000000,1985.48000000,1921.70000000,1979.75000000,58183.59230000,1772463599999,113652596.46083000,908743,31731.66500000,61998941.04219500
1772463600000,2026-03-02 15:00:00,1979.75000000,2065.48000000,1974.36000000,2047.33000000,99017.37400000,1772467199999,201084110.59435100,1301024,58836.37480000,119487441.34908200
1772467200000,2026-03-02 16:00:00,2047.33000000,2090.00000000,2043.36000000,2064.33000000,60174.24890000,1772470799999,124197131.07535500,933193,30715.68030000,63394285.79880500
1772470800000,2026-03-02 17:00:00,2064.33000000,2066.00000000,2025.58000000,2041.01000000,27258.71700000,1772474399999,55786833.91317100,542343,11224.80060000,22962895.26533800
1772474400000,2026-03-02 18:00:00,2041.01000000,2041.12000000,2024.24000000,2029.40000000,16184.37550000,1772477999999,32896090.06456400,387119,7647.95520000,15546249.79728500
1772478000000,2026-03-02 19:00:00,2029.40000000,2049.39000000,2017.15000000,2043.57000000,18799.57120000,1772481599999,38239559.58906800,329986,9701.46960000,19739269.33196700
1772481600000,2026-03-02 20:00:00,2043.56000000,2057.70000000,2024.98000000,2035.50000000,20820.40380000,1772485199999,42495993.46425300,475911,10253.55230000,20936130.02742800
1772485200000,2026-03-02 21:00:00,2035.50000000,2047.87000000,2029.35000000,2043.01000000,13737.18200000,1772488799999,28007283.58763200,236095,6175.65900000,12590984.55864100
1772488800000,2026-03-02 22:00:00,2043.01000000,2058.59000000,2041.41000000,2053.82000000,11782.13160000,1772492399999,24157018.32820300,200429,6253.30940000,12821088.32173900
1772492400000,2026-03-02 23:00:00,2053.82000000,2055.75000000,2024.32000000,2027.35000000,37213.33020000,1772495999999,75646795.35497000,294276,23427.98190000,47590667.03105100
1772496000000,2026-03-03 00:00:00,2027.34000000,2038.94000000,2018.76000000,2035.46000000,28632.00740000,1772499599999,58163623.06469100,299503,17423.28900000,35409279.78850100
1772499600000,2026-03-03 01:00:00,2035.46000000,2041.48000000,2019.53000000,2020.01000000,12962.58330000,1772503199999,26335132.60006800,308215,5651.25670000,11485322.77205900
1772503200000,2026-03-03 02:00:00,2020.01000000,2022.89000000,1998.00000000,2013.67000000,21831.76570000,1772506799999,43897215.87866700,418995,9414.67250000,18939036.51838100
1772506800000,2026-03-03 03:00:00,2013.68000000,2015.88000000,2005.33000000,2008.88000000,8961.61120000,1772510399999,18011737.57038900,184606,3818.00010000,7674614.31547100
1772510400000,2026-03-03 04:00:00,2008.88000000,2013.66000000,1998.49000000,1999.82000000,10046.01290000,1772513999999,20144014.67447600,190626,4325.61420000,8674389.75916100
1772514000000,2026-03-03 05:00:00,1999.81000000,2019.40000000,1987.50000000,1993.36000000,23376.12150000,1772517599999,46717651.34415600,326575,13022.96900000,26028559.87993600
1772517600000,2026-03-03 06:00:00,1993.35000000,2001.86000000,1987.82000000,1999.27000000,9807.21080000,1772521199999,19557627.79919600,223242,4825.95880000,9624681.99744200
1772521200000,2026-03-03 07:00:00,1999.28000000,2003.49000000,1993.43000000,1996.33000000,11518.46820000,1772524799999,23014812.95411200,185062,5882.16680000,11753894.33461700
1772524800000,2026-03-03 08:00:00,1996.32000000,2000.53000000,1947.93000000,1953.10000000,36423.87030000,1772528399999,71785895.59715600,402047,15527.45980000,30602703.49464800
1772528400000,2026-03-03 09:00:00,1953.10000000,1968.89000000,1939.10000000,1951.58000000,29942.95890000,1772531999999,58495257.86007000,351252,15295.13280000,29903436.45335600
1772532000000,2026-03-03 10:00:00,1951.57000000,1964.08000000,1945.24000000,1958.05000000,14868.48660000,1772535599999,29051707.21142500,224712,7895.77400000,15431030.93938700
1772535600000,2026-03-03 11:00:00,1958.05000000,1966.97000000,1952.11000000,1961.28000000,13420.82230000,1772539199999,26305382.06192600,205163,7666.69480000,15029411.94995300
1772539200000,2026-03-03 12:00:00,1961.28000000,1990.07000000,1960.85000000,1967.57000000,23995.65030000,1772542799999,47334301.38692200,366790,12366.24890000,24401856.50763000
1772542800000,2026-03-03 13:00:00,1967.58000000,1968.77000000,1943.73000000,1952.14000000,20300.89270000,1772546399999,39660092.92838300,349912,10114.66780000,19756869.99613600
1772546400000,2026-03-03 14:00:00,1952.13000000,1977.31000000,1929.56000000,1942.78000000,56182.46040000,1772549999999,109647446.90305000,833652,28251.36850000,55148644.71623300
1772550000000,2026-03-03 15:00:00,1942.78000000,1972.71000000,1932.04000000,1969.22000000,38417.98790000,1772553599999,75026142.39344900,799021,20819.44870000,40662669.87197700
1772553600000,2026-03-03 16:00:00,1969.21000000,2014.12000000,1958.76000000,1983.98000000,54907.20080000,1772557199999,109054561.30757200,905714,29035.46160000,57683640.48825800
1772557200000,2026-03-03 17:00:00,1983.98000000,1985.60000000,1959.38000000,1980.60000000,20094.39380000,1772560799999,39631790.96798700,435936,9609.78570000,18956536.12209300
1772560800000,2026-03-03 18:00:00,1980.59000000,2000.32000000,1969.70000000,1988.20000000,17019.05890000,1772564399999,33829068.56566200,304776,8180.36360000,16261560.59456700
1772564400000,2026-03-03 19:00:00,1988.21000000,1994.37000000,1976.97000000,1986.02000000,20447.23980000,1772567999999,40619982.20756200,311005,7781.91590000,15465348.08692100
1772568000000,2026-03-03 20:00:00,1986.03000000,1989.80000000,1969.83000000,1978.34000000,9339.97930000,1772571599999,18499791.48972400,238998,4084.26730000,8090927.41337100
1772571600000,2026-03-03 21:00:00,1978.34000000,1978.40000000,1959.35000000,1968.46000000,8093.79010000,1772575199999,15912589.03530200,147275,3565.33270000,7009587.28841500
1772575200000,2026-03-03 22:00:00,1968.46000000,1988.20000000,1968.25000000,1983.31000000,7331.05260000,1772578799999,14522728.86762700,149019,4160.55740000,8241200.28504500
1772578800000,2026-03-03 23:00:00,1983.30000000,2001.63000000,1981.25000000,1982.80000000,11408.22770000,1772582399999,22704792.43712200,149259,5532.92430000,11015831.32916400
1772582400000,2026-03-04 00:00:00,1982.81000000,1986.79000000,1961.88000000,1976.68000000,13652.34610000,1772585999999,26974346.28846400,217964,5251.92060000,10374936.68753600
1772586000000,2026-03-04 01:00:00,1976.69000000,1998.66000000,1970.18000000,1981.73000000,15208.22400000,1772589599999,30163127.04048000,321208,7018.29000000,13928812.59130100
1772589600000,2026-03-04 02:00:00,1981.72000000,1982.79000000,1969.10000000,1979.24000000,9101.05680000,1772593199999,17985073.09483000,234510,3761.95680000,7434562.39927400
1772593200000,2026-03-04 03:00:00,1979.23000000,1980.18000000,1945.08000000,1960.90000000,24378.10160000,1772596799999,47760360.64154800,375317,10231.81990000,20045464.49511900
1772596800000,2026-03-04 04:00:00,1960.89000000,1964.65000000,1950.65000000,1960.25000000,10698.77880000,1772600399999,20941949.03664400,235028,5111.23330000,10006414.49067400
1772600400000,2026-03-04 05:00:00,1960.26000000,1977.84000000,1955.79000000,1971.14000000,10275.53100000,1772603999999,20209596.07308500,219062,5657.37310000,11131871.50006300
1772604000000,2026-03-04 06:00:00,1971.14000000,1986.49000000,1963.33000000,1980.33000000,12984.28220000,1772607599999,25646408.71640700,217059,7404.56140000,14629276.28403800
1772607600000,2026-03-04 07:00:00,1980.34000000,2010.00000000,1974.64000000,2006.55000000,18528.99390000,1772611199999,36945095.91818800,256549,9895.02650000,19736028.04845000
1772611200000,2026-03-04 08:00:00,2006.55000000,2066.66000000,2000.47000000,2063.71000000,60466.90330000,1772614799999,122867464.17961000,591736,33945.89290000,68992150.49587600
1772614800000,2026-03-04 09:00:00,2063.71000000,2089.55000000,2055.18000000,2075.23000000,59530.17230000,1772618399999,123505788.65428800,658625,28912.03240000,60005804.57072800
1772618400000,2026-03-04 10:00:00,2075.24000000,2092.90000000,2067.36000000,2072.34000000,35518.58510000,1772621999999,73828166.51987600,435050,14628.82980000,30432760.71934500
1772622000000,2026-03-04 11:00:00,2072.33000000,2078.22000000,2046.77000000,2054.97000000,31815.41160000,1772625599999,65633981.38647500,316703,14236.84880000,29371013.31807300
1772625600000,2026-03-04 12:00:00,2054.97000000,2059.29000000,2036.37000000,2054.33000000,34637.63360000,1772629199999,70861351.94636800,351334,19874.28120000,40642289.06781000
1772629200000,2026-03-04 13:00:00,2054.34000000,2068.53000000,2052.79000000,2064.49000000,14580.99580000,1772632799999,30057939.06259300,333442,7421.73880000,15300942.30537500
1772632800000,2026-03-04 14:00:00,2064.48000000,2110.00000000,2062.82000000,2080.00000000,64561.64280000,1772636399999,134466952.30076400,861639,36126.67490000,75245193.11062900
1772636400000,2026-03-04 15:00:00,2079.99000000,2157.67000000,2079.09000000,2150.23000000,89214.30860000,1772639999999,189414293.69358600,955993,48287.15840000,102523780.39795000
1772640000000,2026-03-04 16:00:00,2150.23000000,2165.75000000,2129.13000000,2142.39000000,58873.99250000,1772643599999,126320664.68745500,692129,30460.79650000,65364186.96713100
1772643600000,2026-03-04 17:00:00,2142.39000000,2156.83000000,2130.17000000,2146.07000000,43422.74300000,1772647199999,93093462.63933300,476500,21240.96350000,45555812.89684700
1772647200000,2026-03-04 18:00:00,2146.07000000,2164.38000000,2138.13000000,2163.18000000,20006.59600000,1772650799999,43032116.48544300,325457,9518.59870000,20475992.47077800
1772650800000,2026-03-04 19:00:00,2163.18000000,2199.00000000,2161.01000000,2177.51000000,49507.37990000,1772654399999,107957313.19022800,515834,25673.02610000,55978629.19964200
1772654400000,2026-03-04 20:00:00,2177.51000000,2179.66000000,2149.31000000,2150.13000000,18222.58480000,1772657999999,39485577.11149300,318410,6938.45730000,15040677.84098500
1772658000000,2026-03-04 21:00:00,2150.13000000,2155.77000000,2142.25000000,2149.86000000,11687.01100000,1772661599999,25112967.22881900,205618,5444.51480000,11700665.60473100
1772661600000,2026-03-04 22:00:00,2149.85000000,2164.16000000,2127.42000000,2132.11000000,15161.26180000,1772665199999,32529096.05371700,216406,6126.73010000,13152622.22065100
1772665200000,2026-03-04 23:00:00,2132.11000000,2136.84000000,2116.67000000,2127.28000000,15610.27870000,1772668799999,33197962.05436200,195750,5003.13010000,10643736.43276600
1772668800000,2026-03-05 00:00:00,2127.28000000,2135.36000000,2121.50000000,2128.13000000,14409.84720000,1772672399999,30675788.96196300,234078,5710.00540000,12155972.23151800
1772672400000,2026-03-05 01:00:00,2128.14000000,2141.93000000,2107.57000000,2113.73000000,18721.18040000,1772675999999,39752440.35697300,311682,6499.73760000,13803454.91453800
1772676000000,2026-03-05 02:00:00,2113.72000000,2134.09000000,2112.82000000,2121.85000000,12365.03210000,1772679599999,26254928.83039900,208319,6141.90230000,13045601.58126600
1772679600000,2026-03-05 03:00:00,2121.85000000,2126.07000000,2107.50000000,2120.15000000,8560.34350000,1772683199999,18117487.56916900,166012,4033.66660000,8537833.13983800
1772683200000,2026-03-05 04:00:00,2120.15000000,2144.20000000,2118.59000000,2137.36000000,15809.58770000,1772686799999,33708572.43340500,211459,9179.65480000,19574438.74939600
1772686800000,2026-03-05 05:00:00,2137.35000000,2139.32000000,2114.03000000,2119.65000000,11146.25930000,1772690399999,23653467.18371100,159242,3799.68930000,8068015.54871100
1772690400000,2026-03-05 06:00:00,2119.66000000,2130.92000000,2110.15000000,2128.23000000,8734.21920000,1772693999999,18520032.19158900,200736,4368.73680000,9265623.60728200
1772694000000,2026-03-05 07:00:00,2128.22000000,2132.53000000,2095.71000000,2104.96000000,18349.14640000,1772697599999,38749106.65072400,203158,8332.37780000,17602711.67465400
1772697600000,2026-03-05 08:00:00,2104.96000000,2118.82000000,2093.63000000,2117.64000000,17772.73030000,1772701199999,37389574.32104500,264113,9453.07900000,19894154.63996100
1772701200000,2026-03-05 09:00:00,2117.64000000,2137.71000000,2116.54000000,2125.45000000,17983.02380000,1772704799999,38261904.61410400,307069,9745.19910000,20734269.57000000
1772704800000,2026-03-05 10:00:00,2125.45000000,2163.66000000,2119.99000000,2156.15000000,21391.52760000,1772708399999,45909449.60212100,349801,12863.36240000,27606253.72430700
1772708400000,2026-03-05 11:00:00,2156.14000000,2159.31000000,2133.50000000,2137.92000000,13375.45360000,1772711999999,28698227.60459800,256916,5910.51540000,12683687.05850700
1772712000000,2026-03-05 12:00:00,2137.92000000,2142.95000000,2123.58000000,2138.25000000,15735.62770000,1772715599999,33566045.53753100,288260,8460.52260000,18046069.51180700
1772715600000,2026-03-05 13:00:00,2138.25000000,2139.72000000,2109.18000000,2117.60000000,19573.75570000,1772719199999,41522067.38467900,353769,9009.86210000,19112485.07810000
1772719200000,2026-03-05 14:00:00,2117.60000000,2131.65000000,2096.73000000,2119.17000000,30762.78290000,1772722799999,64994841.13064200,627559,15562.53130000,32888409.39766800
1772722800000,2026-03-05 15:00:00,2119.18000000,2121.93000000,2067.54000000,2086.96000000,58446.59120000,1772726399999,121837927.79409500,733477,23472.61280000,48937200.25472800
1772726400000,2026-03-05 16:00:00,2086.95000000,2087.42000000,2056.70000000,2080.17000000,28768.13940000,1772729999999,59607703.80474300,462500,13552.86590000,28089971.38978600
1772730000000,2026-03-05 17:00:00,2080.17000000,2093.70000000,2054.75000000,2059.88000000,25380.21890000,1772733599999,52544303.76096200,406968,12396.24250000,25672606.13759600
1772733600000,2026-03-05 18:00:00,2059.88000000,2078.38000000,2056.99000000,2076.59000000,12902.86480000,1772737199999,26690740.68039800,250553,7695.33880000,15921802.35516000
1772737200000,2026-03-05 19:00:00,2076.60000000,2093.69000000,2072.38000000,2074.36000000,22325.85760000,1772740799999,46485751.54813400,229965,9507.36210000,19796439.85245300
1772740800000,2026-03-05 20:00:00,2074.37000000,2098.67000000,2070.09000000,2092.43000000,15608.86190000,1772744399999,32577907.32532200,239920,9362.50060000,19544143.04852700
1772744400000,2026-03-05 21:00:00,2092.42000000,2099.36000000,2075.77000000,2080.60000000,11396.44010000,1772747999999,23794464.70421100,131516,5175.23790000,10809173.57860400
1772748000000,2026-03-05 22:00:00,2080.61000000,2085.00000000,2077.60000000,2080.11000000,4816.13850000,1772751599999,10024041.11718300,71856,2390.87840000,4976275.18221700
1772751600000,2026-03-05 23:00:00,2080.11000000,2084.45000000,2069.72000000,2072.86000000,7822.18280000,1772755199999,16242077.88122200,84637,2829.61430000,5876056.12090300
1772755200000,2026-03-06 00:00:00,2072.86000000,2080.39000000,2067.70000000,2075.02000000,9180.21010000,1772758799999,19042752.85079100,130527,4115.60990000,8538696.14074400
1772758800000,2026-03-06 01:00:00,2075.03000000,2091.38000000,2061.79000000,2087.65000000,13630.64140000,1772762399999,28313224.34395300,253824,6390.28250000,13276857.14946300
1772762400000,2026-03-06 02:00:00,2087.66000000,2093.33000000,2080.66000000,2083.89000000,7620.40220000,1772765999999,15897797.07357700,210939,3579.04810000,7467382.01510600
1772766000000,2026-03-06 03:00:00,2083.89000000,2088.75000000,2075.28000000,2083.80000000,8645.16300000,1772769599999,18007900.94860700,165344,4142.06240000,8629306.97812900
1772769600000,2026-03-06 04:00:00,2083.81000000,2085.88000000,2058.84000000,2070.86000000,14588.39210000,1772773199999,30253166.25920300,194485,6228.80120000,12916875.81681600
1772773200000,2026-03-06 05:00:00,2070.87000000,2074.19000000,2059.36000000,2068.94000000,10611.93870000,1772776799999,21925689.80304000,168894,5058.71230000,10454390.60019000
1772776800000,2026-03-06 06:00:00,2068.93000000,2080.53000000,2063.58000000,2074.03000000,7652.87440000,1772780399999,15847861.46918800,107691,4164.37160000,8624047.58174000
1772780400000,2026-03-06 07:00:00,2074.04000000,2087.66000000,2068.79000000,2082.83000000,12517.34720000,1772783999999,26050083.89635500,111641,6869.99900000,14298901.14926000
1772784000000,2026-03-06 08:00:00,2082.83000000,2082.83000000,2074.33000000,2075.96000000,7247.94810000,1772787599999,15069036.38610500,127295,3642.66160000,7574015.59843200
1772787600000,2026-03-06 09:00:00,2075.96000000,2077.50000000,2045.79000000,2060.00000000,21572.25670000,1772791199999,44382670.40721500,233664,9025.74870000,18565793.55331700
1772791200000,2026-03-06 10:00:00,2060.00000000,2069.43000000,2058.72000000,2063.40000000,8988.18360000,1772794799999,18555696.55896100,122563,4930.54360000,10179363.89793200
1772794800000,2026-03-06 11:00:00,2063.41000000,2067.34000000,2049.85000000,2051.03000000,12852.71390000,1772798399999,26463541.83300100,132116,5628.79180000,11588502.38588000
1772798400000,2026-03-06 12:00:00,2051.03000000,2055.00000000,2037.22000000,2048.52000000,19883.33800000,1772801999999,40672304.50227800,245020,8358.68510000,17100911.17719900
1772802000000,2026-03-06 13:00:00,2048.52000000,2062.12000000,2019.35000000,2019.88000000,37363.79860000,1772805599999,76280907.23547100,416364,17428.19810000,35594384.82374800
1772805600000,2026-03-06 14:00:00,2019.89000000,2024.35000000,1972.00000000,1981.55000000,77975.80630000,1772809199999,155804535.71004500,862373,33700.05040000,67320015.40266800
1772809200000,2026-03-06 15:00:00,1981.55000000,1998.00000000,1966.24000000,1978.01000000,36805.79970000,1772812799999,73023423.26141900,525171,19889.62490000,39469793.93695400
1772812800000,2026-03-06 16:00:00,1978.00000000,1984.97000000,1966.27000000,1971.29000000,26399.63060000,1772816399999,52079503.37825300,373478,16092.91430000,31742294.10744100
1772816400000,2026-03-06 17:00:00,1971.28000000,1982.13000000,1955.95000000,1966.76000000,23860.43670000,1772819999999,46919892.68524300,339040,10719.72070000,21081340.92352000
1772820000000,2026-03-06 18:00:00,1966.76000000,1983.46000000,1966.61000000,1974.62000000,15172.60680000,1772823599999,30004974.35107600,253026,8728.32240000,17261472.28128900
1772823600000,2026-03-06 19:00:00,1974.62000000,1993.30000000,1974.62000000,1983.75000000,9611.94320000,1772827199999,19076551.04509800,182070,5551.73410000,11018157.75280800
1772827200000,2026-03-06 20:00:00,1983.75000000,1988.69000000,1969.26000000,1978.63000000,14596.46690000,1772830799999,28868428.12894100,216662,6276.82210000,12415120.55747600
1772830800000,2026-03-06 21:00:00,1978.64000000,1984.64000000,1971.51000000,1983.77000000,4970.52420000,1772834399999,9833221.26596000,85910,2526.76950000,4999968.31615500
1772834400000,2026-03-06 22:00:00,1983.76000000,1989.91000000,1981.58000000,1987.22000000,4312.47840000,1772837999999,8560660.22984200,75513,2353.89890000,4672527.59510400
1772838000000,2026-03-06 23:00:00,1987.23000000,1987.75000000,1977.03000000,1978.68000000,5536.85610000,1772841599999,10983245.00775100,67814,2200.57030000,4364967.32984700
1772841600000,2026-03-07 00:00:00,1978.68000000,1983.27000000,1976.97000000,1981.45000000,3668.85350000,1772845199999,7265599.75805000,57252,1988.35960000,3937551.76042100
1772845200000,2026-03-07 01:00:00,1981.45000000,1983.70000000,1976.25000000,1980.68000000,7091.56190000,1772848799999,14039855.58014000,65010,3622.06070000,7171194.42939500
1772848800000,2026-03-07 02:00:00,1980.67000000,1984.63000000,1971.79000000,1983.52000000,7690.46140000,1772852399999,15203527.77930900,65279,4210.45080000,8323381.41656400
1772852400000,2026-03-07 03:00:00,1983.53000000,1996.04000000,1979.83000000,1980.21000000,9533.45240000,1772855999999,18946344.03771300,100579,5082.09310000,10101877.48917800
1772856000000,2026-03-07 04:00:00,1980.22000000,1980.22000000,1964.34000000,1975.35000000,9092.37200000,1772859599999,17927484.43125800,94027,4407.88470000,8691497.44715900
1772859600000,2026-03-07 05:00:00,1975.35000000,1979.87000000,1972.46000000,1979.01000000,6131.98380000,1772863199999,12121803.88246400,56733,2616.54820000,5172410.13489900
1772863200000,2026-03-07 06:00:00,1979.01000000,1979.01000000,1968.81000000,1971.76000000,9083.15260000,1772866799999,17933158.47654700,72401,5086.09610000,10036827.71576600
1772866800000,2026-03-07 07:00:00,1971.77000000,1984.19000000,1967.07000000,1982.94000000,16455.66790000,1772870399999,32503867.68410000,109934,6774.28960000,13371751.71515500
1772870400000,2026-03-07 08:00:00,1982.94000000,1987.62000000,1975.50000000,1978.03000000,9725.33450000,1772873999999,19290025.23584200,73430,5483.97930000,10880499.18907100
1772874000000,2026-03-07 09:00:00,1978.02000000,1989.42000000,1975.38000000,1986.35000000,9442.47620000,1772877599999,18736922.11577900,76810,3657.84460000,7258501.65572700
1772877600000,2026-03-07 10:00:00,1986.35000000,1988.68000000,1983.32000000,1984.36000000,4111.34100000,1772881199999,8164579.70374900,60082,2236.17270000,4440892.67105100
1772881200000,2026-03-07 11:00:00,1984.36000000,1994.98000000,1982.19000000,1988.91000000,6240.14040000,1772884799999,12415012.48980900,80073,3873.80900000,7707075.23081900
1772884800000,2026-03-07 12:00:00,1988.92000000,1990.95000000,1979.84000000,1982.51000000,4069.82130000,1772888399999,8079918.84687200,59256,1990.28080000,3952276.55402500
1772888400000,2026-03-07 13:00:00,1982.51000000,1984.19000000,1977.64000000,1981.83000000,9076.37950000,1772891999999,17985842.47425000,80900,3407.39520000,6752015.75027700
1772892000000,2026-03-07 14:00:00,1981.83000000,1990.25000000,1970.47000000,1987.00000000,9828.66700000,1772895599999,19466047.63598200,140816,5533.58220000,10965444.49750000
1772895600000,2026-03-07 15:00:00,1987.01000000,1987.41000000,1976.22000000,1981.04000000,6476.32980000,1772899199999,12840601.88210000,114049,2917.07080000,5784060.58764000
1772899200000,2026-03-07 16:00:00,1981.03000000,1981.03000000,1974.48000000,1977.26000000,5663.86000000,1772902799999,11199194.55639800,82094,2997.12860000,5926386.77994100
1772902800000,2026-03-07 17:00:00,1977.26000000,1983.47000000,1976.19000000,1977.59000000,3883.32340000,1772906399999,7689996.97835800,51689,2058.85630000,4076999.30914400
1772906400000,2026-03-07 18:00:00,1977.59000000,1977.59000000,1965.78000000,1971.23000000,7635.95970000,1772909999999,15051350.02420200,96861,3476.36100000,6851707.22474200
1772910000000,2026-03-07 19:00:00,1971.22000000,1971.23000000,1948.09000000,1955.20000000,17780.51080000,1772913599999,34817592.64459700,176954,6412.17400000,12556927.21139500
1772913600000,2026-03-07 20:00:00,1955.20000000,1968.78000000,1954.89000000,1966.42000000,5668.14030000,1772917199999,11131650.52379700,97671,2922.95110000,5740656.58525500
1772917200000,2026-03-07 21:00:00,1966.42000000,1971.73000000,1963.97000000,1970.63000000,3666.46060000,1772920799999,7215072.74980000,75361,2022.96970000,3980927.10079700
1772920800000,2026-03-07 22:00:00,1970.62000000,1971.03000000,1958.36000000,1966.46000000,4432.00220000,1772924399999,8715835.05903700,81656,2116.46430000,4161962.43871200
1772924400000,2026-03-07 23:00:00,1966.47000000,1974.27000000,1965.49000000,1969.59000000,8011.56780000,1772927999999,15787950.23756700,60626,4375.57080000,8624235.60848100
1772928000000,2026-03-08 00:00:00,1969.60000000,1977.35000000,1966.66000000,1968.91000000,6916.06100000,1772931599999,13633078.85119900,66265,4422.19460000,8717458.22813700
1772931600000,2026-03-08 01:00:00,1968.92000000,1971.90000000,1963.51000000,1968.95000000,4903.02320000,1772935199999,9651950.83568300,70811,2338.42880000,4603565.04631000
1772935200000,2026-03-08 02:00:00,1968.94000000,1969.98000000,1935.73000000,1942.34000000,30383.26880000,1772938799999,59163565.19319000,187536,9677.89330000,18854594.47295100
1772938800000,2026-03-08 03:00:00,1942.34000000,1951.74000000,1941.54000000,1947.67000000,10074.52130000,1772942399999,19619617.34520700,114687,5352.03160000,10425229.15341700
1772942400000,2026-03-08 04:00:00,1947.67000000,1953.37000000,1930.00000000,1938.40000000,34723.49010000,1772945999999,67461965.01075300,141114,9988.07960000,19405485.38765000
1772946000000,2026-03-08 05:00:00,1938.40000000,1952.54000000,1938.00000000,1949.00000000,5846.95490000,1772949599999,11382360.99598300,99079,3783.50310000,7364793.83132100
1772949600000,2026-03-08 06:00:00,1949.00000000,1952.33000000,1943.05000000,1948.05000000,5507.11030000,1772953199999,10723429.89126400,68569,3299.02940000,6423744.41099200
1772953200000,2026-03-08 07:00:00,1948.05000000,1960.41000000,1947.19000000,1955.23000000,7266.61620000,1772956799999,14208612.29883400,90879,4214.35730000,8240818.72402400
1772956800000,2026-03-08 08:00:00,1955.22000000,1960.59000000,1949.10000000,1959.73000000,5926.36350000,1772960399999,11588272.57595500,69329,3112.07030000,6087869.54088400
1772960400000,2026-03-08 09:00:00,1959.73000000,1970.10000000,1956.77000000,1963.54000000,10306.86010000,1772963999999,20253063.58957700,100355,6684.74930000,13135355.16342700
1772964000000,2026-03-08 10:00:00,1963.54000000,1979.80000000,1963.36000000,1974.18000000,41737.96950000,1772967599999,82236001.49426100,117720,34479.09860000,67916880.53554000
1772967600000,2026-03-08 11:00:00,1974.17000000,1974.32000000,1944.85000000,1951.38000000,12980.45620000,1772971199999,25376892.00149000,148469,5470.77160000,10693895.49171400
1772971200000,2026-03-08 12:00:00,1951.39000000,1954.67000000,1926.13000000,1946.29000000,43903.35690000,1772974799999,85060920.66575500,247562,12741.63620000,24698393.01240900
1772974800000,2026-03-08 13:00:00,1946.28000000,1948.18000000,1925.06000000,1944.29000000,24068.54600000,1772978399999,46619375.32919500,361353,11356.98800000,22007015.76695800
1772978400000,2026-03-08 14:00:00,1944.29000000,1950.58000000,1937.66000000,1945.52000000,8687.26840000,1772981999999,16895885.89803900,230990,5187.99650000,10091855.22147000
1772982000000,2026-03-08 15:00:00,1945.52000000,1947.83000000,1937.50000000,1943.32000000,7003.06930000,1772985599999,13604064.88211900,177418,3564.64180000,6924291.15830400
1772985600000,2026-03-08 16:00:00,1943.32000000,1944.97000000,1934.34000000,1936.87000000,5289.18200000,1772989199999,10255596.02323300,116289,2844.05360000,5514836.78433600
1772989200000,2026-03-08 17:00:00,1936.87000000,1946.65000000,1933.10000000,1935.77000000,5606.91740000,1772992799999,10871456.22268300,120520,2949.52970000,5720216.49294900
1772992800000,2026-03-08 18:00:00,1935.78000000,1937.04000000,1928.08000000,1930.27000000,12761.01180000,1772996399999,24645292.20011600,129692,3484.35620000,6732847.00580800
1772996400000,2026-03-08 19:00:00,1930.28000000,1970.58000000,1928.24000000,1964.91000000,24494.58200000,1772999999999,47914577.83567100,264717,16611.26040000,32486275.64215800
1773000000000,2026-03-08 20:00:00,1964.91000000,1971.95000000,1953.81000000,1958.86000000,7830.78860000,1773003599999,15354447.27854100,153127,3727.25600000,7312060.84325500
1773003600000,2026-03-08 21:00:00,1958.87000000,1962.24000000,1944.53000000,1953.95000000,6632.18370000,1773007199999,12945563.32010400,135655,2881.75630000,5625506.63331700
1773007200000,2026-03-08 22:00:00,1953.94000000,1953.94000000,1916.14000000,1943.20000000,58211.17080000,1773010799999,112263743.93684700,585590,26855.76250000,51826588.03655100
1773010800000,2026-03-08 23:00:00,1943.20000000,1955.20000000,1935.58000000,1937.10000000,10128.95970000,1773014399999,19705787.56868300,246859,5702.45450000,11095999.37842400
1773014400000,2026-03-09 00:00:00,1937.11000000,1966.14000000,1929.65000000,1950.99000000,17896.34220000,1773017999999,34881078.29472900,335734,9796.91460000,19097603.19289100
1773018000000,2026-03-09 01:00:00,1950.99000000,1963.20000000,1942.72000000,1946.00000000,14979.52430000,1773021599999,29255021.47006100,311043,7595.97840000,14839205.41584000
1773021600000,2026-03-09 02:00:00,1946.00000000,1963.20000000,1938.33000000,1959.66000000,12927.83190000,1773025199999,25239927.75160700,271595,6926.67670000,13525571.06160200
1773025200000,2026-03-09 03:00:00,1959.66000000,2006.01000000,1959.08000000,1977.48000000,58780.55100000,1773028799999,116886177.99339900,466999,29627.58290000,58876558.16018300
1773028800000,2026-03-09 04:00:00,1977.48000000,1989.56000000,1973.52000000,1977.31000000,10238.87980000,1773032399999,20290266.91213500,192084,5591.36340000,11082438.26649700
1773032400000,2026-03-09 05:00:00,1977.31000000,2014.26000000,1976.39000000,2010.60000000,43830.63340000,1773035999999,87528502.51664900,341734,18778.27950000,37500610.54268600
1773036000000,2026-03-09 06:00:00,2010.60000000,2012.70000000,1983.36000000,1985.00000000,15733.87560000,1773039599999,31470101.70252700,221933,6309.29520000,12623721.15823000
1773039600000,2026-03-09 07:00:00,1985.01000000,1985.91000000,1963.45000000,1983.90000000,13845.41390000,1773043199999,27374132.77751000,231735,7062.00590000,13965980.59883300
1773043200000,2026-03-09 08:00:00,1983.91000000,2000.00000000,1978.92000000,1996.81000000,15655.82010000,1773046799999,31167690.52400500,255312,8748.58710000,17419329.59484800
1773046800000,2026-03-09 09:00:00,1996.81000000,2022.00000000,1986.77000000,2004.48000000,22759.61600000,1773050399999,45676105.30107300,267954,12440.95720000,24973550.03101100
1773050400000,2026-03-09 10:00:00,2004.49000000,2007.05000000,1992.56000000,1995.41000000,17147.88720000,1773053999999,34314242.59805400,209186,10466.08260000,20943747.36755000
1773054000000,2026-03-09 11:00:00,1995.41000000,1999.99000000,1980.93000000,1992.20000000,12567.48690000,1773057599999,24996782.25252600,174190,5106.56120000,10160985.08063400
1773057600000,2026-03-09 12:00:00,1992.20000000,2013.74000000,1992.20000000,2002.19000000,12668.24880000,1773061199999,25370970.95050000,182166,6293.02930000,12605888.01894900
1773061200000,2026-03-09 13:00:00,2002.19000000,2030.00000000,2001.13000000,2018.16000000,41754.94380000,1773064799999,84193409.23459300,513212,22920.28880000,46215961.59957400
1773064800000,2026-03-09 14:00:00,2018.15000000,2032.84000000,2007.82000000,2022.29000000,39674.10340000,1773068399999,80200159.93495700,482315,21059.99550000,42576569.37726200
1773068400000,2026-03-09 15:00:00,2022.27000000,2029.25000000,2013.97000000,2022.63000000,21397.25010000,1773071999999,43278770.22248900,236692,8901.14550000,17999935.39216900
1773072000000,2026-03-09 16:00:00,2022.64000000,2039.29000000,2018.93000000,2027.53000000,18205.42910000,1773075599999,36919445.70736000,231350,9751.33130000,19778002.51500000
1773075600000,2026-03-09 17:00:00,2027.54000000,2032.50000000,2005.76000000,2016.94000000,20457.18360000,1773079199999,41303647.69705500,237784,10139.21700000,20475383.85261900
1773079200000,2026-03-09 18:00:00,2016.94000000,2022.90000000,2006.15000000,2012.10000000,12319.78200000,1773082799999,24824605.46596700,157772,5354.70970000,10794848.35420700
1773082800000,2026-03-09 19:00:00,2012.11000000,2053.52000000,2010.00000000,2033.91000000,30136.55640000,1773086399999,61280318.68343200,421316,15124.11580000,30768913.39231400
1773086400000,2026-03-09 20:00:00,2033.91000000,2037.30000000,2018.77000000,2025.89000000,9526.11720000,1773089999999,19325766.88285900,156992,4959.04080000,10064274.36520200
1773090000000,2026-03-09 21:00:00,2025.89000000,2035.39000000,2022.19000000,2028.35000000,6364.98710000,1773093599999,12919323.43768400,105059,3170.98700000,6437388.87037800
1773093600000,2026-03-09 22:00:00,2028.33000000,2031.32000000,1997.87000000,2002.53000000,56062.18810000,1773097199999,112459052.79790300,197552,32843.26250000,65849871.10023100
1773097200000,2026-03-09 23:00:00,2002.52000000,2007.67000000,1989.12000000,1992.98000000,25894.83640000,1773100799999,51727851.17397500,158872,13909.88210000,27777639.14425300
1773100800000,2026-03-10 00:00:00,1992.97000000,2022.50000000,1991.00000000,2015.37000000,30631.78010000,1773104399999,61539730.16134500,194259,22533.18770000,45264835.28875700
1773104400000,2026-03-10 01:00:00,2015.37000000,2024.99000000,2006.23000000,2019.21000000,11925.19500000,1773107999999,24036050.82149200,172583,5054.05140000,10192895.05562000
1773108000000,2026-03-10 02:00:00,2019.20000000,2054.19000000,2014.01000000,2042.40000000,27247.36110000,1773111599999,55573600.62044500,314192,14664.05770000,29915882.28303800
1773111600000,2026-03-10 03:00:00,2042.40000000,2047.88000000,2022.63000000,2026.80000000,13229.46640000,1773115199999,26951441.87052100,194530,7190.90680000,14655047.21811300
1773115200000,2026-03-10 04:00:00,2026.80000000,2047.31000000,2026.36000000,2045.70000000,10644.78860000,1773118799999,21676172.88101200,141743,7471.35140000,15213190.04884400
1773118800000,2026-03-10 05:00:00,2045.69000000,2054.20000000,2039.75000000,2043.99000000,23562.78070000,1773122399999,48181415.19255400,156668,15247.12720000,31174432.52170600
1773122400000,2026-03-10 06:00:00,2044.00000000,2049.34000000,2036.25000000,2043.76000000,11948.68250000,1773125999999,24412058.25618300,136373,4342.85580000,8874393.73334800
1773126000000,2026-03-10 07:00:00,2043.77000000,2059.69000000,2040.09000000,2051.00000000,14222.03330000,1773129599999,29164163.64331600,167055,7862.08130000,16122893.80730500
1773129600000,2026-03-10 08:00:00,2051.00000000,2070.50000000,2051.00000000,2057.27000000,23588.63040000,1773133199999,48637230.99985400,269042,12971.16490000,26744680.03510600
1773133200000,2026-03-10 09:00:00,2057.27000000,2074.00000000,2055.72000000,2068.18000000,13752.44540000,1773136799999,28413516.43802000,179769,6637.91750000,13713134.10402600
1773136800000,2026-03-10 10:00:00,2068.17000000,2069.22000000,2055.56000000,2062.86000000,8922.85270000,1773140399999,18399706.59423600,134365,4064.23290000,8382238.33741200
1773140400000,2026-03-10 11:00:00,2062.86000000,2067.78000000,2051.16000000,2061.69000000,14186.13610000,1773143999999,29243361.68533900,127545,7254.27680000,14959547.21049600
1773144000000,2026-03-10 12:00:00,2061.70000000,2062.09000000,2047.36000000,2049.82000000,12900.43310000,1773147599999,26489942.68816500,128719,4537.20900000,9319959.47949200
1773147600000,2026-03-10 13:00:00,2049.82000000,2060.27000000,2024.04000000,2033.63000000,29276.77180000,1773151199999,59744986.74551500,313231,13785.25650000,28126439.88064500
1773151200000,2026-03-10 14:00:00,2033.63000000,2080.27000000,2008.65000000,2075.19000000,55294.64680000,1773154799999,112684683.76349500,516213,28317.69470000,57755000.43066000
1773154800000,2026-03-10 15:00:00,2075.19000000,2085.73000000,2059.23000000,2079.35000000,42497.34870000,1773158399999,88038056.56522900,438755,21586.04280000,44727096.44734200
1773158400000,2026-03-10 16:00:00,2079.34000000,2088.19000000,2069.45000000,2080.72000000,18680.30370000,1773161999999,38862166.24141700,252529,9351.69430000,19459075.26799500
1773162000000,2026-03-10 17:00:00,2080.71000000,2085.19000000,2058.33000000,2071.67000000,20761.37280000,1773165599999,43032454.07010300,262164,11133.50840000,23078296.89520200
1773165600000,2026-03-10 18:00:00,2071.67000000,2073.13000000,2035.74000000,2039.68000000,30444.71510000,1773169199999,62357786.18375400,443092,13462.42680000,27576348.61629300
1773169200000,2026-03-10 19:00:00,2039.68000000,2044.31000000,2027.16000000,2037.02000000,15745.21540000,1773172799999,32059202.20197700,260560,7754.33660000,15788735.26852700
1773172800000,2026-03-10 20:00:00,2037.02000000,2047.45000000,2035.45000000,2042.56000000,7714.41610000,1773176399999,15749726.18678400,99886,3992.50420000,8152758.34811900
1773176400000,2026-03-10 21:00:00,2042.56000000,2048.31000000,2018.00000000,2029.20000000,10882.77160000,1773179999999,22101947.67326600,116278,3139.76600000,6380875.93722700
1773180000000,2026-03-10 22:00:00,2029.20000000,2032.82000000,2021.14000000,2027.64000000,8497.76700000,1773183599999,17220537.45719400,111183,4059.29010000,8225471.39573400
1773183600000,2026-03-10 23:00:00,2027.63000000,2037.30000000,2027.55000000,2036.51000000,6853.95950000,1773187199999,13939318.08494300,96264,3600.77650000,7323149.06994600
1773187200000,2026-03-11 00:00:00,2036.50000000,2041.71000000,2028.81000000,2037.68000000,10130.84120000,1773190799999,20620232.46232600,134537,4472.95390000,9105051.39012900
1773190800000,2026-03-11 01:00:00,2037.68000000,2041.00000000,2028.62000000,2036.10000000,7117.22120000,1773194399999,14486987.95540600,108471,2769.30290000,5636489.89854300
1773194400000,2026-03-11 02:00:00,2036.10000000,2039.05000000,2018.70000000,2026.71000000,11516.99430000,1773197999999,23339122.64252100,107574,4085.01350000,8280015.36341800
1773198000000,2026-03-11 03:00:00,2026.70000000,2029.35000000,2018.13000000,2021.17000000,7998.29340000,1773201599999,16170599.86374300,78378,2389.08330000,4830606.68110400
1773201600000,2026-03-11 04:00:00,2021.17000000,2041.39000000,2018.25000000,2039.08000000,8679.26460000,1773205199999,17630105.44254800,100566,4813.55740000,9784224.52259000
1773205200000,2026-03-11 05:00:00,2039.08000000,2041.49000000,2011.37000000,2014.63000000,10074.12410000,1773208799999,20383354.89163800,106735,3412.03170000,6904102.29525100
1773208800000,2026-03-11 06:00:00,2014.63000000,2026.00000000,2014.00000000,2024.30000000,8491.46410000,1773212399999,17150107.43951200,101505,3883.62370000,7843631.86175100
1773212400000,2026-03-11 07:00:00,2024.31000000,2025.70000000,2007.17000000,2012.54000000,8583.07010000,1773215999999,17290477.76740700,109460,2990.24340000,6025161.32222700
1773216000000,2026-03-11 08:00:00,2012.54000000,2025.72000000,2009.48000000,2023.76000000,14252.34330000,1773219599999,28752360.31658800,170105,6204.50890000,12517527.68770600
1773219600000,2026-03-11 09:00:00,2023.75000000,2027.40000000,2014.51000000,2017.87000000,6669.77040000,1773223199999,13473883.00156200,108667,2236.69290000,4519626.02326800
1773223200000,2026-03-11 10:00:00,2017.87000000,2031.30000000,2017.24000000,2028.68000000,6527.23290000,1773226799999,13212512.93475800,113245,3451.19190000,6987502.38389700
1773226800000,2026-03-11 11:00:00,2028.68000000,2033.96000000,2015.83000000,2017.80000000,8797.75180000,1773230399999,17814093.28153000,152125,3837.73240000,7772842.01136300
1773230400000,2026-03-11 12:00:00,2017.80000000,2035.50000000,2012.81000000,2023.09000000,16532.00460000,1773233999999,33468693.16947800,196261,6281.96450000,12716960.99343300
1773234000000,2026-03-11 13:00:00,2023.09000000,2082.66000000,2021.67000000,2050.72000000,48997.14270000,1773237599999,100755454.61128900,584619,26719.51660000,54918919.38247300
1773237600000,2026-03-11 14:00:00,2050.72000000,2077.59000000,2042.93000000,2062.68000000,42234.07840000,1773241199999,86915322.68924400,518249,24907.76020000,51237192.21750600
1773241200000,2026-03-11 15:00:00,2062.68000000,2065.45000000,2030.03000000,2049.73000000,24389.63680000,1773244799999,49920464.04991100,428071,11630.11090000,23802936.13838600
1773244800000,2026-03-11 16:00:00,2049.75000000,2072.43000000,2046.46000000,2067.01000000,18164.72120000,1773248399999,37433594.98946900,311904,11023.66280000,22718995.58895200
1773248400000,2026-03-11 17:00:00,2067.02000000,2085.58000000,2057.69000000,2068.15000000,26324.51400000,1773251999999,54585490.65443700,391703,14780.56320000,30654051.49554400
1773252000000,2026-03-11 18:00:00,2068.15000000,2079.66000000,2064.18000000,2076.51000000,16458.59480000,1773255599999,34092122.27760300,235507,9716.42910000,20126968.49550300
1773255600000,2026-03-11 19:00:00,2076.50000000,2077.90000000,2068.58000000,2076.06000000,15265.91440000,1773259199999,31662411.17477400,184185,7502.04930000,15558123.92608800
1773259200000,2026-03-11 20:00:00,2076.05000000,2076.19000000,2065.09000000,2068.40000000,7066.88360000,1773262799999,14624604.81497900,96946,3029.46930000,6268990.51528600
1773262800000,2026-03-11 21:00:00,2068.41000000,2074.94000000,2063.46000000,2073.07000000,5855.36630000,1773266399999,12114937.50387100,90695,3185.97750000,6592543.23971000
1773266400000,2026-03-11 22:00:00,2073.08000000,2084.53000000,2058.98000000,2061.76000000,10814.30450000,1773269999999,22386272.61956900,166126,5372.63550000,11124357.16030900
1773270000000,2026-03-11 23:00:00,2061.76000000,2064.99000000,2045.20000000,2051.97000000,9119.72330000,1773273599999,18749750.65185400,134652,3750.65780000,7713667.30862800
1773273600000,2026-03-12 00:00:00,2051.97000000,2058.16000000,2047.97000000,2055.78000000,5298.14460000,1773277199999,10876885.99644000,120501,2812.72250000,5774156.16863000
1773277200000,2026-03-12 01:00:00,2055.78000000,2056.14000000,2042.95000000,2046.24000000,9032.44240000,1773280799999,18494539.71561500,148516,4351.37020000,8909784.18406900
1773280800000,2026-03-12 02:00:00,2046.23000000,2047.93000000,2021.87000000,2024.67000000,16962.65090000,1773284399999,34501740.48137900,177150,6321.02480000,12859076.55468900
1773284400000,2026-03-12 03:00:00,2024.66000000,2035.08000000,2017.59000000,2023.38000000,13070.29650000,1773287999999,26481040.94763000,121374,7000.40330000,14186667.36450800
1773288000000,2026-03-12 04:00:00,2023.39000000,2029.73000000,2021.27000000,2023.09000000,6284.33230000,1773291599999,12729479.64300800,93780,3314.40550000,6714024.53624500
1773291600000,2026-03-12 05:00:00,2023.08000000,2028.30000000,2019.33000000,2026.85000000,9624.64800000,1773295199999,19480716.92833800,103540,4983.39360000,10088500.55737300
1773295200000,2026-03-12 06:00:00,2026.86000000,2031.80000000,2024.64000000,2030.38000000,6083.88100000,1773298799999,12341390.80299400,89388,3046.56270000,6180138.43823000
1773298800000,2026-03-12 07:00:00,2030.38000000,2042.26000000,2025.66000000,2040.70000000,14231.79570000,1773302399999,28988046.78085400,96006,9071.09170000,18481877.70033900
1773302400000,2026-03-12 08:00:00,2040.69000000,2052.59000000,2038.42000000,2047.80000000,13262.49130000,1773305999999,27123965.57647600,133983,6086.54170000,12448406.11767900
1773306000000,2026-03-12 09:00:00,2047.79000000,2065.61000000,2038.49000000,2055.65000000,13504.82790000,1773309599999,27696296.69337900,154701,6599.89170000,13543000.97219800
1773309600000,2026-03-12 10:00:00,2055.66000000,2075.49000000,2052.50000000,2069.86000000,16520.12670000,1773313199999,34120118.65733400,175079,8958.18990000,18501547.78320700
1773313200000,2026-03-12 11:00:00,2069.87000000,2076.65000000,2058.21000000,2062.83000000,13187.27470000,1773316799999,27278892.91419000,153644,5633.40190000,11655230.57310000
1773316800000,2026-03-12 12:00:00,2062.83000000,2071.08000000,2057.81000000,2065.37000000,9232.67060000,1773320399999,19050732.91390800,148175,5323.29970000,10984243.53110300
1773320400000,2026-03-12 13:00:00,2065.37000000,2080.00000000,2051.44000000,2065.35000000,28335.13220000,1773323999999,58529252.45901500,407953,16300.46270000,33676993.67571800
1773324000000,2026-03-12 14:00:00,2065.35000000,2095.00000000,2037.79000000,2045.35000000,48417.09530000,1773327599999,100049921.26734800,615164,25197.45230000,52094068.43370400
1773327600000,2026-03-12 15:00:00,2045.34000000,2082.00000000,2039.05000000,2072.33000000,26030.90690000,1773331199999,53755559.26096100,449821,14578.55670000,30100084.63487800
1773331200000,2026-03-12 16:00:00,2072.33000000,2078.09000000,2056.33000000,2069.63000000,22858.02530000,1773334799999,47269594.80415000,361865,11535.46410000,23848566.33587300
1773334800000,2026-03-12 17:00:00,2069.62000000,2075.24000000,2055.32000000,2058.40000000,11673.47780000,1773338399999,24102591.39908200,223568,4628.58750000,9559152.02004400
1773338400000,2026-03-12 18:00:00,2058.41000000,2062.10000000,2046.78000000,2048.78000000,16647.03990000,1773341999999,34168474.86595800,205570,9617.84410000,19736025.31052200
1773342000000,2026-03-12 19:00:00,2048.77000000,2073.50000000,2045.42000000,2069.59000000,12389.29230000,1773345599999,25533999.78646400,192485,6477.05830000,13346200.31130800
1773345600000,2026-03-12 20:00:00,2069.60000000,2073.81000000,2060.35000000,2062.57000000,5651.46740000,1773349199999,11678454.16832000,89519,2109.65300000,4360394.96354000
1773349200000,2026-03-12 21:00:00,2062.58000000,2069.19000000,2057.28000000,2062.61000000,19369.79650000,1773352799999,39939311.82863700,115570,4987.42160000,10286633.96605300
1773352800000,2026-03-12 22:00:00,2062.62000000,2067.54000000,2054.99000000,2065.30000000,25410.58400000,1773356399999,52364867.06014100,122098,12212.12020000,25154551.74276400
1773356400000,2026-03-12 23:00:00,2065.30000000,2093.45000000,2064.64000000,2073.52000000,37429.41300000,1773359999999,77902377.17505700,258325,15547.91370000,32363502.16505000
1773360000000,2026-03-13 00:00:00,2073.51000000,2148.80000000,2070.12000000,2119.19000000,85178.58330000,1773363599999,180781167.48902300,634499,40597.00620000,86088993.41727600
1773363600000,2026-03-13 01:00:00,2119.19000000,2130.40000000,2111.72000000,2124.76000000,15741.65400000,1773367199999,33418596.21481200,258154,8055.73230000,17105766.46140200
1773367200000,2026-03-13 02:00:00,2124.75000000,2127.12000000,2102.42000000,2105.81000000,13893.89200000,1773370799999,29372118.40507700,186281,5631.94220000,11906919.48889900
1773370800000,2026-03-13 03:00:00,2105.81000000,2123.58000000,2102.20000000,2118.85000000,11965.20950000,1773374399999,25250162.51648000,133309,5766.37680000,12175198.38984500
1773374400000,2026-03-13 04:00:00,2118.86000000,2120.06000000,2109.63000000,2111.68000000,5461.68990000,1773377999999,11547005.16186200,89249,2411.52340000,5099127.65141000
1773378000000,2026-03-13 05:00:00,2111.67000000,2115.24000000,2103.54000000,2110.47000000,7222.65640000,1773381599999,15238288.44463700,102715,2961.33510000,6248465.90964900
1773381600000,2026-03-13 06:00:00,2110.47000000,2113.00000000,2090.00000000,2095.94000000,20205.63240000,1773385199999,42368356.07393400,156016,9693.34660000,20321828.63696400
1773385200000,2026-03-13 07:00:00,2095.95000000,2104.87000000,2092.75000000,2099.38000000,12306.28300000,1773388799999,25832609.81127800,146455,6235.36480000,13090203.18588900
1773388800000,2026-03-13 08:00:00,2099.38000000,2117.00000000,2091.45000000,2100.05000000,17816.16410000,1773392399999,37474101.60496400,222975,9155.91470000,19263678.14985200
1773392400000,2026-03-13 09:00:00,2100.05000000,2116.93000000,2096.04000000,2113.55000000,17352.77150000,1773395999999,36576584.96342500,165713,10391.34670000,21910536.74026600
1773396000000,2026-03-13 10:00:00,2113.55000000,2133.30000000,2112.83000000,2126.87000000,20325.95460000,1773399599999,43208291.16764300,244699,10344.51920000,21989732.91651900
1773399600000,2026-03-13 11:00:00,2126.88000000,2130.00000000,2118.18000000,2121.02000000,11322.58350000,1773403199999,24050368.94205700,144506,4058.92220000,8621542.93745000
1773403200000,2026-03-13 12:00:00,2121.02000000,2153.17000000,2120.52000000,2146.63000000,32311.97480000,1773406799999,69147005.08033700,297209,19286.10680000,41278043.84627700
1773406800000,2026-03-13 13:00:00,2146.64000000,2200.00000000,2141.61000000,2185.52000000,79297.74310000,1773410399999,172815913.84826500,592371,43062.59630000,93787638.70035600
1773410400000,2026-03-13 14:00:00,2185.53000000,2209.03000000,2145.59000000,2151.14000000,69709.40650000,1773413999999,151984018.63876600,637820,35620.15440000,77735946.33363800
1773414000000,2026-03-13 15:00:00,2151.15000000,2165.93000000,2125.14000000,2128.01000000,53218.54410000,1773417599999,114161591.07308900,518487,27233.28930000,58389729.29070100
1773417600000,2026-03-13 16:00:00,2128.01000000,2143.33000000,2111.36000000,2133.91000000,29674.24120000,1773421199999,63112032.07366800,400552,15127.14100000,32170791.69157400
1773421200000,2026-03-13 17:00:00,2133.91000000,2141.29000000,2090.28000000,2102.75000000,26775.07260000,1773424799999,56508741.01550600,347126,10616.98000000,22414072.74524600
1773424800000,2026-03-13 18:00:00,2102.75000000,2108.87000000,2091.04000000,2100.93000000,17729.86760000,1773428399999,37259535.56454400,236541,8579.01010000,18029923.19529100
1773428400000,2026-03-13 19:00:00,2100.92000000,2106.30000000,2096.50000000,2102.48000000,10276.31280000,1773431999999,21600401.77012900,157150,5635.05770000,11845925.40412700
1773432000000,2026-03-13 20:00:00,2102.48000000,2114.00000000,2101.15000000,2111.37000000,5980.68060000,1773435599999,12615426.95619000,92719,3048.86380000,6431461.62862700
1773435600000,2026-03-13 21:00:00,2111.37000000,2116.66000000,2101.47000000,2103.07000000,6766.92470000,1773439199999,14266016.65147900,93586,3037.31370000,6403260.55578200
1773439200000,2026-03-13 22:00:00,2103.08000000,2104.72000000,2078.50000000,2088.97000000,24012.16410000,1773442799999,50128053.51180500,196499,11275.41700000,23533851.68244800
1773442800000,2026-03-13 23:00:00,2088.96000000,2093.90000000,2085.54000000,2092.22000000,5111.03360000,1773446399999,10686793.51461600,83858,2535.95480000,5301819.06304000
1773446400000,2026-03-14 00:00:00,2092.21000000,2095.21000000,2082.82000000,2085.32000000,10862.91620000,1773449999999,22691011.55110400,108917,6493.26120000,13564314.07294700
1773450000000,2026-03-14 01:00:00,2085.32000000,2095.46000000,2081.39000000,2092.55000000,8566.59200000,1773453599999,17899634.55335400,88769,4472.41980000,9345721.87856800
1773453600000,2026-03-14 02:00:00,2092.55000000,2095.91000000,2089.19000000,2092.39000000,3951.96580000,1773457199999,8270689.30110400,64539,1799.88540000,3767584.34135000
1773457200000,2026-03-14 03:00:00,2092.39000000,2103.42000000,2092.38000000,2101.16000000,7940.30970000,1773460799999,16669669.60614000,83778,4881.15770000,10247712.45746500
1773460800000,2026-03-14 04:00:00,2101.15000000,2106.09000000,2087.87000000,2090.42000000,9319.77590000,1773464399999,19565277.92077100,95370,3705.99180000,7782272.23634300
1773464400000,2026-03-14 05:00:00,2090.43000000,2094.39000000,2085.71000000,2092.46000000,7074.98030000,1773467999999,14792837.05994900,69553,2932.39000000,6132036.33017900
1773468000000,2026-03-14 06:00:00,2092.46000000,2092.46000000,2068.28000000,2078.02000000,15662.88880000,1773471599999,32585469.32039200,137116,5621.64320000,11688957.32860200
1773471600000,2026-03-14 07:00:00,2078.02000000,2080.40000000,2075.65000000,2077.46000000,6134.19710000,1773475199999,12748004.39218500,63243,2377.82300000,4941714.51010300
1773475200000,2026-03-14 08:00:00,2077.46000000,2081.64000000,2072.71000000,2074.34000000,6236.04660000,1773478799999,12953598.40992900,64551,3007.30740000,6247405.31156600
1773478800000,2026-03-14 09:00:00,2074.35000000,2077.64000000,2063.73000000,2067.33000000,9384.43780000,1773482399999,19426790.09675100,77064,4320.47520000,8941771.81428900
1773482400000,2026-03-14 10:00:00,2067.33000000,2068.88000000,2061.60000000,2066.24000000,5875.75970000,1773485999999,12135745.66801000,70780,2309.56540000,4770633.59154000
1773486000000,2026-03-14 11:00:00,2066.24000000,2076.65000000,2065.85000000,2073.67000000,5365.30220000,1773489599999,11117833.20486500,58072,2824.50330000,5852859.48899300
1773489600000,2026-03-14 12:00:00,2073.67000000,2077.87000000,2069.99000000,2075.44000000,5477.30790000,1773493199999,11362444.04671500,57200,2537.32930000,5264271.49569300
1773493200000,2026-03-14 13:00:00,2075.44000000,2080.65000000,2073.00000000,2078.51000000,5090.12560000,1773496799999,10572165.93040400,54845,2898.80580000,6019815.79199700
1773496800000,2026-03-14 14:00:00,2078.50000000,2080.52000000,2069.80000000,2071.22000000,7563.11660000,1773500399999,15693163.48796800,69481,4177.17950000,8668806.10382600
1773500400000,2026-03-14 15:00:00,2071.23000000,2077.73000000,2070.00000000,2074.72000000,4297.16140000,1773503999999,8914156.91507700,59265,2399.70840000,4978087.44307000
1773504000000,2026-03-14 16:00:00,2074.72000000,2078.79000000,2069.19000000,2077.54000000,4257.83460000,1773507599999,8831550.13772700,52411,1946.99260000,4039130.01423500
1773507600000,2026-03-14 17:00:00,2077.54000000,2078.14000000,2073.50000000,2075.14000000,2302.59260000,1773511199999,4781125.00527900,36423,941.71140000,1955337.58308200
1773511200000,2026-03-14 18:00:00,2075.13000000,2078.14000000,2072.71000000,2076.91000000,1926.77550000,1773514799999,3998165.83690800,27026,941.09210000,1952549.02291200
1773514800000,2026-03-14 19:00:00,2076.91000000,2079.47000000,2074.77000000,2077.49000000,2284.87500000,1773518399999,4746048.05306700,29667,1016.16980000,2110867.42491400
1773518400000,2026-03-14 20:00:00,2077.50000000,2087.27000000,2076.20000000,2086.01000000,4998.74460000,1773521999999,10408394.59244700,41552,3000.68150000,6248019.69642000
1773522000000,2026-03-14 21:00:00,2086.01000000,2088.92000000,2081.65000000,2086.68000000,3530.65530000,1773525599999,7362925.70567100,40545,1656.49400000,3454173.27339300
1773525600000,2026-03-14 22:00:00,2086.68000000,2088.30000000,2082.30000000,2084.45000000,3321.81290000,1773529199999,6928385.96969400,39971,1539.77700000,3211366.64426100
1773529200000,2026-03-14 23:00:00,2084.45000000,2099.69000000,2084.19000000,2096.16000000,11074.40810000,1773532799999,23193497.07453100,94320,5606.99620000,11744654.66903900
1773532800000,2026-03-15 00:00:00,2096.16000000,2096.77000000,2085.49000000,2088.00000000,5680.98960000,1773536399999,11880460.30516100,71383,2609.03390000,5456372.75361800
1773536400000,2026-03-15 01:00:00,2088.00000000,2091.18000000,2083.35000000,2088.32000000,3987.64790000,1773539999999,8320886.84942700,59736,2106.70450000,4395958.33398100
1773540000000,2026-03-15 02:00:00,2088.32000000,2107.91000000,2088.32000000,2101.99000000,13602.86550000,1773543599999,28553008.23830000,126781,8841.65460000,18558490.75932200
1773543600000,2026-03-15 03:00:00,2101.99000000,2105.05000000,2093.53000000,2096.15000000,5347.81340000,1773547199999,11221326.48296200,71571,2302.95490000,4831796.25587700
1773547200000,2026-03-15 04:00:00,2096.15000000,2104.34000000,2096.13000000,2104.34000000,3355.92520000,1773550799999,7050098.45467200,69292,1658.20340000,3483640.68766500
1773550800000,2026-03-15 05:00:00,2104.34000000,2115.95000000,2102.01000000,2107.91000000,9171.69890000,1773554399999,19351911.47860100,97378,5498.57350000,11602163.30053200
1773554400000,2026-03-15 06:00:00,2107.91000000,2111.28000000,2103.00000000,2107.76000000,3352.86520000,1773557999999,7063890.71437000,50432,1460.01930000,3075894.60630800
1773558000000,2026-03-15 07:00:00,2107.76000000,2113.49000000,2103.46000000,2105.64000000,6266.79780000,1773561599999,13206839.75523000,52848,2012.09400000,4242209.04576800
1773561600000,2026-03-15 08:00:00,2105.64000000,2113.00000000,2105.64000000,2112.93000000,4131.64640000,1773565199999,8716858.15181000,50052,2244.81290000,4735967.48071100
1773565200000,2026-03-15 09:00:00,2112.93000000,2123.44000000,2112.83000000,2117.20000000,10018.39240000,1773568799999,21227963.62001900,102803,6228.70670000,13199078.64868400
1773568800000,2026-03-15 10:00:00,2117.20000000,2121.49000000,2114.32000000,2119.14000000,3826.03290000,1773572399999,8108028.41699700,45932,2128.63200000,4511261.68108200
1773572400000,2026-03-15 11:00:00,2119.14000000,2121.27000000,2115.04000000,2119.63000000,3043.63510000,1773575999999,6448482.68572300,39261,1606.73850000,3404350.83723400
1773576000000,2026-03-15 12:00:00,2119.63000000,2119.83000000,2108.20000000,2109.59000000,4978.94060000,1773579599999,10518693.63377900,56806,1852.62950000,3914873.99791600
1773579600000,2026-03-15 13:00:00,2109.60000000,2112.76000000,2086.34000000,2097.40000000,27709.34300000,1773583199999,58047769.85422900,190276,11619.13240000,24333454.67210200
1773583200000,2026-03-15 14:00:00,2097.39000000,2099.20000000,2086.60000000,2096.99000000,7654.67600000,1773586799999,16018506.17320900,80173,4475.31300000,9366294.09515600
1773586800000,2026-03-15 15:00:00,2096.99000000,2097.15000000,2090.02000000,2093.79000000,5532.45870000,1773590399999,11589251.96881900,55333,2032.54600000,4256026.50004800
1773590400000,2026-03-15 16:00:00,2093.79000000,2098.86000000,2088.84000000,2091.56000000,4230.61560000,1773593999999,8854635.44193600,76164,1995.24180000,4176163.57934300
1773594000000,2026-03-15 17:00:00,2091.57000000,2117.86000000,2091.20000000,2110.77000000,12688.58450000,1773597599999,26718147.03317900,102655,9036.22960000,19022849.74282600
1773597600000,2026-03-15 18:00:00,2110.77000000,2113.53000000,2094.32000000,2099.14000000,7844.05540000,1773601199999,16518030.69444200,121824,2460.01410000,5179513.43299900
1773601200000,2026-03-15 19:00:00,2099.15000000,2114.35000000,2096.47000000,2113.49000000,6704.33860000,1773604799999,14133736.18534300,96673,2988.34790000,6297572.71411500
1773604800000,2026-03-15 20:00:00,2113.49000000,2139.00000000,2110.00000000,2129.05000000,14299.07540000,1773608399999,30394173.54832600,160252,8264.70900000,17558984.05685600
1773608400000,2026-03-15 21:00:00,2129.06000000,2144.76000000,2123.75000000,2139.07000000,10594.88380000,1773611999999,22617488.31466500,157160,5584.48010000,11923072.89873100
1773612000000,2026-03-15 22:00:00,2139.08000000,2192.49000000,2125.31000000,2184.35000000,52207.20250000,1773615599999,112991925.87115400,504014,29148.87320000,63073466.71829200
1773615600000,2026-03-15 23:00:00,2184.36000000,2202.87000000,2165.20000000,2178.30000000,54595.45330000,1773619199999,119259127.42861500,562931,27986.72980000,61161083.33484100
1773619200000,2026-03-16 00:00:00,2178.29000000,2187.33000000,2164.73000000,2171.23000000,18053.23910000,1773622799999,39257476.30009800,237954,10864.18130000,23623150.73345500
1773622800000,2026-03-16 01:00:00,2171.23000000,2190.48000000,2165.00000000,2185.89000000,12499.72250000,1773626399999,27210788.32370200,231475,7450.89050000,16218451.67825300
1773626400000,2026-03-16 02:00:00,2185.88000000,2189.43000000,2170.02000000,2180.49000000,12116.18940000,1773629999999,26388508.29513800,162974,5905.18740000,12864182.15495000
1773630000000,2026-03-16 03:00:00,2180.48000000,2253.48000000,2177.38000000,2235.67000000,91298.94810000,1773633599999,203409427.91360200,573857,46527.04690000,103565745.41746600
1773633600000,2026-03-16 04:00:00,2235.67000000,2278.00000000,2235.67000000,2263.30000000,74574.03430000,1773637199999,168177279.10826400,454358,40394.00960000,91113544.56963800
1773637200000,2026-03-16 05:00:00,2263.30000000,2288.63000000,2256.80000000,2280.47000000,50113.02470000,1773640799999,113846737.54747200,327083,26530.38050000,60281485.12687200
1773640800000,2026-03-16 06:00:00,2280.46000000,2281.31000000,2260.64000000,2261.70000000,26844.51550000,1773644399999,60842348.49272200,187180,12233.24980000,27723732.67558700
1773644400000,2026-03-16 07:00:00,2261.70000000,2269.00000000,2245.63000000,2248.95000000,35430.22320000,1773647999999,79953990.49883600,179985,16995.56490000,38338215.81585100
1773648000000,2026-03-16 08:00:00,2248.95000000,2258.83000000,2234.92000000,2243.54000000,27741.66380000,1773651599999,62360459.71863600,228863,12589.45730000,28313646.39253700
1773651600000,2026-03-16 09:00:00,2243.54000000,2265.37000000,2239.82000000,2260.51000000,16719.28040000,1773655199999,37679511.24940400,165970,10296.11670000,23204153.27194100
1773655200000,2026-03-16 10:00:00,2260.51000000,2279.00000000,2256.20000000,2278.30000000,28633.67510000,1773658799999,64922313.77626800,216145,16017.92070000,36336941.50456400
1773658800000,2026-03-16 11:00:00,2278.30000000,2280.00000000,2266.00000000,2269.94000000,16228.07550000,1773662399999,36899983.89491700,164562,9612.13800000,21861888.62546300
1773662400000,2026-03-16 12:00:00,2269.94000000,2303.64000000,2269.93000000,2279.28000000,51358.91560000,1773665999999,117529835.17375800,399510,28450.28020000,65108277.68317900
1773666000000,2026-03-16 13:00:00,2279.28000000,2308.54000000,2272.35000000,2288.79000000,44699.85760000,1773669599999,102393421.49899500,496236,24470.52010000,56050865.48994400
1773669600000,2026-03-16 14:00:00,2288.80000000,2304.81000000,2255.04000000,2288.00000000,50578.41640000,1773673199999,115275842.87086500,613362,26014.33780000,59346646.36645500
1773673200000,2026-03-16 15:00:00,2287.99000000,2299.35000000,2270.17000000,2273.88000000,31399.43230000,1773676799999,71777740.07540700,352327,15058.58730000,34424399.20465200
1773676800000,2026-03-16 16:00:00,2273.88000000,2300.22000000,2270.00000000,2297.03000000,21757.29740000,1773680399999,49761380.30704900,287912,12927.89720000,29569241.65385500
1773680400000,2026-03-16 17:00:00,2297.03000000,2323.00000000,2293.49000000,2314.74000000,35717.62990000,1773683999999,82450591.53824800,337331,20034.26040000,46245355.02938100
1773684000000,2026-03-16 18:00:00,2314.75000000,2346.16000000,2313.60000000,2321.46000000,45602.65510000,1773687599999,106375648.59980400,384208,24416.35090000,56953600.70192000
1773687600000,2026-03-16 19:00:00,2321.46000000,2348.06000000,2318.43000000,2330.92000000,24597.73020000,1773691199999,57370216.17894500,309592,11414.67090000,26625343.91310900
1773691200000,2026-03-16 20:00:00,2330.92000000,2347.53000000,2323.68000000,2345.31000000,13876.17830000,1773694799999,32402781.62170500,168642,7138.49610000,16675694.85534500
1773694800000,2026-03-16 21:00:00,2345.31000000,2376.34000000,2343.63000000,2361.05000000,47279.33040000,1773698399999,111510824.92343700,383168,24644.36850000,58122528.38381900
1773698400000,2026-03-16 22:00:00,2361.04000000,2386.02000000,2355.33000000,2357.83000000,37418.60290000,1773701999999,88640720.45181900,286791,18443.21490000,43706943.57282900
1773702000000,2026-03-16 23:00:00,2357.83000000,2361.47000000,2330.00000000,2352.97000000,31354.13790000,1773705599999,73599326.12167800,259826,17390.26810000,40829560.04849400
1773705600000,2026-03-17 00:00:00,2352.97000000,2376.66000000,2340.21000000,2357.62000000,56259.72300000,1773709199999,132657471.47144800,512027,28593.77450000,67445440.74546500
1773709200000,2026-03-17 01:00:00,2357.62000000,2375.65000000,2346.72000000,2361.21000000,48190.32090000,1773712799999,113893859.54417700,401171,28934.47140000,68402873.62107600
1773712800000,2026-03-17 02:00:00,2361.20000000,2361.88000000,2344.79000000,2351.30000000,20865.15300000,1773716399999,49107409.39336800,210296,9982.35600000,23490444.34292900
1773716400000,2026-03-17 03:00:00,2351.31000000,2355.99000000,2308.03000000,2320.00000000,33726.42260000,1773719999999,78453559.14725100,325624,14168.20050000,32962848.24511400
1773720000000,2026-03-17 04:00:00,2320.01000000,2330.00000000,2294.15000000,2311.50000000,42398.81480000,1773723599999,97953868.95736100,271414,21518.97100000,49693179.35391600
1773723600000,2026-03-17 05:00:00,2311.49000000,2318.43000000,2297.91000000,2307.37000000,14141.17010000,1773727199999,32644433.45470500,186552,5893.36130000,13605721.23574900
1773727200000,2026-03-17 06:00:00,2307.37000000,2325.13000000,2298.24000000,2315.34000000,14746.86860000,1773730799999,34115936.70316900,166205,7147.95730000,16542187.58940900
1773730800000,2026-03-17 07:00:00,2315.35000000,2337.86000000,2315.35000000,2327.70000000,15496.42300000,1773734399999,36098971.87188900,139410,7578.35740000,17651988.10903400
1773734400000,2026-03-17 08:00:00,2327.71000000,2335.35000000,2316.05000000,2320.66000000,12844.34300000,1773737999999,29877079.03181600,184078,5530.02850000,12867855.66013700
1773738000000,2026-03-17 09:00:00,2320.67000000,2329.34000000,2307.00000000,2315.79000000,18557.21020000,1773741599999,43009936.89327700,204197,7986.67740000,18516835.11441000
1773741600000,2026-03-17 10:00:00,2315.78000000,2317.09000000,2304.00000000,2312.94000000,13150.66230000,1773745199999,30394791.10114200,175424,5440.13420000,12573178.33204100
1773745200000,2026-03-17 11:00:00,2312.94000000,2332.92000000,2311.77000000,2326.82000000,15268.09480000,1773748799999,35521620.76134800,171046,9543.14080000,22199147.22405400
1773748800000,2026-03-17 12:00:00,2326.81000000,2335.00000000,2312.77000000,2315.42000000,14896.72180000,1773752399999,34578098.19094100,222811,6906.73180000,16042382.02778400
1773752400000,2026-03-17 13:00:00,2315.42000000,2346.48000000,2313.41000000,2328.65000000,26349.22840000,1773755999999,61376972.96126300,397754,12714.79050000,29618412.64285600
1773756000000,2026-03-17 14:00:00,2328.66000000,2348.94000000,2318.94000000,2343.45000000,29242.01350000,1773759599999,68325077.46600400,396670,14916.51890000,34863239.96870000
1773759600000,2026-03-17 15:00:00,2343.45000000,2357.73000000,2304.27000000,2315.98000000,34576.09590000,1773763199999,80417245.23130900,454883,16000.73780000,37241587.62904500
1773763200000,2026-03-17 16:00:00,2315.98000000,2336.96000000,2312.44000000,2326.84000000,17283.23550000,1773766799999,40202228.28666500,275213,8194.72670000,19062574.46221100
1773766800000,2026-03-17 17:00:00,2326.85000000,2342.64000000,2320.60000000,2340.04000000,12222.79700000,1773770399999,28511725.41005300,186989,6198.82450000,14464467.47706600
1773770400000,2026-03-17 18:00:00,2340.04000000,2342.70000000,2328.11000000,2332.98000000,10802.88680000,1773773999999,25247530.56351500,163907,4583.87200000,10715370.99709300
1773774000000,2026-03-17 19:00:00,2332.98000000,2340.00000000,2317.00000000,2320.22000000,10125.50710000,1773777599999,23574823.85946200,156794,3951.51450000,9200213.70654100
1773777600000,2026-03-17 20:00:00,2320.22000000,2330.39000000,2317.68000000,2327.88000000,7920.35140000,1773781199999,18405083.42466200,91536,3551.90890000,8252394.07842600
1773781200000,2026-03-17 21:00:00,2327.88000000,2344.69000000,2327.88000000,2338.45000000,8452.16200000,1773784799999,19758235.39416100,97369,3977.01730000,9298136.72456000
1773784800000,2026-03-17 22:00:00,2338.45000000,2342.11000000,2318.39000000,2329.54000000,8924.00820000,1773788399999,20786415.59785800,113436,3626.93190000,8449317.95994300
1773788400000,2026-03-17 23:00:00,2329.54000000,2333.11000000,2316.78000000,2317.39000000,7390.88770000,1773791999999,17181632.95159300,91830,3195.50140000,7429886.50459900
1773792000000,2026-03-18 00:00:00,2317.38000000,2325.66000000,2307.00000000,2324.24000000,11666.41740000,1773795599999,27007534.18035000,167747,6054.02510000,14015457.86501900
1773795600000,2026-03-18 01:00:00,2324.24000000,2335.33000000,2323.17000000,2325.02000000,7119.27330000,1773799199999,16578902.18505500,127518,3397.48300000,7912747.56683900
1773799200000,2026-03-18 02:00:00,2325.03000000,2341.30000000,2324.74000000,2331.49000000,8007.84540000,1773802799999,18692437.82122400,111447,3767.15160000,8795996.45369200
1773802800000,2026-03-18 03:00:00,2331.48000000,2350.00000000,2328.65000000,2340.61000000,12961.33240000,1773806399999,30332283.86388300,118368,7211.45420000,16882551.68370300
1773806400000,2026-03-18 04:00:00,2340.61000000,2342.00000000,2326.62000000,2327.51000000,6998.16370000,1773809999999,16329567.64720800,85206,2458.43870000,5734955.06593400
1773810000000,2026-03-18 05:00:00,2327.50000000,2330.97000000,2313.81000000,2318.42000000,11045.55920000,1773813599999,25665610.78015200,103666,3814.98750000,8864629.17745200
1773813600000,2026-03-18 06:00:00,2318.42000000,2331.14000000,2318.18000000,2322.73000000,7129.49660000,1773817199999,16576864.34467500,88813,4114.14580000,9566903.13423800
1773817200000,2026-03-18 07:00:00,2322.73000000,2323.22000000,2311.53000000,2317.74000000,7584.76590000,1773820799999,17579171.42714400,89111,3206.24460000,7429519.93820800
1773820800000,2026-03-18 08:00:00,2317.73000000,2325.50000000,2317.30000000,2322.59000000,4961.84450000,1773824399999,11517987.94055100,99466,2521.29720000,5852594.98007500
1773824400000,2026-03-18 09:00:00,2322.59000000,2333.62000000,2321.87000000,2329.27000000,7538.46140000,1773827999999,17551109.18511400,95398,3776.23930000,8791927.04209200
1773828000000,2026-03-18 10:00:00,2329.27000000,2331.99000000,2309.42000000,2312.83000000,14463.18910000,1773831599999,33559770.26414200,117763,5280.06370000,12247658.68443500
1773831600000,2026-03-18 11:00:00,2312.83000000,2319.16000000,2263.43000000,2269.34000000,43820.64830000,1773835199999,100101087.17163400,450193,19951.31110000,45542717.10244100
1773835200000,2026-03-18 12:00:00,2269.33000000,2270.50000000,2235.45000000,2237.49000000,41031.31030000,1773838799999,92356148.76124500,506776,18873.22760000,42475485.13571200
1773838800000,2026-03-18 13:00:00,2237.50000000,2244.90000000,2223.69000000,2235.68000000,31025.66910000,1773842399999,69353175.87867200,444813,15511.14830000,34675159.63358300
1773842400000,2026-03-18 14:00:00,2235.69000000,2237.21000000,2186.93000000,2190.27000000,51230.14830000,1773845999999,113210072.28664000,518354,22018.66750000,48684067.25034700
1773846000000,2026-03-18 15:00:00,2190.26000000,2196.23000000,2168.97000000,2187.66000000,47106.99210000,1773849599999,102838717.64144000,478398,22771.79160000,49731819.76495200
1773849600000,2026-03-18 16:00:00,2187.67000000,2190.93000000,2166.87000000,2181.00000000,25173.85300000,1773853199999,54833163.12114800,301937,10717.81350000,23349991.74528000
1773853200000,2026-03-18 17:00:00,2181.00000000,2211.70000000,2176.99000000,2204.02000000,25927.78630000,1773856799999,56969370.64157500,282275,14864.03680000,32678034.50235200
1773856800000,2026-03-18 18:00:00,2204.02000000,2220.00000000,2176.00000000,2181.20000000,32888.17530000,1773860399999,72398611.71514600,504971,15190.91000000,33469761.69894600
1773860400000,2026-03-18 19:00:00,2181.20000000,2196.57000000,2178.81000000,2185.85000000,15080.65640000,1773863999999,33011681.47836400,238651,6481.91120000,14190978.55282800
1773864000000,2026-03-18 20:00:00,2185.85000000,2194.78000000,2153.21000000,2187.36000000,33883.35540000,1773867599999,73618541.54944700,315065,16934.72640000,36796345.92403800
1773867600000,2026-03-18 21:00:00,2187.36000000,2206.87000000,2185.66000000,2202.49000000,12999.51840000,1773871199999,28565074.10591100,172641,7243.14960000,15916073.55624800
1773871200000,2026-03-18 22:00:00,2202.50000000,2203.50000000,2187.58000000,2194.41000000,10013.86030000,1773874799999,21957484.95203200,119504,4204.79140000,9218874.41772800
1773874800000,2026-03-18 23:00:00,2194.41000000,2206.88000000,2188.77000000,2203.39000000,18382.56660000,1773878399999,40418536.16050200,146856,11999.57490000,26390627.12591600
1773878400000,2026-03-19 00:00:00,2203.39000000,2208.28000000,2190.86000000,2193.34000000,12225.72700000,1773881999999,26872202.68662400,151129,5338.03250000,11734178.53827000
1773882000000,2026-03-19 01:00:00,2193.33000000,2201.98000000,2187.24000000,2196.92000000,10063.23210000,1773885599999,22088848.25807500,144110,4577.65800000,10052045.91855400
1773885600000,2026-03-19 02:00:00,2196.93000000,2205.00000000,2188.94000000,2196.68000000,6192.21360000,1773889199999,13615164.56413700,135735,3230.15800000,7100928.39977900
1773889200000,2026-03-19 03:00:00,2196.69000000,2233.72000000,2196.69000000,2212.29000000,24098.45390000,1773892799999,53444495.73872500,243635,12375.29630000,27448600.62261300
1773892800000,2026-03-19 04:00:00,2212.29000000,2213.11000000,2190.83000000,2193.61000000,9828.26500000,1773896399999,21617948.45077800,184319,4507.57210000,9914895.26254300
1773896400000,2026-03-19 05:00:00,2193.62000000,2198.50000000,2186.67000000,2189.14000000,6929.88770000,1773899999999,15184939.37394500,130127,2719.34300000,5959608.16167000
1773900000000,2026-03-19 06:00:00,2189.14000000,2195.70000000,2177.79000000,2180.64000000,16389.56260000,1773903599999,35813498.81060600,200600,6553.83750000,14321761.39696500
1773903600000,2026-03-19 07:00:00,2180.65000000,2182.00000000,2143.14000000,2166.68000000,46063.57140000,1773907199999,99617283.16170200,437905,21839.49550000,47252149.40355600
1773907200000,2026-03-19 08:00:00,2166.68000000,2170.99000000,2158.09000000,2160.66000000,14135.16190000,1773910799999,30585690.78877300,219893,7247.32680000,15681806.35848700
1773910800000,2026-03-19 09:00:00,2160.65000000,2191.16000000,2159.99000000,2189.42000000,34822.21190000,1773914399999,75849450.61626700,300448,15705.36070000,34183446.18131600
1773914400000,2026-03-19 10:00:00,2189.43000000,2192.07000000,2172.48000000,2172.76000000,8226.43870000,1773917999999,17948226.57697700,142550,4058.82570000,8858330.69420200
1773918000000,2026-03-19 11:00:00,2172.76000000,2177.58000000,2165.83000000,2166.92000000,8602.23300000,1773921599999,18673290.14086200,141578,4726.22680000,10260276.60554500
1773921600000,2026-03-19 12:00:00,2166.92000000,2167.48000000,2130.16000000,2132.45000000,24789.66120000,1773925199999,53230849.08662100,305522,9560.84480000,20541777.73748300
1773925200000,2026-03-19 13:00:00,2132.45000000,2143.16000000,2110.90000000,2137.49000000,61210.53760000,1773928799999,130158128.68302400,674517,26588.46100000,56564544.98739600
1773928800000,2026-03-19 14:00:00,2137.50000000,2147.26000000,2102.16000000,2121.68000000,44113.78350000,1773932399999,93525438.98003900,542195,18972.07280000,40231072.83179800
1773932400000,2026-03-19 15:00:00,2121.67000000,2136.79000000,2099.38000000,2118.81000000,35200.33920000,1773935999999,74523158.71090700,454618,15341.61220000,32502299.83266800
1773936000000,2026-03-19 16:00:00,2118.81000000,2121.95000000,2106.44000000,2115.09000000,34288.27590000,1773939599999,72501361.56456800,334238,21069.65370000,44558158.65459600
1773939600000,2026-03-19 17:00:00,2115.08000000,2131.70000000,2104.87000000,2126.96000000,15221.90800000,1773943199999,32258260.04057800,255214,8194.82730000,17376242.32949800
1773943200000,2026-03-19 18:00:00,2126.97000000,2129.48000000,2114.31000000,2125.04000000,7902.95610000,1773946799999,16761223.20819900,151270,4212.17070000,8932942.56384100
1773946800000,2026-03-19 19:00:00,2125.04000000,2156.92000000,2125.04000000,2141.19000000,28980.15930000,1773950399999,62148223.59776200,440536,16579.27590000,35558680.54546900
1773950400000,2026-03-19 20:00:00,2141.18000000,2152.80000000,2139.39000000,2146.35000000,8053.48300000,1773953999999,17276776.03524100,114812,4317.30260000,9262085.49721300
1773954000000,2026-03-19 21:00:00,2146.35000000,2155.62000000,2145.16000000,2149.95000000,9694.91830000,1773957599999,20845099.92421700,123068,5254.32740000,11297443.14807100
1773957600000,2026-03-19 22:00:00,2149.95000000,2152.36000000,2133.08000000,2140.08000000,12230.95410000,1773961199999,26211149.39653700,164719,6240.72450000,13375437.88719900
1773961200000,2026-03-19 23:00:00,2140.08000000,2147.48000000,2130.57000000,2137.81000000,11527.74400000,1773964799999,24656353.26255700,149422,6272.77300000,13414550.58572900
1773964800000,2026-03-20 00:00:00,2137.82000000,2149.00000000,2134.72000000,2145.60000000,9477.51980000,1773968399999,20319397.56893600,162677,5959.13090000,12776806.63878600
1773968400000,2026-03-20 01:00:00,2145.61000000,2160.78000000,2145.10000000,2150.88000000,15224.70820000,1773971999999,32800242.87442600,178861,9826.35910000,21170975.81590800
1773972000000,2026-03-20 02:00:00,2150.89000000,2151.77000000,2132.69000000,2144.44000000,12247.09880000,1773975599999,26234604.04523800,148686,5491.40640000,11762799.12395200
1773975600000,2026-03-20 03:00:00,2144.45000000,2157.08000000,2143.61000000,2151.38000000,7545.43350000,1773979199999,16228610.64403600,130785,3873.48580000,8330597.45150600
1773979200000,2026-03-20 04:00:00,2151.38000000,2159.24000000,2139.18000000,2148.38000000,10683.16390000,1773982799999,22961711.89633800,133083,5008.57080000,10764613.43581500
1773982800000,2026-03-20 05:00:00,2148.39000000,2151.92000000,2137.73000000,2140.37000000,6696.94820000,1773986399999,14366120.94892000,119406,3537.88470000,7591299.61385700
1773986400000,2026-03-20 06:00:00,2140.38000000,2141.78000000,2132.06000000,2136.61000000,7941.35500000,1773989999999,16971552.18810700,125919,4165.20810000,8901815.96366800
1773990000000,2026-03-20 07:00:00,2136.61000000,2153.40000000,2121.25000000,2150.54000000,17958.48240000,1773993599999,38408926.58300700,196060,10292.99730000,22020470.23002500
1773993600000,2026-03-20 08:00:00,2150.53000000,2176.84000000,2146.71000000,2164.20000000,21588.26210000,1773997199999,46753537.67043600,275056,13348.67020000,28912096.28720900
1773997200000,2026-03-20 09:00:00,2164.19000000,2164.19000000,2134.95000000,2141.21000000,16374.62850000,1774000799999,35174852.87612400,247143,8194.47230000,17603202.93198500
1774000800000,2026-03-20 10:00:00,2141.21000000,2151.27000000,2131.56000000,2148.38000000,10311.90470000,1774004399999,22065624.06115600,166239,5138.15910000,10996262.06739600
1774004400000,2026-03-20 11:00:00,2148.38000000,2158.69000000,2135.00000000,2141.50000000,13415.60960000,1774007999999,28814256.51926200,153707,5828.67240000,12519552.54702300
1774008000000,2026-03-20 12:00:00,2141.49000000,2152.74000000,2135.37000000,2141.13000000,8711.14230000,1774011599999,18672080.92527500,164203,4616.57850000,9895881.64648400
1774011600000,2026-03-20 13:00:00,2141.13000000,2152.64000000,2123.18000000,2127.39000000,18804.52960000,1774015199999,40166021.42181600,391938,9797.40070000,20933426.69511000
1774015200000,2026-03-20 14:00:00,2127.39000000,2147.74000000,2116.88000000,2129.30000000,25684.62910000,1774018799999,54737106.39132900,474949,14236.23280000,30348138.99564000
1774018800000,2026-03-20 15:00:00,2129.30000000,2138.78000000,2120.33000000,2134.01000000,15282.99400000,1774022399999,32549675.96765200,289463,8291.30740000,17662841.58239100
1774022400000,2026-03-20 16:00:00,2134.00000000,2144.76000000,2130.58000000,2137.31000000,10515.19380000,1774025999999,22479394.66087500,202250,6242.50820000,13344964.98449500
1774026000000,2026-03-20 17:00:00,2137.32000000,2141.16000000,2119.72000000,2136.69000000,9903.94510000,1774029599999,21101699.06603900,185162,4666.13160000,9945707.61229600
1774029600000,2026-03-20 18:00:00,2136.70000000,2137.67000000,2117.41000000,2123.29000000,12289.67190000,1774033199999,26127726.40772300,179579,5922.02040000,12588814.30608300
1774033200000,2026-03-20 19:00:00,2123.29000000,2134.97000000,2117.50000000,2132.91000000,12300.93120000,1774036799999,26147800.08814000,187350,6484.42860000,13784510.42047600
1774036800000,2026-03-20 20:00:00,2132.91000000,2137.00000000,2123.96000000,2133.25000000,6221.38720000,1774040399999,13259358.60959600,101065,3621.91130000,7719682.50225800
1774040400000,2026-03-20 21:00:00,2133.25000000,2157.25000000,2130.83000000,2147.53000000,13961.40190000,1774043999999,29966345.20874100,151297,8247.65870000,17697229.75887800
1774044000000,2026-03-20 22:00:00,2147.53000000,2168.00000000,2147.53000000,2154.71000000,12246.04320000,1774047599999,26444501.20888700,140348,7036.83350000,15195673.48921400
1774047600000,2026-03-20 23:00:00,2154.70000000,2155.72000000,2143.16000000,2146.22000000,4769.19380000,1774051199999,10244380.29859500,90146,2372.11520000,5094822.49645500
1774051200000,2026-03-21 00:00:00,2146.21000000,2156.77000000,2144.24000000,2153.30000000,6542.31280000,1774054799999,14069300.93187600,89722,3725.81700000,8014207.36793600
1774054800000,2026-03-21 01:00:00,2153.30000000,2159.87000000,2147.35000000,2147.55000000,4294.07140000,1774058399999,9245399.80402000,68806,1919.63970000,4134362.67990500
1774058400000,2026-03-21 02:00:00,2147.54000000,2156.32000000,2146.35000000,2154.90000000,2628.76810000,1774061999999,5653928.68747900,54549,1202.54450000,2587036.61280400
1774062000000,2026-03-21 03:00:00,2154.89000000,2155.95000000,2150.99000000,2153.60000000,2251.58620000,1774065599999,4847776.80459400,36773,1076.73060000,2318271.56491700
1774065600000,2026-03-21 04:00:00,2153.59000000,2158.19000000,2150.36000000,2151.75000000,4075.41410000,1774069199999,8780787.18796900,49834,1914.20780000,4125386.29900100
1774069200000,2026-03-21 05:00:00,2151.76000000,2160.00000000,2151.75000000,2153.39000000,6665.25610000,1774072799999,14365517.43541300,43320,4004.23660000,8630877.28657000
1774072800000,2026-03-21 06:00:00,2153.39000000,2156.49000000,2152.28000000,2155.80000000,2211.70650000,1774076399999,4764788.46327000,35015,1327.82430000,2860544.54354100
1774076400000,2026-03-21 07:00:00,2155.81000000,2161.34000000,2153.72000000,2155.67000000,3541.80640000,1774079999999,7641145.73458800,40199,1786.63390000,3854969.89919800
1774080000000,2026-03-21 08:00:00,2155.67000000,2157.22000000,2149.57000000,2154.00000000,3571.49940000,1774083599999,7690415.23310200,44264,1432.74340000,3085481.30003400
1774083600000,2026-03-21 09:00:00,2153.99000000,2159.00000000,2153.80000000,2158.77000000,4558.63680000,1774087199999,9832425.57797000,45048,2641.04540000,5695981.33350500
1774087200000,2026-03-21 10:00:00,2158.77000000,2159.52000000,2153.05000000,2154.34000000,2279.33260000,1774090799999,4913925.78127700,32441,1186.83110000,2558558.87898700
1774090800000,2026-03-21 11:00:00,2154.34000000,2157.91000000,2153.00000000,2157.37000000,1630.66510000,1774094399999,3515004.04484400,23594,794.16620000,1711821.84099000
1774094400000,2026-03-21 12:00:00,2157.37000000,2160.62000000,2156.76000000,2157.98000000,2567.72160000,1774097999999,5543179.48048800,30728,1626.37280000,3511262.95807300
1774098000000,2026-03-21 13:00:00,2157.98000000,2159.79000000,2155.00000000,2155.86000000,1853.68670000,1774101599999,3997749.98816600,33070,916.73210000,1976864.78314800
1774101600000,2026-03-21 14:00:00,2155.86000000,2168.27000000,2150.61000000,2152.13000000,8218.23460000,1774105199999,17757152.84758300,86746,4237.96270000,9159309.44278800
1774105200000,2026-03-21 15:00:00,2152.13000000,2157.58000000,2146.45000000,2155.12000000,7311.51050000,1774108799999,15734641.11190300,74579,3646.97140000,7849698.70409400
1774108800000,2026-03-21 16:00:00,2155.13000000,2155.58000000,2144.67000000,2146.65000000,5011.80880000,1774112399999,10777364.37397300,63678,1776.45700000,3819597.95012900
1774112400000,2026-03-21 17:00:00,2146.64000000,2150.61000000,2142.01000000,2148.56000000,3222.34900000,1774115999999,6918175.82554500,41327,1748.06290000,3753893.50013300
1774116000000,2026-03-21 18:00:00,2148.56000000,2155.64000000,2147.79000000,2151.46000000,2747.26980000,1774119599999,5911230.59336500,34112,1585.20240000,3410742.09742900
1774119600000,2026-03-21 19:00:00,2151.47000000,2153.03000000,2149.06000000,2152.16000000,2984.21320000,1774123199999,6421850.05299200,25331,2119.59390000,4561916.58529000
1774123200000,2026-03-21 20:00:00,2152.17000000,2156.59000000,2150.41000000,2155.67000000,2702.13360000,1774126799999,5821324.79341300,31882,1520.17770000,3274994.50065700
1774126800000,2026-03-21 21:00:00,2155.67000000,2157.00000000,2152.21000000,2153.70000000,2883.62090000,1774130399999,6211755.62198700,28995,1328.59280000,2861714.11600500
1774130400000,2026-03-21 22:00:00,2153.69000000,2153.69000000,2149.36000000,2149.94000000,2656.03820000,1774133999999,5714162.50853300,33102,1150.18090000,2474575.59212300
1774134000000,2026-03-21 23:00:00,2149.93000000,2149.93000000,2070.78000000,2084.87000000,46149.82220000,1774137599999,97015607.83255300,328348,18580.85410000,38992564.39762800
1774137600000,2026-03-22 00:00:00,2084.86000000,2095.43000000,2050.12000000,2087.67000000,60906.67930000,1774141199999,126344070.67448700,542526,28143.33870000,58403715.41190200
1774141200000,2026-03-22 01:00:00,2087.68000000,2094.49000000,2082.00000000,2091.36000000,19598.97100000,1774144799999,40932605.77649600,175757,9445.02490000,19726488.82884000
1774144800000,2026-03-22 02:00:00,2091.37000000,2109.36000000,2088.00000000,2102.29000000,14239.97200000,1774148399999,29898698.10543700,159589,8351.33710000,17537152.34432600
1774148400000,2026-03-22 03:00:00,2102.29000000,2127.21000000,2098.09000000,2113.83000000,14776.02600000,1774151999999,31240481.29434100,169473,7941.83800000,16794234.11011400
1774152000000,2026-03-22 04:00:00,2113.83000000,2122.94000000,2106.36000000,2119.39000000,12384.67090000,1774155599999,26209033.54770500,137844,7071.53660000,14967631.35326100
1774155600000,2026-03-22 05:00:00,2119.39000000,2120.94000000,2112.71000000,2113.00000000,6294.29100000,1774159199999,13324502.80780100,75445,3211.00470000,6797926.26585000
1774159200000,2026-03-22 06:00:00,2113.01000000,2113.34000000,2106.99000000,2108.76000000,5445.33230000,1774162799999,11489700.89546100,71034,2512.79830000,5301772.01854600
1774162800000,2026-03-22 07:00:00,2108.76000000,2112.05000000,2092.35000000,2093.38000000,8519.33860000,1774166399999,17908960.06119200,90101,3444.75120000,7245744.75012800
1774166400000,2026-03-22 08:00:00,2093.40000000,2095.89000000,2074.36000000,2086.50000000,19423.70110000,1774169999999,40487864.06743500,206914,8500.66410000,17716227.75596300
1774170000000,2026-03-22 09:00:00,2086.50000000,2096.82000000,2079.90000000,2085.09000000,8961.74760000,1774173599999,18699513.52955400,128416,4481.40780000,9352950.97042600
1774173600000,2026-03-22 10:00:00,2085.10000000,2086.95000000,2077.33000000,2081.45000000,4126.74860000,1774177199999,8589836.47956100,76378,2010.41890000,4184708.27674600
1774177200000,2026-03-22 11:00:00,2081.44000000,2083.80000000,2066.97000000,2069.98000000,10550.33820000,1774180799999,21891660.24127200,138921,4955.07830000,10282938.40079400
1774180800000,2026-03-22 12:00:00,2069.97000000,2088.44000000,2068.37000000,2082.44000000,9735.63950000,1774184399999,20240792.95624200,132363,5389.54090000,11206767.19643400
1774184400000,2026-03-22 13:00:00,2082.44000000,2092.63000000,2072.77000000,2078.71000000,10405.01320000,1774187999999,21680023.18193900,126414,5877.34610000,12249555.52406100
1774188000000,2026-03-22 14:00:00,2078.71000000,2085.19000000,2071.67000000,2078.14000000,8042.34380000,1774191599999,16724857.75004700,87697,4225.73280000,8788049.94600000
1774191600000,2026-03-22 15:00:00,2078.14000000,2084.58000000,2075.67000000,2083.10000000,6131.29160000,1774195199999,12754542.59540800,76233,3740.37100000,7780921.23551800
1774195200000,2026-03-22 16:00:00,2083.10000000,2084.45000000,2077.88000000,2082.09000000,4105.44240000,1774198799999,8544645.76534200,61714,2392.03970000,4978835.68020900
1774198800000,2026-03-22 17:00:00,2082.10000000,2084.35000000,2077.41000000,2079.61000000,4053.78660000,1774202399999,8436032.12573500,53702,2374.65740000,4941725.07734600
1774202400000,2026-03-22 18:00:00,2079.60000000,2080.41000000,2057.00000000,2072.27000000,10621.57860000,1774205999999,21971973.73848900,111987,4348.45190000,8994763.76568900
1774206000000,2026-03-22 19:00:00,2072.26000000,2072.70000000,2054.35000000,2063.21000000,9191.56100000,1774209599999,18956322.62863300,116776,3908.97780000,8062051.64813900
1774209600000,2026-03-22 20:00:00,2063.22000000,2072.25000000,2056.35000000,2058.58000000,7564.97800000,1774213199999,15611132.31579200,95006,3672.52810000,7579635.71959100
1774213200000,2026-03-22 21:00:00,2058.58000000,2060.51000000,2026.00000000,2045.96000000,28928.48620000,1774216799999,59025315.62827400,303139,14519.15260000,29620874.21482700
1774216800000,2026-03-22 22:00:00,2045.96000000,2065.65000000,2032.57000000,2062.67000000,18597.56790000,1774220399999,38138587.37789200,281482,9039.32310000,18545889.60544400
1774220400000,2026-03-22 23:00:00,2062.68000000,2074.16000000,2051.27000000,2053.89000000,10465.05180000,1774223999999,21583623.11425900,158946,4788.38560000,9881324.62552400
1774224000000,2026-03-23 00:00:00,2053.90000000,2063.08000000,2035.69000000,2043.31000000,16767.35440000,1774227599999,34358211.67102100,261581,7439.72670000,15248609.52552400
1774227600000,2026-03-23 01:00:00,2043.31000000,2062.38000000,2039.46000000,2047.69000000,10349.84090000,1774231199999,21249646.96673900,191463,5662.26470000,11626251.72357100
1774231200000,2026-03-23 02:00:00,2047.70000000,2070.24000000,2046.72000000,2063.42000000,13332.44560000,1774234799999,27441745.09606300,176012,8133.66060000,16741993.85152900
1774234800000,2026-03-23 03:00:00,2063.42000000,2072.33000000,2051.67000000,2052.54000000,5643.84820000,1774238399999,11628768.40664500,119641,2805.05100000,5781464.61935500
1774238400000,2026-03-23 04:00:00,2052.53000000,2066.21000000,2050.64000000,2065.47000000,5965.39240000,1774241999999,12274317.81245900,95712,3247.73550000,6684000.71405500
1774242000000,2026-03-23 05:00:00,2065.47000000,2072.11000000,2060.71000000,2069.27000000,10766.36600000,1774245599999,22248344.68341300,136055,5579.80300000,11532594.01913000
1774245600000,2026-03-23 06:00:00,2069.26000000,2069.26000000,2028.47000000,2037.30000000,19415.67570000,1774249199999,39681674.30980600,229139,8426.64690000,17221888.57104100
1774249200000,2026-03-23 07:00:00,2037.31000000,2050.00000000,2023.04000000,2044.72000000,21368.59510000,1774252799999,43546328.21823300,245679,12077.71680000,24619158.12605800
1774252800000,2026-03-23 08:00:00,2044.73000000,2059.16000000,2044.20000000,2048.02000000,12995.61970000,1774256399999,26674974.22739500,208409,6555.32170000,13456023.70972800
1774256400000,2026-03-23 09:00:00,2048.01000000,2049.13000000,2028.20000000,2043.63000000,9832.21520000,1774259999999,20043842.02724900,182947,4800.04570000,9787533.23064900
1774260000000,2026-03-23 10:00:00,2043.64000000,2054.04000000,2040.39000000,2049.04000000,7896.07380000,1774263599999,16157383.87811400,150332,4291.64530000,8781329.61306400
1774263600000,2026-03-23 11:00:00,2049.04000000,2198.57000000,2049.04000000,2134.78000000,161423.30100000,1774267199999,347603241.96025900,1297261,81532.96020000,175455013.04990700
1774267200000,2026-03-23 12:00:00,2134.78000000,2147.85000000,2107.43000000,2144.27000000,57914.70740000,1774270799999,123209643.32595400,678054,26538.27570000,56481499.38587100
1774270800000,2026-03-23 13:00:00,2144.27000000,2189.00000000,2140.11000000,2185.64000000,55730.55710000,1774274399999,120518496.79013000,657822,33367.61120000,72187264.87283100
1774274400000,2026-03-23 14:00:00,2185.65000000,2192.44000000,2169.28000000,2181.16000000,41862.25590000,1774277999999,91317771.48922400,514187,19825.25990000,43252894.37097600
1774278000000,2026-03-23 15:00:00,2181.16000000,2188.09000000,2124.75000000,2128.45000000,43736.40880000,1774281599999,94316119.75214700,478144,19689.66900000,42447150.84739500
1774281600000,2026-03-23 16:00:00,2128.46000000,2142.72000000,2117.77000000,2135.88000000,35608.73500000,1774285199999,75847924.11230600,486911,16947.63410000,36105158.36774600
1774285200000,2026-03-23 17:00:00,2135.88000000,2158.54000000,2124.57000000,2152.71000000,21257.74610000,1774288799999,45580334.79871100,325766,11482.20990000,24634010.50269000
1774288800000,2026-03-23 18:00:00,2152.71000000,2171.76000000,2145.71000000,2168.72000000,17410.10430000,1774292399999,37575437.71669200,269056,10042.08000000,21684287.66378800
1774292400000,2026-03-23 19:00:00,2168.72000000,2178.74000000,2150.48000000,2154.46000000,18734.49090000,1774295999999,40559044.68216100,215565,9121.04600000,19756576.60021900
1774296000000,2026-03-23 20:00:00,2154.45000000,2166.81000000,2150.71000000,2161.49000000,6247.91100000,1774299599999,13493741.37143900,93983,3131.39060000,6763744.12999300
1774299600000,2026-03-23 21:00:00,2161.49000000,2163.80000000,2154.57000000,2157.70000000,5220.54190000,1774303199999,11272715.42678500,67154,2502.10970000,5402323.93664000
1774303200000,2026-03-23 22:00:00,2157.70000000,2159.61000000,2143.94000000,2152.81000000,7290.30820000,1774306799999,15676582.13123200,139014,3214.90450000,6913516.22229300
1774306800000,2026-03-23 23:00:00,2152.80000000,2155.21000000,2140.71000000,2152.03000000,7737.94230000,1774310399999,16623512.16232200,129781,3825.21770000,8217746.04668800
1774310400000,2026-03-24 00:00:00,2152.03000000,2156.22000000,2130.10000000,2143.22000000,12914.71350000,1774313999999,27678718.97358300,209141,6154.97470000,13192635.55316900
1774314000000,2026-03-24 01:00:00,2143.22000000,2149.78000000,2124.26000000,2137.56000000,11048.73450000,1774317599999,23611925.50141400,211390,5040.90720000,10775405.67434400
1774317600000,2026-03-24 02:00:00,2137.57000000,2145.92000000,2132.64000000,2135.86000000,9521.64740000,1774321199999,20360511.09941600,156145,4105.70060000,8781113.56247100
1774321200000,2026-03-24 03:00:00,2135.87000000,2143.30000000,2130.70000000,2141.59000000,9582.55120000,1774324799999,20477161.81772300,117478,4284.98580000,9157488.79598200
1774324800000,2026-03-24 04:00:00,2141.59000000,2152.03000000,2131.83000000,2136.33000000,7953.95180000,1774328399999,17032069.97979600,130053,3742.25020000,8014388.77669700
1774328400000,2026-03-24 05:00:00,2136.32000000,2138.49000000,2128.84000000,2133.64000000,8181.00690000,1774331999999,17446660.33079200,134061,3840.66080000,8190993.64398700
1774332000000,2026-03-24 06:00:00,2133.64000000,2146.35000000,2132.00000000,2145.30000000,7279.17890000,1774335599999,15580462.24691000,114701,4211.06710000,9013853.31287700
1774335600000,2026-03-24 07:00:00,2145.30000000,2170.65000000,2144.13000000,2165.61000000,22660.92030000,1774339199999,48927060.91178200,233264,10955.79850000,23655057.55463800
1774339200000,2026-03-24 08:00:00,2165.61000000,2167.37000000,2152.17000000,2155.06000000,11529.43860000,1774342799999,24899198.17368200,149578,5649.71220000,12202787.61660600
1774342800000,2026-03-24 09:00:00,2155.07000000,2167.90000000,2147.36000000,2164.97000000,8784.85730000,1774346399999,18951926.04163900,113542,4132.81560000,8918022.24545400
1774346400000,2026-03-24 10:00:00,2164.97000000,2164.98000000,2155.27000000,2161.25000000,6223.98100000,1774349999999,13442972.36657600,97089,2949.87980000,6370554.66412800
1774350000000,2026-03-24 11:00:00,2161.25000000,2175.16000000,2152.13000000,2165.90000000,13602.47260000,1774353599999,29437835.99825200,190858,6973.44410000,15095636.78735300
1774353600000,2026-03-24 12:00:00,2165.89000000,2170.52000000,2158.89000000,2162.44000000,7154.93270000,1774357199999,15482990.93496200,153539,3463.36550000,7495711.21416500
1774357200000,2026-03-24 13:00:00,2162.43000000,2165.53000000,2130.46000000,2138.38000000,24657.58040000,1774360799999,52902735.81350500,418666,11296.29140000,24236195.05112400
1774360800000,2026-03-24 14:00:00,2138.37000000,2148.31000000,2120.00000000,2133.98000000,32739.97750000,1774364399999,69866763.55566200,486384,15514.76820000,33116937.99541400
1774364400000,2026-03-24 15:00:00,2133.98000000,2147.74000000,2131.50000000,2135.15000000,15780.51690000,1774367999999,33745136.91288300,259917,7301.20400000,15612436.31415700
1774368000000,2026-03-24 16:00:00,2135.15000000,2140.57000000,2120.90000000,2127.20000000,14879.48070000,1774371599999,31714924.70283000,212491,6947.25590000,14808116.14935800
1774371600000,2026-03-24 17:00:00,2127.20000000,2128.70000000,2103.02000000,2109.17000000,26735.32850000,1774375199999,56488913.88612300,295861,11586.55670000,24478781.63243300
1774375200000,2026-03-24 18:00:00,2109.18000000,2127.90000000,2105.07000000,2118.92000000,11372.53550000,1774378799999,24060386.90985100,189488,6292.66050000,13317967.93710800
1774378800000,2026-03-24 19:00:00,2118.92000000,2127.84000000,2114.37000000,2116.87000000,6567.43390000,1774382399999,13927143.24779400,120171,2916.00410000,6184363.65242700
1774382400000,2026-03-24 20:00:00,2116.86000000,2154.50000000,2115.63000000,2148.48000000,21481.87240000,1774385999999,46033011.59965700,291922,12090.91320000,25907000.45720300
1774386000000,2026-03-24 21:00:00,2148.48000000,2151.80000000,2140.46000000,2148.88000000,7038.73540000,1774389599999,15106490.43017500,101403,3236.25870000,6946196.35187800
1774389600000,2026-03-24 22:00:00,2148.89000000,2155.82000000,2140.67000000,2145.61000000,9245.40860000,1774393199999,19863194.44170100,129643,4215.46630000,9057826.17783600
1774393200000,2026-03-24 23:00:00,2145.60000000,2163.70000000,2143.00000000,2156.23000000,9766.21630000,1774396799999,21067450.93368200,116308,5401.22640000,11649955.92194200
1774396800000,2026-03-25 00:00:00,2156.22000000,2168.63000000,2146.35000000,2161.77000000,13790.31820000,1774400399999,29779351.68792700,148319,7520.41510000,16246217.72948800
1774400400000,2026-03-25 01:00:00,2161.76000000,2167.37000000,2156.94000000,2156.94000000,9043.87830000,1774403999999,19549902.25817800,120116,4906.92440000,10607138.05304500
1774404000000,2026-03-25 02:00:00,2156.95000000,2161.50000000,2153.58000000,2155.50000000,6096.79800000,1774407599999,13148582.63407100,97114,3688.90740000,7955876.93206800
1774407600000,2026-03-25 03:00:00,2155.51000000,2160.53000000,2147.00000000,2158.54000000,6297.56540000,1774411199999,13566313.10419500,80368,2942.55050000,6341456.88830500
1774411200000,2026-03-25 04:00:00,2158.53000000,2167.75000000,2156.83000000,2166.32000000,5251.70810000,1774414799999,11355015.47426500,72643,2763.38430000,5975020.99753300
1774414800000,2026-03-25 05:00:00,2166.31000000,2179.73000000,2164.46000000,2169.03000000,15481.42010000,1774418399999,33635312.96125800,122219,7108.51790000,15446393.90352600
1774418400000,2026-03-25 06:00:00,2169.03000000,2173.19000000,2163.43000000,2163.81000000,9234.86750000,1774421999999,20032996.53776800,84945,4074.97370000,8842203.80252200
1774422000000,2026-03-25 07:00:00,2163.82000000,2177.49000000,2159.81000000,2164.57000000,8969.42410000,1774425599999,19443694.04766600,86711,4358.19750000,9449691.07392400
1774425600000,2026-03-25 08:00:00,2164.57000000,2191.93000000,2164.57000000,2176.64000000,20328.60380000,1774429199999,44324409.59592800,169863,11897.39820000,25950805.63579700
1774429200000,2026-03-25 09:00:00,2176.64000000,2188.90000000,2175.16000000,2186.64000000,8039.82340000,1774432799999,17537504.86040700,115353,4397.15460000,9593122.00482500
1774432800000,2026-03-25 10:00:00,2186.64000000,2189.04000000,2181.24000000,2185.27000000,7397.76320000,1774436399999,16165397.02172300,101581,3546.47990000,7750301.62912700
1774436400000,2026-03-25 11:00:00,2185.26000000,2199.02000000,2179.48000000,2186.41000000,21000.82780000,1774439999999,46023145.43876900,175503,11514.76450000,25240630.75360000
1774440000000,2026-03-25 12:00:00,2186.41000000,2195.09000000,2165.02000000,2183.31000000,25113.06940000,1774443599999,54684311.63624700,291443,11574.49630000,25210773.64921600
1774443600000,2026-03-25 13:00:00,2183.31000000,2198.16000000,2179.71000000,2184.37000000,17244.45830000,1774447199999,37737039.72645600,287900,8733.48250000,19116768.71038200
1774447200000,2026-03-25 14:00:00,2184.38000000,2188.02000000,2173.19000000,2174.14000000,14284.22140000,1774450799999,31139223.76322700,269503,6272.16060000,13673652.48969700
1774450800000,2026-03-25 15:00:00,2174.14000000,2176.90000000,2147.67000000,2162.56000000,19968.09670000,1774454399999,43158697.86091100,295680,8670.78490000,18746203.32721500
1774454400000,2026-03-25 16:00:00,2162.56000000,2186.85000000,2155.93000000,2173.83000000,21914.33420000,1774457999999,47585345.51556200,257810,12353.67740000,26823900.11108200
1774458000000,2026-03-25 17:00:00,2173.83000000,2176.24000000,2160.66000000,2164.10000000,8858.84430000,1774461599999,19198357.55167000,167456,4029.57140000,8732528.00565500
1774461600000,2026-03-25 18:00:00,2164.10000000,2173.35000000,2157.85000000,2162.38000000,7378.69720000,1774465199999,15983586.09310700,123717,3852.62470000,8346025.39669800
1774465200000,2026-03-25 19:00:00,2162.37000000,2176.38000000,2159.48000000,2172.69000000,7961.63150000,1774468799999,17269147.63590400,135325,4877.54270000,10579441.26272400
1774468800000,2026-03-25 20:00:00,2172.68000000,2173.03000000,2159.42000000,2166.49000000,3973.55620000,1774472399999,8602865.92109800,55545,1557.99040000,3373353.16568800
1774472400000,2026-03-25 21:00:00,2166.49000000,2169.53000000,2161.79000000,2164.04000000,3328.58220000,1774475999999,7206596.73409300,46270,1535.51170000,3324892.29058100
1774476000000,2026-03-25 22:00:00,2164.05000000,2183.50000000,2161.87000000,2174.53000000,8143.88980000,1774479599999,17698235.88137300,109592,4681.66400000,10177467.59801100
1774479600000,2026-03-25 23:00:00,2174.54000000,2177.14000000,2164.74000000,2169.02000000,6539.14640000,1774483199999,14193647.22594300,77145,2144.31010000,4655211.07556300
1774483200000,2026-03-26 00:00:00,2169.02000000,2172.19000000,2162.53000000,2166.69000000,7373.56140000,1774486799999,15982752.76401700,96790,2982.69440000,6465050.04107800
1774486800000,2026-03-26 01:00:00,2166.69000000,2169.27000000,2160.00000000,2164.84000000,5711.01590000,1774490399999,12362768.57395800,83304,2749.93760000,5952729.36177400
1774490400000,2026-03-26 02:00:00,2164.83000000,2165.79000000,2144.05000000,2149.97000000,9295.54090000,1774493999999,20009977.98023000,116343,3892.68570000,8376912.23281700
1774494000000,2026-03-26 03:00:00,2149.96000000,2155.56000000,2144.65000000,2153.21000000,7146.54020000,1774497599999,15364968.91946600,88195,3221.69930000,6926420.34479800
1774497600000,2026-03-26 04:00:00,2153.22000000,2154.58000000,2147.90000000,2149.71000000,3871.04840000,1774501199999,8328120.25253800,55413,1648.72580000,3546633.28206600
1774501200000,2026-03-26 05:00:00,2149.71000000,2150.90000000,2113.63000000,2119.55000000,22710.75010000,1774504799999,48388205.78161900,189097,8506.59760000,18125342.45350900
1774504800000,2026-03-26 06:00:00,2119.54000000,2125.01000000,2112.17000000,2121.86000000,9522.14120000,1774508399999,20186668.76625600,135637,4518.89660000,9580971.83132800
1774508400000,2026-03-26 07:00:00,2121.86000000,2124.78000000,2112.87000000,2123.64000000,13110.83090000,1774511999999,27795783.19089200,131405,6319.50490000,13401250.76642200
1774512000000,2026-03-26 08:00:00,2123.64000000,2126.89000000,2114.22000000,2119.64000000,9646.78530000,1774515599999,20442899.34680000,116081,5023.40490000,10645597.43045100
1774515600000,2026-03-26 09:00:00,2119.65000000,2121.87000000,2074.96000000,2082.64000000,35575.40260000,1774519199999,74348134.37262700,286828,17843.37260000,37266720.33561700
1774519200000,2026-03-26 10:00:00,2082.63000000,2083.89000000,2072.73000000,2078.65000000,13682.07730000,1774522799999,28439595.46850000,152983,7421.34170000,15426833.72613700
1774522800000,2026-03-26 11:00:00,2078.65000000,2081.41000000,2062.94000000,2068.44000000,17572.43820000,1774526399999,36382961.38531600,164363,8462.05560000,17518380.15290600
1774526400000,2026-03-26 12:00:00,2068.45000000,2075.66000000,2066.12000000,2073.60000000,14899.62630000,1774529999999,30857492.79412800,124637,9181.37570000,19014672.50167300
1774530000000,2026-03-26 13:00:00,2073.60000000,2093.79000000,2069.46000000,2081.22000000,22740.71800000,1774533599999,47339528.62417800,310819,12500.49940000,26025160.37128200
1774533600000,2026-03-26 14:00:00,2081.22000000,2085.84000000,2067.25000000,2076.27000000,15174.39470000,1774537199999,31521877.55980000,272776,7697.78120000,15991335.69160500
1774537200000,2026-03-26 15:00:00,2076.28000000,2076.72000000,2052.01000000,2070.40000000,21444.28280000,1774540799999,44285914.06914700,295470,10661.06410000,22018769.30634000
1774540800000,2026-03-26 16:00:00,2070.40000000,2070.95000000,2059.94000000,2060.90000000,11049.58350000,1774544399999,22826732.23079700,153161,5079.12680000,10493172.00233800
1774544400000,2026-03-26 17:00:00,2060.90000000,2070.51000000,2045.17000000,2049.41000000,26059.42460000,1774547999999,53574879.22607800,183850,15050.82430000,30939072.43941600
1774548000000,2026-03-26 18:00:00,2049.41000000,2055.83000000,2034.54000000,2047.17000000,18682.79430000,1774551599999,38186086.87509000,244703,10304.14170000,21064566.77427300
1774551600000,2026-03-26 19:00:00,2047.18000000,2054.00000000,2039.59000000,2049.12000000,9753.39510000,1774555199999,19966343.14839100,133108,6199.53570000,12692812.07547300
1774555200000,2026-03-26 20:00:00,2049.11000000,2080.42000000,2046.54000000,2064.89000000,22015.38820000,1774558799999,45584827.71577900,244070,12491.15130000,25863472.85766100
1774558800000,2026-03-26 21:00:00,2064.89000000,2077.84000000,2060.29000000,2068.37000000,8042.05500000,1774562399999,16642423.03563100,83088,3858.59780000,7985387.71784900
1774562400000,2026-03-26 22:00:00,2068.38000000,2072.91000000,2054.88000000,2065.88000000,7356.96240000,1774565999999,15185724.33930500,132744,3560.13180000,7348991.85902500
1774566000000,2026-03-26 23:00:00,2065.89000000,2069.60000000,2056.35000000,2060.43000000,5573.86650000,1774569599999,11492094.55039100,95882,2413.06690000,4976500.59754100
1774569600000,2026-03-27 00:00:00,2060.43000000,2067.66000000,2056.80000000,2065.03000000,5963.09130000,1774573199999,12298603.45614700,128987,3533.16440000,7287104.54402500
1774573200000,2026-03-27 01:00:00,2065.03000000,2074.59000000,2063.33000000,2074.20000000,6464.48240000,1774576799999,13378843.02147900,93256,3443.89860000,7128273.94241500
1774576800000,2026-03-27 02:00:00,2074.20000000,2077.19000000,2067.45000000,2068.28000000,4095.90820000,1774580399999,8490715.21156200,72155,1874.94280000,3886765.82639000
1774580400000,2026-03-27 03:00:00,2068.28000000,2069.20000000,2059.33000000,2061.48000000,6219.84230000,1774583999999,12830032.61894800,71710,2402.60430000,4955914.58941800
1774584000000,2026-03-27 04:00:00,2061.49000000,2062.01000000,2043.49000000,2053.12000000,11778.68360000,1774587599999,24146776.41073000,117793,5011.36190000,10270475.74401600
1774587600000,2026-03-27 05:00:00,2053.11000000,2066.31000000,2052.28000000,2061.20000000,5500.97360000,1774591199999,11331054.37457600,99151,3036.11450000,6254129.92639800
1774591200000,2026-03-27 06:00:00,2061.20000000,2068.07000000,2058.50000000,2062.71000000,8150.63660000,1774594799999,16821882.81818600,85789,4210.26810000,8690139.73350900
1774594800000,2026-03-27 07:00:00,2062.71000000,2072.36000000,2059.99000000,2066.23000000,26687.90500000,1774598399999,55190627.07127200,134448,18490.48270000,38234776.35787100
1774598400000,2026-03-27 08:00:00,2066.24000000,2069.60000000,2034.33000000,2047.93000000,27583.58010000,1774601999999,56614283.28175900,228211,16980.96570000,34884761.14728100
1774602000000,2026-03-27 09:00:00,2047.91000000,2051.68000000,2036.48000000,2041.08000000,9816.36890000,1774605599999,20072444.96019000,128819,5051.71220000,10332757.99611200
1774605600000,2026-03-27 10:00:00,2041.08000000,2044.52000000,1986.30000000,1991.67000000,50935.00550000,1774609199999,102297100.99609000,382663,23295.05120000,46767725.22649200
1774609200000,2026-03-27 11:00:00,1991.67000000,1998.44000000,1983.02000000,1991.80000000,30939.92040000,1774612799999,61674846.54566800,252083,11489.64670000,22903616.88207800
1774612800000,2026-03-27 12:00:00,1991.80000000,1994.85000000,1982.19000000,1989.44000000,20580.18890000,1774616399999,40959097.82342400,163583,8307.03220000,16528899.90932900
1774616400000,2026-03-27 13:00:00,1989.45000000,1997.42000000,1971.00000000,1979.22000000,27609.08710000,1774619999999,54797259.40108300,323369,12355.04030000,24531906.63211300
1774620000000,2026-03-27 14:00:00,1979.22000000,1989.54000000,1970.93000000,1989.39000000,26084.86950000,1774623599999,51657873.26969100,301017,13801.99340000,27347552.17329900
1774623600000,2026-03-27 15:00:00,1989.39000000,2010.45000000,1983.42000000,1991.32000000,34599.22820000,1774627199999,69056412.06270400,296377,19971.83670000,39862813.10295400
1774627200000,2026-03-27 16:00:00,1991.32000000,1992.27000000,1980.25000000,1986.50000000,15765.18690000,1774630799999,31309193.13626600,218855,8577.33990000,17035925.06144700
1774630800000,2026-03-27 17:00:00,1986.50000000,1997.60000000,1974.90000000,1977.27000000,13776.89500000,1774634399999,27340877.72548000,182003,6906.40400000,13708033.36708400
1774634400000,2026-03-27 18:00:00,1977.28000000,1986.29000000,1974.48000000,1984.43000000,11147.81670000,1774637999999,22086061.62624200,163157,6158.88890000,12203800.99407200
1774638000000,2026-03-27 19:00:00,1984.43000000,1997.73000000,1978.94000000,1991.71000000,29660.83290000,1774641599999,58997101.73594500,177989,21359.04200000,42475367.39687800
1774641600000,2026-03-27 20:00:00,1991.70000000,1996.31000000,1980.00000000,1986.04000000,9603.26050000,1774645199999,19091957.90524000,103827,4183.18430000,8313526.24935500
1774645200000,2026-03-27 21:00:00,1986.05000000,1991.08000000,1984.36000000,1985.73000000,3983.90700000,1774648799999,7919080.65300400,65718,1872.43170000,3722207.19350200
1774648800000,2026-03-27 22:00:00,1985.74000000,1987.23000000,1981.95000000,1985.52000000,2720.86420000,1774652399999,5400531.16502400,56343,1295.98410000,2572223.93956200
1774652400000,2026-03-27 23:00:00,1985.51000000,1993.85000000,1980.54000000,1992.75000000,5204.99000000,1774655999999,10345971.73643000,61934,2441.88920000,4855861.05587100
1774656000000,2026-03-28 00:00:00,1992.76000000,1995.16000000,1989.68000000,1992.59000000,4009.80130000,1774659599999,7989950.97693700,57596,2265.18580000,4513690.68990200
1774659600000,2026-03-28 01:00:00,1992.60000000,1992.70000000,1984.93000000,1990.43000000,7775.32140000,1774663199999,15451591.78336500,69447,5373.56990000,10676638.95009300
1774663200000,2026-03-28 02:00:00,1990.43000000,1993.69000000,1983.17000000,1987.32000000,3538.71910000,1774666799999,7034005.68663300,50813,1743.93170000,3466479.12003600
1774666800000,2026-03-28 03:00:00,1987.32000000,1991.25000000,1987.13000000,1989.19000000,2671.97800000,1774670399999,5315676.48950700,33638,1908.75440000,3797484.10818300
1774670400000,2026-03-28 04:00:00,1989.19000000,1992.51000000,1987.30000000,1990.80000000,2365.13140000,1774673999999,4707081.87519400,30543,1462.34700000,2910461.23122200
1774674000000,2026-03-28 05:00:00,1990.80000000,1994.90000000,1988.32000000,1994.23000000,3194.69280000,1774677599999,6363987.23790900,35690,2037.58010000,4058684.31987300
1774677600000,2026-03-28 06:00:00,1994.22000000,2007.00000000,1993.39000000,2000.95000000,8339.43580000,1774681199999,16690404.43403300,63220,5719.62930000,11445942.94310600
1774681200000,2026-03-28 07:00:00,2000.95000000,2008.35000000,2000.68000000,2007.07000000,4419.20700000,1774684799999,8859918.96440800,41812,2571.70210000,5155914.29289500
1774684800000,2026-03-28 08:00:00,2007.07000000,2008.34000000,1998.26000000,1999.24000000,4158.22270000,1774688399999,8332723.93490100,43216,1753.40310000,3514066.27687300
1774688400000,2026-03-28 09:00:00,1999.24000000,1999.76000000,1995.60000000,1999.52000000,5307.54260000,1774691999999,10603092.93658800,40504,2491.96110000,4978454.37025800
1774692000000,2026-03-28 10:00:00,1999.51000000,2004.57000000,1992.77000000,1996.69000000,5539.46690000,1774695599999,11066438.26599500,49172,2877.22130000,5749162.46991300
1774695600000,2026-03-28 11:00:00,1996.69000000,2000.56000000,1995.86000000,1997.64000000,3232.39070000,1774699199999,6456943.44621800,31397,2227.44610000,4449520.19419800
1774699200000,2026-03-28 12:00:00,1997.64000000,2004.50000000,1992.25000000,1999.67000000,6475.12600000,1774702799999,12942952.95231400,58865,2860.46010000,5720425.55760100
1774702800000,2026-03-28 13:00:00,1999.67000000,2047.45000000,1999.30000000,2026.40000000,30427.16410000,1774706399999,61547286.99674000,208145,18696.13590000,37803683.13131500
1774706400000,2026-03-28 14:00:00,2026.39000000,2028.99000000,2016.14000000,2020.84000000,13682.39200000,1774709999999,27677918.27521100,142281,7877.57300000,15940093.32225200
1774710000000,2026-03-28 15:00:00,2020.83000000,2040.26000000,2018.40000000,2026.84000000,14625.41020000,1774713599999,29685420.11520100,144681,7693.82460000,15616775.73050200
1774713600000,2026-03-28 16:00:00,2026.84000000,2030.23000000,2021.68000000,2024.78000000,4889.92700000,1774717199999,9908893.32197000,75271,2860.67260000,5797104.60065200
1774717200000,2026-03-28 17:00:00,2024.79000000,2027.15000000,2016.50000000,2020.84000000,4857.71360000,1774720799999,9819152.80217300,63776,2329.12820000,4708612.26161900
1774720800000,2026-03-28 18:00:00,2020.84000000,2024.66000000,2020.37000000,2021.80000000,1630.64040000,1774724399999,3298168.75420600,31807,934.82120000,1890856.54043000
1774724400000,2026-03-28 19:00:00,2021.79000000,2022.81000000,2017.01000000,2020.56000000,1332.26940000,1774727999999,2691093.43688100,25857,679.36320000,1372456.83452100
1774728000000,2026-03-28 20:00:00,2020.57000000,2026.48000000,2020.56000000,2024.59000000,2446.67790000,1774731599999,4952907.15583100,33613,1655.06480000,3350423.78311800
1774731600000,2026-03-28 21:00:00,2024.60000000,2025.56000000,2006.69000000,2009.61000000,5915.67100000,1774735199999,11919329.67081200,64253,2053.78640000,4136061.39168200
1774735200000,2026-03-28 22:00:00,2009.61000000,2013.14000000,2005.38000000,2011.89000000,4426.19400000,1774738799999,8896807.38505300,62100,2114.11670000,4250611.24587600
1774738800000,2026-03-28 23:00:00,2011.88000000,2011.88000000,1989.64000000,1994.74000000,9570.71020000,1774742399999,19116305.24924900,112113,4191.24040000,8369544.11829000
1774742400000,2026-03-29 00:00:00,1994.74000000,2000.00000000,1991.52000000,1999.16000000,4042.02470000,1774745999999,8067244.64770300,72829,2072.64840000,4137353.28984300
1774746000000,2026-03-29 01:00:00,1999.16000000,2007.61000000,1997.78000000,2005.08000000,4379.19520000,1774749599999,8772234.94508300,72245,2479.34370000,4966766.07612600
1774749600000,2026-03-29 02:00:00,2005.09000000,2010.55000000,2002.55000000,2008.93000000,3658.55400000,1774753199999,7339348.66117800,58437,1760.77750000,3533041.40732400
1774753200000,2026-03-29 03:00:00,2008.93000000,2019.65000000,2007.04000000,2011.10000000,4533.48690000,1774756799999,9129048.99331700,66117,2649.99870000,5336028.21152400
1774756800000,2026-03-29 04:00:00,2011.10000000,2012.72000000,2004.23000000,2005.85000000,2975.69750000,1774760399999,5973679.73678500,48362,1185.99010000,2381223.94297400
1774760400000,2026-03-29 05:00:00,2005.84000000,2007.27000000,1997.67000000,2005.31000000,3321.97470000,1774763999999,6651935.07202500,63442,1549.10610000,3102667.86486300
1774764000000,2026-03-29 06:00:00,2005.31000000,2008.33000000,2000.02000000,2004.98000000,2453.59880000,1774767599999,4916450.70747800,52368,1428.07430000,2861273.10367300
1774767600000,2026-03-29 07:00:00,2004.98000000,2009.91000000,2000.04000000,2006.14000000,4077.18870000,1774771199999,8171457.73175000,47940,2291.04850000,4591738.76683400
1774771200000,2026-03-29 08:00:00,2006.14000000,2007.50000000,2002.66000000,2004.26000000,2585.16820000,1774774799999,5183136.51201600,39620,1057.73190000,2120613.24056900
1774774800000,2026-03-29 09:00:00,2004.26000000,2005.42000000,1994.50000000,1999.21000000,5200.95490000,1774778399999,10401221.49221800,54510,2581.53110000,5162654.55047200
1774778400000,2026-03-29 10:00:00,1999.20000000,1999.20000000,1991.90000000,1995.89000000,3429.43060000,1774781999999,6843158.42611200,53130,1788.27350000,3568532.85233300
1774782000000,2026-03-29 11:00:00,1995.90000000,2008.16000000,1995.22000000,2003.78000000,3852.26940000,1774785599999,7717551.32615900,70122,2342.65040000,4692538.25623200
1774785600000,2026-03-29 12:00:00,2003.78000000,2004.90000000,1997.82000000,2001.68000000,2722.39900000,1774789199999,5449095.73365100,44417,1106.97350000,2215738.54163200
1774789200000,2026-03-29 13:00:00,2001.68000000,2002.14000000,1983.56000000,1987.09000000,9261.10000000,1774792799999,18427475.92384000,101896,3889.59320000,7740287.97188900
1774792800000,2026-03-29 14:00:00,1987.09000000,2002.35000000,1983.99000000,1994.17000000,6745.96910000,1774796399999,13447550.33271000,86285,3693.58320000,7364333.14676500
1774796400000,2026-03-29 15:00:00,1994.17000000,1998.98000000,1986.32000000,1992.97000000,6503.20050000,1774799999999,12963372.01771900,90484,3803.95970000,7584218.03866200
1774800000000,2026-03-29 16:00:00,1992.98000000,2003.61000000,1992.03000000,1997.82000000,6490.86160000,1774803599999,12973156.37851900,91016,3555.44580000,7105476.50600900
1774803600000,2026-03-29 17:00:00,1997.82000000,2000.21000000,1987.60000000,1995.10000000,4682.23000000,1774807199999,9331882.23363000,73693,2351.66040000,4686337.89551300
1774807200000,2026-03-29 18:00:00,1995.11000000,2002.00000000,1991.58000000,1997.33000000,3514.96680000,1774810799999,7017483.90591800,45477,1836.75790000,3667163.69928800
1774810800000,2026-03-29 19:00:00,1997.33000000,2000.11000000,1994.36000000,1995.89000000,2275.97740000,1774814399999,4544719.77859500,33081,1360.97010000,2717413.75809900
1774814400000,2026-03-29 20:00:00,1995.89000000,2009.48000000,1995.84000000,2002.50000000,4264.01690000,1774817999999,8539979.68132800,52195,2688.89150000,5385319.22972200
1774818000000,2026-03-29 21:00:00,2002.49000000,2007.24000000,2001.50000000,2006.51000000,2530.38630000,1774821599999,5072009.08850000,41143,1385.91930000,2777997.12018100
1774821600000,2026-03-29 22:00:00,2006.51000000,2006.51000000,1938.82000000,1973.99000000,50023.81550000,1774825199999,98276952.89570500,382849,25156.08630000,49403869.32819800
1774825200000,2026-03-29 23:00:00,1973.99000000,1994.67000000,1973.63000000,1984.64000000,23202.27150000,1774828799999,46039507.80789100,308150,13680.22870000,27142658.05825400
1774828800000,2026-03-30 00:00:00,1984.65000000,2023.73000000,1980.28000000,1997.25000000,27492.05630000,1774832399999,55115073.65491400,360522,15434.76830000,30947299.06919300
1774832400000,2026-03-30 01:00:00,1997.27000000,2016.33000000,1997.19000000,2010.43000000,9665.34390000,1774835999999,19402810.47134600,165557,5732.16680000,11506464.28724000
1774836000000,2026-03-30 02:00:00,2010.44000000,2043.50000000,2007.53000000,2029.93000000,23530.75280000,1774839599999,47711825.23269600,216458,13900.50850000,28187152.39070500
1774839600000,2026-03-30 03:00:00,2029.93000000,2042.07000000,2027.50000000,2035.88000000,9341.43320000,1774843199999,19001321.77735800,135588,5326.91470000,10834437.41751200
1774843200000,2026-03-30 04:00:00,2035.88000000,2053.00000000,2035.88000000,2048.39000000,12455.19140000,1774846799999,25484509.47741100,139378,7339.54680000,15018216.94552800
1774846800000,2026-03-30 05:00:00,2048.39000000,2058.96000000,2045.14000000,2047.84000000,16018.93970000,1774850399999,32884003.79925400,132660,7224.04090000,14833877.53162400
1774850400000,2026-03-30 06:00:00,2047.84000000,2052.00000000,2041.19000000,2042.46000000,8504.23010000,1774853999999,17403235.17903400,97366,3794.08250000,7764858.70072700
1774854000000,2026-03-30 07:00:00,2042.46000000,2068.28000000,2041.54000000,2059.58000000,15282.55220000,1774857599999,31409428.05447200,102512,8432.78790000,17336837.72493200
1774857600000,2026-03-30 08:00:00,2059.58000000,2075.00000000,2058.15000000,2062.33000000,16805.79390000,1774861199999,34695210.07647000,147125,9256.40960000,19109453.02329200
1774861200000,2026-03-30 09:00:00,2062.32000000,2063.13000000,2053.87000000,2055.16000000,7642.11110000,1774864799999,15726271.05312300,83500,3026.32010000,6227812.66817500
1774864800000,2026-03-30 10:00:00,2055.16000000,2058.30000000,2048.14000000,2057.78000000,6886.66890000,1774868399999,14144130.03994400,81869,3732.84270000,7667484.59402700
1774868400000,2026-03-30 11:00:00,2057.78000000,2081.65000000,2057.78000000,2071.28000000,19292.89480000,1774871999999,39927725.09836600,198605,10067.27580000,20837614.41630600
1774872000000,2026-03-30 12:00:00,2071.29000000,2078.89000000,2069.07000000,2074.54000000,8194.51250000,1774875599999,16992803.95902400,129190,4244.06870000,8802070.14839600
1774875600000,2026-03-30 13:00:00,2074.54000000,2085.00000000,2058.17000000,2060.92000000,19118.94690000,1774879199999,39622026.84086200,231610,9665.02190000,20045090.14207600
1774879200000,2026-03-30 14:00:00,2060.93000000,2076.16000000,2044.25000000,2071.64000000,27666.57520000,1774882799999,56933553.03608300,321265,13634.41510000,28083001.64311200
1774882800000,2026-03-30 15:00:00,2071.65000000,2079.92000000,2061.91000000,2074.53000000,15215.14760000,1774886399999,31527560.19120900,214662,6827.12530000,14147591.43360600
1774886400000,2026-03-30 16:00:00,2074.53000000,2074.99000000,2058.95000000,2066.18000000,10790.13790000,1774889999999,22289102.37965500,149549,4569.45300000,9437142.85324500
1774890000000,2026-03-30 17:00:00,2066.18000000,2072.18000000,2032.00000000,2041.80000000,21395.35070000,1774893599999,43805713.58356400,218391,10062.66670000,20588382.57054800
1774893600000,2026-03-30 18:00:00,2041.79000000,2044.11000000,2028.04000000,2032.61000000,13461.82630000,1774897199999,27408091.01892800,137474,6898.32370000,14046977.53435200
1774897200000,2026-03-30 19:00:00,2032.60000000,2032.65000000,2013.33000000,2023.70000000,14591.09160000,1774900799999,29477652.12524400,191046,6876.56660000,13893581.54810100
1774900800000,2026-03-30 20:00:00,2023.70000000,2027.78000000,2021.14000000,2023.20000000,5851.31630000,1774904399999,11844378.87918700,76438,2820.52500000,5709500.41616300
1774904400000,2026-03-30 21:00:00,2023.19000000,2049.10000000,2021.16000000,2036.00000000,14400.40680000,1774907999999,29360925.56119700,141542,8044.55090000,16398507.55941100
1774908000000,2026-03-30 22:00:00,2036.00000000,2044.22000000,2029.51000000,2033.08000000,5673.41190000,1774911599999,11551137.49817800,92601,3056.80900000,6225274.87608000
1774911600000,2026-03-30 23:00:00,2033.07000000,2033.07000000,2013.92000000,2026.48000000,9027.74240000,1774915199999,18247876.09493800,121638,4095.02060000,8275612.79645800
1774915200000,2026-03-31 00:00:00,2026.48000000,2041.04000000,2016.29000000,2036.65000000,11575.79930000,1774918799999,23482885.31401700,196944,7529.47340000,15277508.41485200
1774918800000,2026-03-31 01:00:00,2036.65000000,2092.34000000,2032.27000000,2073.00000000,37952.00650000,1774922399999,78602950.73977000,362343,22168.60090000,45893876.22797300
1774922400000,2026-03-31 02:00:00,2072.99000000,2082.92000000,2067.25000000,2073.09000000,9808.77040000,1774925999999,20361980.69631400,138929,5046.65920000,10478140.31424200
1774926000000,2026-03-31 03:00:00,2073.08000000,2076.61000000,2061.87000000,2066.71000000,7165.56400000,1774929599999,14819465.24421700,96066,3747.21220000,7749784.49242500
1774929600000,2026-03-31 04:00:00,2066.71000000,2072.24000000,2057.06000000,2060.87000000,9767.58650000,1774933199999,20153779.80907900,96506,3990.18220000,8236654.08874800
1774933200000,2026-03-31 05:00:00,2060.87000000,2069.00000000,2054.77000000,2064.31000000,6966.46140000,1774936799999,14368797.81773100,94904,3269.02570000,6744313.19141000
1774936800000,2026-03-31 06:00:00,2064.32000000,2064.95000000,2055.20000000,2062.33000000,7104.48970000,1774940399999,14629771.49019600,87385,2729.54180000,5621330.21450700
1774940400000,2026-03-31 07:00:00,2062.33000000,2062.91000000,2042.31000000,2055.97000000,11011.04420000,1774943999999,22594079.17504300,115406,5349.28490000,10975325.14289000
1774944000000,2026-03-31 08:00:00,2055.98000000,2059.20000000,2036.03000000,2040.10000000,10274.34560000,1774947599999,21035383.84283100,143958,4554.04180000,9326214.11368700
1774947600000,2026-03-31 09:00:00,2040.11000000,2044.50000000,2012.64000000,2018.37000000,22808.23730000,1774951199999,46276966.25873300,236678,8107.05050000,16453743.14312000
1774951200000,2026-03-31 10:00:00,2018.37000000,2030.28000000,2017.18000000,2026.50000000,9753.18300000,1774954799999,19748344.29745200,132519,5252.73180000,10634881.02922900
1774954800000,2026-03-31 11:00:00,2026.50000000,2044.51000000,2023.00000000,2041.20000000,19943.77180000,1774958399999,40600401.52928000,210146,10663.06400000,21705287.38612900
1774958400000,2026-03-31 12:00:00,2041.21000000,2057.92000000,2035.02000000,2047.78000000,15267.35660000,1774961999999,31251515.72526300,204655,7534.50680000,15424989.61844700
1774962000000,2026-03-31 13:00:00,2047.78000000,2079.88000000,2047.78000000,2075.37000000,20810.59270000,1774965599999,42992371.58861800,280184,10253.02850000,21182725.07441500
1774965600000,2026-03-31 14:00:00,2075.37000000,2092.00000000,2037.58000000,2045.94000000,38453.85250000,1774969199999,79645054.39824300,408768,17548.06700000,36382532.72593000
1774969200000,2026-03-31 15:00:00,2045.94000000,2077.81000000,2045.65000000,2054.85000000,21417.64640000,1774972799999,44199536.08119300,361546,11718.87310000,24181850.73923600
1774972800000,2026-03-31 16:00:00,2054.85000000,2108.52000000,2054.29000000,2091.70000000,46551.38320000,1774976399999,97296224.17410400,517370,26794.29510000,55993710.22832500
1774976400000,2026-03-31 17:00:00,2091.70000000,2124.03000000,2088.88000000,2093.36000000,50852.97730000,1774979999999,106994069.36920500,485235,26379.48020000,55495833.42215500
1774980000000,2026-03-31 18:00:00,2093.35000000,2115.14000000,2093.35000000,2099.89000000,18730.76120000,1774983599999,39388143.78313900,222251,11561.60280000,24308703.68685300
1774983600000,2026-03-31 19:00:00,2099.88000000,2104.00000000,2092.23000000,2096.54000000,9937.14310000,1774987199999,20851940.96608300,168086,5066.68310000,10631916.74219900
1774987200000,2026-03-31 20:00:00,2096.54000000,2111.01000000,2096.32000000,2107.66000000,9394.93890000,1774990799999,19767069.91702400,117959,5753.55970000,12104263.25515900
1774990800000,2026-03-31 21:00:00,2107.66000000,2109.03000000,2093.12000000,2102.63000000,9418.00370000,1774994399999,19781528.59187900,111062,4701.06190000,9874115.10587600
1774994400000,2026-03-31 22:00:00,2102.64000000,2104.27000000,2088.35000000,2096.51000000,8199.16510000,1774997999999,17187865.58730100,108483,3369.08280000,7063800.30922600
1774998000000,2026-03-31 23:00:00,2096.52000000,2108.66000000,2093.21000000,2105.43000000,8732.82190000,1775001599999,18357093.80947900,116413,5292.01920000,11125035.45993800
1775001600000,2026-04-01 00:00:00,2105.43000000,2117.79000000,2096.89000000,2114.72000000,11320.47240000,1775005199999,23840909.02935900,164239,6254.91410000,13179309.12464500
1775005200000,2026-04-01 01:00:00,2114.73000000,2115.83000000,2091.40000000,2092.95000000,10566.25320000,1775008799999,22192840.15954400,144415,4444.07130000,9333640.87473800
1775008800000,2026-04-01 02:00:00,2092.94000000,2096.38000000,2082.08000000,2088.45000000,8502.67790000,1775012399999,17762705.78311200,130361,3759.56840000,7854513.51349200
1775012400000,2026-04-01 03:00:00,2088.46000000,2106.88000000,2088.46000000,2102.91000000,7586.59480000,1775015999999,15931448.53589600,121178,4562.91540000,9581230.70152000
1775016000000,2026-04-01 04:00:00,2102.91000000,2116.46000000,2100.35000000,2111.26000000,7709.76950000,1775019599999,16253173.02086800,110460,4041.59670000,8523039.49918900
1775019600000,2026-04-01 05:00:00,2111.26000000,2137.35000000,2106.42000000,2122.67000000,20075.22300000,1775023199999,42661012.32189300,190392,10957.32500000,23288476.38185300
1775023200000,2026-04-01 06:00:00,2122.67000000,2156.23000000,2122.57000000,2151.23000000,30648.66700000,1775026799999,65686367.78313200,270703,18314.88830000,39241803.67051600
1775026800000,2026-04-01 07:00:00,2151.24000000,2158.00000000,2130.20000000,2131.00000000,19745.36230000,1775030399999,42312397.55663500,167761,6455.59290000,13836106.14411900
1775030400000,2026-04-01 08:00:00,2131.00000000,2142.93000000,2125.00000000,2136.96000000,18385.76830000,1775033999999,39244135.28202300,157415,8293.34910000,17702059.07594400
1775034000000,2026-04-01 09:00:00,2136.95000000,2140.46000000,2128.12000000,2136.39000000,13657.71920000,1775037599999,29140787.53406200,139374,5234.91300000,11170675.97733000
1775037600000,2026-04-01 10:00:00,2136.40000000,2137.93000000,2126.28000000,2132.65000000,7710.01820000,1775041199999,16437939.23433900,106588,3304.79680000,7046344.26696400
1775041200000,2026-04-01 11:00:00,2132.64000000,2139.37000000,2130.71000000,2135.32000000,6480.74670000,1775044799999,13837330.42404600,95777,3451.58240000,7369947.14777200
1775044800000,2026-04-01 12:00:00,2135.32000000,2152.00000000,2121.95000000,2130.82000000,21417.46130000,1775048399999,45706196.25421400,219125,10793.26520000,23039590.09190800
1775048400000,2026-04-01 13:00:00,2130.82000000,2135.31000000,2108.72000000,2119.28000000,28757.32990000,1775051999999,60994525.75556000,373085,14754.71660000,31290754.57889200
1775052000000,2026-04-01 14:00:00,2119.27000000,2130.60000000,2114.05000000,2126.81000000,16662.65820000,1775055599999,35352824.80878100,300840,8052.41950000,17084729.14608200
1775055600000,2026-04-01 15:00:00,2126.82000000,2137.72000000,2122.20000000,2135.04000000,10423.56360000,1775059199999,22212264.56521100,179540,5031.61570000,10724073.10307200
1775059200000,2026-04-01 16:00:00,2135.04000000,2152.51000000,2125.00000000,2146.09000000,19652.13300000,1775062799999,42062669.34595800,209404,11230.16120000,24048264.11523300
1775062800000,2026-04-01 17:00:00,2146.10000000,2167.85000000,2133.96000000,2137.21000000,28614.94980000,1775066399999,61541880.92965500,271440,13583.02000000,29229366.59315300
1775066400000,2026-04-01 18:00:00,2137.21000000,2137.87000000,2123.58000000,2129.23000000,14904.40130000,1775069999999,31743278.52023000,207333,8495.48480000,18095340.25878500
1775070000000,2026-04-01 19:00:00,2129.23000000,2145.48000000,2128.00000000,2141.43000000,11467.58250000,1775073599999,24520807.79271700,136244,7184.34140000,15365837.89700000
1775073600000,2026-04-01 20:00:00,2141.43000000,2147.67000000,2130.70000000,2143.92000000,8588.37050000,1775077199999,18364370.41180800,98807,4364.79810000,9334806.01934700
1775077200000,2026-04-01 21:00:00,2143.92000000,2165.42000000,2143.32000000,2156.89000000,33515.88500000,1775080799999,72249250.64004600,156532,20634.02160000,44482425.45770200
1775080800000,2026-04-01 22:00:00,2156.89000000,2158.80000000,2137.40000000,2139.95000000,36336.01720000,1775084399999,78053978.10170500,168299,17363.48430000,37294702.91691300
1775084400000,2026-04-01 23:00:00,2139.96000000,2146.00000000,2135.50000000,2140.35000000,6497.75310000,1775087999999,13914166.08797700,92221,3158.26960000,6763806.15639000
1775088000000,2026-04-02 00:00:00,2140.35000000,2159.37000000,2136.09000000,2156.14000000,12242.36500000,1775091599999,26283941.02422400,176659,6028.51660000,12946313.97501600
1775091600000,2026-04-02 01:00:00,2156.14000000,2156.15000000,2090.00000000,2100.03000000,50106.95330000,1775095199999,106194671.32258500,695321,22283.55530000,47232307.18411400
1775095200000,2026-04-02 02:00:00,2100.02000000,2100.02000000,2065.00000000,2073.89000000,25331.82900000,1775098799999,52720890.61017900,295061,12125.60290000,25229561.95067500
1775098800000,2026-04-02 03:00:00,2073.90000000,2076.67000000,2046.48000000,2056.33000000,21103.37200000,1775102399999,43490303.44004800,191641,8654.34310000,17841252.24261600
1775102400000,2026-04-02 04:00:00,2056.33000000,2058.45000000,2041.77000000,2044.56000000,12765.22090000,1775105999999,26157675.66343400,159720,4577.17700000,9383412.64935800
1775106000000,2026-04-02 05:00:00,2044.57000000,2051.38000000,2038.63000000,2050.21000000,11421.89620000,1775109599999,23367301.54784300,136585,5485.97700000,11226608.44191200
1775109600000,2026-04-02 06:00:00,2050.21000000,2053.71000000,2045.56000000,2050.09000000,11368.96200000,1775113199999,23296574.46442100,121993,4309.44600000,8831214.25546600
1775113200000,2026-04-02 07:00:00,2050.09000000,2056.76000000,2044.29000000,2056.09000000,10318.06670000,1775116799999,21171650.84445200,113634,5540.24570000,11368405.33539700
1775116800000,2026-04-02 08:00:00,2056.09000000,2056.09000000,2045.36000000,2046.29000000,7587.72130000,1775120399999,15552530.39416300,87746,3666.05490000,7514822.21228700
1775120400000,2026-04-02 09:00:00,2046.30000000,2048.14000000,2039.27000000,2044.00000000,9339.01910000,1775123999999,19095362.82664800,111110,4949.62050000,10122960.85366800
1775124000000,2026-04-02 10:00:00,2044.00000000,2045.05000000,2032.54000000,2038.79000000,9437.27180000,1775127599999,19227048.21156100,108752,3896.59100000,7939698.51797500
1775127600000,2026-04-02 11:00:00,2038.80000000,2040.28000000,2024.73000000,2033.01000000,8412.95950000,1775131199999,17108489.41727900,116725,3892.15960000,7917481.05953900
1775131200000,2026-04-02 12:00:00,2033.02000000,2034.03000000,2024.42000000,2026.98000000,11287.82090000,1775134799999,22911754.00214800,160200,5597.62760000,11363860.64103500
1775134800000,2026-04-02 13:00:00,2026.98000000,2041.02000000,2017.04000000,2038.81000000,21851.06010000,1775138399999,44271732.10733500,342420,11724.06150000,23764311.77663700
1775138400000,2026-04-02 14:00:00,2038.81000000,2072.22000000,2032.99000000,2063.82000000,38683.36190000,1775141999999,79355220.04922500,499568,19348.98170000,39720956.76221400
1775142000000,2026-04-02 15:00:00,2063.82000000,2067.89000000,2048.60000000,2059.60000000,16999.30520000,1775145599999,34991570.41365100,254074,7460.11220000,15357673.69457200
1775145600000,2026-04-02 16:00:00,2059.59000000,2077.64000000,2052.52000000,2063.31000000,19595.73820000,1775149199999,40382429.35735900,200832,7997.84790000,16494151.47272300
1775149200000,2026-04-02 17:00:00,2063.32000000,2072.00000000,2044.50000000,2047.23000000,11148.01910000,1775152799999,22957159.02992600,152334,4946.92900000,10194520.75222200
1775152800000,2026-04-02 18:00:00,2047.22000000,2063.00000000,2043.65000000,2058.32000000,8327.31950000,1775156399999,17086416.58428100,114524,4580.55400000,9399922.62499100
1775156400000,2026-04-02 19:00:00,2058.33000000,2066.66000000,2054.97000000,2065.34000000,5853.87400000,1775159999999,12062490.14842700,105182,3396.24130000,6998964.96434900
1775160000000,2026-04-02 20:00:00,2065.35000000,2074.16000000,2061.06000000,2068.19000000,7110.08450000,1775163599999,14708881.55468700,85820,3965.16810000,8203308.06630200
1775163600000,2026-04-02 21:00:00,2068.20000000,2070.46000000,2056.11000000,2062.98000000,6195.64460000,1775167199999,12771769.50751100,76451,2370.52530000,4885929.64696200
1775167200000,2026-04-02 22:00:00,2062.99000000,2064.94000000,2053.54000000,2060.03000000,5345.38700000,1775170799999,11013542.09841600,84087,2208.37010000,4550373.92726700
1775170800000,2026-04-02 23:00:00,2060.04000000,2061.89000000,2054.00000000,2057.17000000,5039.58050000,1775174399999,10369120.04594100,72484,2141.16190000,4405722.57583500
1775174400000,2026-04-03 00:00:00,2057.18000000,2059.63000000,2050.04000000,2053.01000000,3658.55800000,1775177999999,7518810.53203900,74026,1268.89070000,2607786.64592700
1775178000000,2026-04-03 01:00:00,2053.01000000,2062.49000000,2045.40000000,2050.61000000,5957.67940000,1775181599999,12229383.89884900,95219,2498.61060000,5131234.13103500
1775181600000,2026-04-03 02:00:00,2050.61000000,2059.73000000,2040.66000000,2052.48000000,13641.76470000,1775185199999,27935992.58898400,135694,7533.04210000,15426729.49653200
1775185200000,2026-04-03 03:00:00,2052.47000000,2057.22000000,2050.08000000,2054.23000000,4604.57880000,1775188799999,9457790.68558800,68115,1870.85620000,3842697.45873900
1775188800000,2026-04-03 04:00:00,2054.22000000,2057.80000000,2048.89000000,2054.53000000,3535.10920000,1775192399999,7258898.64046800,70260,1877.91600000,3856295.48905200
1775192400000,2026-04-03 05:00:00,2054.52000000,2064.58000000,2047.35000000,2057.12000000,6946.45330000,1775195999999,14294721.22961900,81582,3740.46830000,7698342.76246600
1775196000000,2026-04-03 06:00:00,2057.12000000,2066.61000000,2054.98000000,2063.66000000,6719.28570000,1775199599999,13848764.67788500,92456,3541.44090000,7299101.71231900
1775199600000,2026-04-03 07:00:00,2063.66000000,2075.17000000,2062.20000000,2065.85000000,7270.40930000,1775203199999,15030719.34908100,90198,3272.30710000,6766219.41488600
1775203200000,2026-04-03 08:00:00,2065.84000000,2072.00000000,2058.89000000,2060.96000000,9649.38930000,1775206799999,19916787.87955300,71578,3789.34430000,7824323.01393900
1775206800000,2026-04-03 09:00:00,2060.97000000,2064.06000000,2057.03000000,2061.35000000,4821.55710000,1775210399999,9937358.87174600,55372,3101.79150000,6393603.85995400
1775210400000,2026-04-03 10:00:00,2061.35000000,2061.35000000,2053.46000000,2059.90000000,4051.99020000,1775213999999,8338876.42862600,62571,1871.19800000,3850818.12315500
1775214000000,2026-04-03 11:00:00,2059.91000000,2064.76000000,2057.94000000,2062.64000000,2874.69160000,1775217599999,5925863.75962900,52064,1507.05240000,3106754.94200000
1775217600000,2026-04-03 12:00:00,2062.64000000,2081.76000000,2045.08000000,2049.84000000,15335.52970000,1775221199999,31611188.69301600,171652,7919.78180000,16328819.42701900
1775221200000,2026-04-03 13:00:00,2049.85000000,2051.18000000,2041.65000000,2048.17000000,7950.33940000,1775224799999,16270978.10281700,114932,3316.10300000,6787773.90683300
1775224800000,2026-04-03 14:00:00,2048.17000000,2057.12000000,2045.32000000,2054.59000000,6038.13700000,1775228399999,12387305.41772500,92271,3102.44430000,6365590.89647600
1775228400000,2026-04-03 15:00:00,2054.59000000,2057.77000000,2049.34000000,2051.26000000,5407.96890000,1775231999999,11101379.61171800,64648,3058.59670000,6278514.20548400
1775232000000,2026-04-03 16:00:00,2051.26000000,2056.54000000,2049.84000000,2054.70000000,4063.95950000,1775235599999,8347064.55710000,61441,2086.68300000,4286038.19922900
1775235600000,2026-04-03 17:00:00,2054.70000000,2055.40000000,2043.78000000,2050.36000000,4212.25810000,1775239199999,8631469.50626700,57289,1886.16810000,3865496.17974900
1775239200000,2026-04-03 18:00:00,2050.36000000,2053.34000000,2048.06000000,2049.26000000,1876.58410000,1775242799999,3848121.53610300,38201,957.63510000,1963758.91552800
1775242800000,2026-04-03 19:00:00,2049.26000000,2054.11000000,2045.21000000,2052.68000000,2549.04120000,1775246399999,5225847.28512300,36058,1247.77920000,2558472.46628700
1775246400000,2026-04-03 20:00:00,2052.69000000,2055.00000000,2052.00000000,2052.75000000,2868.28060000,1775249999999,5889462.05534900,30144,1301.54340000,2672511.43075200
1775250000000,2026-04-03 21:00:00,2052.75000000,2060.92000000,2052.67000000,2058.42000000,4888.68920000,1775253599999,10057980.17513600,46890,2278.48040000,4688480.29707300
1775253600000,2026-04-03 22:00:00,2058.41000000,2059.72000000,2049.58000000,2051.79000000,3624.05700000,1775257199999,7443718.04114800,51218,932.92690000,1916374.80961700
1775257200000,2026-04-03 23:00:00,2051.80000000,2054.10000000,2049.23000000,2053.83000000,3720.32800000,1775260799999,7632078.58927200,27716,888.74160000,1823301.46827900
1775260800000,2026-04-04 00:00:00,2053.83000000,2053.86000000,2051.50000000,2052.26000000,1675.19230000,1775264399999,3438422.77170200,43338,842.45940000,1729176.88521500
1775264400000,2026-04-04 01:00:00,2052.26000000,2053.80000000,2049.57000000,2051.27000000,1681.62410000,1775267999999,3449199.90162600,39170,848.97450000,1741267.37669800
1775268000000,2026-04-04 02:00:00,2051.27000000,2053.30000000,2047.92000000,2050.13000000,2584.52020000,1775271599999,5297742.65736300,41700,1386.26400000,2841866.03945100
1775271600000,2026-04-04 03:00:00,2050.13000000,2052.08000000,2049.77000000,2050.05000000,1091.46060000,1775275199999,2238413.45940000,39371,515.23310000,1056640.15898600
1775275200000,2026-04-04 04:00:00,2050.05000000,2051.62000000,2048.41000000,2051.21000000,1310.63560000,1775278799999,2686997.61703200,40357,703.89470000,1443210.31770200
1775278800000,2026-04-04 05:00:00,2051.21000000,2054.89000000,2050.38000000,2053.79000000,1818.13010000,1775282399999,3731974.28615000,42676,1040.72310000,2136071.61002300
1775282400000,2026-04-04 06:00:00,2053.79000000,2058.00000000,2052.81000000,2056.46000000,3204.66630000,1775285999999,6585862.24076000,48028,1774.70490000,3647176.79474500
1775286000000,2026-04-04 07:00:00,2056.46000000,2057.37000000,2051.60000000,2053.82000000,2841.94820000,1775289599999,5837006.67341300,39450,1215.23520000,2496097.51697100
1775289600000,2026-04-04 08:00:00,2053.82000000,2055.44000000,2049.84000000,2050.57000000,2363.45390000,1775293199999,4851551.23416300,40878,1324.14220000,2718148.37526600
1775293200000,2026-04-04 09:00:00,2050.57000000,2051.90000000,2049.42000000,2050.43000000,2862.97010000,1775296799999,5870346.02080500,33739,1445.36610000,2963480.95896300
1775296800000,2026-04-04 10:00:00,2050.43000000,2054.92000000,2047.89000000,2054.32000000,3612.05800000,1775300399999,7409646.75267100,54576,1511.12500000,3100291.39470300
1775300400000,2026-04-04 11:00:00,2054.32000000,2055.03000000,2051.30000000,2051.84000000,2783.26120000,1775303999999,5712673.27804300,38096,922.59930000,1893737.71062500
1775304000000,2026-04-04 12:00:00,2051.84000000,2053.17000000,2048.26000000,2050.15000000,2573.99120000,1775307599999,5277942.03256400,54569,1119.55820000,2295629.55301000
1775307600000,2026-04-04 13:00:00,2050.15000000,2055.00000000,2050.00000000,2053.59000000,6453.81020000,1775311199999,13238600.48415800,51442,2383.81660000,4889894.55117300
1775311200000,2026-04-04 14:00:00,2053.58000000,2054.68000000,2044.63000000,2053.10000000,4750.00240000,1775314799999,9739354.37316900,51555,1695.53340000,3476065.69413700
1775314800000,2026-04-04 15:00:00,2053.10000000,2062.02000000,2052.35000000,2056.29000000,7667.36070000,1775318399999,15767634.53627000,104389,4321.98360000,8888671.09167400
1775318400000,2026-04-04 16:00:00,2056.29000000,2062.10000000,2053.38000000,2055.75000000,4189.81730000,1775321999999,8622260.40902300,64480,2142.57880000,4409168.44567000
1775322000000,2026-04-04 17:00:00,2055.75000000,2058.29000000,2053.07000000,2056.98000000,2934.07250000,1775325599999,6031499.97048700,44354,1400.70310000,2879521.01266100
1775325600000,2026-04-04 18:00:00,2056.98000000,2058.34000000,2055.01000000,2055.15000000,1692.27540000,1775329199999,3481120.90134300,31966,862.82190000,1774981.94494500
1775329200000,2026-04-04 19:00:00,2055.15000000,2084.00000000,2055.14000000,2064.71000000,16701.05270000,1775332799999,34589514.17949900,151834,9360.74380000,19383884.14509600
1775332800000,2026-04-04 20:00:00,2064.71000000,2064.89000000,2059.60000000,2062.81000000,3522.60880000,1775336399999,7265988.61804900,42464,1943.57870000,4009161.46117100
1775336400000,2026-04-04 21:00:00,2062.80000000,2071.75000000,2062.63000000,2068.83000000,3423.69330000,1775339999999,7077492.35493700,44129,2042.94740000,4223039.36394900
1775340000000,2026-04-04 22:00:00,2068.84000000,2072.15000000,2067.99000000,2069.14000000,2168.20040000,1775343599999,4488105.43753000,62858,953.52650000,1973757.43237300
1775343600000,2026-04-04 23:00:00,2069.14000000,2069.24000000,2062.64000000,2065.52000000,2597.63510000,1775347199999,5364983.80662700,40603,1031.14380000,2129490.97445500
1775347200000,2026-04-05 00:00:00,2065.51000000,2065.63000000,2060.33000000,2062.10000000,1941.35680000,1775350799999,4005855.18955000,37336,982.92830000,2028440.22423100
1775350800000,2026-04-05 01:00:00,2062.10000000,2062.46000000,2057.17000000,2057.37000000,2413.27580000,1775354399999,4969056.12677700,40358,851.62030000,1753435.77682500
1775354400000,2026-04-05 02:00:00,2057.37000000,2059.91000000,2054.15000000,2059.86000000,2686.18000000,1775357999999,5525838.68392700,45716,1192.10690000,2452687.15459900
1775358000000,2026-04-05 03:00:00,2059.86000000,2060.55000000,2055.37000000,2056.64000000,1326.44160000,1775361599999,2729840.53774200,29796,679.44820000,1398436.34218000
1775361600000,2026-04-05 04:00:00,2056.64000000,2058.09000000,2054.11000000,2055.16000000,1157.13560000,1775365199999,2378837.76911200,31931,638.02250000,1311567.45145400
1775365200000,2026-04-05 05:00:00,2055.16000000,2056.83000000,2047.21000000,2048.60000000,4342.69950000,1775368799999,8913605.48025300,53409,1079.62330000,2215310.12752000
1775368800000,2026-04-05 06:00:00,2048.60000000,2048.93000000,2027.75000000,2038.32000000,11035.04620000,1775372399999,22473599.02336600,141822,4897.29130000,9971789.48968100
1775372400000,2026-04-05 07:00:00,2038.32000000,2042.59000000,2034.48000000,2037.29000000,3661.49890000,1775375999999,7464024.76938800,70019,1796.23050000,3661794.12299300
1775376000000,2026-04-05 08:00:00,2037.29000000,2039.94000000,2035.91000000,2039.16000000,1960.87700000,1775379599999,3996523.92979700,41167,965.11990000,1967033.65189300
1775379600000,2026-04-05 09:00:00,2039.17000000,2046.00000000,2038.87000000,2044.42000000,2359.04320000,1775383199999,4819571.14327600,54604,1193.55370000,2438216.32196600
1775383200000,2026-04-05 10:00:00,2044.41000000,2052.53000000,2042.44000000,2044.74000000,3003.58780000,1775386799999,6148229.16498200,60114,1761.66670000,3606643.07579600
1775386800000,2026-04-05 11:00:00,2044.74000000,2045.83000000,2040.52000000,2042.32000000,1592.54270000,1775390399999,3253724.76791600,46471,641.72130000,1311114.42553900
1775390400000,2026-04-05 12:00:00,2042.31000000,2042.31000000,2021.50000000,2028.36000000,9845.98310000,1775393999999,19985868.41731800,140798,3758.18750000,7625239.52223700
1775394000000,2026-04-05 13:00:00,2028.37000000,2037.75000000,2025.71000000,2036.63000000,4872.83930000,1775397599999,9894746.64826100,103984,2925.02720000,5940318.08790300
1775397600000,2026-04-05 14:00:00,2036.63000000,2043.32000000,2035.19000000,2038.49000000,5390.77830000,1775401199999,10997034.33889100,85371,3570.20960000,7283934.87905700
1775401200000,2026-04-05 15:00:00,2038.49000000,2069.89000000,2034.58000000,2053.85000000,17245.05400000,1775404799999,35450373.72860500,246370,9237.71080000,18987072.76832400
1775404800000,2026-04-05 16:00:00,2053.85000000,2059.30000000,2050.29000000,2052.15000000,4008.31590000,1775408399999,8237494.71540300,109051,1910.46660000,3926436.78588700
1775408400000,2026-04-05 17:00:00,2052.15000000,2062.54000000,2048.69000000,2062.53000000,7871.23740000,1775411999999,16200195.47754100,107626,3199.55020000,6583290.62238700
1775412000000,2026-04-05 18:00:00,2062.54000000,2066.60000000,2057.10000000,2062.99000000,4214.35470000,1775415599999,8691616.70557300,91650,2721.46970000,5613693.70896000
1775415600000,2026-04-05 19:00:00,2062.99000000,2069.95000000,2058.25000000,2062.37000000,5296.46340000,1775419199999,10930634.89022000,93030,3370.43450000,6955936.75884700
1775419200000,2026-04-05 20:00:00,2062.38000000,2075.11000000,2062.00000000,2068.91000000,6169.08520000,1775422799999,12762159.02639200,96663,4073.67060000,8427405.66247300
1775422800000,2026-04-05 21:00:00,2068.90000000,2069.12000000,2056.73000000,2060.01000000,6449.90690000,1775426399999,13296427.36036300,78689,1771.48930000,3653195.44331900
1775426400000,2026-04-05 22:00:00,2060.01000000,2088.00000000,2050.00000000,2085.79000000,16148.68820000,1775429999999,33413307.71399500,302045,9023.33780000,18685989.89686300
1775430000000,2026-04-05 23:00:00,2085.78000000,2123.49000000,2082.35000000,2110.17000000,32360.92840000,1775433599999,68188858.70369800,396845,16122.61070000,33955833.24414500
1775433600000,2026-04-06 00:00:00,2110.17000000,2135.39000000,2110.17000000,2121.99000000,21652.17800000,1775437199999,45980315.09748300,331825,11275.52210000,23944588.61015700
1775437200000,2026-04-06 01:00:00,2122.00000000,2124.53000000,2112.48000000,2115.12000000,12502.56810000,1775440799999,26475536.70588600,193015,5702.34930000,12074379.33502600
1775440800000,2026-04-06 02:00:00,2115.11000000,2147.24000000,2114.59000000,2133.59000000,22030.86130000,1775444399999,47021384.59897700,298084,12579.79660000,26844330.96998800
1775444400000,2026-04-06 03:00:00,2133.59000000,2137.27000000,2126.59000000,2129.35000000,9676.80700000,1775447999999,20637344.08293900,170178,4852.81850000,10350594.48418800
1775448000000,2026-04-06 04:00:00,2129.35000000,2134.77000000,2125.12000000,2131.06000000,9092.35700000,1775451599999,19365738.70395100,121794,4899.29970000,10437501.33451500
1775451600000,2026-04-06 05:00:00,2131.06000000,2134.62000000,2128.42000000,2131.29000000,5374.91360000,1775455199999,11453757.70145600,99712,2596.14630000,5532152.41021900
1775455200000,2026-04-06 06:00:00,2131.29000000,2139.00000000,2120.04000000,2127.53000000,13310.85250000,1775458799999,28332750.02071400,202779,7334.97200000,15613377.29042100
1775458800000,2026-04-06 07:00:00,2127.53000000,2141.00000000,2122.83000000,2134.90000000,12354.03520000,1775462399999,26344473.85951000,143968,7254.91830000,15472362.08019100
1775462400000,2026-04-06 08:00:00,2134.91000000,2147.95000000,2133.42000000,2138.48000000,11262.78560000,1775465999999,24096392.25287900,160026,7185.96980000,15374945.16278800
1775466000000,2026-04-06 09:00:00,2138.48000000,2174.79000000,2138.47000000,2150.97000000,36268.14460000,1775469599999,78239846.83385900,356111,19908.82410000,42950171.58965300
1775469600000,2026-04-06 10:00:00,2150.97000000,2157.50000000,2149.36000000,2153.27000000,9506.30970000,1775473199999,20472806.64183500,167231,3874.17300000,8343726.25574300
1775473200000,2026-04-06 11:00:00,2153.27000000,2153.70000000,2146.61000000,2151.53000000,7937.84890000,1775476799999,17070720.07447000,124590,3261.96770000,7015582.78167200
1775476800000,2026-04-06 12:00:00,2151.53000000,2154.52000000,2142.31000000,2143.59000000,9671.60990000,1775480399999,20783508.58970900,138271,3851.41580000,8276938.65514100
1775480400000,2026-04-06 13:00:00,2143.59000000,2149.41000000,2137.91000000,2145.99000000,15191.19110000,1775483999999,32568243.36437100,317233,7830.41930000,16790573.61689800
1775484000000,2026-04-06 14:00:00,2146.00000000,2165.74000000,2137.76000000,2156.71000000,33151.51140000,1775487599999,71341317.30852000,500888,18778.61320000,40431126.65799500
1775487600000,2026-04-06 15:00:00,2156.72000000,2169.60000000,2155.50000000,2164.65000000,17897.00080000,1775491199999,38711623.57147300,352134,9223.08220000,19952119.59395600
1775491200000,2026-04-06 16:00:00,2164.65000000,2168.72000000,2140.45000000,2140.62000000,16868.23490000,1775494799999,36394164.01667800,273876,6008.42880000,12968568.05721300
1775494800000,2026-04-06 17:00:00,2140.62000000,2141.00000000,2123.60000000,2134.95000000,22223.35520000,1775498399999,47401963.97063200,317804,11027.55400000,23522467.54964900
1775498400000,2026-04-06 18:00:00,2134.96000000,2148.51000000,2131.60000000,2144.84000000,9169.63970000,1775501999999,19640399.83204200,194809,4464.48670000,9562805.18091800
1775502000000,2026-04-06 19:00:00,2144.84000000,2145.94000000,2135.94000000,2144.25000000,8437.46770000,1775505599999,18073927.84269900,131952,3279.58000000,7025732.37029900
1775505600000,2026-04-06 20:00:00,2144.25000000,2155.06000000,2140.45000000,2148.81000000,5786.15480000,1775509199999,12434910.71979100,110975,3094.61170000,6652807.31442100
1775509200000,2026-04-06 21:00:00,2148.80000000,2148.80000000,2137.73000000,2139.54000000,4290.07620000,1775512799999,9196160.76417100,74058,1650.80140000,3538795.43066300
1775512800000,2026-04-06 22:00:00,2139.54000000,2140.95000000,2105.41000000,2105.41000000,16021.25980000,1775516399999,34043294.92421500,205850,6608.83580000,14055599.96241700
1775516400000,2026-04-06 23:00:00,2105.41000000,2110.39000000,2087.50000000,2107.16000000,26377.12640000,1775519999999,55310656.19311300,343203,13869.92300000,29082415.53705100
1775520000000,2026-04-07 00:00:00,2107.16000000,2120.14000000,2105.63000000,2112.66000000,12222.89260000,1775523599999,25834245.43399400,239995,6423.37490000,13575535.54068900
1775523600000,2026-04-07 01:00:00,2112.66000000,2120.10000000,2097.30000000,2099.51000000,11345.21910000,1775527199999,23921769.02533300,239319,4330.43170000,9132447.68270700
1775527200000,2026-04-07 02:00:00,2099.51000000,2111.63000000,2093.64000000,2106.84000000,8048.49420000,1775530799999,16923836.15253100,177190,4149.05900000,8725197.08557900
1775530800000,2026-04-07 03:00:00,2106.84000000,2109.89000000,2103.77000000,2108.37000000,3191.62870000,1775534399999,6726257.15070600,93965,1714.25700000,3612600.14720500
1775534400000,2026-04-07 04:00:00,2108.37000000,2119.21000000,2103.68000000,2114.22000000,5021.83240000,1775537999999,10602496.04892600,118368,3228.97550000,6818540.37162800
1775538000000,2026-04-07 05:00:00,2114.23000000,2114.61000000,2103.73000000,2105.52000000,4524.17730000,1775541599999,9535954.01472600,79650,1994.10310000,4203303.70118400
1775541600000,2026-04-07 06:00:00,2105.53000000,2106.58000000,2096.69000000,2104.25000000,7241.37610000,1775545199999,15218688.63975800,83141,2506.63820000,5268201.32017400
1775545200000,2026-04-07 07:00:00,2104.26000000,2106.29000000,2098.90000000,2104.04000000,7285.99350000,1775548799999,15319196.14824500,67956,3794.32480000,7979850.63776900
1775548800000,2026-04-07 08:00:00,2104.03000000,2117.37000000,2103.29000000,2114.84000000,8502.54800000,1775552399999,17946160.55173300,106308,4655.61970000,9827003.02474100
1775552400000,2026-04-07 09:00:00,2114.85000000,2133.83000000,2114.13000000,2128.26000000,12479.30510000,1775555999999,26540065.83184500,127014,6957.41530000,14793314.88147200
1775556000000,2026-04-07 10:00:00,2128.26000000,2131.38000000,2085.79000000,2089.32000000,18999.82530000,1775559599999,39994399.78758700,230047,8145.73250000,17143550.60754900
1775559600000,2026-04-07 11:00:00,2089.31000000,2094.03000000,2082.35000000,2089.58000000,12699.79880000,1775563199999,26523397.09304500,135842,7280.94650000,15208526.34287700
1775563200000,2026-04-07 12:00:00,2089.58000000,2093.17000000,2074.09000000,2086.99000000,19553.83140000,1775566799999,40716761.07718400,204998,9457.28820000,19695391.68462300
1775566800000,2026-04-07 13:00:00,2086.99000000,2093.17000000,2074.50000000,2074.97000000,13582.91740000,1775570399999,28290549.93782600,233631,6265.38050000,13054366.84851600
1775570400000,2026-04-07 14:00:00,2074.98000000,2081.46000000,2060.24000000,2069.44000000,25857.80800000,1775573999999,53515903.06424200,298994,13291.42640000,27500116.27426200
1775574000000,2026-04-07 15:00:00,2069.44000000,2083.75000000,2064.76000000,2080.06000000,17554.40560000,1775577599999,36428257.49583000,196839,9814.99690000,20376173.33734600
1775577600000,2026-04-07 16:00:00,2080.07000000,2090.14000000,2077.52000000,2083.76000000,10529.98940000,1775581199999,21944294.16876400,159738,5276.74110000,10999556.24000600
1775581200000,2026-04-07 17:00:00,2083.75000000,2115.17000000,2079.80000000,2099.50000000,16296.70870000,1775584799999,34189516.08535100,173995,9030.88350000,18952308.97431100
1775584800000,2026-04-07 18:00:00,2099.49000000,2101.39000000,2082.43000000,2086.30000000,7595.35850000,1775588399999,15885099.70295300,110032,3220.85820000,6738847.79010500
1775588400000,2026-04-07 19:00:00,2086.29000000,2116.65000000,2084.04000000,2113.39000000,20780.07570000,1775591999999,43704591.09664500,278543,11954.48150000,25140606.62447900
1775592000000,2026-04-07 20:00:00,2113.39000000,2125.59000000,2110.68000000,2115.53000000,14390.75850000,1775595599999,30483334.50492200,161324,6248.67560000,13237990.28088500
1775595600000,2026-04-07 21:00:00,2115.52000000,2153.00000000,2115.52000000,2145.04000000,30017.52650000,1775599199999,64255277.16491000,257979,17893.30030000,38307570.40052700
1775599200000,2026-04-07 22:00:00,2145.05000000,2219.88000000,2145.05000000,2219.77000000,80299.78260000,1775602799999,175117815.76573600,622174,45224.77660000,98686820.10130500
1775602800000,2026-04-07 23:00:00,2219.78000000,2273.87000000,2215.73000000,2240.01000000,92072.55590000,1775606399999,206593340.83608300,792669,46393.29070000,104099695.63768600
1775606400000,2026-04-08 00:00:00,2240.01000000,2251.39000000,2228.24000000,2236.08000000,30356.80400000,1775609999999,67980780.61973300,294010,14977.88070000,33543494.53617700
1775610000000,2026-04-08 01:00:00,2236.09000000,2242.77000000,2230.45000000,2234.06000000,13860.13810000,1775613599999,30999427.49217300,148467,6446.20800000,14418953.90135100
1775613600000,2026-04-08 02:00:00,2234.07000000,2247.42000000,2230.76000000,2237.28000000,18487.90760000,1775617199999,41369616.92133400,155059,9039.36830000,20231463.32521500
1775617200000,2026-04-08 03:00:00,2237.28000000,2239.46000000,2232.00000000,2234.68000000,8578.47720000,1775620799999,19178261.63001200,72173,4174.53240000,9331777.72445900
1775620800000,2026-04-08 04:00:00,2234.68000000,2252.50000000,2234.68000000,2240.77000000,17282.87550000,1775624399999,38806251.32958600,129918,8592.09480000,19293561.01387500
1775624400000,2026-04-08 05:00:00,2240.76000000,2245.10000000,2238.30000000,2240.70000000,8255.30090000,1775627999999,18507686.52625000,95492,3564.87240000,7993298.97437000
1775628000000,2026-04-08 06:00:00,2240.70000000,2253.86000000,2235.49000000,2246.01000000,15941.32220000,1775631599999,35832936.07138000,107587,7228.20490000,16247548.15141300
1775631600000,2026-04-08 07:00:00,2246.01000000,2260.76000000,2244.63000000,2253.76000000,18276.51120000,1775635199999,41174955.22018200,117203,8366.65650000,18857228.83661700
1775635200000,2026-04-08 08:00:00,2253.76000000,2259.51000000,2250.44000000,2256.48000000,13992.25590000,1775638799999,31561608.66186700,131202,7720.78940000,17416507.37397300
1775638800000,2026-04-08 09:00:00,2256.47000000,2263.35000000,2245.99000000,2249.59000000,19365.39090000,1775642399999,43631133.73247000,115108,9356.88540000,21078629.85758700
1775642400000,2026-04-08 10:00:00,2249.59000000,2253.86000000,2242.39000000,2242.67000000,7002.82620000,1775645999999,15738361.68052600,98317,2165.85970000,4868702.15278700
1775646000000,2026-04-08 11:00:00,2242.66000000,2254.72000000,2237.12000000,2247.23000000,11966.13720000,1775649599999,26862274.66404000,120750,5766.10230000,12948647.11219000
1775649600000,2026-04-08 12:00:00,2247.23000000,2259.33000000,2242.67000000,2255.88000000,15657.04210000,1775653199999,35250266.75728600,171104,6121.18370000,13786450.45794900
1775653200000,2026-04-08 13:00:00,2255.88000000,2270.55000000,2231.58000000,2236.06000000,38245.61580000,1775656799999,86056867.57636900,439947,17299.06210000,38945029.26954600
1775656800000,2026-04-08 14:00:00,2236.05000000,2240.94000000,2186.61000000,2195.22000000,55465.70110000,1775660399999,122619407.47852300,518870,27378.69270000,60521376.52572500
1775660400000,2026-04-08 15:00:00,2195.23000000,2218.35000000,2193.46000000,2215.45000000,20114.67240000,1775663999999,44393727.17654900,272226,10648.98380000,23500930.69793500
1775664000000,2026-04-08 16:00:00,2215.44000000,2225.41000000,2211.23000000,2220.76000000,13088.31140000,1775667599999,29030246.12076200,207893,6262.89240000,13893615.30113100
1775667600000,2026-04-08 17:00:00,2220.77000000,2239.50000000,2213.03000000,2231.88000000,14675.70310000,1775671199999,32683781.25618500,215211,8008.51460000,17838952.07046800
1775671200000,2026-04-08 18:00:00,2231.87000000,2232.65000000,2199.32000000,2201.41000000,15484.30270000,1775674799999,34269727.25908200,261438,6391.29090000,14135246.29243300
1775674800000,2026-04-08 19:00:00,2201.40000000,2211.74000000,2197.70000000,2211.04000000,10287.99080000,1775678399999,22674521.65586000,177076,4601.51750000,10142724.01254600
1775678400000,2026-04-08 20:00:00,2211.03000000,2216.66000000,2205.84000000,2209.81000000,5117.01710000,1775681999999,11317455.82095300,88748,2640.77880000,5840812.08173500
1775682000000,2026-04-08 21:00:00,2209.81000000,2222.55000000,2207.90000000,2214.53000000,7141.00160000,1775685599999,15819720.27011400,86780,3322.86640000,7363626.67490800
1775685600000,2026-04-08 22:00:00,2214.54000000,2215.15000000,2186.97000000,2189.87000000,12489.34560000,1775689199999,27454680.45651400,148915,4647.09310000,10215463.63035000
1775689200000,2026-04-08 23:00:00,2189.86000000,2193.95000000,2179.78000000,2190.00000000,13584.98150000,1775692799999,29707225.37216500,166491,6260.99350000,13694974.25496300
1775692800000,2026-04-09 00:00:00,2190.00000000,2193.79000000,2179.30000000,2183.03000000,9626.20870000,1775696399999,21033008.04509800,166420,3286.28760000,7182346.40262100
1775696400000,2026-04-09 01:00:00,2183.03000000,2185.27000000,2162.00000000,2178.69000000,15127.91650000,1775699999999,32860930.71770300,190976,6186.15880000,13440310.33414500
1775700000000,2026-04-09 02:00:00,2178.68000000,2185.50000000,2174.01000000,2181.69000000,5982.58380000,1775703599999,13045328.51695200,111362,2799.55950000,6105472.68597400
1775703600000,2026-04-09 03:00:00,2181.69000000,2183.98000000,2175.60000000,2182.49000000,4172.26350000,1775707199999,9096456.18555400,68558,1797.75930000,3919864.23531700
1775707200000,2026-04-09 04:00:00,2182.49000000,2182.49000000,2176.42000000,2177.64000000,4180.20730000,1775710799999,9109485.13602000,51344,1363.67640000,2971537.64599000
1775710800000,2026-04-09 05:00:00,2177.64000000,2188.99000000,2175.60000000,2182.17000000,7702.85290000,1775714399999,16812904.05905600,80008,2939.66430000,6417817.98935100
1775714400000,2026-04-09 06:00:00,2182.18000000,2186.13000000,2175.60000000,2181.51000000,4273.85140000,1775717999999,9315838.28505500,64601,1369.21440000,2984895.08323100
1775718000000,2026-04-09 07:00:00,2181.52000000,2185.78000000,2180.02000000,2181.14000000,8099.17890000,1775721599999,17675963.61282800,67266,5138.73910000,11214575.56132200
1775721600000,2026-04-09 08:00:00,2181.14000000,2190.72000000,2176.37000000,2186.37000000,8257.82560000,1775725199999,18024968.45001800,83387,4823.29400000,10528750.89123300
1775725200000,2026-04-09 09:00:00,2186.36000000,2197.70000000,2179.72000000,2194.14000000,8927.17600000,1775728799999,19527563.87419900,83072,5561.72140000,12167444.89733900
1775728800000,2026-04-09 10:00:00,2194.13000000,2196.22000000,2188.08000000,2190.70000000,8945.76650000,1775732399999,19614877.67611400,75219,3579.74970000,7848040.50040700
1775732400000,2026-04-09 11:00:00,2190.69000000,2193.13000000,2178.31000000,2180.26000000,7213.81480000,1775735999999,15753996.08325100,94084,3232.86490000,7060084.07045400
1775736000000,2026-04-09 12:00:00,2180.26000000,2186.98000000,2174.27000000,2183.34000000,9640.07170000,1775739599999,21032675.74439500,125474,5416.66150000,11819160.59416000
1775739600000,2026-04-09 13:00:00,2183.33000000,2186.54000000,2158.19000000,2165.22000000,16119.36720000,1775743199999,34975999.18938600,230572,7249.94590000,15732520.71598700
1775743200000,2026-04-09 14:00:00,2165.23000000,2182.19000000,2157.31000000,2177.63000000,13247.79700000,1775746799999,28742774.89702600,243827,7086.86470000,15382395.83606800
1775746800000,2026-04-09 15:00:00,2177.64000000,2225.00000000,2169.51000000,2217.99000000,37016.12470000,1775750399999,81532996.33248300,454382,21123.09290000,46536555.95211900
1775750400000,2026-04-09 16:00:00,2218.00000000,2229.40000000,2193.00000000,2208.33000000,19736.85310000,1775753999999,43628731.79243700,285702,9580.50570000,21193421.09930700
1775754000000,2026-04-09 17:00:00,2208.33000000,2225.47000000,2206.43000000,2222.75000000,16732.24960000,1775757599999,37122106.19744900,261530,9792.13260000,21730532.04397800
1775757600000,2026-04-09 18:00:00,2222.75000000,2223.69000000,2200.64000000,2206.86000000,9466.94000000,1775761199999,20902896.68665400,223124,4074.91640000,8995748.66923700
1775761200000,2026-04-09 19:00:00,2206.86000000,2224.52000000,2204.39000000,2216.42000000,11262.99730000,1775764799999,24940422.51051900,165546,5729.28810000,12688428.12788800
1775764800000,2026-04-09 20:00:00,2216.42000000,2222.00000000,2210.31000000,2213.08000000,9292.94520000,1775768399999,20589820.20737300,94049,5424.90080000,12017732.50462100
1775768400000,2026-04-09 21:00:00,2213.08000000,2226.34000000,2207.54000000,2210.78000000,7702.12430000,1775771999999,17052428.15269700,122353,3399.29220000,7528044.88877100
1775772000000,2026-04-09 22:00:00,2210.79000000,2246.00000000,2197.50000000,2197.69000000,20803.39170000,1775775599999,46193553.19723700,222974,9788.06010000,21759623.46984200
1775775600000,2026-04-09 23:00:00,2197.69000000,2201.09000000,2183.33000000,2190.20000000,11787.44260000,1775779199999,25822577.11592500,190556,4796.19100000,10507421.36631200
1775779200000,2026-04-10 00:00:00,2190.17000000,2197.39000000,2181.95000000,2195.17000000,8145.10580000,1775782799999,17829120.36918100,157225,3783.96760000,8285163.82706400
1775782800000,2026-04-10 01:00:00,2195.17000000,2204.10000000,2176.10000000,2194.70000000,12958.41220000,1775786399999,28411095.15543900,170431,6828.94160000,14980302.43407600
1775786400000,2026-04-10 02:00:00,2194.69000000,2198.62000000,2187.01000000,2189.12000000,5478.44370000,1775789999999,12015244.35598500,86258,2019.72880000,4431153.97606000
1775790000000,2026-04-10 03:00:00,2189.11000000,2192.38000000,2182.68000000,2186.06000000,6591.33300000,1775793599999,14415410.78277200,70716,1793.66510000,3922784.23659900
1775793600000,2026-04-10 04:00:00,2186.05000000,2199.34000000,2185.95000000,2195.71000000,8449.68040000,1775797199999,18509753.33268900,68343,4024.52290000,8816853.91516700
1775797200000,2026-04-10 05:00:00,2195.71000000,2203.11000000,2192.49000000,2196.90000000,6931.58700000,1775800799999,15238336.52214700,71164,2919.73220000,6420406.92887500
1775800800000,2026-04-10 06:00:00,2196.91000000,2198.44000000,2184.00000000,2186.20000000,7494.44170000,1775804399999,16414208.15271100,70836,2203.84590000,4826038.99729600
1775804400000,2026-04-10 07:00:00,2186.21000000,2188.57000000,2176.40000000,2179.28000000,8738.28840000,1775807999999,19075892.62834900,66684,3772.74800000,8236907.79625600
1775808000000,2026-04-10 08:00:00,2179.27000000,2190.11000000,2177.13000000,2185.86000000,7505.45620000,1775811599999,16390619.57437200,67221,4106.26510000,8966612.62662400
1775811600000,2026-04-10 09:00:00,2185.85000000,2197.58000000,2185.83000000,2196.03000000,7897.33550000,1775815199999,17320651.98887500,86085,4019.70190000,8815736.53664500
1775815200000,2026-04-10 10:00:00,2196.04000000,2198.29000000,2190.66000000,2197.24000000,5030.08780000,1775818799999,11037019.23083200,63339,2486.61920000,5456464.41574800
1775818800000,2026-04-10 11:00:00,2197.25000000,2224.28000000,2197.22000000,2215.65000000,27238.35390000,1775822399999,60364237.38320200,146767,12817.68640000,28394076.54101200
1775822400000,2026-04-10 12:00:00,2215.66000000,2228.51000000,2208.18000000,2218.90000000,21377.24330000,1775825999999,47441448.76267500,196871,8897.78480000,19748504.72539600
1775826000000,2026-04-10 13:00:00,2218.90000000,2225.51000000,2208.40000000,2223.08000000,13705.71940000,1775829599999,30397456.44894700,192943,7023.14430000,15580884.19249400
1775829600000,2026-04-10 14:00:00,2223.08000000,2254.27000000,2220.43000000,2242.76000000,39205.51950000,1775833199999,87856147.48796300,348510,21621.55130000,48453797.40528200
1775833200000,2026-04-10 15:00:00,2242.76000000,2257.99000000,2220.36000000,2224.27000000,21462.26550000,1775836799999,48040415.22504600,258397,9286.44540000,20807952.91480600
1775836800000,2026-04-10 16:00:00,2224.28000000,2247.42000000,2221.46000000,2245.36000000,14371.20530000,1775840399999,32149114.41513900,205119,9259.31490000,20716128.43361300
1775840400000,2026-04-10 17:00:00,2245.37000000,2249.45000000,2239.29000000,2248.42000000,8726.55750000,1775843999999,19584556.24038000,117841,4727.27930000,10610464.79197500
1775844000000,2026-04-10 18:00:00,2248.41000000,2251.90000000,2239.06000000,2249.33000000,8296.79030000,1775847599999,18641196.37162000,103484,4731.22860000,10631758.41485500
1775847600000,2026-04-10 19:00:00,2249.32000000,2256.00000000,2243.52000000,2253.17000000,6307.86920000,1775851199999,14193945.98346900,83742,2935.15640000,6606253.33522600
1775851200000,2026-04-10 20:00:00,2253.17000000,2257.14000000,2243.03000000,2255.33000000,10016.34720000,1775854799999,22549223.26954600,104323,5532.55030000,12458050.35295800
1775854800000,2026-04-10 21:00:00,2255.33000000,2255.68000000,2242.34000000,2254.87000000,6229.95270000,1775858399999,14011460.33982500,86845,2802.72720000,6304419.06689100
1775858400000,2026-04-10 22:00:00,2254.88000000,2255.49000000,2235.41000000,2242.24000000,7568.27120000,1775861999999,16990061.07163400,67105,2962.41340000,6654185.75740200
1775862000000,2026-04-10 23:00:00,2242.25000000,2245.66000000,2239.31000000,2245.05000000,3172.81910000,1775865599999,7115684.98332800,38964,1520.29160000,3409605.40599400
1775865600000,2026-04-11 00:00:00,2245.06000000,2245.06000000,2235.92000000,2238.77000000,5000.16180000,1775869199999,11195089.28340500,42624,2535.41850000,5675087.91735900
1775869200000,2026-04-11 01:00:00,2238.77000000,2246.50000000,2234.81000000,2244.20000000,5117.03790000,1775872799999,11465879.40926300,51325,1802.71950000,4040457.65705600
1775872800000,2026-04-11 02:00:00,2244.20000000,2252.15000000,2242.20000000,2248.19000000,4262.15070000,1775876399999,9578246.98963500,47569,2008.51690000,4513916.43890600
1775876400000,2026-04-11 03:00:00,2248.19000000,2250.78000000,2235.77000000,2237.17000000,4975.75540000,1775879999999,11162819.39181900,49161,1758.01910000,3944113.31380300
1775880000000,2026-04-11 04:00:00,2237.18000000,2242.93000000,2235.45000000,2240.97000000,5020.10240000,1775883599999,11242052.61576000,51232,2789.62540000,6246686.66149700
1775883600000,2026-04-11 05:00:00,2240.98000000,2241.71000000,2229.00000000,2232.79000000,8378.00910000,1775887199999,18723609.95589600,59858,3083.42930000,6889597.53373800
1775887200000,2026-04-11 06:00:00,2232.79000000,2236.73000000,2229.62000000,2235.66000000,5777.13980000,1775890799999,12900008.41786800,43161,3344.74000000,7468340.36963400
1775890800000,2026-04-11 07:00:00,2235.68000000,2236.51000000,2230.58000000,2232.60000000,3302.08890000,1775894399999,7375844.91423800,28229,1436.17320000,3208395.69823400
1775894400000,2026-04-11 08:00:00,2232.60000000,2235.43000000,2232.14000000,2232.90000000,4658.76290000,1775897999999,10406723.46864300,27432,2011.60540000,4493377.02056000
1775898000000,2026-04-11 09:00:00,2232.89000000,2249.31000000,2232.24000000,2243.83000000,10245.69740000,1775901599999,22972585.46449100,64179,5720.39820000,12826531.56142000
1775901600000,2026-04-11 10:00:00,2243.84000000,2245.12000000,2237.70000000,2240.46000000,3647.15280000,1775905199999,8172710.63757600,37015,1682.79790000,3770775.41951500
1775905200000,2026-04-11 11:00:00,2240.42000000,2247.00000000,2238.67000000,2246.11000000,4110.21450000,1775908799999,9215313.51292000,33811,1988.94750000,4459882.21115600
1775908800000,2026-04-11 12:00:00,2246.12000000,2246.71000000,2241.16000000,2245.50000000,2702.35590000,1775912399999,6065714.74756500,30191,1217.56180000,2733267.06267000
1775912400000,2026-04-11 13:00:00,2245.49000000,2245.50000000,2233.72000000,2239.76000000,6483.54400000,1775915999999,14514913.19241200,72403,3111.70790000,6966781.89342300
1775916000000,2026-04-11 14:00:00,2239.75000000,2244.10000000,2238.39000000,2242.10000000,2755.41280000,1775919599999,6175433.77547400,40452,1259.89960000,2823878.68812500
1775919600000,2026-04-11 15:00:00,2242.10000000,2256.11000000,2241.39000000,2249.54000000,7055.52610000,1775923199999,15865957.27036900,78054,3356.20670000,7547594.34614400
1775923200000,2026-04-11 16:00:00,2249.54000000,2274.42000000,2246.53000000,2258.68000000,12794.99990000,1775926799999,28940841.76263500,123962,7642.71970000,17287408.53296700
1775926800000,2026-04-11 17:00:00,2258.68000000,2265.49000000,2253.87000000,2260.01000000,7292.93730000,1775930399999,16481643.70624900,77423,4442.36290000,10041611.62320900
1775930400000,2026-04-11 18:00:00,2260.01000000,2311.53000000,2257.34000000,2305.44000000,37997.90820000,1775933999999,87097163.70547700,279018,21962.73130000,50319683.76478400
1775934000000,2026-04-11 19:00:00,2305.43000000,2329.93000000,2305.31000000,2315.96000000,31171.26320000,1775937599999,72262429.62127600,266399,17017.92240000,39458532.61276700
1775937600000,2026-04-11 20:00:00,2315.96000000,2317.14000000,2288.32000000,2298.32000000,18271.89490000,1775941199999,42039818.07722400,165803,7102.13210000,16338243.90928200
1775941200000,2026-04-11 21:00:00,2298.32000000,2304.13000000,2292.35000000,2299.36000000,7471.70000000,1775944799999,17182585.65221200,86705,3125.97680000,7190213.28890800
1775944800000,2026-04-11 22:00:00,2299.35000000,2308.00000000,2289.03000000,2296.88000000,7556.80340000,1775948399999,17371599.37559800,87522,3426.20270000,7879530.84104200
1775948400000,2026-04-11 23:00:00,2296.89000000,2296.89000000,2276.47000000,2284.99000000,8736.78460000,1775951999999,19962008.19891700,86123,3411.17290000,7794182.53879500
1775952000000,2026-04-12 00:00:00,2285.00000000,2288.24000000,2273.00000000,2285.72000000,11950.96320000,1775955599999,27273406.07107600,81916,5587.52440000,12758728.63422100
1775955600000,2026-04-12 01:00:00,2285.72000000,2288.57000000,2209.14000000,2219.05000000,47252.79350000,1775959199999,105914339.71081000,437546,21964.06010000,49227604.31098500
1775959200000,2026-04-12 02:00:00,2219.05000000,2234.35000000,2207.06000000,2223.43000000,16377.12740000,1775962799999,36406629.61460200,220599,8187.58130000,18201659.77497500
1775962800000,2026-04-12 03:00:00,2223.42000000,2227.15000000,2211.99000000,2213.71000000,15756.57710000,1775966399999,34934273.22711900,106795,7662.73530000,16985844.41813600
1775966400000,2026-04-12 04:00:00,2213.70000000,2216.50000000,2209.08000000,2212.16000000,11540.83920000,1775969999999,25537887.86246800,81128,6872.66770000,15206780.01022600
1775970000000,2026-04-12 05:00:00,2212.17000000,2219.96000000,2208.32000000,2217.28000000,7916.32330000,1775973599999,17533952.37623700,68134,3363.87970000,7451156.35762700
1775973600000,2026-04-12 06:00:00,2217.28000000,2220.87000000,2214.71000000,2216.07000000,3635.76620000,1775977199999,8063231.40837300,44708,1509.21580000,3347491.47825700
1775977200000,2026-04-12 07:00:00,2216.08000000,2220.48000000,2212.20000000,2218.02000000,4551.11700000,1775980799999,10086008.33651000,44123,2232.49010000,4948446.45968000
1775980800000,2026-04-12 08:00:00,2218.02000000,2219.04000000,2211.92000000,2214.00000000,5164.47800000,1775984399999,11445655.92901200,31192,2312.50290000,5126427.35212900
1775984400000,2026-04-12 09:00:00,2214.00000000,2216.08000000,2211.44000000,2214.19000000,5214.32020000,1775987999999,11543599.15498100,33141,2587.73580000,5729429.26331900
1775988000000,2026-04-12 10:00:00,2214.20000000,2217.24000000,2194.32000000,2201.66000000,10789.86510000,1775991599999,23788808.83595100,81430,4335.57120000,9562413.22638400
1775991600000,2026-04-12 11:00:00,2201.65000000,2207.41000000,2197.54000000,2204.62000000,5559.10000000,1775995199999,12246768.25548500,51888,3066.24530000,6754918.19521000
1775995200000,2026-04-12 12:00:00,2204.62000000,2208.22000000,2188.00000000,2194.76000000,12882.00710000,1775998799999,28324696.30254600,105828,6678.88690000,14684313.72437200
1775998800000,2026-04-12 13:00:00,2194.76000000,2199.17000000,2185.17000000,2186.98000000,15286.36970000,1776002399999,33503680.76904700,158704,6324.11530000,13864758.96937100
1776002400000,2026-04-12 14:00:00,2186.98000000,2193.53000000,2178.69000000,2180.86000000,16800.01450000,1776005999999,36742502.31808100,139893,8708.73990000,19056153.06000200
1776006000000,2026-04-12 15:00:00,2180.88000000,2188.89000000,2175.00000000,2186.47000000,8622.28980000,1776009599999,18812627.87087100,85325,4330.98820000,9452335.97212600
1776009600000,2026-04-12 16:00:00,2186.47000000,2190.43000000,2183.09000000,2187.09000000,4674.39270000,1776013199999,10221220.67696200,53716,2211.33400000,4836474.38192900
1776013200000,2026-04-12 17:00:00,2187.09000000,2205.00000000,2187.09000000,2203.17000000,7545.51780000,1776016799999,16572546.47985800,80626,5065.40470000,11125578.70489300
1776016800000,2026-04-12 18:00:00,2203.18000000,2207.23000000,2199.56000000,2200.60000000,5588.70320000,1776020399999,12312160.68888400,59534,2846.48320000,6271431.08493200
1776020400000,2026-04-12 19:00:00,2200.60000000,2205.20000000,2197.40000000,2198.27000000,3607.89640000,1776023999999,7943679.94029100,34095,1183.27170000,2605119.46232100
1776024000000,2026-04-12 20:00:00,2198.27000000,2218.13000000,2193.34000000,2213.53000000,8794.32350000,1776027599999,19405465.55455100,91423,4870.54270000,10751377.63203100
1776027600000,2026-04-12 21:00:00,2213.54000000,2217.71000000,2205.19000000,2211.24000000,4865.70700000,1776031199999,10752186.39828300,72652,2352.92820000,5199984.80030000
1776031200000,2026-04-12 22:00:00,2211.24000000,2211.26000000,2183.99000000,2199.37000000,16989.26680000,1776034799999,37276685.13697000,284928,8753.07870000,19208384.53022100
1776034800000,2026-04-12 23:00:00,2199.36000000,2199.36000000,2186.35000000,2191.65000000,6791.12340000,1776038399999,14878825.92292000,126484,2650.26060000,5805765.30538600
1776038400000,2026-04-13 00:00:00,2191.64000000,2208.32000000,2187.20000000,2205.18000000,10357.55720000,1776041999999,22785757.60343100,147883,5421.55290000,11927121.20472900
1776042000000,2026-04-13 01:00:00,2205.18000000,2209.05000000,2200.55000000,2203.69000000,5431.06290000,1776045599999,11972016.42351200,90196,2515.13770000,5544235.94423900
1776045600000,2026-04-13 02:00:00,2203.68000000,2205.84000000,2192.49000000,2194.22000000,5454.46070000,1776049199999,11987012.54772000,83468,1879.69300000,4130636.24779200
1776049200000,2026-04-13 03:00:00,2194.23000000,2195.80000000,2190.10000000,2194.36000000,5212.39770000,1776052799999,11430885.88035300,64129,2897.69330000,6355878.25896300
1776052800000,2026-04-13 04:00:00,2194.36000000,2199.14000000,2187.58000000,2190.26000000,4948.90150000,1776056399999,10857510.04480800,61756,2606.20090000,5719864.67819000
1776056400000,2026-04-13 05:00:00,2190.25000000,2191.35000000,2182.22000000,2191.34000000,7155.08990000,1776059999999,15654674.70222000,76203,3628.63400000,7940066.35016900
1776060000000,2026-04-13 06:00:00,2191.34000000,2201.45000000,2190.32000000,2198.49000000,11369.65340000,1776063599999,24973439.17101800,84903,7670.97470000,16848982.44660700
1776063600000,2026-04-13 07:00:00,2198.49000000,2199.76000000,2183.11000000,2186.56000000,9718.11810000,1776067199999,21266852.44019600,84096,5383.89150000,11782157.00720600
1776067200000,2026-04-13 08:00:00,2186.57000000,2189.65000000,2180.00000000,2185.28000000,7895.18990000,1776070799999,17243938.52993100,89485,3174.50050000,6935454.34263400
1776070800000,2026-04-13 09:00:00,2185.28000000,2195.34000000,2185.28000000,2188.08000000,3884.42260000,1776074399999,8506598.50209000,73033,2288.18980000,5010718.57281500
1776074400000,2026-04-13 10:00:00,2188.08000000,2188.78000000,2179.00000000,2183.41000000,4548.17630000,1776077999999,9933353.17662900,72629,2232.92930000,4877345.06540900
1776078000000,2026-04-13 11:00:00,2183.41000000,2190.96000000,2182.45000000,2187.33000000,4289.76660000,1776081599999,9381939.01720900,73756,2245.73940000,4911329.05347400
1776081600000,2026-04-13 12:00:00,2187.33000000,2200.00000000,2175.68000000,2192.25000000,16772.63370000,1776085199999,36706033.27963100,138328,9847.04360000,21555510.89498300
1776085200000,2026-04-13 13:00:00,2192.30000000,2215.62000000,2181.40000000,2215.47000000,30435.37990000,1776088799999,66924603.67453500,309092,17998.52330000,39582969.03552300
1776088800000,2026-04-13 14:00:00,2215.46000000,2235.03000000,2203.45000000,2234.18000000,31071.83240000,1776092399999,68911542.92354600,345782,16888.93770000,37466532.55827200
1776092400000,2026-04-13 15:00:00,2234.18000000,2236.43000000,2199.52000000,2209.28000000,25979.51650000,1776095999999,57577165.46222500,288397,9696.75270000,21471840.86693200
1776096000000,2026-04-13 16:00:00,2209.28000000,2234.62000000,2200.00000000,2225.86000000,16260.31530000,1776099599999,36130341.44292900,289724,7700.08890000,17104294.84566000
1776099600000,2026-04-13 17:00:00,2225.85000000,2242.90000000,2222.50000000,2225.13000000,12050.67550000,1776103199999,26901877.22244000,177573,5703.45770000,12740111.75071500
1776103200000,2026-04-13 18:00:00,2225.12000000,2233.63000000,2218.53000000,2232.23000000,6657.79520000,1776106799999,14827907.62378600,122129,3091.41510000,6886693.23726000
1776106800000,2026-04-13 19:00:00,2232.22000000,2268.88000000,2227.72000000,2262.33000000,29841.87280000,1776110399999,67189314.98614600,290573,17665.68160000,39779243.94128300
1776110400000,2026-04-13 20:00:00,2262.33000000,2263.48000000,2247.50000000,2252.49000000,14180.55200000,1776113999999,31968330.90442400,145810,5394.61290000,12162696.73301600
1776114000000,2026-04-13 21:00:00,2252.49000000,2266.66000000,2249.62000000,2260.07000000,8155.70340000,1776117599999,18415867.67791500,102557,4507.97320000,10179445.61187800
1776117600000,2026-04-13 22:00:00,2260.07000000,2363.94000000,2259.81000000,2352.74000000,95874.80420000,1776121199999,222961804.80122900,735353,51009.30810000,118609941.68233100
1776121200000,2026-04-13 23:00:00,2352.74000000,2394.71000000,2341.53000000,2369.46000000,86324.95150000,1776124799999,204744247.54833100,580702,43150.97270000,102320261.40165800
1776124800000,2026-04-14 00:00:00,2369.46000000,2375.90000000,2359.55000000,2361.00000000,27078.10450000,1776128399999,64109094.09458900,240541,13315.66750000,31530111.49182300
1776128400000,2026-04-14 01:00:00,2361.01000000,2373.42000000,2354.60000000,2368.70000000,21849.82710000,1776131999999,51651285.54102300,160789,11187.60120000,26457612.70206800
1776132000000,2026-04-14 02:00:00,2368.70000000,2378.06000000,2366.22000000,2367.62000000,14924.98640000,1776135599999,35391146.78241400,123040,7876.57920000,18680111.29848400
1776135600000,2026-04-14 03:00:00,2367.62000000,2370.53000000,2361.55000000,2365.50000000,10579.93450000,1776139199999,25039982.86689700,90969,5466.60260000,12938430.47276100
1776139200000,2026-04-14 04:00:00,2365.50000000,2368.38000000,2361.81000000,2364.33000000,7975.39350000,1776142799999,18863000.79014100,84904,4498.53010000,10640422.86548500
1776142800000,2026-04-14 05:00:00,2364.34000000,2369.55000000,2354.76000000,2355.49000000,15577.02300000,1776146399999,36792197.02297100,97685,7088.91430000,16745761.09220600
1776146400000,2026-04-14 06:00:00,2355.49000000,2376.68000000,2355.49000000,2373.08000000,13857.34490000,1776149999999,32795717.27868200,100479,8710.89400000,20617910.71221900
1776150000000,2026-04-14 07:00:00,2373.08000000,2389.99000000,2370.59000000,2377.91000000,26446.35960000,1776153599999,62883844.74667300,187229,12602.18800000,29970185.73451000
1776153600000,2026-04-14 08:00:00,2377.92000000,2396.03000000,2374.04000000,2387.61000000,24928.21010000,1776157199999,59471018.74395800,191828,13506.31200000,32226541.54203400
1776157200000,2026-04-14 09:00:00,2387.62000000,2394.73000000,2382.82000000,2387.14000000,13416.58330000,1776160799999,32053933.81801600,149792,7410.01190000,17704990.11377600
1776160800000,2026-04-14 10:00:00,2387.14000000,2387.85000000,2373.00000000,2375.08000000,13047.61410000,1776164399999,31064069.30431400,110402,6670.46240000,15879423.98823600
1776164400000,2026-04-14 11:00:00,2375.08000000,2377.91000000,2367.61000000,2374.53000000,14778.91880000,1776167999999,35083010.04883300,112131,8712.98020000,20683463.11501000
1776168000000,2026-04-14 12:00:00,2374.54000000,2377.74000000,2368.56000000,2373.94000000,12278.35950000,1776171599999,29134449.37763800,131022,5555.56530000,13182992.19127500
1776171600000,2026-04-14 13:00:00,2373.95000000,2395.97000000,2372.67000000,2391.50000000,37056.20130000,1776175199999,88452670.38215500,225925,18472.34210000,44087755.88761500
1776175200000,2026-04-14 14:00:00,2391.51000000,2415.50000000,2352.59000000,2353.05000000,64481.53430000,1776178799999,153668866.58444500,377532,32011.08860000,76279432.13139800
1776178800000,2026-04-14 15:00:00,2353.05000000,2372.12000000,2332.72000000,2364.63000000,41191.30330000,1776182399999,96837722.48962800,278673,22207.52070000,52223842.73825400
1776182400000,2026-04-14 16:00:00,2364.62000000,2371.48000000,2329.56000000,2334.00000000,20715.85340000,1776185999999,48728319.26768300,188163,7370.59290000,17345144.23132300
1776186000000,2026-04-14 17:00:00,2334.00000000,2345.49000000,2323.66000000,2338.37000000,14195.98390000,1776189599999,33125853.93405500,159814,5809.96180000,13557986.93948500
1776189600000,2026-04-14 18:00:00,2338.37000000,2344.69000000,2309.28000000,2313.89000000,22655.02830000,1776193199999,52740722.31522900,198831,7705.62110000,17930611.10010300
1776193200000,2026-04-14 19:00:00,2313.89000000,2322.73000000,2302.90000000,2313.32000000,15604.02320000,1776196799999,36095449.86612100,149279,7498.17310000,17345052.60364500
1776196800000,2026-04-14 20:00:00,2313.32000000,2322.73000000,2308.53000000,2315.10000000,6539.07350000,1776200399999,15139638.77214000,77913,2778.25990000,6433999.47209000
1776200400000,2026-04-14 21:00:00,2315.10000000,2326.21000000,2314.87000000,2323.72000000,6233.43850000,1776203999999,14462194.58689500,73109,3428.98920000,7955053.02377700
1776204000000,2026-04-14 22:00:00,2323.72000000,2332.35000000,2311.75000000,2314.99000000,9731.04970000,1776207599999,22588958.39570800,108848,3941.21140000,9151388.29000100
1776207600000,2026-04-14 23:00:00,2314.99000000,2326.65000000,2314.32000000,2322.44000000,4965.23540000,1776211199999,11526502.06391400,70667,2322.40680000,5390713.54673700
1776211200000,2026-04-15 00:00:00,2322.44000000,2342.76000000,2321.63000000,2333.81000000,10921.30590000,1776214799999,25503361.74518800,125777,5388.63060000,12583683.95051700
1776214800000,2026-04-15 01:00:00,2333.80000000,2342.60000000,2331.18000000,2335.66000000,7454.84210000,1776218399999,17417183.52406900,87212,3415.15070000,7980130.43764600
1776218400000,2026-04-15 02:00:00,2335.66000000,2338.02000000,2317.56000000,2324.77000000,6851.78010000,1776221999999,15935320.53620000,67569,2517.49140000,5854327.61486400
1776222000000,2026-04-15 03:00:00,2324.78000000,2329.39000000,2320.57000000,2328.81000000,3673.61850000,1776225599999,8540244.12253500,45487,1878.90930000,4367856.57512000
1776225600000,2026-04-15 04:00:00,2328.82000000,2334.70000000,2328.00000000,2333.44000000,4920.32180000,1776229199999,11471935.40206300,47393,2621.49710000,6112804.51102100
1776229200000,2026-04-15 05:00:00,2333.43000000,2338.23000000,2314.00000000,2319.45000000,8570.87570000,1776232799999,19922079.08685600,73614,3329.27200000,7741476.18299500
1776232800000,2026-04-15 06:00:00,2319.44000000,2321.02000000,2314.99000000,2317.37000000,6070.70590000,1776236399999,14069965.27448500,41839,2938.85380000,6810342.65052500
1776236400000,2026-04-15 07:00:00,2317.37000000,2323.53000000,2308.50000000,2316.62000000,11943.64050000,1776239999999,27640877.92260200,91121,5962.03140000,13800161.15411800
1776240000000,2026-04-15 08:00:00,2316.62000000,2333.00000000,2314.07000000,2327.40000000,16606.89010000,1776243599999,38588897.77144500,109236,9542.44130000,22174375.37703400
1776243600000,2026-04-15 09:00:00,2327.40000000,2329.62000000,2318.47000000,2319.95000000,4819.84860000,1776247199999,11193772.24549100,82337,1872.38500000,4347220.47237500
1776247200000,2026-04-15 10:00:00,2319.95000000,2328.52000000,2312.15000000,2316.64000000,7926.80660000,1776250799999,18385736.23498500,133075,3619.21660000,8397291.48780400
1776250800000,2026-04-15 11:00:00,2316.65000000,2339.42000000,2316.65000000,2337.43000000,10421.23820000,1776254399999,24287226.72425200,124157,5089.17050000,11860981.41204500
1776254400000,2026-04-15 12:00:00,2337.42000000,2340.00000000,2329.66000000,2332.98000000,8755.66660000,1776257999999,20448519.80791800,121124,5271.86870000,12313907.12040200
1776258000000,2026-04-15 13:00:00,2332.97000000,2334.76000000,2317.54000000,2326.94000000,11829.02490000,1776261599999,27514766.18186000,212332,5525.78260000,12858581.66557900
1776261600000,2026-04-15 14:00:00,2326.93000000,2344.88000000,2321.94000000,2338.40000000,16587.65340000,1776265199999,38731440.50085700,236704,8459.91980000,19766147.23830000
1776265200000,2026-04-15 15:00:00,2338.41000000,2349.46000000,2320.77000000,2332.04000000,18184.49270000,1776268799999,42447863.38355300,242751,7850.42210000,18328179.30324700
1776268800000,2026-04-15 16:00:00,2332.03000000,2349.87000000,2329.10000000,2341.48000000,11622.97010000,1776272399999,27208925.73836600,209137,6078.29370000,14229283.28016600
1776272400000,2026-04-15 17:00:00,2341.48000000,2358.82000000,2339.65000000,2348.66000000,16815.81820000,1776275999999,39483567.79441400,200240,8060.13400000,18932867.67807400
1776276000000,2026-04-15 18:00:00,2348.66000000,2359.96000000,2346.34000000,2358.66000000,10732.06480000,1776279599999,25256240.87367000,169894,4419.01930000,10400765.95159700
1776279600000,2026-04-15 19:00:00,2358.66000000,2385.61000000,2357.37000000,2375.05000000,20867.75120000,1776283199999,49491510.37140000,253764,9635.12550000,22851887.70260500
1776283200000,2026-04-15 20:00:00,2375.05000000,2376.31000000,2353.72000000,2362.95000000,11389.33600000,1776286799999,26907284.20636500,156123,4592.49070000,10846431.69776700
1776286800000,2026-04-15 21:00:00,2362.95000000,2363.50000000,2348.58000000,2361.30000000,9619.64810000,1776290399999,22661663.74564100,114065,5076.30900000,11959729.87228400
1776290400000,2026-04-15 22:00:00,2361.29000000,2380.45000000,2360.33000000,2363.45000000,17952.23430000,1776293999999,42570202.14730400,174144,8675.38670000,20572698.22212400
1776294000000,2026-04-15 23:00:00,2363.46000000,2363.46000000,2349.60000000,2359.95000000,13652.10340000,1776297599999,32162759.13757000,113776,4622.91350000,10891278.29077400
1776297600000,2026-04-16 00:00:00,2359.94000000,2363.54000000,2349.93000000,2360.58000000,5089.60250000,1776301199999,11996522.09654000,106875,2313.08620000,5452257.25611300
1776301200000,2026-04-16 01:00:00,2360.58000000,2360.58000000,2345.04000000,2352.06000000,5778.73420000,1776304799999,13589187.74537400,106123,2327.65090000,5473674.89104800
1776304800000,2026-04-16 02:00:00,2352.06000000,2369.59000000,2350.01000000,2356.68000000,8626.07750000,1776308399999,20359265.35208200,144070,3982.46340000,9398087.42332200
1776308400000,2026-04-16 03:00:00,2356.67000000,2365.88000000,2355.91000000,2357.86000000,4878.30620000,1776311999999,11515256.03037800,88843,2362.41080000,5577375.13154900
1776312000000,2026-04-16 04:00:00,2357.85000000,2364.00000000,2348.38000000,2354.13000000,6478.98310000,1776315599999,15269312.22476500,95249,2662.99980000,6276930.54838100
1776315600000,2026-04-16 05:00:00,2354.14000000,2361.79000000,2349.59000000,2356.86000000,7640.46110000,1776319199999,18003332.24016600,77317,4209.88850000,9919194.19765000
1776319200000,2026-04-16 06:00:00,2356.86000000,2360.57000000,2349.77000000,2356.01000000,6083.57090000,1776322799999,14327334.99985700,67829,3145.84900000,7408434.49562300
1776322800000,2026-04-16 07:00:00,2356.02000000,2357.56000000,2335.72000000,2341.52000000,12827.09050000,1776326399999,30106191.34125900,101445,5474.35670000,12849745.34233400
1776326400000,2026-04-16 08:00:00,2341.52000000,2345.98000000,2334.65000000,2339.11000000,9100.11260000,1776329999999,21291703.86619600,97871,4145.34990000,9699383.53727100
1776330000000,2026-04-16 09:00:00,2339.12000000,2348.40000000,2337.79000000,2338.09000000,10880.17820000,1776333599999,25485797.27597300,95439,4982.58560000,11665623.39807800
1776333600000,2026-04-16 10:00:00,2338.09000000,2340.21000000,2328.64000000,2332.42000000,12442.87260000,1776337199999,29031038.15286400,130086,6479.25400000,15115521.84155700
1776337200000,2026-04-16 11:00:00,2332.42000000,2336.26000000,2329.80000000,2335.67000000,6294.78180000,1776340799999,14685427.17395800,73516,3666.85710000,8555263.51812400
1776340800000,2026-04-16 12:00:00,2335.68000000,2349.45000000,2334.99000000,2340.44000000,8984.21950000,1776344399999,21032296.93412400,97123,4566.96340000,10693943.42645000
1776344400000,2026-04-16 13:00:00,2340.44000000,2351.80000000,2290.57000000,2308.29000000,42907.13490000,1776347999999,99616265.23894300,385849,20980.16820000,48716982.60316200
1776348000000,2026-04-16 14:00:00,2308.28000000,2316.34000000,2285.10000000,2309.97000000,39904.12630000,1776351599999,91835585.23333900,409334,17424.14450000,40105947.14323600
1776351600000,2026-04-16 15:00:00,2309.96000000,2349.84000000,2308.50000000,2339.01000000,30320.21110000,1776355199999,70656392.31630900,326371,17666.80670000,41182654.82006800
1776355200000,2026-04-16 16:00:00,2339.01000000,2348.69000000,2309.96000000,2316.76000000,22375.27140000,1776358799999,52134171.95276900,289721,10360.88230000,24155874.57988700
1776358800000,2026-04-16 17:00:00,2316.77000000,2329.48000000,2310.00000000,2325.79000000,11322.73430000,1776362399999,26279100.35102800,207212,5692.21400000,13214186.73485200
1776362400000,2026-04-16 18:00:00,2325.80000000,2346.66000000,2320.40000000,2343.10000000,19719.01570000,1776365999999,46025175.99897500,240320,8299.02340000,19357561.53357900
1776366000000,2026-04-16 19:00:00,2343.11000000,2361.96000000,2334.66000000,2359.70000000,19102.82170000,1776369599999,44875082.92433800,214341,9420.05180000,22143616.83537000
1776369600000,2026-04-16 20:00:00,2359.69000000,2364.68000000,2341.51000000,2350.23000000,17899.25980000,1776373199999,42146433.33091900,149417,6953.01380000,16374174.98984200
1776373200000,2026-04-16 21:00:00,2350.23000000,2356.53000000,2336.25000000,2341.17000000,7555.30100000,1776376799999,17713506.44896600,94618,2839.88070000,6660358.65775100
1776376800000,2026-04-16 22:00:00,2341.18000000,2350.56000000,2339.30000000,2342.60000000,7404.24630000,1776380399999,17354544.97429200,108820,3270.43720000,7666556.09388600
1776380400000,2026-04-16 23:00:00,2342.59000000,2355.00000000,2341.61000000,2348.17000000,5345.82450000,1776383999999,12553801.68984900,85421,2695.90600000,6330858.03209800
1776384000000,2026-04-17 00:00:00,2348.16000000,2350.90000000,2341.00000000,2344.40000000,5096.95850000,1776387599999,11953487.36984400,97890,2337.78750000,5482559.14356700
1776387600000,2026-04-17 01:00:00,2344.39000000,2349.00000000,2327.34000000,2335.38000000,9065.63510000,1776391199999,21170250.70398300,105448,4257.51400000,9940243.93442800
1776391200000,2026-04-17 02:00:00,2335.37000000,2338.74000000,2324.93000000,2331.75000000,3963.81430000,1776394799999,9236282.11984600,63573,1683.03990000,3922328.81762900
1776394800000,2026-04-17 03:00:00,2331.75000000,2331.77000000,2323.83000000,2325.52000000,3875.57350000,1776398399999,9023962.54749100,61826,1470.71680000,3424450.29383900
1776398400000,2026-04-17 04:00:00,2325.53000000,2333.73000000,2324.21000000,2328.96000000,3921.16270000,1776401999999,9133741.90766400,56647,1448.01960000,3373425.64679900
1776402000000,2026-04-17 05:00:00,2328.96000000,2329.36000000,2317.43000000,2319.29000000,10909.57990000,1776405599999,25326812.17035000,84243,5167.85520000,11996653.43687800
1776405600000,2026-04-17 06:00:00,2319.29000000,2332.40000000,2317.49000000,2331.09000000,8766.87310000,1776409199999,20386897.95825800,75679,4008.17280000,9321922.73057000
1776409200000,2026-04-17 07:00:00,2331.10000000,2342.02000000,2330.09000000,2334.16000000,7881.14810000,1776412799999,18411780.45527400,87477,4142.20700000,9677572.83758200
1776412800000,2026-04-17 08:00:00,2334.15000000,2359.27000000,2332.98000000,2354.87000000,14930.48640000,1776416399999,35041306.95930500,138259,7343.16310000,17238009.33139700
1776416400000,2026-04-17 09:00:00,2354.87000000,2377.00000000,2348.28000000,2359.10000000,22969.89450000,1776419999999,54201868.77342100,225127,12708.94080000,30005806.99344100
1776420000000,2026-04-17 10:00:00,2359.10000000,2361.10000000,2336.45000000,2344.01000000,18019.50180000,1776423599999,42295827.39240500,160700,8090.79100000,18987739.08627500
1776423600000,2026-04-17 11:00:00,2344.01000000,2356.96000000,2343.08000000,2354.99000000,9954.56480000,1776427199999,23409265.29407500,91636,3540.19040000,8321984.80407000
1776427200000,2026-04-17 12:00:00,2355.00000000,2382.66000000,2349.40000000,2371.97000000,25552.74350000,1776430799999,60476557.27661100,279048,13259.91040000,31404629.85076200
1776430800000,2026-04-17 13:00:00,2371.97000000,2440.45000000,2366.80000000,2437.05000000,108132.45910000,1776434399999,260700536.07462900,847270,60182.44340000,145062630.61263500
1776434400000,2026-04-17 14:00:00,2437.05000000,2456.93000000,2426.31000000,2447.25000000,58878.89860000,1776437999999,143762981.53162600,477651,29324.15200000,71644570.52467600
1776438000000,2026-04-17 15:00:00,2447.25000000,2449.99000000,2433.16000000,2441.96000000,28271.78520000,1776441599999,69052797.95037200,311023,11739.24180000,28679117.08711700
1776441600000,2026-04-17 16:00:00,2441.96000000,2464.91000000,2441.49000000,2451.30000000,25909.31160000,1776445199999,63563713.32493800,226946,12760.66650000,31317951.26275400
1776445200000,2026-04-17 17:00:00,2451.31000000,2452.50000000,2422.08000000,2440.42000000,21460.12780000,1776448799999,52271730.90582400,276513,8347.21630000,20333168.62208100
1776448800000,2026-04-17 18:00:00,2440.42000000,2442.68000000,2415.41000000,2419.99000000,18100.87430000,1776452399999,43881412.29751200,235254,7915.15390000,19184211.19122200
1776452400000,2026-04-17 19:00:00,2420.00000000,2432.92000000,2417.17000000,2427.92000000,11328.05380000,1776455999999,27491041.29794700,167111,6274.70430000,15227956.97700700
1776456000000,2026-04-17 20:00:00,2427.92000000,2435.29000000,2417.01000000,2426.78000000,7432.07330000,1776459599999,18032337.24980300,102203,3027.45410000,7349038.72412800
1776459600000,2026-04-17 21:00:00,2426.76000000,2433.48000000,2418.71000000,2429.49000000,10249.19910000,1776463199999,24879012.88420900,83818,4122.02790000,10006860.87116500
1776463200000,2026-04-17 22:00:00,2429.49000000,2444.34000000,2422.78000000,2433.52000000,41952.26470000,1776466799999,102169492.90621700,171488,31194.03250000,75978308.16969600
1776466800000,2026-04-17 23:00:00,2433.52000000,2433.52000000,2415.47000000,2419.00000000,15108.37780000,1776470399999,36594295.25450200,114824,8219.56820000,19904817.84925900
1776470400000,2026-04-18 00:00:00,2419.00000000,2423.58000000,2410.06000000,2420.99000000,9442.65150000,1776473999999,22829198.21797100,97201,4318.74210000,10440709.56977800
1776474000000,2026-04-18 01:00:00,2420.99000000,2427.64000000,2416.80000000,2420.99000000,6314.68790000,1776477599999,15294184.35712200,76539,2541.41230000,6155802.91031000
1776477600000,2026-04-18 02:00:00,2421.00000000,2424.85000000,2416.83000000,2419.20000000,5207.85750000,1776481199999,12608725.59238300,55362,2784.25310000,6740439.41964000
1776481200000,2026-04-18 03:00:00,2419.21000000,2419.83000000,2399.54000000,2405.04000000,8107.56330000,1776484799999,19532863.38580800,77938,2906.52620000,7006569.76640000
1776484800000,2026-04-18 04:00:00,2405.03000000,2410.48000000,2399.52000000,2407.48000000,4894.96020000,1776488399999,11774388.47847900,65014,2359.82350000,5676901.59846800
1776488400000,2026-04-18 05:00:00,2407.48000000,2413.54000000,2405.83000000,2408.95000000,2586.22780000,1776491999999,6231103.20618400,36069,1161.08670000,2797543.69564900
1776492000000,2026-04-18 06:00:00,2408.94000000,2411.87000000,2405.52000000,2410.00000000,2945.39830000,1776495599999,7097579.38869100,32754,1741.93850000,4197715.70596200
1776495600000,2026-04-18 07:00:00,2410.00000000,2411.12000000,2401.67000000,2403.71000000,4515.40910000,1776499199999,10863343.22778000,36857,1233.82700000,2968425.50016500
1776499200000,2026-04-18 08:00:00,2403.71000000,2404.85000000,2367.39000000,2380.57000000,25832.00670000,1776502799999,61576296.21755300,191582,10863.47420000,25879234.06478000
1776502800000,2026-04-18 09:00:00,2380.57000000,2380.93000000,2369.75000000,2376.04000000,9571.88610000,1776506399999,22741060.14172300,88474,4769.30170000,11331224.80584500
1776506400000,2026-04-18 10:00:00,2376.03000000,2376.03000000,2353.88000000,2359.34000000,18142.56560000,1776509999999,42837095.42401000,141051,8920.46890000,21057597.06642200
1776510000000,2026-04-18 11:00:00,2359.34000000,2360.47000000,2343.44000000,2352.96000000,14433.39940000,1776513599999,33953637.70962400,160733,6993.48840000,16453708.82266300
1776513600000,2026-04-18 12:00:00,2352.96000000,2362.50000000,2351.15000000,2357.93000000,8121.27240000,1776517199999,19144570.57352400,112310,4303.69840000,10146299.88025500
1776517200000,2026-04-18 13:00:00,2357.92000000,2360.07000000,2345.25000000,2355.13000000,9779.73650000,1776520799999,23006579.15700000,113920,5740.37400000,13502439.80326400
1776520800000,2026-04-18 14:00:00,2355.13000000,2366.00000000,2349.72000000,2365.23000000,26117.51870000,1776524399999,61587697.20406700,104267,7585.49250000,17891009.30985900
1776524400000,2026-04-18 15:00:00,2365.23000000,2369.66000000,2359.11000000,2363.64000000,13336.98520000,1776527999999,31513398.05788900,87326,4788.84110000,11318387.23481500
1776528000000,2026-04-18 16:00:00,2363.64000000,2375.14000000,2357.57000000,2360.87000000,12285.75880000,1776531599999,29025019.63173900,109767,5515.10990000,13040127.98097700
1776531600000,2026-04-18 17:00:00,2360.86000000,2364.87000000,2355.00000000,2361.46000000,10741.11450000,1776535199999,25342142.15450600,74018,4121.07230000,9731370.82060000
1776535200000,2026-04-18 18:00:00,2361.47000000,2363.64000000,2339.92000000,2347.44000000,11078.94770000,1776538799999,26051853.57811200,133049,6068.21030000,14281534.91997300
1776538800000,2026-04-18 19:00:00,2347.45000000,2356.02000000,2346.49000000,2348.59000000,5076.68510000,1776542399999,11934682.44090000,67983,2933.43220000,6896697.29393200
1776542400000,2026-04-18 20:00:00,2348.59000000,2354.90000000,2344.96000000,2352.62000000,3744.84460000,1776545999999,8800066.63145600,55542,2370.64570000,5571033.66843400
1776546000000,2026-04-18 21:00:00,2352.61000000,2355.33000000,2347.74000000,2355.33000000,4154.63680000,1776549599999,9772783.38188200,49181,2078.69390000,4890103.57562700
1776549600000,2026-04-18 22:00:00,2355.32000000,2359.46000000,2348.63000000,2356.53000000,2745.88380000,1776553199999,6464122.94827100,51226,1542.25790000,3631356.48988400
1776553200000,2026-04-18 23:00:00,2356.54000000,2359.50000000,2349.68000000,2350.32000000,2563.39130000,1776556799999,6036975.66850900,27762,1084.89860000,2555234.70718200
1776556800000,2026-04-19 00:00:00,2350.33000000,2355.30000000,2344.35000000,2349.09000000,3439.11310000,1776560399999,8078262.02752700,50790,1267.52770000,2978087.23068100
1776560400000,2026-04-19 01:00:00,2349.09000000,2353.00000000,2341.66000000,2348.03000000,5285.19010000,1776563999999,12404624.56915600,57928,3433.44180000,8058164.04144000
1776564000000,2026-04-19 02:00:00,2348.04000000,2349.20000000,2333.44000000,2338.25000000,8271.24630000,1776567599999,19364945.28960100,92804,3226.39970000,7554963.02483100
1776567600000,2026-04-19 03:00:00,2338.24000000,2344.09000000,2332.10000000,2339.77000000,3295.83010000,1776571199999,7711997.85816900,59548,1418.88940000,3320848.78445000
1776571200000,2026-04-19 04:00:00,2339.77000000,2346.11000000,2321.62000000,2333.34000000,9557.85180000,1776574799999,22289179.94205200,81628,4418.06950000,10305496.84655900
1776574800000,2026-04-19 05:00:00,2333.34000000,2338.68000000,2329.00000000,2332.76000000,4832.87000000,1776578399999,11275015.30575300,54410,2037.81210000,4755554.20074400
1776578400000,2026-04-19 06:00:00,2332.75000000,2333.12000000,2321.88000000,2327.20000000,14717.58520000,1776581999999,34272829.39072200,91819,7913.87850000,18429778.49644400
1776582000000,2026-04-19 07:00:00,2327.20000000,2327.32000000,2300.00000000,2316.03000000,25296.44480000,1776585599999,58431369.33215700,174463,9873.84870000,22815357.26252900
1776585600000,2026-04-19 08:00:00,2316.03000000,2320.96000000,2311.20000000,2318.69000000,6286.53820000,1776589199999,14561317.67174300,88912,3034.89980000,7029475.26984600
1776589200000,2026-04-19 09:00:00,2318.69000000,2319.36000000,2306.42000000,2310.24000000,4969.14520000,1776592799999,11495615.93452500,80793,2236.66750000,5175148.45564000
1776592800000,2026-04-19 10:00:00,2310.24000000,2320.15000000,2306.73000000,2318.01000000,3803.10010000,1776596399999,8796250.25089700,62711,2248.63870000,5201515.20265500
1776596400000,2026-04-19 11:00:00,2318.02000000,2331.13000000,2317.53000000,2329.38000000,8216.74050000,1776599999999,19121213.55356100,83911,3859.11420000,8977598.99648100
1776600000000,2026-04-19 12:00:00,2329.38000000,2337.24000000,2325.00000000,2331.29000000,10647.45650000,1776603599999,24823205.58296400,87382,5564.63680000,12971972.46484900
1776603600000,2026-04-19 13:00:00,2331.29000000,2350.24000000,2330.85000000,2338.67000000,12823.58290000,1776607199999,30021644.81670900,132922,6737.96700000,15772905.08824100
1776607200000,2026-04-19 14:00:00,2338.67000000,2343.12000000,2327.35000000,2338.09000000,6753.58510000,1776610799999,15775268.61582600,107602,3643.52320000,8512629.36905300
1776610800000,2026-04-19 15:00:00,2338.09000000,2341.49000000,2315.29000000,2330.80000000,7442.09470000,1776614399999,17335788.25663900,126160,3411.09930000,7946068.21218900
1776614400000,2026-04-19 16:00:00,2330.80000000,2331.34000000,2304.70000000,2311.68000000,10427.61440000,1776617999999,24148963.80683400,146606,5049.01920000,11684515.61749300
1776618000000,2026-04-19 17:00:00,2311.68000000,2317.81000000,2294.50000000,2296.59000000,19133.87430000,1776621599999,44095011.39143900,198137,8468.89240000,19531730.82265000
1776621600000,2026-04-19 18:00:00,2296.58000000,2301.25000000,2287.62000000,2295.78000000,16668.74810000,1776625199999,38255511.70757700,167416,7908.03480000,18151521.26021300
1776625200000,2026-04-19 19:00:00,2295.78000000,2304.78000000,2294.42000000,2299.65000000,7573.47190000,1776628799999,17416108.15187100,96694,4108.33790000,9446763.50980600
1776628800000,2026-04-19 20:00:00,2299.66000000,2300.00000000,2273.51000000,2280.61000000,19343.70540000,1776632399999,44186915.42128900,155040,6687.70580000,15284916.04142000
1776632400000,2026-04-19 21:00:00,2280.61000000,2290.34000000,2274.98000000,2276.09000000,7305.18820000,1776635999999,16681668.36230000,99251,4128.88580000,9429937.88228700
1776636000000,2026-04-19 22:00:00,2276.08000000,2276.08000000,2252.72000000,2269.79000000,28519.85710000,1776639599999,64584541.00138800,298528,13674.45900000,30962496.26113400
1776639600000,2026-04-19 23:00:00,2269.78000000,2270.40000000,2256.33000000,2263.27000000,11475.99360000,1776643199999,25981264.85235100,132805,5449.15310000,12337562.54731000
1776643200000,2026-04-20 00:00:00,2263.28000000,2283.14000000,2259.67000000,2280.01000000,12643.26390000,1776646799999,28767564.64544300,116303,7387.03850000,16807567.08356600
1776646800000,2026-04-20 01:00:00,2280.02000000,2294.30000000,2278.20000000,2286.17000000,7563.37050000,1776650399999,17285020.12484900,91813,3908.60710000,8933015.42993000
1776650400000,2026-04-20 02:00:00,2286.16000000,2287.63000000,2272.25000000,2277.43000000,5859.75750000,1776653999999,13357479.57921300,75984,3025.61040000,6897487.05693800
1776654000000,2026-04-20 03:00:00,2277.43000000,2288.58000000,2276.08000000,2286.56000000,3966.85700000,1776657599999,9050146.39966000,49682,2452.57330000,5595340.70091100
1776657600000,2026-04-20 04:00:00,2286.55000000,2286.55000000,2278.84000000,2283.39000000,5327.07770000,1776661199999,12160062.25324200,42325,2157.20450000,4924206.87192600
1776661200000,2026-04-20 05:00:00,2283.39000000,2283.39000000,2263.18000000,2270.21000000,8416.40300000,1776664799999,19105483.86903400,77430,4855.34980000,11020810.21934100
1776664800000,2026-04-20 06:00:00,2270.21000000,2289.00000000,2268.78000000,2286.17000000,7027.73890000,1776668399999,16018784.29484600,86474,3826.03040000,8723662.08338600
1776668400000,2026-04-20 07:00:00,2286.17000000,2332.88000000,2283.02000000,2298.80000000,38704.94300000,1776671999999,89155313.54681700,273136,19811.88960000,45653764.59032200
1776672000000,2026-04-20 08:00:00,2298.81000000,2308.65000000,2289.82000000,2294.09000000,14250.25420000,1776675599999,32739073.39244300,151584,7444.62140000,17106641.36814500
1776675600000,2026-04-20 09:00:00,2294.08000000,2313.64000000,2293.30000000,2309.06000000,8516.30250000,1776679199999,19640794.57872800,140085,5073.68610000,11699756.88174600
1776679200000,2026-04-20 10:00:00,2309.06000000,2320.00000000,2303.23000000,2303.39000000,7456.35010000,1776682799999,17242416.14415800,120970,3829.43940000,8857068.02533700
1776682800000,2026-04-20 11:00:00,2303.39000000,2312.33000000,2300.00000000,2308.42000000,7390.65870000,1776686399999,17053910.55025400,115968,3755.22140000,8666151.57265300
1776686400000,2026-04-20 12:00:00,2308.42000000,2323.02000000,2304.46000000,2318.88000000,11999.44750000,1776689999999,27774892.40836400,175653,6172.37780000,14290158.67725000
1776690000000,2026-04-20 13:00:00,2318.88000000,2326.36000000,2301.53000000,2310.82000000,17038.13650000,1776693599999,39427317.48128200,312700,8539.87410000,19769914.77923400
1776693600000,2026-04-20 14:00:00,2310.82000000,2321.98000000,2283.00000000,2290.90000000,33102.91230000,1776697199999,76099997.43805800,416525,11729.10860000,26998130.54168500
1776697200000,2026-04-20 15:00:00,2290.91000000,2319.00000000,2278.38000000,2313.91000000,23294.03760000,1776700799999,53627867.23278300,369339,12225.48590000,28158597.24781300
1776700800000,2026-04-20 16:00:00,2313.92000000,2315.01000000,2298.76000000,2300.07000000,9601.38920000,1776704399999,22144705.68152000,154214,4389.01110000,10122193.74155400
1776704400000,2026-04-20 17:00:00,2300.07000000,2322.40000000,2297.97000000,2317.06000000,12548.22860000,1776707999999,29032865.37986000,205933,6540.65910000,15133186.88458500
1776708000000,2026-04-20 18:00:00,2317.06000000,2344.19000000,2317.06000000,2334.23000000,23517.31050000,1776711599999,54831370.05192500,237483,12397.45770000,28904406.57410600
1776711600000,2026-04-20 19:00:00,2334.24000000,2336.43000000,2327.27000000,2331.78000000,7765.57460000,1776715199999,18103018.26824300,112719,3264.81820000,7610943.39461200
1776715200000,2026-04-20 20:00:00,2331.78000000,2340.15000000,2325.33000000,2337.59000000,8921.23420000,1776718799999,20816184.87610400,102019,4720.43090000,11016692.51208200
1776718800000,2026-04-20 21:00:00,2337.58000000,2346.78000000,2315.21000000,2321.65000000,14498.16360000,1776722399999,33767165.74247900,142250,6532.49470000,15223694.68108100
1776722400000,2026-04-20 22:00:00,2321.64000000,2328.52000000,2316.75000000,2319.40000000,5121.24710000,1776725999999,11891006.17922200,94741,2431.51120000,5646423.89840100
1776726000000,2026-04-20 23:00:00,2319.40000000,2319.40000000,2307.74000000,2313.85000000,6469.40720000,1776729599999,14959757.86016600,86291,2557.12730000,5912217.77435700
1776729600000,2026-04-21 00:00:00,2313.84000000,2324.70000000,2311.66000000,2321.94000000,5640.51030000,1776733199999,13069941.05987100,101546,2884.01370000,6683491.88431300
1776733200000,2026-04-21 01:00:00,2321.94000000,2326.64000000,2312.66000000,2315.16000000,5266.91320000,1776736799999,12219412.28439400,83047,2733.58570000,6342205.09772300
1776736800000,2026-04-21 02:00:00,2315.16000000,2315.72000000,2306.45000000,2308.34000000,5528.16090000,1776740399999,12771247.95815000,71460,2119.49230000,4896386.18540200
1776740400000,2026-04-21 03:00:00,2308.34000000,2312.90000000,2300.01000000,2311.62000000,6345.60650000,1776743999999,14631296.93122400,71422,3155.32090000,7277128.51123400
1776744000000,2026-04-21 04:00:00,2311.62000000,2315.87000000,2304.06000000,2314.59000000,3834.09530000,1776747599999,8855561.19854800,57144,2077.86210000,4799757.55129400
1776747600000,2026-04-21 05:00:00,2314.59000000,2320.69000000,2312.65000000,2314.07000000,3741.65060000,1776751199999,8667134.50288700,63089,1701.88730000,3942362.54399500
1776751200000,2026-04-21 06:00:00,2314.07000000,2327.05000000,2308.01000000,2317.36000000,5716.02880000,1776754799999,13242151.50319800,80431,2868.33290000,6647791.64714600
1776754800000,2026-04-21 07:00:00,2317.37000000,2324.98000000,2311.56000000,2318.48000000,9653.59860000,1776758399999,22392722.66915500,102961,6676.78830000,15488222.77158300
1776758400000,2026-04-21 08:00:00,2318.48000000,2338.75000000,2314.00000000,2323.43000000,8919.82730000,1776761999999,20744667.48355100,118047,4562.88820000,10613855.67460400
1776762000000,2026-04-21 09:00:00,2323.42000000,2327.65000000,2318.37000000,2325.69000000,5091.06950000,1776765599999,11827684.59887600,99016,2305.32700000,5356332.49871200
1776765600000,2026-04-21 10:00:00,2325.70000000,2337.27000000,2325.33000000,2331.15000000,7326.51330000,1776769199999,17077690.96536600,88920,3473.53800000,8098023.28792000
1776769200000,2026-04-21 11:00:00,2331.15000000,2331.29000000,2316.14000000,2320.45000000,9302.95820000,1776772799999,21612857.23190500,114817,3686.39190000,8564422.20576300
1776772800000,2026-04-21 12:00:00,2320.45000000,2324.68000000,2294.39000000,2308.54000000,16334.84290000,1776776399999,37705644.68693900,198332,7254.29610000,16754142.76198500
1776776400000,2026-04-21 13:00:00,2308.54000000,2317.37000000,2301.00000000,2312.77000000,9222.59730000,1776779999999,21286763.85763000,220479,5160.10800000,11910055.42375400
1776780000000,2026-04-21 14:00:00,2312.77000000,2327.50000000,2295.00000000,2299.35000000,13991.75380000,1776783599999,32346120.98797700,269526,6087.93870000,14085614.68804100
1776783600000,2026-04-21 15:00:00,2299.35000000,2310.72000000,2290.35000000,2310.24000000,12568.85120000,1776787199999,28936458.69411000,261985,5770.93060000,13286413.76987800
1776787200000,2026-04-21 16:00:00,2310.25000000,2324.73000000,2306.51000000,2307.45000000,12280.46910000,1776790799999,28424911.91115000,188451,5207.74390000,12056768.78679800
1776790800000,2026-04-21 17:00:00,2307.44000000,2319.61000000,2284.19000000,2306.21000000,18658.58830000,1776794399999,42968576.57326200,265501,7736.01000000,17811625.70202300
1776794400000,2026-04-21 18:00:00,2306.20000000,2313.33000000,2300.29000000,2312.72000000,7991.70760000,1776797999999,18430194.67012600,155748,3738.31260000,8620726.06498800
1776798000000,2026-04-21 19:00:00,2312.72000000,2332.00000000,2287.30000000,2298.41000000,23355.84380000,1776801599999,53905835.99257700,301668,11364.73930000,26240805.19934600
1776801600000,2026-04-21 20:00:00,2298.42000000,2325.88000000,2296.04000000,2314.56000000,19563.42900000,1776805199999,45305001.14776200,203665,10085.26830000,23354323.36504400
1776805200000,2026-04-21 21:00:00,2314.55000000,2318.00000000,2309.41000000,2312.56000000,4222.53470000,1776808799999,9767075.62688000,67472,2005.56170000,4638822.29216800
1776808800000,2026-04-21 22:00:00,2312.56000000,2316.76000000,2301.90000000,2311.35000000,5248.75930000,1776812399999,12120218.69729900,105344,2418.80360000,5584662.96162200
1776812400000,2026-04-21 23:00:00,2311.35000000,2329.47000000,2310.92000000,2327.14000000,6839.66750000,1776815999999,15877778.40674300,108863,3546.31670000,8232562.97064300
1776816000000,2026-04-22 00:00:00,2327.15000000,2330.82000000,2322.62000000,2325.58000000,5576.63570000,1776819599999,12975367.24879700,102662,2750.51000000,6400465.91451000
1776819600000,2026-04-22 01:00:00,2325.57000000,2328.73000000,2312.95000000,2322.37000000,6606.13810000,1776823199999,15339858.80170900,99774,3568.42930000,8288172.70803200
1776823200000,2026-04-22 02:00:00,2322.37000000,2375.23000000,2320.22000000,2370.34000000,35435.16150000,1776826799999,83353940.21896500,325543,19655.85230000,46227152.62958100
1776826800000,2026-04-22 03:00:00,2370.35000000,2379.66000000,2358.49000000,2363.62000000,19156.44860000,1776830399999,45356358.62800000,198106,10152.57770000,24038964.20734400
1776830400000,2026-04-22 04:00:00,2363.63000000,2369.54000000,2358.41000000,2363.81000000,8422.83550000,1776833999999,19906309.92226600,99854,3791.98090000,8963892.99093200
1776834000000,2026-04-22 05:00:00,2363.82000000,2413.83000000,2361.85000000,2396.81000000,55731.40600000,1776837599999,133447161.76922200,360554,26759.58480000,64025362.19345900
1776837600000,2026-04-22 06:00:00,2396.81000000,2397.06000000,2389.44000000,2393.37000000,12010.93630000,1776841199999,28735170.21823400,108257,5047.32630000,12075060.71580400
1776841200000,2026-04-22 07:00:00,2393.38000000,2397.62000000,2383.33000000,2389.97000000,13184.76810000,1776844799999,31523807.24423400,99617,5256.81090000,12570620.36953700
1776844800000,2026-04-22 08:00:00,2389.98000000,2393.91000000,2383.00000000,2388.22000000,13789.85850000,1776848399999,32929228.86902600,108228,7548.37380000,18026175.60998400
1776848400000,2026-04-22 09:00:00,2388.22000000,2394.27000000,2385.00000000,2387.51000000,7492.28800000,1776851999999,17908850.34506900,103109,4042.10300000,9662280.04163400
1776852000000,2026-04-22 10:00:00,2387.52000000,2393.68000000,2385.15000000,2390.20000000,7644.11270000,1776855599999,18269609.58488700,83771,3180.08790000,7600164.52372600
1776855600000,2026-04-22 11:00:00,2390.21000000,2400.78000000,2386.51000000,2398.44000000,12475.11320000,1776859199999,29856958.05535500,131747,6916.17100000,16554890.24604000
1776859200000,2026-04-22 12:00:00,2398.44000000,2407.03000000,2396.16000000,2404.92000000,14367.42690000,1776862799999,34495861.41507200,202535,7946.48760000,19081528.93471800
1776862800000,2026-04-22 13:00:00,2404.91000000,2423.00000000,2401.27000000,2417.40000000,28321.24160000,1776866399999,68303399.65396400,392062,15842.70980000,38212556.40938200
1776866400000,2026-04-22 14:00:00,2417.40000000,2423.75000000,2391.50000000,2403.17000000,26739.82270000,1776869999999,64362631.55479100,378955,14663.66450000,35287764.21191400
1776870000000,2026-04-22 15:00:00,2403.17000000,2413.89000000,2390.90000000,2403.83000000,29310.33460000,1776873599999,70368947.24372700,297465,15599.48260000,37458627.49613200
1776873600000,2026-04-22 16:00:00,2403.84000000,2413.75000000,2384.17000000,2386.14000000,19934.19910000,1776877199999,47757722.89969700,247971,7234.36970000,17338057.18539300
1776877200000,2026-04-22 17:00:00,2386.15000000,2402.50000000,2386.15000000,2399.21000000,11859.30390000,1776880799999,28400323.40388600,184963,6600.12700000,15807708.38398400
1776880800000,2026-04-22 18:00:00,2399.21000000,2404.69000000,2395.09000000,2396.91000000,7000.26110000,1776884399999,16802707.04403000,123640,3638.80700000,8734553.87733600
1776884400000,2026-04-22 19:00:00,2396.92000000,2407.24000000,2389.18000000,2397.79000000,11527.44790000,1776887999999,27640964.83302100,167304,6307.80580000,15126568.77579800
1776888000000,2026-04-22 20:00:00,2397.80000000,2402.34000000,2390.81000000,2391.92000000,8758.46240000,1776891599999,20985133.85554700,104034,4331.69470000,10379767.64179000
1776891600000,2026-04-22 21:00:00,2391.91000000,2406.11000000,2391.88000000,2402.55000000,7026.73450000,1776895199999,16855766.17698900,63452,3117.26270000,7478047.05488200
1776895200000,2026-04-22 22:00:00,2402.55000000,2405.38000000,2394.09000000,2400.09000000,5897.79860000,1776898799999,14150110.19451500,108907,3269.26470000,7844092.94257400
1776898800000,2026-04-22 23:00:00,2400.08000000,2400.48000000,2373.95000000,2374.07000000,11438.39040000,1776902399999,27259740.01968400,137733,4536.78380000,10814448.42905400
1776902400000,2026-04-23 00:00:00,2374.08000000,2382.00000000,2342.80000000,2372.96000000,36491.31200000,1776905999999,86363789.51052200,377576,21162.73350000,50121742.14188700
1776906000000,2026-04-23 01:00:00,2372.96000000,2372.97000000,2360.72000000,2366.79000000,7971.35870000,1776909599999,18863105.74514600,142948,4532.35970000,10724109.07353700
1776909600000,2026-04-23 02:00:00,2366.79000000,2366.86000000,2344.35000000,2351.96000000,16562.40790000,1776913199999,38989337.72551600,194316,6884.46910000,16212050.70223100
1776913200000,2026-04-23 03:00:00,2351.96000000,2353.44000000,2331.50000000,2340.81000000,15181.03670000,1776916799999,35520979.11021100,181189,7620.61740000,17827743.75880400
1776916800000,2026-04-23 04:00:00,2340.82000000,2348.66000000,2337.12000000,2347.84000000,6876.07420000,1776920399999,16116169.04804900,94739,3796.49930000,8898643.55836400
1776920400000,2026-04-23 05:00:00,2347.84000000,2352.61000000,2340.19000000,2348.77000000,9395.09870000,1776923999999,22059799.42313100,106984,3466.42310000,8139123.09454500
1776924000000,2026-04-23 06:00:00,2348.77000000,2358.93000000,2348.77000000,2354.43000000,11877.43830000,1776927599999,27964000.10075000,116361,4881.20180000,11494430.46107000
1776927600000,2026-04-23 07:00:00,2354.44000000,2356.85000000,2340.00000000,2344.43000000,11195.04510000,1776931199999,26296989.00710600,109736,4291.08580000,10076554.52255700
1776931200000,2026-04-23 08:00:00,2344.43000000,2345.00000000,2335.00000000,2339.92000000,17537.38050000,1776934799999,41042951.40766700,118649,9838.56260000,23028089.20223200
1776934800000,2026-04-23 09:00:00,2339.91000000,2339.91000000,2313.58000000,2316.25000000,27426.25660000,1776938399999,63702382.09202900,171120,11315.48470000,26273255.96446600
1776938400000,2026-04-23 10:00:00,2316.24000000,2319.17000000,2305.61000000,2314.09000000,19663.98240000,1776941999999,45459292.78826300,177270,8699.11410000,20110638.71737700
1776942000000,2026-04-23 11:00:00,2314.09000000,2331.99000000,2314.09000000,2328.97000000,13523.41820000,1776945599999,31414560.44758500,146038,6222.57760000,14450694.68789100
1776945600000,2026-04-23 12:00:00,2328.96000000,2335.23000000,2320.81000000,2328.87000000,11828.32310000,1776949199999,27540149.80726100,159172,5788.61580000,13477703.90874300
1776949200000,2026-04-23 13:00:00,2328.88000000,2332.50000000,2315.23000000,2319.82000000,12436.93990000,1776952799999,28893654.93082100,209897,6438.42980000,14958087.46513700
1776952800000,2026-04-23 14:00:00,2319.81000000,2335.12000000,2316.07000000,2334.24000000,13699.86440000,1776956399999,31884154.63036200,239273,7842.51960000,18253145.91856600
1776956400000,2026-04-23 15:00:00,2334.24000000,2343.58000000,2324.15000000,2333.26000000,14842.77270000,1776959999999,34646352.72683800,207863,7236.26190000,16892149.09648300
1776960000000,2026-04-23 16:00:00,2333.26000000,2335.76000000,2323.39000000,2326.38000000,8034.79630000,1776963599999,18720846.86960600,130326,4604.73770000,10727738.64087400
1776963600000,2026-04-23 17:00:00,2326.39000000,2329.24000000,2285.42000000,2310.42000000,45125.73740000,1776967199999,103931725.46952600,503725,19975.49310000,46007705.70549200
1776967200000,2026-04-23 18:00:00,2310.42000000,2319.04000000,2304.42000000,2305.31000000,14250.70260000,1776970799999,32961044.94549700,226562,7103.01970000,16431797.38672400
1776970800000,2026-04-23 19:00:00,2305.30000000,2318.97000000,2300.70000000,2312.88000000,11612.54760000,1776974399999,26837882.49813600,138461,3886.03770000,8980536.77408700
1776974400000,2026-04-23 20:00:00,2312.87000000,2329.48000000,2312.74000000,2325.37000000,10663.50080000,1776977999999,24768845.64665400,100675,4790.45030000,11128468.31433500
1776978000000,2026-04-23 21:00:00,2325.36000000,2328.85000000,2320.73000000,2321.66000000,6005.62480000,1776981599999,13962612.38345900,56220,2251.85360000,5235719.37075700
1776981600000,2026-04-23 22:00:00,2321.66000000,2338.79000000,2321.66000000,2331.97000000,8475.76960000,1776985199999,19770664.73517800,109092,4357.69020000,10162822.55149200
1776985200000,2026-04-23 23:00:00,2331.97000000,2333.18000000,2323.71000000,2330.26000000,5968.30380000,1776988799999,13901055.63191200,61387,2651.66120000,6175760.61595300
1776988800000,2026-04-24 00:00:00,2330.27000000,2337.50000000,2326.68000000,2332.48000000,5575.83740000,1776992399999,13004056.18405500,92408,2610.86240000,6091332.15054900
1776992400000,2026-04-24 01:00:00,2332.47000000,2334.23000000,2318.69000000,2332.84000000,6039.29360000,1776995999999,14043509.27620800,88685,2504.70550000,5826069.74729600
1776996000000,2026-04-24 02:00:00,2332.83000000,2335.39000000,2315.05000000,2319.91000000,6028.72690000,1776999599999,14023178.41972800,82036,2349.02770000,5465843.94877800
1776999600000,2026-04-24 03:00:00,2319.90000000,2322.84000000,2301.35000000,2308.64000000,9361.03530000,1777003199999,21610528.85281100,116754,4046.15640000,9341350.01524300
1777003200000,2026-04-24 04:00:00,2308.63000000,2311.75000000,2300.50000000,2306.16000000,6882.21180000,1777006799999,15866281.58829200,79071,3797.57690000,8754631.24274900
1777006800000,2026-04-24 05:00:00,2306.16000000,2317.35000000,2300.22000000,2314.74000000,8521.93140000,1777010399999,19677719.35014700,91840,3623.64600000,8367466.46265200
1777010400000,2026-04-24 06:00:00,2314.75000000,2316.87000000,2308.71000000,2309.20000000,5049.95380000,1777013999999,11678413.90745900,69542,1922.85300000,4446985.24898400
1777014000000,2026-04-24 07:00:00,2309.21000000,2316.85000000,2308.48000000,2311.63000000,8194.84320000,1777017599999,18953725.12558700,68299,5794.01050000,13400887.35806100
1777017600000,2026-04-24 08:00:00,2311.63000000,2322.99000000,2307.49000000,2315.24000000,11658.19710000,1777021199999,27003768.71792800,84426,5656.71230000,13101165.61760700
1777021200000,2026-04-24 09:00:00,2315.24000000,2315.79000000,2303.74000000,2310.18000000,6774.43960000,1777024799999,15639565.58445600,97064,3316.15780000,7655684.84465600
1777024800000,2026-04-24 10:00:00,2310.19000000,2319.06000000,2306.00000000,2316.02000000,4784.86630000,1777028399999,11068033.22589400,77546,2234.87260000,5170451.62814900
1777028400000,2026-04-24 11:00:00,2316.01000000,2332.26000000,2316.01000000,2328.10000000,12651.41710000,1777031999999,29443789.44439300,181816,6683.20650000,15551579.31865100
1777032000000,2026-04-24 12:00:00,2328.10000000,2331.85000000,2318.53000000,2325.25000000,9855.01360000,1777035599999,22929271.84336700,126499,3912.87390000,9106257.50335000
1777035600000,2026-04-24 13:00:00,2325.26000000,2331.67000000,2310.99000000,2317.32000000,9015.93960000,1777039199999,20930450.07357900,197485,3850.57070000,8938785.95788700
1777039200000,2026-04-24 14:00:00,2317.32000000,2318.40000000,2304.07000000,2313.41000000,13688.63770000,1777042799999,31632659.00927900,212058,6743.73970000,15584871.36416600
1777042800000,2026-04-24 15:00:00,2313.42000000,2329.73000000,2301.61000000,2323.81000000,14252.13950000,1777046399999,33003107.50124600,179277,6522.72760000,15108593.65382000
1777046400000,2026-04-24 16:00:00,2323.81000000,2324.23000000,2310.00000000,2316.67000000,6290.78270000,1777049999999,14572709.84245300,118035,2619.48360000,6067780.11822400
1777050000000,2026-04-24 17:00:00,2316.66000000,2322.00000000,2308.82000000,2319.60000000,7562.05370000,1777053599999,17513313.47831700,104149,3472.65120000,8041737.81555300
1777053600000,2026-04-24 18:00:00,2319.59000000,2321.41000000,2310.01000000,2319.92000000,5197.76710000,1777057199999,12039834.03194500,88320,2391.42520000,5538584.28425400
1777057200000,2026-04-24 19:00:00,2319.93000000,2325.00000000,2319.22000000,2321.60000000,5615.64820000,1777060799999,13037490.67464500,77178,2660.17510000,6175639.15153700
1777060800000,2026-04-24 20:00:00,2321.59000000,2328.16000000,2315.38000000,2326.47000000,6361.60580000,1777064399999,14773239.92332100,56557,3412.50830000,7925752.45454200
1777064400000,2026-04-24 21:00:00,2326.47000000,2327.52000000,2312.60000000,2315.18000000,7039.30940000,1777067999999,16325405.12759900,51130,3469.99120000,8046838.49900700
1777068000000,2026-04-24 22:00:00,2315.19000000,2316.17000000,2307.20000000,2311.92000000,6034.22040000,1777071599999,13954873.17998500,51155,3782.75180000,8749962.77440800
1777071600000,2026-04-24 23:00:00,2311.93000000,2316.05000000,2311.93000000,2314.99000000,1451.74690000,1777075199999,3359901.85512500,22494,806.15220000,1865741.72364200
1777075200000,2026-04-25 00:00:00,2314.98000000,2316.05000000,2311.27000000,2316.04000000,1576.45570000,1777078799999,3647302.71275200,22909,818.91170000,1894568.76747100
1777078800000,2026-04-25 01:00:00,2316.04000000,2321.36000000,2315.46000000,2318.00000000,2215.44040000,1777082399999,5136617.33403300,26753,1390.80180000,3224501.72206000
1777082400000,2026-04-25 02:00:00,2318.01000000,2319.27000000,2314.78000000,2317.40000000,2081.62260000,1777085999999,4823503.96935800,23455,955.36980000,2213838.35360200
1777086000000,2026-04-25 03:00:00,2317.41000000,2320.43000000,2315.12000000,2318.43000000,1765.54010000,1777089599999,4091977.28753400,20890,862.12300000,1998306.88252900
1777089600000,2026-04-25 04:00:00,2318.44000000,2319.01000000,2316.15000000,2316.79000000,1445.56850000,1777093199999,3350009.13544000,16422,634.90200000,1471379.40514300
1777093200000,2026-04-25 05:00:00,2316.80000000,2316.80000000,2313.30000000,2316.01000000,1473.45620000,1777096799999,3410999.06199700,21202,673.82970000,1559947.73184300
1777096800000,2026-04-25 06:00:00,2316.01000000,2317.64000000,2314.89000000,2316.01000000,1591.22200000,1777100399999,3685777.65519900,18293,831.55410000,1925999.66312800
1777100400000,2026-04-25 07:00:00,2316.00000000,2318.81000000,2314.26000000,2316.48000000,1817.90790000,1777103999999,4209873.51122400,18729,922.48950000,2136400.26636600
1777104000000,2026-04-25 08:00:00,2316.48000000,2320.92000000,2315.92000000,2319.44000000,1641.03740000,1777107599999,3805370.82783700,21127,861.79160000,1998467.84800300
1777107600000,2026-04-25 09:00:00,2319.43000000,2323.21000000,2317.17000000,2319.12000000,4665.14040000,1777111199999,10826108.33524600,30835,1834.76050000,4256438.36469900
1777111200000,2026-04-25 10:00:00,2319.11000000,2322.74000000,2318.93000000,2320.56000000,2081.20430000,1777114799999,4829261.67881500,21474,1092.31110000,2534653.84084200
1777114800000,2026-04-25 11:00:00,2320.57000000,2320.57000000,2311.20000000,2313.64000000,3083.41510000,1777118399999,7137571.55849000,33012,1082.63450000,2506100.49179400
1777118400000,2026-04-25 12:00:00,2313.65000000,2317.02000000,2311.88000000,2313.55000000,3479.13910000,1777121999999,8051518.07863500,29928,2168.86530000,5019066.56767800
1777122000000,2026-04-25 13:00:00,2313.56000000,2317.88000000,2313.56000000,2316.25000000,2342.79180000,1777125599999,5426850.31993100,22641,1141.27420000,2643675.89913800
1777125600000,2026-04-25 14:00:00,2316.25000000,2318.94000000,2315.27000000,2316.02000000,3122.02400000,1777129199999,7233835.82982500,31127,1573.69890000,3646225.71442700
1777129200000,2026-04-25 15:00:00,2316.03000000,2318.68000000,2303.00000000,2308.09000000,6697.52290000,1777132799999,15480276.10306200,49425,2818.33750000,6517908.23517100
1777132800000,2026-04-25 16:00:00,2308.08000000,2311.03000000,2300.55000000,2309.53000000,10410.57620000,1777136399999,24017898.23018700,59426,5633.49500000,12996805.88544000
1777136400000,2026-04-25 17:00:00,2309.54000000,2313.62000000,2307.34000000,2309.36000000,4362.47310000,1777139999999,10078921.21477000,32298,1855.43780000,4286378.31014200
1777140000000,2026-04-25 18:00:00,2309.36000000,2313.98000000,2308.28000000,2311.55000000,2819.96310000,1777143599999,6517399.11796800,27493,1512.79920000,3496336.23401300
1777143600000,2026-04-25 19:00:00,2311.55000000,2312.31000000,2307.12000000,2310.06000000,2083.67420000,1777147199999,4813477.01997300,24149,916.95570000,2118376.75672500
1777147200000,2026-04-25 20:00:00,2310.06000000,2313.21000000,2308.85000000,2313.20000000,1361.61270000,1777150799999,3146616.44942700,18552,670.80950000,1550095.54150000
1777150800000,2026-04-25 21:00:00,2313.21000000,2317.35000000,2312.86000000,2315.80000000,2432.52740000,1777154399999,5632204.29174900,29214,1333.00870000,3086427.20209900
1777154400000,2026-04-25 22:00:00,2315.79000000,2320.42000000,2315.09000000,2317.75000000,1894.66460000,1777157999999,4391644.63576800,35129,1020.01570000,2364255.76525800
1777158000000,2026-04-25 23:00:00,2317.76000000,2319.86000000,2316.92000000,2319.50000000,1694.23940000,1777161599999,3928573.17932300,24274,983.67610000,2280975.54498400
1777161600000,2026-04-26 00:00:00,2319.49000000,2320.06000000,2312.00000000,2315.37000000,2339.57590000,1777165199999,5418698.13754900,30136,1246.42580000,2887305.87888000
1777165200000,2026-04-26 01:00:00,2315.37000000,2317.88000000,2313.48000000,2313.85000000,2629.48890000,1777168799999,6089296.02605200,27248,841.26160000,1948170.82988800
1777168800000,2026-04-26 02:00:00,2313.84000000,2318.40000000,2313.58000000,2315.15000000,1662.72680000,1777172399999,3851278.47549800,21543,535.11310000,1239495.69591300
1777172400000,2026-04-26 03:00:00,2315.15000000,2316.35000000,2306.72000000,2310.00000000,3380.93360000,1777175999999,7814282.24988000,29427,786.29570000,1816787.58797200
1777176000000,2026-04-26 04:00:00,2309.99000000,2319.76000000,2308.97000000,2317.74000000,2619.15570000,1777179599999,6062443.04949800,36119,1370.35990000,3172491.97258300
1777179600000,2026-04-26 05:00:00,2317.73000000,2336.48000000,2317.57000000,2327.84000000,15716.82870000,1777183199999,36617203.40235900,106067,8231.61250000,19176888.22469700
1777183200000,2026-04-26 06:00:00,2327.85000000,2333.27000000,2327.46000000,2329.99000000,4332.56420000,1777186799999,10095712.98201600,37923,2199.26530000,5125183.01674400
1777186800000,2026-04-26 07:00:00,2330.00000000,2332.25000000,2328.58000000,2331.24000000,2312.78480000,1777190399999,5388359.92239200,23391,1038.46020000,2419467.34396900
1777190400000,2026-04-26 08:00:00,2331.25000000,2337.68000000,2330.49000000,2332.38000000,4685.46080000,1777193999999,10932576.78754200,38741,2686.25900000,6268140.57758900
1777194000000,2026-04-26 09:00:00,2332.37000000,2335.59000000,2329.66000000,2334.69000000,2480.19170000,1777197599999,5784667.48891800,27860,1252.49440000,2921417.25419500
1777197600000,2026-04-26 10:00:00,2334.68000000,2336.32000000,2331.70000000,2332.95000000,2898.43610000,1777201199999,6764149.17032700,24275,1275.24940000,2976180.29578400
1777201200000,2026-04-26 11:00:00,2332.95000000,2337.50000000,2332.75000000,2335.95000000,2047.14790000,1777204799999,4780434.17942900,31076,886.51330000,2070301.67991700
1777204800000,2026-04-26 12:00:00,2335.96000000,2336.40000000,2324.19000000,2328.89000000,4449.03660000,1777208399999,10366846.45959100,42719,1874.31930000,4368347.83184400
1777208400000,2026-04-26 13:00:00,2328.90000000,2336.00000000,2328.11000000,2335.22000000,3739.86650000,1777211999999,8721871.27400000,38320,2305.23440000,5375630.35923400
1777212000000,2026-04-26 14:00:00,2335.21000000,2352.44000000,2333.64000000,2346.20000000,12976.67370000,1777215599999,30442457.41522300,115804,6785.65680000,15918477.30034000
1777215600000,2026-04-26 15:00:00,2346.20000000,2348.93000000,2344.23000000,2348.05000000,3342.30380000,1777219199999,7842481.15952500,48223,1607.44350000,3771775.83330100
1777219200000,2026-04-26 16:00:00,2348.06000000,2349.43000000,2342.91000000,2342.92000000,3916.77880000,1777222799999,9189048.51863500,38406,1579.18550000,3705083.98775400
1777222800000,2026-04-26 17:00:00,2342.92000000,2349.99000000,2340.56000000,2349.43000000,3116.55930000,1777226399999,7309884.62278100,33911,1534.23970000,3599305.19863000
1777226400000,2026-04-26 18:00:00,2349.42000000,2369.01000000,2347.42000000,2361.99000000,16174.02880000,1777229999999,38178120.63411400,118845,9500.26420000,22420185.32741200
1777230000000,2026-04-26 19:00:00,2361.99000000,2376.35000000,2359.55000000,2367.40000000,11849.38690000,1777233599999,28067192.04045100,101992,5873.50910000,13913042.68678900
1777233600000,2026-04-26 20:00:00,2367.40000000,2372.68000000,2362.50000000,2362.50000000,5233.96550000,1777237199999,12390989.13582800,52853,2501.87570000,5924174.96466900
1777237200000,2026-04-26 21:00:00,2362.51000000,2370.33000000,2348.47000000,2364.34000000,11912.71110000,1777240799999,28110085.63024400,143488,5584.14960000,13178009.62643900
1777240800000,2026-04-26 22:00:00,2364.34000000,2380.00000000,2353.53000000,2361.89000000,17014.56380000,1777244399999,40254921.99557000,200235,8397.35460000,19858411.65446200
1777244400000,2026-04-26 23:00:00,2361.88000000,2378.61000000,2356.73000000,2369.44000000,13760.45200000,1777247999999,32566217.18327100,139968,6983.62910000,16525052.22591000
1777248000000,2026-04-27 00:00:00,2369.45000000,2392.00000000,2359.46000000,2390.76000000,13606.04920000,1777251599999,32346838.02993100,171230,7777.84000000,18497900.65032900
1777251600000,2026-04-27 01:00:00,2390.56000000,2404.37000000,2377.56000000,2394.61000000,20709.39020000,1777255199999,49552223.47077600,258346,11965.60470000,28638870.21679600
1777255200000,2026-04-27 02:00:00,2394.60000000,2397.00000000,2387.29000000,2392.16000000,6638.13620000,1777258799999,15878831.95281200,96707,4009.80010000,9591225.04262800
1777258800000,2026-04-27 03:00:00,2392.16000000,2400.43000000,2390.57000000,2394.85000000,7687.05960000,1777262399999,18422338.23713900,93245,4514.90290000,10820191.45167900
1777262400000,2026-04-27 04:00:00,2394.85000000,2396.05000000,2380.45000000,2382.84000000,8734.80510000,1777265999999,20864073.15923800,93519,3588.14600000,8569617.61574000
1777266000000,2026-04-27 05:00:00,2382.84000000,2383.46000000,2319.31000000,2323.18000000,40068.40220000,1777269599999,93815384.54664000,376114,17199.11850000,40230059.49552300
1777269600000,2026-04-27 06:00:00,2323.17000000,2329.13000000,2312.71000000,2321.00000000,13665.93190000,1777273199999,31716990.99749400,138211,7154.88170000,16611140.06820300
1777273200000,2026-04-27 07:00:00,2321.01000000,2323.82000000,2315.00000000,2316.01000000,9210.59830000,1777276799999,21358947.84088600,96156,5073.73980000,11764461.14196900
1777276800000,2026-04-27 08:00:00,2316.00000000,2319.68000000,2309.13000000,2319.68000000,12143.72230000,1777280399999,28106041.67951600,121528,5567.85150000,12887984.84998500
1777280400000,2026-04-27 09:00:00,2319.68000000,2325.52000000,2315.59000000,2322.19000000,9530.39600000,1777283999999,22128162.47935900,69984,4375.35050000,10157087.67589000
1777284000000,2026-04-27 10:00:00,2322.19000000,2323.97000000,2318.87000000,2320.14000000,3965.49050000,1777287599999,9203562.65176100,48280,1941.40660000,4505931.32934200
1777287600000,2026-04-27 11:00:00,2320.14000000,2322.84000000,2316.84000000,2320.39000000,3965.89780000,1777291199999,9200413.33493600,53152,1854.74250000,4302966.06824300
1777291200000,2026-04-27 12:00:00,2320.39000000,2320.96000000,2312.59000000,2314.11000000,6575.78630000,1777294799999,15231430.15071500,78690,2311.43070000,5354485.33913000
1777294800000,2026-04-27 13:00:00,2314.10000000,2320.76000000,2303.50000000,2312.28000000,17353.16980000,1777298399999,40112763.35805100,192303,7641.50700000,17665423.21119500
1777298400000,2026-04-27 14:00:00,2312.28000000,2329.82000000,2308.69000000,2314.75000000,14991.19660000,1777301999999,34760798.95489900,216698,7266.60320000,16849948.79331600
1777302000000,2026-04-27 15:00:00,2314.75000000,2315.16000000,2266.09000000,2275.07000000,46951.25790000,1777305599999,107321556.46613400,408324,21652.49080000,49458405.71128900
1777305600000,2026-04-27 16:00:00,2275.07000000,2280.60000000,2270.04000000,2278.12000000,12121.63400000,1777309199999,27589677.88421800,138456,5273.08250000,12001839.31628000
1777309200000,2026-04-27 17:00:00,2278.13000000,2292.91000000,2278.12000000,2287.08000000,18597.60270000,1777312799999,42530304.32639500,125370,8064.75840000,18439415.30926300
1777312800000,2026-04-27 18:00:00,2287.09000000,2292.09000000,2284.50000000,2288.75000000,7485.64920000,1777316399999,17127927.71288900,84717,4149.54210000,9494321.86595600
1777316400000,2026-04-27 19:00:00,2288.75000000,2291.08000000,2274.98000000,2289.14000000,8112.40690000,1777319999999,18527556.51782300,100246,3605.15570000,8234168.05698100
1777320000000,2026-04-27 20:00:00,2289.15000000,2296.36000000,2289.08000000,2291.70000000,5969.88120000,1777323599999,13686974.95109400,61474,2471.50190000,5666074.19135900
1777323600000,2026-04-27 21:00:00,2291.69000000,2292.40000000,2287.00000000,2287.33000000,3065.78920000,1777327199999,7019526.05100800,42407,1133.23850000,2594565.71391700
1777327200000,2026-04-27 22:00:00,2287.34000000,2295.70000000,2284.66000000,2294.36000000,4214.83020000,1777330799999,9654707.05742000,61918,2166.25910000,4962596.42530700
1777330800000,2026-04-27 23:00:00,2294.36000000,2308.61000000,2291.16000000,2303.67000000,4998.77530000,1777334399999,11496511.28962000,65207,3039.34280000,6992062.48807700
1777334400000,2026-04-28 00:00:00,2303.66000000,2310.88000000,2299.47000000,2306.77000000,5364.78870000,1777337999999,12364342.03247100,98072,2699.79750000,6223033.47946300
1777338000000,2026-04-28 01:00:00,2306.76000000,2308.76000000,2297.78000000,2298.61000000,4184.58680000,1777341599999,9640406.55829300,84150,1543.97000000,3556644.21720500
1777341600000,2026-04-28 02:00:00,2298.61000000,2301.01000000,2280.99000000,2289.11000000,7908.45280000,1777345199999,18112963.90127000,109584,3125.10030000,7158736.70348900
1777345200000,2026-04-28 03:00:00,2289.10000000,2291.00000000,2282.39000000,2290.94000000,3711.45680000,1777348799999,8484431.56095900,63559,1809.06430000,4136142.07076900
1777348800000,2026-04-28 04:00:00,2290.93000000,2294.60000000,2283.32000000,2288.57000000,5863.04480000,1777352399999,13417193.56490400,63018,2671.82450000,6114765.26738000
1777352400000,2026-04-28 05:00:00,2288.58000000,2296.91000000,2286.71000000,2288.13000000,10496.12340000,1777355999999,24053330.59493200,83699,5143.83020000,11787519.57052600
1777356000000,2026-04-28 06:00:00,2288.13000000,2291.00000000,2270.53000000,2277.63000000,10739.73810000,1777359599999,24477899.62708500,93026,4799.89110000,10933042.58085800
1777359600000,2026-04-28 07:00:00,2277.63000000,2288.65000000,2270.65000000,2287.99000000,9917.56090000,1777363199999,22614322.54965500,95828,4737.41100000,10803843.94557000
1777363200000,2026-04-28 08:00:00,2288.00000000,2291.64000000,2283.86000000,2287.07000000,6065.71220000,1777366799999,13872433.42889100,76988,2998.13450000,6857590.37847600
1777366800000,2026-04-28 09:00:00,2287.07000000,2288.51000000,2276.67000000,2282.27000000,7654.63360000,1777370399999,17474866.92454800,71726,3901.55810000,8905443.91682100
1777370400000,2026-04-28 10:00:00,2282.26000000,2287.63000000,2280.84000000,2284.51000000,6577.07730000,1777373999999,15026318.50102500,61954,2947.25710000,6733426.95815900
1777374000000,2026-04-28 11:00:00,2284.51000000,2285.36000000,2270.36000000,2275.32000000,12432.16900000,1777377599999,28285016.28409400,126257,6905.86780000,15710961.45835500
1777377600000,2026-04-28 12:00:00,2275.32000000,2281.29000000,2271.59000000,2278.23000000,6214.52580000,1777381199999,14147794.07153400,127190,3444.93730000,7843483.85935000
1777381200000,2026-04-28 13:00:00,2278.23000000,2286.20000000,2258.24000000,2276.36000000,19869.02930000,1777384799999,45106423.52945300,254178,9392.99970000,21332239.34612300
1777384800000,2026-04-28 14:00:00,2276.37000000,2276.63000000,2261.00000000,2273.44000000,14378.68830000,1777388399999,32611662.29889500,231696,6481.82950000,14702832.15015400
1777388400000,2026-04-28 15:00:00,2273.44000000,2280.61000000,2269.22000000,2279.76000000,9305.20190000,1777391999999,21175128.42907800,142869,5895.56660000,13418903.52521300
1777392000000,2026-04-28 16:00:00,2279.76000000,2288.38000000,2274.38000000,2286.18000000,9159.16950000,1777395599999,20893557.25343500,121572,5475.75500000,12490940.76161500
1777395600000,2026-04-28 17:00:00,2286.18000000,2293.38000000,2278.99000000,2290.73000000,8094.15210000,1777399199999,18518283.64644400,96590,4848.76220000,11094000.65723300
1777399200000,2026-04-28 18:00:00,2290.73000000,2298.31000000,2287.90000000,2296.96000000,7249.18620000,1777402799999,16622881.74367200,78069,4080.69520000,9357751.23150600
1777402800000,2026-04-28 19:00:00,2296.96000000,2305.55000000,2290.26000000,2301.96000000,8930.41070000,1777406399999,20530409.66048600,80146,4668.90530000,10733460.25382200
1777406400000,2026-04-28 20:00:00,2301.96000000,2305.95000000,2295.52000000,2295.55000000,3554.34460000,1777409999999,8173228.36079300,49317,1854.11090000,4263506.14599300
1777410000000,2026-04-28 21:00:00,2295.55000000,2297.20000000,2285.75000000,2290.12000000,5268.45650000,1777413599999,12063071.83589700,57801,2722.78350000,6232976.60616200
1777413600000,2026-04-28 22:00:00,2290.12000000,2294.50000000,2285.48000000,2286.18000000,2436.75930000,1777417199999,5580218.10543500,42528,1093.79010000,2505151.34770300
1777417200000,2026-04-28 23:00:00,2286.17000000,2290.18000000,2284.15000000,2289.42000000,2556.95150000,1777420799999,5848446.04572600,37175,1334.23800000,3051959.31286100
1777420800000,2026-04-29 00:00:00,2289.42000000,2294.24000000,2285.38000000,2292.40000000,4053.35050000,1777424399999,9279821.84595200,58295,2562.05240000,5866185.30972300
1777424400000,2026-04-29 01:00:00,2292.41000000,2297.30000000,2278.84000000,2292.45000000,10251.44960000,1777427999999,23443079.33645900,114974,5252.59880000,12014945.84336100
1777428000000,2026-04-29 02:00:00,2292.45000000,2295.61000000,2284.68000000,2288.88000000,7158.86380000,1777431599999,16393141.56678800,69011,2619.98270000,6000463.61400100
1777431600000,2026-04-29 03:00:00,2288.87000000,2316.36000000,2287.61000000,2311.52000000,18471.98190000,1777435199999,42598171.83200500,151805,10858.44890000,25048158.91935400
1777435200000,2026-04-29 04:00:00,2311.53000000,2342.50000000,2309.33000000,2327.32000000,26313.90110000,1777438799999,61268016.12757000,193148,12948.65760000,30151523.93560900
1777438800000,2026-04-29 05:00:00,2327.32000000,2333.22000000,2322.83000000,2329.19000000,12864.95100000,1777442399999,29950526.87571800,97179,6577.83600000,15320960.66299000
1777442400000,2026-04-29 06:00:00,2329.19000000,2336.64000000,2320.24000000,2324.58000000,9480.45910000,1777445999999,22077549.49382700,96317,5406.33850000,12592621.49285600
1777446000000,2026-04-29 07:00:00,2324.59000000,2330.31000000,2321.70000000,2323.73000000,6478.98450000,1777449599999,15065735.72233100,70542,2554.09180000,5939754.79173300
1777449600000,2026-04-29 08:00:00,2323.74000000,2329.03000000,2321.11000000,2325.33000000,4136.26410000,1777453199999,9614154.34890900,73135,1814.19720000,4217199.32524100
1777453200000,2026-04-29 09:00:00,2325.33000000,2346.66000000,2322.74000000,2339.72000000,12808.42460000,1777456799999,29933868.97541300,151858,7464.81930000,17444999.23026600
1777456800000,2026-04-29 10:00:00,2339.71000000,2346.95000000,2330.01000000,2333.68000000,9453.42700000,1777460399999,22119841.81786600,135311,4617.84430000,10805636.22610700
1777460400000,2026-04-29 11:00:00,2333.67000000,2336.00000000,2328.79000000,2331.74000000,8275.19710000,1777463999999,19296595.63826600,90848,3750.23510000,8744554.20466500
1777464000000,2026-04-29 12:00:00,2331.74000000,2331.94000000,2307.40000000,2316.13000000,16486.42900000,1777467599999,38193973.86797700,159996,9272.77030000,21476626.54545800
1777467600000,2026-04-29 13:00:00,2316.13000000,2318.15000000,2289.94000000,2303.03000000,18372.55950000,1777471199999,42304932.92160600,264783,9211.81870000,21211622.08205400
1777471200000,2026-04-29 14:00:00,2303.02000000,2308.29000000,2293.86000000,2299.39000000,14483.77040000,1777474799999,33339448.93366700,175228,8008.60550000,18431032.84667800
1777474800000,2026-04-29 15:00:00,2299.40000000,2301.24000000,2263.10000000,2272.51000000,31727.41000000,1777478399999,72364429.33615500,318219,15104.92510000,34446733.46350900
1777478400000,2026-04-29 16:00:00,2272.50000000,2279.27000000,2263.35000000,2267.47000000,19698.28950000,1777481999999,44742086.74180300,162561,9822.23430000,22308645.97281700
1777482000000,2026-04-29 17:00:00,2267.48000000,2283.33000000,2266.30000000,2283.12000000,11615.55670000,1777485599999,26404079.71506600,122493,7357.47420000,16727578.35424300
1777485600000,2026-04-29 18:00:00,2283.12000000,2285.92000000,2220.36000000,2239.41000000,56466.68440000,1777489199999,126479333.93316400,496219,26076.44440000,58374951.42544100
1777489200000,2026-04-29 19:00:00,2239.41000000,2242.44000000,2225.00000000,2233.70000000,17551.98580000,1777492799999,39169401.81826400,168237,8964.00440000,20002960.84502800
1777492800000,2026-04-29 20:00:00,2233.69000000,2248.73000000,2230.49000000,2240.42000000,12588.21290000,1777496399999,28199643.69137200,181735,5775.43790000,12937702.84825000
1777496400000,2026-04-29 21:00:00,2240.42000000,2264.80000000,2238.59000000,2253.13000000,15432.46060000,1777499999999,34718756.10957500,104357,6918.97930000,15570702.30489700
1777500000000,2026-04-29 22:00:00,2253.14000000,2259.01000000,2250.19000000,2257.78000000,5462.71960000,1777503599999,12319455.50342000,64074,2884.32860000,6504070.65597800
1777503600000,2026-04-29 23:00:00,2257.77000000,2260.30000000,2250.35000000,2252.90000000,5444.76880000,1777507199999,12279197.37446000,67967,3175.67740000,7162113.44251400
1777507200000,2026-04-30 00:00:00,2252.90000000,2275.00000000,2249.47000000,2272.46000000,9779.81740000,1777510799999,22141655.50694800,144645,6203.01690000,14053127.59474800
1777510800000,2026-04-30 01:00:00,2272.45000000,2279.00000000,2267.06000000,2269.35000000,8290.37380000,1777514399999,18836980.79129700,130100,3308.57030000,7519832.58323000
1777514400000,2026-04-30 02:00:00,2269.36000000,2273.14000000,2236.36000000,2245.13000000,12671.65920000,1777517999999,28524618.21063100,238222,5715.89060000,12859978.77924300
1777518000000,2026-04-30 03:00:00,2245.12000000,2256.82000000,2243.89000000,2253.24000000,5318.36810000,1777521599999,11964701.50343900,110353,2983.37030000,6712364.32557600
1777521600000,2026-04-30 04:00:00,2253.24000000,2254.27000000,2236.89000000,2238.97000000,7758.48710000,1777525199999,17403909.53223700,130589,3555.00260000,7972935.88518200
1777525200000,2026-04-30 05:00:00,2238.98000000,2248.31000000,2231.64000000,2242.76000000,8319.89810000,1777528799999,18652838.51105700,94948,2907.47500000,6519412.70698000
1777528800000,2026-04-30 06:00:00,2242.76000000,2252.49000000,2241.86000000,2248.03000000,6064.24860000,1777532399999,13625776.17531100,86873,2565.45420000,5764786.03606400
1777532400000,2026-04-30 07:00:00,2248.03000000,2262.23000000,2243.71000000,2260.31000000,11236.23760000,1777535999999,25330994.97652400,98880,6467.49790000,14583088.65730400
1777536000000,2026-04-30 08:00:00,2260.31000000,2263.21000000,2255.27000000,2256.65000000,10003.37900000,1777539599999,22602023.95778800,79575,6238.26990000,14097381.78805200
1777539600000,2026-04-30 09:00:00,2256.65000000,2271.11000000,2256.00000000,2261.86000000,6145.31950000,1777543199999,13913472.20072800,110577,3247.50510000,7353537.72590900
1777543200000,2026-04-30 10:00:00,2261.86000000,2265.74000000,2256.78000000,2262.01000000,5283.39230000,1777546799999,11946560.07415900,86166,2816.07180000,6367764.15119000
1777546800000,2026-04-30 11:00:00,2262.00000000,2273.70000000,2252.07000000,2258.18000000,9303.83330000,1777550399999,21049002.53371700,120424,4437.04400000,10041959.12209500
1777550400000,2026-04-30 12:00:00,2258.18000000,2271.07000000,2257.74000000,2265.45000000,6154.98150000,1777553999999,13942362.40966600,98707,3106.66440000,7037366.44653200
1777554000000,2026-04-30 13:00:00,2265.46000000,2272.56000000,2254.74000000,2263.90000000,10742.92680000,1777557599999,24331066.49087700,202461,6055.38280000,13715147.26881000
1777557600000,2026-04-30 14:00:00,2263.90000000,2271.07000000,2245.82000000,2262.01000000,14497.19110000,1777561199999,32744719.28131900,251086,6641.38000000,15012709.11212300
1777561200000,2026-04-30 15:00:00,2262.00000000,2275.13000000,2257.65000000,2265.70000000,6476.88280000,1777564799999,14675346.43050400,150011,3203.12890000,7260311.87078200
1777564800000,2026-04-30 16:00:00,2265.70000000,2267.16000000,2255.80000000,2257.24000000,3880.30640000,1777568399999,8774748.60508300,85788,1641.41310000,3712220.33287700
1777568400000,2026-04-30 17:00:00,2257.24000000,2260.47000000,2251.62000000,2258.14000000,4889.14400000,1777571999999,11030896.03611400,96321,2724.33470000,6147109.08562300
1777572000000,2026-04-30 18:00:00,2258.13000000,2265.29000000,2254.55000000,2259.84000000,4110.25940000,1777575599999,9287340.90880300,81367,2160.55650000,4882217.49427100
1777575600000,2026-04-30 19:00:00,2259.84000000,2267.09000000,2258.13000000,2261.99000000,4771.37880000,1777579199999,10799501.90040300,79601,2649.33070000,5997112.61236500
1777579200000,2026-04-30 20:00:00,2261.98000000,2267.32000000,2260.56000000,2264.34000000,3286.64660000,1777582799999,7441671.35518500,60963,1800.92850000,4077994.82592900
1777582800000,2026-04-30 21:00:00,2264.34000000,2264.65000000,2254.00000000,2256.29000000,3541.84040000,1777586399999,8001860.86309500,47760,1626.86730000,3675593.03555100
1777586400000,2026-04-30 22:00:00,2256.29000000,2261.34000000,2252.42000000,2254.25000000,2399.15250000,1777589999999,5415884.02307800,35195,851.27770000,1922367.07488000
1777590000000,2026-04-30 23:00:00,2254.25000000,2259.01000000,2254.00000000,2257.51000000,2268.55330000,1777593599999,5119957.39367200,29225,1086.67920000,2452436.10261000
1777593600000,2026-05-01 00:00:00,2257.51000000,2266.00000000,2257.21000000,2260.00000000,3813.14050000,1777597199999,8627712.38119200,51014,2348.33070000,5313348.35689300
1777597200000,2026-05-01 01:00:00,2260.00000000,2270.56000000,2260.00000000,2267.75000000,4214.43020000,1777600799999,9549735.56475500,49604,2489.86210000,5641912.92049100
1777600800000,2026-05-01 02:00:00,2267.75000000,2270.00000000,2265.00000000,2266.94000000,3090.67620000,1777604399999,7006178.57736800,33968,1483.29810000,3362611.61907700
1777604400000,2026-05-01 03:00:00,2266.94000000,2295.00000000,2266.25000000,2282.87000000,15806.44670000,1777607999999,36110105.40172400,155253,8333.60740000,19032598.14065700
1777608000000,2026-05-01 04:00:00,2282.87000000,2285.89000000,2277.56000000,2280.12000000,5118.51530000,1777611599999,11677973.60072400,56550,1762.63010000,4021942.00751200
1777611600000,2026-05-01 05:00:00,2280.11000000,2286.75000000,2278.28000000,2283.26000000,3488.17170000,1777615199999,7965859.17687800,38601,1426.26600000,3256963.35490000
1777615200000,2026-05-01 06:00:00,2283.26000000,2286.66000000,2272.09000000,2277.45000000,8129.98310000,1777618799999,18529969.12871500,67770,3062.78020000,6984164.79515200
1777618800000,2026-05-01 07:00:00,2277.46000000,2281.10000000,2273.14000000,2279.48000000,6175.19670000,1777622399999,14060321.68381200,53771,2640.69580000,6013330.83745800
1777622400000,2026-05-01 08:00:00,2279.50000000,2288.50000000,2277.44000000,2286.92000000,5887.10330000,1777625999999,13451604.96741600,64140,3340.75330000,7632646.69640800
1777626000000,2026-05-01 09:00:00,2286.93000000,2287.10000000,2279.87000000,2282.07000000,3605.49890000,1777629599999,8233855.30739100,42714,1426.79240000,3257845.38722000
1777629600000,2026-05-01 10:00:00,2282.08000000,2285.88000000,2277.06000000,2282.53000000,3877.87370000,1777633199999,8847512.23464200,38978,1762.33400000,4020927.75082000
1777633200000,2026-05-01 11:00:00,2282.53000000,2293.00000000,2281.71000000,2286.45000000,5323.84300000,1777636799999,12174038.09694900,54457,2281.20140000,5216598.24334100
1777636800000,2026-05-01 12:00:00,2286.46000000,2311.49000000,2284.15000000,2301.36000000,21967.89140000,1777640399999,50573376.56584500,150184,11434.39110000,26317344.68470100
1777640400000,2026-05-01 13:00:00,2301.37000000,2324.00000000,2301.37000000,2318.22000000,20286.22010000,1777643999999,46936319.66433900,171948,10728.36740000,24823656.31546100
1777644000000,2026-05-01 14:00:00,2318.22000000,2325.28000000,2301.42000000,2308.04000000,20163.37100000,1777647599999,46632380.66278200,147761,8766.97170000,20279043.03193600
1777647600000,2026-05-01 15:00:00,2308.03000000,2316.74000000,2298.77000000,2307.64000000,12397.24200000,1777651199999,28603114.33275300,116018,5768.27420000,13308293.76263600
1777651200000,2026-05-01 16:00:00,2307.64000000,2314.21000000,2298.17000000,2301.94000000,14505.20020000,1777654799999,33438937.95314800,116501,5758.83900000,13273303.15763900
1777654800000,2026-05-01 17:00:00,2301.95000000,2313.53000000,2298.71000000,2311.76000000,5191.87020000,1777658399999,11975596.46124700,74355,2899.49470000,6688603.71734600
1777658400000,2026-05-01 18:00:00,2311.76000000,2312.50000000,2303.45000000,2304.76000000,3781.96250000,1777661999999,8730223.91467800,62971,1814.98070000,4189518.65911700
1777662000000,2026-05-01 19:00:00,2304.77000000,2307.84000000,2302.20000000,2304.85000000,2921.47090000,1777665599999,6734410.53834800,47647,1334.03840000,3075190.80639500
1777665600000,2026-05-01 20:00:00,2304.85000000,2305.86000000,2278.98000000,2285.19000000,9002.03650000,1777669199999,20630735.11156000,86913,2955.25500000,6774081.58209800
1777669200000,2026-05-01 21:00:00,2285.18000000,2294.25000000,2283.58000000,2292.68000000,6643.54010000,1777672799999,15204234.16713400,56290,2698.63040000,6176445.99013900
1777672800000,2026-05-01 22:00:00,2292.67000000,2299.35000000,2291.00000000,2293.50000000,3376.53720000,1777676399999,7751481.40894500,37874,1878.79290000,4312909.85044800
1777676400000,2026-05-01 23:00:00,2293.50000000,2296.23000000,2289.00000000,2295.63000000,2314.33360000,1777679999999,5305578.92557100,30199,1137.14590000,2607173.86112600
1777680000000,2026-05-02 00:00:00,2295.63000000,2299.30000000,2292.91000000,2297.60000000,2566.81160000,1777683599999,5894218.67608900,38705,1352.96630000,3106842.34561200
1777683600000,2026-05-02 01:00:00,2297.59000000,2300.98000000,2295.88000000,2298.63000000,2462.39890000,1777687199999,5659121.78468600,41155,1459.52660000,3354566.15065300
1777687200000,2026-05-02 02:00:00,2298.62000000,2308.34000000,2295.43000000,2303.31000000,3153.61240000,1777690799999,7257383.41658800,43106,1943.33610000,4473131.67005600
1777690800000,2026-05-02 03:00:00,2303.31000000,2308.34000000,2301.01000000,2304.44000000,2768.53770000,1777694399999,6380329.19938300,42393,1674.79780000,3859957.62061500
1777694400000,2026-05-02 04:00:00,2304.43000000,2304.91000000,2299.59000000,2301.26000000,2155.28250000,1777697999999,4961203.25557400,30246,737.13530000,1696842.68924600
1777698000000,2026-05-02 05:00:00,2301.26000000,2301.52000000,2296.62000000,2299.47000000,2997.22670000,1777701599999,6891268.81886200,30701,922.20580000,2120498.58069600
1777701600000,2026-05-02 06:00:00,2299.46000000,2306.35000000,2297.09000000,2305.58000000,2532.16710000,1777705199999,5827241.70242600,26533,1169.95500000,2692757.41080900
1777705200000,2026-05-02 07:00:00,2305.59000000,2306.16000000,2301.01000000,2301.02000000,2421.68910000,1777708799999,5578997.52786200,28859,844.00420000,1944359.06270800
1777708800000,2026-05-02 08:00:00,2301.01000000,2304.44000000,2299.05000000,2303.35000000,1949.33970000,1777712399999,4487920.04486400,22182,871.26960000,2006027.57874100
1777712400000,2026-05-02 09:00:00,2303.34000000,2307.78000000,2303.34000000,2305.13000000,2145.83690000,1777715999999,4947445.72779700,25982,840.39600000,1937583.75060800
1777716000000,2026-05-02 10:00:00,2305.13000000,2305.96000000,2302.41000000,2303.54000000,2130.67770000,1777719599999,4909556.02095700,23534,961.90950000,2216530.30881000
1777719600000,2026-05-02 11:00:00,2303.54000000,2304.99000000,2300.25000000,2302.10000000,2172.60550000,1777723199999,5002629.95283000,28299,771.84390000,1777105.63660000
1777723200000,2026-05-02 12:00:00,2302.09000000,2305.92000000,2301.36000000,2303.52000000,2299.23950000,1777726799999,5297467.42473600,21098,1156.88030000,2665794.91631000
1777726800000,2026-05-02 13:00:00,2303.53000000,2311.83000000,2303.53000000,2308.08000000,4502.62890000,1777730399999,10395537.01735300,34955,2668.77490000,6161710.33908000
1777730400000,2026-05-02 14:00:00,2308.08000000,2308.59000000,2305.23000000,2306.69000000,2719.95750000,1777733999999,6274288.45733500,27018,1297.82320000,2993665.16827000
1777734000000,2026-05-02 15:00:00,2306.69000000,2310.10000000,2305.32000000,2309.19000000,2150.03510000,1777737599999,4961436.34302800,24723,1193.79940000,2754866.82786500
1777737600000,2026-05-02 16:00:00,2309.18000000,2313.98000000,2307.96000000,2309.31000000,3799.92580000,1777741199999,8780550.14706700,44837,2294.20560000,5301537.40690400
1777741200000,2026-05-02 17:00:00,2309.31000000,2310.25000000,2305.69000000,2305.90000000,1534.34770000,1777744799999,3540855.11171100,18988,574.70670000,1326479.99650300
1777744800000,2026-05-02 18:00:00,2305.90000000,2311.57000000,2304.08000000,2310.30000000,3982.29350000,1777748399999,9189869.28898000,32021,2248.79810000,5188436.54218800
1777748400000,2026-05-02 19:00:00,2310.31000000,2312.79000000,2309.17000000,2311.08000000,1676.52470000,1777751999999,3874731.48183000,22120,961.92790000,2223069.91030500
1777752000000,2026-05-02 20:00:00,2311.08000000,2311.84000000,2309.59000000,2311.58000000,1484.94420000,1777755599999,3431236.34901400,17201,777.37920000,1796240.66015900
1777755600000,2026-05-02 21:00:00,2311.59000000,2343.60000000,2310.79000000,2325.62000000,17150.54570000,1777759199999,39938823.48493600,122522,11173.17540000,26022194.94508100
1777759200000,2026-05-02 22:00:00,2325.62000000,2328.36000000,2317.88000000,2327.00000000,8792.74860000,1777762799999,20425945.48941400,83985,4702.80120000,10926357.25065200
1777762800000,2026-05-02 23:00:00,2326.99000000,2326.99000000,2313.98000000,2316.97000000,6039.09540000,1777766399999,14006440.21456700,39536,3063.17790000,7103422.98147900
1777766400000,2026-05-03 00:00:00,2316.97000000,2317.69000000,2308.90000000,2313.98000000,5842.40010000,1777769999999,13518598.93878800,52869,2132.12130000,4933733.31075800
1777770000000,2026-05-03 01:00:00,2313.98000000,2314.09000000,2303.43000000,2304.14000000,4580.86880000,1777773599999,10567530.31377400,55005,1760.20180000,4060698.52785900
1777773600000,2026-05-03 02:00:00,2304.14000000,2306.83000000,2299.38000000,2303.41000000,4664.48700000,1777777199999,10738769.75399600,47731,1954.02360000,4498771.29313400
1777777200000,2026-05-03 03:00:00,2303.41000000,2304.00000000,2300.00000000,2301.90000000,4381.12390000,1777780799999,10081814.89515600,26893,1604.06820000,3690714.48406200
1777780800000,2026-05-03 04:00:00,2301.90000000,2304.37000000,2297.59000000,2301.53000000,3019.38370000,1777784399999,6948015.19725800,31495,1355.08910000,3118569.19706200
1777784400000,2026-05-03 05:00:00,2301.53000000,2305.56000000,2301.26000000,2304.11000000,1981.33040000,1777787999999,4563842.05716000,20414,929.38740000,2140984.73501900
1777788000000,2026-05-03 06:00:00,2304.11000000,2306.38000000,2299.69000000,2304.49000000,2420.70560000,1777791599999,5572877.58560700,22971,1204.77060000,2773554.65349600
1777791600000,2026-05-03 07:00:00,2304.50000000,2314.01000000,2304.42000000,2309.28000000,3800.11250000,1777795199999,8779211.55335100,40847,2208.78760000,5102577.87534900
1777795200000,2026-05-03 08:00:00,2309.28000000,2312.67000000,2307.65000000,2308.28000000,1870.38400000,1777798799999,4319921.63479000,23838,869.59660000,2008595.12444900
1777798800000,2026-05-03 09:00:00,2308.29000000,2322.27000000,2307.49000000,2316.47000000,5985.39310000,1777802399999,13859803.64771200,45587,3556.78270000,8235201.23323100
1777802400000,2026-05-03 10:00:00,2316.48000000,2316.73000000,2311.32000000,2311.54000000,2373.36200000,1777805999999,5490907.25325900,28548,1117.20690000,2584554.55537900
1777806000000,2026-05-03 11:00:00,2311.54000000,2327.50000000,2310.52000000,2319.63000000,7325.98670000,1777809599999,16995843.66701300,61959,4407.64590000,10227683.87512000
1777809600000,2026-05-03 12:00:00,2319.63000000,2332.61000000,2319.63000000,2325.71000000,9087.05960000,1777813199999,21142228.22795700,62975,4960.49050000,11541726.57538400
1777813200000,2026-05-03 13:00:00,2325.71000000,2328.74000000,2320.61000000,2322.21000000,3616.52980000,1777816799999,8409337.14390300,43870,1993.12750000,4635223.74420200
1777816800000,2026-05-03 14:00:00,2322.22000000,2329.60000000,2321.19000000,2328.28000000,4002.72230000,1777820399999,9307204.14323700,43201,1864.44680000,4335594.33556600
1777820400000,2026-05-03 15:00:00,2328.28000000,2333.91000000,2324.96000000,2328.44000000,4767.78140000,1777823999999,11103725.07895300,63762,2005.30810000,4670492.92408200
1777824000000,2026-05-03 16:00:00,2328.45000000,2335.00000000,2322.38000000,2328.41000000,5781.03150000,1777827599999,13464530.08588600,57064,3132.81320000,7299423.91828000
1777827600000,2026-05-03 17:00:00,2328.40000000,2335.35000000,2324.11000000,2331.85000000,5608.76030000,1777831199999,13076803.82954600,50546,2778.66750000,6478985.66803100
1777831200000,2026-05-03 18:00:00,2331.85000000,2333.60000000,2328.29000000,2330.98000000,2263.69050000,1777834799999,5276768.01934300,25549,946.59210000,2206519.34018700
1777834800000,2026-05-03 19:00:00,2330.98000000,2337.87000000,2328.47000000,2335.59000000,5542.65120000,1777838399999,12932723.50754800,35223,3501.75320000,8170818.17762700
1777838400000,2026-05-03 20:00:00,2335.60000000,2344.35000000,2328.28000000,2329.58000000,14443.59230000,1777841999999,33750568.21544900,84486,7148.38230000,16697893.83765500
1777842000000,2026-05-03 21:00:00,2329.58000000,2334.18000000,2315.00000000,2324.27000000,8154.99100000,1777845599999,18960498.21304300,82730,3546.89110000,8248362.09639900
1777845600000,2026-05-03 22:00:00,2324.27000000,2356.92000000,2324.26000000,2343.89000000,25346.82920000,1777849199999,59412933.44512800,220945,13027.37510000,30543016.89269300
1777849200000,2026-05-03 23:00:00,2343.89000000,2347.47000000,2319.96000000,2322.65000000,14213.25730000,1777852799999,33095543.61022200,145782,6486.64470000,15100311.89945100
1777852800000,2026-05-04 00:00:00,2322.65000000,2322.65000000,2309.24000000,2319.00000000,12348.56990000,1777856399999,28588847.78234900,150880,5492.55370000,12715523.05609200
1777856400000,2026-05-04 01:00:00,2319.00000000,2354.02000000,2312.98000000,2351.20000000,17681.89730000,1777859999999,41289292.18193100,210991,8764.00020000,20463198.14728500
1777860000000,2026-05-04 02:00:00,2351.21000000,2387.99000000,2345.41000000,2374.73000000,52188.87670000,1777863599999,123699652.62913800,355785,25919.04740000,61413577.65009800
1777863600000,2026-05-04 03:00:00,2374.73000000,2391.00000000,2371.74000000,2385.12000000,32108.65260000,1777867199999,76495658.28906300,165919,17033.04900000,40592410.48475100
1777867200000,2026-05-04 04:00:00,2385.11000000,2398.93000000,2384.37000000,2390.12000000,21582.92970000,1777870799999,51610856.77876100,149521,11427.08240000,27328549.36386200
1777870800000,2026-05-04 05:00:00,2390.12000000,2391.28000000,2375.26000000,2376.19000000,17415.08910000,1777874399999,41469192.61190600,91617,6948.36740000,16540146.67753900
1777874400000,2026-05-04 06:00:00,2376.19000000,2378.42000000,2354.20000000,2368.41000000,20127.19190000,1777877999999,47634290.73158900,142172,7934.30130000,18772881.25011900
1777878000000,2026-05-04 07:00:00,2368.41000000,2373.87000000,2362.51000000,2362.80000000,10295.30820000,1777881599999,24381865.11944900,83455,5281.87400000,12509359.17633200
1777881600000,2026-05-04 08:00:00,2362.79000000,2365.11000000,2357.30000000,2360.04000000,9858.63130000,1777885199999,23274061.38776400,82224,4795.38160000,11321065.60655900
1777885200000,2026-05-04 09:00:00,2360.04000000,2371.09000000,2358.04000000,2368.71000000,8607.63500000,1777888799999,20357503.06244500,69426,4631.08180000,10954277.09488300
1777888800000,2026-05-04 10:00:00,2368.72000000,2369.89000000,2314.25000000,2338.36000000,57424.27630000,1777892399999,133952222.93156200,514782,27808.52220000,64860253.21431100
1777892400000,2026-05-04 11:00:00,2338.35000000,2343.62000000,2332.91000000,2337.59000000,9840.48950000,1777895999999,23009705.57128000,128130,4341.89020000,10153159.33700500
1777896000000,2026-05-04 12:00:00,2337.59000000,2343.78000000,2333.04000000,2335.53000000,7733.18190000,1777899599999,18084986.74688800,100717,3645.53870000,8527814.11407000
1777899600000,2026-05-04 13:00:00,2335.53000000,2344.53000000,2325.71000000,2336.53000000,17747.97410000,1777903199999,41454333.01883200,197771,9835.90100000,22981264.69639900
1777903200000,2026-05-04 14:00:00,2336.53000000,2381.80000000,2327.47000000,2371.39000000,36557.22850000,1777906799999,86186208.44978000,349464,19604.06070000,46223383.92537200
1777906800000,2026-05-04 15:00:00,2371.40000000,2374.38000000,2336.01000000,2350.10000000,41176.80860000,1777910399999,96991391.51634500,412884,18647.28980000,43912586.35752800
1777910400000,2026-05-04 16:00:00,2350.11000000,2365.00000000,2336.63000000,2355.28000000,23191.64950000,1777913999999,54564308.22767400,284695,11906.10090000,28009664.44947100
1777914000000,2026-05-04 17:00:00,2355.27000000,2379.52000000,2353.84000000,2370.09000000,18853.82440000,1777917599999,44625505.70298400,185438,9031.40820000,21382403.26547100
1777917600000,2026-05-04 18:00:00,2370.10000000,2374.86000000,2357.02000000,2361.41000000,12397.37820000,1777921199999,29332238.43358500,121215,5255.31400000,12437692.25491200
1777921200000,2026-05-04 19:00:00,2361.42000000,2364.35000000,2353.52000000,2356.52000000,7858.59210000,1777924799999,18529862.74921300,102046,3997.00670000,9424786.30406400
1777924800000,2026-05-04 20:00:00,2356.52000000,2359.12000000,2347.77000000,2350.15000000,5105.17740000,1777928399999,12011687.43670000,60490,2671.27820000,6286375.78976600
1777928400000,2026-05-04 21:00:00,2350.14000000,2364.59000000,2350.14000000,2360.89000000,3844.63450000,1777931999999,9072093.70333900,51359,2053.78850000,4845307.01244100
1777932000000,2026-05-04 22:00:00,2360.89000000,2365.91000000,2353.95000000,2354.58000000,5172.54170000,1777935599999,12208075.33044600,67385,2097.97600000,4952348.21673800
1777935600000,2026-05-04 23:00:00,2354.58000000,2354.58000000,2344.83000000,2347.16000000,3902.26010000,1777939199999,9166909.67356800,58727,1433.67010000,3367823.58407400
1777939200000,2026-05-05 00:00:00,2347.17000000,2359.00000000,2344.93000000,2358.83000000,4815.83220000,1777942799999,11331590.78461400,69412,2396.46970000,5638302.70061500
1777942800000,2026-05-05 01:00:00,2358.83000000,2364.49000000,2355.10000000,2361.82000000,4711.32650000,1777946399999,11121699.82561900,68872,2493.10600000,5885653.03818900
1777946400000,2026-05-05 02:00:00,2361.81000000,2377.80000000,2359.10000000,2367.72000000,10448.21310000,1777949999999,24755472.18687700,113566,5547.59300000,13144779.96483800
1777950000000,2026-05-05 03:00:00,2367.72000000,2389.38000000,2364.71000000,2382.43000000,23394.28190000,1777953599999,55702588.61596100,127659,9774.42630000,23267649.20479300
1777953600000,2026-05-05 04:00:00,2382.43000000,2386.00000000,2376.04000000,2381.11000000,9427.60930000,1777957199999,22449678.47739100,90436,4343.72360000,10344470.82727900
1777957200000,2026-05-05 05:00:00,2381.10000000,2390.74000000,2376.88000000,2380.19000000,13610.81160000,1777960799999,32432193.92544000,109240,6645.11450000,15839034.35584500
1777960800000,2026-05-05 06:00:00,2380.19000000,2381.51000000,2367.35000000,2378.85000000,12310.88700000,1777964399999,29234708.86947800,83700,4958.76840000,11776935.89566200
1777964400000,2026-05-05 07:00:00,2378.84000000,2388.56000000,2375.81000000,2380.59000000,13689.63260000,1777967999999,32619616.75095200,88625,6750.04740000,16080975.32863100
1777968000000,2026-05-05 08:00:00,2380.59000000,2384.62000000,2373.00000000,2376.81000000,7058.71600000,1777971599999,16790012.93458400,40312,3022.97930000,7188766.75617000
1777971600000,2026-05-05 09:00:00,2376.82000000,2376.96000000,2366.76000000,2369.60000000,6990.99070000,1777975199999,16571396.18402700,70137,2814.20900000,6670313.69719000
1777975200000,2026-05-05 10:00:00,2369.60000000,2379.34000000,2367.30000000,2378.41000000,7091.04500000,1777978799999,16833660.79186000,70773,4613.27250000,10950599.35549300
1777978800000,2026-05-05 11:00:00,2378.42000000,2383.49000000,2372.95000000,2379.89000000,8240.20180000,1777982399999,19604899.41166800,80963,4271.09850000,10159700.70833200
1777982400000,2026-05-05 12:00:00,2379.89000000,2390.47000000,2376.34000000,2388.52000000,11730.36560000,1777985999999,27981264.52642900,110081,6150.35990000,14669341.93442100
1777986000000,2026-05-05 13:00:00,2388.52000000,2399.50000000,2383.50000000,2388.72000000,26443.45700000,1777989599999,63269321.59977300,234322,13450.36280000,32191293.04954000
1777989600000,2026-05-05 14:00:00,2388.71000000,2392.36000000,2369.17000000,2378.78000000,27223.16590000,1777993199999,64802470.23379700,227993,13960.74930000,33246706.70671500
1777993200000,2026-05-05 15:00:00,2378.78000000,2387.93000000,2375.50000000,2381.31000000,13411.52150000,1777996799999,31961423.75743800,124330,5864.74410000,13977120.68848300
1777996800000,2026-05-05 16:00:00,2381.30000000,2383.38000000,2361.00000000,2365.94000000,17932.14440000,1778000399999,42539655.71301100,142001,8755.29610000,20771331.88852800
1778000400000,2026-05-05 17:00:00,2365.94000000,2369.92000000,2359.71000000,2362.80000000,9807.30240000,1778003999999,23185455.58211600,94401,4745.91490000,11221793.18217500
1778004000000,2026-05-05 18:00:00,2362.81000000,2374.78000000,2362.81000000,2372.28000000,8710.19090000,1778007599999,20645675.04016200,80543,4780.78600000,11330985.32766200
1778007600000,2026-05-05 19:00:00,2372.28000000,2376.73000000,2369.33000000,2371.94000000,4461.63510000,1778011199999,10584200.20570900,60554,2484.65420000,5894611.60098900
1778011200000,2026-05-05 20:00:00,2371.94000000,2387.00000000,2371.21000000,2382.41000000,11866.11530000,1778014799999,28263212.69893300,94222,7131.74610000,16986163.44373600
1778014800000,2026-05-05 21:00:00,2382.41000000,2388.54000000,2368.90000000,2375.43000000,9166.37060000,1778018399999,21809211.14202500,88775,4923.59990000,11715769.49857700
1778018400000,2026-05-05 22:00:00,2375.43000000,2381.68000000,2354.34000000,2367.51000000,14184.53710000,1778021999999,33583559.61702600,150029,5860.31890000,13879475.34411000
1778022000000,2026-05-05 23:00:00,2367.51000000,2369.75000000,2355.00000000,2360.77000000,9910.37770000,1778025599999,23407580.23569100,91244,3588.72930000,8475470.28018300
1778025600000,2026-05-06 00:00:00,2360.76000000,2367.72000000,2355.00000000,2364.63000000,9670.61290000,1778029199999,22834802.97532100,109461,5270.85810000,12451909.05286200
1778029200000,2026-05-06 01:00:00,2364.63000000,2376.99000000,2362.75000000,2373.19000000,8948.27430000,1778032799999,21209589.81900100,100033,4876.59330000,11560175.82861700
1778032800000,2026-05-06 02:00:00,2373.20000000,2373.70000000,2360.00000000,2369.75000000,6539.21280000,1778036399999,15478232.09313000,76993,3102.75590000,7343361.56807700
1778036400000,2026-05-06 03:00:00,2369.75000000,2380.87000000,2368.08000000,2376.80000000,7896.70320000,1778039999999,18748524.37569400,98493,4260.74170000,10115300.09642700
1778040000000,2026-05-06 04:00:00,2376.81000000,2379.40000000,2361.25000000,2366.08000000,7910.60150000,1778043599999,18751470.07060600,86294,3428.62890000,8127395.47583500
1778043600000,2026-05-06 05:00:00,2366.08000000,2366.99000000,2355.00000000,2365.03000000,11450.57820000,1778047199999,27036603.87654300,84949,5019.99310000,11853355.82050100
1778047200000,2026-05-06 06:00:00,2365.03000000,2371.29000000,2361.00000000,2370.52000000,6311.32670000,1778050799999,14937730.51324700,66661,3886.83540000,9199752.27520800
1778050800000,2026-05-06 07:00:00,2370.53000000,2375.00000000,2368.57000000,2371.74000000,7842.16610000,1778054399999,18599076.08626700,70017,4617.92470000,10952564.94425300
1778054400000,2026-05-06 08:00:00,2371.74000000,2396.19000000,2369.16000000,2394.33000000,18454.83800000,1778057999999,43999120.93030700,148166,11368.87040000,27109753.52666200
1778058000000,2026-05-06 09:00:00,2394.32000000,2418.39000000,2384.80000000,2412.76000000,47718.37650000,1778061599999,114631484.27505700,233732,25575.79800000,61448496.52875700
1778061600000,2026-05-06 10:00:00,2412.77000000,2414.43000000,2405.18000000,2410.20000000,17192.89720000,1778065199999,41455795.97831600,143476,8746.75980000,21090411.40136200
1778065200000,2026-05-06 11:00:00,2410.20000000,2423.74000000,2408.34000000,2410.47000000,30434.93490000,1778068799999,73532134.66462200,169903,14199.08190000,34304580.20634300
1778068800000,2026-05-06 12:00:00,2410.47000000,2413.59000000,2400.55000000,2405.11000000,22282.12910000,1778072399999,53644965.18071900,147419,10722.71720000,25823475.69513600
1778072400000,2026-05-06 13:00:00,2405.11000000,2405.11000000,2365.01000000,2368.51000000,42551.56330000,1778075999999,101390778.05101100,344872,19482.74780000,46424137.38470400
1778076000000,2026-05-06 14:00:00,2368.52000000,2373.29000000,2346.68000000,2359.23000000,51777.31810000,1778079599999,122258343.50166200,311886,22436.76860000,52983182.52755100
1778079600000,2026-05-06 15:00:00,2359.23000000,2366.00000000,2354.98000000,2359.10000000,20851.53100000,1778083199999,49206761.80463100,146458,8466.00730000,19979752.17051200
1778083200000,2026-05-06 16:00:00,2359.10000000,2367.47000000,2350.56000000,2358.08000000,19002.55030000,1778086799999,44816399.65742700,129744,7641.19360000,18025956.47324500
1778086800000,2026-05-06 17:00:00,2358.09000000,2360.99000000,2347.71000000,2349.70000000,13561.19730000,1778090399999,31918742.56088300,96686,4260.00570000,10026566.51146700
1778090400000,2026-05-06 18:00:00,2349.71000000,2352.55000000,2338.00000000,2345.00000000,18017.07740000,1778093999999,42266602.96889700,122882,7065.72460000,16573729.95100600
1778094000000,2026-05-06 19:00:00,2345.00000000,2350.00000000,2342.14000000,2348.50000000,9241.85520000,1778097599999,21678726.72231200,83528,3726.32840000,8741281.39621500
1778097600000,2026-05-06 20:00:00,2348.49000000,2357.04000000,2345.23000000,2350.94000000,13484.21910000,1778101199999,31690392.55142200,76601,4672.68520000,10982987.54867200
1778101200000,2026-05-06 21:00:00,2350.94000000,2357.45000000,2345.83000000,2354.52000000,10416.75860000,1778104799999,24506773.18160700,67639,3396.29710000,7990924.18229400
1778104800000,2026-05-06 22:00:00,2354.52000000,2355.05000000,2344.99000000,2347.28000000,8076.53310000,1778108399999,18973243.09929500,74683,2669.52460000,6272875.70043400
1778108400000,2026-05-06 23:00:00,2347.28000000,2351.34000000,2338.28000000,2350.84000000,11034.06130000,1778111999999,25875333.47739600,72049,4112.71210000,9641036.70199700
1778112000000,2026-05-07 00:00:00,2350.84000000,2352.30000000,2329.05000000,2329.65000000,13622.32340000,1778115599999,31884892.18244800,118360,4169.63740000,9756370.55614000
1778115600000,2026-05-07 01:00:00,2329.66000000,2335.00000000,2314.16000000,2327.41000000,18902.74930000,1778119199999,43961311.67967500,180864,7430.77020000,17287644.75269900
1778119200000,2026-05-07 02:00:00,2327.40000000,2327.95000000,2313.89000000,2321.88000000,19439.19490000,1778122799999,45081960.35170400,138831,8039.64540000,18642493.40421100
1778122800000,2026-05-07 03:00:00,2321.89000000,2326.20000000,2315.74000000,2322.39000000,11540.04970000,1778126399999,26790197.65925000,85355,5745.17600000,13340576.63035200
1778126400000,2026-05-07 04:00:00,2322.39000000,2327.52000000,2317.80000000,2327.51000000,10417.53780000,1778129999999,24212887.81541700,74782,4720.22520000,10969494.10004800
1778130000000,2026-05-07 05:00:00,2327.51000000,2333.97000000,2327.02000000,2331.08000000,10970.91920000,1778133599999,25570754.10883000,65947,4321.40670000,10071795.45856400
1778133600000,2026-05-07 06:00:00,2331.08000000,2338.57000000,2320.00000000,2337.13000000,14009.38160000,1778137199999,32631991.93688100,98212,5592.88260000,13028943.47483200
1778137200000,2026-05-07 07:00:00,2337.14000000,2346.89000000,2336.72000000,2344.59000000,16120.17130000,1778140799999,37760729.02994800,94255,6604.41270000,15471305.97369300
1778140800000,2026-05-07 08:00:00,2344.59000000,2346.60000000,2332.00000000,2333.73000000,15120.56010000,1778144399999,35357936.85831100,102671,6496.50860000,15193085.89159200
1778144400000,2026-05-07 09:00:00,2333.73000000,2337.11000000,2326.83000000,2329.05000000,13919.74830000,1778147999999,32454248.67653800,104368,5212.72750000,12153086.98246400
1778148000000,2026-05-07 10:00:00,2329.04000000,2331.63000000,2317.35000000,2326.78000000,13596.46650000,1778151599999,31616900.25485400,105701,4899.94360000,11394007.61112800
1778151600000,2026-05-07 11:00:00,2326.78000000,2331.59000000,2325.45000000,2329.94000000,11503.00690000,1778155199999,26794425.91293400,90125,4550.16100000,10598905.49368800
1778155200000,2026-05-07 12:00:00,2329.94000000,2337.13000000,2329.04000000,2333.01000000,12385.89480000,1778158799999,28899189.01060900,98529,5160.88330000,12040625.78074000
1778158800000,2026-05-07 13:00:00,2333.02000000,2333.02000000,2305.40000000,2314.32000000,39011.66860000,1778162399999,90413045.70484400,256523,16522.05730000,38297214.87442900
1778162400000,2026-05-07 14:00:00,2314.32000000,2318.75000000,2289.51000000,2298.98000000,46781.22340000,1778165999999,107731975.72617800,283395,16852.79540000,38803284.39764800
1778166000000,2026-05-07 15:00:00,2298.98000000,2304.52000000,2285.95000000,2294.82000000,31328.16540000,1778169599999,71899374.92017200,217316,13191.46550000,30270679.74846400
1778169600000,2026-05-07 16:00:00,2294.82000000,2298.20000000,2285.37000000,2291.81000000,28001.19370000,1778173199999,64185217.06831000,191716,9670.32740000,22166828.39465500
1778173200000,2026-05-07 17:00:00,2291.81000000,2301.25000000,2280.10000000,2299.60000000,28378.65800000,1778176799999,65018919.25845600,194136,10115.51260000,23176320.29893000
1778176800000,2026-05-07 18:00:00,2299.61000000,2304.00000000,2291.27000000,2296.19000000,23860.34860000,1778180399999,54872377.83157100,164723,9549.64300000,21959350.33688600
1778180400000,2026-05-07 19:00:00,2296.18000000,2297.09000000,2287.88000000,2295.98000000,18517.28170000,1778183999999,42462451.23635700,137463,7056.89570000,16181693.12541100
1778184000000,2026-05-07 20:00:00,2295.98000000,2302.57000000,2287.94000000,2289.10000000,34000.85840000,1778187599999,77970274.85718800,124019,8009.05980000,18367518.97857000
1778187600000,2026-05-07 21:00:00,2289.10000000,2294.29000000,2281.29000000,2287.68000000,12799.08630000,1778191199999,29297191.05055200,81792,4200.08120000,9616145.80732100
1778191200000,2026-05-07 22:00:00,2287.68000000,2290.24000000,2281.04000000,2287.03000000,16424.34290000,1778194799999,37539429.39639000,123660,6111.60100000,13967354.76229600
1778194800000,2026-05-07 23:00:00,2287.03000000,2293.24000000,2286.11000000,2291.06000000,8871.10700000,1778198399999,20313256.07878200,58340,3297.69320000,7551169.34474600
1778198400000,2026-05-08 00:00:00,2291.06000000,2294.28000000,2283.66000000,2286.83000000,9997.27810000,1778201999999,22894296.05570700,73746,3533.56300000,8091862.46133900
1778202000000,2026-05-08 01:00:00,2286.83000000,2289.31000000,2280.28000000,2285.06000000,10079.19810000,1778205599999,23029855.69388000,67196,3681.06880000,8410690.41064800
1778205600000,2026-05-08 02:00:00,2285.06000000,2285.71000000,2268.00000000,2279.15000000,18687.35910000,1778209199999,42540032.07817700,140966,7496.23120000,17065163.42463300
1778209200000,2026-05-08 03:00:00,2279.15000000,2281.60000000,2265.61000000,2278.76000000,15605.19080000,1778212799999,35493602.80543500,111373,5893.84150000,13407609.49118900
1778212800000,2026-05-08 04:00:00,2278.77000000,2284.54000000,2276.50000000,2281.63000000,9647.49550000,1778216399999,22002758.38809000,58306,3664.62610000,8357449.73683100
1778216400000,2026-05-08 05:00:00,2281.63000000,2284.00000000,2275.97000000,2275.97000000,11633.25800000,1778219999999,26526964.10294400,61406,3264.95020000,7445973.37483700
1778220000000,2026-05-08 06:00:00,2275.98000000,2278.50000000,2268.60000000,2275.22000000,31348.26990000,1778223599999,71290150.71904500,111376,8251.65870000,18766601.27316800
1778223600000,2026-05-08 07:00:00,2275.23000000,2282.69000000,2267.15000000,2281.35000000,21264.44150000,1778227199999,48391852.37411500,108552,12582.44410000,28640638.18948900
1778227200000,2026-05-08 08:00:00,2281.37000000,2289.13000000,2280.15000000,2283.56000000,17210.39140000,1778230799999,39299093.12161700,75456,7557.95070000,17255035.75433000
1778230800000,2026-05-08 09:00:00,2283.56000000,2292.12000000,2280.35000000,2284.34000000,15015.73970000,1778234399999,34324098.23863200,77890,6460.26120000,14768309.75519600
1778234400000,2026-05-08 10:00:00,2284.34000000,2290.96000000,2281.17000000,2287.94000000,15731.50780000,1778237999999,35971017.46421300,88939,8720.16210000,19938127.29620900
1778238000000,2026-05-08 11:00:00,2287.95000000,2298.01000000,2287.95000000,2295.38000000,17761.49840000,1778241599999,40711284.45827200,100806,11278.81860000,25851842.29040300
1778241600000,2026-05-08 12:00:00,2295.38000000,2302.00000000,2282.46000000,2284.53000000,16435.04080000,1778245199999,37665433.47545200,120238,6535.01890000,14980540.26792700
1778245200000,2026-05-08 13:00:00,2284.53000000,2287.00000000,2269.96000000,2276.46000000,28468.80060000,1778248799999,64817990.48703100,210503,11981.33300000,27275714.42279500
1778248800000,2026-05-08 14:00:00,2276.46000000,2292.66000000,2273.32000000,2285.72000000,25640.10370000,1778252399999,58549124.90315600,237121,10655.32610000,24331322.52004700
1778252400000,2026-05-08 15:00:00,2285.72000000,2294.44000000,2274.94000000,2293.20000000,14657.39700000,1778255999999,33468941.66977100,166821,6268.63250000,14320149.35229900
1778256000000,2026-05-08 16:00:00,2293.20000000,2294.37000000,2286.42000000,2289.93000000,13453.99680000,1778259599999,30812953.86233400,113113,5715.05930000,13088250.54681600
1778259600000,2026-05-08 17:00:00,2289.93000000,2315.63000000,2289.39000000,2304.86000000,23598.57360000,1778263199999,54386695.88467400,180787,11210.83390000,25837177.12335700
1778263200000,2026-05-08 18:00:00,2304.87000000,2321.22000000,2304.87000000,2313.49000000,19654.01220000,1778266799999,45508868.19023200,123049,9308.98500000,21557292.45352800
1778266800000,2026-05-08 19:00:00,2313.49000000,2320.36000000,2312.48000000,2316.05000000,19777.93800000,1778270399999,45811970.44136600,90240,6109.38930000,14150222.49503900
1778270400000,2026-05-08 20:00:00,2316.06000000,2317.00000000,2305.36000000,2306.65000000,26417.62090000,1778273999999,61048867.47632000,73232,4837.00260000,11178334.14102200
1778274000000,2026-05-08 21:00:00,2306.64000000,2314.94000000,2304.21000000,2314.63000000,14078.50610000,1778277599999,32519324.93204500,63932,4076.28670000,9415396.36906500
1778277600000,2026-05-08 22:00:00,2314.62000000,2319.15000000,2310.26000000,2310.98000000,12732.97210000,1778281199999,29470879.39388000,64876,3313.54480000,7670897.61405600
1778281200000,2026-05-08 23:00:00,2310.98000000,2310.98000000,2303.19000000,2307.06000000,12138.56810000,1778284799999,28003945.42569700,48132,2377.01120000,5483081.96703700
1778284800000,2026-05-09 00:00:00,2307.07000000,2312.03000000,2304.19000000,2308.55000000,11551.95400000,1778288399999,26669474.30359600,50114,3295.75440000,7608942.70596300
1778288400000,2026-05-09 01:00:00,2308.55000000,2318.45000000,2308.23000000,2314.22000000,10857.77670000,1778291999999,25117545.60849800,55141,4204.84660000,9729781.14448200
1778292000000,2026-05-09 02:00:00,2314.23000000,2320.30000000,2313.80000000,2317.07000000,9468.17300000,1778295599999,21937423.19510900,47781,3714.64360000,8608034.07322100
1778295600000,2026-05-09 03:00:00,2317.07000000,2320.77000000,2312.60000000,2315.33000000,7290.81510000,1778299199999,16886477.52856400,41969,2655.92490000,6151644.62087200
1778299200000,2026-05-09 04:00:00,2315.33000000,2325.33000000,2311.27000000,2312.35000000,27184.84100000,1778302799999,62972776.73426200,85648,5641.80450000,13077120.28230000
1778302800000,2026-05-09 05:00:00,2312.35000000,2318.29000000,2310.90000000,2314.82000000,5918.43340000,1778306399999,13702168.42425300,30901,2528.15830000,5853094.86827600
1778306400000,2026-05-09 06:00:00,2314.82000000,2319.59000000,2312.95000000,2314.35000000,10307.91160000,1778309999999,23876788.47430900,47295,6630.31410000,15358198.04666600
1778310000000,2026-05-09 07:00:00,2314.35000000,2318.56000000,2311.34000000,2314.69000000,8349.90500000,1778313599999,19333239.51191600,35350,4844.79050000,11217705.90704300
1778313600000,2026-05-09 08:00:00,2314.69000000,2320.53000000,2314.23000000,2317.16000000,8698.33080000,1778317199999,20165312.90882900,36899,4639.83300000,10756191.90376800
1778317200000,2026-05-09 09:00:00,2317.16000000,2317.52000000,2311.37000000,2313.28000000,6746.95800000,1778320799999,15612745.05891600,37116,2214.21560000,5123811.35760500
1778320800000,2026-05-09 10:00:00,2313.28000000,2315.03000000,2310.24000000,2312.50000000,4778.59190000,1778324399999,11050569.00612100,26433,1418.41260000,3279977.43777000
1778324400000,2026-05-09 11:00:00,2312.49000000,2315.56000000,2312.49000000,2314.57000000,5435.84730000,1778327999999,12580557.53214800,22168,1553.63740000,3595476.62634700
1778328000000,2026-05-09 12:00:00,2314.56000000,2318.27000000,2313.24000000,2316.54000000,5219.30630000,1778331599999,12087954.89689900,32212,2076.21510000,4809221.05395900
1778331600000,2026-05-09 13:00:00,2316.54000000,2316.55000000,2311.69000000,2314.34000000,4773.33480000,1778335199999,11046590.65809900,29425,1549.43180000,3585601.62007400
1778335200000,2026-05-09 14:00:00,2314.34000000,2315.32000000,2305.21000000,2308.27000000,8247.08320000,1778338799999,19041403.71586600,68038,3645.83370000,8418668.16132000
1778338800000,2026-05-09 15:00:00,2308.27000000,2317.64000000,2300.00000000,2317.63000000,12866.05550000,1778342399999,29724522.86847600,94092,7136.07810000,16493780.16675700
1778342400000,2026-05-09 16:00:00,2317.64000000,2325.28000000,2315.29000000,2319.99000000,15466.00990000,1778345999999,35889365.38552600,96596,7795.39630000,18089952.25113800
1778346000000,2026-05-09 17:00:00,2320.00000000,2333.61000000,2320.00000000,2329.45000000,21099.49220000,1778349599999,49154150.82797400,127927,9863.38510000,22974096.72658100
1778349600000,2026-05-09 18:00:00,2329.46000000,2338.37000000,2328.80000000,2330.22000000,11248.54600000,1778353199999,26243194.10400600,77663,4469.88480000,10430468.15653800
1778353200000,2026-05-09 19:00:00,2330.23000000,2333.10000000,2326.54000000,2332.01000000,9103.60020000,1778356799999,21208723.18678800,47404,3933.51990000,9164978.68886700
1778356800000,2026-05-09 20:00:00,2332.02000000,2332.81000000,2327.26000000,2329.18000000,5902.36180000,1778360399999,13748495.15577200,35696,1491.37640000,3473951.75468100
1778360400000,2026-05-09 21:00:00,2329.17000000,2331.55000000,2328.62000000,2330.82000000,6093.51710000,1778363999999,14198940.32529100,35666,1415.34950000,3297767.33393500
1778364000000,2026-05-09 22:00:00,2330.82000000,2333.47000000,2327.22000000,2329.89000000,6868.12510000,1778367599999,16009045.70289900,45450,2326.45180000,5422624.42826800
1778367600000,2026-05-09 23:00:00,2329.89000000,2331.96000000,2324.70000000,2326.44000000,6954.18710000,1778371199999,16184258.98175200,41641,1915.32230000,4457345.65108800
1778371200000,2026-05-10 00:00:00,2326.43000000,2329.71000000,2321.16000000,2323.89000000,7913.82340000,1778374799999,18409453.61090900,53781,2391.14370000,5562161.39640700
1778374800000,2026-05-10 01:00:00,2323.90000000,2324.97000000,2318.33000000,2323.67000000,9455.72550000,1778378399999,21952523.57087100,58121,2653.39450000,6159721.89684700
1778378400000,2026-05-10 02:00:00,2323.68000000,2328.00000000,2320.08000000,2327.94000000,7197.48560000,1778381999999,16732924.42176900,43573,2395.45330000,5569613.84799100
1778382000000,2026-05-10 03:00:00,2327.94000000,2332.91000000,2323.70000000,2327.76000000,8711.10210000,1778385599999,20282274.94170100,56005,3252.93510000,7575265.66306400
1778385600000,2026-05-10 04:00:00,2327.75000000,2330.98000000,2326.10000000,2328.27000000,7716.13430000,1778389199999,17963303.60275000,48677,2287.08530000,5324714.90486900
1778389200000,2026-05-10 05:00:00,2328.28000000,2330.00000000,2326.51000000,2327.30000000,6244.92760000,1778392799999,14540898.42226200,41591,1969.01170000,4584688.26450100
1778392800000,2026-05-10 06:00:00,2327.30000000,2330.75000000,2326.65000000,2329.30000000,6968.68380000,1778396399999,16226772.53245200,38220,2475.95710000,5765186.60638900
1778396400000,2026-05-10 07:00:00,2329.31000000,2332.09000000,2327.36000000,2327.36000000,6034.60590000,1778399999999,14056300.21561900,33941,1785.99750000,4160520.81803500
1778400000000,2026-05-10 08:00:00,2327.36000000,2331.83000000,2326.16000000,2330.15000000,7669.50070000,1778403599999,17865537.95472600,42701,3176.80050000,7400026.94072400
1778403600000,2026-05-10 09:00:00,2330.16000000,2333.59000000,2326.92000000,2328.22000000,6313.07100000,1778407199999,14708702.36820400,41172,1790.74650000,4172923.36818400
1778407200000,2026-05-10 10:00:00,2328.23000000,2328.82000000,2323.38000000,2325.46000000,7346.51570000,1778410799999,17083076.88569400,52947,2211.60820000,5142559.04217900
1778410800000,2026-05-10 11:00:00,2325.46000000,2327.42000000,2319.00000000,2322.58000000,7550.91180000,1778414399999,17539401.66156200,47837,2701.74970000,6276293.63617800
1778414400000,2026-05-10 12:00:00,2322.59000000,2325.35000000,2320.87000000,2324.12000000,5841.89520000,1778417999999,13573329.15331400,38718,1878.09590000,4363598.43312000
1778418000000,2026-05-10 13:00:00,2324.12000000,2331.99000000,2323.28000000,2329.80000000,11818.96590000,1778421599999,27524007.29510000,62292,4587.09540000,10681436.60177700
1778421600000,2026-05-10 14:00:00,2329.80000000,2335.00000000,2326.94000000,2330.90000000,11780.75080000,1778425199999,27449997.63932900,60578,3770.18460000,8787100.53047500
1778425200000,2026-05-10 15:00:00,2330.90000000,2351.66000000,2330.90000000,2347.56000000,22485.36560000,1778428799999,52629896.68535700,139374,11775.69670000,27577577.03530300
1778428800000,2026-05-10 16:00:00,2347.56000000,2350.85000000,2340.11000000,2350.00000000,17749.15020000,1778432399999,41671208.96237400,96283,10846.86610000,25470375.16541100
1778432400000,2026-05-10 17:00:00,2349.99000000,2368.00000000,2345.40000000,2364.10000000,114535.23660000,1778435999999,269221554.92523600,183246,97017.83420000,227982798.60586700
1778436000000,2026-05-10 18:00:00,2364.11000000,2366.79000000,2356.63000000,2358.54000000,11161.52800000,1778439599999,26366068.02504300,71144,5143.66630000,12148817.33160800
1778439600000,2026-05-10 19:00:00,2358.53000000,2366.79000000,2351.25000000,2365.54000000,10978.64510000,1778443199999,25927065.77451800,81958,5751.81780000,13584206.81315400
1778443200000,2026-05-10 20:00:00,2365.54000000,2369.86000000,2311.83000000,2328.76000000,30933.28060000,1778446799999,72372904.47818000,281087,12467.15900000,29180463.58079300
1778446800000,2026-05-10 21:00:00,2328.76000000,2336.85000000,2324.02000000,2330.80000000,15363.92270000,1778450399999,35820451.06667800,156445,6798.53190000,15852378.35342100
1778450400000,2026-05-10 22:00:00,2330.79000000,2377.64000000,2327.92000000,2373.78000000,33668.53410000,1778453999999,79450204.61499100,340618,18089.77040000,42677582.51013200
1778454000000,2026-05-10 23:00:00,2373.78000000,2382.53000000,2367.95000000,2371.27000000,22683.10010000,1778457599999,53910395.61924000,202440,11902.73060000,28296289.85113200
1778457600000,2026-05-11 00:00:00,2371.26000000,2374.92000000,2344.59000000,2352.35000000,19323.69840000,1778461199999,45562327.16089300,220691,8214.39400000,19369446.72813000
1778461200000,2026-05-11 01:00:00,2352.36000000,2365.58000000,2345.33000000,2358.54000000,9293.83150000,1778464799999,21915224.80151500,155018,4971.70060000,11723886.36864500
1778464800000,2026-05-11 02:00:00,2358.54000000,2360.79000000,2343.38000000,2345.39000000,9280.18670000,1778468399999,21794583.38559100,126011,3777.66530000,8872773.37532600
1778468400000,2026-05-11 03:00:00,2345.40000000,2345.40000000,2320.01000000,2330.56000000,22426.55500000,1778471999999,52244002.23121400,176953,9788.87540000,22798720.03606200
1778472000000,2026-05-11 04:00:00,2330.56000000,2335.99000000,2326.66000000,2332.85000000,10862.77750000,1778475599999,25329497.99466900,81509,4897.90020000,11420702.82797800
1778475600000,2026-05-11 05:00:00,2332.85000000,2340.49000000,2332.05000000,2335.30000000,9834.66590000,1778479199999,22974822.67912000,61644,4315.03790000,10080236.40123900
1778479200000,2026-05-11 06:00:00,2335.29000000,2342.44000000,2330.05000000,2333.48000000,9215.66800000,1778482799999,21529577.84530900,73859,3432.75930000,8022618.53506800
1778482800000,2026-05-11 07:00:00,2333.49000000,2333.49000000,2328.25000000,2330.54000000,5396.16460000,1778486399999,12575474.81444100,56787,1984.58820000,4624781.97498000
1778486400000,2026-05-11 08:00:00,2330.55000000,2334.66000000,2326.66000000,2330.48000000,7149.02020000,1778489999999,16666158.85385600,76466,3449.14120000,8041378.90234500
1778490000000,2026-05-11 09:00:00,2330.48000000,2338.61000000,2330.26000000,2336.08000000,4110.15030000,1778493599999,9599254.97051200,57588,2192.55330000,5120554.32183000
1778493600000,2026-05-11 10:00:00,2336.07000000,2339.90000000,2329.93000000,2329.94000000,5470.28460000,1778497199999,12775754.03628100,68891,2160.47390000,5046845.07146200
1778497200000,2026-05-11 11:00:00,2329.93000000,2335.80000000,2327.43000000,2335.80000000,4609.63100000,1778500799999,10754554.44344600,59745,1662.70520000,3879487.97785600
1778500800000,2026-05-11 12:00:00,2335.80000000,2338.89000000,2328.79000000,2329.50000000,7140.95350000,1778504399999,16663887.38766500,92722,2960.58010000,6908448.37175100
1778504400000,2026-05-11 13:00:00,2329.51000000,2332.86000000,2314.77000000,2322.32000000,15820.00730000,1778507999999,36752625.32236200,185730,6487.56150000,15073088.98880800
1778508000000,2026-05-11 14:00:00,2322.31000000,2328.80000000,2304.00000000,2316.48000000,18307.60630000,1778511599999,42391952.79707700,225113,7603.41410000,17610218.73887600
1778511600000,2026-05-11 15:00:00,2316.48000000,2335.60000000,2313.40000000,2333.48000000,13019.65860000,1778515199999,30299587.69766700,160383,6344.85920000,14767306.84800900
1778515200000,2026-05-11 16:00:00,2333.48000000,2341.21000000,2327.38000000,2329.78000000,15011.53990000,1778518799999,35063767.03935600,172499,6312.44040000,14747993.38647500
1778518800000,2026-05-11 17:00:00,2329.79000000,2343.83000000,2323.68000000,2336.71000000,10465.53710000,1778522399999,24411851.68165400,111209,4783.85450000,11158326.18389800
1778522400000,2026-05-11 18:00:00,2336.71000000,2344.35000000,2334.55000000,2335.35000000,10798.42890000,1778525999999,25271486.00526500,94084,4405.10170000,10309638.87587400
1778526000000,2026-05-11 19:00:00,2335.35000000,2344.00000000,2331.92000000,2340.43000000,7110.35870000,1778529599999,16631705.81227600,79377,2960.99470000,6927309.48553600
1778529600000,2026-05-11 20:00:00,2340.44000000,2345.44000000,2336.27000000,2338.15000000,7593.57020000,1778533199999,17768348.43577200,78928,3116.63060000,7292406.82615000
1778533200000,2026-05-11 21:00:00,2338.16000000,2342.49000000,2336.36000000,2340.71000000,5121.32530000,1778536799999,11981546.88276500,57670,2637.86160000,6170947.22991700
1778536800000,2026-05-11 22:00:00,2340.71000000,2345.68000000,2336.63000000,2341.43000000,5867.56760000,1778540399999,13738159.36478400,69970,3124.03310000,7314736.74919800
1778540400000,2026-05-11 23:00:00,2341.43000000,2342.23000000,2335.08000000,2339.87000000,3732.86810000,1778543999999,8731912.60943300,51746,1905.07720000,4456385.70472900
1778544000000,2026-05-12 00:00:00,2339.88000000,2340.85000000,2332.13000000,2333.54000000,5083.89580000,1778547599999,11873743.97203300,68984,2779.42490000,6491948.33140900
1778547600000,2026-05-12 01:00:00,2333.54000000,2335.66000000,2295.01000000,2311.41000000,27250.34840000,1778551199999,62985980.88128300,227497,12153.80700000,28100334.23909900
1778551200000,2026-05-12 02:00:00,2311.40000000,2317.00000000,2307.20000000,2315.89000000,8716.19700000,1778554799999,20159087.83422400,85533,4696.55640000,10863306.92041300
1778554800000,2026-05-12 03:00:00,2315.89000000,2317.31000000,2307.20000000,2309.37000000,5742.04840000,1778558399999,13276370.15697200,60491,2247.14670000,5196921.63588900
1778558400000,2026-05-12 04:00:00,2309.36000000,2314.49000000,2305.65000000,2310.92000000,5344.51110000,1778561999999,12349072.34155300,41814,2042.76210000,4720243.93884200
1778562000000,2026-05-12 05:00:00,2310.92000000,2314.08000000,2309.74000000,2310.12000000,6159.88590000,1778565599999,14240763.38633300,35706,2165.59580000,5007012.32937400
1778565600000,2026-05-12 06:00:00,2310.13000000,2313.84000000,2302.63000000,2303.89000000,8109.01350000,1778569199999,18715669.76365100,59751,2948.88360000,6805227.42853600
1778569200000,2026-05-12 07:00:00,2303.90000000,2304.82000000,2291.63000000,2295.20000000,15768.30220000,1778572799999,36246126.74632100,95861,6809.47290000,15652221.04174400
1778572800000,2026-05-12 08:00:00,2295.20000000,2296.27000000,2280.00000000,2288.01000000,25800.43160000,1778576399999,59033653.74747900,133264,12297.83680000,28137275.98479100
1778576400000,2026-05-12 09:00:00,2288.00000000,2295.30000000,2281.10000000,2292.84000000,11101.25730000,1778579999999,25386705.56259800,84892,6040.64380000,13813715.31881600
1778580000000,2026-05-12 10:00:00,2292.84000000,2293.88000000,2281.42000000,2286.20000000,14416.28190000,1778583599999,32959155.62256300,79412,5863.00270000,13403501.59483700
1778583600000,2026-05-12 11:00:00,2286.21000000,2287.09000000,2278.57000000,2287.01000000,9074.82740000,1778587199999,20722649.91555900,102041,4108.33260000,9383396.74279400
1778587200000,2026-05-12 12:00:00,2287.02000000,2294.01000000,2281.14000000,2288.97000000,10709.24510000,1778590799999,24500353.25207800,144585,5097.56850000,11662594.94051800
1778590800000,2026-05-12 13:00:00,2288.97000000,2292.51000000,2268.88000000,2271.99000000,17980.85570000,1778594399999,40993019.50085300,229234,6918.34010000,15775332.60299500
1778594400000,2026-05-12 14:00:00,2271.99000000,2281.89000000,2262.37000000,2269.18000000,18461.40510000,1778597999999,41949082.04425700,251894,8610.45260000,19571373.02571700
1778598000000,2026-05-12 15:00:00,2269.18000000,2274.38000000,2256.67000000,2261.85000000,16513.77230000,1778601599999,37378596.79531500,203062,6498.12110000,14710974.87216000
1778601600000,2026-05-12 16:00:00,2261.86000000,2271.24000000,2256.27000000,2263.83000000,11372.99980000,1778605199999,25747857.65896000,161576,5204.78000000,11784684.97557600
1778605200000,2026-05-12 17:00:00,2263.83000000,2278.00000000,2263.83000000,2276.59000000,6397.29530000,1778608799999,14541177.68825200,97766,3343.41300000,7598339.32121600
1778608800000,2026-05-12 18:00:00,2276.60000000,2284.60000000,2274.67000000,2279.30000000,6729.21040000,1778612399999,15337931.06553100,79823,3393.80650000,7736144.42134100
1778612400000,2026-05-12 19:00:00,2279.31000000,2287.43000000,2279.15000000,2285.09000000,5237.42830000,1778615999999,11963318.21694400,69778,2697.53540000,6161206.38874000
1778616000000,2026-05-12 20:00:00,2285.10000000,2287.39000000,2281.32000000,2285.04000000,3679.29570000,1778619599999,8405377.04705200,44593,1402.61330000,3203955.39663100
1778619600000,2026-05-12 21:00:00,2285.05000000,2287.64000000,2282.81000000,2285.40000000,3407.41660000,1778623199999,7787457.17783800,43095,1671.00790000,3818903.38619500
1778623200000,2026-05-12 22:00:00,2285.41000000,2291.37000000,2282.24000000,2282.34000000,4370.61330000,1778626799999,9995778.50736100,61260,1844.11920000,4219105.63038100
1778626800000,2026-05-12 23:00:00,2282.34000000,2284.18000000,2273.88000000,2274.96000000,5554.57010000,1778630399999,12656030.91245400,58469,1725.07180000,3930822.41404100
1778630400000,2026-05-13 00:00:00,2274.97000000,2286.79000000,2273.34000000,2281.56000000,4782.35350000,1778633999999,10911891.25426400,87489,2338.68690000,5336390.34239900
1778634000000,2026-05-13 01:00:00,2281.56000000,2295.29000000,2280.99000000,2289.98000000,8336.96210000,1778637599999,19094882.21963300,118169,4392.65970000,10059996.15926500
1778637600000,2026-05-13 02:00:00,2289.99000000,2299.89000000,2286.96000000,2293.99000000,6723.59220000,1778641199999,15425271.31440200,88675,3287.62020000,7543881.39039800
1778641200000,2026-05-13 03:00:00,2293.99000000,2303.77000000,2292.44000000,2301.77000000,5786.80430000,1778644799999,13301837.30108200,76347,3072.48100000,7062304.82150900
1778644800000,2026-05-13 04:00:00,2301.76000000,2309.00000000,2298.47000000,2306.67000000,5667.69910000,1778648399999,13056613.99771600,66128,2820.16290000,6497318.79011100
1778648400000,2026-05-13 05:00:00,2306.68000000,2307.48000000,2295.63000000,2297.76000000,6007.47380000,1778651999999,13826723.14503300,47726,1445.74660000,3326779.93915300
1778652000000,2026-05-13 06:00:00,2297.77000000,2305.13000000,2297.26000000,2301.84000000,4402.67540000,1778655599999,10137685.86000800,49011,2484.05300000,5719915.73472400
1778655600000,2026-05-13 07:00:00,2301.84000000,2303.03000000,2296.95000000,2301.07000000,4164.75970000,1778659199999,9577542.97744200,41774,1896.37440000,4361247.36978800
1778659200000,2026-05-13 08:00:00,2301.07000000,2316.96000000,2300.73000000,2316.64000000,11302.72900000,1778662799999,26103563.93831600,88020,6952.18270000,16053757.66541200
1778662800000,2026-05-13 09:00:00,2316.65000000,2323.36000000,2314.45000000,2321.19000000,12175.56180000,1778666399999,28246576.72155100,77088,6711.87400000,15570693.61807400
1778666400000,2026-05-13 10:00:00,2321.18000000,2321.60000000,2305.55000000,2308.46000000,7214.56200000,1778669999999,16681091.63587700,69442,3130.01890000,7235661.05314900
1778670000000,2026-05-13 11:00:00,2308.46000000,2308.91000000,2299.00000000,2301.82000000,8961.86030000,1778673599999,20639693.83715800,99884,5217.34860000,12017184.42959900
1778673600000,2026-05-13 12:00:00,2301.83000000,2307.54000000,2270.01000000,2284.35000000,21804.24650000,1778677199999,49851597.66276400,220286,9550.02500000,21852190.43372500
1778677200000,2026-05-13 13:00:00,2284.35000000,2288.31000000,2258.51000000,2262.80000000,25468.68090000,1778680799999,57825809.13350100,201349,12253.18160000,27824594.36893000
1778680800000,2026-05-13 14:00:00,2262.80000000,2270.97000000,2251.05000000,2267.39000000,23727.93780000,1778684399999,53692991.95653200,138193,12466.71130000,28209512.84580800
1778684400000,2026-05-13 15:00:00,2267.39000000,2270.25000000,2234.13000000,2236.49000000,30418.87820000,1778687999999,68427499.60890800,178651,11656.41960000,26228898.13203800
1778688000000,2026-05-13 16:00:00,2236.48000000,2253.35000000,2235.48000000,2250.75000000,23968.62560000,1778691599999,53793061.21131300,123038,12625.69940000,28337170.88520000
1778691600000,2026-05-13 17:00:00,2250.75000000,2261.77000000,2250.75000000,2258.31000000,9344.96910000,1778695199999,21091321.72685200,70121,4246.82980000,9583662.80268100
1778695200000,2026-05-13 18:00:00,2258.32000000,2268.49000000,2258.32000000,2259.68000000,14360.44090000,1778698799999,32508952.32627200,75000,7211.27870000,16326117.98637800
1778698800000,2026-05-13 19:00:00,2259.67000000,2260.71000000,2250.56000000,2256.53000000,7585.25440000,1778702399999,17108366.36805100,59283,2796.65940000,6307973.31473900
1778702400000,2026-05-13 20:00:00,2256.53000000,2264.46000000,2256.43000000,2263.75000000,4878.86970000,1778705999999,11027543.27630300,37703,2421.44830000,5472869.07570000
1778706000000,2026-05-13 21:00:00,2263.76000000,2264.07000000,2253.70000000,2255.79000000,3683.17320000,1778709599999,8313398.04020800,39167,1391.38000000,3140159.98203400
1778709600000,2026-05-13 22:00:00,2255.80000000,2260.55000000,2251.00000000,2259.60000000,4213.45890000,1778713199999,9503010.51284600,51535,2007.06470000,4527027.18134300
1778713200000,2026-05-13 23:00:00,2259.59000000,2261.79000000,2254.83000000,2258.65000000,3474.16150000,1778716799999,7847776.39584600,41521,1804.45440000,4076344.31136600
1778716800000,2026-05-14 00:00:00,2258.66000000,2269.37000000,2258.14000000,2266.58000000,6486.75700000,1778720399999,14696989.33086600,76842,3334.65890000,7553858.62727600
1778720400000,2026-05-14 01:00:00,2266.58000000,2269.37000000,2259.90000000,2264.91000000,4348.59640000,1778723999999,9848223.71469400,74245,1765.87140000,3999060.30245300
1778724000000,2026-05-14 02:00:00,2264.90000000,2266.75000000,2247.71000000,2251.53000000,8195.26170000,1778727599999,18516751.66276800,77284,2167.63360000,4896130.08834200
1778727600000,2026-05-14 03:00:00,2251.54000000,2255.00000000,2238.64000000,2242.14000000,9365.14620000,1778731199999,21027677.67056900,135947,3959.19770000,8893007.50538100
1778731200000,2026-05-14 04:00:00,2242.14000000,2258.25000000,2239.54000000,2256.70000000,5139.32020000,1778734799999,11573317.32787600,63985,3036.15380000,6836690.40673300
1778734800000,2026-05-14 05:00:00,2256.69000000,2273.71000000,2255.53000000,2268.44000000,10348.16300000,1778738399999,23435916.81026500,95075,5925.44070000,13423431.75359500
1778738400000,2026-05-14 06:00:00,2268.44000000,2275.20000000,2266.86000000,2267.71000000,8095.97770000,1778741999999,18385282.65130000,75696,3686.76620000,8372863.53305300
1778742000000,2026-05-14 07:00:00,2267.72000000,2270.79000000,2263.88000000,2265.48000000,5020.07280000,1778745599999,11384964.27846900,51095,2743.70040000,6223129.56985000
1778745600000,2026-05-14 08:00:00,2265.49000000,2270.99000000,2262.05000000,2266.36000000,7411.15370000,1778749199999,16800379.58015900,59227,4035.54990000,9148906.06472400
1778749200000,2026-05-14 09:00:00,2266.35000000,2267.72000000,2252.76000000,2257.80000000,8310.43770000,1778752799999,18784676.68616900,76573,4120.71960000,9315423.48248100
1778752800000,2026-05-14 10:00:00,2257.80000000,2265.51000000,2255.84000000,2262.14000000,7115.75910000,1778756399999,16089879.47361500,80787,3746.56550000,8471825.55637800
1778756400000,2026-05-14 11:00:00,2262.13000000,2264.00000000,2252.53000000,2253.81000000,8187.75990000,1778759999999,18479610.29347000,72815,5202.87480000,11743342.59910900
1778760000000,2026-05-14 12:00:00,2253.81000000,2263.24000000,2248.00000000,2261.48000000,8236.37440000,1778763599999,18584335.95444800,101965,3760.17560000,8484862.81890400
1778763600000,2026-05-14 13:00:00,2261.48000000,2265.32000000,2248.43000000,2249.42000000,15476.06020000,1778767199999,34937176.45746800,200004,6197.66140000,13992187.00871900
1778767200000,2026-05-14 14:00:00,2249.42000000,2289.00000000,2246.13000000,2286.99000000,22674.60060000,1778770799999,51511942.65141100,270672,13311.63800000,30245581.89003500
1778770800000,2026-05-14 15:00:00,2287.00000000,2299.70000000,2280.63000000,2298.48000000,22364.74920000,1778774399999,51206716.80897800,204381,11177.88140000,25601747.19902300
1778774400000,2026-05-14 16:00:00,2298.48000000,2318.66000000,2293.96000000,2316.36000000,28595.75390000,1778777999999,65938238.55002200,250073,15856.31590000,36573465.36478800
1778778000000,2026-05-14 17:00:00,2316.35000000,2319.33000000,2296.57000000,2308.18000000,20630.79280000,1778781599999,47621166.06235200,245246,9533.06770000,22007535.47803100
1778781600000,2026-05-14 18:00:00,2308.17000000,2316.78000000,2303.00000000,2309.63000000,11885.17140000,1778785199999,27471219.69269200,122356,6161.94120000,14244091.84747000
1778785200000,2026-05-14 19:00:00,2309.64000000,2312.22000000,2297.50000000,2298.34000000,10168.44990000,1778788799999,23420738.58600100,105489,4176.21350000,9618269.86475100
1778788800000,2026-05-14 20:00:00,2298.34000000,2301.43000000,2288.70000000,2298.08000000,8543.81950000,1778792399999,19597729.07463400,91649,3928.09090000,9012787.19815100
1778792400000,2026-05-14 21:00:00,2298.08000000,2300.27000000,2290.00000000,2297.19000000,6869.12930000,1778795999999,15769403.49938100,61260,4147.04380000,9520945.52784600
1778796000000,2026-05-14 22:00:00,2297.20000000,2301.67000000,2295.20000000,2298.16000000,4426.49120000,1778799599999,10173315.04426200,59129,2427.27840000,5578800.09528800
1778799600000,2026-05-14 23:00:00,2298.16000000,2298.16000000,2280.18000000,2283.25000000,8785.03810000,1778803199999,20113056.73555100,78612,3349.91760000,7671386.24944500
1778803200000,2026-05-15 00:00:00,2283.26000000,2300.29000000,2281.78000000,2291.39000000,9357.08660000,1778806799999,21433842.81391700,119172,4470.28910000,10239076.17262600
1778806800000,2026-05-15 01:00:00,2291.39000000,2294.74000000,2274.06000000,2275.45000000,14053.43480000,1778810399999,32093708.58617700,129530,3715.17010000,8487862.47410300
1778810400000,2026-05-15 02:00:00,2275.46000000,2279.26000000,2260.45000000,2276.37000000,21187.19740000,1778813999999,48087551.78799500,167740,6337.32100000,14386682.87613800
1778814000000,2026-05-15 03:00:00,2276.37000000,2279.64000000,2267.98000000,2273.34000000,12349.30000000,1778817599999,28075451.62588400,82915,2747.08770000,6244939.92005700
1778817600000,2026-05-15 04:00:00,2273.35000000,2273.91000000,2262.74000000,2263.33000000,5390.79150000,1778821199999,12227413.53606900,72287,2136.99030000,4848199.47879900
1778821200000,2026-05-15 05:00:00,2263.33000000,2267.00000000,2237.95000000,2245.41000000,25297.90030000,1778824799999,56916319.26071300,190274,9763.94360000,21964433.16739400
1778824800000,2026-05-15 06:00:00,2245.40000000,2256.92000000,2243.80000000,2255.35000000,8254.69430000,1778828399999,18582805.24738200,97395,4264.94350000,9601477.51518300
1778828400000,2026-05-15 07:00:00,2255.36000000,2271.64000000,2253.63000000,2265.11000000,11363.63770000,1778831999999,25732894.79683300,90084,5998.19050000,13582069.53742200
1778832000000,2026-05-15 08:00:00,2265.11000000,2265.42000000,2250.00000000,2257.56000000,10928.00660000,1778835599999,24668468.71535200,109589,5358.35130000,12095798.15416400
1778835600000,2026-05-15 09:00:00,2257.56000000,2260.00000000,2250.82000000,2254.50000000,5542.76330000,1778839199999,12500424.17203900,85415,2781.04760000,6272423.34757300
1778839200000,2026-05-15 10:00:00,2254.50000000,2264.49000000,2252.35000000,2262.44000000,7868.50400000,1778842799999,17768064.67912500,94920,4104.49420000,9267222.09526300
1778842800000,2026-05-15 11:00:00,2262.44000000,2263.95000000,2257.26000000,2257.57000000,6432.37800000,1778846399999,14535738.69306800,58824,3180.43160000,7187024.28769100
1778846400000,2026-05-15 12:00:00,2257.56000000,2260.72000000,2251.14000000,2254.29000000,7355.91210000,1778849999999,16591278.57896500,92007,3159.97520000,7127551.49948800
1778850000000,2026-05-15 13:00:00,2254.29000000,2254.29000000,2210.31000000,2213.68000000,42412.99390000,1778853599999,94582856.39288000,407955,16735.73020000,37303530.42080100
1778853600000,2026-05-15 14:00:00,2213.69000000,2223.79000000,2205.11000000,2213.35000000,36623.71700000,1778857199999,81078949.20255900,368852,16372.90680000,36254244.99669200
1778857200000,2026-05-15 15:00:00,2213.35000000,2223.96000000,2209.79000000,2222.85000000,11937.23920000,1778860799999,26467640.61299000,180391,6861.94110000,15215704.19598700
1778860800000,2026-05-15 16:00:00,2222.86000000,2231.11000000,2218.90000000,2224.59000000,11576.29530000,1778864399999,25753772.49060600,128623,5941.36670000,13220044.38981100
1778864400000,2026-05-15 17:00:00,2224.59000000,2232.88000000,2224.26000000,2229.47000000,8834.43470000,1778867999999,19685729.05596200,93200,4716.73490000,10510110.31718200
1778868000000,2026-05-15 18:00:00,2229.47000000,2232.86000000,2224.97000000,2228.36000000,6715.79590000,1778871599999,14967878.56084100,99202,3638.44360000,8109650.84253400
1778871600000,2026-05-15 19:00:00,2228.35000000,2228.42000000,2222.27000000,2223.35000000,5728.01310000,1778875199999,12744214.69197800,83149,2360.91310000,5252640.38111800
1778875200000,2026-05-15 20:00:00,2223.35000000,2226.13000000,2216.99000000,2220.14000000,6208.49650000,1778878799999,13790929.90818300,76649,2582.08790000,5735903.74449900
1778878800000,2026-05-15 21:00:00,2220.13000000,2225.08000000,2215.00000000,2216.99000000,5279.62430000,1778882399999,11720595.58888800,63949,2073.96420000,4604809.86352400
1778882400000,2026-05-15 22:00:00,2217.00000000,2225.01000000,2216.99000000,2224.18000000,5017.08960000,1778885999999,11151116.03793400,45113,2273.87000000,5052596.03161400
1778886000000,2026-05-15 23:00:00,2224.18000000,2226.29000000,2222.88000000,2224.66000000,2821.24460000,1778889599999,6276227.87597800,40073,1607.83770000,3576800.09873200
1778889600000,2026-05-16 00:00:00,2224.65000000,2231.51000000,2223.81000000,2227.00000000,3301.80640000,1778893199999,7357569.46436500,44128,1952.87460000,4351739.19676600
1778893200000,2026-05-16 01:00:00,2226.99000000,2230.85000000,2223.53000000,2229.62000000,2980.28520000,1778896799999,6637471.67309700,50694,1379.81430000,3073570.85111800
1778896800000,2026-05-16 02:00:00,2229.62000000,2231.50000000,2227.00000000,2229.91000000,2565.15920000,1778900399999,5718943.89391400,40202,1511.98010000,3371088.51870800
1778900400000,2026-05-16 03:00:00,2229.91000000,2230.64000000,2227.11000000,2228.01000000,2329.58100000,1778903999999,5193681.86405100,30319,1144.33900000,2551353.15860900
1778904000000,2026-05-16 04:00:00,2228.00000000,2228.96000000,2218.35000000,2225.98000000,4171.07140000,1778907599999,9275084.56693900,46542,1958.18710000,4354830.15534200
1778907600000,2026-05-16 05:00:00,2225.99000000,2227.13000000,2222.69000000,2225.37000000,2311.45520000,1778911199999,5144305.63182200,32976,1206.68590000,2685535.68854300
1778911200000,2026-05-16 06:00:00,2225.38000000,2226.89000000,2209.70000000,2215.45000000,8055.16700000,1778914799999,17866106.51384000,88357,3930.81390000,8720025.00956300
1778914800000,2026-05-16 07:00:00,2215.46000000,2215.81000000,2182.00000000,2194.81000000,38322.88800000,1778918399999,84052736.34934400,246083,18394.80060000,40312366.78386100
1778918400000,2026-05-16 08:00:00,2194.81000000,2196.87000000,2192.01000000,2193.26000000,6028.14630000,1778921999999,13229698.42045200,55773,2449.99990000,5377511.37487600
1778922000000,2026-05-16 09:00:00,2193.26000000,2193.85000000,2162.60000000,2173.57000000,27888.78430000,1778925599999,60639159.61412200,208851,11352.22410000,24667284.79680500
1778925600000,2026-05-16 10:00:00,2173.57000000,2175.00000000,2162.55000000,2173.85000000,18882.44850000,1778929199999,40978125.64695500,126254,7136.79530000,15487695.04767400
1778929200000,2026-05-16 11:00:00,2173.85000000,2181.00000000,2173.85000000,2176.10000000,13389.52100000,1778932799999,29163346.66681400,64286,7507.45560000,16352809.36745200
1778932800000,2026-05-16 12:00:00,2176.11000000,2179.26000000,2173.18000000,2176.50000000,8013.18970000,1778936399999,17438601.99990700,50242,4274.01890000,9301047.50187700
1778936400000,2026-05-16 13:00:00,2176.50000000,2180.00000000,2172.30000000,2177.12000000,8775.79860000,1778939999999,19097257.44511000,58301,3994.05830000,8690161.09633600
1778940000000,2026-05-16 14:00:00,2177.12000000,2188.16000000,2173.51000000,2179.93000000,11130.76090000,1778943599999,24244076.96989600,77598,5256.81580000,11455125.72705300
1778943600000,2026-05-16 15:00:00,2179.92000000,2183.79000000,2176.90000000,2180.00000000,10245.23400000,1778947199999,22339180.34383700,57395,3522.69240000,7681745.73924400
1778947200000,2026-05-16 16:00:00,2180.00000000,2183.52000000,2170.50000000,2174.11000000,13727.57610000,1778950799999,29874464.64206800,70549,4788.19990000,10421432.02997900
1778950800000,2026-05-16 17:00:00,2174.11000000,2180.79000000,2174.11000000,2178.91000000,3445.35750000,1778954399999,7503786.85440900,33672,1950.39220000,4247856.55756200
1778954400000,2026-05-16 18:00:00,2178.91000000,2185.22000000,2176.36000000,2181.35000000,3877.53290000,1778957999999,8453982.29217000,32837,2788.51350000,6079900.41603700
1778958000000,2026-05-16 19:00:00,2181.35000000,2182.77000000,2179.23000000,2179.57000000,2125.66200000,1778961599999,4635704.81007600,24596,1224.18600000,2669791.92761000
1778961600000,2026-05-16 20:00:00,2179.57000000,2182.90000000,2179.57000000,2181.45000000,1871.61780000,1778965199999,4083090.88175100,24351,1110.90030000,2423460.83023300
1778965200000,2026-05-16 21:00:00,2181.45000000,2183.54000000,2180.94000000,2182.39000000,1877.71500000,1778968799999,4097707.71860300,23733,1043.11160000,2276369.91791100
1778968800000,2026-05-16 22:00:00,2182.39000000,2183.28000000,2179.77000000,2180.47000000,1852.32980000,1778972399999,4040830.26645000,27488,822.69780000,1794783.80538400
1778972400000,2026-05-16 23:00:00,2180.46000000,2183.03000000,2179.35000000,2180.77000000,2119.48830000,1778975999999,4623032.53735400,26656,1040.74200000,2270100.55300700
1778976000000,2026-05-17 00:00:00,2180.77000000,2185.60000000,2174.08000000,2177.59000000,4798.11360000,1778979599999,10460178.95651000,50492,1909.23960000,4165069.95855200
1778979600000,2026-05-17 01:00:00,2177.60000000,2183.60000000,2167.98000000,2169.18000000,9613.59510000,1778983199999,20898683.20088200,94540,4705.22960000,10227574.54851500
1778983200000,2026-05-17 02:00:00,2169.17000000,2176.25000000,2169.17000000,2174.50000000,3805.47050000,1778986799999,8271802.04577900,54990,2190.81510000,4761831.31587400
1778986800000,2026-05-17 03:00:00,2174.51000000,2184.50000000,2174.26000000,2181.70000000,4100.26570000,1778990399999,8937846.78061600,47463,2358.47410000,5140973.00166500
1778990400000,2026-05-17 04:00:00,2181.71000000,2190.37000000,2181.14000000,2187.61000000,5607.16940000,1778993999999,12261057.56082600,50649,3363.86560000,7355317.26261700
1778994000000,2026-05-17 05:00:00,2187.61000000,2195.00000000,2185.63000000,2185.91000000,4862.89710000,1778997599999,10648988.40358300,41021,3114.34800000,6820856.50303800
1778997600000,2026-05-17 06:00:00,2185.91000000,2188.00000000,2181.70000000,2185.02000000,3780.42180000,1779001199999,8258233.72103200,39827,1500.28720000,3277698.89462900
1779001200000,2026-05-17 07:00:00,2185.02000000,2188.49000000,2182.53000000,2186.64000000,3050.49990000,1779004799999,6667758.41729200,35967,1406.86110000,3075084.65504100
1779004800000,2026-05-17 08:00:00,2186.63000000,2187.06000000,2183.12000000,2185.95000000,2632.74650000,1779008399999,5752922.95938600,26431,1506.57450000,3291699.06779500
1779008400000,2026-05-17 09:00:00,2185.95000000,2191.38000000,2185.91000000,2190.23000000,2889.17470000,1779011999999,6323634.61998300,28662,1436.60560000,3144558.96417400
1779012000000,2026-05-17 10:00:00,2190.22000000,2198.14000000,2190.22000000,2194.28000000,5616.85750000,1779015599999,12325766.07812000,69029,3357.63030000,7367975.01576300
1779015600000,2026-05-17 11:00:00,2194.29000000,2194.72000000,2188.00000000,2192.00000000,4451.99910000,1779019199999,9755960.71775200,47135,1877.59010000,4115046.68293200
1779019200000,2026-05-17 12:00:00,2192.00000000,2198.04000000,2191.34000000,2194.30000000,3964.15530000,1779022799999,8701022.50975000,42339,1601.27650000,3514910.83752200
1779022800000,2026-05-17 13:00:00,2194.30000000,2194.93000000,2187.29000000,2192.12000000,4823.52270000,1779026399999,10572034.54278900,52269,2036.64650000,4464544.91734200
1779026400000,2026-05-17 14:00:00,2192.12000000,2192.39000000,2178.39000000,2186.64000000,6752.41170000,1779029999999,14755944.46720700,89770,2712.32180000,5927457.13438200
1779030000000,2026-05-17 15:00:00,2186.64000000,2188.84000000,2181.20000000,2186.51000000,3341.19700000,1779033599999,7302092.50630400,53311,1661.89910000,3632249.42650800
1779033600000,2026-05-17 16:00:00,2186.51000000,2189.12000000,2182.15000000,2182.51000000,2827.40530000,1779037199999,6179687.14795300,46473,1320.40460000,2886176.52069000
1779037200000,2026-05-17 17:00:00,2182.52000000,2184.95000000,2176.63000000,2183.67000000,4289.41980000,1779040799999,9352734.77309000,66516,2255.08040000,4917516.20352600
1779040800000,2026-05-17 18:00:00,2183.68000000,2188.50000000,2179.13000000,2188.49000000,2741.36400000,1779044399999,5988290.90303800,43154,1487.99570000,3251163.86862700
1779044400000,2026-05-17 19:00:00,2188.50000000,2193.62000000,2187.56000000,2192.53000000,2510.04600000,1779047999999,5499020.53826500,40779,1482.99140000,3248769.84791800
1779048000000,2026-05-17 20:00:00,2192.54000000,2193.68000000,2186.98000000,2189.55000000,2455.05330000,1779051599999,5375976.97214800,30449,1262.01840000,2763396.40387400
1779051600000,2026-05-17 21:00:00,2189.55000000,2194.82000000,2187.24000000,2191.81000000,2300.40230000,1779055199999,5041722.79786800,32925,1406.62020000,3082804.88345900
1779055200000,2026-05-17 22:00:00,2191.80000000,2191.80000000,2174.01000000,2179.69000000,11039.91880000,1779058799999,24081133.62822600,133844,4460.61120000,9729701.80679200
1779058800000,2026-05-17 23:00:00,2179.70000000,2179.70000000,2091.48000000,2131.00000000,72862.70780000,1779062399999,155164993.27939800,420570,33383.35440000,71073733.81547000
1779062400000,2026-05-18 00:00:00,2131.00000000,2132.00000000,2104.99000000,2115.46000000,33448.58020000,1779065999999,70774701.88700700,355197,12623.30480000,26705216.80070900
1779066000000,2026-05-18 01:00:00,2115.47000000,2121.33000000,2106.50000000,2117.54000000,16339.63000000,1779069599999,34529646.35076800,210620,7013.40820000,14824459.70849100
1779069600000,2026-05-18 02:00:00,2117.54000000,2124.00000000,2112.78000000,2116.64000000,9170.89860000,1779073199999,19434174.30707200,109963,4282.82230000,9076189.37251000
1779073200000,2026-05-18 03:00:00,2116.65000000,2123.91000000,2115.89000000,2118.44000000,7975.82250000,1779076799999,16904724.17574700,89269,3803.49160000,8062240.65927700
1779076800000,2026-05-18 04:00:00,2118.44000000,2125.50000000,2114.24000000,2124.85000000,6837.71620000,1779080399999,14489194.13695500,74966,2842.88410000,6024898.48123200
1779080400000,2026-05-18 05:00:00,2124.85000000,2125.83000000,2117.00000000,2118.25000000,6453.77770000,1779083999999,13694366.08845100,76384,2562.29650000,5437602.50334400
1779084000000,2026-05-18 06:00:00,2118.25000000,2121.00000000,2110.00000000,2119.03000000,9048.74900000,1779087599999,19145377.61601400,103638,3933.97150000,8326248.64932700
1779087600000,2026-05-18 07:00:00,2119.04000000,2123.99000000,2112.07000000,2120.82000000,9795.75520000,1779091199999,20760192.04071300,85336,6004.25360000,12725810.07445900
1779091200000,2026-05-18 08:00:00,2120.82000000,2124.05000000,2117.48000000,2121.57000000,6329.88020000,1779094799999,13424391.20168000,59918,3125.48660000,6629517.93878300
1779094800000,2026-05-18 09:00:00,2121.57000000,2121.93000000,2116.03000000,2116.88000000,4262.85060000,1779098399999,9029010.19535000,46534,2054.10110000,4350507.10151700
1779098400000,2026-05-18 10:00:00,2116.88000000,2117.59000000,2112.65000000,2114.55000000,6334.93780000,1779101999999,13400294.58862900,61079,2877.22100000,6086203.27720300
1779102000000,2026-05-18 11:00:00,2114.56000000,2139.75000000,2110.50000000,2133.90000000,15910.73190000,1779105599999,33844779.19456500,151792,9232.00570000,19636887.60197300
1779105600000,2026-05-18 12:00:00,2133.90000000,2157.24000000,2133.90000000,2151.01000000,25623.84350000,1779109199999,55029775.08756800,224058,12988.46820000,27889880.36352900
1779109200000,2026-05-18 13:00:00,2151.02000000,2151.41000000,2120.25000000,2130.91000000,25177.85510000,1779112799999,53733606.46770000,300178,10612.43210000,22642302.29370000
1779112800000,2026-05-18 14:00:00,2130.90000000,2130.90000000,2098.01000000,2110.32000000,31644.55940000,1779116399999,66921429.03468600,360052,14211.02340000,30054406.25405000
1779116400000,2026-05-18 15:00:00,2110.32000000,2111.30000000,2093.77000000,2107.48000000,31279.27440000,1779119999999,65745486.56711000,310951,14515.19180000,30512444.26439500
1779120000000,2026-05-18 16:00:00,2107.49000000,2111.19000000,2090.56000000,2097.71000000,18252.34440000,1779123599999,38341096.84282800,208067,7915.26780000,16628766.60247900
1779123600000,2026-05-18 17:00:00,2097.71000000,2110.19000000,2095.33000000,2108.21000000,10461.84630000,1779127199999,22031394.23401700,133301,4998.82420000,10525605.11188600
1779127200000,2026-05-18 18:00:00,2108.21000000,2109.12000000,2077.23000000,2081.32000000,29604.62770000,1779130799999,61833168.59013200,240798,14745.92210000,30805876.75916800
1779130800000,2026-05-18 19:00:00,2081.31000000,2128.49000000,2079.64000000,2125.07000000,35288.42710000,1779134399999,74442018.20194100,374714,19710.81730000,41580418.18987200
1779134400000,2026-05-18 20:00:00,2125.07000000,2131.03000000,2115.01000000,2117.61000000,10615.76070000,1779137999999,22551268.55693200,121850,5149.93420000,10942296.59185300
1779138000000,2026-05-18 21:00:00,2117.62000000,2142.67000000,2114.59000000,2137.38000000,14324.13220000,1779141599999,30532967.53943300,135235,8981.96000000,19142767.55199700
1779141600000,2026-05-18 22:00:00,2137.39000000,2142.57000000,2130.50000000,2135.74000000,12285.91810000,1779145199999,26255628.54725600,89872,6521.83130000,13939193.61525000
1779145200000,2026-05-18 23:00:00,2135.73000000,2139.17000000,2127.75000000,2130.08000000,5410.47440000,1779148799999,11541151.01170300,58213,3185.24430000,6795059.35701200
1779148800000,2026-05-19 00:00:00,2130.08000000,2146.95000000,2128.44000000,2135.88000000,7752.77330000,1779152399999,16570928.61616500,119518,4723.09340000,10095702.82335000
1779152400000,2026-05-19 01:00:00,2135.88000000,2138.40000000,2123.71000000,2124.92000000,8258.80950000,1779155999999,17590048.41300400,147525,4480.85750000,9543499.49082900
1779156000000,2026-05-19 02:00:00,2124.92000000,2135.67000000,2118.60000000,2123.31000000,7646.15330000,1779159599999,16258655.61013900,116903,3868.65620000,8228775.34833900
1779159600000,2026-05-19 03:00:00,2123.30000000,2134.61000000,2122.06000000,2131.30000000,5007.29460000,1779163199999,10664610.67989400,71933,2729.64090000,5814223.09741600
1779163200000,2026-05-19 04:00:00,2131.30000000,2136.65000000,2128.22000000,2133.88000000,4628.43930000,1779166799999,9871687.75287600,64420,2424.42150000,5171320.09475300
1779166800000,2026-05-19 05:00:00,2133.88000000,2137.74000000,2123.61000000,2135.21000000,7384.82640000,1779170399999,15746666.62830100,73037,3578.65730000,7631574.63024800
1779170400000,2026-05-19 06:00:00,2135.21000000,2140.31000000,2132.71000000,2137.52000000,5544.42310000,1779173999999,11843699.02995700,66096,2808.83690000,6000479.14566500
1779174000000,2026-05-19 07:00:00,2137.52000000,2145.00000000,2135.29000000,2140.97000000,7115.44730000,1779177599999,15228997.38907400,74307,4088.97700000,8751453.29519000
1779177600000,2026-05-19 08:00:00,2140.97000000,2141.40000000,2131.01000000,2133.72000000,7074.35050000,1779181199999,15111396.60280200,76786,3531.05630000,7542676.55963300
1779181200000,2026-05-19 09:00:00,2133.72000000,2134.50000000,2111.25000000,2114.49000000,12094.79320000,1779184799999,25636391.50738900,117683,4515.51880000,9566557.97225500
1779184800000,2026-05-19 10:00:00,2114.49000000,2121.96000000,2106.77000000,2118.36000000,10403.77650000,1779188399999,21994192.34233300,121227,3696.36350000,7816990.09126200
1779188400000,2026-05-19 11:00:00,2118.37000000,2120.24000000,2109.22000000,2110.85000000,5522.71460000,1779191999999,11677783.23054100,71406,1904.04750000,4024918.14242600
1779192000000,2026-05-19 12:00:00,2110.85000000,2119.35000000,2108.64000000,2118.49000000,5822.65550000,1779195599999,12316956.09456200,67763,2648.74530000,5603254.68220900
1779195600000,2026-05-19 13:00:00,2118.50000000,2127.53000000,2107.65000000,2119.03000000,17708.00040000,1779199199999,37487708.05114800,219686,7874.58350000,16673940.20259700
1779199200000,2026-05-19 14:00:00,2119.02000000,2123.60000000,2094.47000000,2106.55000000,23710.82990000,1779202799999,49963798.76592500,296794,9203.67340000,19394038.79216000
1779202800000,2026-05-19 15:00:00,2106.54000000,2113.42000000,2103.58000000,2110.19000000,8637.85220000,1779206399999,18220120.52300500,136260,4523.74950000,9542571.63456100
1779206400000,2026-05-19 16:00:00,2110.20000000,2122.45000000,2107.12000000,2121.12000000,6845.57030000,1779209999999,14471514.46070900,104092,3944.28800000,8337867.27693000
1779210000000,2026-05-19 17:00:00,2121.11000000,2125.07000000,2112.92000000,2115.75000000,6373.82640000,1779213599999,13509185.26526900,75676,2878.96220000,6102578.12123100
1779213600000,2026-05-19 18:00:00,2115.75000000,2119.62000000,2110.74000000,2115.28000000,5018.49480000,1779217199999,10618282.77253400,54852,2435.44690000,5153636.83346900
1779217200000,2026-05-19 19:00:00,2115.27000000,2123.16000000,2110.14000000,2113.15000000,6436.97050000,1779220799999,13617929.86465500,69025,2526.94080000,5346666.86367500
1779220800000,2026-05-19 20:00:00,2113.14000000,2118.82000000,2112.41000000,2118.39000000,2362.18800000,1779224399999,4999556.51897200,28788,857.25870000,1814307.08034000
1779224400000,2026-05-19 21:00:00,2118.38000000,2120.59000000,2116.69000000,2116.97000000,3414.53510000,1779227999999,7235069.35819900,41479,1280.55060000,2713198.31972700
1779228000000,2026-05-19 22:00:00,2116.97000000,2116.97000000,2102.09000000,2106.40000000,7180.97320000,1779231599999,15138510.16483000,78955,2907.59140000,6128587.51527400
1779231600000,2026-05-19 23:00:00,2106.40000000,2118.68000000,2104.66000000,2111.93000000,4999.37710000,1779235199999,10564646.21302100,62754,2641.75600000,5582136.15457100
1779235200000,2026-05-20 00:00:00,2111.93000000,2115.95000000,2103.30000000,2111.29000000,5979.51790000,1779238799999,12612626.61679000,107924,2973.12770000,6272476.24862700
1779238800000,2026-05-20 01:00:00,2111.29000000,2119.24000000,2103.29000000,2115.28000000,6978.79380000,1779242399999,14728822.98373600,135271,3691.39030000,7792958.82162200
1779242400000,2026-05-20 02:00:00,2115.28000000,2117.14000000,2106.01000000,2109.43000000,3194.68350000,1779245999999,6744599.75010000,74485,1402.95390000,2962097.29118800
1779246000000,2026-05-20 03:00:00,2109.42000000,2116.30000000,2106.10000000,2111.60000000,3161.48430000,1779249599999,6675381.45746400,56921,1673.49560000,3534157.79478500
1779249600000,2026-05-20 04:00:00,2111.60000000,2114.78000000,2107.30000000,2113.20000000,3859.84960000,1779253199999,8151932.56831300,48322,1425.51320000,3010862.14052100
1779253200000,2026-05-20 05:00:00,2113.20000000,2130.38000000,2113.20000000,2125.63000000,14210.00760000,1779256799999,30169783.82850500,106800,9097.14570000,19307034.15351400
1779256800000,2026-05-20 06:00:00,2125.63000000,2134.41000000,2125.62000000,2133.75000000,10055.35380000,1779260399999,21426022.80492000,68331,4232.74260000,9018979.67322200
1779260400000,2026-05-20 07:00:00,2133.76000000,2136.50000000,2128.51000000,2129.74000000,6989.07840000,1779263999999,14906818.55137200,54951,3044.83670000,6495023.42068000
1779264000000,2026-05-20 08:00:00,2129.75000000,2138.00000000,2128.87000000,2131.91000000,8115.63620000,1779267599999,17311207.99271500,71455,3889.25020000,8297443.01008800
1779267600000,2026-05-20 09:00:00,2131.91000000,2133.00000000,2127.70000000,2129.36000000,4337.41430000,1779271199999,9239595.07470500,44844,2256.78150000,4807263.90088800
1779271200000,2026-05-20 10:00:00,2129.36000000,2137.02000000,2129.36000000,2130.82000000,4806.96900000,1779274799999,10254376.15110400,52608,2905.55220000,6198039.39103400
1779274800000,2026-05-20 11:00:00,2130.82000000,2132.24000000,2124.28000000,2128.30000000,4923.40520000,1779278399999,10477505.64402300,41815,2110.00620000,4490171.88766700
1779278400000,2026-05-20 12:00:00,2128.31000000,2140.00000000,2127.02000000,2134.01000000,5842.36350000,1779281999999,12459124.39881800,57822,3138.30840000,6692824.43247300
1779282000000,2026-05-20 13:00:00,2134.02000000,2135.73000000,2115.69000000,2120.61000000,16409.06090000,1779285599999,34847093.72504900,174683,5981.07320000,12704054.36815700
1779285600000,2026-05-20 14:00:00,2120.62000000,2139.63000000,2113.87000000,2135.25000000,19511.99750000,1779289199999,41576290.98172900,268545,10047.89980000,21410304.14995600
1779289200000,2026-05-20 15:00:00,2135.24000000,2149.00000000,2129.02000000,2136.75000000,17153.56180000,1779292799999,36710645.15707500,201502,8496.83510000,18186521.06123600
1779292800000,2026-05-20 16:00:00,2136.76000000,2140.51000000,2124.10000000,2135.46000000,9337.62790000,1779296399999,19921071.65645800,141203,4422.32460000,9436207.44088200
1779296400000,2026-05-20 17:00:00,2135.46000000,2148.77000000,2132.14000000,2140.50000000,10779.11260000,1779299999999,23087202.94005400,124288,5884.04150000,12604498.74971100
1779300000000,2026-05-20 18:00:00,2140.50000000,2140.95000000,2131.30000000,2132.10000000,6023.44870000,1779303599999,12868900.19137600,79644,2614.75710000,5586046.86592000
1779303600000,2026-05-20 19:00:00,2132.10000000,2141.45000000,2129.11000000,2139.12000000,6015.47480000,1779307199999,12850873.28756000,77857,3586.38520000,7660441.34181200
1779307200000,2026-05-20 20:00:00,2139.12000000,2140.76000000,2129.51000000,2135.93000000,4957.84930000,1779310799999,10589745.73146100,81841,2184.72400000,4666451.74674500
1779310800000,2026-05-20 21:00:00,2135.92000000,2138.59000000,2130.61000000,2130.62000000,3046.61870000,1779314399999,6501108.76475800,39135,1257.49340000,2683283.50754400
1779314400000,2026-05-20 22:00:00,2130.61000000,2130.61000000,2118.45000000,2128.32000000,9689.79470000,1779317999999,20578612.58641800,93926,5394.60140000,11454330.31934500
1779318000000,2026-05-20 23:00:00,2128.32000000,2130.37000000,2122.59000000,2129.44000000,3709.19000000,1779321599999,7887431.39593300,52332,2201.74290000,4681853.30391100
1779321600000,2026-05-21 00:00:00,2129.44000000,2145.32000000,2128.59000000,2142.92000000,7646.47450000,1779325199999,16342083.38312800,97518,4619.57300000,9872026.43257200
1779325200000,2026-05-21 01:00:00,2142.93000000,2157.50000000,2139.31000000,2141.07000000,11825.50220000,1779328799999,25392635.86145300,139459,6178.20840000,13268822.63799700
1779328800000,2026-05-21 02:00:00,2141.08000000,2148.04000000,2139.50000000,2141.50000000,4768.88430000,1779332399999,10225558.89698300,66524,2709.48500000,5810585.01973000
1779332400000,2026-05-21 03:00:00,2141.50000000,2146.85000000,2140.85000000,2145.76000000,3524.11370000,1779335999999,7556143.76977500,39159,1898.56780000,4070709.82915500
1779336000000,2026-05-21 04:00:00,2145.76000000,2148.75000000,2142.70000000,2145.00000000,3552.69700000,1779339599999,7622524.55344500,40496,1875.91200000,4025258.82021000
1779339600000,2026-05-21 05:00:00,2145.00000000,2148.19000000,2133.21000000,2136.30000000,6291.60250000,1779343199999,13464986.28817800,57723,1934.41110000,4140751.29065000
1779343200000,2026-05-21 06:00:00,2136.31000000,2138.61000000,2127.64000000,2128.57000000,8597.70980000,1779346799999,18339955.89886800,81372,3173.79490000,6769779.90589900
1779346800000,2026-05-21 07:00:00,2128.58000000,2137.00000000,2124.25000000,2135.06000000,8726.54340000,1779350399999,18590027.69194900,74272,4800.45280000,10229545.67550400
1779350400000,2026-05-21 08:00:00,2135.07000000,2148.33000000,2135.01000000,2138.26000000,8282.94930000,1779353999999,17731259.07175800,93115,4275.53630000,9153840.06908000
1779354000000,2026-05-21 09:00:00,2138.26000000,2140.94000000,2127.96000000,2127.98000000,6582.27960000,1779357599999,14042006.76488300,72598,2570.83750000,5484108.06792300
1779357600000,2026-05-21 10:00:00,2127.97000000,2130.09000000,2110.00000000,2114.19000000,19101.54680000,1779361199999,40483734.20980000,174418,8805.98180000,18670042.42025300
1779361200000,2026-05-21 11:00:00,2114.20000000,2119.94000000,2112.17000000,2115.27000000,7699.84300000,1779364799999,16295371.78374600,83026,4760.35060000,10074457.99343300
1779364800000,2026-05-21 12:00:00,2115.28000000,2119.91000000,2112.10000000,2117.22000000,11662.39480000,1779368399999,24673616.69254200,99983,7954.56050000,16828532.57380500
1779368400000,2026-05-21 13:00:00,2117.22000000,2124.09000000,2105.15000000,2120.46000000,18106.74570000,1779371999999,38273420.64837400,218427,8685.72080000,18370948.67976800
1779372000000,2026-05-21 14:00:00,2120.47000000,2125.59000000,2110.68000000,2121.96000000,14916.75520000,1779375599999,31616142.02525600,188200,7732.70660000,16388269.15923700
1779375600000,2026-05-21 15:00:00,2121.97000000,2138.05000000,2119.44000000,2132.65000000,21185.78220000,1779379199999,45149122.42524200,170444,11844.48730000,25240858.92539600
1779379200000,2026-05-21 16:00:00,2132.64000000,2136.66000000,2122.82000000,2127.79000000,10087.28370000,1779382799999,21495790.91301900,103244,4706.93150000,10033128.89520900
1779382800000,2026-05-21 17:00:00,2127.80000000,2153.75000000,2126.00000000,2146.60000000,23184.45160000,1779386399999,49682061.40953100,252354,12004.97380000,25724106.21341200
1779386400000,2026-05-21 18:00:00,2146.60000000,2148.00000000,2121.79000000,2126.87000000,13278.94640000,1779389999999,28354325.37379500,173736,5064.88930000,10813515.08091200
1779390000000,2026-05-21 19:00:00,2126.87000000,2145.78000000,2126.48000000,2142.83000000,9421.32560000,1779393599999,20128481.95340100,110657,6080.58980000,12994547.72020700
1779393600000,2026-05-21 20:00:00,2142.84000000,2143.46000000,2137.13000000,2138.62000000,5410.53220000,1779397199999,11579742.65780700,51141,3118.80840000,6675631.51276100
1779397200000,2026-05-21 21:00:00,2138.63000000,2141.00000000,2134.21000000,2135.42000000,2327.68590000,1779400799999,4975756.92372700,37783,990.68800000,2117816.02409900
1779400800000,2026-05-21 22:00:00,2135.43000000,2136.87000000,2131.03000000,2131.85000000,2748.66720000,1779404399999,5865083.00758800,51006,1213.64600000,2589588.55707600
1779404400000,2026-05-21 23:00:00,2131.84000000,2136.77000000,2127.27000000,2133.76000000,3958.39510000,1779407999999,8444132.74015500,49495,1954.95480000,4170653.70189300
1779408000000,2026-05-22 00:00:00,2133.77000000,2134.99000000,2129.28000000,2129.33000000,2848.68080000,1779411599999,6073357.42996000,68247,1439.49940000,3068942.14537200
1779411600000,2026-05-22 01:00:00,2129.32000000,2137.00000000,2125.68000000,2135.88000000,4953.55990000,1779415199999,10556034.13200100,70643,2449.94840000,5220356.83206300
1779415200000,2026-05-22 02:00:00,2135.89000000,2140.01000000,2134.47000000,2137.98000000,3898.71590000,1779418799999,8332657.60458200,64439,1988.84290000,4250909.27842300
1779418800000,2026-05-22 03:00:00,2137.97000000,2141.39000000,2135.29000000,2137.88000000,2338.14580000,1779422399999,4998977.08170400,33989,1410.43850000,3015529.27428600
1779422400000,2026-05-22 04:00:00,2137.89000000,2141.34000000,2132.56000000,2134.00000000,2394.89560000,1779425999999,5117130.66543900,31738,821.98510000,1757429.60083400
1779426000000,2026-05-22 05:00:00,2134.01000000,2135.95000000,2127.39000000,2129.21000000,4444.64460000,1779429599999,9475125.92330500,48723,1777.96550000,3791108.90538100
1779429600000,2026-05-22 06:00:00,2129.21000000,2130.86000000,2123.95000000,2125.68000000,7164.95180000,1779433199999,15245526.13039900,70997,3586.19010000,7630888.37401900
1779433200000,2026-05-22 07:00:00,2125.68000000,2132.73000000,2122.22000000,2128.70000000,9430.37080000,1779436799999,20080160.52643100,60202,5766.06530000,12279093.76368400
1779436800000,2026-05-22 08:00:00,2128.70000000,2133.34000000,2119.94000000,2122.30000000,14984.42940000,1779440399999,31864919.06900100,88048,6573.16350000,13979567.91911000
1779440400000,2026-05-22 09:00:00,2122.29000000,2125.24000000,2119.18000000,2123.98000000,5671.40060000,1779443999999,12034928.44449600,57483,3755.49370000,7969211.26036900
1779444000000,2026-05-22 10:00:00,2123.97000000,2125.40000000,2120.81000000,2123.00000000,3014.94430000,1779447599999,6401985.32589400,47750,1540.76530000,3271765.49015000
1779447600000,2026-05-22 11:00:00,2123.00000000,2131.01000000,2120.10000000,2130.78000000,7162.44230000,1779451199999,15229838.47076300,62724,4727.27410000,10049366.17549200
1779451200000,2026-05-22 12:00:00,2130.78000000,2138.00000000,2129.31000000,2134.99000000,7605.60030000,1779454799999,16224983.68192500,83516,4593.80100000,9799519.16840200
1779454800000,2026-05-22 13:00:00,2135.00000000,2135.75000000,2124.01000000,2130.23000000,11944.08650000,1779458399999,25444649.31763900,143600,6407.25730000,13650307.75116000
1779458400000,2026-05-22 14:00:00,2130.23000000,2130.23000000,2112.58000000,2116.94000000,15843.86200000,1779461999999,33613767.59468500,171362,9191.36780000,19507860.22024100
1779462000000,2026-05-22 15:00:00,2116.94000000,2125.49000000,2112.47000000,2119.48000000,6992.40970000,1779465599999,14818499.11029600,111868,3511.21720000,7442176.86693900
1779465600000,2026-05-22 16:00:00,2119.49000000,2124.00000000,2118.11000000,2122.78000000,5125.75280000,1779469199999,10869011.31653100,73770,2590.04500000,5491457.99365700
1779469200000,2026-05-22 17:00:00,2122.78000000,2130.00000000,2119.43000000,2119.60000000,7899.43390000,1779472799999,16781627.11039700,95564,3346.12350000,7110041.00794800
1779472800000,2026-05-22 18:00:00,2119.61000000,2121.57000000,2084.51000000,2099.99000000,21305.38540000,1779476399999,44776437.18044100,183313,8208.41340000,17243780.79363800
1779476400000,2026-05-22 19:00:00,2099.99000000,2103.10000000,2058.00000000,2065.54000000,37194.08580000,1779479999999,77123789.19359800,335226,17272.95480000,35794098.60942100
1779480000000,2026-05-22 20:00:00,2065.54000000,2078.85000000,2064.31000000,2073.40000000,12942.20360000,1779483599999,26821080.35239900,147684,6718.88120000,13925547.59443100
1779483600000,2026-05-22 21:00:00,2073.40000000,2079.59000000,2071.52000000,2078.18000000,5974.97090000,1779487199999,12400206.89667000,74347,3130.35410000,6496472.97375900
1779487200000,2026-05-22 22:00:00,2078.17000000,2079.58000000,2066.55000000,2072.71000000,8534.04280000,1779490799999,17691308.26641100,94877,3860.01800000,8002191.92160500
1779490800000,2026-05-22 23:00:00,2072.72000000,2077.24000000,2057.79000000,2065.85000000,12114.23930000,1779494399999,25041251.71562300,124108,5321.31130000,11000844.63371700
1779494400000,2026-05-23 00:00:00,2065.86000000,2070.61000000,2053.00000000,2064.63000000,21650.60940000,1779497999999,44673210.15193100,188779,9501.50740000,19608152.99617300
1779498000000,2026-05-23 01:00:00,2064.63000000,2069.92000000,2062.67000000,2068.93000000,6602.39140000,1779501599999,13644060.02050600,72069,3286.13820000,6792560.78363200
1779501600000,2026-05-23 02:00:00,2068.93000000,2070.37000000,2064.90000000,2068.52000000,3598.42430000,1779505199999,7439686.65978700,47422,1997.92070000,4130835.42995000
1779505200000,2026-05-23 03:00:00,2068.52000000,2072.00000000,2068.21000000,2070.78000000,3822.12240000,1779508799999,7912566.76607800,37317,1962.22570000,4062191.48938500
1779508800000,2026-05-23 04:00:00,2070.78000000,2071.19000000,2065.55000000,2067.30000000,2714.57130000,1779512399999,5614043.15140800,35162,1220.88180000,2524872.20139800
1779512400000,2026-05-23 05:00:00,2067.29000000,2068.00000000,2061.90000000,2064.85000000,8142.86520000,1779515999999,16808688.88535700,39950,4154.70020000,8575277.67214900
1779516000000,2026-05-23 06:00:00,2064.85000000,2065.81000000,2060.71000000,2061.69000000,6065.79960000,1779519599999,12511363.98367100,39131,3692.72860000,7616129.76465300
1779519600000,2026-05-23 07:00:00,2061.70000000,2063.06000000,2009.30000000,2028.59000000,58875.97660000,1779523199999,119657992.30370100,196001,26517.52320000,53872340.04833900
1779523200000,2026-05-23 08:00:00,2028.58000000,2032.10000000,2021.07000000,2030.32000000,16144.75890000,1779526799999,32728828.29962800,133903,8789.70460000,17822530.49366400
1779526800000,2026-05-23 09:00:00,2030.32000000,2031.00000000,2027.10000000,2027.29000000,5578.04840000,1779530399999,11318850.55369800,57775,3187.85350000,6468673.79758400
1779530400000,2026-05-23 10:00:00,2027.29000000,2033.79000000,2027.11000000,2031.57000000,4910.37890000,1779533999999,9970099.62657500,38453,3247.49000000,6594375.07404200
1779534000000,2026-05-23 11:00:00,2031.56000000,2036.01000000,2030.84000000,2031.48000000,7692.18540000,1779537599999,15637150.67269900,44656,5951.15260000,12097778.22146100
1779537600000,2026-05-23 12:00:00,2031.48000000,2032.07000000,2027.35000000,2031.07000000,7207.25260000,1779541199999,14632772.84367600,44652,5540.43850000,11249009.16212700
1779541200000,2026-05-23 13:00:00,2031.08000000,2046.10000000,2031.07000000,2044.89000000,17647.37330000,1779544799999,36023827.04930100,117081,10982.91420000,22419405.59001600
1779544800000,2026-05-23 14:00:00,2044.88000000,2065.32000000,2041.12000000,2061.64000000,16621.26210000,1779548399999,34098032.04254600,129869,10075.42530000,20661859.90929700
1779548400000,2026-05-23 15:00:00,2061.64000000,2068.68000000,2055.67000000,2060.27000000,13114.38010000,1779551999999,27042013.36579100,123027,6903.66320000,14237596.18207000
1779552000000,2026-05-23 16:00:00,2060.27000000,2065.00000000,2057.25000000,2061.65000000,6913.49830000,1779555599999,14250356.99243000,76658,3413.51580000,7036100.36198700
1779555600000,2026-05-23 17:00:00,2061.66000000,2065.87000000,2059.28000000,2063.98000000,5547.00710000,1779559199999,11442078.49087200,62760,3191.68230000,6583571.54408100
1779559200000,2026-05-23 18:00:00,2063.98000000,2083.64000000,2063.74000000,2074.27000000,14900.86830000,1779562799999,30932772.44405000,155429,7643.50340000,15864979.02887700
1779562800000,2026-05-23 19:00:00,2074.27000000,2081.00000000,2069.86000000,2077.33000000,12501.01140000,1779566399999,25963221.23102500,72837,6462.13110000,13422042.39300200
1779566400000,2026-05-23 20:00:00,2077.34000000,2147.00000000,2074.84000000,2146.30000000,60046.92530000,1779569999999,127200977.98937100,427849,33179.36950000,70237165.25478200
1779570000000,2026-05-23 21:00:00,2146.30000000,2149.95000000,2106.27000000,2116.84000000,33582.98360000,1779573599999,71408083.54638100,295858,16308.18950000,34669599.70171500
1779573600000,2026-05-23 22:00:00,2116.84000000,2120.28000000,2102.65000000,2116.83000000,10882.35460000,1779577199999,22991111.40829500,128684,5322.17980000,11249099.61393000
1779577200000,2026-05-23 23:00:00,2116.84000000,2121.84000000,2114.42000000,2117.68000000,5783.18040000,1779580799999,12251910.09901500,76410,3483.24320000,7379302.44833400
1779580800000,2026-05-24 00:00:00,2117.69000000,2121.50000000,2113.10000000,2119.45000000,5265.73510000,1779584399999,11149415.43596600,72220,2916.14650000,6175035.72765900
1779584400000,2026-05-24 01:00:00,2119.45000000,2125.51000000,2118.31000000,2122.56000000,7831.75490000,1779587999999,16614376.19255100,67199,4379.78110000,9290940.09749200
1779588000000,2026-05-24 02:00:00,2122.56000000,2125.45000000,2118.30000000,2122.53000000,8991.52120000,1779591599999,19084512.06715800,62300,4879.39790000,10355176.65883500
1779591600000,2026-05-24 03:00:00,2122.54000000,2127.28000000,2116.74000000,2119.04000000,7014.03970000,1779595199999,14884763.26316200,50237,3470.03300000,7365785.57871200
1779595200000,2026-05-24 04:00:00,2119.05000000,2123.86000000,2119.05000000,2120.21000000,3367.50720000,1779598799999,7144684.58565500,32959,1647.90680000,3496331.74736100
1779598800000,2026-05-24 05:00:00,2120.22000000,2121.39000000,2113.65000000,2119.98000000,8263.43570000,1779602399999,17495354.83199300,44207,3225.52520000,6829937.93627700
1779602400000,2026-05-24 06:00:00,2119.98000000,2129.93000000,2117.60000000,2128.13000000,11806.88960000,1779605999999,25052463.87724400,62432,6186.72590000,13125237.34092900
1779606000000,2026-05-24 07:00:00,2128.13000000,2129.79000000,2119.49000000,2121.01000000,5025.51550000,1779609599999,10670248.68735400,46493,2072.62410000,4401815.57803200
1779609600000,2026-05-24 08:00:00,2121.02000000,2123.23000000,2119.25000000,2120.32000000,3262.68090000,1779613199999,6919312.03854000,35938,1583.09630000,3357410.12157100
1779613200000,2026-05-24 09:00:00,2120.33000000,2124.37000000,2119.05000000,2123.41000000,4630.79730000,1779616799999,9826345.46214200,38847,2164.77630000,4594383.95068000
1779616800000,2026-05-24 10:00:00,2123.42000000,2132.14000000,2119.38000000,2122.35000000,8124.95840000,1779620399999,17259599.58373600,76221,4093.99310000,8698067.35088200
1779620400000,2026-05-24 11:00:00,2122.34000000,2127.82000000,2122.23000000,2126.18000000,4959.76230000,1779623999999,10541809.56166600,56163,2478.20200000,5267232.61865400
1779624000000,2026-05-24 12:00:00,2126.19000000,2126.58000000,2117.32000000,2119.97000000,7090.29640000,1779627599999,15036806.34829400,58315,4588.47510000,9731581.67195700
1779627600000,2026-05-24 13:00:00,2119.97000000,2121.05000000,2105.79000000,2110.14000000,12698.94150000,1779631199999,26844880.61151000,92580,7080.97810000,14967283.88371100
1779631200000,2026-05-24 14:00:00,2110.14000000,2112.52000000,2079.52000000,2097.98000000,28777.91890000,1779634799999,60288995.29335900,243924,12016.80390000,25176845.11759500
1779634800000,2026-05-24 15:00:00,2097.98000000,2100.00000000,2094.14000000,2095.84000000,4614.32970000,1779638399999,9675913.48320600,64307,2483.77370000,5208471.79815000
1779638400000,2026-05-24 16:00:00,2095.83000000,2109.00000000,2095.22000000,2103.62000000,7393.33020000,1779641999999,15540566.44907100,88959,4102.03390000,8623814.86294900
1779642000000,2026-05-24 17:00:00,2103.61000000,2106.68000000,2101.40000000,2102.88000000,3026.19390000,1779645599999,6367472.20746300,51945,1493.36260000,3142068.76556400
1779645600000,2026-05-24 18:00:00,2102.89000000,2104.78000000,2097.80000000,2099.97000000,2964.82750000,1779649199999,6229494.17670000,44385,1187.99110000,2495696.54123300
1779649200000,2026-05-24 19:00:00,2099.97000000,2102.58000000,2096.34000000,2100.87000000,3005.65020000,1779652799999,6309596.45769400,46627,1564.19040000,3283405.23422800
1779652800000,2026-05-24 20:00:00,2100.87000000,2102.11000000,2091.51000000,2093.15000000,7064.44110000,1779656399999,14799256.62877700,66573,2474.22260000,5182937.73440400
1779656400000,2026-05-24 21:00:00,2093.15000000,2098.63000000,2063.00000000,2070.59000000,19007.06320000,1779659999999,39477107.19144000,195474,7585.67100000,15744734.25664400
1779660000000,2026-05-24 22:00:00,2070.59000000,2099.49000000,2070.56000000,2092.37000000,15066.08130000,1779663599999,31486034.93173800,220007,7816.61690000,16330575.84453600
1779663600000,2026-05-24 23:00:00,2092.38000000,2107.00000000,2091.67000000,2099.85000000,8495.08880000,1779667199999,17833774.35883300,109704,4468.30090000,9380671.01168800
1779667200000,2026-05-25 00:00:00,2099.86000000,2109.40000000,2099.70000000,2104.95000000,5423.31030000,1779670799999,11415733.26297400,97815,2867.48830000,6036106.37003900
1779670800000,2026-05-25 01:00:00,2104.96000000,2107.99000000,2093.22000000,2094.13000000,3994.55100000,1779674399999,8399247.14717200,77166,1621.62340000,3411273.33805800
1779674400000,2026-05-25 02:00:00,2094.13000000,2113.25000000,2094.13000000,2098.35000000,9625.74390000,1779677999999,20254627.44155400,114528,4994.56370000,10506771.68418300
1779678000000,2026-05-25 03:00:00,2098.35000000,2100.00000000,2092.57000000,2095.58000000,5087.50280000,1779681599999,10664977.47147200,71106,1847.81610000,3873608.73184800
1779681600000,2026-05-25 04:00:00,2095.59000000,2108.14000000,2092.26000000,2105.83000000,6872.57220000,1779685199999,14434034.19864700,68298,3398.92900000,7139811.10858100
1779685200000,2026-05-25 05:00:00,2105.83000000,2111.70000000,2104.39000000,2108.22000000,6681.75230000,1779688799999,14089489.74350300,65394,3504.82870000,7390373.80542400
1779688800000,2026-05-25 06:00:00,2108.21000000,2111.42000000,2099.27000000,2108.99000000,13294.38960000,1779692399999,27982072.97059900,85677,5739.12860000,12083993.42418000
1779692400000,2026-05-25 07:00:00,2109.00000000,2117.55000000,2106.50000000,2116.28000000,15151.61640000,1779695999999,31995244.51981800,87439,8891.95550000,18779288.81021000
1779696000000,2026-05-25 08:00:00,2116.29000000,2117.79000000,2111.70000000,2116.82000000,4505.83360000,1779699599999,9527409.08438800,46483,2373.92900000,5019466.77477200
1779699600000,2026-05-25 09:00:00,2116.83000000,2124.10000000,2116.17000000,2117.02000000,6886.84410000,1779703199999,14596632.82825800,71192,3928.74750000,8327007.60942800
1779703200000,2026-05-25 10:00:00,2117.03000000,2121.23000000,2114.86000000,2117.03000000,3718.05190000,1779706799999,7871776.12778400,42844,2037.64530000,4314058.37797100
1779706800000,2026-05-25 11:00:00,2117.02000000,2120.30000000,2114.26000000,2114.95000000,6556.30200000,1779710399999,13884625.34682600,51319,4346.17370000,9205810.51924800
1779710400000,2026-05-25 12:00:00,2114.95000000,2119.61000000,2112.25000000,2117.34000000,5452.85870000,1779713999999,11536978.31103500,63016,2984.70060000,6314973.90358900
1779714000000,2026-05-25 13:00:00,2117.35000000,2120.00000000,2114.27000000,2116.28000000,4019.12580000,1779717599999,8505633.35818700,51522,2135.50270000,4519199.58148000
1779717600000,2026-05-25 14:00:00,2116.28000000,2130.24000000,2115.77000000,2128.34000000,9741.59960000,1779721199999,20690724.26160000,106111,5427.16070000,11526409.11897100
1779721200000,2026-05-25 15:00:00,2128.35000000,2138.28000000,2122.90000000,2127.12000000,10474.40140000,1779724799999,22305027.92289400,108773,5900.94390000,12567865.24315900
1779724800000,2026-05-25 16:00:00,2127.13000000,2141.98000000,2125.14000000,2136.40000000,7753.01990000,1779728399999,16530542.11232700,89063,4904.59950000,10457985.49994200
1779728400000,2026-05-25 17:00:00,2136.40000000,2140.52000000,2128.24000000,2128.55000000,5752.71160000,1779731999999,12280790.61281000,65514,2059.90820000,4398343.44039200
1779732000000,2026-05-25 18:00:00,2128.54000000,2133.81000000,2126.64000000,2126.85000000,3516.00690000,1779735599999,7488309.57371600,50791,1872.29330000,3987559.08916300
1779735600000,2026-05-25 19:00:00,2126.86000000,2126.86000000,2116.55000000,2121.43000000,6484.72590000,1779739199999,13760356.96241000,70240,2787.29100000,5913662.50990700
1779739200000,2026-05-25 20:00:00,2121.42000000,2123.16000000,2107.38000000,2108.64000000,8784.83010000,1779742799999,18576430.92882200,79614,4174.11490000,8827645.70498000
1779742800000,2026-05-25 21:00:00,2108.64000000,2113.04000000,2108.00000000,2110.90000000,5923.72840000,1779746399999,12503541.27902200,69262,3336.72510000,7042878.52835700
1779746400000,2026-05-25 22:00:00,2110.90000000,2115.68000000,2102.35000000,2103.61000000,7949.39830000,1779749999999,16762384.02621000,103651,3513.55920000,7409981.59413400
1779750000000,2026-05-25 23:00:00,2103.60000000,2113.85000000,2102.62000000,2113.01000000,2777.72120000,1779753599999,5860278.50046500,49803,1608.53200000,3393610.19850300
1779753600000,2026-05-26 00:00:00,2113.01000000,2113.89000000,2084.83000000,2097.75000000,13327.66780000,1779757199999,27953423.89671100,149515,4690.90250000,9839878.38411500
1779757200000,2026-05-26 01:00:00,2097.74000000,2100.50000000,2088.03000000,2094.35000000,8023.96830000,1779760799999,16801812.73412800,123174,3057.36220000,6403251.37912000
1779760800000,2026-05-26 02:00:00,2094.36000000,2095.80000000,2084.79000000,2088.83000000,8476.61350000,1779764399999,17720524.05798800,100889,2875.41080000,6010493.46327600
1779764400000,2026-05-26 03:00:00,2088.83000000,2093.84000000,2084.52000000,2093.12000000,4866.84810000,1779767999999,10168343.25157300,69377,1978.22650000,4134482.79754000
1779768000000,2026-05-26 04:00:00,2093.11000000,2096.45000000,2088.82000000,2093.67000000,3649.15500000,1779771599999,7638930.41001700,46556,1478.14280000,3093944.16860500
1779771600000,2026-05-26 05:00:00,2093.68000000,2103.65000000,2092.05000000,2100.91000000,5929.06560000,1779775199999,12440145.89764800,53364,2177.40690000,4568989.86286100
1779775200000,2026-05-26 06:00:00,2100.90000000,2104.65000000,2094.78000000,2101.73000000,4410.94590000,1779778799999,9263413.35778700,56597,1775.93020000,3729961.44940900
1779778800000,2026-05-26 07:00:00,2101.73000000,2102.63000000,2090.65000000,2095.61000000,8948.79410000,1779782399999,18755771.78613400,72964,4344.21900000,9104614.91811900
1779782400000,2026-05-26 08:00:00,2095.61000000,2100.14000000,2095.13000000,2097.25000000,4538.51240000,1779785999999,9522641.40554400,43658,2823.39020000,5924225.44830100
1779786000000,2026-05-26 09:00:00,2097.26000000,2099.62000000,2094.10000000,2096.81000000,5436.34080000,1779789599999,11397769.15406100,55095,2457.41300000,5152376.14297500
1779789600000,2026-05-26 10:00:00,2096.80000000,2137.29000000,2094.23000000,2127.56000000,22774.40480000,1779793199999,48376054.02972000,249898,11484.67750000,24383859.11477700
1779793200000,2026-05-26 11:00:00,2127.57000000,2130.60000000,2118.60000000,2121.01000000,11839.32260000,1779796799999,25139865.94000600,104676,5483.79840000,11646327.68157600
1779796800000,2026-05-26 12:00:00,2121.00000000,2126.93000000,2111.01000000,2126.20000000,14192.12630000,1779800399999,30057564.21712500,103354,6743.92670000,14284922.63021900
1779800400000,2026-05-26 13:00:00,2126.20000000,2131.50000000,2109.62000000,2125.30000000,14084.87610000,1779803999999,29864978.46967900,181814,6290.05590000,13342338.69064100
1779804000000,2026-05-26 14:00:00,2125.30000000,2140.49000000,2105.85000000,2109.29000000,33208.65610000,1779807599999,70524424.61373100,333390,14844.48980000,31538423.59252200
1779807600000,2026-05-26 15:00:00,2109.30000000,2112.20000000,2078.75000000,2087.36000000,32199.25340000,1779811199999,67462922.56965000,318297,13898.12340000,29119244.79818400
1779811200000,2026-05-26 16:00:00,2087.36000000,2089.97000000,2073.48000000,2079.56000000,22306.90780000,1779814799999,46411846.02593200,187848,9226.80690000,19196621.82211700
1779814800000,2026-05-26 17:00:00,2079.56000000,2083.84000000,2055.06000000,2070.84000000,23360.51180000,1779818399999,48310156.29427700,230512,10131.49290000,20952745.33423000
1779818400000,2026-05-26 18:00:00,2070.84000000,2081.21000000,2066.80000000,2068.59000000,12788.13710000,1779821999999,26517856.16586200,131831,5530.59650000,11468783.85616100
1779822000000,2026-05-26 19:00:00,2068.60000000,2076.85000000,2065.72000000,2074.29000000,7453.97100000,1779825599999,15442506.95633900,97627,3515.47480000,7283550.13587400
1779825600000,2026-05-26 20:00:00,2074.30000000,2078.51000000,2073.90000000,2078.35000000,4902.95550000,1779829199999,10178635.07432800,63855,2683.07210000,5569643.84053900
1779829200000,2026-05-26 21:00:00,2078.35000000,2078.78000000,2069.45000000,2072.85000000,5570.49490000,1779832799999,11559379.62579500,62985,2519.99180000,5229425.58422000
1779832800000,2026-05-26 22:00:00,2072.85000000,2076.52000000,2065.98000000,2068.79000000,5511.54890000,1779836399999,11412670.50858800,79774,2400.55260000,4970974.66876900
1779836400000,2026-05-26 23:00:00,2068.79000000,2076.85000000,2068.79000000,2073.77000000,4752.23180000,1779839999999,9856729.94743000,46656,2873.38220000,5959950.59801800
1779840000000,2026-05-27 00:00:00,2073.77000000,2084.23000000,2073.77000000,2083.36000000,6285.95920000,1779843599999,13068859.12391500,73544,3447.80210000,7169051.97138200
1779843600000,2026-05-27 01:00:00,2083.35000000,2083.93000000,2071.86000000,2074.53000000,5128.28910000,1779847199999,10647020.13919600,65721,2395.61100000,4972739.08810300
1779847200000,2026-05-27 02:00:00,2074.53000000,2076.26000000,2069.11000000,2076.26000000,4885.71760000,1779850799999,10124316.61105300,72813,2378.07810000,4928769.62032300
1779850800000,2026-05-27 03:00:00,2076.25000000,2080.00000000,2068.90000000,2070.00000000,5687.04050000,1779854399999,11798194.42740000,67261,2612.39140000,5421502.55024500
1779854400000,2026-05-27 04:00:00,2070.01000000,2073.08000000,2056.31000000,2072.21000000,9589.49710000,1779857999999,19804599.11269900,107353,3714.51610000,7673281.55605700
1779858000000,2026-05-27 05:00:00,2072.21000000,2079.20000000,2071.62000000,2077.37000000,6758.56650000,1779861599999,14024822.39953700,68451,3588.31420000,7447183.14298800
1779861600000,2026-05-27 06:00:00,2077.38000000,2081.46000000,2075.01000000,2079.62000000,5208.19620000,1779865199999,10825914.33701500,63539,2454.24000000,5101835.36366300
1779865200000,2026-05-27 07:00:00,2079.62000000,2084.16000000,2076.07000000,2083.78000000,5639.43190000,1779868799999,11728836.11447700,54895,3514.33200000,7308519.75910300
1779868800000,2026-05-27 08:00:00,2083.77000000,2096.71000000,2083.56000000,2085.05000000,10820.89540000,1779872399999,22609594.86205900,96089,5702.45450000,11915155.43026200
1779872400000,2026-05-27 09:00:00,2085.06000000,2087.78000000,2078.26000000,2083.36000000,6725.06150000,1779875999999,14006424.95843800,75193,3051.41850000,6356337.33568300
1779876000000,2026-05-27 10:00:00,2083.36000000,2087.90000000,2079.47000000,2079.50000000,5736.14980000,1779879599999,11950246.38572600,54357,2282.78740000,4757400.13063500
1779879600000,2026-05-27 11:00:00,2079.51000000,2085.29000000,2078.88000000,2080.55000000,5464.44910000,1779883199999,11378569.22732900,66206,2437.66680000,5076259.48695300
1779883200000,2026-05-27 12:00:00,2080.56000000,2097.40000000,2073.84000000,2078.76000000,16450.21590000,1779886799999,34294448.87057700,172106,7485.67540000,15603335.38668300
1779886800000,2026-05-27 13:00:00,2078.76000000,2080.64000000,2051.96000000,2064.53000000,30449.57200000,1779890399999,62808137.12404900,314718,11754.94290000,24244771.80179800
1779890400000,2026-05-27 14:00:00,2064.52000000,2071.86000000,2054.84000000,2062.62000000,14769.81580000,1779893999999,30455643.96771300,236777,6738.78660000,13895612.77246500
1779894000000,2026-05-27 15:00:00,2062.62000000,2079.73000000,2061.21000000,2071.38000000,17352.51300000,1779897599999,35949729.69055600,184807,8688.90010000,18000668.90676500
1779897600000,2026-05-27 16:00:00,2071.39000000,2074.50000000,2060.00000000,2070.15000000,9732.68730000,1779901199999,20119440.77811400,128191,4121.61630000,8520803.30200400
1779901200000,2026-05-27 17:00:00,2070.14000000,2070.30000000,2044.08000000,2052.28000000,18451.10300000,1779904799999,37934142.45076500,178186,8089.08040000,16627727.41004400
1779904800000,2026-05-27 18:00:00,2052.27000000,2056.92000000,2043.31000000,2056.71000000,9687.17110000,1779908399999,19864836.75234000,151013,4718.66410000,9677115.93843900
1779908400000,2026-05-27 19:00:00,2056.72000000,2061.16000000,2054.42000000,2057.47000000,7524.50570000,1779911999999,15484138.80987200,84584,4358.31700000,8969414.86221100
1779912000000,2026-05-27 20:00:00,2057.47000000,2066.14000000,2057.22000000,2063.29000000,6848.80960000,1779915599999,14119578.72307000,72059,3775.85750000,7783412.86247500
1779915600000,2026-05-27 21:00:00,2063.30000000,2063.30000000,2016.00000000,2021.04000000,27264.09680000,1779919199999,55394162.23606100,280759,9989.72480000,20313451.94470300
1779919200000,2026-05-27 22:00:00,2021.04000000,2035.00000000,2016.27000000,2025.34000000,18431.62400000,1779922799999,37357918.03450500,245165,8634.22170000,17500073.87889600
1779922800000,2026-05-27 23:00:00,2025.34000000,2030.19000000,2018.17000000,2024.84000000,13071.78920000,1779926399999,26455187.28211800,143175,5652.74000000,11437694.30381300
1779926400000,2026-05-28 00:00:00,2024.83000000,2029.20000000,2020.70000000,2028.23000000,7260.13740000,1779929999999,14700940.65454300,110056,2999.24430000,6074744.85404300
1779930000000,2026-05-28 01:00:00,2028.23000000,2029.20000000,2012.70000000,2020.32000000,11652.52320000,1779933599999,23540023.64345500,183659,5618.80280000,11352164.58745900
1779933600000,2026-05-28 02:00:00,2020.32000000,2021.99000000,2014.77000000,2017.75000000,6355.01110000,1779937199999,12828147.70131100,107404,2648.68860000,5346516.71684000
1779937200000,2026-05-28 03:00:00,2017.75000000,2020.96000000,1972.00000000,1981.55000000,65339.90560000,1779940799999,129964128.30557700,404466,26944.35660000,53551292.03258600
1779940800000,2026-05-28 04:00:00,1981.55000000,1986.39000000,1967.00000000,1982.33000000,29086.97190000,1779944399999,57552451.10626900,241201,12513.89260000,24761450.20329800
1779944400000,2026-05-28 05:00:00,1982.33000000,1983.55000000,1975.66000000,1978.52000000,15129.26730000,1779947999999,29939389.55103000,121126,6170.54570000,12210743.00168700
1779948000000,2026-05-28 06:00:00,1978.52000000,1984.83000000,1972.50000000,1984.07000000,13330.43580000,1779951599999,26370977.39330100,107143,7774.21740000,15379835.02533900
1779951600000,2026-05-28 07:00:00,1984.07000000,1996.78000000,1982.41000000,1995.56000000,17213.75490000,1779955199999,34289939.60150900,94450,12516.30510000,24935659.75211000
1779955200000,2026-05-28 08:00:00,1995.56000000,1996.23000000,1985.00000000,1988.26000000,10802.47240000,1779958799999,21499703.54680500,69403,5852.63510000,11649588.47118200
1779958800000,2026-05-28 09:00:00,1988.27000000,1995.51000000,1984.85000000,1994.04000000,7182.52510000,1779962399999,14302734.28137700,76364,3806.71700000,7580608.23763000
1779962400000,2026-05-28 10:00:00,1994.04000000,1998.40000000,1988.71000000,1990.32000000,8384.45700000,1779965999999,16711884.16022500,76164,4861.42690000,9690946.14066800
1779966000000,2026-05-28 11:00:00,1990.32000000,1992.72000000,1986.53000000,1989.89000000,6584.48840000,1779969599999,13101324.05716600,63700,2742.19950000,5456121.82470800
1779969600000,2026-05-28 12:00:00,1989.88000000,1994.58000000,1981.57000000,1991.89000000,8270.53120000,1779973199999,16446145.47827600,104705,4172.49100000,8298281.89767400
1779973200000,2026-05-28 13:00:00,1991.88000000,1995.00000000,1975.35000000,1981.55000000,19736.37400000,1779976799999,39128882.33517000,229382,9095.04640000,18032016.53402400
1779976800000,2026-05-28 14:00:00,1981.55000000,2002.50000000,1967.38000000,1993.62000000,35350.52050000,1779980399999,70256303.33033800,436728,17516.96340000,34823640.48968700
1779980400000,2026-05-28 15:00:00,1993.61000000,1999.40000000,1983.84000000,1990.65000000,12630.76070000,1779983999999,25154279.55111300,189945,6598.31060000,13141437.13136900
1779984000000,2026-05-28 16:00:00,1990.65000000,2015.00000000,1985.22000000,2013.19000000,21750.79470000,1779987599999,43546173.90028400,233218,12572.01580000,25175416.03274900
1779987600000,2026-05-28 17:00:00,2013.18000000,2027.14000000,2009.26000000,2019.51000000,15166.12170000,1779991199999,30605348.29634600,187631,7236.60240000,14604306.29653500
1779991200000,2026-05-28 18:00:00,2019.51000000,2030.00000000,2018.24000000,2025.00000000,12176.78970000,1779994799999,24652327.93853000,143753,6350.01500000,12855352.20606800
1779994800000,2026-05-28 19:00:00,2025.00000000,2025.01000000,2014.04000000,2014.55000000,8204.67130000,1779998399999,16574386.04635100,92860,3162.77610000,6389444.59317300
1779998400000,2026-05-28 20:00:00,2014.54000000,2020.03000000,2006.44000000,2014.11000000,8782.19700000,1780001999999,17691676.19431200,102838,4275.09120000,8613095.96023700
1780002000000,2026-05-28 21:00:00,2014.12000000,2024.63000000,2013.42000000,2020.17000000,10806.26590000,1780005599999,21843471.39910200,77377,5312.72270000,10736931.81691800
1780005600000,2026-05-28 22:00:00,2020.17000000,2022.90000000,2005.43000000,2005.60000000,6944.66990000,1780009199999,13969757.00890100,94191,2964.45910000,5964854.40846500
1780009200000,2026-05-28 23:00:00,2005.60000000,2011.96000000,2005.60000000,2009.90000000,5693.27440000,1780012799999,11434952.34209900,61267,2375.50400000,4771361.21464900
1780012800000,2026-05-29 00:00:00,2009.89000000,2017.17000000,2009.89000000,2012.46000000,6280.29710000,1780016399999,12651978.76957900,87082,3256.08760000,6558692.46624700
1780016400000,2026-05-29 01:00:00,2012.45000000,2016.47000000,2005.90000000,2008.23000000,4986.04930000,1780019999999,10022380.72696200,84667,2647.55490000,5322296.20068900
1780020000000,2026-05-29 02:00:00,2008.23000000,2010.62000000,1997.24000000,1999.22000000,9165.03500000,1780023599999,18368278.94688700,103798,4404.26510000,8825581.84421900
1780023600000,2026-05-29 03:00:00,1999.23000000,2007.86000000,1999.23000000,2002.78000000,3879.19330000,1780027199999,7773204.18270200,59544,2113.82500000,4235449.71405800
1780027200000,2026-05-29 04:00:00,2002.79000000,2008.51000000,1998.40000000,2008.51000000,5655.09470000,1780030799999,11329068.59213800,65554,3094.68580000,6200249.03024700
1780030800000,2026-05-29 05:00:00,2008.51000000,2015.30000000,2008.00000000,2014.56000000,6780.81160000,1780034399999,13640910.42311700,67057,3582.52530000,7207816.99299000
1780034400000,2026-05-29 06:00:00,2014.56000000,2021.51000000,2012.17000000,2018.09000000,6848.14420000,1780037999999,13805789.85896400,62355,3468.60780000,6993740.35900200
1780038000000,2026-05-29 07:00:00,2018.09000000,2019.81000000,2003.46000000,2007.62000000,15125.86770000,1780041599999,30384483.40604600,79063,8770.08460000,17611338.47802700
1780041600000,2026-05-29 08:00:00,2007.61000000,2013.91000000,2005.45000000,2006.11000000,12193.23020000,1780045199999,24504458.31007600,60106,5611.87430000,11277697.73631200
1780045200000,2026-05-29 09:00:00,2006.11000000,2016.11000000,2006.11000000,2014.85000000,6224.13420000,1780048799999,12525910.52334900,53063,4007.69280000,8064322.38818300
1780048800000,2026-05-29 10:00:00,2014.84000000,2014.85000000,2009.77000000,2011.10000000,4438.34050000,1780052399999,8932678.80476600,41384,1459.64060000,2937813.37908300
1780052400000,2026-05-29 11:00:00,2011.11000000,2014.29000000,2002.35000000,2007.58000000,5868.37360000,1780055999999,11786070.19875400,64535,2686.06640000,5395113.70747600
1780056000000,2026-05-29 12:00:00,2007.58000000,2007.58000000,1995.10000000,1999.78000000,9243.97800000,1780059599999,18494853.30704500,110083,4153.61840000,8310220.08065900
1780059600000,2026-05-29 13:00:00,1999.78000000,2006.16000000,1988.14000000,1999.53000000,14117.28760000,1780063199999,28171256.42415700,184535,6863.66490000,13694366.02706700
1780063200000,2026-05-29 14:00:00,1999.53000000,2004.31000000,1976.48000000,2001.84000000,25392.70960000,1780066799999,50571854.27503100,330971,11092.06530000,22096700.30769200
1780066800000,2026-05-29 15:00:00,2001.85000000,2046.59000000,1999.45000000,2031.62000000,52313.77480000,1780070399999,106120522.71677100,461017,27955.93340000,56694003.92038500
1780070400000,2026-05-29 16:00:00,2031.62000000,2043.00000000,2022.24000000,2040.45000000,21645.74370000,1780073999999,44049185.82495700,251990,12937.96620000,26327942.48296000
1780074000000,2026-05-29 17:00:00,2040.46000000,2044.29000000,2026.21000000,2028.27000000,16364.82310000,1780077599999,33352002.90468200,173178,8803.18720000,17944894.30652600
1780077600000,2026-05-29 18:00:00,2028.28000000,2031.64000000,2006.21000000,2011.41000000,20432.86400000,1780081199999,41312006.36573500,194223,8468.70990000,17127258.12882300
1780081200000,2026-05-29 19:00:00,2011.41000000,2022.20000000,2005.00000000,2016.96000000,8916.98580000,1780084799999,17970629.30074700,125623,4694.09380000,9462713.55224900
1780084800000,2026-05-29 20:00:00,2016.96000000,2023.84000000,2015.00000000,2018.17000000,4675.63810000,1780088399999,9444887.36830800,69352,2579.38740000,5210570.89246500
1780088400000,2026-05-29 21:00:00,2018.17000000,2023.99000000,2008.23000000,2009.40000000,6797.63340000,1780091999999,13693000.58342100,71481,2879.15930000,5799201.80903000
1780092000000,2026-05-29 22:00:00,2009.41000000,2017.24000000,2007.78000000,2013.83000000,7115.93810000,1780095599999,14320920.73226900,61097,3882.92260000,7812983.33571100
1780095600000,2026-05-29 23:00:00,2013.83000000,2015.60000000,2007.00000000,2014.54000000,8683.74740000,1780099199999,17463553.30241900,63612,2662.01350000,5354219.22341200
1780099200000,2026-05-30 00:00:00,2014.54000000,2016.18000000,2010.69000000,2014.74000000,3128.72830000,1780102799999,6302113.13986400,50612,1552.75310000,3127424.53470200
1780102800000,2026-05-30 01:00:00,2014.75000000,2021.55000000,2013.67000000,2019.46000000,4722.86220000,1780106399999,9534374.10992400,50558,2443.57300000,4933199.90301700
1780106400000,2026-05-30 02:00:00,2019.46000000,2021.34000000,2017.12000000,2021.34000000,2258.52710000,1780109999999,4561957.88844900,29877,1190.53440000,2404707.33224200
1780110000000,2026-05-30 03:00:00,2021.34000000,2023.55000000,2014.74000000,2016.83000000,4535.17380000,1780113599999,9156263.82851300,39002,1883.84380000,3803998.64299600
1780113600000,2026-05-30 04:00:00,2016.83000000,2018.44000000,2002.00000000,2010.80000000,8354.40330000,1780117199999,16777188.44660400,81498,3213.28140000,6453396.99570800
1780117200000,2026-05-30 05:00:00,2010.81000000,2019.50000000,2008.02000000,2015.95000000,5706.84540000,1780120799999,11496647.10305700,50140,3508.94540000,7068431.40503100
1780120800000,2026-05-30 06:00:00,2015.95000000,2020.56000000,2012.86000000,2016.98000000,6091.64750000,1780124399999,12290739.56061100,40706,4054.17580000,8180602.98855000
1780124400000,2026-05-30 07:00:00,2016.99000000,2017.88000000,2013.62000000,2016.32000000,2597.75020000,1780127999999,5235852.96770500,24673,1383.35430000,2788171.38747200
1780128000000,2026-05-30 08:00:00,2016.32000000,2016.32000000,2013.92000000,2014.16000000,1417.52620000,1780131599999,2856159.68649000,16629,550.50050000,1109171.14112100
1780131600000,2026-05-30 09:00:00,2014.16000000,2017.27000000,2013.92000000,2016.79000000,1604.40060000,1780135199999,3234008.69315100,26268,969.11670000,1953433.60366800
1780135200000,2026-05-30 10:00:00,2016.79000000,2022.00000000,2016.34000000,2017.98000000,4377.43830000,1780138799999,8840628.76851300,28309,2627.70910000,5306728.79264400
1780138800000,2026-05-30 11:00:00,2017.99000000,2019.05000000,2015.19000000,2017.40000000,1929.94630000,1780142399999,3892915.22373000,19127,739.63040000,1491967.44812700
1780142400000,2026-05-30 12:00:00,2017.40000000,2020.35000000,2017.14000000,2019.86000000,2239.17440000,1780145999999,4519865.68430600,21515,1503.69100000,3035401.70710900
1780146000000,2026-05-30 13:00:00,2019.85000000,2022.77000000,2017.44000000,2020.73000000,3166.30200000,1780149599999,6396355.37057500,27641,1616.09680000,3265222.16787300
1780149600000,2026-05-30 14:00:00,2020.73000000,2030.62000000,2020.61000000,2026.60000000,10041.35830000,1780153199999,20353663.96640900,92627,6795.13380000,13773443.02096600
1780153200000,2026-05-30 15:00:00,2026.59000000,2032.00000000,2024.20000000,2026.61000000,7299.13170000,1780156799999,14797419.77899300,67473,3335.02420000,6762265.81264400
1780156800000,2026-05-30 16:00:00,2026.63000000,2028.33000000,2024.35000000,2027.09000000,3401.62080000,1780160399999,6892615.98596600,40134,1903.36260000,3856869.27194000
1780160400000,2026-05-30 17:00:00,2027.09000000,2029.01000000,2019.50000000,2027.17000000,5801.74210000,1780163999999,11742584.59189400,59408,3028.73150000,6129842.15257300
1780164000000,2026-05-30 18:00:00,2027.17000000,2030.01000000,2024.56000000,2027.59000000,3796.48460000,1780167599999,7697364.67838100,37925,2316.37500000,4696801.19141800
1780167600000,2026-05-30 19:00:00,2027.59000000,2029.12000000,2024.54000000,2028.76000000,2670.57390000,1780171199999,5413057.35908200,28401,1537.71750000,3116992.36753500
1780171200000,2026-05-30 20:00:00,2028.77000000,2029.68000000,2025.70000000,2027.05000000,4267.55370000,1780174799999,8650857.89566800,24669,1299.87600000,2635607.16575000
1780174800000,2026-05-30 21:00:00,2027.05000000,2031.41000000,2027.05000000,2028.15000000,2733.38250000,1780178399999,5547924.39459200,24831,1471.48250000,2986524.60582400
1780178400000,2026-05-30 22:00:00,2028.15000000,2028.15000000,2020.94000000,2023.57000000,3637.01750000,1780181999999,7361173.56525600,51169,1594.37580000,3226817.63567700
1780182000000,2026-05-30 23:00:00,2023.56000000,2026.10000000,2020.35000000,2022.44000000,2197.94420000,1780185599999,4445392.17258600,36179,1045.97800000,2115698.32981100
1780185600000,2026-05-31 00:00:00,2022.44000000,2027.83000000,2020.83000000,2027.12000000,2548.32300000,1780189199999,5158716.23020200,39944,1175.17330000,2379482.97341100
1780189200000,2026-05-31 01:00:00,2027.11000000,2034.23000000,2026.85000000,2029.11000000,4396.43450000,1780192799999,8929165.07382400,55417,2793.67910000,5673781.21323000
1780192800000,2026-05-31 02:00:00,2029.11000000,2038.00000000,2027.81000000,2034.36000000,7789.87010000,1780196399999,15830202.49694400,75805,4603.14660000,9354786.05569900
1780196400000,2026-05-31 03:00:00,2034.35000000,2036.88000000,2032.12000000,2033.41000000,2971.77980000,1780199999999,6046636.14827400,40690,1952.67350000,3973362.42074300
1780200000000,2026-05-31 04:00:00,2033.41000000,2034.99000000,2031.27000000,2033.91000000,1965.26430000,1780203599999,3995625.96998800,30111,954.12280000,1939839.49665300
1780203600000,2026-05-31 05:00:00,2033.90000000,2033.90000000,2029.29000000,2030.18000000,2805.88790000,1780207199999,5698623.82606600,28399,1693.05240000,3438168.96689000
1780207200000,2026-05-31 06:00:00,2030.18000000,2030.93000000,2028.52000000,2029.87000000,2581.65600000,1780210799999,5240230.87842800,24269,1270.30520000,2578561.82886700
1780210800000,2026-05-31 07:00:00,2029.87000000,2029.87000000,2022.78000000,2024.01000000,3809.26700000,1780214399999,7715268.83147900,41641,1702.87950000,3449162.68503800
1780214400000,2026-05-31 08:00:00,2024.02000000,2029.11000000,2022.85000000,2027.63000000,6125.52000000,1780217999999,12411955.29946100,40922,4268.25110000,8649737.27311700
1780218000000,2026-05-31 09:00:00,2027.64000000,2028.60000000,2018.35000000,2021.13000000,5318.30590000,1780221599999,10768562.43506200,45428,2874.64540000,5822657.73047300
1780221600000,2026-05-31 10:00:00,2021.13000000,2021.65000000,2015.34000000,2021.05000000,6680.23470000,1780225199999,13486039.98341700,58683,3608.92180000,7286330.61614000
1780225200000,2026-05-31 11:00:00,2021.05000000,2024.12000000,2021.04000000,2023.27000000,2875.07910000,1780228799999,5815315.93317400,28198,1946.14680000,3936368.52572200
1780228800000,2026-05-31 12:00:00,2023.28000000,2025.16000000,2019.69000000,2022.35000000,3509.08870000,1780232399999,7097840.41285300,33185,1983.75310000,4013365.11732500
1780232400000,2026-05-31 13:00:00,2022.35000000,2026.50000000,2019.78000000,2020.50000000,4097.65090000,1780235999999,8290054.27233600,37657,2343.35680000,4741617.49167900
1780236000000,2026-05-31 14:00:00,2020.50000000,2021.69000000,2005.83000000,2008.06000000,14507.55030000,1780239599999,29180686.72876100,144208,5605.49210000,11274606.19626400
1780239600000,2026-05-31 15:00:00,2008.06000000,2015.22000000,2007.57000000,2010.52000000,7019.63820000,1780243199999,14118881.81738100,67595,3457.16220000,6953368.40401800
1780243200000,2026-05-31 16:00:00,2010.52000000,2012.42000000,1997.72000000,2002.09000000,14070.55460000,1780246799999,28185934.58460500,117285,4227.27760000,8469768.40765700
1780246800000,2026-05-31 17:00:00,2002.09000000,2007.69000000,1996.21000000,2006.00000000,10508.25520000,1780250399999,21046512.37497800,67674,3484.97720000,6979227.54002100
1780250400000,2026-05-31 18:00:00,2006.00000000,2006.07000000,1999.00000000,2000.68000000,7620.59110000,1780253999999,15258407.45404700,45310,1523.22680000,3050080.69445400
1780254000000,2026-05-31 19:00:00,2000.69000000,2002.49000000,1993.75000000,1999.59000000,8445.08410000,1780257599999,16872877.82428800,54074,2156.57470000,4308040.26666200
1780257600000,2026-05-31 20:00:00,1999.58000000,2008.25000000,1999.58000000,2007.09000000,7603.31290000,1780261199999,15232530.61175000,47385,2597.11480000,5202917.44464600
1780261200000,2026-05-31 21:00:00,2007.09000000,2014.28000000,2005.00000000,2012.18000000,11255.73540000,1780264799999,22618461.73733800,99847,4006.78950000,8053762.45490000
1780264800000,2026-05-31 22:00:00,2012.18000000,2014.42000000,2004.47000000,2012.43000000,10635.59120000,1780268399999,21385306.31685300,101315,3542.73760000,7123983.25482600
1780268400000,2026-05-31 23:00:00,2012.43000000,2023.00000000,2000.11000000,2007.01000000,14594.82090000,1780271999999,29338008.65464700,129277,6071.04340000,12206227.89596600
1780272000000,2026-06-01 00:00:00,2007.02000000,2021.50000000,1997.00000000,2015.44000000,31675.10390000,1780275599999,63701857.89668300,176665,11839.41740000,23832780.18270900
1780275600000,2026-06-01 01:00:00,2015.44000000,2016.73000000,1994.12000000,1994.70000000,14652.21520000,1780279199999,29371882.60534800,171993,5437.55530000,10898060.45115000
1780279200000,2026-06-01 02:00:00,1994.70000000,2017.89000000,1991.31000000,2011.47000000,14969.07540000,1780282799999,30032626.06555700,157405,6491.89150000,13022901.81153500
1780282800000,2026-06-01 03:00:00,2011.47000000,2018.09000000,2008.66000000,2009.09000000,11862.72600000,1780286399999,23892126.70507200,117798,3737.44320000,7528014.58778100
1780286400000,2026-06-01 04:00:00,2009.09000000,2011.97000000,1993.91000000,1999.99000000,10434.61350000,1780289999999,20873192.53533100,129675,4903.01560000,9804759.22666500
1780290000000,2026-06-01 05:00:00,1999.98000000,2001.27000000,1991.65000000,1994.55000000,8636.34480000,1780293599999,17232468.55414000,92690,4875.16720000,9725684.11160300
1780293600000,2026-06-01 06:00:00,1994.56000000,1995.34000000,1980.14000000,1988.07000000,11716.66630000,1780297199999,23284542.09952900,181228,5702.78210000,11333212.37918700
1780297200000,2026-06-01 07:00:00,1988.08000000,1990.62000000,1971.70000000,1976.43000000,12802.47570000,1780300799999,25366523.76639500,128537,5787.01790000,11468053.78810300
1780300800000,2026-06-01 08:00:00,1976.42000000,1985.07000000,1969.90000000,1983.96000000,24059.80120000,1780304399999,47562916.42898900,135504,13335.95770000,26366859.92771900
1780304400000,2026-06-01 09:00:00,1983.96000000,1990.11000000,1983.94000000,1987.53000000,9286.27610000,1780307999999,18455568.58327500,100412,4784.22230000,9508063.71872900
1780308000000,2026-06-01 10:00:00,1987.53000000,1988.92000000,1980.99000000,1984.49000000,8569.68150000,1780311599999,17007651.41453800,88597,4798.32730000,9523662.21217100
1780311600000,2026-06-01 11:00:00,1984.49000000,1986.89000000,1977.07000000,1981.44000000,7214.72120000,1780315199999,14301809.66248500,88961,2933.19040000,5816286.00476600
1780315200000,2026-06-01 12:00:00,1981.44000000,1994.39000000,1967.51000000,1989.55000000,16838.78130000,1780318799999,33370757.47922500,240973,8936.10850000,17710750.13679000
1780318800000,2026-06-01 13:00:00,1989.55000000,1990.29000000,1956.04000000,1971.22000000,35385.20370000,1780322399999,69799120.31861500,404406,17299.40270000,34117747.94275600
1780322400000,2026-06-01 14:00:00,1971.22000000,1977.34000000,1964.64000000,1968.63000000,21808.02980000,1780325999999,42951686.50293300,273305,11299.11710000,22253283.49708600
1780326000000,2026-06-01 15:00:00,1968.64000000,1980.24000000,1960.25000000,1968.45000000,16914.15950000,1780329599999,33317592.52281000,219022,9260.15910000,18242453.27458600
1780329600000,2026-06-01 16:00:00,1968.45000000,1978.97000000,1958.79000000,1978.15000000,19836.60470000,1780333199999,39071447.85438000,208643,11491.04640000,22644146.56089800
1780333200000,2026-06-01 17:00:00,1978.14000000,1996.73000000,1977.72000000,1990.62000000,21987.45550000,1780336799999,43706513.53877100,202188,14411.64740000,28642276.40031400
1780336800000,2026-06-01 18:00:00,1990.62000000,1996.00000000,1983.45000000,1992.72000000,12174.76120000,1780340399999,24243994.45214800,110550,7876.77010000,15688379.31554200
1780340400000,2026-06-01 19:00:00,1992.72000000,2008.83000000,1992.21000000,2004.53000000,15909.71640000,1780343999999,31813150.06770200,125641,9764.73020000,19517676.25206600
1780344000000,2026-06-01 20:00:00,2004.53000000,2008.70000000,2001.14000000,2005.57000000,7714.60410000,1780347599999,15465755.93513900,65654,4215.47850000,8450931.01131500
1780347600000,2026-06-01 21:00:00,2005.56000000,2009.20000000,1992.59000000,1994.57000000,16258.54490000,1780351199999,32507165.61739100,131395,7068.64500000,14127889.07706500
1780351200000,2026-06-01 22:00:00,1994.57000000,2006.00000000,1984.50000000,2004.43000000,12424.23800000,1780354799999,24802754.80773400,139125,7362.62930000,14701985.54419500
1780354800000,2026-06-01 23:00:00,2004.42000000,2008.38000000,1998.13000000,2006.73000000,11296.48400000,1780358399999,22641375.85223500,115855,6353.89950000,12736579.62183500
1780358400000,2026-06-02 00:00:00,2006.73000000,2006.78000000,1995.38000000,1996.44000000,6741.65880000,1780361999999,13493222.15295600,112192,3004.21780000,6012587.33756500
1780362000000,2026-06-02 01:00:00,1996.43000000,1999.00000000,1979.49000000,1980.15000000,10093.15390000,1780365599999,20073657.40982400,152366,5131.46390000,10204532.76207200
1780365600000,2026-06-02 02:00:00,1980.15000000,1997.08000000,1962.76000000,1997.07000000,19278.45490000,1780369199999,38191262.88374200,242897,10055.30490000,19925784.04139200
1780369200000,2026-06-02 03:00:00,1997.08000000,2005.00000000,1995.14000000,2003.94000000,10578.97310000,1780372799999,21169164.31329000,120227,5954.87030000,11914883.07809600
1780372800000,2026-06-02 04:00:00,2003.94000000,2006.44000000,1995.95000000,1996.85000000,9026.73990000,1780376399999,18066793.33166700,88288,4017.85710000,8040915.88866400
1780376400000,2026-06-02 05:00:00,1996.86000000,2001.23000000,1985.00000000,1985.01000000,13413.30250000,1780379999999,26713603.23510200,128803,5406.86970000,10772168.68004100
1780380000000,2026-06-02 06:00:00,1985.01000000,1988.88000000,1978.14000000,1982.38000000,12402.12030000,1780383599999,24603468.95627700,131989,6432.69700000,12762466.19212900
1780383600000,2026-06-02 07:00:00,1982.39000000,1990.00000000,1973.88000000,1981.88000000,12690.78930000,1780387199999,25166053.24791200,137526,6691.85400000,13270764.44155700
1780387200000,2026-06-02 08:00:00,1981.89000000,1989.00000000,1977.00000000,1979.21000000,8983.55780000,1780390799999,17809700.29319100,143974,5137.17710000,10186031.92399100
1780390800000,2026-06-02 09:00:00,1979.22000000,1979.78000000,1966.69000000,1975.28000000,16271.77470000,1780394399999,32109515.71481700,175171,7302.12320000,14411137.84090600
1780394400000,2026-06-02 10:00:00,1975.27000000,1983.88000000,1971.75000000,1983.49000000,16133.20950000,1780397999999,31885362.43427000,109653,5646.75570000,11166084.76826800
1780398000000,2026-06-02 11:00:00,1983.49000000,1983.72000000,1975.80000000,1978.53000000,6228.93220000,1780401599999,12328415.35320500,85975,3331.81840000,6594038.56260900
1780401600000,2026-06-02 12:00:00,1978.53000000,1982.75000000,1972.57000000,1976.27000000,14674.26340000,1780405199999,29002497.70358200,130638,4019.00280000,7947842.19454600
1780405200000,2026-06-02 13:00:00,1976.28000000,1981.79000000,1970.50000000,1974.33000000,13782.88450000,1780408799999,27243796.14518500,221990,6736.39330000,13316343.83320000
1780408800000,2026-06-02 14:00:00,1974.34000000,1975.22000000,1925.80000000,1941.36000000,56685.96330000,1780412399999,110263495.67398100,549569,26256.29660000,51069869.32601200
1780412400000,2026-06-02 15:00:00,1941.35000000,1941.59000000,1890.00000000,1914.81000000,80076.17400000,1780415999999,153376344.68006300,603249,39073.52020000,74867539.31728000
1780416000000,2026-06-02 16:00:00,1914.81000000,1943.87000000,1909.57000000,1920.59000000,32465.64500000,1780419599999,62571472.92282000,360384,18952.52150000,36525915.49005800
1780419600000,2026-06-02 17:00:00,1920.59000000,1931.53000000,1919.59000000,1924.18000000,12294.37620000,1780423199999,23666419.07901800,178183,6976.44430000,13428952.30030000
1780423200000,2026-06-02 18:00:00,1924.18000000,1928.00000000,1903.38000000,1913.11000000,13900.74560000,1780426799999,26616996.14275400,201704,6624.88750000,12685063.39343800
1780426800000,2026-06-02 19:00:00,1913.11000000,1917.80000000,1881.01000000,1912.28000000,37361.63370000,1780430399999,70998110.40707100,331201,16256.23770000,30886859.16752900
1780430400000,2026-06-02 20:00:00,1912.28000000,1919.01000000,1895.53000000,1906.74000000,18496.86290000,1780433999999,35277263.67217100,251575,8730.52430000,16653335.44504400
1780434000000,2026-06-02 21:00:00,1906.75000000,1911.45000000,1897.23000000,1900.34000000,11944.15310000,1780437599999,22763143.09553300,167354,5562.55080000,10603331.32929800
1780437600000,2026-06-02 22:00:00,1900.35000000,1909.59000000,1862.23000000,1868.77000000,53213.05510000,1780441199999,100313263.85626800,532644,24616.55870000,46427428.57303600
1780441200000,2026-06-02 23:00:00,1868.78000000,1873.37000000,1839.02000000,1859.84000000,70147.11810000,1780444799999,130105127.41716600,601759,30553.44990000,56651375.53774200
1780444800000,2026-06-03 00:00:00,1859.84000000,1874.11000000,1854.62000000,1867.35000000,26805.15750000,1780448399999,50044670.08515900,254387,13077.66790000,24417505.68416600
1780448400000,2026-06-03 01:00:00,1867.35000000,1870.01000000,1850.00000000,1864.51000000,17229.50110000,1780451999999,32056523.33001600,237259,7949.91900000,14795726.93079700
1780452000000,2026-06-03 02:00:00,1864.52000000,1864.94000000,1851.20000000,1854.09000000,25684.40900000,1780455599999,47710773.78371100,176334,14433.01770000,26811982.63604500
1780455600000,2026-06-03 03:00:00,1854.09000000,1856.71000000,1816.92000000,1828.24000000,53071.35550000,1780459199999,97416656.24617400,413622,23566.39330000,43238413.51121400
1780459200000,2026-06-03 04:00:00,1828.24000000,1852.00000000,1827.65000000,1850.84000000,24723.50330000,1780462799999,45563388.85640400,249948,14667.48970000,27036853.54834600
1780462800000,2026-06-03 05:00:00,1850.84000000,1876.12000000,1849.99000000,1873.45000000,31617.55500000,1780466399999,59025328.49817400,280022,17452.41420000,32580896.56176700
1780466400000,2026-06-03 06:00:00,1873.44000000,1884.41000000,1870.28000000,1871.87000000,20166.39120000,1780469999999,37841963.18541500,193203,11587.40990000,21744829.59821600
1780470000000,2026-06-03 07:00:00,1871.87000000,1880.38000000,1867.97000000,1878.39000000,13929.20160000,1780473599999,26138126.50993200,123613,8782.76990000,16479692.28277300
1780473600000,2026-06-03 08:00:00,1878.39000000,1883.43000000,1873.32000000,1880.02000000,11595.72040000,1780477199999,21775390.15068700,128576,5690.86230000,10687483.69713200
1780477200000,2026-06-03 09:00:00,1880.01000000,1886.58000000,1869.95000000,1876.28000000,18298.05500000,1780480799999,34362307.87110800,158234,9578.78770000,17990891.20413200
1780480800000,2026-06-03 10:00:00,1876.28000000,1893.07000000,1875.01000000,1884.79000000,13130.30990000,1780484399999,24756785.89906800,160648,6970.56590000,13142509.63094400
1780484400000,2026-06-03 11:00:00,1884.79000000,1888.29000000,1876.12000000,1878.16000000,10219.95210000,1780487999999,19239932.35244100,110554,4429.82950000,8339206.06013300
1780488000000,2026-06-03 12:00:00,1878.17000000,1880.00000000,1868.02000000,1876.40000000,14379.87920000,1780491599999,26943231.13469800,176217,7619.01690000,14274501.05001900
1780491600000,2026-06-03 13:00:00,1876.41000000,1879.68000000,1861.35000000,1867.64000000,18775.49240000,1780495199999,35114905.44519400,313511,8903.95160000,16655257.10603200
1780495200000,2026-06-03 14:00:00,1867.64000000,1868.72000000,1852.80000000,1858.51000000,15577.34300000,1780498799999,28966401.83211900,320947,7101.13640000,13207770.36748400
1780498800000,2026-06-03 15:00:00,1858.51000000,1859.75000000,1836.21000000,1837.21000000,29759.54090000,1780502399999,54931955.80076700,322052,16266.76330000,30029211.39531300
1780502400000,2026-06-03 16:00:00,1837.22000000,1844.08000000,1811.15000000,1832.68000000,38869.87310000,1780505999999,71026966.95830200,459280,18233.76790000,33339421.01663100
1780506000000,2026-06-03 17:00:00,1832.68000000,1839.53000000,1818.14000000,1828.11000000,15349.43720000,1780509599999,28059194.99896100,257669,7509.97440000,13726619.43442900
1780509600000,2026-06-03 18:00:00,1828.12000000,1834.41000000,1821.65000000,1832.25000000,10214.01690000,1780513199999,18673406.40187600,179970,5388.59850000,9852203.32030400
1780513200000,2026-06-03 19:00:00,1832.25000000,1833.64000000,1795.23000000,1803.41000000,39961.41270000,1780516799999,72369613.51455300,295109,14687.24200000,26619662.20494900
1780516800000,2026-06-03 20:00:00,1803.41000000,1813.11000000,1769.62000000,1781.44000000,48128.06540000,1780520399999,86297929.24089300,444149,20409.90860000,36593676.89599000
1780520400000,2026-06-03 21:00:00,1781.44000000,1850.29000000,1777.67000000,1850.10000000,40851.55270000,1780523999999,74380857.78290100,479810,23803.76530000,43343744.71769700
1780524000000,2026-06-03 22:00:00,1850.10000000,1852.20000000,1822.77000000,1829.00000000,26081.90600000,1780527599999,47891596.87245200,429933,12975.59060000,23827469.56758100
1780527600000,2026-06-03 23:00:00,1829.01000000,1830.93000000,1812.84000000,1813.05000000,20340.85070000,1780531199999,37023693.14766800,331209,10323.41520000,18789227.68450100
1780531200000,2026-06-04 00:00:00,1813.05000000,1820.50000000,1782.60000000,1793.85000000,36694.14840000,1780534799999,65979951.99060500,555427,18196.08010000,32729968.21178300
1780534800000,2026-06-04 01:00:00,1793.86000000,1801.06000000,1755.00000000,1759.77000000,45394.29140000,1780538399999,80513854.44596800,735560,19591.03500000,34766198.87601400
1780538400000,2026-06-04 02:00:00,1759.76000000,1778.93000000,1717.28000000,1766.82000000,84214.12130000,1780541999999,147294895.08123800,610853,37268.82400000,65231324.61951200
1780542000000,2026-06-04 03:00:00,1766.83000000,1812.52000000,1766.60000000,1809.24000000,33743.49770000,1780545599999,60672807.21128400,285504,20260.74000000,36426543.59523400
1780545600000,2026-06-04 04:00:00,1809.24000000,1818.00000000,1802.69000000,1805.49000000,16956.15640000,1780549199999,30684875.08881100,193827,8820.33150000,15965964.72062300
1780549200000,2026-06-04 05:00:00,1805.49000000,1805.49000000,1780.59000000,1784.06000000,27581.12140000,1780552799999,49374488.03856500,266999,12691.31150000,22716983.10758200
1780552800000,2026-06-04 06:00:00,1784.05000000,1802.06000000,1782.07000000,1789.95000000,18731.13950000,1780556399999,33589193.89084900,221794,9524.87600000,17081266.42422100
1780556400000,2026-06-04 07:00:00,1789.96000000,1790.72000000,1773.52000000,1777.45000000,19717.13420000,1780559999999,35108979.08491500,216483,9933.99800000,17692357.48342800
1780560000000,2026-06-04 08:00:00,1777.44000000,1783.27000000,1763.98000000,1773.63000000,21922.87410000,1780563599999,38846500.79120200,318276,10155.71650000,17998394.51332100
1780563600000,2026-06-04 09:00:00,1773.63000000,1774.14000000,1744.53000000,1766.52000000,40911.80620000,1780567199999,71847728.46908500,479894,19288.66440000,33878894.70602600
1780567200000,2026-06-04 10:00:00,1766.58000000,1767.22000000,1730.13000000,1736.86000000,43989.13150000,1780570799999,76808324.69756100,464920,18323.13690000,32001462.94193500
1780570800000,2026-06-04 11:00:00,1736.86000000,1754.67000000,1732.53000000,1751.51000000,34563.04900000,1780574399999,60267428.67172800,353980,14047.05570000,24494843.85005800
1780574400000,2026-06-04 12:00:00,1751.51000000,1782.91000000,1744.29000000,1778.16000000,36619.23360000,1780577999999,64664393.09539800,487504,20880.51680000,36887034.13945600
1780578000000,2026-06-04 13:00:00,1778.17000000,1790.00000000,1755.65000000,1785.52000000,32434.39160000,1780581599999,57580999.86324000,542330,16012.05550000,28438545.40345100
1780581600000,2026-06-04 14:00:00,1785.53000000,1794.43000000,1766.33000000,1774.38000000,24657.81690000,1780585199999,43912692.42856500,360847,11770.66060000,20957283.91006900
1780585200000,2026-06-04 15:00:00,1774.37000000,1791.29000000,1770.64000000,1777.02000000,17792.95460000,1780588799999,31662229.73209400,294810,9571.52570000,17036116.80386900
1780588800000,2026-06-04 16:00:00,1777.03000000,1781.25000000,1766.13000000,1772.20000000,13479.11200000,1780592399999,23907017.02322400,244093,6771.94340000,12011751.40199800
1780592400000,2026-06-04 17:00:00,1772.20000000,1776.03000000,1754.00000000,1768.05000000,18286.18720000,1780595999999,32269141.17129200,251607,9329.28260000,16463808.97314400
1780596000000,2026-06-04 18:00:00,1768.06000000,1783.64000000,1760.01000000,1776.28000000,16596.93340000,1780599599999,29425959.13812800,233164,9943.98060000,17633234.57027200
1780599600000,2026-06-04 19:00:00,1776.27000000,1787.11000000,1771.00000000,1776.94000000,12182.34130000,1780603199999,21674152.08394400,185784,6574.93890000,11699191.48923000
1780603200000,2026-06-04 20:00:00,1776.93000000,1777.52000000,1764.66000000,1774.88000000,8739.77790000,1780606799999,15480076.04427600,156387,4183.68930000,7410105.38671400
1780606800000,2026-06-04 21:00:00,1774.87000000,1783.02000000,1757.11000000,1761.20000000,14740.52500000,1780610399999,26095894.01526900,194139,6633.85470000,11751149.98407800
1780610400000,2026-06-04 22:00:00,1761.20000000,1770.26000000,1752.46000000,1768.73000000,17189.29270000,1780613999999,30255298.90952300,369493,7611.71300000,13402044.04071200
1780614000000,2026-06-04 23:00:00,1768.74000000,1777.02000000,1757.35000000,1770.77000000,11169.06780000,1780617599999,19744812.37445900,199076,5734.70980000,10137688.64778200
1780617600000,2026-06-05 00:00:00,1770.76000000,1774.99000000,1758.51000000,1759.42000000,11334.25800000,1780621199999,20030689.26942200,244137,5420.54300000,9581164.61351400
1780621200000,2026-06-05 01:00:00,1759.43000000,1764.07000000,1746.52000000,1753.33000000,18021.46050000,1780624799999,31611868.53364300,318807,8079.70320000,14175092.62399700
1780624800000,2026-06-05 02:00:00,1753.34000000,1754.90000000,1727.65000000,1730.24000000,35131.51600000,1780628399999,61163079.98560400,417591,17431.76070000,30356383.17275700
1780628400000,2026-06-05 03:00:00,1730.24000000,1739.50000000,1722.36000000,1729.71000000,23683.96270000,1780631999999,40989623.06663800,360269,10071.90170000,17433240.76378100
1780632000000,2026-06-05 04:00:00,1729.72000000,1746.05000000,1718.25000000,1744.64000000,29566.10430000,1780635599999,51093271.99367400,375173,12686.17480000,21944407.70535200
1780635600000,2026-06-05 05:00:00,1744.64000000,1747.80000000,1681.29000000,1684.16000000,80235.85930000,1780639199999,136850023.11311200,606785,35439.27230000,60397725.67050500
1780639200000,2026-06-05 06:00:00,1684.16000000,1689.50000000,1625.78000000,1656.52000000,128261.03020000,1780642799999,212738887.09634300,1152148,62480.30000000,103599270.55567200
1780642800000,2026-06-05 07:00:00,1656.52000000,1680.00000000,1633.45000000,1679.21000000,75612.23370000,1780646399999,125499114.68175200,775869,41135.23750000,68307503.24221000
1780646400000,2026-06-05 08:00:00,1679.22000000,1679.64000000,1659.43000000,1663.87000000,38257.51350000,1780649999999,63857793.78459400,415370,17609.44630000,29394274.99440800
1780650000000,2026-06-05 09:00:00,1663.88000000,1690.07000000,1662.85000000,1682.72000000,32616.27790000,1780653599999,54773266.66667900,381341,18338.74430000,30794285.23005400
1780653600000,2026-06-05 10:00:00,1682.73000000,1685.03000000,1672.05000000,1676.87000000,22741.50960000,1780657199999,38126887.29293500,259659,9459.20930000,15860939.06216300
1780657200000,2026-06-05 11:00:00,1676.86000000,1681.80000000,1663.00000000,1663.44000000,25803.36930000,1780660799999,43154086.45106600,299044,11645.38900000,19471553.23519500
1780660800000,2026-06-05 12:00:00,1663.43000000,1671.47000000,1646.10000000,1657.28000000,40610.03970000,1780664399999,67352843.40214400,559773,18382.22970000,30491584.11168000
1780664400000,2026-06-05 13:00:00,1657.28000000,1677.70000000,1612.35000000,1615.04000000,67988.58310000,1780667999999,112109758.52860200,694209,29318.42710000,48346730.78090000
1780668000000,2026-06-05 14:00:00,1615.05000000,1624.56000000,1590.80000000,1600.96000000,118217.60460000,1780671599999,190088324.58811600,1054857,52064.76150000,83767964.00447300
1780671600000,2026-06-05 15:00:00,1600.96000000,1604.60000000,1572.22000000,1583.29000000,77516.79360000,1780675199999,123104303.16258700,791194,34483.33580000,54774533.11273700
1780675200000,2026-06-05 16:00:00,1583.29000000,1612.44000000,1547.01000000,1608.49000000,100794.17260000,1780678799999,159475208.38087400,921262,49907.39140000,79078353.29250800
1780678800000,2026-06-05 17:00:00,1608.48000000,1612.89000000,1588.00000000,1594.28000000,35170.71110000,1780682399999,56168291.79274200,458926,18289.88130000,29215251.22864400
1780682400000,2026-06-05 18:00:00,1594.28000000,1598.66000000,1544.68000000,1553.26000000,65573.29690000,1780685999999,102741740.45945300,614473,33023.48060000,51758984.93672600
1780686000000,2026-06-05 19:00:00,1553.26000000,1580.30000000,1540.19000000,1574.06000000,65869.89840000,1780689599999,102548992.97846000,708625,33583.69630000,52291638.11708000
1780689600000,2026-06-05 20:00:00,1574.07000000,1608.50000000,1557.36000000,1603.38000000,56901.99520000,1780693199999,90539868.71133200,518130,30765.17270000,48956003.93413900
1780693200000,2026-06-05 21:00:00,1603.38000000,1619.30000000,1602.45000000,1609.80000000,40414.30080000,1780696799999,65123071.77396800,323506,21167.72550000,34112913.56461900
1780696800000,2026-06-05 22:00:00,1609.81000000,1610.25000000,1589.68000000,1597.14000000,33048.59830000,1780700399999,52796887.30578400,448946,17078.44650000,27283196.60546500
1780700400000,2026-06-05 23:00:00,1597.14000000,1603.89000000,1561.07000000,1583.40000000,33642.07150000,1780703999999,53182012.15725800,317685,17546.22380000,27727630.94399600
1780704000000,2026-06-06 00:00:00,1583.40000000,1601.22000000,1582.71000000,1593.03000000,17320.73330000,1780707599999,27622417.99936300,234913,7899.94640000,12601660.73179700
1780707600000,2026-06-06 01:00:00,1593.04000000,1596.77000000,1578.15000000,1583.16000000,12688.55620000,1780711199999,20130038.86057100,194160,5773.93010000,9158345.18766800
1780711200000,2026-06-06 02:00:00,1583.16000000,1585.84000000,1566.66000000,1576.20000000,19596.91680000,1780714799999,30897600.51107800,258952,9025.23990000,14229787.93195000
1780714800000,2026-06-06 03:00:00,1576.20000000,1576.73000000,1555.28000000,1563.34000000,18998.19080000,1780718399999,29742756.01408500,282687,8338.38360000,13052887.69552100
1780718400000,2026-06-06 04:00:00,1563.34000000,1569.57000000,1510.43000000,1522.56000000,53383.62050000,1780721999999,81898823.73404700,619434,23233.04520000,35626763.01869100
1780722000000,2026-06-06 05:00:00,1522.57000000,1569.17000000,1505.68000000,1566.71000000,60261.82100000,1780725599999,92890793.60450000,581437,27928.24260000,43047897.35943700
1780725600000,2026-06-06 06:00:00,1566.72000000,1581.62000000,1556.01000000,1560.16000000,38270.18540000,1780729199999,60066188.34744000,364634,16864.60270000,26482933.94929000
1780729200000,2026-06-06 07:00:00,1560.10000000,1580.22000000,1556.07000000,1575.14000000,30120.16760000,1780732799999,47302376.10339400,267263,16011.07060000,25146941.99463900
1780732800000,2026-06-06 08:00:00,1575.14000000,1593.04000000,1570.01000000,1582.57000000,17466.53490000,1780736399999,27652829.73297300,254083,9538.35810000,15102364.98763700
1780736400000,2026-06-06 09:00:00,1582.56000000,1588.53000000,1565.97000000,1570.69000000,18081.36020000,1780739999999,28533590.39340300,247099,8557.55980000,13512449.21370000
1780740000000,2026-06-06 10:00:00,1570.70000000,1570.70000000,1535.68000000,1548.27000000,39259.35620000,1780743599999,60854060.08929300,432854,18421.35270000,28550898.26828000
1780743600000,2026-06-06 11:00:00,1548.26000000,1567.40000000,1547.24000000,1558.89000000,21927.47880000,1780747199999,34192365.54174000,273371,12479.95130000,19456484.10870700
1780747200000,2026-06-06 12:00:00,1558.90000000,1575.82000000,1551.56000000,1571.32000000,25985.71500000,1780750799999,40626176.02160300,250387,14456.79970000,22600800.81435900
1780750800000,2026-06-06 13:00:00,1571.32000000,1573.36000000,1553.92000000,1557.03000000,32529.21890000,1780754399999,50763104.65795900,252696,14819.92640000,23127032.67231500
1780754400000,2026-06-06 14:00:00,1557.04000000,1566.96000000,1556.09000000,1557.70000000,26981.82390000,1780757999999,42148565.18156400,254673,11007.66830000,17194070.07960000
1780758000000,2026-06-06 15:00:00,1557.71000000,1565.84000000,1544.87000000,1560.45000000,22450.93110000,1780761599999,34919514.28202400,286378,11101.30190000,17271047.88469400
1780761600000,2026-06-06 16:00:00,1560.45000000,1566.00000000,1553.36000000,1563.57000000,15251.34660000,1780765199999,23789634.93862900,209040,9003.31310000,14046168.68503100
1780765200000,2026-06-06 17:00:00,1563.58000000,1566.51000000,1547.05000000,1553.54000000,20604.72770000,1780768799999,32079876.01408900,192723,9553.50840000,14874230.89229200
1780768800000,2026-06-06 18:00:00,1553.53000000,1566.25000000,1550.01000000,1556.58000000,16596.35150000,1780772399999,25825328.90421600,169257,7659.68860000,11921285.04867500
1780772400000,2026-06-06 19:00:00,1556.59000000,1563.51000000,1553.52000000,1554.56000000,8402.48890000,1780775999999,13085197.18892300,126395,4775.21480000,7437140.23491700
1780776000000,2026-06-06 20:00:00,1554.55000000,1559.99000000,1550.85000000,1557.61000000,11168.95040000,1780779599999,17359342.95428300,128172,4272.31820000,6641228.35552000
1780779600000,2026-06-06 21:00:00,1557.62000000,1565.21000000,1557.62000000,1558.20000000,8365.80310000,1780783199999,13060877.06947600,90292,4485.52330000,7002768.78915000
1780783200000,2026-06-06 22:00:00,1558.20000000,1561.93000000,1551.57000000,1558.33000000,10059.27970000,1780786799999,15658930.73328300,167113,5264.69470000,8194621.56873300
1780786800000,2026-06-06 23:00:00,1558.33000000,1570.06000000,1556.86000000,1569.69000000,12686.80870000,1780790399999,19846022.22231600,116940,7129.18540000,11152045.08083900
1780790400000,2026-06-07 00:00:00,1569.68000000,1572.42000000,1564.10000000,1565.03000000,8353.92290000,1780793999999,13102017.00972600,108512,4353.84240000,6827890.71539000
1780794000000,2026-06-07 01:00:00,1565.03000000,1596.54000000,1564.16000000,1590.12000000,23011.92460000,1780797599999,36522395.57125400,296114,12843.21260000,20377028.69015600
1780797600000,2026-06-07 02:00:00,1590.12000000,1594.92000000,1582.39000000,1592.67000000,12782.36550000,1780801199999,20313991.86163700,166729,6714.28740000,10670324.88378000
1780801200000,2026-06-07 03:00:00,1592.67000000,1600.51000000,1589.72000000,1595.01000000,12634.90400000,1780804799999,20141770.19299500,150919,6902.36130000,11003067.31891400
1780804800000,2026-06-07 04:00:00,1595.00000000,1599.10000000,1585.00000000,1597.00000000,12510.22470000,1780808399999,19922463.12713800,140890,6575.44960000,10471759.63440200
1780808400000,2026-06-07 05:00:00,1597.00000000,1609.96000000,1593.25000000,1604.02000000,18551.54940000,1780811999999,29746350.30491500,201255,10075.22830000,16153449.24673500
1780812000000,2026-06-07 06:00:00,1604.02000000,1623.52000000,1598.54000000,1612.01000000,35177.92620000,1780815599999,56752589.85310500,245640,17300.03350000,27904777.89596300
1780815600000,2026-06-07 07:00:00,1612.01000000,1616.46000000,1606.99000000,1615.18000000,22232.50600000,1780819199999,35820822.49157100,120925,13302.29670000,21429890.34408100
1780819200000,2026-06-07 08:00:00,1615.18000000,1642.27000000,1608.39000000,1641.35000000,27061.40960000,1780822799999,44024455.68636700,226731,16186.95770000,26334635.50036600
1780822800000,2026-06-07 09:00:00,1641.35000000,1648.70000000,1627.90000000,1633.52000000,23602.68750000,1780826399999,38676502.46043300,216735,11323.43130000,18562766.69680800
1780826400000,2026-06-07 10:00:00,1633.53000000,1635.73000000,1624.78000000,1625.70000000,16264.24580000,1780829999999,26495261.26906200,169459,5483.31840000,8933843.96854200
1780830000000,2026-06-07 11:00:00,1625.70000000,1633.99000000,1622.22000000,1630.12000000,12876.94960000,1780833599999,20963723.51388900,158312,5751.03750000,9364627.48177800
1780833600000,2026-06-07 12:00:00,1630.12000000,1631.24000000,1607.00000000,1620.17000000,25613.36590000,1780837199999,41365789.93932400,369595,11741.98770000,18960897.22535900
1780837200000,2026-06-07 13:00:00,1620.17000000,1623.00000000,1613.36000000,1617.46000000,10211.52770000,1780840799999,16522006.51760900,164649,4445.78050000,7192901.26251900
1780840800000,2026-06-07 14:00:00,1617.46000000,1640.00000000,1616.91000000,1628.13000000,23273.76800000,1780844399999,37878380.03308100,272473,9691.25260000,15778749.06961000
1780844400000,2026-06-07 15:00:00,1628.12000000,1636.12000000,1620.85000000,1630.07000000,13937.12810000,1780847999999,22709538.72901600,201194,6595.56100000,10747053.73861200
1780848000000,2026-06-07 16:00:00,1630.07000000,1633.52000000,1623.37000000,1628.52000000,13451.87180000,1780851599999,21914869.35383900,182102,5933.95640000,9667030.63071800
1780851600000,2026-06-07 17:00:00,1628.52000000,1638.00000000,1627.65000000,1631.35000000,16797.32910000,1780855199999,27455665.18227600,171801,8495.83120000,13886917.91294700
1780855200000,2026-06-07 18:00:00,1631.34000000,1636.74000000,1629.00000000,1630.36000000,6104.76660000,1780858799999,9968503.92908000,104359,2852.64550000,4657888.05039800
1780858800000,2026-06-07 19:00:00,1630.37000000,1630.56000000,1604.00000000,1613.11000000,23850.47890000,1780862399999,38474260.16396100,280504,10332.14700000,16663192.80241100
1780862400000,2026-06-07 20:00:00,1613.10000000,1631.65000000,1609.43000000,1628.14000000,10940.16690000,1780865999999,17764561.90512700,169070,5430.74910000,8820099.87305200
1780866000000,2026-06-07 21:00:00,1628.14000000,1634.57000000,1623.72000000,1634.53000000,7293.24850000,1780869599999,11880051.61075100,109044,4074.75680000,6637837.91863800
1780869600000,2026-06-07 22:00:00,1634.53000000,1721.93000000,1629.05000000,1672.56000000,60333.99380000,1780873199999,101271636.81423300,587030,30604.24000000,51348564.71983800
1780873200000,2026-06-07 23:00:00,1672.55000000,1691.93000000,1670.76000000,1690.51000000,21412.32980000,1780876799999,35988594.36363400,281633,11923.48950000,20044083.20337800
1780876800000,2026-06-08 00:00:00,1690.50000000,1711.58000000,1683.24000000,1697.59000000,28454.88850000,1780880399999,48299887.24419800,357233,13715.56440000,23286577.89250900
1780880400000,2026-06-08 01:00:00,1697.60000000,1700.20000000,1670.94000000,1687.34000000,23391.14580000,1780883999999,39387883.07759000,373648,10561.13380000,17780594.78567400
1780884000000,2026-06-08 02:00:00,1687.34000000,1689.50000000,1678.07000000,1683.90000000,12316.92540000,1780887599999,20735577.15367100,199903,5791.53320000,9750068.36048400
1780887600000,2026-06-08 03:00:00,1683.91000000,1692.62000000,1677.00000000,1680.01000000,10307.07880000,1780891199999,17348018.37564900,151880,4532.24300000,7630833.07578300
1780891200000,2026-06-08 04:00:00,1680.02000000,1681.00000000,1655.95000000,1657.05000000,19001.86090000,1780894799999,31631307.44282300,211434,7712.14880000,12835087.27027700
1780894800000,2026-06-08 05:00:00,1657.05000000,1659.87000000,1645.00000000,1653.68000000,17369.88580000,1780898399999,28702058.46156900,229612,7064.21130000,11671392.01085800
1780898400000,2026-06-08 06:00:00,1653.68000000,1669.99000000,1652.78000000,1666.53000000,13339.65700000,1780901999999,22200017.24512300,192802,7211.54750000,11997233.54740700
1780902000000,2026-06-08 07:00:00,1666.54000000,1683.49000000,1661.63000000,1673.47000000,23970.61560000,1780905599999,40114164.54093200,183438,13342.41840000,22335754.31948900
1780905600000,2026-06-08 08:00:00,1673.46000000,1673.46000000,1658.76000000,1661.17000000,18124.42710000,1780909199999,30192190.83703000,179746,7791.59470000,12979121.12293900
1780909200000,2026-06-08 09:00:00,1661.17000000,1672.00000000,1657.21000000,1671.10000000,18578.46030000,1780912799999,30923475.23379600,203092,7920.46660000,13188288.50736100
1780912800000,2026-06-08 10:00:00,1671.09000000,1676.95000000,1663.32000000,1672.36000000,11779.20150000,1780916399999,19671748.74847800,147949,5513.32250000,9208034.91709100
1780916400000,2026-06-08 11:00:00,1672.37000000,1696.77000000,1667.81000000,1683.76000000,25263.31300000,1780919999999,42561873.66320300,286692,13668.05520000,23034230.78577900
1780920000000,2026-06-08 12:00:00,1683.77000000,1698.90000000,1667.46000000,1695.61000000,30493.88630000,1780923599999,51268780.81906400,349324,17145.44160000,28828231.03444100
1780923600000,2026-06-08 13:00:00,1695.60000000,1696.82000000,1678.44000000,1681.59000000,36905.21830000,1780927199999,62263262.83033900,449031,24252.41680000,40917452.70715400
1780927200000,2026-06-08 14:00:00,1681.59000000,1694.46000000,1676.55000000,1691.25000000,35379.94670000,1780930799999,59673920.56195600,372277,21600.52080000,36442047.66394500
1780930800000,2026-06-08 15:00:00,1691.24000000,1706.22000000,1688.69000000,1691.59000000,26426.24710000,1780934399999,44838514.26773800,372528,13825.35840000,23461180.56823400
1780934400000,2026-06-08 16:00:00,1691.59000000,1703.88000000,1682.69000000,1682.70000000,21935.62510000,1780937999999,37164592.38983900,254708,9854.77490000,16694967.24249700
1780938000000,2026-06-08 17:00:00,1682.70000000,1687.86000000,1675.80000000,1686.80000000,18300.37670000,1780941599999,30776085.28750000,217073,9676.63460000,16273273.23618900
1780941600000,2026-06-08 18:00:00,1686.81000000,1692.54000000,1678.69000000,1684.71000000,12223.92360000,1780945199999,20608802.00980200,153761,5911.46610000,9967307.73761000
1780945200000,2026-06-08 19:00:00,1684.71000000,1691.76000000,1681.14000000,1684.78000000,20181.14620000,1780948799999,34043625.68231000,182949,9616.24410000,16222262.44351800
1780948800000,2026-06-08 20:00:00,1684.78000000,1689.71000000,1679.25000000,1689.71000000,10762.77910000,1780952399999,18133333.58976900,133224,5639.34610000,9501470.23315700
1780952400000,2026-06-08 21:00:00,1689.71000000,1714.50000000,1689.71000000,1703.52000000,19220.65990000,1780955999999,32802769.71650900,183614,10999.50450000,18761142.48070200
1780956000000,2026-06-08 22:00:00,1703.51000000,1704.19000000,1688.36000000,1703.22000000,10883.86580000,1780959599999,18458062.50313500,176044,5102.01410000,8652466.90180800
1780959600000,2026-06-08 23:00:00,1703.21000000,1714.45000000,1686.72000000,1690.49000000,15416.17760000,1780963199999,26159951.10595100,197659,7173.26580000,12172176.48524100
1780963200000,2026-06-09 00:00:00,1690.48000000,1696.88000000,1660.00000000,1663.26000000,28703.45820000,1780966799999,48083676.50506000,360670,11017.85310000,18457075.43731300
1780966800000,2026-06-09 01:00:00,1663.26000000,1674.27000000,1658.80000000,1669.02000000,11633.80820000,1780970399999,19396209.63863200,211920,5557.33280000,9265570.07637300
1780970400000,2026-06-09 02:00:00,1669.01000000,1672.19000000,1654.63000000,1667.89000000,16612.09730000,1780973999999,27631246.00873800,178137,4615.76750000,7678097.88745300
1780974000000,2026-06-09 03:00:00,1667.88000000,1671.68000000,1663.83000000,1669.44000000,8667.14470000,1780977599999,14452673.98858100,130771,3591.95020000,5990110.85729000
1780977600000,2026-06-09 04:00:00,1669.44000000,1696.41000000,1664.33000000,1686.35000000,17666.92910000,1780981199999,29688355.28302300,181563,9902.60090000,16652221.59569500
1780981200000,2026-06-09 05:00:00,1686.36000000,1695.23000000,1681.53000000,1688.25000000,10451.01910000,1780984799999,17654324.68423200,151152,5906.17330000,9977772.27001300
1780984800000,2026-06-09 06:00:00,1688.25000000,1695.49000000,1684.06000000,1685.98000000,12296.15880000,1780988399999,20775600.87125100,132661,6158.12750000,10404154.37228600
1780988400000,2026-06-09 07:00:00,1685.99000000,1691.59000000,1675.20000000,1679.86000000,15280.92400000,1780991999999,25690383.09118900,124697,5257.96890000,8843315.99574900
1780992000000,2026-06-09 08:00:00,1679.86000000,1680.64000000,1668.16000000,1675.28000000,13033.67050000,1780995599999,21827008.10268600,122595,5607.76180000,9391683.45900500
1780995600000,2026-06-09 09:00:00,1675.28000000,1680.16000000,1665.00000000,1670.61000000,9977.74650000,1780999199999,16684006.80507000,103098,4562.95660000,7631275.18580300
1780999200000,2026-06-09 10:00:00,1670.60000000,1676.41000000,1667.11000000,1674.72000000,8285.71830000,1781002799999,13851766.63440500,95885,4387.15670000,7334798.27134000
1781002800000,2026-06-09 11:00:00,1674.72000000,1675.46000000,1666.12000000,1671.96000000,7742.42690000,1781006399999,12936135.28670700,99813,3146.88700000,5257486.88743400
1781006400000,2026-06-09 12:00:00,1671.96000000,1683.32000000,1671.04000000,1676.90000000,15615.63140000,1781009999999,26186116.70854100,124136,7608.65240000,12759022.84999900
1781010000000,2026-06-09 13:00:00,1676.90000000,1680.63000000,1664.05000000,1666.71000000,22526.17050000,1781013599999,37665706.88224700,219312,9116.88880000,15244616.44570300
1781013600000,2026-06-09 14:00:00,1666.71000000,1670.84000000,1633.84000000,1645.90000000,43940.31850000,1781017199999,72410069.59011000,493922,20018.23740000,32982549.29895100
1781017200000,2026-06-09 15:00:00,1645.90000000,1653.89000000,1634.45000000,1636.40000000,27668.78110000,1781020799999,45470655.93213700,318207,12610.91440000,20729164.36651500
1781020800000,2026-06-09 16:00:00,1636.40000000,1639.35000000,1614.02000000,1632.27000000,36381.07010000,1781024399999,59226013.03124700,449383,17346.08460000,28234055.73438600
1781024400000,2026-06-09 17:00:00,1632.28000000,1649.76000000,1632.18000000,1643.04000000,19699.23700000,1781027999999,32363601.72102900,256472,10032.45030000,16480378.49631200
1781028000000,2026-06-09 18:00:00,1643.03000000,1655.49000000,1639.87000000,1652.28000000,11940.11950000,1781031599999,19686316.96438300,166296,6097.13270000,10053360.20772800
1781031600000,2026-06-09 19:00:00,1652.27000000,1658.64000000,1647.82000000,1657.33000000,13801.80960000,1781035199999,22814218.28081000,171496,6588.62050000,10891411.01508800
1781035200000,2026-06-09 20:00:00,1657.33000000,1663.77000000,1655.34000000,1660.59000000,7896.36840000,1781038799999,13099951.27823200,101360,4700.39430000,7797800.92592900
1781038800000,2026-06-09 21:00:00,1660.59000000,1661.69000000,1647.29000000,1650.33000000,6653.73300000,1781042399999,11003412.69046300,72812,2897.77850000,4791580.19738400
1781042400000,2026-06-09 22:00:00,1650.32000000,1655.00000000,1639.52000000,1640.00000000,6633.87670000,1781045999999,10925187.84625000,106539,2951.36950000,4862544.31266600
1781046000000,2026-06-09 23:00:00,1640.01000000,1642.87000000,1630.36000000,1639.52000000,11039.01750000,1781049599999,18077834.59617800,128619,4780.48520000,7829346.39050300
1781049600000,2026-06-10 00:00:00,1639.52000000,1646.83000000,1629.52000000,1645.74000000,8118.21280000,1781053199999,13307262.00679400,141468,4096.43440000,6717248.13566700
1781053200000,2026-06-10 01:00:00,1645.75000000,1646.91000000,1633.55000000,1638.98000000,7176.75700000,1781056799999,11779395.86423500,159653,3598.53000000,5907999.29854900
1781056800000,2026-06-10 02:00:00,1638.99000000,1642.50000000,1621.77000000,1624.22000000,8216.53850000,1781060399999,13382165.88836100,156299,3500.52610000,5700912.64598600
1781060400000,2026-06-10 03:00:00,1624.21000000,1636.53000000,1623.52000000,1630.82000000,4424.32580000,1781063999999,7213115.14371200,97892,2442.39180000,3982062.98391300
1781064000000,2026-06-10 04:00:00,1630.82000000,1632.92000000,1622.45000000,1625.98000000,4591.32800000,1781067599999,7470362.71674500,100926,2149.53220000,3497591.09387700
1781067600000,2026-06-10 05:00:00,1625.99000000,1630.00000000,1616.33000000,1627.99000000,8002.80750000,1781071199999,12991399.34591000,124377,2941.05590000,4776609.70912900
1781071200000,2026-06-10 06:00:00,1628.00000000,1634.41000000,1622.76000000,1632.08000000,8041.79260000,1781074799999,13100681.40957300,99560,4805.99330000,7829889.49368000
1781074800000,2026-06-10 07:00:00,1632.08000000,1643.58000000,1630.73000000,1640.09000000,8126.55660000,1781078399999,13310219.23128600,106670,4123.79730000,6755849.47223900
1781078400000,2026-06-10 08:00:00,1640.10000000,1640.89000000,1618.18000000,1621.34000000,14750.54670000,1781081999999,24001825.50089600,154487,6489.49570000,10548868.40687000
1781082000000,2026-06-10 09:00:00,1621.35000000,1626.44000000,1606.01000000,1623.67000000,12606.99160000,1781085599999,20390133.42825300,201200,6419.20640000,10386364.85924400
1781085600000,2026-06-10 10:00:00,1623.67000000,1629.99000000,1618.10000000,1628.23000000,5500.82610000,1781089199999,8933958.23786900,118263,2754.70140000,4475099.54956900
1781089200000,2026-06-10 11:00:00,1628.23000000,1630.22000000,1612.00000000,1620.05000000,17819.15980000,1781092799999,28853503.01200900,248595,8510.43560000,13778411.65026600
1781092800000,2026-06-10 12:00:00,1620.06000000,1645.46000000,1615.91000000,1635.40000000,20732.89350000,1781096399999,33847661.00182000,281728,11800.66910000,19260400.94048200
1781096400000,2026-06-10 13:00:00,1635.40000000,1667.96000000,1632.00000000,1651.81000000,21809.46490000,1781099999999,36017602.79761400,362518,12178.55500000,20117311.93275200
1781100000000,2026-06-10 14:00:00,1651.82000000,1655.64000000,1637.27000000,1646.72000000,15637.52510000,1781103599999,25750229.75843600,309348,8103.28250000,13350446.44507700
1781103600000,2026-06-10 15:00:00,1646.72000000,1665.05000000,1635.85000000,1657.97000000,20813.25300000,1781107199999,34323342.11604600,373857,10569.26300000,17438498.59182100
1781107200000,2026-06-10 16:00:00,1657.98000000,1658.73000000,1632.50000000,1641.99000000,17206.21150000,1781110799999,28334650.93507800,300999,8752.06460000,14411451.73691500
1781110800000,2026-06-10 17:00:00,1641.99000000,1647.59000000,1622.51000000,1632.32000000,19894.07120000,1781114399999,32478553.73872700,290152,9353.49680000,15269453.56818900
1781114400000,2026-06-10 18:00:00,1632.32000000,1636.88000000,1622.52000000,1631.13000000,10584.20280000,1781117999999,17251568.61797300,196575,5514.83810000,8989311.55943500
1781118000000,2026-06-10 19:00:00,1631.13000000,1633.69000000,1623.13000000,1630.15000000,7568.51950000,1781121599999,12330054.51918300,164796,3611.44890000,5884875.75252500
1781121600000,2026-06-10 20:00:00,1630.15000000,1636.21000000,1623.15000000,1630.65000000,8748.52400000,1781125199999,14256055.01510100,147752,4441.19000000,7237337.15151800
1781125200000,2026-06-10 21:00:00,1630.64000000,1630.64000000,1603.44000000,1611.44000000,15299.01850000,1781128799999,24743220.52812600,194811,6068.89770000,9812449.71146900
1781128800000,2026-06-10 22:00:00,1611.45000000,1622.38000000,1604.62000000,1616.52000000,13595.35750000,1781132399999,21934396.90382300,210315,6489.34900000,10472267.17758000
1781132400000,2026-06-10 23:00:00,1616.52000000,1625.09000000,1609.39000000,1621.59000000,11526.39740000,1781135999999,18640840.81088800,137789,5765.70390000,9326340.13368200
1781136000000,2026-06-11 00:00:00,1621.60000000,1634.72000000,1621.60000000,1628.64000000,7724.42950000,1781139599999,12584055.39871000,136750,4588.97350000,7475029.37348200
1781139600000,2026-06-11 01:00:00,1628.63000000,1647.88000000,1628.57000000,1642.83000000,7074.66380000,1781143199999,11608790.08447800,131091,3999.44270000,6560917.44825300
1781143200000,2026-06-11 02:00:00,1642.83000000,1645.50000000,1630.90000000,1641.07000000,5910.63330000,1781146799999,9684674.07271300,107000,3182.07900000,5214286.11219600
1781146800000,2026-06-11 03:00:00,1641.06000000,1661.30000000,1636.09000000,1653.95000000,15578.30700000,1781150399999,25690581.99498700,147586,8907.53920000,14688441.64701600
1781150400000,2026-06-11 04:00:00,1653.94000000,1659.72000000,1650.00000000,1656.89000000,6886.65930000,1781153999999,11391383.81935600,98880,3276.33790000,5419497.38311400
1781154000000,2026-06-11 05:00:00,1656.89000000,1656.90000000,1647.63000000,1647.95000000,7974.19310000,1781157599999,13165173.78666400,85948,4029.24650000,6652071.56705100
1781157600000,2026-06-11 06:00:00,1647.96000000,1663.14000000,1646.20000000,1654.82000000,16221.97280000,1781161199999,26893659.90468400,120566,8222.08350000,13629467.47191700
1781161200000,2026-06-11 07:00:00,1654.81000000,1658.30000000,1651.70000000,1654.41000000,5480.14140000,1781164799999,9066488.35669200,67218,2594.06330000,4291695.74751500
1781164800000,2026-06-11 08:00:00,1654.40000000,1664.14000000,1654.33000000,1659.96000000,7619.28710000,1781168399999,12647529.01290600,72598,3709.80790000,6158688.01467100
1781168400000,2026-06-11 09:00:00,1659.97000000,1662.00000000,1656.47000000,1658.98000000,4916.57930000,1781171999999,8155703.23427500,67244,2368.24580000,3928791.59439400
1781172000000,2026-06-11 10:00:00,1658.97000000,1661.58000000,1654.28000000,1658.85000000,6620.76960000,1781175599999,10978841.03792800,77181,3308.55830000,5487589.85555100
1781175600000,2026-06-11 11:00:00,1658.85000000,1673.50000000,1656.43000000,1666.84000000,11246.06650000,1781179199999,18723565.53571100,123872,6851.75320000,11404593.34594500
1781179200000,2026-06-11 12:00:00,1666.84000000,1666.88000000,1642.12000000,1651.84000000,20236.87970000,1781182799999,33445585.74563400,234583,10153.13430000,16777094.31441300
1781182800000,2026-06-11 13:00:00,1651.85000000,1659.52000000,1644.45000000,1653.24000000,11181.15210000,1781186399999,18472959.10568900,200624,5198.00450000,8588539.44462700
1781186400000,2026-06-11 14:00:00,1653.24000000,1655.40000000,1638.95000000,1643.04000000,13211.53860000,1781189999999,21773052.59758000,246256,6789.49720000,11191531.93343800
1781190000000,2026-06-11 15:00:00,1643.04000000,1650.83000000,1636.19000000,1645.55000000,11179.53170000,1781193599999,18377979.01296300,196201,5728.01560000,9417897.52957100
1781193600000,2026-06-11 16:00:00,1645.56000000,1649.50000000,1638.35000000,1639.75000000,7669.88540000,1781197199999,12607598.84886600,135595,3833.75820000,6301727.74644300
1781197200000,2026-06-11 17:00:00,1639.74000000,1693.59000000,1632.71000000,1688.66000000,45791.85730000,1781200799999,76387578.75725200,404313,24177.96590000,40321737.28295900
1781200800000,2026-06-11 18:00:00,1688.65000000,1691.85000000,1676.98000000,1683.98000000,17473.63640000,1781204399999,29424371.76627000,225060,9355.50690000,15757256.32001000
1781204400000,2026-06-11 19:00:00,1683.97000000,1693.55000000,1675.98000000,1681.26000000,14280.26740000,1781207999999,24051360.81636000,181500,7195.08630000,12118001.29154900
1781208000000,2026-06-11 20:00:00,1681.26000000,1683.01000000,1667.18000000,1672.37000000,11476.22530000,1781211599999,19204885.32948300,86452,5467.55540000,9151200.47162300
1781211600000,2026-06-11 21:00:00,1672.37000000,1683.29000000,1672.14000000,1677.00000000,8304.80250000,1781215199999,13944507.85684200,81005,5119.68000000,8596702.23589800
1781215200000,2026-06-11 22:00:00,1676.99000000,1683.21000000,1675.43000000,1676.17000000,7951.56600000,1781218799999,13350912.47875600,100369,5224.50340000,8772115.68797500
1781218800000,2026-06-11 23:00:00,1676.16000000,1679.25000000,1670.19000000,1673.46000000,6496.67530000,1781222399999,10874575.73495000,82371,3474.99040000,5816814.95225000
1781222400000,2026-06-12 00:00:00,1673.46000000,1677.74000000,1669.86000000,1672.74000000,4281.84560000,1781225999999,7167471.72644200,88913,2364.07840000,3957694.60214700
1781226000000,2026-06-12 01:00:00,1672.74000000,1672.74000000,1660.93000000,1667.09000000,7875.92610000,1781229599999,13124836.25651200,113254,3636.71820000,6061678.64829200
1781229600000,2026-06-12 02:00:00,1667.08000000,1678.42000000,1666.87000000,1675.59000000,4970.85460000,1781233199999,8322334.87754100,76396,2912.41960000,4875420.45845000
1781233200000,2026-06-12 03:00:00,1675.60000000,1676.60000000,1668.81000000,1673.25000000,3530.82340000,1781236799999,5907392.20475300,53416,2198.33560000,3678537.73838400
1781236800000,2026-06-12 04:00:00,1673.25000000,1682.00000000,1669.29000000,1677.47000000,5441.51550000,1781240399999,9124939.86426000,75044,3312.78290000,5555104.45280000
1781240400000,2026-06-12 05:00:00,1677.48000000,1677.86000000,1662.31000000,1664.23000000,7801.15970000,1781243999999,13012810.45181300,93120,3718.43240000,6201389.30031900
1781244000000,2026-06-12 06:00:00,1664.23000000,1666.82000000,1652.09000000,1657.34000000,8649.46470000,1781247599999,14343186.28703700,116036,3848.56300000,6383084.89167300
1781247600000,2026-06-12 07:00:00,1657.35000000,1664.99000000,1656.23000000,1662.12000000,8331.43530000,1781251199999,13833722.83462500,76546,4767.43260000,7916863.44994600
1781251200000,2026-06-12 08:00:00,1662.12000000,1678.22000000,1662.12000000,1673.53000000,15418.70170000,1781254799999,25771109.91601500,131424,10538.57020000,17612140.40619500
1781254800000,2026-06-12 09:00:00,1673.53000000,1685.65000000,1671.48000000,1680.16000000,8197.00230000,1781258399999,13769912.36544000,114796,4363.30820000,7329799.34969700
1781258400000,2026-06-12 10:00:00,1680.16000000,1683.35000000,1671.91000000,1674.85000000,6173.98750000,1781261999999,10353261.69977400,98037,2711.65300000,4548142.41561200
1781262000000,2026-06-12 11:00:00,1674.85000000,1678.51000000,1672.10000000,1673.89000000,3363.21930000,1781265599999,5635365.30036800,77631,1531.04840000,2565469.65353200
1781265600000,2026-06-12 12:00:00,1673.88000000,1673.88000000,1663.07000000,1666.54000000,6467.20570000,1781269199999,10786555.29163400,112130,3204.30490000,5344229.41800300
1781269200000,2026-06-12 13:00:00,1666.55000000,1668.91000000,1653.74000000,1657.60000000,11710.15440000,1781272799999,19447418.77262900,208190,5619.50810000,9329387.81390500
1781272800000,2026-06-12 14:00:00,1657.60000000,1685.93000000,1656.26000000,1685.64000000,16504.34850000,1781276399999,27596940.84874500,319148,9399.80990000,15715870.52586300
1781276400000,2026-06-12 15:00:00,1685.65000000,1691.07000000,1658.75000000,1660.08000000,28712.92870000,1781279999999,48218267.57677400,350202,13273.80560000,22304427.35992300
1781280000000,2026-06-12 16:00:00,1660.08000000,1675.81000000,1657.38000000,1672.90000000,16259.72090000,1781283599999,27134174.65808800,237025,10189.87270000,17007550.72176100
1781283600000,2026-06-12 17:00:00,1672.91000000,1678.10000000,1667.37000000,1668.84000000,9374.84960000,1781287199999,15668068.42820600,129671,4160.97270000,6957550.74296400
1781287200000,2026-06-12 18:00:00,1668.84000000,1673.57000000,1663.60000000,1666.87000000,7832.52320000,1781290799999,13069259.88305500,112309,3289.89350000,5488657.18136000
1781290800000,2026-06-12 19:00:00,1666.86000000,1672.47000000,1664.90000000,1665.92000000,8724.77370000,1781294399999,14555122.81461500,103229,3248.96020000,5420527.31118900
1781294400000,2026-06-12 20:00:00,1665.92000000,1667.85000000,1662.02000000,1664.92000000,3958.86590000,1781297999999,6594497.07780200,59251,1688.54360000,2812377.21694800
1781298000000,2026-06-12 21:00:00,1664.93000000,1668.01000000,1663.21000000,1664.19000000,3024.20870000,1781301599999,5037423.22104000,43137,1419.84270000,2364898.79191200
1781301600000,2026-06-12 22:00:00,1664.18000000,1667.49000000,1661.46000000,1662.60000000,2376.05630000,1781305199999,3953019.31061100,51975,1161.43880000,1932199.56779600
1781305200000,2026-06-12 23:00:00,1662.60000000,1666.41000000,1659.02000000,1666.41000000,2906.43890000,1781308799999,4831069.99121200,47637,1275.35010000,2120223.37890900
1781308800000,2026-06-13 00:00:00,1666.42000000,1669.34000000,1665.31000000,1667.47000000,2920.12540000,1781312399999,4868944.67087800,44694,1684.13360000,2808011.37484000
1781312400000,2026-06-13 01:00:00,1667.47000000,1675.90000000,1666.53000000,1674.03000000,5623.27010000,1781315999999,9401124.96779900,58159,3500.13540000,5850834.65137800
1781316000000,2026-06-13 02:00:00,1674.03000000,1674.52000000,1665.69000000,1668.02000000,4867.99170000,1781319599999,8128852.68004700,50971,1944.49490000,3247778.20235800
1781319600000,2026-06-13 03:00:00,1668.03000000,1669.57000000,1663.36000000,1665.25000000,2988.20570000,1781323199999,4977312.84377600,40911,1388.91890000,2313486.66717600
1781323200000,2026-06-13 04:00:00,1665.25000000,1668.28000000,1663.52000000,1664.51000000,2235.54650000,1781326799999,3723982.98595100,31942,1328.37950000,2212626.69073500
1781326800000,2026-06-13 05:00:00,1664.52000000,1665.61000000,1662.20000000,1665.22000000,3000.82410000,1781330399999,4994273.22558900,38507,1632.81330000,2717458.76559500
1781330400000,2026-06-13 06:00:00,1665.22000000,1670.25000000,1663.88000000,1669.70000000,3290.87760000,1781333999999,5484038.83932400,37774,2286.21850000,3809822.27850300
1781334000000,2026-06-13 07:00:00,1669.71000000,1677.74000000,1668.47000000,1676.38000000,7516.47970000,1781337599999,12583495.38757600,50644,4666.18180000,7811113.80052600
1781337600000,2026-06-13 08:00:00,1676.38000000,1679.92000000,1673.63000000,1674.57000000,7578.62820000,1781341199999,12702697.72928000,57120,4213.03740000,7061196.15458500
1781341200000,2026-06-13 09:00:00,1674.57000000,1676.30000000,1672.93000000,1673.70000000,3898.67500000,1781344799999,6528131.86460600,40620,2340.89620000,3919719.29528300
1781344800000,2026-06-13 10:00:00,1673.70000000,1676.37000000,1672.80000000,1674.18000000,3139.32270000,1781348399999,5256164.41141900,38920,1863.19140000,3119424.93194900
1781348400000,2026-06-13 11:00:00,1674.19000000,1678.96000000,1673.55000000,1678.34000000,3875.39020000,1781351999999,6499114.97788100,41266,2299.78840000,3856891.03621000
1781352000000,2026-06-13 12:00:00,1678.33000000,1683.77000000,1676.99000000,1680.53000000,4637.80320000,1781355599999,7789337.01359000,49564,2775.18940000,4661318.96413100
1781355600000,2026-06-13 13:00:00,1680.52000000,1681.58000000,1676.69000000,1678.02000000,4422.23720000,1781359199999,7426246.74974700,54845,2345.49400000,3938984.22847100
1781359200000,2026-06-13 14:00:00,1678.02000000,1681.47000000,1677.82000000,1679.97000000,3196.09560000,1781362799999,5368830.06457500,47178,1782.48880000,2994345.00150500
1781362800000,2026-06-13 15:00:00,1679.98000000,1686.56000000,1678.50000000,1682.15000000,7674.30140000,1781366399999,12911508.17286400,84201,4160.91180000,7001395.82041200
1781366400000,2026-06-13 16:00:00,1682.14000000,1682.48000000,1671.44000000,1676.74000000,12322.16860000,1781369999999,20640541.58244800,107360,5127.39120000,8590034.70410300
1781370000000,2026-06-13 17:00:00,1676.74000000,1678.40000000,1673.23000000,1674.31000000,3585.25800000,1781373599999,6009063.62724900,56233,1634.29900000,2739184.50419000
1781373600000,2026-06-13 18:00:00,1674.31000000,1682.63000000,1674.20000000,1678.53000000,2724.58490000,1781377199999,4575675.46520700,39695,1144.36700000,1921701.90598800
1781377200000,2026-06-13 19:00:00,1678.53000000,1680.00000000,1675.86000000,1678.29000000,2737.34280000,1781380799999,4593800.14939300,32428,1316.35450000,2208926.78051500
1781380800000,2026-06-13 20:00:00,1678.30000000,1678.30000000,1675.11000000,1676.53000000,2067.66270000,1781384399999,3466894.16337800,33259,1303.69490000,2185842.45332500
1781384400000,2026-06-13 21:00:00,1676.53000000,1697.28000000,1674.91000000,1686.44000000,6677.29330000,1781387999999,11257676.38244700,92778,3759.72100000,6337814.00665200
1781388000000,2026-06-13 22:00:00,1686.44000000,1686.65000000,1681.62000000,1681.63000000,3324.16240000,1781391599999,5598041.64706900,51455,1868.06900000,3146024.71109600
1781391600000,2026-06-13 23:00:00,1681.62000000,1684.20000000,1678.10000000,1681.18000000,2447.36070000,1781395199999,4113433.10129400,42455,1360.82580000,2287272.22222600
1781395200000,2026-06-14 00:00:00,1681.19000000,1683.52000000,1678.83000000,1681.91000000,2635.51970000,1781398799999,4431260.56024700,42689,1643.70660000,2763680.58973300
1781398800000,2026-06-14 01:00:00,1681.90000000,1690.36000000,1680.30000000,1683.99000000,3518.04140000,1781402399999,5931085.37083500,52127,2207.68120000,3721644.50858200
1781402400000,2026-06-14 02:00:00,1683.98000000,1685.70000000,1681.59000000,1682.47000000,1929.40390000,1781405999999,3248085.70682400,30144,1096.06090000,1845216.26506900
1781406000000,2026-06-14 03:00:00,1682.46000000,1683.28000000,1679.85000000,1681.73000000,2324.93530000,1781409599999,3909588.27320800,32885,1297.15710000,2181040.88728200
1781409600000,2026-06-14 04:00:00,1681.74000000,1682.66000000,1676.35000000,1677.95000000,3535.00600000,1781413199999,5935190.51166200,38134,2191.63840000,3679828.92734200
1781413200000,2026-06-14 05:00:00,1677.95000000,1679.14000000,1674.00000000,1678.13000000,4061.95160000,1781416799999,6811751.11262600,39876,2436.10740000,4085729.62583800
1781416800000,2026-06-14 06:00:00,1678.13000000,1682.50000000,1675.30000000,1676.39000000,5066.56320000,1781420399999,8502274.04063400,48948,2949.80680000,4950227.62315500
1781420400000,2026-06-14 07:00:00,1676.40000000,1677.55000000,1673.72000000,1675.91000000,2927.68360000,1781423999999,4905534.40732800,28804,2112.42180000,3539592.63802700
1781424000000,2026-06-14 08:00:00,1675.91000000,1678.92000000,1674.73000000,1675.58000000,3088.94480000,1781427599999,5180461.19148400,27604,2246.88610000,3768459.74583700
1781427600000,2026-06-14 09:00:00,1675.58000000,1679.00000000,1669.15000000,1678.49000000,7430.34400000,1781431199999,12430280.30625700,63055,2730.88810000,4570301.08382300
1781431200000,2026-06-14 10:00:00,1678.48000000,1678.55000000,1673.13000000,1673.13000000,1896.07130000,1781434799999,3178519.52430200,32334,759.44110000,1273157.99645400
1781434800000,2026-06-14 11:00:00,1673.13000000,1677.15000000,1672.36000000,1673.73000000,2400.91290000,1781438399999,4020907.69547400,29591,1125.99290000,1885913.14916600
1781438400000,2026-06-14 12:00:00,1673.73000000,1674.58000000,1665.35000000,1666.90000000,4560.24960000,1781441999999,7615198.86577100,50424,1911.70680000,3192473.61752500
1781442000000,2026-06-14 13:00:00,1666.90000000,1669.15000000,1664.50000000,1666.54000000,4290.08890000,1781445599999,7150249.61674700,54969,1804.08770000,3007088.70776800
1781445600000,2026-06-14 14:00:00,1666.53000000,1670.20000000,1654.90000000,1659.76000000,10746.81890000,1781449199999,17847662.80616500,120414,4743.79180000,7878863.62915600
1781449200000,2026-06-14 15:00:00,1659.76000000,1664.67000000,1659.60000000,1662.95000000,4335.40700000,1781452799999,7209154.21618800,60421,2625.97280000,4366504.00826000
1781452800000,2026-06-14 16:00:00,1662.95000000,1668.57000000,1659.36000000,1661.38000000,6515.36900000,1781456399999,10842205.57169600,59467,2823.47520000,4700420.55568600
1781456400000,2026-06-14 17:00:00,1661.37000000,1666.52000000,1660.92000000,1662.09000000,5151.40480000,1781459999999,8571157.00942200,59141,2884.34170000,4798978.50029300
1781460000000,2026-06-14 18:00:00,1662.09000000,1663.27000000,1658.95000000,1662.08000000,3057.11030000,1781463599999,5077998.83549200,41537,1590.47310000,2641854.13715900
1781463600000,2026-06-14 19:00:00,1662.07000000,1667.93000000,1661.13000000,1665.43000000,3219.09460000,1781467199999,5362142.07995600,37371,1641.61310000,2733952.98503000
1781467200000,2026-06-14 20:00:00,1665.44000000,1673.72000000,1662.67000000,1670.48000000,4358.51030000,1781470799999,7272281.95325800,49102,2444.86580000,4079737.25430400
1781470800000,2026-06-14 21:00:00,1670.48000000,1732.28000000,1669.97000000,1718.67000000,48781.25160000,1781474399999,83337486.91477600,451737,25289.78940000,43179067.00702800
1781474400000,2026-06-14 22:00:00,1718.68000000,1729.10000000,1712.34000000,1722.62000000,28043.47970000,1781477999999,48281070.55055000,332205,13297.81030000,22895532.38709600
1781478000000,2026-06-14 23:00:00,1722.62000000,1726.43000000,1716.79000000,1725.62000000,14135.79170000,1781481599999,24352755.64984700,153012,7067.06940000,12175285.02547200
1781481600000,2026-06-15 00:00:00,1725.63000000,1733.04000000,1719.78000000,1720.83000000,14570.98120000,1781485199999,25144573.06202200,107105,6592.58150000,11381136.27312400
1781485200000,2026-06-15 01:00:00,1720.83000000,1721.91000000,1709.66000000,1715.79000000,12097.97980000,1781488799999,20757631.16130500,110675,4913.68150000,8432415.66907100
1781488800000,2026-06-15 02:00:00,1715.80000000,1726.96000000,1714.23000000,1716.78000000,8966.25820000,1781492399999,15424769.76296500,85682,3764.69280000,6475855.74404000
1781492400000,2026-06-15 03:00:00,1716.78000000,1724.17000000,1715.55000000,1720.78000000,11155.86510000,1781495999999,19198392.57136700,82092,4369.51570000,7520252.02560900
1781496000000,2026-06-15 04:00:00,1720.78000000,1720.78000000,1716.00000000,1717.04000000,11426.77490000,1781499599999,19636190.12490900,71286,4030.62850000,6926301.97971800
1781499600000,2026-06-15 05:00:00,1717.05000000,1722.63000000,1715.95000000,1720.66000000,6961.62590000,1781503199999,11966522.21728100,48199,3108.11790000,5343048.19903400
1781503200000,2026-06-15 06:00:00,1720.67000000,1723.29000000,1718.25000000,1719.82000000,6607.70470000,1781506799999,11371680.26841500,51277,2508.41320000,4316958.38674800
1781506800000,2026-06-15 07:00:00,1719.82000000,1723.80000000,1716.49000000,1716.59000000,8177.27790000,1781510399999,14062876.18081000,58777,3186.04170000,5479733.42670600
1781510400000,2026-06-15 08:00:00,1716.60000000,1721.91000000,1715.60000000,1720.36000000,6027.92860000,1781513999999,10364436.72433900,51334,2617.32360000,4499783.64217300
1781514000000,2026-06-15 09:00:00,1720.35000000,1726.94000000,1712.17000000,1718.65000000,14597.51070000,1781517599999,25091409.65416600,73210,6461.77000000,11106953.96045300
1781517600000,2026-06-15 10:00:00,1718.65000000,1748.60000000,1718.27000000,1737.77000000,26756.96620000,1781521199999,46335032.90461600,131529,16267.16840000,28164137.39541900
1781521200000,2026-06-15 11:00:00,1737.77000000,1769.00000000,1734.11000000,1764.67000000,38954.89020000,1781524799999,68344785.47517300,299356,21645.61480000,37966933.86349500
1781524800000,2026-06-15 12:00:00,1764.67000000,1777.77000000,1760.28000000,1777.48000000,27438.19800000,1781528399999,48562984.92525600,141252,13340.37160000,23611903.29979400
1781528400000,2026-06-15 13:00:00,1777.48000000,1827.67000000,1774.60000000,1814.12000000,70367.20040000,1781531999999,127230062.29495600,348250,35815.26510000,64676798.29073000
1781532000000,2026-06-15 14:00:00,1814.12000000,1818.58000000,1804.71000000,1814.55000000,25775.38320000,1781535599999,46698702.56117600,168485,12504.97100000,22660088.67563900
1781535600000,2026-06-15 15:00:00,1814.55000000,1849.54000000,1813.15000000,1845.53000000,47178.98020000,1781539199999,86475848.89353800,244407,24794.74220000,45453725.29658500
1781539200000,2026-06-15 16:00:00,1845.53000000,1847.13000000,1837.48000000,1842.85000000,28115.05900000,1781542799999,51789038.00695000,189202,12504.26210000,23037582.41654300
1781542800000,2026-06-15 17:00:00,1842.85000000,1842.86000000,1823.58000000,1829.19000000,23706.47930000,1781546399999,43391823.29471600,153619,10938.68150000,20016245.57961100
1781546400000,2026-06-15 18:00:00,1829.19000000,1835.58000000,1825.85000000,1828.13000000,9996.57350000,1781549999999,18294410.87573000,98714,5405.78960000,9892851.16985300
1781550000000,2026-06-15 19:00:00,1828.12000000,1834.44000000,1811.66000000,1821.89000000,16646.39000000,1781553599999,30348914.34538100,149205,7912.04270000,14433788.21087200
1781553600000,2026-06-15 20:00:00,1821.88000000,1826.62000000,1815.33000000,1816.95000000,8446.38840000,1781557199999,15379231.98417800,92932,4412.57100000,8035388.30123400
1781557200000,2026-06-15 21:00:00,1816.94000000,1822.15000000,1809.53000000,1811.35000000,8869.85900000,1781560799999,16107422.92429700,90677,3988.59270000,7244791.69954800
1781560800000,2026-06-15 22:00:00,1811.36000000,1813.55000000,1787.00000000,1789.68000000,16216.32540000,1781564399999,29133547.92396300,168905,6882.05220000,12364569.31129700
1781564400000,2026-06-15 23:00:00,1789.69000000,1797.58000000,1782.82000000,1796.13000000,15076.65550000,1781567999999,26995213.83780000,119946,8943.55770000,16019399.93977200
1781568000000,2026-06-16 00:00:00,1796.14000000,1802.09000000,1789.00000000,1789.60000000,9861.76390000,1781571599999,17708314.74890600,93946,4712.91620000,8465369.92958800
1781571600000,2026-06-16 01:00:00,1789.59000000,1797.42000000,1789.13000000,1792.27000000,5337.86990000,1781575199999,9576121.48878400,69791,2894.58200000,5193257.19366200
1781575200000,2026-06-16 02:00:00,1792.26000000,1794.10000000,1767.40000000,1770.13000000,20732.52930000,1781578799999,36825580.79492400,136234,9028.63520000,16032627.43253600
1781578800000,2026-06-16 03:00:00,1770.13000000,1780.73000000,1764.84000000,1779.16000000,14600.46490000,1781582399999,25907702.48660100,84884,7729.60020000,13717130.43008400
1781582400000,2026-06-16 04:00:00,1779.16000000,1783.32000000,1758.00000000,1760.64000000,17722.51480000,1781585999999,31327255.00213200,98447,6365.66320000,11253192.95124400
1781586000000,2026-06-16 05:00:00,1760.65000000,1766.00000000,1760.57000000,1762.05000000,11474.85320000,1781589599999,20234352.81726400,72608,4604.17170000,8118866.81426600
1781589600000,2026-06-16 06:00:00,1762.06000000,1774.17000000,1762.06000000,1771.40000000,11200.05730000,1781593199999,19808328.39589600,68287,5170.67090000,9145877.93004100
1781593200000,2026-06-16 07:00:00,1771.41000000,1776.47000000,1769.02000000,1774.24000000,10004.50980000,1781596799999,17736699.81369200,65144,4525.32780000,8023037.91232000
1781596800000,2026-06-16 08:00:00,1774.25000000,1807.97000000,1773.25000000,1803.23000000,22080.50050000,1781600399999,39479897.46911100,207654,13202.87770000,23611471.12532700
1781600400000,2026-06-16 09:00:00,1803.23000000,1805.79000000,1787.07000000,1789.63000000,13315.74170000,1781603999999,23898614.27921400,157358,6312.65590000,11333165.67591200
1781604000000,2026-06-16 10:00:00,1789.63000000,1800.00000000,1788.61000000,1793.95000000,13040.38440000,1781607599999,23408410.58129100,120096,7545.25160000,13547060.69926800
1781607600000,2026-06-16 11:00:00,1793.95000000,1800.00000000,1790.70000000,1799.59000000,8788.32910000,1781611199999,15779031.85306900,109669,4683.68670000,8411905.21019200
1781611200000,2026-06-16 12:00:00,1799.60000000,1839.77000000,1796.71000000,1814.88000000,38221.06140000,1781614799999,69542151.81820800,378561,21340.71940000,38827237.01945500
1781614800000,2026-06-16 13:00:00,1814.89000000,1817.10000000,1791.57000000,1797.88000000,32836.35530000,1781618399999,59216986.80497100,380259,15275.93670000,27557322.18333700
1781618400000,2026-06-16 14:00:00,1797.86000000,1805.57000000,1763.36000000,1780.56000000,37636.96850000,1781621999999,67095594.34273700,432145,17353.44520000,30932170.34936100
1781622000000,2026-06-16 15:00:00,1780.56000000,1788.32000000,1774.52000000,1782.44000000,15292.77150000,1781625599999,27243692.21892300,231397,8521.63340000,15183159.66901900
1781625600000,2026-06-16 16:00:00,1782.43000000,1785.58000000,1773.03000000,1777.89000000,10107.19780000,1781629199999,17972251.78010900,160896,4598.13260000,8176335.61937500
1781629200000,2026-06-16 17:00:00,1777.90000000,1799.45000000,1777.38000000,1795.10000000,11225.17370000,1781632799999,20082386.32277700,160317,6426.36710000,11498662.52544100
1781632800000,2026-06-16 18:00:00,1795.10000000,1808.44000000,1792.58000000,1799.21000000,14940.94380000,1781636399999,26898907.69842900,173210,8005.20860000,14414545.67350000
1781636400000,2026-06-16 19:00:00,1799.20000000,1801.04000000,1790.14000000,1795.41000000,11864.48250000,1781639999999,21306393.38481200,151718,5565.34470000,9994605.54487300
1781640000000,2026-06-16 20:00:00,1795.41000000,1798.50000000,1789.53000000,1797.82000000,7360.84830000,1781643599999,13208097.45457100,91762,4013.68390000,7203056.32109600
1781643600000,2026-06-16 21:00:00,1797.82000000,1800.48000000,1790.57000000,1796.52000000,6138.19350000,1781647199999,11022433.24268600,78353,3386.06780000,6080705.01763900
1781647200000,2026-06-16 22:00:00,1796.53000000,1799.49000000,1791.03000000,1796.21000000,5783.04830000,1781650799999,10378046.67120200,72776,2841.13580000,5099037.99578300
1781650800000,2026-06-16 23:00:00,1796.22000000,1798.89000000,1791.26000000,1792.99000000,4010.98560000,1781654399999,7198613.12303100,55688,1831.53970000,3286601.85388200
1781654400000,2026-06-17 00:00:00,1793.00000000,1799.01000000,1791.95000000,1794.22000000,3837.35140000,1781657999999,6889069.83882000,73967,2130.52110000,3824830.69767100
1781658000000,2026-06-17 01:00:00,1794.22000000,1799.12000000,1778.99000000,1797.76000000,9518.83190000,1781661599999,17025410.74058200,145091,4791.85520000,8573002.81354400
1781661600000,2026-06-17 02:00:00,1797.76000000,1810.21000000,1788.78000000,1795.59000000,11539.61860000,1781665199999,20756075.17065200,150043,5932.15300000,10674237.18729100
1781665200000,2026-06-17 03:00:00,1795.59000000,1797.36000000,1787.65000000,1793.58000000,6278.70110000,1781668799999,11253327.06611600,86739,3879.31520000,6953378.74596200
1781668800000,2026-06-17 04:00:00,1793.58000000,1801.79000000,1792.00000000,1794.30000000,4566.94980000,1781672399999,8202773.99918500,63224,2806.26020000,5040838.64932100
1781672400000,2026-06-17 05:00:00,1794.30000000,1799.45000000,1789.13000000,1793.98000000,6224.91790000,1781675999999,11167017.42279700,80915,3248.51550000,5827352.73411500
1781676000000,2026-06-17 06:00:00,1793.98000000,1797.20000000,1786.44000000,1790.38000000,5350.77830000,1781679599999,9583330.18222500,89937,2783.18640000,4985008.06424900
1781679600000,2026-06-17 07:00:00,1790.38000000,1792.34000000,1778.71000000,1785.08000000,7467.65360000,1781683199999,13337539.82517000,111666,3473.71160000,6205526.65881800
1781683200000,2026-06-17 08:00:00,1785.09000000,1786.15000000,1760.40000000,1765.31000000,15038.46960000,1781686799999,26609494.81110100,188398,5586.32180000,9884354.44796300
1781686800000,2026-06-17 09:00:00,1765.30000000,1777.78000000,1765.00000000,1773.07000000,6492.48680000,1781690399999,11502331.56257000,107452,3183.26210000,5640184.38758300
1781690400000,2026-06-17 10:00:00,1773.08000000,1776.05000000,1767.14000000,1768.38000000,4720.79500000,1781693999999,8362629.87233400,101987,2069.73370000,3666706.89542300
1781694000000,2026-06-17 11:00:00,1768.39000000,1770.77000000,1759.35000000,1763.92000000,8865.85410000,1781697599999,15650017.83749900,150988,3755.27280000,6629526.43386900
1781697600000,2026-06-17 12:00:00,1763.93000000,1765.99000000,1742.94000000,1759.44000000,22647.94940000,1781701199999,39685399.50005900,243198,10329.10110000,18095427.91008000
1781701200000,2026-06-17 13:00:00,1759.42000000,1771.91000000,1754.72000000,1761.25000000,20823.44390000,1781704799999,36727694.67414400,245376,8765.90750000,15458383.10228600
1781704800000,2026-06-17 14:00:00,1761.24000000,1765.52000000,1741.05000000,1754.96000000,21946.52890000,1781708399999,38507648.19052500,303653,9172.01620000,16099847.10696700
1781708400000,2026-06-17 15:00:00,1754.97000000,1776.94000000,1751.21000000,1773.41000000,16711.54990000,1781711999999,29490397.29725600,217521,7223.67590000,12757016.75756900
1781712000000,2026-06-17 16:00:00,1773.42000000,1791.73000000,1769.52000000,1772.02000000,20521.21250000,1781715599999,36490909.44163300,233325,9964.96000000,17723115.49362300
1781715600000,2026-06-17 17:00:00,1772.03000000,1796.08000000,1767.54000000,1789.27000000,12709.61910000,1781719199999,22626817.23923700,163029,5983.20120000,10653468.41132100
1781719200000,2026-06-17 18:00:00,1789.27000000,1789.40000000,1746.42000000,1770.32000000,45097.91030000,1781722799999,79807171.30168500,547194,21423.99230000,37902727.08402500
1781722800000,2026-06-17 19:00:00,1770.31000000,1775.85000000,1729.26000000,1734.72000000,48044.22290000,1781726399999,83844508.50936000,482616,19753.89070000,34512287.96645700
1781726400000,2026-06-17 20:00:00,1734.73000000,1747.92000000,1732.97000000,1747.36000000,12478.29460000,1781729999999,21717531.90082700,132213,6914.61890000,12034441.65266700
1781730000000,2026-06-17 21:00:00,1747.37000000,1748.01000000,1736.39000000,1738.90000000,6882.81130000,1781733599999,11991747.16562400,83297,3386.78290000,5900527.90617600
1781733600000,2026-06-17 22:00:00,1738.91000000,1746.60000000,1725.34000000,1740.31000000,10769.20640000,1781737199999,18705374.10251400,106297,5463.34220000,9491210.62540900
1781737200000,2026-06-17 23:00:00,1740.31000000,1751.66000000,1740.10000000,1750.60000000,5962.90020000,1781740799999,10417878.69066600,67337,4001.47640000,6990609.10239700
1781740800000,2026-06-18 00:00:00,1750.61000000,1759.49000000,1749.98000000,1752.97000000,8434.46260000,1781744399999,14799965.62484600,89917,4166.66270000,7310961.12182400
1781744400000,2026-06-18 01:00:00,1752.97000000,1762.99000000,1752.64000000,1754.92000000,6736.30830000,1781747999999,11843825.28432500,83695,3266.86830000,5744861.72731900
1781748000000,2026-06-18 02:00:00,1754.93000000,1759.00000000,1750.34000000,1755.85000000,5941.18090000,1781751599999,10433311.38522900,71078,3654.25580000,6417348.08565900
1781751600000,2026-06-18 03:00:00,1755.86000000,1756.26000000,1741.46000000,1744.17000000,9869.85150000,1781755199999,17251515.48506100,98305,5368.69350000,9385501.15822200
1781755200000,2026-06-18 04:00:00,1744.17000000,1745.92000000,1730.00000000,1730.64000000,10827.01060000,1781758799999,18789579.76903900,121564,3976.51640000,6901798.91488400
1781758800000,2026-06-18 05:00:00,1730.63000000,1733.00000000,1722.24000000,1730.97000000,9504.60660000,1781762399999,16424218.31528900,119528,4166.47130000,7199836.44861100
1781762400000,2026-06-18 06:00:00,1730.97000000,1736.79000000,1725.53000000,1735.56000000,9171.88360000,1781765999999,15884488.97633200,83853,4213.00390000,7297103.28946200
1781766000000,2026-06-18 07:00:00,1735.56000000,1753.29000000,1732.91000000,1749.79000000,14499.70600000,1781769599999,25291296.49438700,90689,8104.08160000,14142157.81852500
1781769600000,2026-06-18 08:00:00,1749.80000000,1753.61000000,1743.70000000,1747.67000000,16995.32590000,1781773199999,29716359.19634500,96127,5133.55310000,8981117.54858700
1781773200000,2026-06-18 09:00:00,1747.67000000,1751.87000000,1742.53000000,1746.07000000,9188.07660000,1781776799999,16044751.32752700,89741,2861.78010000,4999443.64779000
1781776800000,2026-06-18 10:00:00,1746.07000000,1752.84000000,1739.46000000,1746.90000000,10293.21990000,1781780399999,17950138.65072800,117077,5552.46160000,9684400.36692000
1781780400000,2026-06-18 11:00:00,1746.90000000,1749.39000000,1739.11000000,1743.31000000,10599.35060000,1781783999999,18483386.17667100,118296,5736.81400000,10005663.06879800
1781784000000,2026-06-18 12:00:00,1743.31000000,1753.06000000,1741.88000000,1750.41000000,9678.60030000,1781787599999,16920474.41338200,123622,5457.73720000,9540385.46755700
1781787600000,2026-06-18 13:00:00,1750.41000000,1752.51000000,1729.08000000,1736.78000000,14466.24320000,1781791199999,25164496.69576900,219882,6752.53840000,11750771.84572300
1781791200000,2026-06-18 14:00:00,1736.78000000,1745.46000000,1729.66000000,1739.79000000,15628.51690000,1781794799999,27152232.30876900,272082,7537.49450000,13097564.59897000
1781794800000,2026-06-18 15:00:00,1739.78000000,1740.09000000,1680.00000000,1682.23000000,54756.23730000,1781798399999,93411884.05680100,516039,24778.19340000,42281443.29495500
1781798400000,2026-06-18 16:00:00,1682.23000000,1692.95000000,1680.39000000,1686.93000000,23218.72470000,1781801999999,39176948.30472800,280168,12592.53890000,21248284.68996100
1781802000000,2026-06-18 17:00:00,1686.96000000,1687.68000000,1671.79000000,1679.42000000,18337.10740000,1781805599999,30819484.38353800,200570,8282.59950000,13920438.35611100
1781805600000,2026-06-18 18:00:00,1679.41000000,1689.40000000,1676.35000000,1685.38000000,11493.09570000,1781809199999,19344660.25625900,152625,6200.05810000,10435981.74453200
1781809200000,2026-06-18 19:00:00,1685.38000000,1707.48000000,1682.78000000,1705.39000000,12972.02300000,1781812799999,22014527.50958000,131475,8041.85050000,13648047.19765200
1781812800000,2026-06-18 20:00:00,1705.40000000,1717.23000000,1705.40000000,1710.47000000,10803.47290000,1781816399999,18499246.80845300,125190,5714.41840000,9784330.89246400
1781816400000,2026-06-18 21:00:00,1710.47000000,1711.96000000,1701.64000000,1708.39000000,8309.85330000,1781819999999,14181773.01453000,79019,3750.50450000,6400572.16098700
1781820000000,2026-06-18 22:00:00,1708.39000000,1708.56000000,1700.19000000,1706.81000000,5388.02620000,1781823599999,9187192.32337200,60357,2759.95220000,4706198.37443500
1781823600000,2026-06-18 23:00:00,1706.81000000,1712.38000000,1702.96000000,1711.11000000,5368.08160000,1781827199999,9169743.23007600,64067,2856.40410000,4879095.40879600
1781827200000,2026-06-19 00:00:00,1711.11000000,1716.30000000,1708.64000000,1713.84000000,5697.95990000,1781830799999,9760041.79640300,68311,3190.71780000,5466960.67939300
1781830800000,2026-06-19 01:00:00,1713.85000000,1719.51000000,1706.19000000,1713.50000000,4979.29320000,1781834399999,8527804.65835200,82762,2854.80400000,4890219.70849300
1781834400000,2026-06-19 02:00:00,1713.50000000,1715.21000000,1701.29000000,1707.15000000,7104.62480000,1781837999999,12128873.40214600,82199,2974.70530000,5078014.50821700
1781838000000,2026-06-19 03:00:00,1707.15000000,1708.28000000,1682.35000000,1697.69000000,19909.14550000,1781841599999,33714201.32192800,188243,8959.62130000,15164153.31385500
1781841600000,2026-06-19 04:00:00,1697.70000000,1702.97000000,1686.00000000,1689.72000000,9047.71310000,1781845199999,15319157.99305400,121080,3970.13080000,6728674.37067500
1781845200000,2026-06-19 05:00:00,1689.72000000,1697.75000000,1689.39000000,1697.51000000,6751.56110000,1781848799999,11443872.05247700,90767,3911.36350000,6631073.34058500
1781848800000,2026-06-19 06:00:00,1697.51000000,1703.40000000,1696.18000000,1700.26000000,5912.18870000,1781852399999,10046560.76831000,82853,3796.16540000,6451250.89341600
1781852400000,2026-06-19 07:00:00,1700.27000000,1700.98000000,1690.09000000,1695.82000000,10871.05750000,1781855999999,18423735.68302700,94374,6263.32680000,10614284.02453500
1781856000000,2026-06-19 08:00:00,1695.82000000,1699.11000000,1693.66000000,1697.94000000,4871.77740000,1781859599999,8264563.00117400,76750,2752.42900000,4669144.80553100
1781859600000,2026-06-19 09:00:00,1697.94000000,1699.82000000,1688.72000000,1689.20000000,5546.97360000,1781863199999,9387395.20245100,99120,2619.30680000,4432783.19134600
1781863200000,2026-06-19 10:00:00,1689.21000000,1694.67000000,1687.05000000,1692.61000000,5996.38390000,1781866799999,10132585.84002400,93881,2956.50860000,4996145.55910900
1781866800000,2026-06-19 11:00:00,1692.60000000,1694.24000000,1688.84000000,1691.74000000,3329.07390000,1781870399999,5632946.29595200,66330,1663.12330000,2814268.57060100
1781870400000,2026-06-19 12:00:00,1691.74000000,1696.12000000,1679.11000000,1695.36000000,9586.95100000,1781873999999,16178266.56762800,153335,4559.09860000,7697665.56366900
1781874000000,2026-06-19 13:00:00,1695.37000000,1711.59000000,1687.75000000,1703.47000000,11636.31770000,1781877599999,19781732.53669900,202225,7126.80310000,12117158.35473500
1781877600000,2026-06-19 14:00:00,1703.46000000,1709.98000000,1696.51000000,1706.97000000,8226.39520000,1781881199999,14017748.18476700,142190,4595.82870000,7831391.20843900
1781881200000,2026-06-19 15:00:00,1706.96000000,1712.06000000,1698.37000000,1707.86000000,9090.81570000,1781884799999,15500701.69573500,134982,4586.46780000,7822824.47367100
1781884800000,2026-06-19 16:00:00,1707.87000000,1711.76000000,1695.09000000,1696.80000000,7276.02520000,1781888399999,12407132.79224400,122864,3863.88970000,6591199.86418400
1781888400000,2026-06-19 17:00:00,1696.80000000,1706.25000000,1693.70000000,1704.85000000,7369.58480000,1781891999999,12528894.50964300,118544,4103.43250000,6975892.70607000
1781892000000,2026-06-19 18:00:00,1704.85000000,1705.45000000,1698.30000000,1702.70000000,3812.16930000,1781895599999,6491356.05840300,66088,2080.46740000,3543038.40602900
1781895600000,2026-06-19 19:00:00,1702.69000000,1704.61000000,1698.15000000,1701.20000000,3987.74580000,1781899199999,6784502.56662900,52091,1864.36700000,3171671.45467200
1781899200000,2026-06-19 20:00:00,1701.21000000,1709.37000000,1698.89000000,1708.96000000,3414.00820000,1781902799999,5818968.67686800,55121,1945.11330000,3315643.38367000
1781902800000,2026-06-19 21:00:00,1708.97000000,1708.97000000,1701.52000000,1702.03000000,2847.93890000,1781906399999,4856177.20141400,51187,1440.35390000,2456343.97378900
1781906400000,2026-06-19 22:00:00,1702.02000000,1710.38000000,1700.45000000,1707.61000000,4493.57100000,1781909999999,7668373.62294100,48942,2567.65250000,4382209.54915000
1781910000000,2026-06-19 23:00:00,1707.61000000,1715.00000000,1704.88000000,1711.19000000,3318.92300000,1781913599999,5674779.96638000,45529,1895.78990000,3241993.29067300
1781913600000,2026-06-20 00:00:00,1711.18000000,1718.00000000,1708.41000000,1708.80000000,6468.23010000,1781917199999,11073743.85580000,88822,3275.52440000,5608810.20004400
1781917200000,2026-06-20 01:00:00,1708.80000000,1713.36000000,1706.62000000,1709.89000000,2947.07580000,1781920799999,5038058.83487500,53780,1451.29430000,2481083.12509500
1781920800000,2026-06-20 02:00:00,1709.89000000,1710.52000000,1704.06000000,1704.85000000,3058.59580000,1781924399999,5219663.66647000,56549,1314.92260000,2244019.59540700
1781924400000,2026-06-20 03:00:00,1704.85000000,1709.33000000,1704.56000000,1708.17000000,2012.50220000,1781927999999,3435478.38230800,33636,952.43800000,1626093.89599900
1781928000000,2026-06-20 04:00:00,1708.18000000,1715.47000000,1706.51000000,1713.52000000,4256.56010000,1781931599999,7287996.55531000,51210,2427.22830000,4155379.34532400
1781931600000,2026-06-20 05:00:00,1713.52000000,1733.89000000,1712.25000000,1726.10000000,15425.56810000,1781935199999,26621359.23294800,141099,9449.64740000,16305679.74148900
1781935200000,2026-06-20 06:00:00,1726.11000000,1729.84000000,1723.98000000,1727.67000000,4389.74010000,1781938799999,7579622.65127300,59418,2668.35260000,4607704.05235600
1781938800000,2026-06-20 07:00:00,1727.66000000,1729.56000000,1723.05000000,1725.82000000,4567.47720000,1781942399999,7886750.71583700,44896,2567.18060000,4432862.79843500
1781942400000,2026-06-20 08:00:00,1725.81000000,1726.90000000,1721.25000000,1722.83000000,4169.44260000,1781945999999,7187464.55624700,46440,2173.12580000,3745925.08563900
1781946000000,2026-06-20 09:00:00,1722.83000000,1730.00000000,1722.83000000,1728.47000000,3920.34100000,1781949599999,6770562.14868600,52475,2374.78550000,4101113.24602800
1781949600000,2026-06-20 10:00:00,1728.46000000,1729.53000000,1725.26000000,1727.62000000,2117.89500000,1781953199999,3658189.35766200,35169,1009.77980000,1744222.19523400
1781953200000,2026-06-20 11:00:00,1727.63000000,1731.76000000,1725.84000000,1727.18000000,3102.37400000,1781956799999,5361988.91077800,33507,2102.17080000,3633579.56550800
1781956800000,2026-06-20 12:00:00,1727.18000000,1730.35000000,1723.61000000,1726.86000000,3168.53930000,1781960399999,5472635.77335200,49587,1473.52540000,2544991.40701000
1781960400000,2026-06-20 13:00:00,1726.86000000,1727.21000000,1712.81000000,1717.56000000,7508.83060000,1781963999999,12908144.94401700,105274,3200.72160000,5500806.98346600
1781964000000,2026-06-20 14:00:00,1717.56000000,1746.67000000,1708.11000000,1733.48000000,17301.39760000,1781967599999,29883906.47005300,235092,7861.69160000,13589281.40969300
1781967600000,2026-06-20 15:00:00,1733.49000000,1749.55000000,1729.44000000,1740.63000000,17584.99230000,1781971199999,30594681.06194100,194091,10355.05490000,18014372.77538400
1781971200000,2026-06-20 16:00:00,1740.63000000,1740.91000000,1730.90000000,1733.92000000,4672.24340000,1781974799999,8105391.67789900,93018,2260.92460000,3921512.53727400
1781974800000,2026-06-20 17:00:00,1733.92000000,1733.93000000,1721.03000000,1726.86000000,4887.24090000,1781978399999,8439621.87762900,99409,2290.85580000,3956044.14823700
1781978400000,2026-06-20 18:00:00,1726.87000000,1732.00000000,1726.00000000,1726.63000000,4045.85040000,1781981999999,6992677.65154700,46222,2664.03330000,4604606.80508700
1781982000000,2026-06-20 19:00:00,1726.62000000,1730.18000000,1725.24000000,1729.27000000,9864.41560000,1781985599999,17037248.87377300,55101,4339.54820000,7494800.56526400
1781985600000,2026-06-20 20:00:00,1729.27000000,1731.34000000,1726.53000000,1730.98000000,2561.06200000,1781989199999,4429783.36154500,35000,1217.11420000,2105292.77867500
1781989200000,2026-06-20 21:00:00,1730.98000000,1738.01000000,1730.38000000,1735.33000000,10038.60890000,1781992799999,17415319.72381300,65372,7225.96270000,12535478.61705100
1781992800000,2026-06-20 22:00:00,1735.33000000,1746.17000000,1732.96000000,1743.32000000,13257.52900000,1781996399999,23066115.81398800,116656,8504.05530000,14791582.09247600
1781996400000,2026-06-20 23:00:00,1743.32000000,1743.76000000,1740.52000000,1741.08000000,8465.30910000,1781999999999,14746252.95427500,50765,2281.45010000,3973959.48014000
1782000000000,2026-06-21 00:00:00,1741.08000000,1741.09000000,1736.19000000,1737.92000000,3498.05100000,1782003599999,6080734.96760900,45764,1782.19520000,3097333.09672800
1782003600000,2026-06-21 01:00:00,1737.92000000,1740.00000000,1734.50000000,1737.01000000,2282.04420000,1782007199999,3963359.31705900,39462,1167.14850000,2027078.88557100
1782007200000,2026-06-21 02:00:00,1737.00000000,1738.18000000,1735.66000000,1736.09000000,1633.64970000,1782010799999,2837485.39071900,30178,760.68030000,1321172.79399800
1782010800000,2026-06-21 03:00:00,1736.08000000,1741.45000000,1733.51000000,1737.87000000,4072.18390000,1782014399999,7074483.95192400,58932,1562.33110000,2715363.79466800
1782014400000,2026-06-21 04:00:00,1737.88000000,1741.41000000,1731.63000000,1732.85000000,3580.85940000,1782017999999,6217540.70855900,53599,1439.45060000,2499740.18466800
1782018000000,2026-06-21 05:00:00,1732.85000000,1736.27000000,1729.80000000,1733.47000000,3450.49940000,1782021599999,5979932.33427800,49000,1578.27240000,2735469.71677400
1782021600000,2026-06-21 06:00:00,1733.46000000,1738.66000000,1732.52000000,1736.14000000,8991.48450000,1782025199999,15594655.11240900,48476,7287.05420000,12637911.08001400
1782025200000,2026-06-21 07:00:00,1736.14000000,1736.44000000,1731.79000000,1732.36000000,3125.81220000,1782028799999,5420636.14275300,27253,1078.50040000,1870228.36711700
1782028800000,2026-06-21 08:00:00,1732.36000000,1733.22000000,1724.00000000,1729.10000000,4507.56800000,1782032399999,7790969.27670400,51280,1516.33920000,2620776.82323000
1782032400000,2026-06-21 09:00:00,1729.11000000,1734.37000000,1725.89000000,1732.78000000,3081.64770000,1782035999999,5332901.64096000,45914,1504.81540000,2604323.74167000
1782036000000,2026-06-21 10:00:00,1732.77000000,1737.02000000,1731.03000000,1731.38000000,3584.34820000,1782039599999,6214185.16708600,42717,1427.51010000,2474960.29310900
1782039600000,2026-06-21 11:00:00,1731.39000000,1734.81000000,1718.56000000,1725.36000000,8436.54160000,1782043199999,14563074.35699900,90458,3085.86420000,5324218.44621000
1782043200000,2026-06-21 12:00:00,1725.37000000,1726.93000000,1717.14000000,1726.00000000,8012.72320000,1782046799999,13797195.52531700,90302,3731.10870000,6424858.14865200
1782046800000,2026-06-21 13:00:00,1725.99000000,1728.14000000,1722.12000000,1725.15000000,3705.30060000,1782050399999,6393205.41284900,67021,2030.58620000,3504023.32443300
1782050400000,2026-06-21 14:00:00,1725.15000000,1728.46000000,1721.78000000,1728.44000000,3406.01890000,1782053999999,5871641.91552100,45323,1668.19100000,2876133.80741500
1782054000000,2026-06-21 15:00:00,1728.45000000,1732.57000000,1727.12000000,1730.72000000,3875.81920000,1782057599999,6707119.26521600,61289,1875.03310000,3244791.56842700
1782057600000,2026-06-21 16:00:00,1730.71000000,1730.71000000,1722.21000000,1728.15000000,5613.96790000,1782061199999,9697499.36030200,69390,2946.60520000,5090955.71602300
1782061200000,2026-06-21 17:00:00,1728.16000000,1731.54000000,1725.97000000,1727.36000000,4651.97460000,1782064799999,8040194.84888600,42560,2405.42490000,4157818.44584300
1782064800000,2026-06-21 18:00:00,1727.37000000,1737.81000000,1721.67000000,1735.39000000,7082.16540000,1782068399999,12269300.66675800,97607,3772.59400000,6535941.71192000
1782068400000,2026-06-21 19:00:00,1735.40000000,1739.32000000,1733.59000000,1734.14000000,2837.26960000,1782071999999,4925614.28782300,50890,1552.50840000,2695406.05551900
1782072000000,2026-06-21 20:00:00,1734.14000000,1735.34000000,1717.30000000,1721.30000000,5585.80710000,1782075599999,9633688.28069900,83545,2003.73130000,3456175.88813500
1782075600000,2026-06-21 21:00:00,1721.32000000,1724.19000000,1702.00000000,1718.60000000,13883.61980000,1782079199999,23784274.20061700,171722,6572.63300000,11260064.68077400
1782079200000,2026-06-21 22:00:00,1718.59000000,1721.38000000,1708.57000000,1717.65000000,6845.10930000,1782082799999,11741204.19330600,132215,3585.13660000,6150315.24163000
1782082800000,2026-06-21 23:00:00,1717.64000000,1717.64000000,1704.25000000,1706.94000000,8018.00350000,1782086399999,13708688.73217200,163702,3812.09410000,6517317.82054800
1782086400000,2026-06-22 00:00:00,1706.94000000,1732.20000000,1706.94000000,1726.95000000,10130.38050000,1782089999999,17437982.17941100,200186,5895.57360000,10147280.25992600
1782090000000,2026-06-22 01:00:00,1726.95000000,1759.84000000,1724.56000000,1743.82000000,22702.97130000,1782093599999,39584462.23075200,298475,12263.56010000,21393979.16180000
1782093600000,2026-06-22 02:00:00,1743.83000000,1745.28000000,1737.28000000,1737.28000000,6300.05910000,1782097199999,10968981.66085300,124365,3122.39190000,5437247.13239600
1782097200000,2026-06-22 03:00:00,1737.27000000,1740.98000000,1726.54000000,1730.00000000,9112.57990000,1782100799999,15799170.47504800,136645,4405.13230000,7640979.43644600
1782100800000,2026-06-22 04:00:00,1730.00000000,1735.96000000,1727.69000000,1735.31000000,6465.28010000,1782104399999,11204224.58477400,85084,3711.00570000,6431177.07705100
1782104400000,2026-06-22 05:00:00,1735.30000000,1739.83000000,1734.20000000,1736.85000000,5508.66240000,1782107999999,9569461.53223500,77339,3102.66060000,5389880.64044800
1782108000000,2026-06-22 06:00:00,1736.85000000,1740.21000000,1733.21000000,1735.06000000,6815.16640000,1782111599999,11833287.82619600,67423,3402.77050000,5908639.11487600
1782111600000,2026-06-22 07:00:00,1735.07000000,1751.58000000,1734.76000000,1746.34000000,12767.32670000,1782115199999,22284057.28884800,97472,6158.18920000,10749076.64841800
1782115200000,2026-06-22 08:00:00,1746.34000000,1752.23000000,1743.56000000,1747.79000000,6440.11790000,1782118799999,11255902.61542200,94623,3346.23860000,5848925.18208400
1782118800000,2026-06-22 09:00:00,1747.80000000,1750.38000000,1743.75000000,1746.20000000,7565.42430000,1782122399999,13219745.39141900,72225,2669.37920000,4664272.59397100
1782122400000,2026-06-22 10:00:00,1746.19000000,1751.58000000,1745.23000000,1748.81000000,3656.44250000,1782125999999,6394832.65675100,56979,1925.31400000,3367321.23285300
1782126000000,2026-06-22 11:00:00,1748.81000000,1774.70000000,1747.48000000,1767.68000000,22291.96650000,1782129599999,39257501.96963100,200411,12280.95390000,21622722.48434900
1782129600000,2026-06-22 12:00:00,1767.68000000,1772.00000000,1761.29000000,1764.00000000,13529.96720000,1782133199999,23892091.39417600,155915,7207.12710000,12727823.62013100
1782133200000,2026-06-22 13:00:00,1764.00000000,1779.90000000,1762.06000000,1777.51000000,20616.35900000,1782136799999,36529613.17139100,230460,10976.68000000,19452458.08689900
1782136800000,2026-06-22 14:00:00,1777.52000000,1778.00000000,1749.85000000,1754.61000000,17137.59040000,1782140399999,30172868.16280200,248815,7640.27790000,13450554.57048400
1782140400000,2026-06-22 15:00:00,1754.62000000,1758.06000000,1742.41000000,1744.74000000,13111.68860000,1782143999999,22968301.81006100,192411,5054.71970000,8855478.15546200
1782144000000,2026-06-22 16:00:00,1744.75000000,1746.29000000,1733.71000000,1740.10000000,17031.01080000,1782147599999,29628296.56674500,200778,7867.15560000,13686017.01534100
1782147600000,2026-06-22 17:00:00,1740.10000000,1743.12000000,1731.32000000,1740.93000000,9084.94340000,1782151199999,15779884.23167800,115330,5401.00210000,9380595.72297300
1782151200000,2026-06-22 18:00:00,1740.92000000,1747.70000000,1729.42000000,1733.51000000,12571.19350000,1782154799999,21854992.77098100,120938,5391.79850000,9372556.63062400
1782154800000,2026-06-22 19:00:00,1733.51000000,1736.82000000,1729.15000000,1734.59000000,10968.99430000,1782158399999,19008158.89073600,124652,5129.48940000,8888899.60919300
1782158400000,2026-06-22 20:00:00,1734.59000000,1740.07000000,1731.14000000,1734.61000000,5535.29970000,1782161999999,9606203.29742300,68106,3039.93390000,5276043.72327100
1782162000000,2026-06-22 21:00:00,1734.61000000,1737.53000000,1726.83000000,1732.74000000,5705.29220000,1782165599999,9884344.41920700,78839,3255.73080000,5640593.32276400
1782165600000,2026-06-22 22:00:00,1732.74000000,1735.93000000,1717.02000000,1724.15000000,11341.67320000,1782169199999,19549191.31884100,164426,5169.09540000,8911443.33030800
1782169200000,2026-06-22 23:00:00,1724.16000000,1730.60000000,1721.38000000,1728.19000000,6266.79210000,1782172799999,10817362.34387800,91146,3636.85620000,6277861.99323600
1782172800000,2026-06-23 00:00:00,1728.19000000,1731.74000000,1719.75000000,1731.27000000,5627.00990000,1782176399999,9712868.07877300,109838,2956.94630000,5105891.37702800
1782176400000,2026-06-23 01:00:00,1731.26000000,1736.25000000,1721.22000000,1730.61000000,5962.02360000,1782179999999,10311293.35905000,117194,3414.95190000,5907568.66270800
1782180000000,2026-06-23 02:00:00,1730.61000000,1735.04000000,1726.36000000,1732.65000000,3137.14250000,1782183599999,5432562.81924000,79368,1851.98700000,3207846.67541500
1782183600000,2026-06-23 03:00:00,1732.65000000,1733.11000000,1725.98000000,1729.90000000,4003.49960000,1782187199999,6920648.24472900,63764,1838.81250000,3178873.59182400
1782187200000,2026-06-23 04:00:00,1729.91000000,1731.25000000,1717.75000000,1719.07000000,5982.79410000,1782190799999,10314170.35826000,79456,1953.28300000,3367262.92430100
1782190800000,2026-06-23 05:00:00,1719.07000000,1721.38000000,1710.50000000,1713.44000000,9724.82990000,1782194399999,16680591.03317600,157876,4375.28340000,7505920.40249900
1782194400000,2026-06-23 06:00:00,1713.51000000,1713.70000000,1680.52000000,1692.29000000,25365.44130000,1782197999999,42959622.80273700,304222,11157.40310000,18883133.18590100
1782198000000,2026-06-23 07:00:00,1692.30000000,1696.47000000,1682.34000000,1683.01000000,10843.58500000,1782201599999,18328852.74573500,127090,5979.07600000,10107731.31979100
1782201600000,2026-06-23 08:00:00,1683.02000000,1684.80000000,1635.65000000,1648.48000000,45421.57850000,1782205199999,75231015.10722300,445780,22042.36970000,36481311.62796400
1782205200000,2026-06-23 09:00:00,1648.47000000,1654.39000000,1648.15000000,1650.97000000,9665.83990000,1782208799999,15963634.26729800,100464,3729.73310000,6159599.40360900
1782208800000,2026-06-23 10:00:00,1650.97000000,1658.91000000,1649.37000000,1652.65000000,7703.62160000,1782212399999,12742028.05806500,101588,3637.35960000,6017018.57212400
1782212400000,2026-06-23 11:00:00,1652.65000000,1663.90000000,1652.65000000,1660.90000000,8465.12000000,1782215999999,14046778.01220500,100270,4917.39870000,8158685.21272000
1782216000000,2026-06-23 12:00:00,1660.90000000,1662.59000000,1653.60000000,1654.53000000,8770.32730000,1782219599999,14537900.52859900,117010,3619.19390000,5999714.68575300
1782219600000,2026-06-23 13:00:00,1654.54000000,1664.13000000,1645.52000000,1662.83000000,18188.63960000,1782223199999,30083812.08373700,293756,7760.92200000,12843397.20828900
1782223200000,2026-06-23 14:00:00,1662.82000000,1672.00000000,1658.04000000,1662.10000000,11900.43810000,1782226799999,19808136.87935100,262968,6037.78350000,10050535.70277600
1782226800000,2026-06-23 15:00:00,1662.10000000,1663.39000000,1651.39000000,1659.78000000,9981.54950000,1782230399999,16534937.64612200,161564,4807.36290000,7964410.82555900
1782230400000,2026-06-23 16:00:00,1659.78000000,1673.89000000,1656.99000000,1659.35000000,16753.28700000,1782233999999,27882412.39785600,154903,8766.92200000,14590271.49226100
1782234000000,2026-06-23 17:00:00,1659.34000000,1664.87000000,1654.67000000,1656.85000000,5433.17620000,1782237599999,9015194.02348400,105920,2699.50320000,4479107.85986200
1782237600000,2026-06-23 18:00:00,1656.86000000,1660.64000000,1650.00000000,1655.53000000,9237.57860000,1782241199999,15293802.98548000,118813,5068.29060000,8393065.08707100
1782241200000,2026-06-23 19:00:00,1655.53000000,1663.97000000,1655.47000000,1662.58000000,7258.07500000,1782244799999,12048293.59948800,124349,3721.06790000,6176807.07345900
1782244800000,2026-06-23 20:00:00,1662.57000000,1667.64000000,1661.42000000,1664.13000000,5425.23130000,1782248399999,9029075.19232500,75904,3014.46980000,5017208.78326000
1782248400000,2026-06-23 21:00:00,1664.12000000,1668.37000000,1663.52000000,1666.75000000,3885.27370000,1782251999999,6473660.76234900,62024,2135.27120000,3557713.11712700
1782252000000,2026-06-23 22:00:00,1666.74000000,1672.92000000,1663.00000000,1664.67000000,4377.06300000,1782255599999,7298017.73974800,68780,2400.85410000,4003433.58283100
1782255600000,2026-06-23 23:00:00,1664.67000000,1669.55000000,1660.27000000,1667.13000000,5148.88680000,1782259199999,8567779.31893600,82378,2747.28440000,4571757.99249600
1782259200000,2026-06-24 00:00:00,1667.13000000,1674.72000000,1666.75000000,1671.37000000,4670.74780000,1782262799999,7802184.90904400,127052,2448.29060000,4089894.42019600
1782262800000,2026-06-24 01:00:00,1671.37000000,1680.46000000,1666.12000000,1672.71000000,6893.08070000,1782266399999,11536959.42167300,141873,3687.37620000,6173042.35500800
1782266400000,2026-06-24 02:00:00,1672.71000000,1673.62000000,1663.53000000,1664.03000000,4564.50590000,1782269999999,7612749.89046200,98631,2104.89380000,3510683.56556400
1782270000000,2026-06-24 03:00:00,1664.03000000,1670.09000000,1658.18000000,1666.67000000,6262.17000000,1782273599999,10420911.50523700,58133,3053.35260000,5081961.69990800
1782273600000,2026-06-24 04:00:00,1666.67000000,1671.01000000,1658.22000000,1669.00000000,6413.20870000,1782277199999,10679701.83038100,52435,2614.01130000,4353336.62175300
1782277200000,2026-06-24 05:00:00,1669.00000000,1679.57000000,1667.80000000,1674.48000000,6618.85950000,1782280799999,11083008.86267500,46833,3657.15550000,6122801.40671100
1782280800000,2026-06-24 06:00:00,1674.48000000,1677.00000000,1670.54000000,1674.89000000,5038.46810000,1782284399999,8437786.69085700,44041,2588.22600000,4334969.70044200
1782284400000,2026-06-24 07:00:00,1674.89000000,1678.53000000,1670.94000000,1673.12000000,6333.96310000,1782287999999,10602410.52625600,92098,3335.78870000,5583936.93921700
1782288000000,2026-06-24 08:00:00,1673.13000000,1675.20000000,1669.23000000,1673.28000000,5571.62040000,1782291599999,9319037.20159900,70359,3317.15730000,5548416.91381800
1782291600000,2026-06-24 09:00:00,1673.28000000,1673.38000000,1665.29000000,1667.15000000,6153.86320000,1782295199999,10267309.92312400,82763,3245.22280000,5413849.67702900
1782295200000,2026-06-24 10:00:00,1667.14000000,1668.00000000,1662.88000000,1663.69000000,7390.63950000,1782298799999,12310679.37205700,100311,4321.85970000,7199137.40436000
1782298800000,2026-06-24 11:00:00,1663.68000000,1693.67000000,1655.76000000,1679.57000000,14579.93120000,1782302399999,24386813.15068000,196962,7886.42140000,13194742.81755500
1782302400000,2026-06-24 12:00:00,1679.57000000,1681.29000000,1670.52000000,1671.53000000,8195.69480000,1782305999999,13742797.52949300,144530,4005.35140000,6717711.14280600
1782306000000,2026-06-24 13:00:00,1671.53000000,1672.17000000,1641.44000000,1645.43000000,27387.75470000,1782309599999,45259783.65102300,511529,13117.73400000,21674417.66046300
1782309600000,2026-06-24 14:00:00,1645.42000000,1657.40000000,1638.14000000,1647.26000000,23273.28980000,1782313199999,38333094.30540600,397358,11379.47200000,18747491.78806400
1782313200000,2026-06-24 15:00:00,1647.27000000,1651.24000000,1616.80000000,1618.08000000,29543.95690000,1782316799999,48219204.54698700,429657,11936.38870000,19484808.27394600
1782316800000,2026-06-24 16:00:00,1618.08000000,1636.08000000,1585.20000000,1589.87000000,48596.78810000,1782320399999,78254187.83027000,539206,22971.32360000,37010266.94831200
1782320400000,2026-06-24 17:00:00,1589.86000000,1597.83000000,1552.95000000,1560.66000000,44350.58320000,1782323999999,69808503.64853400,694121,20049.07140000,31561347.85079400
1782324000000,2026-06-24 18:00:00,1560.66000000,1585.11000000,1556.86000000,1572.26000000,27727.02150000,1782327599999,43596798.46903600,412201,14079.68830000,22140262.59981000
1782327600000,2026-06-24 19:00:00,1572.27000000,1585.39000000,1567.12000000,1584.58000000,14632.35020000,1782331199999,23069890.18036200,232394,8906.56940000,14045934.18604500
1782331200000,2026-06-24 20:00:00,1584.59000000,1622.12000000,1580.00000000,1613.63000000,23963.58710000,1782334799999,38537884.74424400,399980,13697.61110000,22023502.51343200
1782334800000,2026-06-24 21:00:00,1613.63000000,1621.81000000,1606.09000000,1621.37000000,10321.27570000,1782338399999,16654218.72628200,141364,6017.20620000,9710919.57697900
1782338400000,2026-06-24 22:00:00,1621.37000000,1629.82000000,1613.65000000,1615.46000000,11234.91870000,1782341999999,18200425.96446000,144983,5296.77250000,8583017.84037700
1782342000000,2026-06-24 23:00:00,1615.45000000,1623.46000000,1613.75000000,1622.17000000,6010.06150000,1782345599999,9729965.06500300,95285,3475.29510000,5626402.30659400
1782345600000,2026-06-25 00:00:00,1622.18000000,1626.51000000,1616.56000000,1619.12000000,10082.82770000,1782349199999,16343599.41534200,141681,5030.74570000,8154311.71059800
1782349200000,2026-06-25 01:00:00,1619.12000000,1624.24000000,1614.69000000,1620.72000000,5059.82550000,1782352799999,8194012.82372600,109141,2508.00680000,4061852.06660400
1782352800000,2026-06-25 02:00:00,1620.73000000,1621.47000000,1615.04000000,1621.00000000,3603.67970000,1782356399999,5832603.97560100,76255,1875.70600000,3036024.34405900
1782356400000,2026-06-25 03:00:00,1621.01000000,1624.12000000,1616.23000000,1619.60000000,5190.76250000,1782359999999,8407364.21253300,82614,2266.11250000,3670529.15854900
1782360000000,2026-06-25 04:00:00,1619.61000000,1636.52000000,1617.12000000,1635.03000000,10616.03130000,1782363599999,17267857.60380500,117483,6259.40470000,10184611.81282400
1782363600000,2026-06-25 05:00:00,1635.04000000,1652.23000000,1633.58000000,1645.89000000,29374.74630000,1782367199999,48336952.15208800,226731,17447.00960000,28707066.37244300
1782367200000,2026-06-25 06:00:00,1645.89000000,1660.54000000,1644.15000000,1653.95000000,13089.77780000,1782370799999,21616653.58787000,135861,8186.26780000,13518878.98126500
1782370800000,2026-06-25 07:00:00,1653.95000000,1659.89000000,1651.22000000,1657.19000000,10508.24790000,1782374399999,17394718.63008000,118583,5818.30980000,9631499.86935800
1782374400000,2026-06-25 08:00:00,1657.20000000,1658.98000000,1651.03000000,1652.92000000,5137.72570000,1782377999999,8495559.05366600,71450,2427.80020000,4014338.83711100
1782378000000,2026-06-25 09:00:00,1652.93000000,1655.41000000,1646.62000000,1648.88000000,5291.91710000,1782381599999,8731909.07911100,64493,2916.49480000,4813081.78078600
1782381600000,2026-06-25 10:00:00,1648.89000000,1649.83000000,1633.60000000,1636.58000000,12280.27740000,1782385199999,20159810.13888100,97898,6522.94880000,10711530.89135100
1782385200000,2026-06-25 11:00:00,1636.58000000,1639.17000000,1628.05000000,1633.27000000,21315.38000000,1782388799999,34789632.19778100,182482,13413.39530000,21892852.12214600
1782388800000,2026-06-25 12:00:00,1633.28000000,1650.38000000,1624.71000000,1635.81000000,14082.14110000,1782392399999,23049970.48229300,134433,6998.42490000,11452798.66695200
1782392400000,2026-06-25 13:00:00,1635.82000000,1640.98000000,1532.90000000,1538.15000000,69978.66100000,1782395999999,110126262.38279000,603953,31572.74830000,49674977.20816200
1782396000000,2026-06-25 14:00:00,1538.15000000,1593.07000000,1538.15000000,1568.37000000,74239.25850000,1782399599999,116265526.44435700,793058,39541.20660000,61937832.95566500
1782399600000,2026-06-25 15:00:00,1568.37000000,1573.55000000,1544.68000000,1570.01000000,40193.96890000,1782403199999,62716373.45756200,349757,21219.88060000,33119135.16848000
1782403200000,2026-06-25 16:00:00,1570.01000000,1587.70000000,1558.17000000,1562.04000000,27455.60570000,1782406799999,43189238.43777100,245000,16353.42160000,25735463.93893300
1782406800000,2026-06-25 17:00:00,1562.04000000,1575.43000000,1557.56000000,1574.92000000,16173.20730000,1782410399999,25377763.04131600,197128,9191.48700000,14423608.54013200
1782410400000,2026-06-25 18:00:00,1574.92000000,1577.49000000,1560.00000000,1567.56000000,15081.15500000,1782413999999,23657584.11251900,152109,8456.42040000,13266289.24917100
1782414000000,2026-06-25 19:00:00,1567.56000000,1567.83000000,1554.60000000,1559.42000000,11610.44840000,1782417599999,18109434.28557600,119693,5546.10600000,8649800.05474900
1782417600000,2026-06-25 20:00:00,1559.41000000,1570.74000000,1556.73000000,1560.33000000,9081.72740000,1782421199999,14203307.62696000,91234,5113.88750000,7996229.97693200
1782421200000,2026-06-25 21:00:00,1560.33000000,1583.09000000,1560.14000000,1580.77000000,11363.35880000,1782424799999,17855485.97891000,122961,6789.32670000,10665025.63751800
1782424800000,2026-06-25 22:00:00,1580.76000000,1583.65000000,1566.62000000,1570.30000000,10594.80860000,1782428399999,16660815.73633500,129542,5673.28290000,8921667.62147200
1782428400000,2026-06-25 23:00:00,1570.29000000,1579.82000000,1564.57000000,1567.84000000,9265.46540000,1782431999999,14582523.69402100,91040,5118.63410000,8057586.12705200
1782432000000,2026-06-26 00:00:00,1567.86000000,1571.78000000,1563.69000000,1564.72000000,4929.46350000,1782435599999,7732219.97370400,102203,2445.93180000,3837162.15084900
1782435600000,2026-06-26 01:00:00,1564.73000000,1568.65000000,1555.33000000,1560.13000000,7050.36910000,1782439199999,11002931.76497300,120243,2955.44560000,4612567.28259600
1782439200000,2026-06-26 02:00:00,1560.13000000,1560.94000000,1520.00000000,1524.70000000,35180.37390000,1782442799999,53920183.49041700,350291,15735.00810000,24108573.45586400
1782442800000,2026-06-26 03:00:00,1524.70000000,1563.65000000,1512.00000000,1557.93000000,36405.79420000,1782446399999,55833164.78089000,311444,19035.75600000,29240145.08181000
1782446400000,2026-06-26 04:00:00,1557.93000000,1560.70000000,1547.41000000,1549.79000000,8921.68470000,1782449999999,13860407.05877200,125804,4776.78690000,7423167.04383900
1782450000000,2026-06-26 05:00:00,1549.80000000,1559.22000000,1548.40000000,1555.69000000,11399.79600000,1782453599999,17717694.47313900,88504,6058.17810000,9413655.36474600
1782453600000,2026-06-26 06:00:00,1555.68000000,1574.02000000,1543.43000000,1570.99000000,15077.44820000,1782457199999,23491105.69002900,142793,7245.93410000,11294088.23649300
1782457200000,2026-06-26 07:00:00,1571.00000000,1586.50000000,1570.65000000,1581.12000000,33337.55740000,1782460799999,52696883.07856200,164019,20980.85120000,33161224.91530400
1782460800000,2026-06-26 08:00:00,1581.12000000,1582.43000000,1563.55000000,1566.43000000,27853.25570000,1782464399999,43777939.32111000,159295,13798.31390000,21692475.54158700
1782464400000,2026-06-26 09:00:00,1566.44000000,1567.28000000,1549.33000000,1552.99000000,16726.18380000,1782467999999,26098137.09405700,180031,7169.80140000,11189232.40403300
1782468000000,2026-06-26 10:00:00,1552.99000000,1556.15000000,1545.00000000,1548.37000000,10405.97140000,1782471599999,16139792.50657400,124521,5233.47920000,8116871.27161300
1782471600000,2026-06-26 11:00:00,1548.36000000,1555.20000000,1541.01000000,1545.14000000,15853.29160000,1782475199999,24540006.38568000,163091,6026.53840000,9329446.28511900
1782475200000,2026-06-26 12:00:00,1545.15000000,1560.61000000,1527.81000000,1536.28000000,20616.55010000,1782478799999,31781848.69511700,276002,10714.00510000,16516236.97503800
1782478800000,2026-06-26 13:00:00,1536.29000000,1571.40000000,1521.54000000,1569.40000000,35433.13840000,1782482399999,54726559.14536000,315613,19166.32700000,29608820.35898700
1782482400000,2026-06-26 14:00:00,1569.40000000,1575.36000000,1553.66000000,1559.98000000,33128.11140000,1782485999999,51815499.48589600,353398,17557.14810000,27462827.55319300
1782486000000,2026-06-26 15:00:00,1559.98000000,1588.23000000,1559.56000000,1580.14000000,30928.05750000,1782489599999,48810366.69097300,288175,16380.17170000,25841535.55113700
1782489600000,2026-06-26 16:00:00,1580.13000000,1594.70000000,1572.44000000,1577.84000000,19277.14590000,1782493199999,30502898.49313000,186783,10235.67300000,16199138.00223900
1782493200000,2026-06-26 17:00:00,1577.83000000,1589.03000000,1576.59000000,1581.92000000,14613.13950000,1782496799999,23146163.17290100,127260,8030.58510000,12719817.10082100
1782496800000,2026-06-26 18:00:00,1581.91000000,1585.51000000,1570.32000000,1573.34000000,9649.54200000,1782500399999,15219034.56884500,97202,5001.18530000,7886445.84238800
1782500400000,2026-06-26 19:00:00,1573.35000000,1584.20000000,1570.50000000,1574.51000000,10709.88940000,1782503999999,16909320.86501300,109728,5419.54380000,8554830.62519700
1782504000000,2026-06-26 20:00:00,1574.51000000,1583.40000000,1568.00000000,1571.03000000,12801.70660000,1782507599999,20149949.64744300,107073,7345.25560000,11563064.05914800
1782507600000,2026-06-26 21:00:00,1571.02000000,1579.40000000,1568.43000000,1575.18000000,5129.51890000,1782511199999,8073385.09906100,46022,3043.09970000,4789338.37666300
1782511200000,2026-06-26 22:00:00,1575.17000000,1579.45000000,1569.44000000,1577.95000000,4444.57290000,1782514799999,6997929.30743500,43482,2393.85010000,3769573.38960900
1782514800000,2026-06-26 23:00:00,1577.94000000,1580.76000000,1574.44000000,1578.68000000,3818.87720000,1782518399999,6026653.06149100,27605,2385.40030000,3764701.01893200
1782518400000,2026-06-27 00:00:00,1578.68000000,1582.07000000,1571.55000000,1576.82000000,3878.24380000,1782521999999,6113073.30843800,44994,1791.62130000,2824772.09801200
1782522000000,2026-06-27 01:00:00,1576.83000000,1577.70000000,1574.00000000,1576.01000000,1579.79640000,1782525599999,2489634.04565400,33257,810.08640000,1276727.47698600
1782525600000,2026-06-27 02:00:00,1576.00000000,1587.17000000,1574.64000000,1583.13000000,5372.92760000,1782529199999,8506992.83120800,71791,3396.66380000,5377303.98496000
1782529200000,2026-06-27 03:00:00,1583.13000000,1585.09000000,1578.41000000,1580.62000000,8297.57490000,1782532799999,13122287.66567700,54522,2311.93990000,3655874.23542600
1782532800000,2026-06-27 04:00:00,1580.62000000,1585.22000000,1579.00000000,1579.48000000,3722.08110000,1782536399999,5890313.95784600,39256,1634.18090000,2586625.12013100
1782536400000,2026-06-27 05:00:00,1579.48000000,1581.12000000,1577.00000000,1578.65000000,4219.36900000,1782539999999,6663587.31897100,30181,1587.29670000,2506813.78603900
1782540000000,2026-06-27 06:00:00,1578.66000000,1584.61000000,1575.20000000,1582.71000000,3621.24670000,1782543599999,5722785.84721900,32595,1917.34970000,3030759.33178800
1782543600000,2026-06-27 07:00:00,1582.71000000,1586.38000000,1580.39000000,1585.71000000,3657.58860000,1782547199999,5791102.90338500,36508,1976.59150000,3129722.44171100
1782547200000,2026-06-27 08:00:00,1585.72000000,1585.95000000,1582.05000000,1584.18000000,5115.61150000,1782550799999,8102064.51789700,43737,1857.04810000,2940899.93544600
1782550800000,2026-06-27 09:00:00,1584.18000000,1584.91000000,1579.39000000,1582.93000000,3278.63790000,1782554399999,5186230.79328100,36439,1289.48510000,2039865.22216600
1782554400000,2026-06-27 10:00:00,1582.93000000,1584.97000000,1582.18000000,1584.31000000,2292.32540000,1782557999999,3630344.14859500,20654,1268.24060000,2008581.25662600
1782558000000,2026-06-27 11:00:00,1584.31000000,1585.12000000,1579.00000000,1584.00000000,2769.01680000,1782561599999,4380765.25665200,25031,1556.56030000,2462561.37954800
1782561600000,2026-06-27 12:00:00,1584.00000000,1586.49000000,1581.42000000,1585.95000000,3471.42360000,1782565199999,5498753.06353700,25937,2156.84580000,3416796.88570100
1782565200000,2026-06-27 13:00:00,1585.95000000,1593.23000000,1584.98000000,1592.30000000,8300.54950000,1782568799999,13186144.61347800,74114,5341.64810000,8484877.33058700
1782568800000,2026-06-27 14:00:00,1592.31000000,1598.88000000,1589.49000000,1594.68000000,7439.29540000,1782572399999,11861726.53504000,82371,4366.62420000,6962663.84762700
1782572400000,2026-06-27 15:00:00,1594.68000000,1611.02000000,1594.09000000,1605.68000000,14977.09370000,1782575999999,24027135.08083000,101056,9681.68730000,15529888.92032000
1782576000000,2026-06-27 16:00:00,1605.68000000,1607.92000000,1601.70000000,1606.97000000,4657.14130000,1782579599999,7472609.00664300,63897,2315.74440000,3716010.94908200
1782579600000,2026-06-27 17:00:00,1606.98000000,1607.10000000,1588.60000000,1591.42000000,10759.71530000,1782583199999,17155505.40807900,87328,4657.78070000,7425794.26724600
1782583200000,2026-06-27 18:00:00,1591.42000000,1594.70000000,1589.20000000,1593.92000000,2775.85770000,1782586799999,4419335.15737100,48362,1251.59010000,1992918.72227400
1782586800000,2026-06-27 19:00:00,1593.91000000,1595.25000000,1573.36000000,1578.51000000,11430.89180000,1782590399999,18060519.36137100,108565,6146.66450000,9706957.00502000
1782590400000,2026-06-27 20:00:00,1578.51000000,1583.24000000,1578.48000000,1581.48000000,2379.69340000,1782593999999,3762895.76568700,26294,1295.05330000,2047728.49958100
1782594000000,2026-06-27 21:00:00,1581.48000000,1585.69000000,1573.93000000,1575.38000000,5770.04740000,1782597599999,9117952.33459800,39498,3203.09910000,5063039.86146300
1782597600000,2026-06-27 22:00:00,1575.38000000,1579.56000000,1562.86000000,1578.98000000,7609.19670000,1782601199999,11961164.85258200,88917,3622.13240000,5693312.89539900
1782601200000,2026-06-27 23:00:00,1578.98000000,1581.58000000,1570.55000000,1573.99000000,4217.03430000,1782604799999,6644715.87869100,66520,1950.25150000,3073994.76264300
1782604800000,2026-06-28 00:00:00,1574.00000000,1578.08000000,1572.71000000,1574.75000000,2955.01910000,1782608399999,4655738.34357100,31312,1257.93520000,1981996.92812900
1782608400000,2026-06-28 01:00:00,1574.74000000,1576.95000000,1570.00000000,1575.11000000,3504.18950000,1782611999999,5515996.78518200,31449,1558.02140000,2451804.19648100
1782612000000,2026-06-28 02:00:00,1575.11000000,1580.05000000,1569.07000000,1572.00000000,4027.30510000,1782615599999,6339079.37752900,50084,1566.88460000,2467242.22546100
1782615600000,2026-06-28 03:00:00,1572.01000000,1576.11000000,1572.01000000,1575.08000000,1672.75400000,1782619199999,2633274.87949300,28751,761.67520000,1199058.63638200
1782619200000,2026-06-28 04:00:00,1575.08000000,1577.34000000,1570.64000000,1574.32000000,3089.36360000,1782622799999,4864161.61092900,41056,1566.82440000,2466616.09208400
1782622800000,2026-06-28 05:00:00,1574.32000000,1574.33000000,1564.33000000,1569.17000000,6581.55220000,1782626399999,10322598.37572500,84188,2895.08990000,4540689.75933200
1782626400000,2026-06-28 06:00:00,1569.18000000,1570.65000000,1562.41000000,1567.84000000,5839.15720000,1782629999999,9147895.07442200,72967,3355.23070000,5256600.62291000
1782630000000,2026-06-28 07:00:00,1567.85000000,1577.13000000,1567.84000000,1575.96000000,5527.18520000,1782633599999,8694687.81668600,46043,4084.71870000,6424790.43805800
1782633600000,2026-06-28 08:00:00,1575.96000000,1585.32000000,1573.75000000,1581.58000000,8339.70960000,1782637199999,13180926.35396500,70481,4375.07320000,6917067.99906500
1782637200000,2026-06-28 09:00:00,1581.58000000,1586.35000000,1578.37000000,1579.09000000,6148.27540000,1782640799999,9726242.94060700,50064,3613.83600000,5717422.81409700
1782640800000,2026-06-28 10:00:00,1579.08000000,1581.42000000,1572.23000000,1577.16000000,5257.72190000,1782644399999,8290294.90481300,35607,1968.07490000,3103964.24938600
1782644400000,2026-06-28 11:00:00,1577.16000000,1584.00000000,1575.90000000,1582.87000000,4122.22340000,1782647999999,6515638.89290700,39752,1990.05270000,3145311.82736000
1782648000000,2026-06-28 12:00:00,1582.86000000,1588.82000000,1578.21000000,1583.56000000,8975.49820000,1782651599999,14203474.26638200,70298,5133.13670000,8124345.83067500
1782651600000,2026-06-28 13:00:00,1583.56000000,1583.85000000,1575.04000000,1579.68000000,4303.25260000,1782655199999,6798912.73157600,52976,2072.62220000,3274825.91207900
1782655200000,2026-06-28 14:00:00,1579.68000000,1586.36000000,1577.92000000,1581.56000000,4893.54910000,1782658799999,7744239.13950100,58961,2651.37300000,4196647.61519100
1782658800000,2026-06-28 15:00:00,1581.55000000,1585.36000000,1577.20000000,1580.89000000,5502.25540000,1782662399999,8701478.17512900,61003,2287.90370000,3618313.79083400
1782662400000,2026-06-28 16:00:00,1580.90000000,1581.94000000,1566.62000000,1572.85000000,9393.46850000,1782665999999,14774481.81934500,102552,4569.37900000,7191048.35120300
1782666000000,2026-06-28 17:00:00,1572.84000000,1577.36000000,1563.53000000,1572.35000000,6830.07240000,1782669599999,10720563.11263300,76312,3733.67550000,5862565.46652100
1782669600000,2026-06-28 18:00:00,1572.34000000,1575.15000000,1569.08000000,1571.78000000,3637.05340000,1782673199999,5717451.42424000,38487,1803.43980000,2834873.55736100
1782673200000,2026-06-28 19:00:00,1571.79000000,1574.55000000,1556.81000000,1564.62000000,6915.10440000,1782676799999,10816457.18120600,59355,2791.03310000,4365269.87177300
1782676800000,2026-06-28 20:00:00,1564.61000000,1576.42000000,1564.30000000,1573.20000000,4705.05870000,1782680399999,7393128.97646400,65604,2712.96340000,4261102.90475300
1782680400000,2026-06-28 21:00:00,1573.20000000,1573.87000000,1559.21000000,1563.62000000,4084.21400000,1782683999999,6400653.88074300,46124,1743.00710000,2731487.71259700
1782684000000,2026-06-28 22:00:00,1563.63000000,1582.29000000,1548.37000000,1557.09000000,15493.94960000,1782687599999,24232808.60506000,192279,6804.64890000,10645756.32154100
1782687600000,2026-06-28 23:00:00,1557.08000000,1580.10000000,1555.35000000,1571.96000000,8383.20920000,1782691199999,13154448.85479600,100923,4764.39630000,7474788.17943800
1782691200000,2026-06-29 00:00:00,1571.96000000,1574.69000000,1552.21000000,1573.53000000,9360.72040000,1782694799999,14630040.81905100,181745,4187.37090000,6547271.28055900
1782694800000,2026-06-29 01:00:00,1573.53000000,1574.28000000,1560.19000000,1568.70000000,5801.24280000,1782698399999,9096889.58404200,117933,2898.12160000,4544314.75681800
1782698400000,2026-06-29 02:00:00,1568.71000000,1579.15000000,1550.43000000,1576.60000000,12263.51630000,1782701999999,19239110.15535200,156675,6392.89320000,10029367.86043300
1782702000000,2026-06-29 03:00:00,1576.60000000,1589.75000000,1576.60000000,1584.78000000,9914.29310000,1782705599999,15698498.05332200,99217,5630.61230000,8916479.01051200
1782705600000,2026-06-29 04:00:00,1584.77000000,1585.05000000,1574.65000000,1575.50000000,4238.93360000,1782709199999,6696362.65353800,57861,1749.00200000,2762767.47029600
1782709200000,2026-06-29 05:00:00,1575.50000000,1583.10000000,1562.26000000,1583.10000000,8554.54540000,1782712799999,13442506.90567500,115515,4641.98350000,7296193.90524100
1782712800000,2026-06-29 06:00:00,1583.10000000,1589.08000000,1579.81000000,1582.82000000,5429.16520000,1782716399999,8601161.19338900,55980,2679.24610000,4245444.24108000
1782716400000,2026-06-29 07:00:00,1582.82000000,1584.90000000,1577.92000000,1580.16000000,5938.94800000,1782719999999,9388664.93592500,74630,2660.70910000,4206493.29006500
1782720000000,2026-06-29 08:00:00,1580.17000000,1582.33000000,1569.85000000,1572.98000000,7152.08860000,1782723599999,11269050.84917700,87586,2584.67720000,4073289.53214700
1782723600000,2026-06-29 09:00:00,1572.98000000,1580.44000000,1570.49000000,1576.20000000,7628.97280000,1782727199999,12016895.53921300,69447,3685.08650000,5803711.00164800
1782727200000,2026-06-29 10:00:00,1576.20000000,1587.00000000,1576.20000000,1578.60000000,7670.00290000,1782730799999,12126076.23103600,80173,3622.32050000,5726731.49242500
1782730800000,2026-06-29 11:00:00,1578.60000000,1582.54000000,1570.32000000,1574.93000000,10782.30570000,1782734399999,16974404.38312500,90971,5518.24790000,8687545.81447600
1782734400000,2026-06-29 12:00:00,1574.93000000,1597.28000000,1566.60000000,1576.11000000,29333.74110000,1782737999999,46456083.57757000,245357,15111.77490000,23918975.77028000
1782738000000,2026-06-29 13:00:00,1576.12000000,1588.82000000,1564.85000000,1572.74000000,22887.33890000,1782741599999,36049227.22536700,220733,10336.97900000,16282876.75439000
1782741600000,2026-06-29 14:00:00,1572.74000000,1579.34000000,1557.35000000,1572.90000000,25528.26160000,1782745199999,40018353.76582900,239462,14444.63920000,22642786.78850900
1782745200000,2026-06-29 15:00:00,1572.90000000,1585.41000000,1561.70000000,1580.26000000,22851.74100000,1782748799999,35982313.54683000,185248,12770.91330000,20117949.59606800
1782748800000,2026-06-29 16:00:00,1580.26000000,1587.71000000,1574.06000000,1585.37000000,13677.84500000,1782752399999,21628527.11607300,106341,7495.13570000,11854200.61252500
1782752400000,2026-06-29 17:00:00,1585.37000000,1637.58000000,1585.37000000,1628.03000000,47576.48520000,1782755999999,77085161.79891600,347669,24270.24650000,39296231.09335600
1782756000000,2026-06-29 18:00:00,1628.04000000,1628.61000000,1618.37000000,1621.10000000,11128.55180000,1782759599999,18068573.11942700,98416,5084.76980000,8254224.02027400
1782759600000,2026-06-29 19:00:00,1621.10000000,1627.36000000,1616.23000000,1625.60000000,8541.61030000,1782763199999,13858707.67596500,88182,3803.04930000,6170433.54734700
1782763200000,2026-06-29 20:00:00,1625.60000000,1626.65000000,1617.37000000,1617.66000000,11491.59880000,1782766799999,18653984.19656600,62736,5860.20540000,9511789.73417400
1782766800000,2026-06-29 21:00:00,1617.66000000,1623.00000000,1611.50000000,1619.99000000,8484.76180000,1782770399999,13724870.01059300,63775,4199.61490000,6794071.12814300
1782770400000,2026-06-29 22:00:00,1620.00000000,1622.11000000,1610.36000000,1612.90000000,7654.41770000,1782773999999,12369207.31893400,54039,2654.87400000,4292597.82360500
1782774000000,2026-06-29 23:00:00,1612.90000000,1613.98000000,1607.41000000,1613.07000000,6077.88680000,1782777599999,9792799.88226700,60037,2731.03020000,4400133.26818400
1782777600000,2026-06-30 00:00:00,1613.07000000,1614.41000000,1592.71000000,1594.41000000,14031.36700000,1782781199999,22459234.26484300,93557,7889.89610000,12621687.17050400
1782781200000,2026-06-30 01:00:00,1594.42000000,1599.83000000,1589.00000000,1593.92000000,9136.29580000,1782784799999,14559091.01543200,66186,4193.83020000,6683616.10391700
1782784800000,2026-06-30 02:00:00,1593.92000000,1593.93000000,1586.49000000,1590.57000000,6252.36130000,1782788399999,9945222.07847400,57681,2523.70470000,4014329.41041300
1782788400000,2026-06-30 03:00:00,1590.57000000,1596.18000000,1586.58000000,1587.18000000,5380.68590000,1782791999999,8563505.03364200,51663,2783.28120000,4430815.99948300
1782792000000,2026-06-30 04:00:00,1587.18000000,1590.99000000,1579.79000000,1588.11000000,8118.73240000,1782795599999,12875520.30042500,56401,3023.11220000,4795251.04685700
1782795600000,2026-06-30 05:00:00,1588.10000000,1592.02000000,1585.22000000,1591.60000000,6208.86480000,1782799199999,9865144.27937300,44916,3051.64550000,4848573.28542400
1782799200000,2026-06-30 06:00:00,1591.61000000,1594.65000000,1589.00000000,1593.72000000,4198.23530000,1782802799999,6682125.69428600,42074,2461.46840000,3917665.42933300
1782802800000,2026-06-30 07:00:00,1593.72000000,1596.25000000,1590.07000000,1592.51000000,6659.25530000,1782806399999,10606140.51856300,56908,3233.86250000,5150619.03710700
1782806400000,2026-06-30 08:00:00,1592.51000000,1594.28000000,1579.54000000,1583.98000000,12844.08510000,1782809999999,20359459.27968500,90887,6526.81630000,10344774.99818700
1782810000000,2026-06-30 09:00:00,1583.97000000,1587.03000000,1581.49000000,1585.35000000,6708.23190000,1782813599999,10628279.65430100,54306,2910.54480000,4611946.27816400
1782813600000,2026-06-30 10:00:00,1585.35000000,1586.93000000,1582.23000000,1584.51000000,5569.30340000,1782817199999,8825365.74054000,54885,1997.89410000,3165869.35545900
1782817200000,2026-06-30 11:00:00,1584.52000000,1586.15000000,1575.85000000,1578.58000000,8676.24580000,1782820799999,13715629.29498300,76082,3284.31340000,5191606.14244200
1782820800000,2026-06-30 12:00:00,1578.57000000,1578.58000000,1551.33000000,1552.79000000,21763.48640000,1782824399999,34043917.76245800,210282,8350.97200000,13068317.75834100
1782824400000,2026-06-30 13:00:00,1552.80000000,1567.51000000,1550.20000000,1567.29000000,25249.46690000,1782827999999,39351026.18078600,241720,12253.39920000,19106502.77948500
1782828000000,2026-06-30 14:00:00,1567.29000000,1578.00000000,1561.33000000,1563.52000000,14106.08700000,1782831599999,22150727.80570200,198866,6852.49000000,10760131.16502300
1782831600000,2026-06-30 15:00:00,1563.52000000,1576.94000000,1557.35000000,1565.18000000,12920.77100000,1782835199999,20234599.00016000,152549,6545.32040000,10251173.68194800
1782835200000,2026-06-30 16:00:00,1565.19000000,1575.00000000,1561.84000000,1572.38000000,10466.68460000,1782838799999,16398660.47349300,83683,6104.56250000,9563153.52202600
1782838800000,2026-06-30 17:00:00,1572.38000000,1577.10000000,1568.64000000,1570.86000000,6056.38480000,1782842399999,9520633.24652400,70664,2475.76930000,3891951.90719100
1782842400000,2026-06-30 18:00:00,1570.87000000,1581.83000000,1569.59000000,1579.11000000,9113.06830000,1782845999999,14361277.11565000,67297,4213.91710000,6641187.05245400
1782846000000,2026-06-30 19:00:00,1579.10000000,1581.92000000,1575.56000000,1580.53000000,6894.01300000,1782849599999,10885158.41925100,62883,3466.66450000,5473752.61070000
1782849600000,2026-06-30 20:00:00,1580.52000000,1582.98000000,1573.40000000,1575.99000000,6496.55230000,1782853199999,10250707.78248200,53906,2842.46720000,4484815.23159900
1782853200000,2026-06-30 21:00:00,1575.99000000,1577.26000000,1570.00000000,1571.68000000,4676.41800000,1782856799999,7353845.23426800,40154,2137.15650000,3360245.54075700
1782856800000,2026-06-30 22:00:00,1571.68000000,1575.30000000,1566.81000000,1567.64000000,5732.23410000,1782860399999,9002160.05782300,46348,2541.75070000,3992247.06645700
1782860400000,2026-06-30 23:00:00,1567.64000000,1572.80000000,1566.00000000,1572.01000000,4798.37380000,1782863999999,7532850.64708200,39840,2715.00120000,4262065.74854800
1782864000000,2026-07-01 00:00:00,1572.00000000,1576.70000000,1566.13000000,1575.07000000,5170.83490000,1782867599999,8129095.51476500,54522,2954.59820000,4645852.37070900
1782867600000,2026-07-01 01:00:00,1575.07000000,1586.60000000,1552.92000000,1577.91000000,20972.99350000,1782871199999,32929652.23264800,167041,11137.68880000,17503026.55264200
1782871200000,2026-07-01 02:00:00,1577.91000000,1589.55000000,1574.53000000,1586.30000000,9847.68450000,1782874799999,15596523.96719400,125020,5645.58850000,8943520.45259100
1782874800000,2026-07-01 03:00:00,1586.30000000,1599.19000000,1582.45000000,1594.81000000,13735.44400000,1782878399999,21840565.64516500,121525,8735.14330000,13888868.98785200
1782878400000,2026-07-01 04:00:00,1594.81000000,1604.02000000,1590.89000000,1599.35000000,10850.55590000,1782881999999,17334293.52464700,100283,5222.66530000,8340404.44565300
1782882000000,2026-07-01 05:00:00,1599.35000000,1600.83000000,1591.21000000,1593.00000000,7409.76860000,1782885599999,11821915.46023000,59392,3847.86540000,6138770.45913300
1782885600000,2026-07-01 06:00:00,1593.00000000,1593.15000000,1571.50000000,1575.99000000,14828.29990000,1782889199999,23423192.94186300,87588,7148.73400000,11290317.84017500
1782889200000,2026-07-01 07:00:00,1575.99000000,1581.19000000,1572.50000000,1578.36000000,6847.45300000,1782892799999,10798577.25241500,72835,3583.86130000,5651479.09297100
1782892800000,2026-07-01 08:00:00,1578.36000000,1582.37000000,1568.51000000,1582.37000000,6285.30840000,1782896399999,9895691.67436300,65183,3091.32560000,4866912.24266600
1782896400000,2026-07-01 09:00:00,1582.36000000,1585.33000000,1578.68000000,1581.01000000,7492.70880000,1782899999999,11845910.59882600,54315,3691.83610000,5837289.92076400
1782900000000,2026-07-01 10:00:00,1581.00000000,1581.52000000,1572.11000000,1573.43000000,5702.47910000,1782903599999,8986221.65129700,58520,2287.36270000,3603922.72492700
1782903600000,2026-07-01 11:00:00,1573.43000000,1575.96000000,1567.13000000,1569.89000000,6688.41040000,1782907199999,10516625.26437400,56357,3266.85680000,5138313.80553600
1782907200000,2026-07-01 12:00:00,1569.88000000,1572.49000000,1565.26000000,1570.24000000,7560.23900000,1782910799999,11858160.69619000,90406,4091.66360000,6418222.81905300
1782910800000,2026-07-01 13:00:00,1570.24000000,1598.00000000,1570.00000000,1597.22000000,20616.96710000,1782914399999,32629614.86756700,216742,11488.05660000,18181314.96704800
1782914400000,2026-07-01 14:00:00,1597.22000000,1617.04000000,1591.20000000,1601.18000000,38319.40060000,1782917999999,61498216.66547800,296821,18269.84420000,29324160.25532200
1782918000000,2026-07-01 15:00:00,1601.19000000,1631.00000000,1600.98000000,1620.09000000,28006.77560000,1782921599999,45381649.69049800,203030,13464.18460000,21813810.00314200
1782921600000,2026-07-01 16:00:00,1620.10000000,1629.26000000,1612.77000000,1614.54000000,13891.34610000,1782925199999,22501742.33315600,113107,7451.23680000,12074003.82960300
1782925200000,2026-07-01 17:00:00,1614.54000000,1624.79000000,1607.17000000,1622.72000000,10580.08530000,1782928799999,17122927.77668700,98163,5776.38810000,9347363.80673700
1782928800000,2026-07-01 18:00:00,1622.72000000,1624.50000000,1612.01000000,1616.59000000,7761.22190000,1782932399999,12563300.93471700,66585,3680.27270000,5957857.21706400
1782932400000,2026-07-01 19:00:00,1616.59000000,1624.00000000,1614.42000000,1618.09000000,8988.55810000,1782935999999,14557748.82590600,90166,3704.81340000,5999593.48971000
1782936000000,2026-07-01 20:00:00,1618.07000000,1620.46000000,1610.38000000,1617.68000000,8568.53840000,1782939599999,13839435.83177400,74140,4356.48620000,7037548.72505400
1782939600000,2026-07-01 21:00:00,1617.67000000,1638.63000000,1617.55000000,1632.12000000,18296.01030000,1782943199999,29764500.20476400,144283,10653.87220000,17335459.20978300
1782943200000,2026-07-01 22:00:00,1632.11000000,1646.26000000,1620.58000000,1621.63000000,17822.83490000,1782946799999,29112747.48088200,146389,9041.36260000,14769407.58243100
1782946800000,2026-07-01 23:00:00,1621.62000000,1621.63000000,1608.35000000,1609.58000000,10292.39270000,1782950399999,16612355.63739100,116185,3777.79520000,6098031.19610200
1782950400000,2026-07-02 00:00:00,1609.59000000,1609.80000000,1597.22000000,1603.42000000,10412.13290000,1782953999999,16693987.03768700,89188,4563.84040000,7317834.55543600
1782954000000,2026-07-02 01:00:00,1603.42000000,1625.00000000,1602.63000000,1620.48000000,8577.15290000,1782957599999,13847597.59757000,86286,5303.83030000,8563960.15916800
1782957600000,2026-07-02 02:00:00,1620.47000000,1624.45000000,1614.64000000,1620.68000000,6676.41850000,1782961199999,10817087.36357700,65480,2727.82320000,4419740.26367100
1782961200000,2026-07-02 03:00:00,1620.69000000,1642.32000000,1618.12000000,1639.47000000,19491.77340000,1782964799999,31812805.76859700,131363,13080.83810000,21348706.10340300
1782964800000,2026-07-02 04:00:00,1639.46000000,1639.94000000,1630.44000000,1632.71000000,10670.88880000,1782968399999,17450788.36263600,83425,4723.24660000,7720912.58777700
1782968400000,2026-07-02 05:00:00,1632.71000000,1634.84000000,1625.21000000,1626.50000000,6765.41430000,1782971999999,11027419.12230200,85511,2805.54540000,4574536.57033100
1782972000000,2026-07-02 06:00:00,1626.51000000,1629.88000000,1617.51000000,1619.14000000,8049.34620000,1782975599999,13072451.85091900,95100,3441.69620000,5590106.10817300
1782975600000,2026-07-02 07:00:00,1619.14000000,1619.88000000,1614.32000000,1615.97000000,14349.35800000,1782979199999,23199501.97331300,96952,6526.19350000,10551655.32880100
1782979200000,2026-07-02 08:00:00,1615.97000000,1626.35000000,1615.08000000,1624.92000000,8243.22290000,1782982799999,13366584.33901600,69022,4937.72220000,8006198.42242200
1782982800000,2026-07-02 09:00:00,1624.91000000,1651.95000000,1620.34000000,1643.33000000,27834.73070000,1782986399999,45692397.52624200,169296,16039.02920000,26325685.31029800
1782986400000,2026-07-02 10:00:00,1643.32000000,1649.62000000,1641.48000000,1646.12000000,12264.08830000,1782989999999,20181061.03868400,119800,7502.74520000,12345549.00629000
1782990000000,2026-07-02 11:00:00,1646.12000000,1657.53000000,1644.53000000,1650.32000000,22336.09210000,1782993599999,36856378.02820500,116549,11200.39770000,18481508.21698400
1782993600000,2026-07-02 12:00:00,1650.31000000,1669.72000000,1647.66000000,1662.82000000,25143.50730000,1782997199999,41722672.04321000,212567,14953.76640000,24817427.30704700
1782997200000,2026-07-02 13:00:00,1662.81000000,1713.77000000,1660.73000000,1710.72000000,70316.27200000,1783000799999,119318977.17155300,467136,42009.30770000,71282808.22163400
1783000800000,2026-07-02 14:00:00,1710.73000000,1725.00000000,1692.96000000,1701.55000000,46156.98420000,1783004399999,78803296.33888700,389614,23405.52880000,39982100.44481300
1783004400000,2026-07-02 15:00:00,1701.55000000,1703.50000000,1688.72000000,1697.05000000,15806.44000000,1783007999999,26839488.34597100,151677,7956.38240000,13510719.55542100
1783008000000,2026-07-02 16:00:00,1697.06000000,1704.00000000,1686.49000000,1699.67000000,15511.61020000,1783011599999,26301027.04567500,126658,7599.53880000,12887589.89825400
1783011600000,2026-07-02 17:00:00,1699.66000000,1705.94000000,1694.51000000,1695.89000000,10016.66060000,1783015199999,17033582.07145800,111987,4453.48270000,7573182.99710800
1783015200000,2026-07-02 18:00:00,1695.88000000,1707.14000000,1695.45000000,1702.06000000,6185.18020000,1783018799999,10529851.47052800,54794,2680.66520000,4563440.96912900
1783018800000,2026-07-02 19:00:00,1702.05000000,1705.53000000,1694.75000000,1700.15000000,6640.07030000,1783022399999,11293768.31799500,63326,3096.06100000,5266317.00408600
1783022400000,2026-07-02 20:00:00,1700.15000000,1706.68000000,1696.08000000,1705.75000000,6054.85460000,1783025999999,10298314.98844700,54573,3134.72490000,5331343.58127400
1783026000000,2026-07-02 21:00:00,1705.75000000,1705.89000000,1697.36000000,1700.23000000,6841.12570000,1783029599999,11643142.44800700,44086,2585.92160000,4398378.50777500
1783029600000,2026-07-02 22:00:00,1700.23000000,1700.98000000,1694.20000000,1696.88000000,4106.71790000,1783033199999,6970375.25049400,46478,2168.10460000,3680081.33580600
1783033200000,2026-07-02 23:00:00,1696.88000000,1701.80000000,1692.13000000,1700.57000000,5003.46620000,1783036799999,8491325.61765400,68695,2890.15870000,4905440.01981500
1783036800000,2026-07-03 00:00:00,1700.57000000,1702.98000000,1694.72000000,1696.75000000,6275.85700000,1783040399999,10661074.59857300,112325,2590.29950000,4401132.53414500
1783040400000,2026-07-03 01:00:00,1696.75000000,1718.97000000,1695.34000000,1712.33000000,14375.09280000,1783043999999,24611112.61437900,118377,8778.99400000,15026419.59930600
1783044000000,2026-07-03 02:00:00,1712.33000000,1715.33000000,1696.23000000,1704.76000000,8846.15440000,1783047599999,15093440.18630300,126109,3794.94480000,6473892.75478300
1783047600000,2026-07-03 03:00:00,1704.75000000,1712.11000000,1699.53000000,1706.43000000,4972.00580000,1783051199999,8486155.08632800,55748,3101.30920000,5293928.41531700
1783051200000,2026-07-03 04:00:00,1706.43000000,1708.50000000,1702.34000000,1703.08000000,5425.96640000,1783054799999,9250925.97824700,46006,2798.04520000,4770756.88505800
1783054800000,2026-07-03 05:00:00,1703.07000000,1721.80000000,1702.28000000,1714.92000000,8051.46260000,1783058399999,13798116.34747500,74147,4594.69190000,7872920.82013100
1783058400000,2026-07-03 06:00:00,1714.93000000,1721.53000000,1712.94000000,1716.03000000,5814.78470000,1783061999999,9982794.53746600,68892,2947.44850000,5060283.30117200
1783062000000,2026-07-03 07:00:00,1716.03000000,1722.21000000,1713.97000000,1717.77000000,11185.80060000,1783065599999,19224541.73087500,89675,5147.41910000,8846725.01113500
1783065600000,2026-07-03 08:00:00,1717.77000000,1735.13000000,1715.68000000,1719.89000000,16499.87120000,1783069199999,28479552.96064500,146076,9247.88410000,15963510.70193000
1783069200000,2026-07-03 09:00:00,1719.89000000,1731.25000000,1717.03000000,1726.28000000,8910.38480000,1783072799999,15380577.18423000,110185,4313.77010000,7445841.69740200
1783072800000,2026-07-03 10:00:00,1726.27000000,1749.00000000,1726.26000000,1742.16000000,17896.72770000,1783076399999,31110642.34874500,195153,10557.24520000,18354478.95344900
1783076400000,2026-07-03 11:00:00,1742.17000000,1748.00000000,1737.47000000,1742.54000000,11215.55410000,1783079999999,19544845.57250400,111046,5274.85550000,9194225.58753700
1783080000000,2026-07-03 12:00:00,1742.54000000,1745.03000000,1731.55000000,1736.44000000,8572.59060000,1783083599999,14894323.02039400,75866,3827.93890000,6652831.56895900
1783083600000,2026-07-03 13:00:00,1736.44000000,1753.29000000,1736.09000000,1748.15000000,18552.76210000,1783087199999,32364702.14226800,122457,11013.32360000,19212443.44245800
1783087200000,2026-07-03 14:00:00,1748.14000000,1748.15000000,1728.99000000,1737.14000000,16334.16860000,1783090799999,28359912.22392500,166931,7836.83050000,13608803.29968200
1783090800000,2026-07-03 15:00:00,1737.15000000,1745.90000000,1729.75000000,1731.24000000,9633.88750000,1783094399999,16732452.58621900,135311,4754.08540000,8257160.08445500
1783094400000,2026-07-03 16:00:00,1731.24000000,1735.50000000,1727.87000000,1733.63000000,4503.36550000,1783097999999,7799930.92535000,77590,2202.83540000,3815815.98268400
1783098000000,2026-07-03 17:00:00,1733.62000000,1741.86000000,1732.33000000,1738.18000000,5441.91730000,1783101599999,9454962.83883400,84072,2782.22450000,4834692.96700900
1783101600000,2026-07-03 18:00:00,1738.19000000,1741.13000000,1736.19000000,1738.77000000,4412.39280000,1783105199999,7669784.20600700,62035,2310.75030000,4016494.88661000
1783105200000,2026-07-03 19:00:00,1738.78000000,1753.00000000,1737.34000000,1745.38000000,12018.82340000,1783108799999,20986516.22155800,108781,6819.58890000,11909615.93755000
1783108800000,2026-07-03 20:00:00,1745.39000000,1774.00000000,1743.61000000,1766.15000000,23241.50260000,1783112399999,40931199.30245900,200858,13644.83270000,24029304.93528600
1783112400000,2026-07-03 21:00:00,1766.15000000,1775.78000000,1756.75000000,1763.46000000,12003.77220000,1783115999999,21175686.54534800,151449,6489.38680000,11450161.42620600
1783116000000,2026-07-03 22:00:00,1763.46000000,1764.06000000,1756.00000000,1757.52000000,6188.96570000,1783119599999,10886067.22007400,62999,2563.67870000,4509594.78219500
1783119600000,2026-07-03 23:00:00,1757.53000000,1762.03000000,1755.45000000,1758.21000000,4043.05760000,1783123199999,7111936.06826100,56379,2436.75260000,4286608.96130300
1783123200000,2026-07-04 00:00:00,1758.22000000,1764.00000000,1756.50000000,1758.70000000,3683.71690000,1783126799999,6483362.89874800,46164,2037.29960000,3585949.75548800
1783126800000,2026-07-04 01:00:00,1758.70000000,1758.70000000,1746.00000000,1747.93000000,7014.52870000,1783130399999,12275257.72956700,95382,2766.10900000,4839742.87398200
1783130400000,2026-07-04 02:00:00,1747.93000000,1751.04000000,1744.09000000,1749.31000000,3003.36720000,1783133999999,5249026.89724800,68689,1427.57810000,2495306.62347800
1783134000000,2026-07-04 03:00:00,1749.31000000,1756.74000000,1747.26000000,1753.92000000,4996.56540000,1783137599999,8751768.29226000,61044,2975.85880000,5213489.75511000
1783137600000,2026-07-04 04:00:00,1753.91000000,1764.61000000,1752.00000000,1761.67000000,5721.94840000,1783141199999,10056563.15807800,49770,3066.33830000,5390083.25097800
1783141200000,2026-07-04 05:00:00,1761.68000000,1761.68000000,1753.27000000,1755.99000000,5276.36240000,1783144799999,9268550.61318400,38595,3199.35740000,5619549.13910500
1783144800000,2026-07-04 06:00:00,1755.98000000,1761.27000000,1751.72000000,1754.77000000,10308.15910000,1783148399999,18091229.79198000,85638,4975.61810000,8731870.41069800
1783148400000,2026-07-04 07:00:00,1754.78000000,1759.67000000,1752.86000000,1758.19000000,6166.44060000,1783151999999,10825378.49391400,83892,3339.21620000,5860662.31022500
1783152000000,2026-07-04 08:00:00,1758.18000000,1765.55000000,1757.39000000,1762.31000000,4156.42020000,1783155599999,7319454.14074400,88471,2147.40710000,3781635.96888400
1783155600000,2026-07-04 09:00:00,1762.30000000,1763.05000000,1755.00000000,1758.13000000,4166.56610000,1783159199999,7328077.69026400,91729,1789.99370000,3148229.90378400
1783159200000,2026-07-04 10:00:00,1758.12000000,1760.88000000,1757.12000000,1759.14000000,5248.40580000,1783162799999,9234142.13075400,74577,2498.59550000,4396043.31656700
1783162800000,2026-07-04 11:00:00,1759.14000000,1760.15000000,1756.19000000,1758.24000000,3639.54010000,1783166399999,6397528.91739900,52466,1695.57940000,2980625.35747100
1783166400000,2026-07-04 12:00:00,1758.23000000,1766.45000000,1758.23000000,1764.22000000,5574.77210000,1783169999999,9828586.19334700,63707,2971.11950000,5238491.46214900
1783170000000,2026-07-04 13:00:00,1764.22000000,1778.63000000,1761.62000000,1764.06000000,12097.16140000,1783173599999,21401082.17388200,116082,6646.84940000,11758065.22967900
1783173600000,2026-07-04 14:00:00,1764.05000000,1775.00000000,1763.92000000,1772.23000000,7318.71160000,1783177199999,12957781.46092200,84805,4754.19660000,8416915.85300900
1783177200000,2026-07-04 15:00:00,1772.23000000,1799.92000000,1772.22000000,1791.09000000,27008.32860000,1783180799999,48341883.35679500,204544,15475.21440000,27689387.06678600
1783180800000,2026-07-04 16:00:00,1791.08000000,1792.00000000,1783.32000000,1786.81000000,9177.80410000,1783184399999,16409171.21814200,117105,4489.50550000,8027754.63728900
1783184400000,2026-07-04 17:00:00,1786.81000000,1807.65000000,1779.00000000,1799.36000000,29134.50210000,1783187999999,52201011.32513800,205294,13913.87100000,24958431.51695300
1783188000000,2026-07-04 18:00:00,1799.36000000,1805.84000000,1791.58000000,1793.63000000,11047.19450000,1783191599999,19868478.91954600,131861,6098.31500000,10968993.62760900
1783191600000,2026-07-04 19:00:00,1793.62000000,1797.66000000,1788.47000000,1792.83000000,5951.67430000,1783195199999,10675651.93842200,53260,3065.19760000,5499016.52105400
1783195200000,2026-07-04 20:00:00,1792.83000000,1795.81000000,1783.84000000,1787.15000000,5589.82400000,1783198799999,9999683.97483400,58824,2925.20450000,5234922.82045300
1783198800000,2026-07-04 21:00:00,1787.15000000,1794.25000000,1786.24000000,1789.25000000,2648.90600000,1783202399999,4741991.58618300,31323,1527.69440000,2735241.94447200
1783202400000,2026-07-04 22:00:00,1789.25000000,1789.45000000,1782.19000000,1784.73000000,2861.69260000,1783205999999,5108662.66205500,28716,1427.05440000,2547288.20446700
1783206000000,2026-07-04 23:00:00,1784.73000000,1785.59000000,1772.10000000,1780.64000000,9087.55750000,1783209599999,16160006.38628000,52167,3702.59230000,6582938.34053900
1783209600000,2026-07-05 00:00:00,1780.64000000,1780.75000000,1769.64000000,1772.71000000,6958.11220000,1783213199999,12344684.91415100,54491,2569.78760000,4559201.43174500
1783213200000,2026-07-05 01:00:00,1772.70000000,1774.66000000,1760.72000000,1766.62000000,10008.11440000,1783216799999,17679029.77988700,86872,4076.31520000,7200882.32232500
1783216800000,2026-07-05 02:00:00,1766.61000000,1767.79000000,1757.00000000,1760.88000000,13241.53430000,1783220399999,23322577.50686000,107010,4206.62810000,7411358.45355900
1783220400000,2026-07-05 03:00:00,1760.87000000,1764.00000000,1757.76000000,1761.59000000,6232.63910000,1783223999999,10976484.79366100,73876,3367.47120000,5930259.98406100
1783224000000,2026-07-05 04:00:00,1761.58000000,1772.69000000,1760.07000000,1767.54000000,13059.26610000,1783227599999,23083211.06173600,119741,6353.87080000,11230280.12148400
1783227600000,2026-07-05 05:00:00,1767.53000000,1767.87000000,1760.50000000,1765.98000000,16392.01460000,1783231199999,28928092.09436100,136338,8285.63090000,14622754.33560400
1783231200000,2026-07-05 06:00:00,1765.98000000,1768.00000000,1762.01000000,1764.69000000,33430.88250000,1783234799999,59000776.00219400,162353,15640.90220000,27604381.95164400
1783234800000,2026-07-05 07:00:00,1764.69000000,1772.35000000,1761.76000000,1770.10000000,34375.05910000,1783238399999,60692649.20421500,212218,16238.76610000,28671730.81523400
1783238400000,2026-07-05 08:00:00,1770.09000000,1773.27000000,1766.46000000,1767.71000000,37769.81380000,1783241999999,66798350.81293500,226262,17352.55780000,30688535.74929700
1783242000000,2026-07-05 09:00:00,1767.72000000,1767.83000000,1748.79000000,1757.98000000,128409.69270000,1783245599999,225890685.47684300,526153,61501.26770000,108187511.04267900
1783245600000,2026-07-05 10:00:00,1757.99000000,1761.96000000,1755.03000000,1761.39000000,5053.51300000,1783249199999,8889616.54074000,40983,2521.67460000,4436319.72724800
1783249200000,2026-07-05 11:00:00,1761.39000000,1765.00000000,1758.70000000,1760.08000000,4765.44160000,1783252799999,8394915.80914400,38885,1927.79280000,3396323.32466800
1783252800000,2026-07-05 12:00:00,1760.08000000,1769.44000000,1756.03000000,1765.12000000,4749.45240000,1783256399999,8373185.47686300,44189,2918.57690000,5146411.89950900
1783256400000,2026-07-05 13:00:00,1765.12000000,1767.55000000,1761.51000000,1766.26000000,2946.71990000,1783259999999,5201073.50989000,51923,1075.77990000,1898851.57819300
1783260000000,2026-07-05 14:00:00,1766.25000000,1772.77000000,1764.96000000,1772.56000000,3839.53010000,1783263599999,6788084.80885700,58506,2093.82100000,3702006.98039500
1783263600000,2026-07-05 15:00:00,1772.56000000,1781.28000000,1770.11000000,1774.67000000,8462.28460000,1783267199999,15024463.49904900,102312,4816.23330000,8550936.15322100
1783267200000,2026-07-05 16:00:00,1774.66000000,1777.50000000,1770.31000000,1773.00000000,4477.97690000,1783270799999,7939259.19659900,44376,2400.32910000,4255391.54769400
1783270800000,2026-07-05 17:00:00,1773.00000000,1785.75000000,1772.99000000,1779.48000000,6807.84400000,1783274399999,12119360.45230500,87561,2912.87440000,5185845.43129200
1783274400000,2026-07-05 18:00:00,1779.47000000,1786.23000000,1777.80000000,1781.28000000,4040.31750000,1783277999999,7197056.52026600,49499,1871.44690000,3333803.30190600
1783278000000,2026-07-05 19:00:00,1781.28000000,1784.52000000,1777.70000000,1781.43000000,2877.40160000,1783281599999,5125594.79695700,43731,1066.86650000,1900714.35989200
1783281600000,2026-07-05 20:00:00,1781.44000000,1783.53000000,1776.26000000,1777.10000000,1915.64050000,1783285199999,3408013.26456500,32340,706.38600000,1256681.84645800
1783285200000,2026-07-05 21:00:00,1777.10000000,1793.25000000,1769.29000000,1786.88000000,10803.26290000,1783288799999,19240321.95141400,94069,5334.72750000,9509260.03583200
1783288800000,2026-07-05 22:00:00,1786.91000000,1808.00000000,1784.34000000,1790.00000000,19757.58950000,1783292399999,35487116.62684700,182281,11972.17170000,21507745.19789200
1783292400000,2026-07-05 23:00:00,1789.99000000,1802.75000000,1782.75000000,1785.65000000,9299.31580000,1783295999999,16668514.39574000,134332,4903.27800000,8789333.53410300
1783296000000,2026-07-06 00:00:00,1785.65000000,1794.13000000,1774.35000000,1793.28000000,10212.84820000,1783299599999,18224051.44473600,118090,5289.67480000,9443328.78437700
1783299600000,2026-07-06 01:00:00,1793.27000000,1799.02000000,1785.40000000,1786.31000000,5674.44730000,1783303199999,10170854.17705000,101213,2879.70710000,5163303.02047600
1783303200000,2026-07-06 02:00:00,1786.31000000,1790.28000000,1779.26000000,1783.71000000,6310.47520000,1783306799999,11256213.22453200,78892,2713.03090000,4841004.70704200
1783306800000,2026-07-06 03:00:00,1783.71000000,1784.99000000,1772.22000000,1779.71000000,6649.58810000,1783310399999,11825949.06478700,80176,2860.91920000,5088252.41813400
1783310400000,2026-07-06 04:00:00,1779.70000000,1784.79000000,1776.34000000,1777.98000000,9109.76170000,1783313999999,16224479.27851000,64814,5211.19650000,9282381.37609400
1783314000000,2026-07-06 05:00:00,1777.98000000,1778.18000000,1764.42000000,1774.06000000,7877.24600000,1783317599999,13955662.24556500,82407,2968.51670000,5259339.90983200
1783317600000,2026-07-06 06:00:00,1774.06000000,1775.28000000,1769.23000000,1769.63000000,3980.86400000,1783321199999,7054954.57960900,49762,1596.38110000,2829357.40344200
1783321200000,2026-07-06 07:00:00,1769.64000000,1775.54000000,1766.98000000,1772.32000000,5935.98490000,1783324799999,10514533.80489600,58172,3034.33350000,5374968.26298200
1783324800000,2026-07-06 08:00:00,1772.32000000,1778.60000000,1763.08000000,1765.55000000,7580.27900000,1783328399999,13410041.62887700,78202,3384.95530000,5987488.32829600
1783328400000,2026-07-06 09:00:00,1765.54000000,1766.30000000,1755.77000000,1758.67000000,9014.23170000,1783331999999,15865120.60846100,59264,3690.08670000,6494382.07375100
1783332000000,2026-07-06 10:00:00,1758.67000000,1774.32000000,1758.24000000,1771.09000000,9282.12220000,1783335599999,16401942.58122600,73503,5177.16310000,9146342.07924500
1783335600000,2026-07-06 11:00:00,1771.10000000,1775.65000000,1759.59000000,1759.64000000,7461.89800000,1783339199999,13198585.82535000,58405,3486.19230000,6168530.66603800
1783339200000,2026-07-06 12:00:00,1759.64000000,1760.92000000,1735.27000000,1740.85000000,36298.14570000,1783342799999,63338048.26622600,284352,16561.31780000,28881898.73786100
1783342800000,2026-07-06 13:00:00,1740.85000000,1753.54000000,1728.95000000,1744.89000000,23443.43430000,1783346399999,40789302.34373800,228939,11613.52870000,20212602.69459800
1783346400000,2026-07-06 14:00:00,1744.89000000,1763.14000000,1742.10000000,1751.78000000,12993.13330000,1783349999999,22765310.52492600,157655,6318.10830000,11071268.54676100
1783350000000,2026-07-06 15:00:00,1751.79000000,1788.96000000,1751.56000000,1788.57000000,29447.77450000,1783353599999,52190948.13921000,277418,19054.57100000,33763925.84457600
1783353600000,2026-07-06 16:00:00,1788.57000000,1805.00000000,1782.42000000,1792.51000000,35024.39130000,1783357199999,62881641.36359200,252028,20711.15420000,37192127.57594200
1783357200000,2026-07-06 17:00:00,1792.50000000,1800.40000000,1787.30000000,1788.26000000,14958.37800000,1783360799999,26815247.54418400,146670,5746.06240000,10304192.78301800
1783360800000,2026-07-06 18:00:00,1788.27000000,1796.24000000,1786.76000000,1792.68000000,5560.25910000,1783364399999,9963429.45119800,68183,2798.69660000,5015745.73601100
1783364400000,2026-07-06 19:00:00,1792.69000000,1798.80000000,1791.18000000,1792.76000000,5042.21420000,1783367999999,9050400.67967100,63557,1767.92800000,3173517.70512400
1783368000000,2026-07-06 20:00:00,1792.76000000,1796.40000000,1787.26000000,1793.04000000,4815.42550000,1783371599999,8632777.59274100,45524,1937.18730000,3472442.66169200
1783371600000,2026-07-06 21:00:00,1793.04000000,1833.40000000,1792.63000000,1814.88000000,35802.77920000,1783375199999,65050402.93052700,205104,21853.06570000,39684374.78456400
1783375200000,2026-07-06 22:00:00,1814.88000000,1816.82000000,1804.70000000,1806.30000000,6468.80630000,1783378799999,11711991.89044900,63062,2969.15770000,5374417.52166500
1783378800000,2026-07-06 23:00:00,1806.29000000,1810.08000000,1797.55000000,1799.56000000,6934.84270000,1783382399999,12501568.86037800,75273,2660.98850000,4799360.23039900
1783382400000,2026-07-07 00:00:00,1799.56000000,1810.16000000,1794.86000000,1803.74000000,8258.86550000,1783385999999,14888377.77470100,89158,4516.21390000,8144822.29483300
1783386000000,2026-07-07 01:00:00,1803.74000000,1803.74000000,1787.35000000,1792.64000000,10940.28050000,1783389599999,19617422.06095800,110799,4759.70090000,8535547.85955000
1783389600000,2026-07-07 02:00:00,1792.65000000,1794.48000000,1777.00000000,1778.57000000,9702.15020000,1783393199999,17308436.28986500,97285,3487.59590000,6221867.94072100
1783393200000,2026-07-07 03:00:00,1778.57000000,1781.56000000,1768.85000000,1771.56000000,8523.34800000,1783396799999,15129862.74336100,81313,4071.72700000,7229629.94730300
1783396800000,2026-07-07 04:00:00,1771.55000000,1773.71000000,1762.66000000,1766.53000000,8330.32880000,1783400399999,14736663.31605500,91379,3462.20340000,6124072.08753800
1783400400000,2026-07-07 05:00:00,1766.52000000,1773.71000000,1757.57000000,1770.58000000,10294.84420000,1783403999999,18169176.66611500,85536,4689.18180000,8276414.61997600
1783404000000,2026-07-07 06:00:00,1770.57000000,1782.39000000,1764.84000000,1779.11000000,12917.95230000,1783407599999,22900683.05323800,59325,7616.86800000,13498837.78383100
1783407600000,2026-07-07 07:00:00,1779.11000000,1782.59000000,1771.08000000,1771.24000000,5410.57190000,1783411199999,9610940.69071000,52745,2724.63820000,4840111.94311800
1783411200000,2026-07-07 08:00:00,1771.23000000,1775.80000000,1768.37000000,1770.78000000,8034.42760000,1783414799999,14230215.53800000,62607,4660.44380000,8255058.77248900
1783414800000,2026-07-07 09:00:00,1770.77000000,1783.04000000,1768.81000000,1778.16000000,8425.75550000,1783418399999,14957912.91697200,64019,5083.69150000,9023677.41699000
1783418400000,2026-07-07 10:00:00,1778.16000000,1784.66000000,1774.35000000,1775.80000000,6740.84040000,1783421999999,11988630.46137900,61337,3073.91580000,5468863.36613500
1783422000000,2026-07-07 11:00:00,1775.80000000,1785.00000000,1772.00000000,1780.77000000,4518.84450000,1783425599999,8033534.32966400,45977,2434.97450000,4330322.04541400
1783425600000,2026-07-07 12:00:00,1780.77000000,1794.57000000,1780.27000000,1781.97000000,10488.46580000,1783429199999,18756370.49165000,83969,6057.12240000,10832774.67164900
1783429200000,2026-07-07 13:00:00,1781.97000000,1783.28000000,1766.06000000,1769.01000000,16012.74400000,1783432799999,28403047.16995600,253991,8066.51110000,14310373.55436000
1783432800000,2026-07-07 14:00:00,1769.02000000,1792.93000000,1761.19000000,1789.46000000,21986.80130000,1783436399999,38991652.40760800,263099,11109.35450000,19703207.80808600
1783436400000,2026-07-07 15:00:00,1789.45000000,1803.03000000,1783.00000000,1797.45000000,16643.77330000,1783439999999,29858685.04168800,184239,9632.25000000,17282499.40696500
1783440000000,2026-07-07 16:00:00,1797.45000000,1813.16000000,1792.44000000,1802.23000000,14026.21670000,1783443599999,25268847.89529500,191000,7205.86860000,12989818.76180000
1783443600000,2026-07-07 17:00:00,1802.23000000,1810.39000000,1798.54000000,1810.39000000,8332.28600000,1783447199999,15040640.82966800,126463,4212.71460000,7605570.07345100
1783447200000,2026-07-07 18:00:00,1810.39000000,1810.39000000,1785.88000000,1786.60000000,10232.44000000,1783450799999,18403019.22269800,93827,3907.61650000,7030303.42928900
1783450800000,2026-07-07 19:00:00,1786.60000000,1792.39000000,1773.50000000,1790.45000000,14007.65200000,1783454399999,24985034.82399600,145030,6205.14080000,11072415.48088800
1783454400000,2026-07-07 20:00:00,1790.46000000,1793.12000000,1781.39000000,1784.12000000,5049.35630000,1783457999999,9018794.91620600,42910,2219.05520000,3961303.36849000
1783458000000,2026-07-07 21:00:00,1784.12000000,1789.40000000,1771.05000000,1773.84000000,11249.41790000,1783461599999,19999452.48186200,103122,3392.51110000,6030465.19666400
1783461600000,2026-07-07 22:00:00,1773.83000000,1778.57000000,1765.35000000,1775.55000000,7075.21010000,1783465199999,12544471.68399300,77767,3103.43580000,5503599.17544700
1783465200000,2026-07-07 23:00:00,1775.55000000,1780.94000000,1768.00000000,1771.45000000,4334.15250000,1783468799999,7693905.40596000,53375,1525.78320000,2708826.81320100
1783468800000,2026-07-08 00:00:00,1771.45000000,1785.00000000,1770.02000000,1780.29000000,7805.24650000,1783472399999,13884679.81852800,72936,4481.99510000,7973731.69480100
1783472400000,2026-07-08 01:00:00,1780.29000000,1780.75000000,1750.00000000,1755.94000000,15773.17090000,1783475999999,27790537.92117800,148921,6277.55320000,11063726.70718600
1783476000000,2026-07-08 02:00:00,1755.93000000,1759.67000000,1741.21000000,1757.62000000,14172.65620000,1783479599999,24826396.97218700,161048,6164.86680000,10802043.42315500
1783479600000,2026-07-08 03:00:00,1757.63000000,1763.87000000,1749.21000000,1751.78000000,7909.33940000,1783483199999,13903125.88589800,67588,3613.99270000,6356354.16774600
1783483200000,2026-07-08 04:00:00,1751.74000000,1758.00000000,1749.49000000,1756.50000000,5605.20150000,1783486799999,9832128.79818900,84038,2564.79100000,4499144.36292000
1783486800000,2026-07-08 05:00:00,1756.50000000,1759.69000000,1750.65000000,1754.14000000,5002.95630000,1783490399999,8778276.46166000,52026,2254.55220000,3956912.78587100
1783490400000,2026-07-08 06:00:00,1754.15000000,1755.00000000,1746.34000000,1751.81000000,7293.50310000,1783493999999,12770574.38877400,66092,4153.24670000,7272535.89734200
1783494000000,2026-07-08 07:00:00,1751.81000000,1757.40000000,1745.01000000,1756.70000000,7480.53380000,1783497599999,13109781.66367500,84561,4492.92450000,7875788.74958700
1783497600000,2026-07-08 08:00:00,1756.70000000,1758.70000000,1725.18000000,1735.32000000,32556.40330000,1783501199999,56523604.75981300,306847,13576.75990000,23568510.30579200
1783501200000,2026-07-08 09:00:00,1735.32000000,1740.77000000,1729.70000000,1736.05000000,10459.08110000,1783504799999,18154385.67178000,86011,5030.02110000,8730362.67970500
1783504800000,2026-07-08 10:00:00,1736.06000000,1742.30000000,1732.60000000,1739.34000000,5418.13470000,1783508399999,9416541.58195800,71303,3031.52220000,5269404.35888900
1783508400000,2026-07-08 11:00:00,1739.34000000,1750.96000000,1736.02000000,1747.95000000,8362.75530000,1783511999999,14581295.76429100,64718,4440.36020000,7739864.45112200
1783512000000,2026-07-08 12:00:00,1747.95000000,1751.25000000,1738.20000000,1738.58000000,8062.18410000,1783515599999,14074763.04007500,88744,4129.90200000,7212498.88884500
1783515600000,2026-07-08 13:00:00,1738.58000000,1744.25000000,1731.22000000,1737.72000000,12548.57490000,1783519199999,21811897.98552300,131065,6012.50190000,10452698.77306200
1783519200000,2026-07-08 14:00:00,1737.71000000,1740.95000000,1722.13000000,1729.62000000,14284.78210000,1783522799999,24739226.24538100,237683,6707.66370000,11618386.23305900
1783522800000,2026-07-08 15:00:00,1729.62000000,1730.53000000,1713.44000000,1722.96000000,17338.05600000,1783526399999,29833366.19509800,185834,7966.31250000,13710262.21238400
1783526400000,2026-07-08 16:00:00,1722.96000000,1738.18000000,1722.78000000,1736.38000000,9231.42900000,1783529999999,15975109.86893600,103178,5142.75230000,8899199.65645800
1783530000000,2026-07-08 17:00:00,1736.39000000,1746.52000000,1730.96000000,1733.15000000,10650.85260000,1783533599999,18507631.95377100,77830,5321.82270000,9249275.82796300
1783533600000,2026-07-08 18:00:00,1733.16000000,1741.20000000,1730.03000000,1737.46000000,6602.49850000,1783537199999,11465363.46327200,111524,3379.82920000,5868920.51473700
1783537200000,2026-07-08 19:00:00,1737.46000000,1741.52000000,1733.61000000,1740.98000000,4899.93300000,1783540799999,8515058.96597400,63701,2193.95360000,3812764.79329100
1783540800000,2026-07-08 20:00:00,1740.99000000,1741.31000000,1734.62000000,1736.42000000,4235.44220000,1783544399999,7359631.72386900,60173,1677.30190000,2914370.14491500
1783544400000,2026-07-08 21:00:00,1736.42000000,1740.00000000,1731.41000000,1738.06000000,2971.62020000,1783547999999,5157455.90430200,41275,1372.07530000,2381521.10158500
1783548000000,2026-07-08 22:00:00,1738.07000000,1743.43000000,1736.83000000,1741.40000000,2733.66350000,1783551599999,4755960.38694200,35442,1388.65350000,2416302.19462100
1783551600000,2026-07-08 23:00:00,1741.39000000,1744.81000000,1738.82000000,1743.54000000,3833.20720000,1783555199999,6676945.58026800,57288,2065.22380000,3597480.91230600
1783555200000,2026-07-09 00:00:00,1743.55000000,1744.68000000,1736.98000000,1738.22000000,4559.45410000,1783558799999,7939167.38145700,70220,1921.64660000,3346298.20164400
1783558800000,2026-07-09 01:00:00,1738.22000000,1756.79000000,1730.29000000,1731.79000000,12551.33050000,1783562399999,21888095.43298900,128725,5506.07390000,9609187.04875000
1783562400000,2026-07-09 02:00:00,1731.80000000,1739.47000000,1723.60000000,1727.30000000,6230.84600000,1783565999999,10788031.64292700,103577,2920.52090000,5057197.56991400
1783566000000,2026-07-09 03:00:00,1727.30000000,1734.61000000,1721.93000000,1730.70000000,4448.97580000,1783569599999,7688378.39418300,68431,2196.43040000,3796130.96818300
1783569600000,2026-07-09 04:00:00,1730.70000000,1743.94000000,1730.35000000,1742.51000000,5752.12930000,1783573199999,9995181.97661000,69695,2938.88780000,5107941.99012500
1783573200000,2026-07-09 05:00:00,1742.51000000,1749.48000000,1737.46000000,1749.39000000,7363.79480000,1783576799999,12842872.19543900,64291,4088.28670000,7132262.20293500
1783576800000,2026-07-09 06:00:00,1749.38000000,1755.69000000,1745.91000000,1755.26000000,10243.23600000,1783580399999,17945459.84999900,86532,6552.87210000,11480982.73895200
1783580400000,2026-07-09 07:00:00,1755.27000000,1762.36000000,1749.83000000,1753.31000000,14267.98580000,1783583999999,25025104.54335700,93141,7825.66990000,13727882.60107400
1783584000000,2026-07-09 08:00:00,1753.30000000,1758.68000000,1750.92000000,1754.45000000,4961.89450000,1783587599999,8710172.41545500,64108,2542.95020000,4464061.68002400
1783587600000,2026-07-09 09:00:00,1754.45000000,1756.52000000,1749.47000000,1755.78000000,5100.44660000,1783591199999,8941033.91240100,48618,2884.01370000,5055856.54688200
1783591200000,2026-07-09 10:00:00,1755.77000000,1757.34000000,1744.10000000,1746.31000000,4382.03950000,1783594799999,7671976.34914500,44845,1754.02090000,3071950.19916700
1783594800000,2026-07-09 11:00:00,1746.31000000,1748.49000000,1741.26000000,1744.02000000,5775.61430000,1783598399999,10074045.07403600,64940,2098.40230000,3660299.66949100
1783598400000,2026-07-09 12:00:00,1744.02000000,1747.20000000,1734.70000000,1741.80000000,19303.94490000,1783601999999,33616375.84664400,130497,8489.77270000,14783283.84914800
1783602000000,2026-07-09 13:00:00,1741.80000000,1752.00000000,1735.94000000,1746.99000000,12891.66530000,1783605599999,22478097.76427900,192425,7180.85000000,12519435.94612300
1783605600000,2026-07-09 14:00:00,1746.99000000,1749.83000000,1733.36000000,1743.14000000,12621.63150000,1783609199999,21941535.09519900,148772,5272.94200000,9171597.14878200
1783609200000,2026-07-09 15:00:00,1743.14000000,1749.37000000,1737.52000000,1739.51000000,5941.47180000,1783612799999,10359022.04296900,67436,3318.40060000,5787072.44823000
1783612800000,2026-07-09 16:00:00,1739.51000000,1743.84000000,1731.99000000,1739.25000000,5567.83780000,1783616399999,9676349.59706000,57159,2847.93470000,4950097.94663900
1783616400000,2026-07-09 17:00:00,1739.25000000,1752.50000000,1738.46000000,1748.52000000,5902.76650000,1783619999999,10304393.63134000,64132,3562.30840000,6219750.50949200
1783620000000,2026-07-09 18:00:00,1748.53000000,1759.82000000,1747.47000000,1751.55000000,8365.68340000,1783623599999,14673647.77634200,70947,5145.97540000,9027256.71539200
1783623600000,2026-07-09 19:00:00,1751.56000000,1752.95000000,1747.12000000,1748.51000000,4098.76710000,1783627199999,7171221.72887700,49744,1688.84520000,2954624.65068300
1783627200000,2026-07-09 20:00:00,1748.51000000,1750.36000000,1745.27000000,1748.76000000,3290.15120000,1783630799999,5750683.64314700,48343,1798.14110000,3143122.83667700
1783630800000,2026-07-09 21:00:00,1748.77000000,1750.97000000,1745.01000000,1748.17000000,3391.97130000,1783634399999,5927976.54395100,32174,1714.81390000,2996854.39117400
1783634400000,2026-07-09 22:00:00,1748.17000000,1751.08000000,1746.33000000,1747.52000000,2982.54220000,1783637999999,5216384.90077100,33487,1577.95650000,2759632.16900200
1783638000000,2026-07-09 23:00:00,1747.53000000,1749.07000000,1741.56000000,1745.16000000,3709.07700000,1783641599999,6474589.90662800,49824,1407.41150000,2456535.31150900
1783641600000,2026-07-10 00:00:00,1745.17000000,1746.42000000,1737.68000000,1743.09000000,4484.71280000,1783645199999,7812178.57585600,76155,1980.90960000,3450967.24507200
1783645200000,2026-07-10 01:00:00,1743.09000000,1777.47000000,1738.25000000,1767.62000000,21949.68400000,1783648799999,38737633.79938100,148467,11626.29000000,20498350.00103400
1783648800000,2026-07-10 02:00:00,1767.62000000,1775.00000000,1764.56000000,1772.86000000,9964.53340000,1783652399999,17630983.09806400,101345,5772.82280000,10214282.98666300
1783652400000,2026-07-10 03:00:00,1772.87000000,1779.68000000,1769.22000000,1776.12000000,8951.60110000,1783655999999,15879032.67252300,75245,4760.82230000,8446843.22973100
1783656000000,2026-07-10 04:00:00,1776.13000000,1780.33000000,1771.94000000,1774.75000000,6935.68250000,1783659599999,12323195.13843500,67872,3659.48860000,6502417.87142100
1783659600000,2026-07-10 05:00:00,1774.74000000,1780.00000000,1772.54000000,1779.04000000,5928.99420000,1783663199999,10531498.09375200,58490,3149.62360000,5594837.86053900
1783663200000,2026-07-10 06:00:00,1779.04000000,1779.88000000,1769.23000000,1771.17000000,6368.24820000,1783666799999,11296988.20041800,44834,2978.04940000,5283753.20796900
1783666800000,2026-07-10 07:00:00,1771.17000000,1777.45000000,1768.57000000,1773.20000000,4620.37440000,1783670399999,8191006.35528700,40277,1776.74710000,3149948.65230500
1783670400000,2026-07-10 08:00:00,1773.20000000,1789.59000000,1772.63000000,1783.99000000,10180.55420000,1783673999999,18158286.15304600,91562,5821.34030000,10380625.10374600
1783674000000,2026-07-10 09:00:00,1783.99000000,1794.94000000,1781.27000000,1792.56000000,10631.99100000,1783677599999,19025235.10162400,86807,5577.14410000,9980739.71171000
1783677600000,2026-07-10 10:00:00,1792.55000000,1802.99000000,1789.45000000,1797.01000000,13415.15110000,1783681199999,24112579.55501700,92258,8459.03470000,15206930.25868500
1783681200000,2026-07-10 11:00:00,1797.01000000,1802.41000000,1794.25000000,1801.22000000,12000.03230000,1783684799999,21582096.90544100,87553,6080.40470000,10936502.48447700
1783684800000,2026-07-10 12:00:00,1801.22000000,1807.18000000,1792.98000000,1793.95000000,14822.58250000,1783688399999,26682257.71711500,87356,7593.27500000,13666491.62488700
1783688400000,2026-07-10 13:00:00,1793.95000000,1812.00000000,1793.65000000,1803.82000000,14696.71910000,1783691999999,26473869.35868100,118220,8422.42290000,15170359.68795700
1783692000000,2026-07-10 14:00:00,1803.82000000,1804.49000000,1775.00000000,1785.06000000,18781.42580000,1783695599999,33573060.08079500,183369,8827.13140000,15775023.25076300
1783695600000,2026-07-10 15:00:00,1785.06000000,1796.88000000,1784.03000000,1791.11000000,8899.21600000,1783699199999,15929658.07883100,87907,4783.35010000,8563362.19204500
1783699200000,2026-07-10 16:00:00,1791.11000000,1799.53000000,1785.86000000,1797.49000000,7780.21870000,1783702799999,13938475.93515100,72890,3671.27180000,6578213.76204300
1783702800000,2026-07-10 17:00:00,1797.48000000,1799.00000000,1788.02000000,1788.03000000,6049.03190000,1783706399999,10846890.54081000,50465,1907.30050000,3419928.60552200
1783706400000,2026-07-10 18:00:00,1788.03000000,1794.00000000,1781.20000000,1784.94000000,6073.97160000,1783709999999,10860766.73018400,54249,2607.91740000,4663240.56601600
1783710000000,2026-07-10 19:00:00,1784.94000000,1797.31000000,1784.10000000,1792.68000000,6542.42640000,1783713599999,11722163.20675200,67675,3759.41250000,6733595.23434100
1783713600000,2026-07-10 20:00:00,1792.68000000,1794.46000000,1789.65000000,1790.14000000,5201.04390000,1783717199999,9320920.26604000,51505,2595.13670000,4650989.73157600
1783717200000,2026-07-10 21:00:00,1790.13000000,1796.99000000,1789.60000000,1794.37000000,5005.50300000,1783720799999,8977058.01613400,62168,2366.89550000,4244797.82670300
1783720800000,2026-07-10 22:00:00,1794.37000000,1796.62000000,1792.95000000,1795.20000000,3421.88740000,1783724399999,6141378.81904900,53490,1649.22170000,2959707.55509900
1783724400000,2026-07-10 23:00:00,1795.20000000,1798.00000000,1792.57000000,1796.85000000,2900.21900000,1783727999999,5208422.47231100,25212,1714.89000000,3079525.80881500
1783728000000,2026-07-11 00:00:00,1796.85000000,1797.20000000,1790.10000000,1793.36000000,3618.95270000,1783731599999,6490560.34879700,31239,1722.81890000,3089470.56058300
1783731600000,2026-07-11 01:00:00,1793.35000000,1799.29000000,1788.25000000,1789.09000000,5003.16040000,1783735199999,8967895.52823900,37247,2395.15240000,4293635.25733300
1783735200000,2026-07-11 02:00:00,1789.09000000,1796.14000000,1786.77000000,1795.59000000,4151.10430000,1783738799999,7440817.07945300,42389,2352.25590000,4217870.98062500
1783738800000,2026-07-11 03:00:00,1795.59000000,1798.24000000,1792.03000000,1796.50000000,3677.84420000,1783742399999,6605149.92900800,38149,1837.78210000,3300941.71707200
1783742400000,2026-07-11 04:00:00,1796.50000000,1800.18000000,1795.75000000,1796.53000000,3954.42070000,1783745999999,7110415.66912200,34903,2790.76120000,5018820.89841800
1783746000000,2026-07-11 05:00:00,1796.52000000,1802.27000000,1795.07000000,1799.45000000,4300.63000000,1783749599999,7736431.38144700,37593,2432.00470000,4374300.22367300
1783749600000,2026-07-11 06:00:00,1799.44000000,1803.29000000,1794.60000000,1799.32000000,8839.66650000,1783753199999,15910858.54951100,42131,4605.21210000,8289200.94669000
1783753200000,2026-07-11 07:00:00,1799.31000000,1802.00000000,1797.93000000,1800.00000000,5908.39440000,1783756799999,10635516.79495700,29477,2068.26490000,3722963.57149700
1783756800000,2026-07-11 08:00:00,1799.99000000,1803.52000000,1799.58000000,1801.47000000,2510.29730000,1783760399999,4521920.60221100,24122,1028.14050000,1851976.65727100
1783760400000,2026-07-11 09:00:00,1801.47000000,1802.59000000,1795.15000000,1795.50000000,3701.75490000,1783763999999,6658870.74459400,37723,1476.94680000,2656596.81935800
1783764000000,2026-07-11 10:00:00,1795.51000000,1799.28000000,1795.23000000,1798.30000000,2958.87590000,1783767599999,5318223.96399400,27926,958.21670000,1722235.69491100
1783767600000,2026-07-11 11:00:00,1798.30000000,1801.02000000,1797.20000000,1800.48000000,3992.72280000,1783771199999,7184214.28798200,31341,2282.69590000,4107857.73041200
1783771200000,2026-07-11 12:00:00,1800.47000000,1801.66000000,1798.42000000,1800.10000000,2803.01210000,1783774799999,5045411.10696700,25058,1214.51170000,2186120.91615300
1783774800000,2026-07-11 13:00:00,1800.10000000,1808.37000000,1799.15000000,1802.61000000,4888.93760000,1783778399999,8814242.22631100,27870,2104.66900000,3795184.29331800
1783778400000,2026-07-11 14:00:00,1802.61000000,1817.62000000,1802.48000000,1810.73000000,13659.34700000,1783781999999,24739420.32345300,86089,7010.43350000,12695853.87022000
1783782000000,2026-07-11 15:00:00,1810.73000000,1828.00000000,1808.73000000,1814.83000000,27611.25840000,1783785599999,50227755.90072200,158244,12899.49540000,23467568.07926700
1783785600000,2026-07-11 16:00:00,1814.82000000,1824.43000000,1810.62000000,1823.34000000,17930.40940000,1783789199999,32610794.22359600,84658,7757.66710000,14108395.44193600
1783789200000,2026-07-11 17:00:00,1823.34000000,1830.00000000,1818.42000000,1824.73000000,7153.28140000,1783792799999,13054379.82329200,53101,3358.40450000,6130334.36725700
1783792800000,2026-07-11 18:00:00,1824.72000000,1830.00000000,1823.70000000,1826.39000000,6844.04620000,1783796399999,12501778.72190800,38931,3299.14340000,6028072.90966200
1783796400000,2026-07-11 19:00:00,1826.39000000,1827.21000000,1818.96000000,1824.38000000,12178.85370000,1783799999999,22200136.41901400,52068,6199.98320000,11299365.74542300
1783800000000,2026-07-11 20:00:00,1824.38000000,1828.57000000,1823.21000000,1825.97000000,3595.75540000,1783803599999,6565951.62941500,30685,1371.46970000,2504984.77059800
1783803600000,2026-07-11 21:00:00,1825.97000000,1829.17000000,1822.65000000,1823.97000000,3406.48650000,1783807199999,6220730.44640400,35275,1749.94320000,3196250.35886800
1783807200000,2026-07-11 22:00:00,1823.96000000,1824.21000000,1809.26000000,1813.73000000,7981.44880000,1783810799999,14492577.48476200,59355,3249.18390000,5900543.22849200
1783810800000,2026-07-11 23:00:00,1813.73000000,1815.86000000,1786.58000000,1787.76000000,18032.75770000,1783814399999,32404356.15999800,131056,6682.84090000,12003927.15346600
1783814400000,2026-07-12 00:00:00,1787.76000000,1791.18000000,1779.46000000,1788.98000000,11937.49120000,1783817999999,21321871.80339100,123446,4634.35310000,8279142.11481100
1783818000000,2026-07-12 01:00:00,1788.98000000,1808.30000000,1788.16000000,1806.70000000,8466.36800000,1783821599999,15242450.47636100,82821,4910.63570000,8838089.22933300
1783821600000,2026-07-12 02:00:00,1806.70000000,1807.60000000,1802.97000000,1805.12000000,3503.15990000,1783825199999,6324076.78297400,36965,1441.63460000,2602732.41083200
1783825200000,2026-07-12 03:00:00,1805.11000000,1813.67000000,1802.66000000,1811.53000000,6583.91370000,1783828799999,11910725.17614000,36638,3481.13230000,6297225.84039600
1783828800000,2026-07-12 04:00:00,1811.53000000,1812.63000000,1804.15000000,1805.92000000,3232.07530000,1783832399999,5844879.52003500,25558,1227.76990000,2220596.44385800
1783832400000,2026-07-12 05:00:00,1805.92000000,1807.15000000,1801.30000000,1803.25000000,2322.34980000,1783835999999,4188928.16550100,20853,1004.26220000,1811330.99788500
1783836000000,2026-07-12 06:00:00,1803.25000000,1803.25000000,1789.44000000,1795.13000000,6351.42600000,1783839599999,11398573.72038200,54621,2032.88220000,3647526.70011300
1783839600000,2026-07-12 07:00:00,1795.14000000,1799.10000000,1794.20000000,1798.78000000,2575.73080000,1783843199999,4629550.15618500,22919,1245.21910000,2238071.80431400
1783843200000,2026-07-12 08:00:00,1798.78000000,1808.94000000,1798.73000000,1805.22000000,3448.41740000,1783846799999,6224022.57244600,52823,1905.51300000,3439108.01108500
1783846800000,2026-07-12 09:00:00,1805.22000000,1805.99000000,1796.69000000,1802.39000000,3895.08670000,1783850399999,7015336.14506800,50328,1713.22290000,3086034.43693900
1783850400000,2026-07-12 10:00:00,1802.40000000,1802.58000000,1798.99000000,1799.40000000,2402.48270000,1783853999999,4325429.09619700,30359,1153.26950000,2076232.47105400
1783854000000,2026-07-12 11:00:00,1799.41000000,1806.84000000,1796.48000000,1803.77000000,3917.39230000,1783857599999,7058860.74505600,28216,1864.15500000,3359701.99127000
1783857600000,2026-07-12 12:00:00,1803.77000000,1809.42000000,1803.00000000,1807.01000000,2524.43390000,1783861199999,4559467.27542200,34766,1225.86330000,2214299.52396100
1783861200000,2026-07-12 13:00:00,1807.02000000,1809.78000000,1805.33000000,1805.95000000,2484.67620000,1783864799999,4490817.06223800,43583,1377.47480000,2489790.54228200
1783864800000,2026-07-12 14:00:00,1805.95000000,1822.00000000,1804.20000000,1819.51000000,11538.34280000,1783868399999,20938226.95187000,69592,7275.46760000,13207029.87664900
1783868400000,2026-07-12 15:00:00,1819.50000000,1826.92000000,1816.54000000,1820.93000000,16127.37800000,1783871999999,29395947.37281700,84096,8974.11240000,16355570.58477000
1783872000000,2026-07-12 16:00:00,1820.94000000,1824.39000000,1817.60000000,1822.00000000,12343.51950000,1783875599999,22482450.72540200,53267,5330.08800000,9707313.04761800
1783875600000,2026-07-12 17:00:00,1821.99000000,1822.54000000,1814.85000000,1818.50000000,5327.09600000,1783879199999,9691724.40617300,31789,1796.40880000,3267506.74647600
1783879200000,2026-07-12 18:00:00,1818.51000000,1822.38000000,1815.12000000,1821.42000000,5070.45220000,1783882799999,9222117.81774100,29076,2325.52060000,4229253.55677600
1783882800000,2026-07-12 19:00:00,1821.42000000,1823.00000000,1818.71000000,1821.40000000,4492.96290000,1783886399999,8184126.36541000,22778,2847.06870000,5186685.63373200
1783886400000,2026-07-12 20:00:00,1821.40000000,1824.00000000,1818.80000000,1821.26000000,3550.74590000,1783889999999,6467974.87601700,20469,1759.54610000,3205205.33679000
1783890000000,2026-07-12 21:00:00,1821.26000000,1823.63000000,1810.78000000,1812.28000000,4999.72810000,1783893599999,9077092.71397500,43671,2012.93090000,3653599.90771400
1783893600000,2026-07-12 22:00:00,1812.27000000,1812.27000000,1797.63000000,1805.06000000,10013.14090000,1783897199999,18047563.25831000,118882,4124.06850000,7434273.78752500
1783897200000,2026-07-12 23:00:00,1805.05000000,1808.94000000,1801.00000000,1806.80000000,3964.61330000,1783900799999,7156633.80806600,45649,1879.53330000,3393457.84567700
1783900800000,2026-07-13 00:00:00,1806.80000000,1846.00000000,1804.41000000,1826.59000000,45581.49350000,1783904399999,83360432.73704800,317850,23538.75490000,43042073.95448200
1783904400000,2026-07-13 01:00:00,1826.60000000,1829.99000000,1805.32000000,1806.83000000,13467.77050000,1783907999999,24479744.02854700,168743,6586.12000000,11975892.24215400
1783908000000,2026-07-13 02:00:00,1806.84000000,1814.82000000,1798.99000000,1806.99000000,12025.55380000,1783911599999,21730727.39914900,132303,6237.29580000,11273703.01438000
1783911600000,2026-07-13 03:00:00,1806.99000000,1806.99000000,1775.00000000,1780.55000000,28414.50540000,1783915199999,50770407.73028800,180905,11421.81210000,20403388.62839500
1783915200000,2026-07-13 04:00:00,1780.54000000,1785.16000000,1776.42000000,1779.03000000,7879.82090000,1783918799999,14030200.46218000,63791,3980.62850000,7088156.24246600
1783918800000,2026-07-13 05:00:00,1779.03000000,1786.61000000,1773.99000000,1781.64000000,10049.81840000,1783922399999,17896605.89412800,106184,4239.00560000,7551792.40738000
1783922400000,2026-07-13 06:00:00,1781.64000000,1783.42000000,1775.96000000,1777.85000000,7014.69650000,1783925999999,12474946.25306600,49620,2895.31480000,5148442.79287300
1783926000000,2026-07-13 07:00:00,1777.85000000,1791.39000000,1776.44000000,1787.57000000,9229.38960000,1783929599999,16472809.58511400,72215,4791.70050000,8556530.88415800
1783929600000,2026-07-13 08:00:00,1787.58000000,1793.56000000,1783.86000000,1790.17000000,7102.96880000,1783933199999,12699756.93141100,60101,3699.36160000,6615270.71843600
1783933200000,2026-07-13 09:00:00,1790.18000000,1790.55000000,1784.92000000,1785.81000000,4441.84540000,1783936799999,7938580.49856500,43176,1506.31010000,2692001.91900900
1783936800000,2026-07-13 10:00:00,1785.81000000,1786.89000000,1777.10000000,1779.43000000,8604.83380000,1783940399999,15331666.53358600,61085,2775.96120000,4945942.60926900
1783940400000,2026-07-13 11:00:00,1779.43000000,1784.98000000,1779.43000000,1780.74000000,4821.35270000,1783943999999,8593348.03187400,55161,2752.72610000,4906117.19227300
1783944000000,2026-07-13 12:00:00,1780.74000000,1783.54000000,1767.73000000,1772.33000000,13917.35520000,1783947599999,24695669.18763200,117997,6205.24680000,11012874.28745900
1783947600000,2026-07-13 13:00:00,1772.33000000,1776.54000000,1763.46000000,1771.30000000,16550.73640000,1783951199999,29281894.38983500,167179,6741.11570000,11927522.96284900
1783951200000,2026-07-13 14:00:00,1771.30000000,1782.00000000,1762.44000000,1781.74000000,19924.44400000,1783954799999,35298473.38168700,242418,9744.58770000,17268205.17277400
1783954800000,2026-07-13 15:00:00,1781.74000000,1786.53000000,1775.50000000,1777.01000000,7213.66170000,1783958399999,12840295.07051000,95240,3384.17840000,6024809.70068600
1783958400000,2026-07-13 16:00:00,1777.00000000,1780.73000000,1767.38000000,1772.05000000,8562.98680000,1783961999999,15184373.92337500,109979,4430.61410000,7857883.83231400
1783962000000,2026-07-13 17:00:00,1772.05000000,1776.33000000,1753.25000000,1753.62000000,16382.02090000,1783965599999,28907658.22551100,119828,7472.96800000,13187443.25797600
1783965600000,2026-07-13 18:00:00,1753.62000000,1767.39000000,1750.20000000,1764.90000000,16733.38960000,1783969199999,29414583.87586900,137222,7440.65340000,13078448.70897400
1783969200000,2026-07-13 19:00:00,1764.90000000,1775.26000000,1764.51000000,1774.92000000,7678.57970000,1783972799999,13586024.98247800,75591,4050.43730000,7167744.94082400
1783972800000,2026-07-13 20:00:00,1774.93000000,1776.99000000,1761.72000000,1767.33000000,5722.32990000,1783976399999,10126772.47140300,66986,2524.51070000,4467390.66680200
1783976400000,2026-07-13 21:00:00,1767.34000000,1767.34000000,1752.59000000,1761.68000000,8959.97070000,1783979999999,15752544.40474300,78647,4144.11950000,7283587.34558700
1783980000000,2026-07-13 22:00:00,1761.68000000,1768.45000000,1756.41000000,1758.50000000,5489.76100000,1783983599999,9682144.20559900,54000,2757.87550000,4864169.85823900
1783983600000,2026-07-13 23:00:00,1758.51000000,1778.05000000,1756.49000000,1776.72000000,9262.33460000,1783987199999,16385389.88670400,73081,5712.09800000,10103183.80803100
1783987200000,2026-07-14 00:00:00,1776.71000000,1788.64000000,1773.41000000,1786.02000000,8453.57700000,1783990799999,15053201.60073700,114985,4238.29600000,7548744.60424900
1783990800000,2026-07-14 01:00:00,1786.02000000,1794.47000000,1783.27000000,1784.84000000,8797.12280000,1783994399999,15723706.05381300,93033,5167.74280000,9236243.39407200
1783994400000,2026-07-14 02:00:00,1784.83000000,1789.02000000,1775.07000000,1782.66000000,4929.12790000,1783997999999,8786312.89020800,85854,2270.85350000,4048145.85490500
1783998000000,2026-07-14 03:00:00,1782.67000000,1783.96000000,1774.75000000,1783.65000000,3656.01380000,1784001599999,6507735.49807200,60803,1855.76730000,3303665.35003700
1784001600000,2026-07-14 04:00:00,1783.64000000,1789.99000000,1782.26000000,1785.93000000,5691.24120000,1784005199999,10165549.09547800,42525,2753.58300000,4918557.20987600
1784005200000,2026-07-14 05:00:00,1785.92000000,1793.26000000,1784.53000000,1787.04000000,6015.86970000,1784008799999,10763930.29958000,65468,3452.14570000,6177406.95400300
1784008800000,2026-07-14 06:00:00,1787.03000000,1787.40000000,1781.92000000,1783.19000000,4426.52350000,1784012399999,7901785.52390200,45767,1772.17040000,3163629.89260600
1784012400000,2026-07-14 07:00:00,1783.19000000,1786.55000000,1779.41000000,1781.21000000,6999.26400000,1784015999999,12476872.70278700,74283,4491.85270000,8007901.97931000
1784016000000,2026-07-14 08:00:00,1781.21000000,1789.61000000,1779.00000000,1785.93000000,6336.90610000,1784019599999,11305315.70319100,66561,2715.72810000,4847218.82113100
1784019600000,2026-07-14 09:00:00,1785.94000000,1789.56000000,1782.90000000,1786.19000000,5397.68910000,1784023199999,9644338.96267400,64532,2890.50230000,5163829.06989700
1784023200000,2026-07-14 10:00:00,1786.19000000,1805.00000000,1786.11000000,1800.12000000,27952.71870000,1784026799999,50233833.19060600,128842,14818.18200000,26628737.75244700
1784026800000,2026-07-14 11:00:00,1800.13000000,1802.95000000,1795.82000000,1798.09000000,7829.77700000,1784030399999,14080988.14364400,76267,4713.88700000,8476424.89939300
1784030400000,2026-07-14 12:00:00,1798.09000000,1867.71000000,1794.37000000,1861.04000000,78226.08120000,1784033999999,143252219.88776100,523090,51006.78070000,93394703.38560800
1784034000000,2026-07-14 13:00:00,1861.04000000,1882.85000000,1854.41000000,1871.31000000,59074.24250000,1784037599999,110444040.44260600,520133,30318.91110000,56691254.50952100
1784037600000,2026-07-14 14:00:00,1871.30000000,1884.56000000,1859.46000000,1881.16000000,27015.05550000,1784041199999,50490606.14104900,275242,13493.02840000,25232316.74171000
1784041200000,2026-07-14 15:00:00,1881.17000000,1888.80000000,1872.85000000,1875.22000000,28696.38130000,1784044799999,53957484.71855000,252634,14653.77510000,27553847.80241100
1784044800000,2026-07-14 16:00:00,1875.22000000,1877.07000000,1868.76000000,1873.79000000,12744.14140000,1784048399999,23879548.71164700,137182,7119.65200000,13340794.31386000
1784048400000,2026-07-14 17:00:00,1873.80000000,1873.80000000,1860.56000000,1871.54000000,12580.75540000,1784051999999,23491044.80200500,127790,6704.65120000,12517960.03144100
1784052000000,2026-07-14 18:00:00,1871.55000000,1876.83000000,1868.18000000,1874.79000000,6718.53070000,1784055599999,12580106.84935400,81173,3005.53790000,5627718.15194800
1784055600000,2026-07-14 19:00:00,1874.79000000,1881.56000000,1874.43000000,1876.74000000,6916.49560000,1784059199999,12985615.53252200,91060,3443.83830000,6465233.27557800
1784059200000,2026-07-14 20:00:00,1876.74000000,1878.55000000,1873.63000000,1875.42000000,3540.17650000,1784062799999,6640618.95934800,41485,1513.69710000,2839695.39975000
1784062800000,2026-07-14 21:00:00,1875.41000000,1879.74000000,1874.40000000,1876.46000000,4325.44090000,1784066399999,8120159.75463200,53458,1928.46650000,3620290.76876500
1784066400000,2026-07-14 22:00:00,1876.46000000,1896.14000000,1872.06000000,1882.04000000,21465.41470000,1784069999999,40500711.43340300,162193,11734.52300000,22130605.65985800
1784070000000,2026-07-14 23:00:00,1882.04000000,1893.32000000,1878.69000000,1891.87000000,11125.22550000,1784073599999,20987778.37196900,99547,6102.89270000,11515259.39330900
1784073600000,2026-07-15 00:00:00,1891.87000000,1893.32000000,1878.13000000,1881.58000000,9550.64080000,1784077199999,17997493.38688300,127970,4311.25640000,8126897.11802300
1784077200000,2026-07-15 01:00:00,1881.58000000,1881.98000000,1867.23000000,1870.20000000,10644.97340000,1784080799999,19940515.48568100,126940,4092.13540000,7666202.69516400
1784080800000,2026-07-15 02:00:00,1870.19000000,1873.04000000,1864.38000000,1864.60000000,8096.64750000,1784084399999,15119123.34362400,80382,3018.64990000,5636650.79007200
1784084400000,2026-07-15 03:00:00,1864.60000000,1878.96000000,1864.46000000,1876.08000000,6856.56060000,1784087999999,12832826.11825700,74498,3488.38370000,6528305.69676900
1784088000000,2026-07-15 04:00:00,1876.08000000,1880.59000000,1873.31000000,1876.49000000,5458.10450000,1784091599999,10246464.29819400,64601,2475.80040000,4647638.55581500
1784091600000,2026-07-15 05:00:00,1876.50000000,1883.54000000,1871.64000000,1882.68000000,5911.75970000,1784095199999,11088300.88186600,52350,2617.54230000,4910778.05192300
1784095200000,2026-07-15 06:00:00,1882.69000000,1891.89000000,1875.52000000,1875.87000000,11821.18320000,1784098799999,22287971.34126300,98796,5085.51970000,9590007.74757800
1784098800000,2026-07-15 07:00:00,1875.87000000,1877.16000000,1864.70000000,1870.04000000,13148.28060000,1784102399999,24589166.77547000,72946,6349.52580000,11874795.89163600
1784102400000,2026-07-15 08:00:00,1870.04000000,1879.64000000,1870.03000000,1879.22000000,7626.35540000,1784105999999,14297677.55476800,56806,4793.58970000,8985568.12431900
1784106000000,2026-07-15 09:00:00,1879.22000000,1886.59000000,1879.18000000,1879.86000000,11037.78790000,1784109599999,20772683.70494400,78239,5611.48610000,10561068.24065400
1784109600000,2026-07-15 10:00:00,1879.86000000,1886.55000000,1874.98000000,1878.11000000,10094.63060000,1784113199999,18980921.29665400,86328,5609.33370000,10548450.56302600
1784113200000,2026-07-15 11:00:00,1878.12000000,1885.71000000,1877.48000000,1884.62000000,6327.11960000,1784116799999,11904351.13674200,51696,3026.49320000,5694438.75378500
1784116800000,2026-07-15 12:00:00,1884.62000000,1929.94000000,1879.25000000,1927.16000000,40956.86540000,1784120399999,78153201.06938200,247271,23578.71290000,44981932.19519900
1784120400000,2026-07-15 13:00:00,1927.17000000,1946.52000000,1917.16000000,1925.76000000,55492.80370000,1784123999999,107369245.65732800,401288,30612.55170000,59251111.54088400
1784124000000,2026-07-15 14:00:00,1925.77000000,1935.51000000,1919.12000000,1933.23000000,25792.00820000,1784127599999,49754190.84813200,288772,14238.25470000,27466339.66223900
1784127600000,2026-07-15 15:00:00,1933.24000000,1937.60000000,1925.95000000,1931.95000000,15043.13800000,1784131199999,29066680.85876800,141444,8395.68720000,16221807.74940300
1784131200000,2026-07-15 16:00:00,1931.96000000,1932.95000000,1904.36000000,1919.62000000,21205.26580000,1784134799999,40667834.48954500,205327,9459.24150000,18141194.14244000
1784134800000,2026-07-15 17:00:00,1919.62000000,1931.22000000,1919.44000000,1927.94000000,10664.04320000,1784138399999,20522170.60271100,125594,5687.50790000,10946746.51973600
1784138400000,2026-07-15 18:00:00,1927.93000000,1937.00000000,1922.62000000,1924.47000000,14593.80810000,1784141999999,28177442.98435300,109681,7975.02830000,15405376.72701100
1784142000000,2026-07-15 19:00:00,1924.47000000,1929.06000000,1918.92000000,1924.15000000,8808.65790000,1784145599999,16956103.14653400,94212,4237.85850000,8158239.20850200
1784145600000,2026-07-15 20:00:00,1924.15000000,1930.71000000,1919.71000000,1923.75000000,4481.71480000,1784149199999,8627045.98948300,40397,2359.51770000,4542079.58188300
1784149200000,2026-07-15 21:00:00,1923.75000000,1925.73000000,1919.80000000,1922.00000000,4689.26910000,1784152799999,9015318.34816200,33064,1832.21610000,3521872.72325400
1784152800000,2026-07-15 22:00:00,1922.00000000,1928.58000000,1918.30000000,1923.43000000,6006.37690000,1784156399999,11553949.31174600,55595,2690.25040000,5175718.64220700
1784156400000,2026-07-15 23:00:00,1923.43000000,1927.28000000,1914.89000000,1917.86000000,5492.97440000,1784159999999,10548571.01223700,51960,2894.56030000,5558262.62274900
1784160000000,2026-07-16 00:00:00,1917.86000000,1924.98000000,1911.61000000,1914.86000000,8258.60480000,1784163599999,15836865.68465600,130812,3160.90170000,6063017.28899800
1784163600000,2026-07-16 01:00:00,1914.85000000,1926.00000000,1908.12000000,1922.70000000,6776.81710000,1784167199999,12989123.61494900,125693,3225.24210000,6183680.22572100
1784167200000,2026-07-16 02:00:00,1922.69000000,1926.23000000,1918.97000000,1925.37000000,5134.87020000,1784170799999,9870735.80232600,104186,2313.93060000,4448141.45754200
1784170800000,2026-07-16 03:00:00,1925.36000000,1929.00000000,1917.08000000,1918.70000000,7997.90960000,1784174399999,15392488.88000200,86763,3543.23890000,6819104.32368000
1784174400000,2026-07-16 04:00:00,1918.70000000,1920.98000000,1914.13000000,1918.31000000,5147.20640000,1784177999999,9873110.92897900,65853,2357.95560000,4522570.17781100
1784178000000,2026-07-16 05:00:00,1918.30000000,1927.63000000,1917.12000000,1925.66000000,4973.31060000,1784181599999,9563394.77241500,58671,2476.66700000,4763846.85713100
1784181600000,2026-07-16 06:00:00,1925.65000000,1929.48000000,1915.56000000,1922.53000000,5109.25390000,1784185199999,9826409.59317700,50489,2512.89880000,4834958.63716100
1784185200000,2026-07-16 07:00:00,1922.54000000,1922.54000000,1905.00000000,1910.63000000,13927.64270000,1784188799999,26616429.74068700,86769,5095.05590000,9737379.04147100
1784188800000,2026-07-16 08:00:00,1910.64000000,1912.85000000,1875.56000000,1886.09000000,48846.34530000,1784192399999,92303569.86591200,279057,22979.67880000,43413181.11374200
1784192400000,2026-07-16 09:00:00,1886.09000000,1889.28000000,1880.41000000,1884.67000000,14158.63770000,1784195999999,26697435.76542100,100005,6348.68510000,11973352.82498900
1784196000000,2026-07-16 10:00:00,1884.68000000,1891.78000000,1883.77000000,1888.58000000,8749.08090000,1784199599999,16521275.18322700,69507,5525.81320000,10435588.44863000
1784199600000,2026-07-16 11:00:00,1888.58000000,1888.58000000,1879.32000000,1885.26000000,13696.67000000,1784203199999,25818302.86740900,82988,7352.46580000,13861934.42745800
1784203200000,2026-07-16 12:00:00,1885.26000000,1885.26000000,1867.68000000,1872.55000000,15798.20910000,1784206799999,29640877.41077800,111470,6188.62470000,11611436.06653400
1784206800000,2026-07-16 13:00:00,1872.55000000,1890.23000000,1871.05000000,1882.81000000,15724.01260000,1784210399999,29576596.48790400,180719,6784.86010000,12759186.04996500
1784210400000,2026-07-16 14:00:00,1882.80000000,1893.00000000,1874.98000000,1883.52000000,16858.93600000,1784213999999,31798428.25994000,219393,6547.68440000,12352779.59619000
1784214000000,2026-07-16 15:00:00,1883.52000000,1894.38000000,1871.12000000,1881.88000000,15612.39990000,1784217599999,29399209.01285200,182948,6957.43400000,13103418.97895800
1784217600000,2026-07-16 16:00:00,1881.89000000,1883.00000000,1874.67000000,1878.90000000,10171.53530000,1784221199999,19101233.13511400,109324,5075.02750000,9529617.38856200
1784221200000,2026-07-16 17:00:00,1878.90000000,1879.25000000,1862.57000000,1868.91000000,12328.35600000,1784224799999,23054001.09524300,129321,4733.57470000,8852002.12242500
1784224800000,2026-07-16 18:00:00,1868.92000000,1879.69000000,1868.10000000,1875.85000000,6809.19030000,1784228399999,12766110.61462300,77682,3908.06880000,7327672.69221700
1784228400000,2026-07-16 19:00:00,1875.85000000,1877.75000000,1871.09000000,1875.59000000,4014.49250000,1784231999999,7525003.46685900,50728,1897.03450000,3555808.45681600
1784232000000,2026-07-16 20:00:00,1875.59000000,1875.70000000,1871.66000000,1871.89000000,3579.95270000,1784235599999,6707432.93686500,39103,1596.95740000,2991572.68545200
1784235600000,2026-07-16 21:00:00,1871.90000000,1881.36000000,1871.77000000,1878.66000000,4851.37500000,1784239199999,9107620.82052200,43821,2508.00370000,4708605.29627000
1784239200000,2026-07-16 22:00:00,1878.67000000,1881.59000000,1868.04000000,1868.89000000,9279.90260000,1784242799999,17381887.42460800,73610,5521.13450000,10341119.75284300
1784242800000,2026-07-16 23:00:00,1868.89000000,1870.66000000,1857.54000000,1864.71000000,13884.37510000,1784246399999,25863162.37659200,118116,5513.48920000,10270927.15995000
1784246400000,2026-07-17 00:00:00,1864.71000000,1866.71000000,1848.32000000,1865.77000000,14963.72260000,1784249999999,27808351.82758200,140855,6459.02650000,12007854.15590800
1784250000000,2026-07-17 01:00:00,1865.77000000,1871.08000000,1848.07000000,1851.21000000,10000.22020000,1784253599999,18600093.67149400,114249,4613.01300000,8581956.41584400
1784253600000,2026-07-17 02:00:00,1851.22000000,1855.61000000,1843.20000000,1848.10000000,12473.04380000,1784257199999,23055124.82712500,169470,5432.78710000,10045590.56256700
1784257200000,2026-07-17 03:00:00,1848.09000000,1859.64000000,1847.32000000,1852.53000000,7049.83020000,1784260799999,13076160.02271600,99676,3576.90350000,6634515.02998300
1784260800000,2026-07-17 04:00:00,1852.53000000,1853.08000000,1844.00000000,1850.07000000,6715.59580000,1784264399999,12412871.49732100,87706,2921.59050000,5400493.70484900
1784264400000,2026-07-17 05:00:00,1850.06000000,1850.06000000,1821.36000000,1823.94000000,17781.35760000,1784267999999,32607374.03428900,151670,7880.22550000,14455494.59409200
1784268000000,2026-07-17 06:00:00,1823.94000000,1836.55000000,1820.74000000,1832.31000000,9568.46710000,1784271599999,17506924.87472000,96779,5687.51740000,10406921.72217600
1784271600000,2026-07-17 07:00:00,1832.31000000,1833.56000000,1826.29000000,1828.52000000,11468.30210000,1784275199999,20984661.45515600,71219,7773.05370000,14222554.51616500
1784275200000,2026-07-17 08:00:00,1828.52000000,1832.51000000,1821.41000000,1830.15000000,13750.34150000,1784278799999,25128987.49398100,104870,8537.73460000,15605035.74332400
1784278800000,2026-07-17 09:00:00,1830.16000000,1836.27000000,1829.29000000,1835.10000000,5043.59030000,1784282399999,9242327.12122000,52105,2918.12700000,5347233.11512000
1784282400000,2026-07-17 10:00:00,1835.10000000,1840.40000000,1834.30000000,1836.97000000,9709.66000000,1784285999999,17844710.51575000,66757,6880.67660000,12645427.59308500
1784286000000,2026-07-17 11:00:00,1836.98000000,1843.26000000,1833.30000000,1839.04000000,8366.90510000,1784289599999,15383748.80294700,62293,4651.77670000,8552819.52596700
1784289600000,2026-07-17 12:00:00,1839.05000000,1840.58000000,1827.73000000,1828.54000000,9851.48750000,1784293199999,18059888.69683600,85013,4779.20590000,8761225.26847900
1784293200000,2026-07-17 13:00:00,1828.54000000,1829.23000000,1803.05000000,1825.50000000,34181.37280000,1784296799999,62029247.17781500,319122,14587.80220000,26482559.10489400
1784296800000,2026-07-17 14:00:00,1825.50000000,1834.00000000,1817.18000000,1822.16000000,15191.51110000,1784300399999,27729033.78560300,182101,7456.21720000,13614051.19123500
1784300400000,2026-07-17 15:00:00,1822.16000000,1831.26000000,1810.77000000,1830.88000000,13745.95410000,1784303999999,25024987.82263400,212172,7349.44250000,13388737.43416200
1784304000000,2026-07-17 16:00:00,1830.89000000,1840.51000000,1825.32000000,1835.91000000,13830.39310000,1784307599999,25358381.48256800,152258,7605.71970000,13949806.41498800
1784307600000,2026-07-17 17:00:00,1835.91000000,1856.17000000,1835.91000000,1843.71000000,14390.43850000,1784311199999,26569529.98138300,140509,7910.05390000,14606197.63680100
1784311200000,2026-07-17 18:00:00,1843.72000000,1849.67000000,1835.18000000,1846.99000000,7181.02600000,1784314799999,13226267.59188500,100718,3067.93770000,5650812.41059700
1784314800000,2026-07-17 19:00:00,1846.98000000,1846.99000000,1835.65000000,1843.76000000,5576.84370000,1784318399999,10273894.75892100,65758,1942.79650000,3579708.96329400
1784318400000,2026-07-17 20:00:00,1843.76000000,1846.20000000,1837.15000000,1842.93000000,3458.03120000,1784321999999,6365765.61000900,63618,1520.33600000,2798702.37180600
1784322000000,2026-07-17 21:00:00,1842.93000000,1846.65000000,1840.50000000,1841.54000000,2615.19200000,1784325599999,4820162.59358400,33691,1184.46210000,2183239.07341600
1784325600000,2026-07-17 22:00:00,1841.55000000,1843.89000000,1837.62000000,1839.95000000,2602.22640000,1784329199999,4787985.26200600,42226,919.44080000,1691723.37189100
1784329200000,2026-07-17 23:00:00,1839.94000000,1844.47000000,1835.27000000,1841.93000000,3512.24290000,1784332799999,6463880.68913000,39266,1364.05400000,2510427.61110400
1784332800000,2026-07-18 00:00:00,1841.94000000,1845.00000000,1839.86000000,1840.84000000,2811.48090000,1784336399999,5177398.74091000,39035,1129.88300000,2081113.89013800
1784336400000,2026-07-18 01:00:00,1840.84000000,1843.39000000,1839.38000000,1842.48000000,2570.72560000,1784339999999,4732779.71362000,37168,927.91900000,1708211.91383600
1784340000000,2026-07-18 02:00:00,1842.49000000,1846.74000000,1840.73000000,1841.91000000,4865.94160000,1784343599999,8969589.58858000,28367,2176.59570000,4012059.81548800
1784343600000,2026-07-18 03:00:00,1841.91000000,1846.49000000,1841.46000000,1845.96000000,3379.48900000,1784347199999,6230327.51782000,24362,2225.46320000,4102942.99116300
1784347200000,2026-07-18 04:00:00,1845.96000000,1846.19000000,1842.56000000,1844.70000000,1831.77380000,1784350799999,3377970.60417400,24990,801.87360000,1478694.23204800
1784350800000,2026-07-18 05:00:00,1844.70000000,1849.68000000,1843.19000000,1845.86000000,3424.98550000,1784354399999,6322952.85613000,37067,1824.31350000,3367983.17834400
1784354400000,2026-07-18 06:00:00,1845.85000000,1848.00000000,1843.11000000,1844.97000000,2978.17640000,1784357999999,5495763.59045800,30341,2052.74700000,3788226.59619900
1784358000000,2026-07-18 07:00:00,1844.98000000,1846.04000000,1843.04000000,1844.20000000,1958.43620000,1784361599999,3612652.92224500,25875,823.32180000,1518710.19446700
1784361600000,2026-07-18 08:00:00,1844.20000000,1849.44000000,1842.30000000,1847.43000000,3188.28710000,1784365199999,5885817.63567000,31292,1765.25980000,3259121.02914700
1784365200000,2026-07-18 09:00:00,1847.44000000,1848.03000000,1842.93000000,1844.87000000,2560.53920000,1784368799999,4723926.27969300,27592,1069.77780000,1973591.75628500
1784368800000,2026-07-18 10:00:00,1844.87000000,1846.72000000,1844.01000000,1845.57000000,3022.48860000,1784372399999,5578191.90849200,18194,1661.52450000,3066448.92669700
1784372400000,2026-07-18 11:00:00,1845.57000000,1846.85000000,1844.37000000,1845.56000000,1391.14830000,1784375999999,2566990.19495400,15001,710.26040000,1310594.99043200
1784376000000,2026-07-18 12:00:00,1845.56000000,1850.64000000,1840.17000000,1844.98000000,5922.51210000,1784379599999,10926487.70053300,56952,3464.81760000,6393860.19619200
1784379600000,2026-07-18 13:00:00,1844.97000000,1844.97000000,1837.58000000,1841.61000000,4107.69540000,1784383199999,7562444.29430200,57923,1838.41390000,3384925.56827900
1784383200000,2026-07-18 14:00:00,1841.61000000,1846.27000000,1840.64000000,1845.95000000,3793.58070000,1784386799999,6996480.04077200,39433,2319.47090000,4277804.49665100
1784386800000,2026-07-18 15:00:00,1845.95000000,1846.35000000,1842.12000000,1844.15000000,3802.58710000,1784390399999,7014598.61558600,38261,2310.82430000,4262853.98268400
1784390400000,2026-07-18 16:00:00,1844.15000000,1847.14000000,1841.51000000,1846.11000000,3407.56330000,1784393999999,6284153.18088500,43151,1732.75770000,3195542.19154500
1784394000000,2026-07-18 17:00:00,1846.11000000,1853.48000000,1843.54000000,1852.82000000,5045.39760000,1784397599999,9327086.62215300,57648,2438.88460000,4509952.63242300
1784397600000,2026-07-18 18:00:00,1852.83000000,1867.58000000,1850.01000000,1857.54000000,14122.05060000,1784401199999,26230921.97590700,90725,8789.28450000,16322963.06368600
1784401200000,2026-07-18 19:00:00,1857.53000000,1861.40000000,1855.92000000,1858.45000000,4736.77020000,1784404799999,8802680.99291700,47907,2033.23070000,3778402.87424700
1784404800000,2026-07-18 20:00:00,1858.45000000,1863.37000000,1855.47000000,1857.34000000,4134.28640000,1784408399999,7684479.70010000,30330,2188.45040000,4068043.64031700
1784408400000,2026-07-18 21:00:00,1857.35000000,1863.18000000,1855.96000000,1860.97000000,4154.94080000,1784411999999,7726622.83075500,43775,2509.84040000,4666938.67179500
1784412000000,2026-07-18 22:00:00,1860.97000000,1865.86000000,1859.90000000,1863.70000000,3378.25770000,1784415599999,6293000.50870000,33237,1768.47970000,3294269.51287600
1784415600000,2026-07-18 23:00:00,1863.70000000,1864.45000000,1860.10000000,1862.61000000,2008.80910000,1784419199999,3740562.02254600,19522,1116.37660000,2078805.91117600
1784419200000,2026-07-19 00:00:00,1862.61000000,1863.88000000,1859.20000000,1861.45000000,3154.50440000,1784422799999,5871761.26635100,24224,1101.07330000,2049502.18031100
1784422800000,2026-07-19 01:00:00,1861.45000000,1861.53000000,1858.30000000,1859.18000000,7970.35360000,1784426399999,14824358.48780800,29435,3562.73030000,6626298.99326800
1784426400000,2026-07-19 02:00:00,1859.19000000,1877.33000000,1858.17000000,1871.44000000,11041.83800000,1784429999999,20652522.42092700,102722,5651.66250000,10568141.31344500
1784430000000,2026-07-19 03:00:00,1871.45000000,1872.99000000,1863.84000000,1867.08000000,5220.79910000,1784433599999,9747915.26420900,47625,2179.16950000,4067617.18970300
1784433600000,2026-07-19 04:00:00,1867.08000000,1870.20000000,1864.21000000,1867.33000000,3479.10370000,1784437199999,6495021.16278300,25418,1830.40330000,3416932.94731200
1784437200000,2026-07-19 05:00:00,1867.32000000,1870.20000000,1865.61000000,1868.56000000,2772.52570000,1784440799999,5180969.77451200,21770,1322.59960000,2471332.45291200
1784440800000,2026-07-19 06:00:00,1868.55000000,1871.43000000,1868.20000000,1869.39000000,2878.49110000,1784444399999,5381650.44527900,22331,1708.68880000,3194484.24343900
1784444400000,2026-07-19 07:00:00,1869.39000000,1871.99000000,1867.14000000,1870.25000000,8010.62190000,1784447999999,14977713.66571800,34459,3862.75140000,7221148.92063200
1784448000000,2026-07-19 08:00:00,1870.26000000,1875.33000000,1867.76000000,1873.88000000,4893.89840000,1784451599999,9157649.11075200,36859,3193.36600000,5976426.40037300
1784451600000,2026-07-19 09:00:00,1873.89000000,1874.17000000,1864.55000000,1866.16000000,5004.02630000,1784455199999,9349498.05315900,42883,1764.01610000,3296557.88521600
1784455200000,2026-07-19 10:00:00,1866.15000000,1879.38000000,1863.46000000,1872.25000000,5628.65170000,1784458799999,10529599.02624900,61255,3140.66300000,5876527.17873700
1784458800000,2026-07-19 11:00:00,1872.25000000,1878.86000000,1870.00000000,1871.41000000,6296.88030000,1784462399999,11805839.00318000,66235,3193.06830000,5986901.40999600
1784462400000,2026-07-19 12:00:00,1871.40000000,1874.34000000,1864.47000000,1870.38000000,6783.95610000,1784465999999,12679905.87872300,63630,3841.05240000,7180274.88574900
1784466000000,2026-07-19 13:00:00,1870.39000000,1873.77000000,1865.89000000,1871.83000000,4460.44690000,1784469599999,8337611.92802600,57695,2214.29940000,4139150.51975500
1784469600000,2026-07-19 14:00:00,1871.83000000,1879.26000000,1868.89000000,1874.69000000,5952.74990000,1784473199999,11155644.01083400,63263,3661.59560000,6861989.95622200
1784473200000,2026-07-19 15:00:00,1874.69000000,1876.00000000,1868.93000000,1870.91000000,6545.92970000,1784476799999,12253816.08235000,48659,4005.60450000,7496714.98127700
1784476800000,2026-07-19 16:00:00,1870.91000000,1873.59000000,1866.00000000,1866.80000000,5220.80650000,1784480399999,9758747.26102000,56648,2468.17820000,4613217.29262600
1784480400000,2026-07-19 17:00:00,1866.80000000,1873.85000000,1857.77000000,1867.23000000,8572.98740000,1784483999999,16004336.52730100,113581,4139.69440000,7729968.25020300
1784484000000,2026-07-19 18:00:00,1867.23000000,1867.70000000,1851.71000000,1861.12000000,9549.47780000,1784487599999,17764084.96886800,94444,4123.20710000,7667897.98787300
1784487600000,2026-07-19 19:00:00,1861.12000000,1862.77000000,1854.84000000,1862.37000000,3960.72760000,1784491199999,7365613.83415700,35310,1606.02010000,2986522.75911600
1784491200000,2026-07-19 20:00:00,1862.37000000,1867.15000000,1862.20000000,1867.14000000,4536.07420000,1784494799999,8457648.88713200,30016,2952.84250000,5505603.24622400
1784494800000,2026-07-19 21:00:00,1867.15000000,1868.23000000,1857.49000000,1862.12000000,4337.58970000,1784498399999,8078759.37377800,49223,2059.42020000,3836520.63303600
1784498400000,2026-07-19 22:00:00,1862.12000000,1877.03000000,1857.00000000,1870.44000000,12354.11610000,1784501999999,23096855.60235000,158972,6298.23120000,11776021.71915600
1784502000000,2026-07-19 23:00:00,1870.44000000,1874.94000000,1865.00000000,1872.23000000,5296.11010000,1784505599999,9902679.59012600,88488,2597.07320000,4856440.50717300
1784505600000,2026-07-20 00:00:00,1872.24000000,1891.71000000,1862.08000000,1872.14000000,15861.94960000,1784509199999,29805684.56001300,221322,8658.34350000,16273465.63173000
1784509200000,2026-07-20 01:00:00,1872.14000000,1889.94000000,1865.84000000,1869.56000000,9872.38330000,1784512799999,18533140.07956500,179652,5035.81440000,9453458.98438400
1784512800000,2026-07-20 02:00:00,1869.57000000,1883.33000000,1867.71000000,1879.06000000,8547.52940000,1784516399999,16044507.73737100,137730,4874.25080000,9150190.79034600
1784516400000,2026-07-20 03:00:00,1879.06000000,1882.24000000,1870.91000000,1879.94000000,6045.70880000,1784519999999,11350665.56781200,77491,3175.67560000,5961703.93100800
1784520000000,2026-07-20 04:00:00,1879.94000000,1879.99000000,1868.46000000,1868.94000000,5573.28520000,1784523599999,10441498.73801200,67438,2482.15390000,4650661.46332600
1784523600000,2026-07-20 05:00:00,1868.95000000,1869.94000000,1851.50000000,1855.45000000,12336.30440000,1784527199999,22940743.97451500,149881,4805.29280000,8935550.78951400
1784527200000,2026-07-20 06:00:00,1855.46000000,1860.23000000,1843.14000000,1849.73000000,13729.79780000,1784530799999,25423643.68753600,135455,7323.11860000,13564147.13875200
1784530800000,2026-07-20 07:00:00,1849.73000000,1865.54000000,1849.26000000,1863.95000000,9727.22830000,1784534399999,18065612.06685400,103146,5963.85610000,11073803.54697600
1784534400000,2026-07-20 08:00:00,1863.95000000,1868.53000000,1854.31000000,1861.01000000,13950.43690000,1784537999999,25967815.47075800,121419,8241.04080000,15340716.40508400
1784538000000,2026-07-20 09:00:00,1861.00000000,1867.55000000,1857.95000000,1864.16000000,7006.26450000,1784541599999,13055351.91119400,80539,2535.28710000,4725904.24496900
1784541600000,2026-07-20 10:00:00,1864.15000000,1872.35000000,1862.71000000,1868.85000000,5036.69200000,1784545199999,9409394.20089200,51948,2880.04690000,5380342.96843700
1784545200000,2026-07-20 11:00:00,1868.86000000,1896.50000000,1868.06000000,1893.20000000,18098.93310000,1784548799999,34123724.30244600,154617,10167.34490000,19167865.33626900
1784548800000,2026-07-20 12:00:00,1893.21000000,1893.62000000,1871.88000000,1873.33000000,12117.13290000,1784552399999,22774500.32321300,139331,5119.92230000,9621559.12108000
1784552400000,2026-07-20 13:00:00,1873.34000000,1880.61000000,1857.63000000,1862.68000000,16464.26550000,1784555999999,30798895.87919300,177275,7437.57780000,13919365.61051600
1784556000000,2026-07-20 14:00:00,1862.68000000,1871.96000000,1853.65000000,1868.01000000,11921.89630000,1784559599999,22212775.28631800,159513,5921.14730000,11036604.23283500
1784559600000,2026-07-20 15:00:00,1868.01000000,1904.92000000,1867.65000000,1902.34000000,24635.42230000,1784563199999,46577507.79328900,276162,15336.65300000,29003888.18092800
1784563200000,2026-07-20 16:00:00,1902.34000000,1906.76000000,1893.80000000,1899.41000000,16492.37260000,1784566799999,31326301.38121800,143328,7787.02030000,14789138.97771400
1784566800000,2026-07-20 17:00:00,1899.41000000,1909.74000000,1895.68000000,1907.78000000,14035.24810000,1784570399999,26693914.01636100,94042,9110.59870000,17327896.52043200
1784570400000,2026-07-20 18:00:00,1907.78000000,1918.16000000,1897.52000000,1899.52000000,17782.60160000,1784573999999,33946874.09314200,120688,7706.81490000,14718918.87630000
1784574000000,2026-07-20 19:00:00,1899.52000000,1901.07000000,1890.07000000,1898.46000000,9999.67360000,1784577599999,18957748.64916800,105161,4737.38650000,8981468.65721200
1784577600000,2026-07-20 20:00:00,1898.46000000,1906.55000000,1896.20000000,1904.84000000,5357.46130000,1784581199999,10193443.26416800,57787,2873.56190000,5467068.17208000
1784581200000,2026-07-20 21:00:00,1904.83000000,1907.58000000,1902.00000000,1902.45000000,4827.64370000,1784584799999,9197782.20109200,51232,2160.33650000,4115713.04136000
1784584800000,2026-07-20 22:00:00,1902.46000000,1902.58000000,1894.40000000,1895.72000000,5412.84330000,1784588399999,10271030.35807100,48367,2104.79170000,3993976.66833400
1784588400000,2026-07-20 23:00:00,1895.72000000,1905.26000000,1895.33000000,1904.77000000,6362.55850000,1784591999999,12098478.27988000,45238,3497.40710000,6649964.04453700
1784592000000,2026-07-21 00:00:00,1904.77000000,1917.79000000,1900.74000000,1914.80000000,10211.22620000,1784595599999,19498148.79084600,103436,6446.21420000,12305831.57661200
1784595600000,2026-07-21 01:00:00,1914.80000000,1918.18000000,1907.00000000,1907.49000000,6792.78730000,1784599199999,12990440.71054000,70786,2951.93900000,5645261.70889500
1784599200000,2026-07-21 02:00:00,1907.49000000,1924.00000000,1904.60000000,1917.30000000,8843.77310000,1784602799999,16939597.13933300,75013,4914.64500000,9414640.05646300
1784602800000,2026-07-21 03:00:00,1917.30000000,1928.57000000,1916.94000000,1926.75000000,13542.54250000,1784606399999,26069158.68996100,101547,7200.97470000,13860803.64827200
1784606400000,2026-07-21 04:00:00,1926.74000000,1931.20000000,1922.59000000,1924.59000000,8633.19400000,1784609999999,16628838.33757400,61436,3825.38820000,7369011.58303700
1784610000000,2026-07-21 05:00:00,1924.59000000,1936.00000000,1921.81000000,1930.56000000,9084.24520000,1784613599999,17508741.12475200,65761,4510.94240000,8697792.52418600
1784613600000,2026-07-21 06:00:00,1930.56000000,1939.99000000,1927.80000000,1935.03000000,10889.22130000,1784617199999,21068913.64199500,91785,6241.32710000,12077470.86963300
1784617200000,2026-07-21 07:00:00,1935.03000000,1940.25000000,1933.42000000,1934.08000000,11949.48090000,1784620799999,23133705.72469900,92331,5974.56190000,11567550.23561500
1784620800000,2026-07-21 08:00:00,1934.07000000,1953.00000000,1931.63000000,1939.80000000,29993.04760000,1784624399999,58294139.98849200,158475,16934.87490000,32925073.49814100
1784624400000,2026-07-21 09:00:00,1939.79000000,1944.17000000,1936.75000000,1942.22000000,34313.14190000,1784627999999,66563625.82425600,90230,21187.97440000,41104430.59557100
1784628000000,2026-07-21 10:00:00,1942.22000000,1947.09000000,1932.10000000,1934.18000000,16251.70690000,1784631599999,31550041.03522000,103838,9812.92930000,19057370.46283800
1784631600000,2026-07-21 11:00:00,1934.19000000,1937.34000000,1925.98000000,1935.69000000,33407.84330000,1784635199999,64498682.89472700,108639,18899.56460000,36481430.45080000
1784635200000,2026-07-21 12:00:00,1935.69000000,1945.23000000,1932.38000000,1942.79000000,15279.90730000,1784638799999,29649032.56123300,146292,7634.19410000,14814673.30576600
1784638800000,2026-07-21 13:00:00,1942.80000000,1943.77000000,1927.53000000,1940.30000000,19914.60220000,1784642399999,38559373.43747600,170585,8379.26910000,16224351.10148300
1784642400000,2026-07-21 14:00:00,1940.31000000,1944.00000000,1928.00000000,1931.87000000,14705.61800000,1784645999999,28474682.77564800,162854,7028.06910000,13607980.36067400
1784646000000,2026-07-21 15:00:00,1931.88000000,1932.51000000,1923.36000000,1931.81000000,12511.00610000,1784649599999,24120011.83928800,155853,5811.50330000,11204446.04894800
1784649600000,2026-07-21 16:00:00,1931.81000000,1935.36000000,1921.63000000,1926.37000000,7887.81200000,1784653199999,15202799.56123500,94976,3895.05650000,7507144.55075700
1784653200000,2026-07-21 17:00:00,1926.37000000,1928.38000000,1915.00000000,1918.71000000,14508.54460000,1784656799999,27900956.64863600,147938,7711.93980000,14834410.09390700
1784656800000,2026-07-21 18:00:00,1918.70000000,1923.00000000,1915.11000000,1919.93000000,12665.65150000,1784660399999,24318376.59038200,128767,7635.41610000,14661043.51012800
1784660400000,2026-07-21 19:00:00,1919.93000000,1926.16000000,1918.20000000,1923.39000000,14885.77750000,1784663999999,28615863.96894500,79263,10166.34400000,19539835.67395200
1784664000000,2026-07-21 20:00:00,1923.38000000,1926.44000000,1921.68000000,1923.24000000,6018.24940000,1784667599999,11576346.47318400,51772,4021.90140000,7736430.35530200
1784667600000,2026-07-21 21:00:00,1923.25000000,1926.54000000,1919.85000000,1924.32000000,5012.58570000,1784671199999,9643152.00110800,49678,2754.05660000,5297855.68453200
1784671200000,2026-07-21 22:00:00,1924.31000000,1924.31000000,1918.10000000,1920.86000000,3606.77450000,1784674799999,6930578.97323800,57683,1547.35140000,2972908.19807500
1784674800000,2026-07-21 23:00:00,1920.86000000,1932.00000000,1916.67000000,1930.09000000,6056.93890000,1784678399999,11652956.37387400,61404,3363.73170000,6474631.19551900
1784678400000,2026-07-22 00:00:00,1930.09000000,1944.68000000,1929.02000000,1939.46000000,12280.21520000,1784681999999,23797470.01472100,130158,7188.87690000,13929156.46083900
1784682000000,2026-07-22 01:00:00,1939.45000000,1940.56000000,1928.00000000,1933.61000000,7700.39160000,1784685599999,14895871.95174900,102953,3555.23210000,6877297.52854100
1784685600000,2026-07-22 02:00:00,1933.62000000,1936.39000000,1926.91000000,1930.43000000,9004.79480000,1784689199999,17390299.53987800,101377,4927.43460000,9515641.58109000
1784689200000,2026-07-22 03:00:00,1930.42000000,1936.05000000,1926.76000000,1928.77000000,9211.16310000,1784692799999,17788771.53885000,86346,5399.57860000,10427997.48926800
1784692800000,2026-07-22 04:00:00,1928.76000000,1939.40000000,1928.11000000,1936.82000000,12044.21950000,1784696399999,23310520.39280900,83413,6836.53800000,13229685.74830100
1784696400000,2026-07-22 05:00:00,1936.83000000,1936.98000000,1918.27000000,1919.35000000,14081.00970000,1784699999999,27107711.32379200,125998,6609.66160000,12724378.30636900
1784700000000,2026-07-22 06:00:00,1919.36000000,1921.10000000,1913.34000000,1917.40000000,7850.85640000,1784703599999,15052400.38342900,98223,3249.85800000,6231163.35528800
1784703600000,2026-07-22 07:00:00,1917.41000000,1919.00000000,1910.68000000,1914.44000000,13989.05180000,1784707199999,26779893.67916000,103690,6232.95360000,11930400.56573200
1784707200000,2026-07-22 08:00:00,1914.43000000,1925.15000000,1914.08000000,1921.32000000,12358.13180000,1784710799999,23745047.13209200,99096,6113.00870000,11741508.20724000
1784710800000,2026-07-22 09:00:00,1921.33000000,1926.50000000,1919.41000000,1924.49000000,9209.98050000,1784714399999,17711371.95688700,85447,4021.62370000,7733561.86262800
1784714400000,2026-07-22 10:00:00,1924.49000000,1933.62000000,1923.25000000,1930.82000000,10304.89330000,1784717999999,19865487.43459800,77402,5395.47750000,10400463.45404500
1784718000000,2026-07-22 11:00:00,1930.82000000,1931.50000000,1922.36000000,1927.27000000,4571.43060000,1784721599999,8812329.03894400,68962,2027.79130000,3908800.97134000
1784721600000,2026-07-22 12:00:00,1927.26000000,1927.45000000,1913.26000000,1917.17000000,6931.33580000,1784725199999,13310664.46946700,75846,2385.55110000,4581279.20875000
1784725200000,2026-07-22 13:00:00,1917.17000000,1942.43000000,1917.00000000,1939.93000000,15766.46470000,1784728799999,30471872.19042400,180484,9497.85890000,18358257.74621300
1784728800000,2026-07-22 14:00:00,1939.92000000,1955.92000000,1923.01000000,1933.20000000,23895.43020000,1784732399999,46372514.97577500,208859,12075.86950000,23453609.46829600
1784732400000,2026-07-22 15:00:00,1933.20000000,1952.36000000,1933.00000000,1943.03000000,15259.80360000,1784735999999,29680225.98087700,175487,8570.83300000,16669734.24083400
1784736000000,2026-07-22 16:00:00,1943.04000000,1956.45000000,1935.42000000,1949.84000000,14899.46780000,1784739599999,29024262.83488500,167251,7921.68110000,15437266.38696500
1784739600000,2026-07-22 17:00:00,1949.84000000,1950.30000000,1934.97000000,1938.53000000,9814.78570000,1784743199999,19058964.62551300,124310,4219.67770000,8193651.15596700
1784743200000,2026-07-22 18:00:00,1938.53000000,1940.00000000,1923.20000000,1930.69000000,11320.40390000,1784746799999,21856954.28741800,104416,4367.09500000,8432831.11143100
1784746800000,2026-07-22 19:00:00,1930.69000000,1931.88000000,1921.00000000,1925.13000000,5286.79540000,1784750399999,10183149.03388600,78831,2511.05240000,4836992.96926800
1784750400000,2026-07-22 20:00:00,1925.14000000,1930.40000000,1922.95000000,1926.76000000,5448.10970000,1784753999999,10498562.70153700,61724,2646.20650000,5099407.32837900
1784754000000,2026-07-22 21:00:00,1926.76000000,1939.70000000,1926.76000000,1938.76000000,4862.42590000,1784757599999,9398244.27654900,66419,2267.61050000,4382331.00205000
1784757600000,2026-07-22 22:00:00,1938.76000000,1939.23000000,1930.91000000,1938.42000000,7430.74710000,1784761199999,14377771.37831200,79391,2941.05640000,5691420.89394500
1784761200000,2026-07-22 23:00:00,1938.43000000,1938.43000000,1923.60000000,1934.25000000,7618.91720000,1784764799999,14705726.10186300,49385,2995.93750000,5780591.59711300
1784764800000,2026-07-23 00:00:00,1934.26000000,1941.50000000,1932.37000000,1932.37000000,7806.19310000,1784768399999,15115644.92491400,58893,2719.36030000,5266608.37813900
1784768400000,2026-07-23 01:00:00,1932.36000000,1936.70000000,1926.61000000,1928.39000000,5600.25850000,1784771999999,10811934.68385100,66946,2307.13990000,4454003.03466300
1784772000000,2026-07-23 02:00:00,1928.38000000,1929.70000000,1921.81000000,1927.60000000,4520.13020000,1784775599999,8705896.04023900,59384,1703.63290000,3281091.23338600
1784775600000,2026-07-23 03:00:00,1927.60000000,1928.03000000,1917.57000000,1920.55000000,7067.15350000,1784779199999,13580904.15952500,52947,2265.93890000,4354225.19121800
1784779200000,2026-07-23 04:00:00,1920.56000000,1926.02000000,1918.63000000,1919.74000000,5718.73070000,1784782799999,10988937.21065100,47068,2271.60370000,4365203.27302000
1784782800000,2026-07-23 05:00:00,1919.74000000,1928.69000000,1918.31000000,1922.77000000,3797.01270000,1784786399999,7300135.36971700,57369,1610.53370000,3096454.90748300
1784786400000,2026-07-23 06:00:00,1922.78000000,1926.83000000,1921.07000000,1925.39000000,3761.18150000,1784789999999,7237453.21441100,50002,2005.97110000,3860226.06863200
1784790000000,2026-07-23 07:00:00,1925.39000000,1925.39000000,1912.60000000,1915.65000000,15074.18080000,1784793599999,28881313.23832800,98604,8495.27580000,16273204.23329400
1784793600000,2026-07-23 08:00:00,1915.65000000,1927.41000000,1914.44000000,1926.54000000,6170.38010000,1784797199999,11852500.05868600,65147,3138.66700000,6028657.45648300
1784797200000,2026-07-23 09:00:00,1926.54000000,1931.66000000,1923.40000000,1924.36000000,9981.40870000,1784800799999,19250924.73845900,73458,4737.35500000,9136434.84232200
1784800800000,2026-07-23 10:00:00,1924.36000000,1930.43000000,1922.13000000,1928.14000000,4239.39390000,1784804399999,8171201.34251000,58058,1778.36000000,3427190.50934200
1784804400000,2026-07-23 11:00:00,1928.15000000,1929.08000000,1924.63000000,1926.04000000,5003.25420000,1784807999999,9638445.12246400,58720,2340.77680000,4509169.30734400
1784808000000,2026-07-23 12:00:00,1926.03000000,1927.99000000,1894.00000000,1904.64000000,26669.45850000,1784811599999,50893031.37342400,175576,9886.99080000,18878068.29210500
1784811600000,2026-07-23 13:00:00,1904.67000000,1909.19000000,1895.47000000,1898.72000000,16334.96990000,1784815199999,31073711.92475600,171916,7122.97640000,13552714.46906600
1784815200000,2026-07-23 14:00:00,1898.73000000,1907.26000000,1892.50000000,1896.43000000,15426.30770000,1784818799999,29319627.88248000,153156,7110.50730000,13519039.84530500
1784818800000,2026-07-23 15:00:00,1896.44000000,1897.88000000,1882.98000000,1895.23000000,21413.48600000,1784822399999,40487167.27422100,180709,10497.61490000,19850470.45011000
1784822400000,2026-07-23 16:00:00,1895.23000000,1895.41000000,1884.69000000,1887.95000000,11755.59360000,1784825999999,22204206.39826400,99890,4602.72110000,8693591.70235900
1784826000000,2026-07-23 17:00:00,1887.94000000,1892.18000000,1875.01000000,1878.31000000,10958.92200000,1784829599999,20659672.22364500,88978,4677.17160000,8816317.42274200
1784829600000,2026-07-23 18:00:00,1878.31000000,1884.52000000,1876.05000000,1881.19000000,8210.38380000,1784833199999,15435649.71067500,108837,4413.66600000,8298068.36360900
1784833200000,2026-07-23 19:00:00,1881.19000000,1883.63000000,1869.44000000,1875.65000000,9424.59180000,1784836799999,17678283.59638300,103324,5108.47880000,9582739.74644700
1784836800000,2026-07-23 20:00:00,1875.64000000,1889.09000000,1874.81000000,1885.98000000,7351.54410000,1784840399999,13853710.48626300,63186,5186.13510000,9772909.01569100
1784840400000,2026-07-23 21:00:00,1885.97000000,1888.93000000,1880.86000000,1882.72000000,4782.83370000,1784843999999,9010572.07222900,57932,2163.37680000,4077059.59376000
1784844000000,2026-07-23 22:00:00,1882.73000000,1884.13000000,1874.23000000,1883.42000000,5133.82490000,1784847599999,9651897.75395500,57328,1979.15680000,3721878.49061200
1784847600000,2026-07-23 23:00:00,1883.41000000,1884.80000000,1875.56000000,1878.38000000,3587.87940000,1784851199999,6748005.61645200,33381,1675.68600000,3151831.70954800
1784851200000,2026-07-24 00:00:00,1878.38000000,1879.18000000,1859.67000000,1871.47000000,13406.76090000,1784854799999,25058205.13121300,106904,4822.63730000,9013680.74275500
1784854800000,2026-07-24 01:00:00,1871.47000000,1877.60000000,1870.32000000,1872.76000000,6649.67450000,1784858399999,12462569.60223900,71666,3071.18600000,5757179.92380200
1784858400000,2026-07-24 02:00:00,1872.76000000,1878.50000000,1864.82000000,1869.58000000,6328.90810000,1784861999999,11840113.90481700,67217,2885.47070000,5399387.34940700
1784862000000,2026-07-24 03:00:00,1869.57000000,1881.20000000,1868.31000000,1880.67000000,7169.02200000,1784865599999,13462708.45194800,77682,3923.67050000,7367252.96054600
1784865600000,2026-07-24 04:00:00,1880.67000000,1882.00000000,1875.00000000,1876.12000000,3649.70640000,1784869199999,6856670.37919800,43466,1664.36170000,3127390.31904200
1784869200000,2026-07-24 05:00:00,1876.13000000,1882.14000000,1873.48000000,1880.97000000,5641.14850000,1784872799999,10599930.46740400,45685,3455.35240000,6491969.96922900
1784872800000,2026-07-24 06:00:00,1880.97000000,1888.49000000,1878.90000000,1888.13000000,6802.72110000,1784876399999,12817683.07220200,48208,3742.09710000,7052692.30240600
1784876400000,2026-07-24 07:00:00,1888.14000000,1909.80000000,1888.14000000,1895.98000000,18399.90610000,1784879999999,34922909.54988700,168845,10689.11430000,20284507.82921500
1784880000000,2026-07-24 08:00:00,1895.98000000,1896.04000000,1886.35000000,1888.07000000,5209.37820000,1784883599999,9854993.31913600,57363,1904.31330000,3602677.54848400
1784883600000,2026-07-24 09:00:00,1888.07000000,1889.11000000,1878.39000000,1888.07000000,7006.52540000,1784887199999,13200212.66565400,78651,3414.89000000,6434047.48319900
1784887200000,2026-07-24 10:00:00,1888.08000000,1888.64000000,1880.39000000,1883.82000000,4084.03490000,1784890799999,7696426.76272200,51484,1825.15190000,3439403.13842300
1784890800000,2026-07-24 11:00:00,1883.81000000,1884.71000000,1876.71000000,1883.93000000,6799.13800000,1784894399999,12791896.82686200,86273,3798.43890000,7147511.77857400
1784894400000,2026-07-24 12:00:00,1883.93000000,1886.09000000,1872.00000000,1872.65000000,7785.13080000,1784897999999,14633093.73232500,72588,4185.93250000,7872428.30329200
1784898000000,2026-07-24 13:00:00,1872.65000000,1875.40000000,1848.11000000,1857.60000000,25437.07650000,1784901599999,47343150.69173600,257702,11736.97030000,21849092.97095500
1784901600000,2026-07-24 14:00:00,1857.61000000,1863.18000000,1848.09000000,1862.90000000,16154.16220000,1784905199999,29976651.96826400,236034,8087.79860000,15012166.55103600
1784905200000,2026-07-24 15:00:00,1862.90000000,1869.43000000,1854.15000000,1861.81000000,18647.63110000,1784908799999,34732843.24692600,204569,10771.99740000,20061439.72845400
1784908800000,2026-07-24 16:00:00,1861.82000000,1866.07000000,1853.50000000,1857.47000000,12748.02110000,1784912399999,23706481.81167600,113675,5873.72630000,10923264.45777300
1784912400000,2026-07-24 17:00:00,1857.47000000,1866.61000000,1855.03000000,1866.53000000,8564.30410000,1784915999999,15941789.27396800,90161,4812.60290000,8958734.65241200
1784916000000,2026-07-24 18:00:00,1866.53000000,1866.76000000,1858.48000000,1862.72000000,3900.72670000,1784919599999,7265085.69552100,71521,1885.28120000,3510878.44431900
1784919600000,2026-07-24 19:00:00,1862.73000000,1864.58000000,1858.00000000,1863.83000000,4600.11320000,1784923199999,8564027.50631900,63680,3084.60290000,5742908.86203700
1784923200000,2026-07-24 20:00:00,1863.84000000,1865.82000000,1858.42000000,1860.90000000,3703.60870000,1784926799999,6897243.28651000,33968,2108.27210000,3926753.23626500
1784926800000,2026-07-24 21:00:00,1860.91000000,1862.01000000,1857.05000000,1857.51000000,3582.53640000,1784930399999,6662441.81711400,42987,1856.18480000,3451981.93988900
1784930400000,2026-07-24 22:00:00,1857.51000000,1861.91000000,1856.97000000,1859.49000000,2393.02360000,1784933999999,4449699.52080800,24753,1362.91570000,2534264.27643400
1784934000000,2026-07-24 23:00:00,1859.49000000,1861.85000000,1858.98000000,1861.44000000,2132.17760000,1784937599999,3967227.79667300,19452,1124.93090000,2092930.10660200
1784937600000,2026-07-25 00:00:00,1861.44000000,1864.69000000,1856.85000000,1860.34000000,3991.99950000,1784941199999,7429977.66397300,34305,2107.24100000,3922425.74254800
1784941200000,2026-07-25 01:00:00,1860.34000000,1863.63000000,1857.77000000,1860.00000000,3107.07390000,1784944799999,5781170.02538200,26410,1598.53670000,2974267.22731400
1784944800000,2026-07-25 02:00:00,1859.99000000,1861.71000000,1858.35000000,1859.45000000,2141.20870000,1784948399999,3982074.03620900,21272,1024.03820000,1904438.31703400
1784948400000,2026-07-25 03:00:00,1859.45000000,1860.52000000,1855.93000000,1858.74000000,4758.86680000,1784951999999,8846241.71475000,30874,2475.80030000,4601988.90893600
1784952000000,2026-07-25 04:00:00,1858.74000000,1862.65000000,1858.57000000,1861.28000000,1922.53290000,1784955599999,3577359.12199200,24259,1115.28030000,2075296.76897900
1784955600000,2026-07-25 05:00:00,1861.28000000,1862.96000000,1856.90000000,1858.42000000,6900.00560000,1784959199999,12833376.91756100,36680,2604.85380000,4846161.88913900
1784959200000,2026-07-25 06:00:00,1858.42000000,1860.00000000,1854.61000000,1858.55000000,2183.20250000,1784962799999,4054386.26018900,29716,970.48540000,1802147.53895000
1784962800000,2026-07-25 07:00:00,1858.55000000,1858.79000000,1856.02000000,1856.02000000,1974.45480000,1784966399999,3667234.26070900,16957,1060.07000000,1968966.62983800
1784966400000,2026-07-25 08:00:00,1856.03000000,1856.10000000,1851.22000000,1853.80000000,4826.20110000,1784969999999,8949982.21588900,37133,1869.75790000,3467630.90913400
1784970000000,2026-07-25 09:00:00,1853.80000000,1859.06000000,1851.75000000,1858.34000000,3706.83510000,1784973599999,6879146.25193900,25750,2250.95060000,4177868.08134700
1784973600000,2026-07-25 10:00:00,1858.35000000,1859.29000000,1856.75000000,1858.62000000,4770.01310000,1784977199999,8862046.52973100,24482,2284.30830000,4243844.21370300
1784977200000,2026-07-25 11:00:00,1858.63000000,1860.09000000,1857.50000000,1857.75000000,2724.40890000,1784980799999,5064439.85308000,31238,1518.56690000,2822958.90534800
1784980800000,2026-07-25 12:00:00,1857.75000000,1860.48000000,1856.96000000,1860.32000000,4110.58270000,1784984399999,7637844.84597700,23638,2099.75290000,3901528.68051300
1784984400000,2026-07-25 13:00:00,1860.32000000,1872.35000000,1859.78000000,1867.24000000,8300.02850000,1784987999999,15489080.85861500,62436,4836.09950000,9025034.79772700
1784988000000,2026-07-25 14:00:00,1867.25000000,1869.32000000,1865.06000000,1868.68000000,4810.25340000,1784991599999,8982805.50486500,30425,2415.05350000,4510042.29427500
1784991600000,2026-07-25 15:00:00,1868.67000000,1871.43000000,1867.03000000,1867.88000000,3624.48780000,1784995199999,6773933.88844600,32735,1678.26620000,3136877.32424500
1784995200000,2026-07-25 16:00:00,1867.88000000,1870.91000000,1864.65000000,1867.99000000,3186.02600000,1784998799999,5950743.71638100,31777,1409.51300000,2632561.47967200
1784998800000,2026-07-25 17:00:00,1867.99000000,1875.15000000,1867.99000000,1873.06000000,6529.89480000,1785002399999,12225699.53861400,59881,4070.12430000,7619257.36088200
1785002400000,2026-07-25 18:00:00,1873.07000000,1877.07000000,1872.45000000,1875.48000000,4493.72460000,1785005999999,8423875.58534200,49922,2956.77200000,5542720.10440800
1785006000000,2026-07-25 19:00:00,1875.48000000,1876.64000000,1874.40000000,1874.76000000,2018.10880000,1785009599999,3784809.86642000,29143,1187.06870000,2226222.22304700
1785009600000,2026-07-25 20:00:00,1874.77000000,1875.03000000,1870.43000000,1872.23000000,1908.19470000,1785013199999,3572260.25080400,22647,639.66020000,1197507.31182300
1785013200000,2026-07-25 21:00:00,1872.23000000,1875.60000000,1867.92000000,1872.65000000,2784.16730000,1785016799999,5210854.52455100,34560,1376.73650000,2576835.74178000
1785016800000,2026-07-25 22:00:00,1872.66000000,1876.92000000,1872.38000000,1875.82000000,2003.88340000,1785020399999,3756619.85625300,29751,1121.54150000,2102519.62190800
1785020400000,2026-07-25 23:00:00,1875.83000000,1876.20000000,1873.20000000,1874.89000000,1658.33310000,1785023999999,3108962.37860300,17122,642.22980000,1204032.38030400
1785024000000,2026-07-26 00:00:00,1874.88000000,1881.80000000,1873.85000000,1881.05000000,3898.26730000,1785027599999,7322180.10934000,36215,2669.21490000,5013628.10423700
1785027600000,2026-07-26 01:00:00,1881.05000000,1881.90000000,1877.81000000,1878.68000000,2034.94520000,1785031199999,3825060.61682900,21812,1007.86300000,1894372.11906100
1785031200000,2026-07-26 02:00:00,1878.67000000,1881.65000000,1877.06000000,1880.97000000,1535.08720000,1785034799999,2884547.69836100,19024,907.20500000,1704852.61160700
1785034800000,2026-07-26 03:00:00,1880.98000000,1883.98000000,1878.98000000,1882.21000000,2891.71730000,1785038399999,5441981.56066900,36236,1634.03410000,3074767.12942700
1785038400000,2026-07-26 04:00:00,1882.21000000,1889.36000000,1880.26000000,1886.26000000,3540.77480000,1785041999999,6673811.36543000,33542,2002.11410000,3774384.80337500
1785042000000,2026-07-26 05:00:00,1886.25000000,1887.43000000,1882.72000000,1883.40000000,2383.33540000,1785045599999,4492429.82811900,18922,1043.51360000,1967055.12916700
1785045600000,2026-07-26 06:00:00,1883.40000000,1885.39000000,1878.46000000,1884.95000000,3176.67400000,1785049199999,5978817.71454000,24355,1497.47490000,2818738.25838100
1785049200000,2026-07-26 07:00:00,1884.95000000,1886.29000000,1880.51000000,1881.56000000,2139.95110000,1785052799999,4028763.75169900,19729,873.63000000,1644711.16587800
1785052800000,2026-07-26 08:00:00,1881.57000000,1882.49000000,1878.74000000,1881.42000000,2218.89240000,1785056399999,4172635.10633900,20790,740.33430000,1392448.71690600
1785056400000,2026-07-26 09:00:00,1881.42000000,1885.76000000,1881.22000000,1883.80000000,2491.53470000,1785059999999,4694015.54572400,27568,1384.46060000,2608313.38343600
1785060000000,2026-07-26 10:00:00,1883.80000000,1887.70000000,1882.01000000,1886.22000000,2816.09260000,1785063599999,5309722.40128100,29001,1523.34940000,2872213.79201900
1785063600000,2026-07-26 11:00:00,1886.21000000,1887.89000000,1884.78000000,1885.87000000,2075.41220000,1785067199999,3915607.42399100,27694,1049.75530000,1980487.94630800
1785067200000,2026-07-26 12:00:00,1885.87000000,1893.89000000,1885.68000000,1886.57000000,5314.20720000,1785070799999,10039952.95259300,57480,2781.91580000,5255918.55909300
1785070800000,2026-07-26 13:00:00,1886.57000000,1888.86000000,1881.61000000,1886.62000000,5619.07930000,1785074399999,10596465.86693400,47445,2365.77510000,4461345.90790500
1785074400000,2026-07-26 14:00:00,1886.62000000,1900.31000000,1886.61000000,1898.59000000,8707.35300000,1785077999999,16504968.89619900,109570,4920.90880000,9327204.03184800
1785078000000,2026-07-26 15:00:00,1898.58000000,1917.82000000,1898.06000000,1914.63000000,14677.35780000,1785081599999,28023922.00625300,159880,8005.97690000,15287102.02552000
1785081600000,2026-07-26 16:00:00,1914.63000000,1928.08000000,1908.75000000,1916.20000000,15888.94400000,1785085199999,30495035.32742200,151783,7771.24870000,14919420.68845600
1785085200000,2026-07-26 17:00:00,1916.19000000,1917.77000000,1911.28000000,1912.26000000,3680.01250000,1785088799999,7045165.86879700,57245,1536.56680000,2941902.33604300
